
Cell sky130_fd_sc_hd__fill_1 (0) disconnected node: VGND
Cell sky130_fd_sc_hd__fill_1 (0) disconnected node: VNB
Cell sky130_fd_sc_hd__fill_1 (0) disconnected node: VPB
Cell sky130_fd_sc_hd__fill_1 (0) disconnected node: VPWR
Cell sky130_fd_sc_hd__fill_1 (1) disconnected node: VGND
Cell sky130_fd_sc_hd__fill_1 (1) disconnected node: VNB
Cell sky130_fd_sc_hd__fill_1 (1) disconnected node: VPB
Cell sky130_fd_sc_hd__fill_1 (1) disconnected node: VPWR

Subcircuit pins:
Circuit 1: sky130_fd_sc_hd__fill_1         |Circuit 2: sky130_fd_sc_hd__fill_1         
-------------------------------------------|-------------------------------------------
VGND                                       |VGND                                       
VNB                                        |VNB                                        
VPB                                        |VPB                                        
VPWR                                       |VPWR                                       
---------------------------------------------------------------------------------------
Cell pin lists are equivalent.
Device classes sky130_fd_sc_hd__fill_1 and sky130_fd_sc_hd__fill_1 are equivalent.

Cell sky130_fd_sc_hd__decap_3 (0) disconnected node: VGND
Cell sky130_fd_sc_hd__decap_3 (0) disconnected node: VNB
Cell sky130_fd_sc_hd__decap_3 (0) disconnected node: VPB
Cell sky130_fd_sc_hd__decap_3 (0) disconnected node: VPWR

Subcircuit pins:
Circuit 1: sky130_fd_sc_hd__decap_3        |Circuit 2: sky130_fd_sc_hd__decap_3        
-------------------------------------------|-------------------------------------------
VGND                                       |VGND                                       
VNB                                        |VNB                                        
VPB                                        |VPB                                        
VPWR                                       |VPWR                                       
---------------------------------------------------------------------------------------
Cell pin lists are equivalent.
Device classes sky130_fd_sc_hd__decap_3 and sky130_fd_sc_hd__decap_3 are equivalent.

Cell sky130_fd_sc_hd__fill_2 (0) disconnected node: VGND
Cell sky130_fd_sc_hd__fill_2 (0) disconnected node: VNB
Cell sky130_fd_sc_hd__fill_2 (0) disconnected node: VPB
Cell sky130_fd_sc_hd__fill_2 (0) disconnected node: VPWR
Cell sky130_fd_sc_hd__fill_2 (1) disconnected node: VGND
Cell sky130_fd_sc_hd__fill_2 (1) disconnected node: VNB
Cell sky130_fd_sc_hd__fill_2 (1) disconnected node: VPB
Cell sky130_fd_sc_hd__fill_2 (1) disconnected node: VPWR

Subcircuit pins:
Circuit 1: sky130_fd_sc_hd__fill_2         |Circuit 2: sky130_fd_sc_hd__fill_2         
-------------------------------------------|-------------------------------------------
VGND                                       |VGND                                       
VNB                                        |VNB                                        
VPB                                        |VPB                                        
VPWR                                       |VPWR                                       
---------------------------------------------------------------------------------------
Cell pin lists are equivalent.
Device classes sky130_fd_sc_hd__fill_2 and sky130_fd_sc_hd__fill_2 are equivalent.

Cell sky130_fd_sc_hd__dfxtp_2 (0) disconnected node: CLK
Cell sky130_fd_sc_hd__dfxtp_2 (0) disconnected node: D
Cell sky130_fd_sc_hd__dfxtp_2 (0) disconnected node: VGND
Cell sky130_fd_sc_hd__dfxtp_2 (0) disconnected node: VNB
Cell sky130_fd_sc_hd__dfxtp_2 (0) disconnected node: VPB
Cell sky130_fd_sc_hd__dfxtp_2 (0) disconnected node: VPWR
Cell sky130_fd_sc_hd__dfxtp_2 (0) disconnected node: Q

Subcircuit pins:
Circuit 1: sky130_fd_sc_hd__dfxtp_2        |Circuit 2: sky130_fd_sc_hd__dfxtp_2        
-------------------------------------------|-------------------------------------------
CLK                                        |CLK                                        
D                                          |D                                          
VGND                                       |VGND                                       
VNB                                        |VNB                                        
VPB                                        |VPB                                        
VPWR                                       |VPWR                                       
Q                                          |Q                                          
---------------------------------------------------------------------------------------
Cell pin lists are equivalent.
Device classes sky130_fd_sc_hd__dfxtp_2 and sky130_fd_sc_hd__dfxtp_2 are equivalent.

Cell sky130_fd_sc_hd__tapvpwrvgnd_1 (0) disconnected node: VGND
Cell sky130_fd_sc_hd__tapvpwrvgnd_1 (0) disconnected node: VPWR
Cell sky130_fd_sc_hd__tapvpwrvgnd_1 (1) disconnected node: VGND
Cell sky130_fd_sc_hd__tapvpwrvgnd_1 (1) disconnected node: VPWR

Subcircuit pins:
Circuit 1: sky130_fd_sc_hd__tapvpwrvgnd_1  |Circuit 2: sky130_fd_sc_hd__tapvpwrvgnd_1  
-------------------------------------------|-------------------------------------------
VGND                                       |VGND                                       
VPWR                                       |VPWR                                       
---------------------------------------------------------------------------------------
Cell pin lists are equivalent.
Device classes sky130_fd_sc_hd__tapvpwrvgnd_1 and sky130_fd_sc_hd__tapvpwrvgnd_1 are equivalent.

Cell sky130_fd_sc_hd__mux2_2 (0) disconnected node: A0
Cell sky130_fd_sc_hd__mux2_2 (0) disconnected node: A1
Cell sky130_fd_sc_hd__mux2_2 (0) disconnected node: S
Cell sky130_fd_sc_hd__mux2_2 (0) disconnected node: VGND
Cell sky130_fd_sc_hd__mux2_2 (0) disconnected node: VNB
Cell sky130_fd_sc_hd__mux2_2 (0) disconnected node: VPB
Cell sky130_fd_sc_hd__mux2_2 (0) disconnected node: VPWR
Cell sky130_fd_sc_hd__mux2_2 (0) disconnected node: X

Subcircuit pins:
Circuit 1: sky130_fd_sc_hd__mux2_2         |Circuit 2: sky130_fd_sc_hd__mux2_2         
-------------------------------------------|-------------------------------------------
A0                                         |A0                                         
A1                                         |A1                                         
S                                          |S                                          
VGND                                       |VGND                                       
VNB                                        |VNB                                        
VPB                                        |VPB                                        
VPWR                                       |VPWR                                       
X                                          |X                                          
---------------------------------------------------------------------------------------
Cell pin lists are equivalent.
Device classes sky130_fd_sc_hd__mux2_2 and sky130_fd_sc_hd__mux2_2 are equivalent.

Cell sky130_fd_sc_hd__nor4_2 (0) disconnected node: A
Cell sky130_fd_sc_hd__nor4_2 (0) disconnected node: B
Cell sky130_fd_sc_hd__nor4_2 (0) disconnected node: C
Cell sky130_fd_sc_hd__nor4_2 (0) disconnected node: D
Cell sky130_fd_sc_hd__nor4_2 (0) disconnected node: VGND
Cell sky130_fd_sc_hd__nor4_2 (0) disconnected node: VNB
Cell sky130_fd_sc_hd__nor4_2 (0) disconnected node: VPB
Cell sky130_fd_sc_hd__nor4_2 (0) disconnected node: VPWR
Cell sky130_fd_sc_hd__nor4_2 (0) disconnected node: Y

Subcircuit pins:
Circuit 1: sky130_fd_sc_hd__nor4_2         |Circuit 2: sky130_fd_sc_hd__nor4_2         
-------------------------------------------|-------------------------------------------
A                                          |A                                          
B                                          |B                                          
C                                          |C                                          
D                                          |D                                          
VGND                                       |VGND                                       
VNB                                        |VNB                                        
VPB                                        |VPB                                        
VPWR                                       |VPWR                                       
Y                                          |Y                                          
---------------------------------------------------------------------------------------
Cell pin lists are equivalent.
Device classes sky130_fd_sc_hd__nor4_2 and sky130_fd_sc_hd__nor4_2 are equivalent.

Cell sky130_fd_sc_hd__or2_2 (0) disconnected node: A
Cell sky130_fd_sc_hd__or2_2 (0) disconnected node: B
Cell sky130_fd_sc_hd__or2_2 (0) disconnected node: VGND
Cell sky130_fd_sc_hd__or2_2 (0) disconnected node: VNB
Cell sky130_fd_sc_hd__or2_2 (0) disconnected node: VPB
Cell sky130_fd_sc_hd__or2_2 (0) disconnected node: VPWR
Cell sky130_fd_sc_hd__or2_2 (0) disconnected node: X

Subcircuit pins:
Circuit 1: sky130_fd_sc_hd__or2_2          |Circuit 2: sky130_fd_sc_hd__or2_2          
-------------------------------------------|-------------------------------------------
A                                          |A                                          
B                                          |B                                          
VGND                                       |VGND                                       
VNB                                        |VNB                                        
VPB                                        |VPB                                        
VPWR                                       |VPWR                                       
X                                          |X                                          
---------------------------------------------------------------------------------------
Cell pin lists are equivalent.
Device classes sky130_fd_sc_hd__or2_2 and sky130_fd_sc_hd__or2_2 are equivalent.

Cell sky130_fd_sc_hd__dfrtp_2 (0) disconnected node: CLK
Cell sky130_fd_sc_hd__dfrtp_2 (0) disconnected node: D
Cell sky130_fd_sc_hd__dfrtp_2 (0) disconnected node: RESET_B
Cell sky130_fd_sc_hd__dfrtp_2 (0) disconnected node: VGND
Cell sky130_fd_sc_hd__dfrtp_2 (0) disconnected node: VNB
Cell sky130_fd_sc_hd__dfrtp_2 (0) disconnected node: VPB
Cell sky130_fd_sc_hd__dfrtp_2 (0) disconnected node: VPWR
Cell sky130_fd_sc_hd__dfrtp_2 (0) disconnected node: Q

Subcircuit pins:
Circuit 1: sky130_fd_sc_hd__dfrtp_2        |Circuit 2: sky130_fd_sc_hd__dfrtp_2        
-------------------------------------------|-------------------------------------------
CLK                                        |CLK                                        
D                                          |D                                          
RESET_B                                    |RESET_B                                    
VGND                                       |VGND                                       
VNB                                        |VNB                                        
VPB                                        |VPB                                        
VPWR                                       |VPWR                                       
Q                                          |Q                                          
---------------------------------------------------------------------------------------
Cell pin lists are equivalent.
Device classes sky130_fd_sc_hd__dfrtp_2 and sky130_fd_sc_hd__dfrtp_2 are equivalent.

Cell sky130_fd_sc_hd__dlygate4sd3_1 (0) disconnected node: A
Cell sky130_fd_sc_hd__dlygate4sd3_1 (0) disconnected node: VGND
Cell sky130_fd_sc_hd__dlygate4sd3_1 (0) disconnected node: VNB
Cell sky130_fd_sc_hd__dlygate4sd3_1 (0) disconnected node: VPB
Cell sky130_fd_sc_hd__dlygate4sd3_1 (0) disconnected node: VPWR
Cell sky130_fd_sc_hd__dlygate4sd3_1 (0) disconnected node: X

Subcircuit pins:
Circuit 1: sky130_fd_sc_hd__dlygate4sd3_1  |Circuit 2: sky130_fd_sc_hd__dlygate4sd3_1  
-------------------------------------------|-------------------------------------------
A                                          |A                                          
VGND                                       |VGND                                       
VNB                                        |VNB                                        
VPB                                        |VPB                                        
VPWR                                       |VPWR                                       
X                                          |X                                          
---------------------------------------------------------------------------------------
Cell pin lists are equivalent.
Device classes sky130_fd_sc_hd__dlygate4sd3_1 and sky130_fd_sc_hd__dlygate4sd3_1 are equivalent.

Cell sky130_fd_sc_hd__nor3_2 (0) disconnected node: A
Cell sky130_fd_sc_hd__nor3_2 (0) disconnected node: B
Cell sky130_fd_sc_hd__nor3_2 (0) disconnected node: C
Cell sky130_fd_sc_hd__nor3_2 (0) disconnected node: VGND
Cell sky130_fd_sc_hd__nor3_2 (0) disconnected node: VNB
Cell sky130_fd_sc_hd__nor3_2 (0) disconnected node: VPB
Cell sky130_fd_sc_hd__nor3_2 (0) disconnected node: VPWR
Cell sky130_fd_sc_hd__nor3_2 (0) disconnected node: Y

Subcircuit pins:
Circuit 1: sky130_fd_sc_hd__nor3_2         |Circuit 2: sky130_fd_sc_hd__nor3_2         
-------------------------------------------|-------------------------------------------
A                                          |A                                          
B                                          |B                                          
C                                          |C                                          
VGND                                       |VGND                                       
VNB                                        |VNB                                        
VPB                                        |VPB                                        
VPWR                                       |VPWR                                       
Y                                          |Y                                          
---------------------------------------------------------------------------------------
Cell pin lists are equivalent.
Device classes sky130_fd_sc_hd__nor3_2 and sky130_fd_sc_hd__nor3_2 are equivalent.

Cell sky130_fd_sc_hd__a221o_2 (0) disconnected node: A1
Cell sky130_fd_sc_hd__a221o_2 (0) disconnected node: A2
Cell sky130_fd_sc_hd__a221o_2 (0) disconnected node: B1
Cell sky130_fd_sc_hd__a221o_2 (0) disconnected node: B2
Cell sky130_fd_sc_hd__a221o_2 (0) disconnected node: C1
Cell sky130_fd_sc_hd__a221o_2 (0) disconnected node: VGND
Cell sky130_fd_sc_hd__a221o_2 (0) disconnected node: VNB
Cell sky130_fd_sc_hd__a221o_2 (0) disconnected node: VPB
Cell sky130_fd_sc_hd__a221o_2 (0) disconnected node: VPWR
Cell sky130_fd_sc_hd__a221o_2 (0) disconnected node: X

Subcircuit pins:
Circuit 1: sky130_fd_sc_hd__a221o_2        |Circuit 2: sky130_fd_sc_hd__a221o_2        
-------------------------------------------|-------------------------------------------
A1                                         |A1                                         
A2                                         |A2                                         
B1                                         |B1                                         
B2                                         |B2                                         
C1                                         |C1                                         
VGND                                       |VGND                                       
VNB                                        |VNB                                        
VPB                                        |VPB                                        
VPWR                                       |VPWR                                       
X                                          |X                                          
---------------------------------------------------------------------------------------
Cell pin lists are equivalent.
Device classes sky130_fd_sc_hd__a221o_2 and sky130_fd_sc_hd__a221o_2 are equivalent.

Cell sky130_fd_sc_hd__inv_2 (0) disconnected node: A
Cell sky130_fd_sc_hd__inv_2 (0) disconnected node: VGND
Cell sky130_fd_sc_hd__inv_2 (0) disconnected node: VNB
Cell sky130_fd_sc_hd__inv_2 (0) disconnected node: VPB
Cell sky130_fd_sc_hd__inv_2 (0) disconnected node: VPWR
Cell sky130_fd_sc_hd__inv_2 (0) disconnected node: Y

Subcircuit pins:
Circuit 1: sky130_fd_sc_hd__inv_2          |Circuit 2: sky130_fd_sc_hd__inv_2          
-------------------------------------------|-------------------------------------------
A                                          |A                                          
VGND                                       |VGND                                       
VNB                                        |VNB                                        
VPB                                        |VPB                                        
VPWR                                       |VPWR                                       
Y                                          |Y                                          
---------------------------------------------------------------------------------------
Cell pin lists are equivalent.
Device classes sky130_fd_sc_hd__inv_2 and sky130_fd_sc_hd__inv_2 are equivalent.

Cell sky130_fd_sc_hd__a22o_2 (0) disconnected node: A1
Cell sky130_fd_sc_hd__a22o_2 (0) disconnected node: A2
Cell sky130_fd_sc_hd__a22o_2 (0) disconnected node: B1
Cell sky130_fd_sc_hd__a22o_2 (0) disconnected node: B2
Cell sky130_fd_sc_hd__a22o_2 (0) disconnected node: VGND
Cell sky130_fd_sc_hd__a22o_2 (0) disconnected node: VNB
Cell sky130_fd_sc_hd__a22o_2 (0) disconnected node: VPB
Cell sky130_fd_sc_hd__a22o_2 (0) disconnected node: VPWR
Cell sky130_fd_sc_hd__a22o_2 (0) disconnected node: X

Subcircuit pins:
Circuit 1: sky130_fd_sc_hd__a22o_2         |Circuit 2: sky130_fd_sc_hd__a22o_2         
-------------------------------------------|-------------------------------------------
A1                                         |A1                                         
A2                                         |A2                                         
B1                                         |B1                                         
B2                                         |B2                                         
VGND                                       |VGND                                       
VNB                                        |VNB                                        
VPB                                        |VPB                                        
VPWR                                       |VPWR                                       
X                                          |X                                          
---------------------------------------------------------------------------------------
Cell pin lists are equivalent.
Device classes sky130_fd_sc_hd__a22o_2 and sky130_fd_sc_hd__a22o_2 are equivalent.

Cell sky130_fd_sc_hd__clkdlybuf4s25_1 (0) disconnected node: A
Cell sky130_fd_sc_hd__clkdlybuf4s25_1 (0) disconnected node: VGND
Cell sky130_fd_sc_hd__clkdlybuf4s25_1 (0) disconnected node: VNB
Cell sky130_fd_sc_hd__clkdlybuf4s25_1 (0) disconnected node: VPB
Cell sky130_fd_sc_hd__clkdlybuf4s25_1 (0) disconnected node: VPWR
Cell sky130_fd_sc_hd__clkdlybuf4s25_1 (0) disconnected node: X

Subcircuit pins:
Circuit 1: sky130_fd_sc_hd__clkdlybuf4s25_ |Circuit 2: sky130_fd_sc_hd__clkdlybuf4s25_ 
-------------------------------------------|-------------------------------------------
A                                          |A                                          
VGND                                       |VGND                                       
VNB                                        |VNB                                        
VPB                                        |VPB                                        
VPWR                                       |VPWR                                       
X                                          |X                                          
---------------------------------------------------------------------------------------
Cell pin lists are equivalent.
Device classes sky130_fd_sc_hd__clkdlybuf4s25_1 and sky130_fd_sc_hd__clkdlybuf4s25_1 are equivalent.

Cell sky130_fd_sc_hd__a211o_2 (0) disconnected node: A1
Cell sky130_fd_sc_hd__a211o_2 (0) disconnected node: A2
Cell sky130_fd_sc_hd__a211o_2 (0) disconnected node: B1
Cell sky130_fd_sc_hd__a211o_2 (0) disconnected node: C1
Cell sky130_fd_sc_hd__a211o_2 (0) disconnected node: VGND
Cell sky130_fd_sc_hd__a211o_2 (0) disconnected node: VNB
Cell sky130_fd_sc_hd__a211o_2 (0) disconnected node: VPB
Cell sky130_fd_sc_hd__a211o_2 (0) disconnected node: VPWR
Cell sky130_fd_sc_hd__a211o_2 (0) disconnected node: X

Subcircuit pins:
Circuit 1: sky130_fd_sc_hd__a211o_2        |Circuit 2: sky130_fd_sc_hd__a211o_2        
-------------------------------------------|-------------------------------------------
A1                                         |A1                                         
A2                                         |A2                                         
B1                                         |B1                                         
C1                                         |C1                                         
VGND                                       |VGND                                       
VNB                                        |VNB                                        
VPB                                        |VPB                                        
VPWR                                       |VPWR                                       
X                                          |X                                          
---------------------------------------------------------------------------------------
Cell pin lists are equivalent.
Device classes sky130_fd_sc_hd__a211o_2 and sky130_fd_sc_hd__a211o_2 are equivalent.

Cell sky130_fd_sc_hd__and3_4 (0) disconnected node: A
Cell sky130_fd_sc_hd__and3_4 (0) disconnected node: B
Cell sky130_fd_sc_hd__and3_4 (0) disconnected node: C
Cell sky130_fd_sc_hd__and3_4 (0) disconnected node: VGND
Cell sky130_fd_sc_hd__and3_4 (0) disconnected node: VNB
Cell sky130_fd_sc_hd__and3_4 (0) disconnected node: VPB
Cell sky130_fd_sc_hd__and3_4 (0) disconnected node: VPWR
Cell sky130_fd_sc_hd__and3_4 (0) disconnected node: X

Subcircuit pins:
Circuit 1: sky130_fd_sc_hd__and3_4         |Circuit 2: sky130_fd_sc_hd__and3_4         
-------------------------------------------|-------------------------------------------
A                                          |A                                          
B                                          |B                                          
C                                          |C                                          
VGND                                       |VGND                                       
VNB                                        |VNB                                        
VPB                                        |VPB                                        
VPWR                                       |VPWR                                       
X                                          |X                                          
---------------------------------------------------------------------------------------
Cell pin lists are equivalent.
Device classes sky130_fd_sc_hd__and3_4 and sky130_fd_sc_hd__and3_4 are equivalent.

Cell sky130_fd_sc_hd__a31o_2 (0) disconnected node: A1
Cell sky130_fd_sc_hd__a31o_2 (0) disconnected node: A2
Cell sky130_fd_sc_hd__a31o_2 (0) disconnected node: A3
Cell sky130_fd_sc_hd__a31o_2 (0) disconnected node: B1
Cell sky130_fd_sc_hd__a31o_2 (0) disconnected node: VGND
Cell sky130_fd_sc_hd__a31o_2 (0) disconnected node: VNB
Cell sky130_fd_sc_hd__a31o_2 (0) disconnected node: VPB
Cell sky130_fd_sc_hd__a31o_2 (0) disconnected node: VPWR
Cell sky130_fd_sc_hd__a31o_2 (0) disconnected node: X

Subcircuit pins:
Circuit 1: sky130_fd_sc_hd__a31o_2         |Circuit 2: sky130_fd_sc_hd__a31o_2         
-------------------------------------------|-------------------------------------------
A1                                         |A1                                         
A2                                         |A2                                         
A3                                         |A3                                         
B1                                         |B1                                         
VGND                                       |VGND                                       
VNB                                        |VNB                                        
VPB                                        |VPB                                        
VPWR                                       |VPWR                                       
X                                          |X                                          
---------------------------------------------------------------------------------------
Cell pin lists are equivalent.
Device classes sky130_fd_sc_hd__a31o_2 and sky130_fd_sc_hd__a31o_2 are equivalent.

Cell sky130_fd_sc_hd__or4_4 (0) disconnected node: A
Cell sky130_fd_sc_hd__or4_4 (0) disconnected node: B
Cell sky130_fd_sc_hd__or4_4 (0) disconnected node: C
Cell sky130_fd_sc_hd__or4_4 (0) disconnected node: D
Cell sky130_fd_sc_hd__or4_4 (0) disconnected node: VGND
Cell sky130_fd_sc_hd__or4_4 (0) disconnected node: VNB
Cell sky130_fd_sc_hd__or4_4 (0) disconnected node: VPB
Cell sky130_fd_sc_hd__or4_4 (0) disconnected node: VPWR
Cell sky130_fd_sc_hd__or4_4 (0) disconnected node: X

Subcircuit pins:
Circuit 1: sky130_fd_sc_hd__or4_4          |Circuit 2: sky130_fd_sc_hd__or4_4          
-------------------------------------------|-------------------------------------------
A                                          |A                                          
B                                          |B                                          
C                                          |C                                          
D                                          |D                                          
VGND                                       |VGND                                       
VNB                                        |VNB                                        
VPB                                        |VPB                                        
VPWR                                       |VPWR                                       
X                                          |X                                          
---------------------------------------------------------------------------------------
Cell pin lists are equivalent.
Device classes sky130_fd_sc_hd__or4_4 and sky130_fd_sc_hd__or4_4 are equivalent.

Cell sky130_fd_sc_hd__nor2_2 (0) disconnected node: A
Cell sky130_fd_sc_hd__nor2_2 (0) disconnected node: B
Cell sky130_fd_sc_hd__nor2_2 (0) disconnected node: VGND
Cell sky130_fd_sc_hd__nor2_2 (0) disconnected node: VNB
Cell sky130_fd_sc_hd__nor2_2 (0) disconnected node: VPB
Cell sky130_fd_sc_hd__nor2_2 (0) disconnected node: VPWR
Cell sky130_fd_sc_hd__nor2_2 (0) disconnected node: Y

Subcircuit pins:
Circuit 1: sky130_fd_sc_hd__nor2_2         |Circuit 2: sky130_fd_sc_hd__nor2_2         
-------------------------------------------|-------------------------------------------
A                                          |A                                          
B                                          |B                                          
VGND                                       |VGND                                       
VNB                                        |VNB                                        
VPB                                        |VPB                                        
VPWR                                       |VPWR                                       
Y                                          |Y                                          
---------------------------------------------------------------------------------------
Cell pin lists are equivalent.
Device classes sky130_fd_sc_hd__nor2_2 and sky130_fd_sc_hd__nor2_2 are equivalent.

Cell sky130_fd_sc_hd__o31a_2 (0) disconnected node: A1
Cell sky130_fd_sc_hd__o31a_2 (0) disconnected node: A2
Cell sky130_fd_sc_hd__o31a_2 (0) disconnected node: A3
Cell sky130_fd_sc_hd__o31a_2 (0) disconnected node: B1
Cell sky130_fd_sc_hd__o31a_2 (0) disconnected node: VGND
Cell sky130_fd_sc_hd__o31a_2 (0) disconnected node: VNB
Cell sky130_fd_sc_hd__o31a_2 (0) disconnected node: VPB
Cell sky130_fd_sc_hd__o31a_2 (0) disconnected node: VPWR
Cell sky130_fd_sc_hd__o31a_2 (0) disconnected node: X

Subcircuit pins:
Circuit 1: sky130_fd_sc_hd__o31a_2         |Circuit 2: sky130_fd_sc_hd__o31a_2         
-------------------------------------------|-------------------------------------------
A1                                         |A1                                         
A2                                         |A2                                         
A3                                         |A3                                         
B1                                         |B1                                         
VGND                                       |VGND                                       
VNB                                        |VNB                                        
VPB                                        |VPB                                        
VPWR                                       |VPWR                                       
X                                          |X                                          
---------------------------------------------------------------------------------------
Cell pin lists are equivalent.
Device classes sky130_fd_sc_hd__o31a_2 and sky130_fd_sc_hd__o31a_2 are equivalent.

Cell sky130_fd_sc_hd__or3b_4 (0) disconnected node: A
Cell sky130_fd_sc_hd__or3b_4 (0) disconnected node: B
Cell sky130_fd_sc_hd__or3b_4 (0) disconnected node: C_N
Cell sky130_fd_sc_hd__or3b_4 (0) disconnected node: VGND
Cell sky130_fd_sc_hd__or3b_4 (0) disconnected node: VNB
Cell sky130_fd_sc_hd__or3b_4 (0) disconnected node: VPB
Cell sky130_fd_sc_hd__or3b_4 (0) disconnected node: VPWR
Cell sky130_fd_sc_hd__or3b_4 (0) disconnected node: X

Subcircuit pins:
Circuit 1: sky130_fd_sc_hd__or3b_4         |Circuit 2: sky130_fd_sc_hd__or3b_4         
-------------------------------------------|-------------------------------------------
A                                          |A                                          
B                                          |B                                          
C_N                                        |C_N                                        
VGND                                       |VGND                                       
VNB                                        |VNB                                        
VPB                                        |VPB                                        
VPWR                                       |VPWR                                       
X                                          |X                                          
---------------------------------------------------------------------------------------
Cell pin lists are equivalent.
Device classes sky130_fd_sc_hd__or3b_4 and sky130_fd_sc_hd__or3b_4 are equivalent.

Cell sky130_fd_sc_hd__and2_2 (0) disconnected node: A
Cell sky130_fd_sc_hd__and2_2 (0) disconnected node: B
Cell sky130_fd_sc_hd__and2_2 (0) disconnected node: VGND
Cell sky130_fd_sc_hd__and2_2 (0) disconnected node: VNB
Cell sky130_fd_sc_hd__and2_2 (0) disconnected node: VPB
Cell sky130_fd_sc_hd__and2_2 (0) disconnected node: VPWR
Cell sky130_fd_sc_hd__and2_2 (0) disconnected node: X

Subcircuit pins:
Circuit 1: sky130_fd_sc_hd__and2_2         |Circuit 2: sky130_fd_sc_hd__and2_2         
-------------------------------------------|-------------------------------------------
A                                          |A                                          
B                                          |B                                          
VGND                                       |VGND                                       
VNB                                        |VNB                                        
VPB                                        |VPB                                        
VPWR                                       |VPWR                                       
X                                          |X                                          
---------------------------------------------------------------------------------------
Cell pin lists are equivalent.
Device classes sky130_fd_sc_hd__and2_2 and sky130_fd_sc_hd__and2_2 are equivalent.

Cell sky130_fd_sc_hd__xnor2_2 (0) disconnected node: A
Cell sky130_fd_sc_hd__xnor2_2 (0) disconnected node: B
Cell sky130_fd_sc_hd__xnor2_2 (0) disconnected node: VGND
Cell sky130_fd_sc_hd__xnor2_2 (0) disconnected node: VNB
Cell sky130_fd_sc_hd__xnor2_2 (0) disconnected node: VPB
Cell sky130_fd_sc_hd__xnor2_2 (0) disconnected node: VPWR
Cell sky130_fd_sc_hd__xnor2_2 (0) disconnected node: Y

Subcircuit pins:
Circuit 1: sky130_fd_sc_hd__xnor2_2        |Circuit 2: sky130_fd_sc_hd__xnor2_2        
-------------------------------------------|-------------------------------------------
A                                          |A                                          
B                                          |B                                          
VGND                                       |VGND                                       
VNB                                        |VNB                                        
VPB                                        |VPB                                        
VPWR                                       |VPWR                                       
Y                                          |Y                                          
---------------------------------------------------------------------------------------
Cell pin lists are equivalent.
Device classes sky130_fd_sc_hd__xnor2_2 and sky130_fd_sc_hd__xnor2_2 are equivalent.

Cell sky130_fd_sc_hd__o21ai_2 (0) disconnected node: A1
Cell sky130_fd_sc_hd__o21ai_2 (0) disconnected node: A2
Cell sky130_fd_sc_hd__o21ai_2 (0) disconnected node: B1
Cell sky130_fd_sc_hd__o21ai_2 (0) disconnected node: VGND
Cell sky130_fd_sc_hd__o21ai_2 (0) disconnected node: VNB
Cell sky130_fd_sc_hd__o21ai_2 (0) disconnected node: VPB
Cell sky130_fd_sc_hd__o21ai_2 (0) disconnected node: VPWR
Cell sky130_fd_sc_hd__o21ai_2 (0) disconnected node: Y

Subcircuit pins:
Circuit 1: sky130_fd_sc_hd__o21ai_2        |Circuit 2: sky130_fd_sc_hd__o21ai_2        
-------------------------------------------|-------------------------------------------
A1                                         |A1                                         
A2                                         |A2                                         
B1                                         |B1                                         
VGND                                       |VGND                                       
VNB                                        |VNB                                        
VPB                                        |VPB                                        
VPWR                                       |VPWR                                       
Y                                          |Y                                          
---------------------------------------------------------------------------------------
Cell pin lists are equivalent.
Device classes sky130_fd_sc_hd__o21ai_2 and sky130_fd_sc_hd__o21ai_2 are equivalent.

Cell sky130_fd_sc_hd__nand2_2 (0) disconnected node: A
Cell sky130_fd_sc_hd__nand2_2 (0) disconnected node: B
Cell sky130_fd_sc_hd__nand2_2 (0) disconnected node: VGND
Cell sky130_fd_sc_hd__nand2_2 (0) disconnected node: VNB
Cell sky130_fd_sc_hd__nand2_2 (0) disconnected node: VPB
Cell sky130_fd_sc_hd__nand2_2 (0) disconnected node: VPWR
Cell sky130_fd_sc_hd__nand2_2 (0) disconnected node: Y

Subcircuit pins:
Circuit 1: sky130_fd_sc_hd__nand2_2        |Circuit 2: sky130_fd_sc_hd__nand2_2        
-------------------------------------------|-------------------------------------------
A                                          |A                                          
B                                          |B                                          
VGND                                       |VGND                                       
VNB                                        |VNB                                        
VPB                                        |VPB                                        
VPWR                                       |VPWR                                       
Y                                          |Y                                          
---------------------------------------------------------------------------------------
Cell pin lists are equivalent.
Device classes sky130_fd_sc_hd__nand2_2 and sky130_fd_sc_hd__nand2_2 are equivalent.

Cell sky130_fd_sc_hd__and3_2 (0) disconnected node: A
Cell sky130_fd_sc_hd__and3_2 (0) disconnected node: B
Cell sky130_fd_sc_hd__and3_2 (0) disconnected node: C
Cell sky130_fd_sc_hd__and3_2 (0) disconnected node: VGND
Cell sky130_fd_sc_hd__and3_2 (0) disconnected node: VNB
Cell sky130_fd_sc_hd__and3_2 (0) disconnected node: VPB
Cell sky130_fd_sc_hd__and3_2 (0) disconnected node: VPWR
Cell sky130_fd_sc_hd__and3_2 (0) disconnected node: X

Subcircuit pins:
Circuit 1: sky130_fd_sc_hd__and3_2         |Circuit 2: sky130_fd_sc_hd__and3_2         
-------------------------------------------|-------------------------------------------
A                                          |A                                          
B                                          |B                                          
C                                          |C                                          
VGND                                       |VGND                                       
VNB                                        |VNB                                        
VPB                                        |VPB                                        
VPWR                                       |VPWR                                       
X                                          |X                                          
---------------------------------------------------------------------------------------
Cell pin lists are equivalent.
Device classes sky130_fd_sc_hd__and3_2 and sky130_fd_sc_hd__and3_2 are equivalent.

Cell sky130_fd_sc_hd__and2b_2 (0) disconnected node: A_N
Cell sky130_fd_sc_hd__and2b_2 (0) disconnected node: B
Cell sky130_fd_sc_hd__and2b_2 (0) disconnected node: VGND
Cell sky130_fd_sc_hd__and2b_2 (0) disconnected node: VNB
Cell sky130_fd_sc_hd__and2b_2 (0) disconnected node: VPB
Cell sky130_fd_sc_hd__and2b_2 (0) disconnected node: VPWR
Cell sky130_fd_sc_hd__and2b_2 (0) disconnected node: X

Subcircuit pins:
Circuit 1: sky130_fd_sc_hd__and2b_2        |Circuit 2: sky130_fd_sc_hd__and2b_2        
-------------------------------------------|-------------------------------------------
A_N                                        |A_N                                        
B                                          |B                                          
VGND                                       |VGND                                       
VNB                                        |VNB                                        
VPB                                        |VPB                                        
VPWR                                       |VPWR                                       
X                                          |X                                          
---------------------------------------------------------------------------------------
Cell pin lists are equivalent.
Device classes sky130_fd_sc_hd__and2b_2 and sky130_fd_sc_hd__and2b_2 are equivalent.

Cell sky130_fd_sc_hd__a21o_2 (0) disconnected node: A1
Cell sky130_fd_sc_hd__a21o_2 (0) disconnected node: A2
Cell sky130_fd_sc_hd__a21o_2 (0) disconnected node: B1
Cell sky130_fd_sc_hd__a21o_2 (0) disconnected node: VGND
Cell sky130_fd_sc_hd__a21o_2 (0) disconnected node: VNB
Cell sky130_fd_sc_hd__a21o_2 (0) disconnected node: VPB
Cell sky130_fd_sc_hd__a21o_2 (0) disconnected node: VPWR
Cell sky130_fd_sc_hd__a21o_2 (0) disconnected node: X

Subcircuit pins:
Circuit 1: sky130_fd_sc_hd__a21o_2         |Circuit 2: sky130_fd_sc_hd__a21o_2         
-------------------------------------------|-------------------------------------------
A1                                         |A1                                         
A2                                         |A2                                         
B1                                         |B1                                         
VGND                                       |VGND                                       
VNB                                        |VNB                                        
VPB                                        |VPB                                        
VPWR                                       |VPWR                                       
X                                          |X                                          
---------------------------------------------------------------------------------------
Cell pin lists are equivalent.
Device classes sky130_fd_sc_hd__a21o_2 and sky130_fd_sc_hd__a21o_2 are equivalent.

Cell sky130_fd_sc_hd__or3_2 (0) disconnected node: A
Cell sky130_fd_sc_hd__or3_2 (0) disconnected node: B
Cell sky130_fd_sc_hd__or3_2 (0) disconnected node: C
Cell sky130_fd_sc_hd__or3_2 (0) disconnected node: VGND
Cell sky130_fd_sc_hd__or3_2 (0) disconnected node: VNB
Cell sky130_fd_sc_hd__or3_2 (0) disconnected node: VPB
Cell sky130_fd_sc_hd__or3_2 (0) disconnected node: VPWR
Cell sky130_fd_sc_hd__or3_2 (0) disconnected node: X

Subcircuit pins:
Circuit 1: sky130_fd_sc_hd__or3_2          |Circuit 2: sky130_fd_sc_hd__or3_2          
-------------------------------------------|-------------------------------------------
A                                          |A                                          
B                                          |B                                          
C                                          |C                                          
VGND                                       |VGND                                       
VNB                                        |VNB                                        
VPB                                        |VPB                                        
VPWR                                       |VPWR                                       
X                                          |X                                          
---------------------------------------------------------------------------------------
Cell pin lists are equivalent.
Device classes sky130_fd_sc_hd__or3_2 and sky130_fd_sc_hd__or3_2 are equivalent.

Cell sky130_fd_sc_hd__buf_2 (0) disconnected node: A
Cell sky130_fd_sc_hd__buf_2 (0) disconnected node: VGND
Cell sky130_fd_sc_hd__buf_2 (0) disconnected node: VNB
Cell sky130_fd_sc_hd__buf_2 (0) disconnected node: VPB
Cell sky130_fd_sc_hd__buf_2 (0) disconnected node: VPWR
Cell sky130_fd_sc_hd__buf_2 (0) disconnected node: X

Subcircuit pins:
Circuit 1: sky130_fd_sc_hd__buf_2          |Circuit 2: sky130_fd_sc_hd__buf_2          
-------------------------------------------|-------------------------------------------
A                                          |A                                          
VGND                                       |VGND                                       
VNB                                        |VNB                                        
VPB                                        |VPB                                        
VPWR                                       |VPWR                                       
X                                          |X                                          
---------------------------------------------------------------------------------------
Cell pin lists are equivalent.
Device classes sky130_fd_sc_hd__buf_2 and sky130_fd_sc_hd__buf_2 are equivalent.

Cell sky130_fd_sc_hd__diode_2 (0) disconnected node: DIODE
Cell sky130_fd_sc_hd__diode_2 (0) disconnected node: VGND
Cell sky130_fd_sc_hd__diode_2 (0) disconnected node: VNB
Cell sky130_fd_sc_hd__diode_2 (0) disconnected node: VPB
Cell sky130_fd_sc_hd__diode_2 (0) disconnected node: VPWR
Cell sky130_fd_sc_hd__diode_2 (1) disconnected node: VGND
Cell sky130_fd_sc_hd__diode_2 (1) disconnected node: VPB
Cell sky130_fd_sc_hd__diode_2 (1) disconnected node: VPWR

Subcircuit pins:
Circuit 1: sky130_fd_sc_hd__diode_2        |Circuit 2: sky130_fd_sc_hd__diode_2        
-------------------------------------------|-------------------------------------------
DIODE                                      |DIODE                                      
VGND                                       |VGND                                       
VNB                                        |VNB                                        
VPB                                        |VPB                                        
VPWR                                       |VPWR                                       
---------------------------------------------------------------------------------------
Cell pin lists are equivalent.
Device classes sky130_fd_sc_hd__diode_2 and sky130_fd_sc_hd__diode_2 are equivalent.

Cell sky130_fd_sc_hd__a31oi_4 (0) disconnected node: A1
Cell sky130_fd_sc_hd__a31oi_4 (0) disconnected node: A2
Cell sky130_fd_sc_hd__a31oi_4 (0) disconnected node: A3
Cell sky130_fd_sc_hd__a31oi_4 (0) disconnected node: B1
Cell sky130_fd_sc_hd__a31oi_4 (0) disconnected node: VGND
Cell sky130_fd_sc_hd__a31oi_4 (0) disconnected node: VNB
Cell sky130_fd_sc_hd__a31oi_4 (0) disconnected node: VPB
Cell sky130_fd_sc_hd__a31oi_4 (0) disconnected node: VPWR
Cell sky130_fd_sc_hd__a31oi_4 (0) disconnected node: Y

Subcircuit pins:
Circuit 1: sky130_fd_sc_hd__a31oi_4        |Circuit 2: sky130_fd_sc_hd__a31oi_4        
-------------------------------------------|-------------------------------------------
A1                                         |A1                                         
A2                                         |A2                                         
A3                                         |A3                                         
B1                                         |B1                                         
VGND                                       |VGND                                       
VNB                                        |VNB                                        
VPB                                        |VPB                                        
VPWR                                       |VPWR                                       
Y                                          |Y                                          
---------------------------------------------------------------------------------------
Cell pin lists are equivalent.
Device classes sky130_fd_sc_hd__a31oi_4 and sky130_fd_sc_hd__a31oi_4 are equivalent.

Cell sky130_fd_sc_hd__o21a_2 (0) disconnected node: A1
Cell sky130_fd_sc_hd__o21a_2 (0) disconnected node: A2
Cell sky130_fd_sc_hd__o21a_2 (0) disconnected node: B1
Cell sky130_fd_sc_hd__o21a_2 (0) disconnected node: VGND
Cell sky130_fd_sc_hd__o21a_2 (0) disconnected node: VNB
Cell sky130_fd_sc_hd__o21a_2 (0) disconnected node: VPB
Cell sky130_fd_sc_hd__o21a_2 (0) disconnected node: VPWR
Cell sky130_fd_sc_hd__o21a_2 (0) disconnected node: X

Subcircuit pins:
Circuit 1: sky130_fd_sc_hd__o21a_2         |Circuit 2: sky130_fd_sc_hd__o21a_2         
-------------------------------------------|-------------------------------------------
A1                                         |A1                                         
A2                                         |A2                                         
B1                                         |B1                                         
VGND                                       |VGND                                       
VNB                                        |VNB                                        
VPB                                        |VPB                                        
VPWR                                       |VPWR                                       
X                                          |X                                          
---------------------------------------------------------------------------------------
Cell pin lists are equivalent.
Device classes sky130_fd_sc_hd__o21a_2 and sky130_fd_sc_hd__o21a_2 are equivalent.

Cell sky130_fd_sc_hd__o32a_2 (0) disconnected node: A1
Cell sky130_fd_sc_hd__o32a_2 (0) disconnected node: A2
Cell sky130_fd_sc_hd__o32a_2 (0) disconnected node: A3
Cell sky130_fd_sc_hd__o32a_2 (0) disconnected node: B1
Cell sky130_fd_sc_hd__o32a_2 (0) disconnected node: B2
Cell sky130_fd_sc_hd__o32a_2 (0) disconnected node: VGND
Cell sky130_fd_sc_hd__o32a_2 (0) disconnected node: VNB
Cell sky130_fd_sc_hd__o32a_2 (0) disconnected node: VPB
Cell sky130_fd_sc_hd__o32a_2 (0) disconnected node: VPWR
Cell sky130_fd_sc_hd__o32a_2 (0) disconnected node: X

Subcircuit pins:
Circuit 1: sky130_fd_sc_hd__o32a_2         |Circuit 2: sky130_fd_sc_hd__o32a_2         
-------------------------------------------|-------------------------------------------
A1                                         |A1                                         
A2                                         |A2                                         
A3                                         |A3                                         
B1                                         |B1                                         
B2                                         |B2                                         
VGND                                       |VGND                                       
VNB                                        |VNB                                        
VPB                                        |VPB                                        
VPWR                                       |VPWR                                       
X                                          |X                                          
---------------------------------------------------------------------------------------
Cell pin lists are equivalent.
Device classes sky130_fd_sc_hd__o32a_2 and sky130_fd_sc_hd__o32a_2 are equivalent.

Cell sky130_fd_sc_hd__or3b_2 (0) disconnected node: A
Cell sky130_fd_sc_hd__or3b_2 (0) disconnected node: B
Cell sky130_fd_sc_hd__or3b_2 (0) disconnected node: C_N
Cell sky130_fd_sc_hd__or3b_2 (0) disconnected node: VGND
Cell sky130_fd_sc_hd__or3b_2 (0) disconnected node: VNB
Cell sky130_fd_sc_hd__or3b_2 (0) disconnected node: VPB
Cell sky130_fd_sc_hd__or3b_2 (0) disconnected node: VPWR
Cell sky130_fd_sc_hd__or3b_2 (0) disconnected node: X

Subcircuit pins:
Circuit 1: sky130_fd_sc_hd__or3b_2         |Circuit 2: sky130_fd_sc_hd__or3b_2         
-------------------------------------------|-------------------------------------------
A                                          |A                                          
B                                          |B                                          
C_N                                        |C_N                                        
VGND                                       |VGND                                       
VNB                                        |VNB                                        
VPB                                        |VPB                                        
VPWR                                       |VPWR                                       
X                                          |X                                          
---------------------------------------------------------------------------------------
Cell pin lists are equivalent.
Device classes sky130_fd_sc_hd__or3b_2 and sky130_fd_sc_hd__or3b_2 are equivalent.

Cell sky130_fd_sc_hd__clkbuf_16 (0) disconnected node: A
Cell sky130_fd_sc_hd__clkbuf_16 (0) disconnected node: VGND
Cell sky130_fd_sc_hd__clkbuf_16 (0) disconnected node: VNB
Cell sky130_fd_sc_hd__clkbuf_16 (0) disconnected node: VPB
Cell sky130_fd_sc_hd__clkbuf_16 (0) disconnected node: VPWR
Cell sky130_fd_sc_hd__clkbuf_16 (0) disconnected node: X

Subcircuit pins:
Circuit 1: sky130_fd_sc_hd__clkbuf_16      |Circuit 2: sky130_fd_sc_hd__clkbuf_16      
-------------------------------------------|-------------------------------------------
A                                          |A                                          
VGND                                       |VGND                                       
VNB                                        |VNB                                        
VPB                                        |VPB                                        
VPWR                                       |VPWR                                       
X                                          |X                                          
---------------------------------------------------------------------------------------
Cell pin lists are equivalent.
Device classes sky130_fd_sc_hd__clkbuf_16 and sky130_fd_sc_hd__clkbuf_16 are equivalent.

Cell sky130_fd_sc_hd__o211ai_2 (0) disconnected node: A1
Cell sky130_fd_sc_hd__o211ai_2 (0) disconnected node: A2
Cell sky130_fd_sc_hd__o211ai_2 (0) disconnected node: B1
Cell sky130_fd_sc_hd__o211ai_2 (0) disconnected node: C1
Cell sky130_fd_sc_hd__o211ai_2 (0) disconnected node: VGND
Cell sky130_fd_sc_hd__o211ai_2 (0) disconnected node: VNB
Cell sky130_fd_sc_hd__o211ai_2 (0) disconnected node: VPB
Cell sky130_fd_sc_hd__o211ai_2 (0) disconnected node: VPWR
Cell sky130_fd_sc_hd__o211ai_2 (0) disconnected node: Y

Subcircuit pins:
Circuit 1: sky130_fd_sc_hd__o211ai_2       |Circuit 2: sky130_fd_sc_hd__o211ai_2       
-------------------------------------------|-------------------------------------------
A1                                         |A1                                         
A2                                         |A2                                         
B1                                         |B1                                         
C1                                         |C1                                         
VGND                                       |VGND                                       
VNB                                        |VNB                                        
VPB                                        |VPB                                        
VPWR                                       |VPWR                                       
Y                                          |Y                                          
---------------------------------------------------------------------------------------
Cell pin lists are equivalent.
Device classes sky130_fd_sc_hd__o211ai_2 and sky130_fd_sc_hd__o211ai_2 are equivalent.

Cell sky130_fd_sc_hd__o22a_2 (0) disconnected node: A1
Cell sky130_fd_sc_hd__o22a_2 (0) disconnected node: A2
Cell sky130_fd_sc_hd__o22a_2 (0) disconnected node: B1
Cell sky130_fd_sc_hd__o22a_2 (0) disconnected node: B2
Cell sky130_fd_sc_hd__o22a_2 (0) disconnected node: VGND
Cell sky130_fd_sc_hd__o22a_2 (0) disconnected node: VNB
Cell sky130_fd_sc_hd__o22a_2 (0) disconnected node: VPB
Cell sky130_fd_sc_hd__o22a_2 (0) disconnected node: VPWR
Cell sky130_fd_sc_hd__o22a_2 (0) disconnected node: X

Subcircuit pins:
Circuit 1: sky130_fd_sc_hd__o22a_2         |Circuit 2: sky130_fd_sc_hd__o22a_2         
-------------------------------------------|-------------------------------------------
A1                                         |A1                                         
A2                                         |A2                                         
B1                                         |B1                                         
B2                                         |B2                                         
VGND                                       |VGND                                       
VNB                                        |VNB                                        
VPB                                        |VPB                                        
VPWR                                       |VPWR                                       
X                                          |X                                          
---------------------------------------------------------------------------------------
Cell pin lists are equivalent.
Device classes sky130_fd_sc_hd__o22a_2 and sky130_fd_sc_hd__o22a_2 are equivalent.

Cell sky130_fd_sc_hd__o221a_2 (0) disconnected node: A1
Cell sky130_fd_sc_hd__o221a_2 (0) disconnected node: A2
Cell sky130_fd_sc_hd__o221a_2 (0) disconnected node: B1
Cell sky130_fd_sc_hd__o221a_2 (0) disconnected node: B2
Cell sky130_fd_sc_hd__o221a_2 (0) disconnected node: C1
Cell sky130_fd_sc_hd__o221a_2 (0) disconnected node: VGND
Cell sky130_fd_sc_hd__o221a_2 (0) disconnected node: VNB
Cell sky130_fd_sc_hd__o221a_2 (0) disconnected node: VPB
Cell sky130_fd_sc_hd__o221a_2 (0) disconnected node: VPWR
Cell sky130_fd_sc_hd__o221a_2 (0) disconnected node: X

Subcircuit pins:
Circuit 1: sky130_fd_sc_hd__o221a_2        |Circuit 2: sky130_fd_sc_hd__o221a_2        
-------------------------------------------|-------------------------------------------
A1                                         |A1                                         
A2                                         |A2                                         
B1                                         |B1                                         
B2                                         |B2                                         
C1                                         |C1                                         
VGND                                       |VGND                                       
VNB                                        |VNB                                        
VPB                                        |VPB                                        
VPWR                                       |VPWR                                       
X                                          |X                                          
---------------------------------------------------------------------------------------
Cell pin lists are equivalent.
Device classes sky130_fd_sc_hd__o221a_2 and sky130_fd_sc_hd__o221a_2 are equivalent.

Cell sky130_fd_sc_hd__o311a_4 (0) disconnected node: A1
Cell sky130_fd_sc_hd__o311a_4 (0) disconnected node: A2
Cell sky130_fd_sc_hd__o311a_4 (0) disconnected node: A3
Cell sky130_fd_sc_hd__o311a_4 (0) disconnected node: B1
Cell sky130_fd_sc_hd__o311a_4 (0) disconnected node: C1
Cell sky130_fd_sc_hd__o311a_4 (0) disconnected node: VGND
Cell sky130_fd_sc_hd__o311a_4 (0) disconnected node: VNB
Cell sky130_fd_sc_hd__o311a_4 (0) disconnected node: VPB
Cell sky130_fd_sc_hd__o311a_4 (0) disconnected node: VPWR
Cell sky130_fd_sc_hd__o311a_4 (0) disconnected node: X

Subcircuit pins:
Circuit 1: sky130_fd_sc_hd__o311a_4        |Circuit 2: sky130_fd_sc_hd__o311a_4        
-------------------------------------------|-------------------------------------------
A1                                         |A1                                         
A2                                         |A2                                         
A3                                         |A3                                         
B1                                         |B1                                         
C1                                         |C1                                         
VGND                                       |VGND                                       
VNB                                        |VNB                                        
VPB                                        |VPB                                        
VPWR                                       |VPWR                                       
X                                          |X                                          
---------------------------------------------------------------------------------------
Cell pin lists are equivalent.
Device classes sky130_fd_sc_hd__o311a_4 and sky130_fd_sc_hd__o311a_4 are equivalent.

Cell sky130_fd_sc_hd__a211oi_4 (0) disconnected node: A1
Cell sky130_fd_sc_hd__a211oi_4 (0) disconnected node: A2
Cell sky130_fd_sc_hd__a211oi_4 (0) disconnected node: B1
Cell sky130_fd_sc_hd__a211oi_4 (0) disconnected node: C1
Cell sky130_fd_sc_hd__a211oi_4 (0) disconnected node: VGND
Cell sky130_fd_sc_hd__a211oi_4 (0) disconnected node: VNB
Cell sky130_fd_sc_hd__a211oi_4 (0) disconnected node: VPB
Cell sky130_fd_sc_hd__a211oi_4 (0) disconnected node: VPWR
Cell sky130_fd_sc_hd__a211oi_4 (0) disconnected node: Y

Subcircuit pins:
Circuit 1: sky130_fd_sc_hd__a211oi_4       |Circuit 2: sky130_fd_sc_hd__a211oi_4       
-------------------------------------------|-------------------------------------------
A1                                         |A1                                         
A2                                         |A2                                         
B1                                         |B1                                         
C1                                         |C1                                         
VGND                                       |VGND                                       
VNB                                        |VNB                                        
VPB                                        |VPB                                        
VPWR                                       |VPWR                                       
Y                                          |Y                                          
---------------------------------------------------------------------------------------
Cell pin lists are equivalent.
Device classes sky130_fd_sc_hd__a211oi_4 and sky130_fd_sc_hd__a211oi_4 are equivalent.

Cell sky130_fd_sc_hd__xor2_2 (0) disconnected node: A
Cell sky130_fd_sc_hd__xor2_2 (0) disconnected node: B
Cell sky130_fd_sc_hd__xor2_2 (0) disconnected node: VGND
Cell sky130_fd_sc_hd__xor2_2 (0) disconnected node: VNB
Cell sky130_fd_sc_hd__xor2_2 (0) disconnected node: VPB
Cell sky130_fd_sc_hd__xor2_2 (0) disconnected node: VPWR
Cell sky130_fd_sc_hd__xor2_2 (0) disconnected node: X

Subcircuit pins:
Circuit 1: sky130_fd_sc_hd__xor2_2         |Circuit 2: sky130_fd_sc_hd__xor2_2         
-------------------------------------------|-------------------------------------------
A                                          |A                                          
B                                          |B                                          
VGND                                       |VGND                                       
VNB                                        |VNB                                        
VPB                                        |VPB                                        
VPWR                                       |VPWR                                       
X                                          |X                                          
---------------------------------------------------------------------------------------
Cell pin lists are equivalent.
Device classes sky130_fd_sc_hd__xor2_2 and sky130_fd_sc_hd__xor2_2 are equivalent.

Cell sky130_fd_sc_hd__or4b_2 (0) disconnected node: A
Cell sky130_fd_sc_hd__or4b_2 (0) disconnected node: B
Cell sky130_fd_sc_hd__or4b_2 (0) disconnected node: C
Cell sky130_fd_sc_hd__or4b_2 (0) disconnected node: D_N
Cell sky130_fd_sc_hd__or4b_2 (0) disconnected node: VGND
Cell sky130_fd_sc_hd__or4b_2 (0) disconnected node: VNB
Cell sky130_fd_sc_hd__or4b_2 (0) disconnected node: VPB
Cell sky130_fd_sc_hd__or4b_2 (0) disconnected node: VPWR
Cell sky130_fd_sc_hd__or4b_2 (0) disconnected node: X

Subcircuit pins:
Circuit 1: sky130_fd_sc_hd__or4b_2         |Circuit 2: sky130_fd_sc_hd__or4b_2         
-------------------------------------------|-------------------------------------------
A                                          |A                                          
B                                          |B                                          
C                                          |C                                          
D_N                                        |D_N                                        
VGND                                       |VGND                                       
VNB                                        |VNB                                        
VPB                                        |VPB                                        
VPWR                                       |VPWR                                       
X                                          |X                                          
---------------------------------------------------------------------------------------
Cell pin lists are equivalent.
Device classes sky130_fd_sc_hd__or4b_2 and sky130_fd_sc_hd__or4b_2 are equivalent.

Cell sky130_fd_sc_hd__o2bb2a_2 (0) disconnected node: A1_N
Cell sky130_fd_sc_hd__o2bb2a_2 (0) disconnected node: A2_N
Cell sky130_fd_sc_hd__o2bb2a_2 (0) disconnected node: B1
Cell sky130_fd_sc_hd__o2bb2a_2 (0) disconnected node: B2
Cell sky130_fd_sc_hd__o2bb2a_2 (0) disconnected node: VGND
Cell sky130_fd_sc_hd__o2bb2a_2 (0) disconnected node: VNB
Cell sky130_fd_sc_hd__o2bb2a_2 (0) disconnected node: VPB
Cell sky130_fd_sc_hd__o2bb2a_2 (0) disconnected node: VPWR
Cell sky130_fd_sc_hd__o2bb2a_2 (0) disconnected node: X

Subcircuit pins:
Circuit 1: sky130_fd_sc_hd__o2bb2a_2       |Circuit 2: sky130_fd_sc_hd__o2bb2a_2       
-------------------------------------------|-------------------------------------------
A1_N                                       |A1_N                                       
A2_N                                       |A2_N                                       
B1                                         |B1                                         
B2                                         |B2                                         
VGND                                       |VGND                                       
VNB                                        |VNB                                        
VPB                                        |VPB                                        
VPWR                                       |VPWR                                       
X                                          |X                                          
---------------------------------------------------------------------------------------
Cell pin lists are equivalent.
Device classes sky130_fd_sc_hd__o2bb2a_2 and sky130_fd_sc_hd__o2bb2a_2 are equivalent.

Cell sky130_fd_sc_hd__nand3_2 (0) disconnected node: A
Cell sky130_fd_sc_hd__nand3_2 (0) disconnected node: B
Cell sky130_fd_sc_hd__nand3_2 (0) disconnected node: C
Cell sky130_fd_sc_hd__nand3_2 (0) disconnected node: VGND
Cell sky130_fd_sc_hd__nand3_2 (0) disconnected node: VNB
Cell sky130_fd_sc_hd__nand3_2 (0) disconnected node: VPB
Cell sky130_fd_sc_hd__nand3_2 (0) disconnected node: VPWR
Cell sky130_fd_sc_hd__nand3_2 (0) disconnected node: Y

Subcircuit pins:
Circuit 1: sky130_fd_sc_hd__nand3_2        |Circuit 2: sky130_fd_sc_hd__nand3_2        
-------------------------------------------|-------------------------------------------
A                                          |A                                          
B                                          |B                                          
C                                          |C                                          
VGND                                       |VGND                                       
VNB                                        |VNB                                        
VPB                                        |VPB                                        
VPWR                                       |VPWR                                       
Y                                          |Y                                          
---------------------------------------------------------------------------------------
Cell pin lists are equivalent.
Device classes sky130_fd_sc_hd__nand3_2 and sky130_fd_sc_hd__nand3_2 are equivalent.

Cell sky130_fd_sc_hd__o31ai_4 (0) disconnected node: A1
Cell sky130_fd_sc_hd__o31ai_4 (0) disconnected node: A2
Cell sky130_fd_sc_hd__o31ai_4 (0) disconnected node: A3
Cell sky130_fd_sc_hd__o31ai_4 (0) disconnected node: B1
Cell sky130_fd_sc_hd__o31ai_4 (0) disconnected node: VGND
Cell sky130_fd_sc_hd__o31ai_4 (0) disconnected node: VNB
Cell sky130_fd_sc_hd__o31ai_4 (0) disconnected node: VPB
Cell sky130_fd_sc_hd__o31ai_4 (0) disconnected node: VPWR
Cell sky130_fd_sc_hd__o31ai_4 (0) disconnected node: Y

Subcircuit pins:
Circuit 1: sky130_fd_sc_hd__o31ai_4        |Circuit 2: sky130_fd_sc_hd__o31ai_4        
-------------------------------------------|-------------------------------------------
A1                                         |A1                                         
A2                                         |A2                                         
A3                                         |A3                                         
B1                                         |B1                                         
VGND                                       |VGND                                       
VNB                                        |VNB                                        
VPB                                        |VPB                                        
VPWR                                       |VPWR                                       
Y                                          |Y                                          
---------------------------------------------------------------------------------------
Cell pin lists are equivalent.
Device classes sky130_fd_sc_hd__o31ai_4 and sky130_fd_sc_hd__o31ai_4 are equivalent.

Cell sky130_fd_sc_hd__o21ba_2 (0) disconnected node: A1
Cell sky130_fd_sc_hd__o21ba_2 (0) disconnected node: A2
Cell sky130_fd_sc_hd__o21ba_2 (0) disconnected node: B1_N
Cell sky130_fd_sc_hd__o21ba_2 (0) disconnected node: VGND
Cell sky130_fd_sc_hd__o21ba_2 (0) disconnected node: VNB
Cell sky130_fd_sc_hd__o21ba_2 (0) disconnected node: VPB
Cell sky130_fd_sc_hd__o21ba_2 (0) disconnected node: VPWR
Cell sky130_fd_sc_hd__o21ba_2 (0) disconnected node: X

Subcircuit pins:
Circuit 1: sky130_fd_sc_hd__o21ba_2        |Circuit 2: sky130_fd_sc_hd__o21ba_2        
-------------------------------------------|-------------------------------------------
A1                                         |A1                                         
A2                                         |A2                                         
B1_N                                       |B1_N                                       
VGND                                       |VGND                                       
VNB                                        |VNB                                        
VPB                                        |VPB                                        
VPWR                                       |VPWR                                       
X                                          |X                                          
---------------------------------------------------------------------------------------
Cell pin lists are equivalent.
Device classes sky130_fd_sc_hd__o21ba_2 and sky130_fd_sc_hd__o21ba_2 are equivalent.

Cell sky130_fd_sc_hd__or2_4 (0) disconnected node: A
Cell sky130_fd_sc_hd__or2_4 (0) disconnected node: B
Cell sky130_fd_sc_hd__or2_4 (0) disconnected node: VGND
Cell sky130_fd_sc_hd__or2_4 (0) disconnected node: VNB
Cell sky130_fd_sc_hd__or2_4 (0) disconnected node: VPB
Cell sky130_fd_sc_hd__or2_4 (0) disconnected node: VPWR
Cell sky130_fd_sc_hd__or2_4 (0) disconnected node: X

Subcircuit pins:
Circuit 1: sky130_fd_sc_hd__or2_4          |Circuit 2: sky130_fd_sc_hd__or2_4          
-------------------------------------------|-------------------------------------------
A                                          |A                                          
B                                          |B                                          
VGND                                       |VGND                                       
VNB                                        |VNB                                        
VPB                                        |VPB                                        
VPWR                                       |VPWR                                       
X                                          |X                                          
---------------------------------------------------------------------------------------
Cell pin lists are equivalent.
Device classes sky130_fd_sc_hd__or2_4 and sky130_fd_sc_hd__or2_4 are equivalent.

Cell sky130_fd_sc_hd__a211oi_2 (0) disconnected node: A1
Cell sky130_fd_sc_hd__a211oi_2 (0) disconnected node: A2
Cell sky130_fd_sc_hd__a211oi_2 (0) disconnected node: B1
Cell sky130_fd_sc_hd__a211oi_2 (0) disconnected node: C1
Cell sky130_fd_sc_hd__a211oi_2 (0) disconnected node: VGND
Cell sky130_fd_sc_hd__a211oi_2 (0) disconnected node: VNB
Cell sky130_fd_sc_hd__a211oi_2 (0) disconnected node: VPB
Cell sky130_fd_sc_hd__a211oi_2 (0) disconnected node: VPWR
Cell sky130_fd_sc_hd__a211oi_2 (0) disconnected node: Y

Subcircuit pins:
Circuit 1: sky130_fd_sc_hd__a211oi_2       |Circuit 2: sky130_fd_sc_hd__a211oi_2       
-------------------------------------------|-------------------------------------------
A1                                         |A1                                         
A2                                         |A2                                         
B1                                         |B1                                         
C1                                         |C1                                         
VGND                                       |VGND                                       
VNB                                        |VNB                                        
VPB                                        |VPB                                        
VPWR                                       |VPWR                                       
Y                                          |Y                                          
---------------------------------------------------------------------------------------
Cell pin lists are equivalent.
Device classes sky130_fd_sc_hd__a211oi_2 and sky130_fd_sc_hd__a211oi_2 are equivalent.

Cell sky130_fd_sc_hd__a21bo_2 (0) disconnected node: A1
Cell sky130_fd_sc_hd__a21bo_2 (0) disconnected node: A2
Cell sky130_fd_sc_hd__a21bo_2 (0) disconnected node: B1_N
Cell sky130_fd_sc_hd__a21bo_2 (0) disconnected node: VGND
Cell sky130_fd_sc_hd__a21bo_2 (0) disconnected node: VNB
Cell sky130_fd_sc_hd__a21bo_2 (0) disconnected node: VPB
Cell sky130_fd_sc_hd__a21bo_2 (0) disconnected node: VPWR
Cell sky130_fd_sc_hd__a21bo_2 (0) disconnected node: X

Subcircuit pins:
Circuit 1: sky130_fd_sc_hd__a21bo_2        |Circuit 2: sky130_fd_sc_hd__a21bo_2        
-------------------------------------------|-------------------------------------------
A1                                         |A1                                         
A2                                         |A2                                         
B1_N                                       |B1_N                                       
VGND                                       |VGND                                       
VNB                                        |VNB                                        
VPB                                        |VPB                                        
VPWR                                       |VPWR                                       
X                                          |X                                          
---------------------------------------------------------------------------------------
Cell pin lists are equivalent.
Device classes sky130_fd_sc_hd__a21bo_2 and sky130_fd_sc_hd__a21bo_2 are equivalent.

Cell sky130_fd_sc_hd__a31oi_2 (0) disconnected node: A1
Cell sky130_fd_sc_hd__a31oi_2 (0) disconnected node: A2
Cell sky130_fd_sc_hd__a31oi_2 (0) disconnected node: A3
Cell sky130_fd_sc_hd__a31oi_2 (0) disconnected node: B1
Cell sky130_fd_sc_hd__a31oi_2 (0) disconnected node: VGND
Cell sky130_fd_sc_hd__a31oi_2 (0) disconnected node: VNB
Cell sky130_fd_sc_hd__a31oi_2 (0) disconnected node: VPB
Cell sky130_fd_sc_hd__a31oi_2 (0) disconnected node: VPWR
Cell sky130_fd_sc_hd__a31oi_2 (0) disconnected node: Y

Subcircuit pins:
Circuit 1: sky130_fd_sc_hd__a31oi_2        |Circuit 2: sky130_fd_sc_hd__a31oi_2        
-------------------------------------------|-------------------------------------------
A1                                         |A1                                         
A2                                         |A2                                         
A3                                         |A3                                         
B1                                         |B1                                         
VGND                                       |VGND                                       
VNB                                        |VNB                                        
VPB                                        |VPB                                        
VPWR                                       |VPWR                                       
Y                                          |Y                                          
---------------------------------------------------------------------------------------
Cell pin lists are equivalent.
Device classes sky130_fd_sc_hd__a31oi_2 and sky130_fd_sc_hd__a31oi_2 are equivalent.

Cell sky130_fd_sc_hd__a21oi_2 (0) disconnected node: A1
Cell sky130_fd_sc_hd__a21oi_2 (0) disconnected node: A2
Cell sky130_fd_sc_hd__a21oi_2 (0) disconnected node: B1
Cell sky130_fd_sc_hd__a21oi_2 (0) disconnected node: VGND
Cell sky130_fd_sc_hd__a21oi_2 (0) disconnected node: VNB
Cell sky130_fd_sc_hd__a21oi_2 (0) disconnected node: VPB
Cell sky130_fd_sc_hd__a21oi_2 (0) disconnected node: VPWR
Cell sky130_fd_sc_hd__a21oi_2 (0) disconnected node: Y

Subcircuit pins:
Circuit 1: sky130_fd_sc_hd__a21oi_2        |Circuit 2: sky130_fd_sc_hd__a21oi_2        
-------------------------------------------|-------------------------------------------
A1                                         |A1                                         
A2                                         |A2                                         
B1                                         |B1                                         
VGND                                       |VGND                                       
VNB                                        |VNB                                        
VPB                                        |VPB                                        
VPWR                                       |VPWR                                       
Y                                          |Y                                          
---------------------------------------------------------------------------------------
Cell pin lists are equivalent.
Device classes sky130_fd_sc_hd__a21oi_2 and sky130_fd_sc_hd__a21oi_2 are equivalent.

Cell sky130_fd_sc_hd__o211a_2 (0) disconnected node: A1
Cell sky130_fd_sc_hd__o211a_2 (0) disconnected node: A2
Cell sky130_fd_sc_hd__o211a_2 (0) disconnected node: B1
Cell sky130_fd_sc_hd__o211a_2 (0) disconnected node: C1
Cell sky130_fd_sc_hd__o211a_2 (0) disconnected node: VGND
Cell sky130_fd_sc_hd__o211a_2 (0) disconnected node: VNB
Cell sky130_fd_sc_hd__o211a_2 (0) disconnected node: VPB
Cell sky130_fd_sc_hd__o211a_2 (0) disconnected node: VPWR
Cell sky130_fd_sc_hd__o211a_2 (0) disconnected node: X

Subcircuit pins:
Circuit 1: sky130_fd_sc_hd__o211a_2        |Circuit 2: sky130_fd_sc_hd__o211a_2        
-------------------------------------------|-------------------------------------------
A1                                         |A1                                         
A2                                         |A2                                         
B1                                         |B1                                         
C1                                         |C1                                         
VGND                                       |VGND                                       
VNB                                        |VNB                                        
VPB                                        |VPB                                        
VPWR                                       |VPWR                                       
X                                          |X                                          
---------------------------------------------------------------------------------------
Cell pin lists are equivalent.
Device classes sky130_fd_sc_hd__o211a_2 and sky130_fd_sc_hd__o211a_2 are equivalent.

Cell sky130_fd_sc_hd__or2b_2 (0) disconnected node: A
Cell sky130_fd_sc_hd__or2b_2 (0) disconnected node: B_N
Cell sky130_fd_sc_hd__or2b_2 (0) disconnected node: VGND
Cell sky130_fd_sc_hd__or2b_2 (0) disconnected node: VNB
Cell sky130_fd_sc_hd__or2b_2 (0) disconnected node: VPB
Cell sky130_fd_sc_hd__or2b_2 (0) disconnected node: VPWR
Cell sky130_fd_sc_hd__or2b_2 (0) disconnected node: X

Subcircuit pins:
Circuit 1: sky130_fd_sc_hd__or2b_2         |Circuit 2: sky130_fd_sc_hd__or2b_2         
-------------------------------------------|-------------------------------------------
A                                          |A                                          
B_N                                        |B_N                                        
VGND                                       |VGND                                       
VNB                                        |VNB                                        
VPB                                        |VPB                                        
VPWR                                       |VPWR                                       
X                                          |X                                          
---------------------------------------------------------------------------------------
Cell pin lists are equivalent.
Device classes sky130_fd_sc_hd__or2b_2 and sky130_fd_sc_hd__or2b_2 are equivalent.

Cell sky130_fd_sc_hd__a32o_2 (0) disconnected node: A1
Cell sky130_fd_sc_hd__a32o_2 (0) disconnected node: A2
Cell sky130_fd_sc_hd__a32o_2 (0) disconnected node: A3
Cell sky130_fd_sc_hd__a32o_2 (0) disconnected node: B1
Cell sky130_fd_sc_hd__a32o_2 (0) disconnected node: B2
Cell sky130_fd_sc_hd__a32o_2 (0) disconnected node: VGND
Cell sky130_fd_sc_hd__a32o_2 (0) disconnected node: VNB
Cell sky130_fd_sc_hd__a32o_2 (0) disconnected node: VPB
Cell sky130_fd_sc_hd__a32o_2 (0) disconnected node: VPWR
Cell sky130_fd_sc_hd__a32o_2 (0) disconnected node: X

Subcircuit pins:
Circuit 1: sky130_fd_sc_hd__a32o_2         |Circuit 2: sky130_fd_sc_hd__a32o_2         
-------------------------------------------|-------------------------------------------
A1                                         |A1                                         
A2                                         |A2                                         
A3                                         |A3                                         
B1                                         |B1                                         
B2                                         |B2                                         
VGND                                       |VGND                                       
VNB                                        |VNB                                        
VPB                                        |VPB                                        
VPWR                                       |VPWR                                       
X                                          |X                                          
---------------------------------------------------------------------------------------
Cell pin lists are equivalent.
Device classes sky130_fd_sc_hd__a32o_2 and sky130_fd_sc_hd__a32o_2 are equivalent.

Cell sky130_fd_sc_hd__a2bb2o_2 (0) disconnected node: A1_N
Cell sky130_fd_sc_hd__a2bb2o_2 (0) disconnected node: A2_N
Cell sky130_fd_sc_hd__a2bb2o_2 (0) disconnected node: B1
Cell sky130_fd_sc_hd__a2bb2o_2 (0) disconnected node: B2
Cell sky130_fd_sc_hd__a2bb2o_2 (0) disconnected node: VGND
Cell sky130_fd_sc_hd__a2bb2o_2 (0) disconnected node: VNB
Cell sky130_fd_sc_hd__a2bb2o_2 (0) disconnected node: VPB
Cell sky130_fd_sc_hd__a2bb2o_2 (0) disconnected node: VPWR
Cell sky130_fd_sc_hd__a2bb2o_2 (0) disconnected node: X

Subcircuit pins:
Circuit 1: sky130_fd_sc_hd__a2bb2o_2       |Circuit 2: sky130_fd_sc_hd__a2bb2o_2       
-------------------------------------------|-------------------------------------------
A1_N                                       |A1_N                                       
A2_N                                       |A2_N                                       
B1                                         |B1                                         
B2                                         |B2                                         
VGND                                       |VGND                                       
VNB                                        |VNB                                        
VPB                                        |VPB                                        
VPWR                                       |VPWR                                       
X                                          |X                                          
---------------------------------------------------------------------------------------
Cell pin lists are equivalent.
Device classes sky130_fd_sc_hd__a2bb2o_2 and sky130_fd_sc_hd__a2bb2o_2 are equivalent.

Cell sky130_fd_sc_hd__xor2_4 (0) disconnected node: A
Cell sky130_fd_sc_hd__xor2_4 (0) disconnected node: B
Cell sky130_fd_sc_hd__xor2_4 (0) disconnected node: VGND
Cell sky130_fd_sc_hd__xor2_4 (0) disconnected node: VNB
Cell sky130_fd_sc_hd__xor2_4 (0) disconnected node: VPB
Cell sky130_fd_sc_hd__xor2_4 (0) disconnected node: VPWR
Cell sky130_fd_sc_hd__xor2_4 (0) disconnected node: X

Subcircuit pins:
Circuit 1: sky130_fd_sc_hd__xor2_4         |Circuit 2: sky130_fd_sc_hd__xor2_4         
-------------------------------------------|-------------------------------------------
A                                          |A                                          
B                                          |B                                          
VGND                                       |VGND                                       
VNB                                        |VNB                                        
VPB                                        |VPB                                        
VPWR                                       |VPWR                                       
X                                          |X                                          
---------------------------------------------------------------------------------------
Cell pin lists are equivalent.
Device classes sky130_fd_sc_hd__xor2_4 and sky130_fd_sc_hd__xor2_4 are equivalent.

Cell sky130_fd_sc_hd__buf_1 (0) disconnected node: A
Cell sky130_fd_sc_hd__buf_1 (0) disconnected node: VGND
Cell sky130_fd_sc_hd__buf_1 (0) disconnected node: VNB
Cell sky130_fd_sc_hd__buf_1 (0) disconnected node: VPB
Cell sky130_fd_sc_hd__buf_1 (0) disconnected node: VPWR
Cell sky130_fd_sc_hd__buf_1 (0) disconnected node: X

Subcircuit pins:
Circuit 1: sky130_fd_sc_hd__buf_1          |Circuit 2: sky130_fd_sc_hd__buf_1          
-------------------------------------------|-------------------------------------------
A                                          |A                                          
VGND                                       |VGND                                       
VNB                                        |VNB                                        
VPB                                        |VPB                                        
VPWR                                       |VPWR                                       
X                                          |X                                          
---------------------------------------------------------------------------------------
Cell pin lists are equivalent.
Device classes sky130_fd_sc_hd__buf_1 and sky130_fd_sc_hd__buf_1 are equivalent.

Cell sky130_fd_sc_hd__a21boi_2 (0) disconnected node: A1
Cell sky130_fd_sc_hd__a21boi_2 (0) disconnected node: A2
Cell sky130_fd_sc_hd__a21boi_2 (0) disconnected node: B1_N
Cell sky130_fd_sc_hd__a21boi_2 (0) disconnected node: VGND
Cell sky130_fd_sc_hd__a21boi_2 (0) disconnected node: VNB
Cell sky130_fd_sc_hd__a21boi_2 (0) disconnected node: VPB
Cell sky130_fd_sc_hd__a21boi_2 (0) disconnected node: VPWR
Cell sky130_fd_sc_hd__a21boi_2 (0) disconnected node: Y

Subcircuit pins:
Circuit 1: sky130_fd_sc_hd__a21boi_2       |Circuit 2: sky130_fd_sc_hd__a21boi_2       
-------------------------------------------|-------------------------------------------
A1                                         |A1                                         
A2                                         |A2                                         
B1_N                                       |B1_N                                       
VGND                                       |VGND                                       
VNB                                        |VNB                                        
VPB                                        |VPB                                        
VPWR                                       |VPWR                                       
Y                                          |Y                                          
---------------------------------------------------------------------------------------
Cell pin lists are equivalent.
Device classes sky130_fd_sc_hd__a21boi_2 and sky130_fd_sc_hd__a21boi_2 are equivalent.

Cell sky130_fd_sc_hd__and2_4 (0) disconnected node: A
Cell sky130_fd_sc_hd__and2_4 (0) disconnected node: B
Cell sky130_fd_sc_hd__and2_4 (0) disconnected node: VGND
Cell sky130_fd_sc_hd__and2_4 (0) disconnected node: VNB
Cell sky130_fd_sc_hd__and2_4 (0) disconnected node: VPB
Cell sky130_fd_sc_hd__and2_4 (0) disconnected node: VPWR
Cell sky130_fd_sc_hd__and2_4 (0) disconnected node: X

Subcircuit pins:
Circuit 1: sky130_fd_sc_hd__and2_4         |Circuit 2: sky130_fd_sc_hd__and2_4         
-------------------------------------------|-------------------------------------------
A                                          |A                                          
B                                          |B                                          
VGND                                       |VGND                                       
VNB                                        |VNB                                        
VPB                                        |VPB                                        
VPWR                                       |VPWR                                       
X                                          |X                                          
---------------------------------------------------------------------------------------
Cell pin lists are equivalent.
Device classes sky130_fd_sc_hd__and2_4 and sky130_fd_sc_hd__and2_4 are equivalent.

Cell sky130_fd_sc_hd__o2111a_2 (0) disconnected node: A1
Cell sky130_fd_sc_hd__o2111a_2 (0) disconnected node: A2
Cell sky130_fd_sc_hd__o2111a_2 (0) disconnected node: B1
Cell sky130_fd_sc_hd__o2111a_2 (0) disconnected node: C1
Cell sky130_fd_sc_hd__o2111a_2 (0) disconnected node: D1
Cell sky130_fd_sc_hd__o2111a_2 (0) disconnected node: VGND
Cell sky130_fd_sc_hd__o2111a_2 (0) disconnected node: VNB
Cell sky130_fd_sc_hd__o2111a_2 (0) disconnected node: VPB
Cell sky130_fd_sc_hd__o2111a_2 (0) disconnected node: VPWR
Cell sky130_fd_sc_hd__o2111a_2 (0) disconnected node: X

Subcircuit pins:
Circuit 1: sky130_fd_sc_hd__o2111a_2       |Circuit 2: sky130_fd_sc_hd__o2111a_2       
-------------------------------------------|-------------------------------------------
A1                                         |A1                                         
A2                                         |A2                                         
B1                                         |B1                                         
C1                                         |C1                                         
D1                                         |D1                                         
VGND                                       |VGND                                       
VNB                                        |VNB                                        
VPB                                        |VPB                                        
VPWR                                       |VPWR                                       
X                                          |X                                          
---------------------------------------------------------------------------------------
Cell pin lists are equivalent.
Device classes sky130_fd_sc_hd__o2111a_2 and sky130_fd_sc_hd__o2111a_2 are equivalent.

Cell sky130_fd_sc_hd__and4_4 (0) disconnected node: A
Cell sky130_fd_sc_hd__and4_4 (0) disconnected node: B
Cell sky130_fd_sc_hd__and4_4 (0) disconnected node: C
Cell sky130_fd_sc_hd__and4_4 (0) disconnected node: D
Cell sky130_fd_sc_hd__and4_4 (0) disconnected node: VGND
Cell sky130_fd_sc_hd__and4_4 (0) disconnected node: VNB
Cell sky130_fd_sc_hd__and4_4 (0) disconnected node: VPB
Cell sky130_fd_sc_hd__and4_4 (0) disconnected node: VPWR
Cell sky130_fd_sc_hd__and4_4 (0) disconnected node: X

Subcircuit pins:
Circuit 1: sky130_fd_sc_hd__and4_4         |Circuit 2: sky130_fd_sc_hd__and4_4         
-------------------------------------------|-------------------------------------------
A                                          |A                                          
B                                          |B                                          
C                                          |C                                          
D                                          |D                                          
VGND                                       |VGND                                       
VNB                                        |VNB                                        
VPB                                        |VPB                                        
VPWR                                       |VPWR                                       
X                                          |X                                          
---------------------------------------------------------------------------------------
Cell pin lists are equivalent.
Device classes sky130_fd_sc_hd__and4_4 and sky130_fd_sc_hd__and4_4 are equivalent.

Cell sky130_fd_sc_hd__o31ai_2 (0) disconnected node: A1
Cell sky130_fd_sc_hd__o31ai_2 (0) disconnected node: A2
Cell sky130_fd_sc_hd__o31ai_2 (0) disconnected node: A3
Cell sky130_fd_sc_hd__o31ai_2 (0) disconnected node: B1
Cell sky130_fd_sc_hd__o31ai_2 (0) disconnected node: VGND
Cell sky130_fd_sc_hd__o31ai_2 (0) disconnected node: VNB
Cell sky130_fd_sc_hd__o31ai_2 (0) disconnected node: VPB
Cell sky130_fd_sc_hd__o31ai_2 (0) disconnected node: VPWR
Cell sky130_fd_sc_hd__o31ai_2 (0) disconnected node: Y

Subcircuit pins:
Circuit 1: sky130_fd_sc_hd__o31ai_2        |Circuit 2: sky130_fd_sc_hd__o31ai_2        
-------------------------------------------|-------------------------------------------
A1                                         |A1                                         
A2                                         |A2                                         
A3                                         |A3                                         
B1                                         |B1                                         
VGND                                       |VGND                                       
VNB                                        |VNB                                        
VPB                                        |VPB                                        
VPWR                                       |VPWR                                       
Y                                          |Y                                          
---------------------------------------------------------------------------------------
Cell pin lists are equivalent.
Device classes sky130_fd_sc_hd__o31ai_2 and sky130_fd_sc_hd__o31ai_2 are equivalent.

Cell sky130_fd_sc_hd__o311a_2 (0) disconnected node: A1
Cell sky130_fd_sc_hd__o311a_2 (0) disconnected node: A2
Cell sky130_fd_sc_hd__o311a_2 (0) disconnected node: A3
Cell sky130_fd_sc_hd__o311a_2 (0) disconnected node: B1
Cell sky130_fd_sc_hd__o311a_2 (0) disconnected node: C1
Cell sky130_fd_sc_hd__o311a_2 (0) disconnected node: VGND
Cell sky130_fd_sc_hd__o311a_2 (0) disconnected node: VNB
Cell sky130_fd_sc_hd__o311a_2 (0) disconnected node: VPB
Cell sky130_fd_sc_hd__o311a_2 (0) disconnected node: VPWR
Cell sky130_fd_sc_hd__o311a_2 (0) disconnected node: X

Subcircuit pins:
Circuit 1: sky130_fd_sc_hd__o311a_2        |Circuit 2: sky130_fd_sc_hd__o311a_2        
-------------------------------------------|-------------------------------------------
A1                                         |A1                                         
A2                                         |A2                                         
A3                                         |A3                                         
B1                                         |B1                                         
C1                                         |C1                                         
VGND                                       |VGND                                       
VNB                                        |VNB                                        
VPB                                        |VPB                                        
VPWR                                       |VPWR                                       
X                                          |X                                          
---------------------------------------------------------------------------------------
Cell pin lists are equivalent.
Device classes sky130_fd_sc_hd__o311a_2 and sky130_fd_sc_hd__o311a_2 are equivalent.

Cell sky130_fd_sc_hd__clkbuf_8 (0) disconnected node: A
Cell sky130_fd_sc_hd__clkbuf_8 (0) disconnected node: VGND
Cell sky130_fd_sc_hd__clkbuf_8 (0) disconnected node: VNB
Cell sky130_fd_sc_hd__clkbuf_8 (0) disconnected node: VPB
Cell sky130_fd_sc_hd__clkbuf_8 (0) disconnected node: VPWR
Cell sky130_fd_sc_hd__clkbuf_8 (0) disconnected node: X

Subcircuit pins:
Circuit 1: sky130_fd_sc_hd__clkbuf_8       |Circuit 2: sky130_fd_sc_hd__clkbuf_8       
-------------------------------------------|-------------------------------------------
A                                          |A                                          
VGND                                       |VGND                                       
VNB                                        |VNB                                        
VPB                                        |VPB                                        
VPWR                                       |VPWR                                       
X                                          |X                                          
---------------------------------------------------------------------------------------
Cell pin lists are equivalent.
Device classes sky130_fd_sc_hd__clkbuf_8 and sky130_fd_sc_hd__clkbuf_8 are equivalent.

Cell sky130_fd_sc_hd__a31o_4 (0) disconnected node: A1
Cell sky130_fd_sc_hd__a31o_4 (0) disconnected node: A2
Cell sky130_fd_sc_hd__a31o_4 (0) disconnected node: A3
Cell sky130_fd_sc_hd__a31o_4 (0) disconnected node: B1
Cell sky130_fd_sc_hd__a31o_4 (0) disconnected node: VGND
Cell sky130_fd_sc_hd__a31o_4 (0) disconnected node: VNB
Cell sky130_fd_sc_hd__a31o_4 (0) disconnected node: VPB
Cell sky130_fd_sc_hd__a31o_4 (0) disconnected node: VPWR
Cell sky130_fd_sc_hd__a31o_4 (0) disconnected node: X

Subcircuit pins:
Circuit 1: sky130_fd_sc_hd__a31o_4         |Circuit 2: sky130_fd_sc_hd__a31o_4         
-------------------------------------------|-------------------------------------------
A1                                         |A1                                         
A2                                         |A2                                         
A3                                         |A3                                         
B1                                         |B1                                         
VGND                                       |VGND                                       
VNB                                        |VNB                                        
VPB                                        |VPB                                        
VPWR                                       |VPWR                                       
X                                          |X                                          
---------------------------------------------------------------------------------------
Cell pin lists are equivalent.
Device classes sky130_fd_sc_hd__a31o_4 and sky130_fd_sc_hd__a31o_4 are equivalent.

Cell sky130_fd_sc_hd__bufinv_16 (0) disconnected node: A
Cell sky130_fd_sc_hd__bufinv_16 (0) disconnected node: VGND
Cell sky130_fd_sc_hd__bufinv_16 (0) disconnected node: VNB
Cell sky130_fd_sc_hd__bufinv_16 (0) disconnected node: VPB
Cell sky130_fd_sc_hd__bufinv_16 (0) disconnected node: VPWR
Cell sky130_fd_sc_hd__bufinv_16 (0) disconnected node: Y

Subcircuit pins:
Circuit 1: sky130_fd_sc_hd__bufinv_16      |Circuit 2: sky130_fd_sc_hd__bufinv_16      
-------------------------------------------|-------------------------------------------
A                                          |A                                          
VGND                                       |VGND                                       
VNB                                        |VNB                                        
VPB                                        |VPB                                        
VPWR                                       |VPWR                                       
Y                                          |Y                                          
---------------------------------------------------------------------------------------
Cell pin lists are equivalent.
Device classes sky130_fd_sc_hd__bufinv_16 and sky130_fd_sc_hd__bufinv_16 are equivalent.

Cell sky130_fd_sc_hd__inv_4 (0) disconnected node: A
Cell sky130_fd_sc_hd__inv_4 (0) disconnected node: VGND
Cell sky130_fd_sc_hd__inv_4 (0) disconnected node: VNB
Cell sky130_fd_sc_hd__inv_4 (0) disconnected node: VPB
Cell sky130_fd_sc_hd__inv_4 (0) disconnected node: VPWR
Cell sky130_fd_sc_hd__inv_4 (0) disconnected node: Y

Subcircuit pins:
Circuit 1: sky130_fd_sc_hd__inv_4          |Circuit 2: sky130_fd_sc_hd__inv_4          
-------------------------------------------|-------------------------------------------
A                                          |A                                          
VGND                                       |VGND                                       
VNB                                        |VNB                                        
VPB                                        |VPB                                        
VPWR                                       |VPWR                                       
Y                                          |Y                                          
---------------------------------------------------------------------------------------
Cell pin lists are equivalent.
Device classes sky130_fd_sc_hd__inv_4 and sky130_fd_sc_hd__inv_4 are equivalent.

Cell sky130_fd_sc_hd__nor2_4 (0) disconnected node: A
Cell sky130_fd_sc_hd__nor2_4 (0) disconnected node: B
Cell sky130_fd_sc_hd__nor2_4 (0) disconnected node: VGND
Cell sky130_fd_sc_hd__nor2_4 (0) disconnected node: VNB
Cell sky130_fd_sc_hd__nor2_4 (0) disconnected node: VPB
Cell sky130_fd_sc_hd__nor2_4 (0) disconnected node: VPWR
Cell sky130_fd_sc_hd__nor2_4 (0) disconnected node: Y

Subcircuit pins:
Circuit 1: sky130_fd_sc_hd__nor2_4         |Circuit 2: sky130_fd_sc_hd__nor2_4         
-------------------------------------------|-------------------------------------------
A                                          |A                                          
B                                          |B                                          
VGND                                       |VGND                                       
VNB                                        |VNB                                        
VPB                                        |VPB                                        
VPWR                                       |VPWR                                       
Y                                          |Y                                          
---------------------------------------------------------------------------------------
Cell pin lists are equivalent.
Device classes sky130_fd_sc_hd__nor2_4 and sky130_fd_sc_hd__nor2_4 are equivalent.

Cell sky130_fd_sc_hd__a221oi_2 (0) disconnected node: A1
Cell sky130_fd_sc_hd__a221oi_2 (0) disconnected node: A2
Cell sky130_fd_sc_hd__a221oi_2 (0) disconnected node: B1
Cell sky130_fd_sc_hd__a221oi_2 (0) disconnected node: B2
Cell sky130_fd_sc_hd__a221oi_2 (0) disconnected node: C1
Cell sky130_fd_sc_hd__a221oi_2 (0) disconnected node: VGND
Cell sky130_fd_sc_hd__a221oi_2 (0) disconnected node: VNB
Cell sky130_fd_sc_hd__a221oi_2 (0) disconnected node: VPB
Cell sky130_fd_sc_hd__a221oi_2 (0) disconnected node: VPWR
Cell sky130_fd_sc_hd__a221oi_2 (0) disconnected node: Y

Subcircuit pins:
Circuit 1: sky130_fd_sc_hd__a221oi_2       |Circuit 2: sky130_fd_sc_hd__a221oi_2       
-------------------------------------------|-------------------------------------------
A1                                         |A1                                         
A2                                         |A2                                         
B1                                         |B1                                         
B2                                         |B2                                         
C1                                         |C1                                         
VGND                                       |VGND                                       
VNB                                        |VNB                                        
VPB                                        |VPB                                        
VPWR                                       |VPWR                                       
Y                                          |Y                                          
---------------------------------------------------------------------------------------
Cell pin lists are equivalent.
Device classes sky130_fd_sc_hd__a221oi_2 and sky130_fd_sc_hd__a221oi_2 are equivalent.

Cell sky130_fd_sc_hd__and3b_2 (0) disconnected node: A_N
Cell sky130_fd_sc_hd__and3b_2 (0) disconnected node: B
Cell sky130_fd_sc_hd__and3b_2 (0) disconnected node: C
Cell sky130_fd_sc_hd__and3b_2 (0) disconnected node: VGND
Cell sky130_fd_sc_hd__and3b_2 (0) disconnected node: VNB
Cell sky130_fd_sc_hd__and3b_2 (0) disconnected node: VPB
Cell sky130_fd_sc_hd__and3b_2 (0) disconnected node: VPWR
Cell sky130_fd_sc_hd__and3b_2 (0) disconnected node: X

Subcircuit pins:
Circuit 1: sky130_fd_sc_hd__and3b_2        |Circuit 2: sky130_fd_sc_hd__and3b_2        
-------------------------------------------|-------------------------------------------
A_N                                        |A_N                                        
B                                          |B                                          
C                                          |C                                          
VGND                                       |VGND                                       
VNB                                        |VNB                                        
VPB                                        |VPB                                        
VPWR                                       |VPWR                                       
X                                          |X                                          
---------------------------------------------------------------------------------------
Cell pin lists are equivalent.
Device classes sky130_fd_sc_hd__and3b_2 and sky130_fd_sc_hd__and3b_2 are equivalent.

Cell sky130_fd_sc_hd__nand3b_2 (0) disconnected node: A_N
Cell sky130_fd_sc_hd__nand3b_2 (0) disconnected node: B
Cell sky130_fd_sc_hd__nand3b_2 (0) disconnected node: C
Cell sky130_fd_sc_hd__nand3b_2 (0) disconnected node: VGND
Cell sky130_fd_sc_hd__nand3b_2 (0) disconnected node: VNB
Cell sky130_fd_sc_hd__nand3b_2 (0) disconnected node: VPB
Cell sky130_fd_sc_hd__nand3b_2 (0) disconnected node: VPWR
Cell sky130_fd_sc_hd__nand3b_2 (0) disconnected node: Y

Subcircuit pins:
Circuit 1: sky130_fd_sc_hd__nand3b_2       |Circuit 2: sky130_fd_sc_hd__nand3b_2       
-------------------------------------------|-------------------------------------------
A_N                                        |A_N                                        
B                                          |B                                          
C                                          |C                                          
VGND                                       |VGND                                       
VNB                                        |VNB                                        
VPB                                        |VPB                                        
VPWR                                       |VPWR                                       
Y                                          |Y                                          
---------------------------------------------------------------------------------------
Cell pin lists are equivalent.
Device classes sky130_fd_sc_hd__nand3b_2 and sky130_fd_sc_hd__nand3b_2 are equivalent.

Cell sky130_fd_sc_hd__clkinv_1 (0) disconnected node: A
Cell sky130_fd_sc_hd__clkinv_1 (0) disconnected node: VGND
Cell sky130_fd_sc_hd__clkinv_1 (0) disconnected node: VNB
Cell sky130_fd_sc_hd__clkinv_1 (0) disconnected node: VPB
Cell sky130_fd_sc_hd__clkinv_1 (0) disconnected node: VPWR
Cell sky130_fd_sc_hd__clkinv_1 (0) disconnected node: Y

Subcircuit pins:
Circuit 1: sky130_fd_sc_hd__clkinv_1       |Circuit 2: sky130_fd_sc_hd__clkinv_1       
-------------------------------------------|-------------------------------------------
A                                          |A                                          
VGND                                       |VGND                                       
VNB                                        |VNB                                        
VPB                                        |VPB                                        
VPWR                                       |VPWR                                       
Y                                          |Y                                          
---------------------------------------------------------------------------------------
Cell pin lists are equivalent.
Device classes sky130_fd_sc_hd__clkinv_1 and sky130_fd_sc_hd__clkinv_1 are equivalent.

Cell sky130_fd_sc_hd__clkinvlp_4 (0) disconnected node: A
Cell sky130_fd_sc_hd__clkinvlp_4 (0) disconnected node: VGND
Cell sky130_fd_sc_hd__clkinvlp_4 (0) disconnected node: VNB
Cell sky130_fd_sc_hd__clkinvlp_4 (0) disconnected node: VPB
Cell sky130_fd_sc_hd__clkinvlp_4 (0) disconnected node: VPWR
Cell sky130_fd_sc_hd__clkinvlp_4 (0) disconnected node: Y

Subcircuit pins:
Circuit 1: sky130_fd_sc_hd__clkinvlp_4     |Circuit 2: sky130_fd_sc_hd__clkinvlp_4     
-------------------------------------------|-------------------------------------------
A                                          |A                                          
VGND                                       |VGND                                       
VNB                                        |VNB                                        
VPB                                        |VPB                                        
VPWR                                       |VPWR                                       
Y                                          |Y                                          
---------------------------------------------------------------------------------------
Cell pin lists are equivalent.
Device classes sky130_fd_sc_hd__clkinvlp_4 and sky130_fd_sc_hd__clkinvlp_4 are equivalent.

Cell sky130_fd_sc_hd__clkinv_2 (0) disconnected node: A
Cell sky130_fd_sc_hd__clkinv_2 (0) disconnected node: VGND
Cell sky130_fd_sc_hd__clkinv_2 (0) disconnected node: VNB
Cell sky130_fd_sc_hd__clkinv_2 (0) disconnected node: VPB
Cell sky130_fd_sc_hd__clkinv_2 (0) disconnected node: VPWR
Cell sky130_fd_sc_hd__clkinv_2 (0) disconnected node: Y

Subcircuit pins:
Circuit 1: sky130_fd_sc_hd__clkinv_2       |Circuit 2: sky130_fd_sc_hd__clkinv_2       
-------------------------------------------|-------------------------------------------
A                                          |A                                          
VGND                                       |VGND                                       
VNB                                        |VNB                                        
VPB                                        |VPB                                        
VPWR                                       |VPWR                                       
Y                                          |Y                                          
---------------------------------------------------------------------------------------
Cell pin lists are equivalent.
Device classes sky130_fd_sc_hd__clkinv_2 and sky130_fd_sc_hd__clkinv_2 are equivalent.

Cell sky130_fd_sc_hd__or3_4 (0) disconnected node: A
Cell sky130_fd_sc_hd__or3_4 (0) disconnected node: B
Cell sky130_fd_sc_hd__or3_4 (0) disconnected node: C
Cell sky130_fd_sc_hd__or3_4 (0) disconnected node: VGND
Cell sky130_fd_sc_hd__or3_4 (0) disconnected node: VNB
Cell sky130_fd_sc_hd__or3_4 (0) disconnected node: VPB
Cell sky130_fd_sc_hd__or3_4 (0) disconnected node: VPWR
Cell sky130_fd_sc_hd__or3_4 (0) disconnected node: X

Subcircuit pins:
Circuit 1: sky130_fd_sc_hd__or3_4          |Circuit 2: sky130_fd_sc_hd__or3_4          
-------------------------------------------|-------------------------------------------
A                                          |A                                          
B                                          |B                                          
C                                          |C                                          
VGND                                       |VGND                                       
VNB                                        |VNB                                        
VPB                                        |VPB                                        
VPWR                                       |VPWR                                       
X                                          |X                                          
---------------------------------------------------------------------------------------
Cell pin lists are equivalent.
Device classes sky130_fd_sc_hd__or3_4 and sky130_fd_sc_hd__or3_4 are equivalent.

Cell sky130_fd_sc_hd__clkbuf_1 (0) disconnected node: A
Cell sky130_fd_sc_hd__clkbuf_1 (0) disconnected node: VGND
Cell sky130_fd_sc_hd__clkbuf_1 (0) disconnected node: VNB
Cell sky130_fd_sc_hd__clkbuf_1 (0) disconnected node: VPB
Cell sky130_fd_sc_hd__clkbuf_1 (0) disconnected node: VPWR
Cell sky130_fd_sc_hd__clkbuf_1 (0) disconnected node: X

Subcircuit pins:
Circuit 1: sky130_fd_sc_hd__clkbuf_1       |Circuit 2: sky130_fd_sc_hd__clkbuf_1       
-------------------------------------------|-------------------------------------------
A                                          |A                                          
VGND                                       |VGND                                       
VNB                                        |VNB                                        
VPB                                        |VPB                                        
VPWR                                       |VPWR                                       
X                                          |X                                          
---------------------------------------------------------------------------------------
Cell pin lists are equivalent.
Device classes sky130_fd_sc_hd__clkbuf_1 and sky130_fd_sc_hd__clkbuf_1 are equivalent.

Cell sky130_fd_sc_hd__nor4b_1 (0) disconnected node: A
Cell sky130_fd_sc_hd__nor4b_1 (0) disconnected node: B
Cell sky130_fd_sc_hd__nor4b_1 (0) disconnected node: C
Cell sky130_fd_sc_hd__nor4b_1 (0) disconnected node: D_N
Cell sky130_fd_sc_hd__nor4b_1 (0) disconnected node: VGND
Cell sky130_fd_sc_hd__nor4b_1 (0) disconnected node: VNB
Cell sky130_fd_sc_hd__nor4b_1 (0) disconnected node: VPB
Cell sky130_fd_sc_hd__nor4b_1 (0) disconnected node: VPWR
Cell sky130_fd_sc_hd__nor4b_1 (0) disconnected node: Y

Subcircuit pins:
Circuit 1: sky130_fd_sc_hd__nor4b_1        |Circuit 2: sky130_fd_sc_hd__nor4b_1        
-------------------------------------------|-------------------------------------------
A                                          |A                                          
B                                          |B                                          
C                                          |C                                          
D_N                                        |D_N                                        
VGND                                       |VGND                                       
VNB                                        |VNB                                        
VPB                                        |VPB                                        
VPWR                                       |VPWR                                       
Y                                          |Y                                          
---------------------------------------------------------------------------------------
Cell pin lists are equivalent.
Device classes sky130_fd_sc_hd__nor4b_1 and sky130_fd_sc_hd__nor4b_1 are equivalent.

Cell sky130_fd_sc_hd__a21oi_4 (0) disconnected node: A1
Cell sky130_fd_sc_hd__a21oi_4 (0) disconnected node: A2
Cell sky130_fd_sc_hd__a21oi_4 (0) disconnected node: B1
Cell sky130_fd_sc_hd__a21oi_4 (0) disconnected node: VGND
Cell sky130_fd_sc_hd__a21oi_4 (0) disconnected node: VNB
Cell sky130_fd_sc_hd__a21oi_4 (0) disconnected node: VPB
Cell sky130_fd_sc_hd__a21oi_4 (0) disconnected node: VPWR
Cell sky130_fd_sc_hd__a21oi_4 (0) disconnected node: Y

Subcircuit pins:
Circuit 1: sky130_fd_sc_hd__a21oi_4        |Circuit 2: sky130_fd_sc_hd__a21oi_4        
-------------------------------------------|-------------------------------------------
A1                                         |A1                                         
A2                                         |A2                                         
B1                                         |B1                                         
VGND                                       |VGND                                       
VNB                                        |VNB                                        
VPB                                        |VPB                                        
VPWR                                       |VPWR                                       
Y                                          |Y                                          
---------------------------------------------------------------------------------------
Cell pin lists are equivalent.
Device classes sky130_fd_sc_hd__a21oi_4 and sky130_fd_sc_hd__a21oi_4 are equivalent.

Cell sky130_fd_sc_hd__o221ai_2 (0) disconnected node: A1
Cell sky130_fd_sc_hd__o221ai_2 (0) disconnected node: A2
Cell sky130_fd_sc_hd__o221ai_2 (0) disconnected node: B1
Cell sky130_fd_sc_hd__o221ai_2 (0) disconnected node: B2
Cell sky130_fd_sc_hd__o221ai_2 (0) disconnected node: C1
Cell sky130_fd_sc_hd__o221ai_2 (0) disconnected node: VGND
Cell sky130_fd_sc_hd__o221ai_2 (0) disconnected node: VNB
Cell sky130_fd_sc_hd__o221ai_2 (0) disconnected node: VPB
Cell sky130_fd_sc_hd__o221ai_2 (0) disconnected node: VPWR
Cell sky130_fd_sc_hd__o221ai_2 (0) disconnected node: Y

Subcircuit pins:
Circuit 1: sky130_fd_sc_hd__o221ai_2       |Circuit 2: sky130_fd_sc_hd__o221ai_2       
-------------------------------------------|-------------------------------------------
A1                                         |A1                                         
A2                                         |A2                                         
B1                                         |B1                                         
B2                                         |B2                                         
C1                                         |C1                                         
VGND                                       |VGND                                       
VNB                                        |VNB                                        
VPB                                        |VPB                                        
VPWR                                       |VPWR                                       
Y                                          |Y                                          
---------------------------------------------------------------------------------------
Cell pin lists are equivalent.
Device classes sky130_fd_sc_hd__o221ai_2 and sky130_fd_sc_hd__o221ai_2 are equivalent.

Cell sky130_fd_sc_hd__nand2b_4 (0) disconnected node: A_N
Cell sky130_fd_sc_hd__nand2b_4 (0) disconnected node: B
Cell sky130_fd_sc_hd__nand2b_4 (0) disconnected node: VGND
Cell sky130_fd_sc_hd__nand2b_4 (0) disconnected node: VNB
Cell sky130_fd_sc_hd__nand2b_4 (0) disconnected node: VPB
Cell sky130_fd_sc_hd__nand2b_4 (0) disconnected node: VPWR
Cell sky130_fd_sc_hd__nand2b_4 (0) disconnected node: Y

Subcircuit pins:
Circuit 1: sky130_fd_sc_hd__nand2b_4       |Circuit 2: sky130_fd_sc_hd__nand2b_4       
-------------------------------------------|-------------------------------------------
A_N                                        |A_N                                        
B                                          |B                                          
VGND                                       |VGND                                       
VNB                                        |VNB                                        
VPB                                        |VPB                                        
VPWR                                       |VPWR                                       
Y                                          |Y                                          
---------------------------------------------------------------------------------------
Cell pin lists are equivalent.
Device classes sky130_fd_sc_hd__nand2b_4 and sky130_fd_sc_hd__nand2b_4 are equivalent.

Cell sky130_fd_sc_hd__clkbuf_4 (0) disconnected node: A
Cell sky130_fd_sc_hd__clkbuf_4 (0) disconnected node: VGND
Cell sky130_fd_sc_hd__clkbuf_4 (0) disconnected node: VNB
Cell sky130_fd_sc_hd__clkbuf_4 (0) disconnected node: VPB
Cell sky130_fd_sc_hd__clkbuf_4 (0) disconnected node: VPWR
Cell sky130_fd_sc_hd__clkbuf_4 (0) disconnected node: X

Subcircuit pins:
Circuit 1: sky130_fd_sc_hd__clkbuf_4       |Circuit 2: sky130_fd_sc_hd__clkbuf_4       
-------------------------------------------|-------------------------------------------
A                                          |A                                          
VGND                                       |VGND                                       
VNB                                        |VNB                                        
VPB                                        |VPB                                        
VPWR                                       |VPWR                                       
X                                          |X                                          
---------------------------------------------------------------------------------------
Cell pin lists are equivalent.
Device classes sky130_fd_sc_hd__clkbuf_4 and sky130_fd_sc_hd__clkbuf_4 are equivalent.

Cell sky130_fd_sc_hd__a2111o_2 (0) disconnected node: A1
Cell sky130_fd_sc_hd__a2111o_2 (0) disconnected node: A2
Cell sky130_fd_sc_hd__a2111o_2 (0) disconnected node: B1
Cell sky130_fd_sc_hd__a2111o_2 (0) disconnected node: C1
Cell sky130_fd_sc_hd__a2111o_2 (0) disconnected node: D1
Cell sky130_fd_sc_hd__a2111o_2 (0) disconnected node: VGND
Cell sky130_fd_sc_hd__a2111o_2 (0) disconnected node: VNB
Cell sky130_fd_sc_hd__a2111o_2 (0) disconnected node: VPB
Cell sky130_fd_sc_hd__a2111o_2 (0) disconnected node: VPWR
Cell sky130_fd_sc_hd__a2111o_2 (0) disconnected node: X

Subcircuit pins:
Circuit 1: sky130_fd_sc_hd__a2111o_2       |Circuit 2: sky130_fd_sc_hd__a2111o_2       
-------------------------------------------|-------------------------------------------
A1                                         |A1                                         
A2                                         |A2                                         
B1                                         |B1                                         
C1                                         |C1                                         
D1                                         |D1                                         
VGND                                       |VGND                                       
VNB                                        |VNB                                        
VPB                                        |VPB                                        
VPWR                                       |VPWR                                       
X                                          |X                                          
---------------------------------------------------------------------------------------
Cell pin lists are equivalent.
Device classes sky130_fd_sc_hd__a2111o_2 and sky130_fd_sc_hd__a2111o_2 are equivalent.

Cell sky130_fd_sc_hd__mux4_2 (0) disconnected node: A0
Cell sky130_fd_sc_hd__mux4_2 (0) disconnected node: A1
Cell sky130_fd_sc_hd__mux4_2 (0) disconnected node: A2
Cell sky130_fd_sc_hd__mux4_2 (0) disconnected node: A3
Cell sky130_fd_sc_hd__mux4_2 (0) disconnected node: S0
Cell sky130_fd_sc_hd__mux4_2 (0) disconnected node: S1
Cell sky130_fd_sc_hd__mux4_2 (0) disconnected node: VGND
Cell sky130_fd_sc_hd__mux4_2 (0) disconnected node: VNB
Cell sky130_fd_sc_hd__mux4_2 (0) disconnected node: VPB
Cell sky130_fd_sc_hd__mux4_2 (0) disconnected node: VPWR
Cell sky130_fd_sc_hd__mux4_2 (0) disconnected node: X

Subcircuit pins:
Circuit 1: sky130_fd_sc_hd__mux4_2         |Circuit 2: sky130_fd_sc_hd__mux4_2         
-------------------------------------------|-------------------------------------------
A0                                         |A0                                         
A1                                         |A1                                         
A2                                         |A2                                         
A3                                         |A3                                         
S0                                         |S0                                         
S1                                         |S1                                         
VGND                                       |VGND                                       
VNB                                        |VNB                                        
VPB                                        |VPB                                        
VPWR                                       |VPWR                                       
X                                          |X                                          
---------------------------------------------------------------------------------------
Cell pin lists are equivalent.
Device classes sky130_fd_sc_hd__mux4_2 and sky130_fd_sc_hd__mux4_2 are equivalent.

Cell sky130_fd_sc_hd__clkbuf_2 (0) disconnected node: A
Cell sky130_fd_sc_hd__clkbuf_2 (0) disconnected node: VGND
Cell sky130_fd_sc_hd__clkbuf_2 (0) disconnected node: VNB
Cell sky130_fd_sc_hd__clkbuf_2 (0) disconnected node: VPB
Cell sky130_fd_sc_hd__clkbuf_2 (0) disconnected node: VPWR
Cell sky130_fd_sc_hd__clkbuf_2 (0) disconnected node: X

Subcircuit pins:
Circuit 1: sky130_fd_sc_hd__clkbuf_2       |Circuit 2: sky130_fd_sc_hd__clkbuf_2       
-------------------------------------------|-------------------------------------------
A                                          |A                                          
VGND                                       |VGND                                       
VNB                                        |VNB                                        
VPB                                        |VPB                                        
VPWR                                       |VPWR                                       
X                                          |X                                          
---------------------------------------------------------------------------------------
Cell pin lists are equivalent.
Device classes sky130_fd_sc_hd__clkbuf_2 and sky130_fd_sc_hd__clkbuf_2 are equivalent.

Cell sky130_fd_sc_hd__dfstp_2 (0) disconnected node: CLK
Cell sky130_fd_sc_hd__dfstp_2 (0) disconnected node: D
Cell sky130_fd_sc_hd__dfstp_2 (0) disconnected node: SET_B
Cell sky130_fd_sc_hd__dfstp_2 (0) disconnected node: VGND
Cell sky130_fd_sc_hd__dfstp_2 (0) disconnected node: VNB
Cell sky130_fd_sc_hd__dfstp_2 (0) disconnected node: VPB
Cell sky130_fd_sc_hd__dfstp_2 (0) disconnected node: VPWR
Cell sky130_fd_sc_hd__dfstp_2 (0) disconnected node: Q

Subcircuit pins:
Circuit 1: sky130_fd_sc_hd__dfstp_2        |Circuit 2: sky130_fd_sc_hd__dfstp_2        
-------------------------------------------|-------------------------------------------
CLK                                        |CLK                                        
D                                          |D                                          
SET_B                                      |SET_B                                      
VGND                                       |VGND                                       
VNB                                        |VNB                                        
VPB                                        |VPB                                        
VPWR                                       |VPWR                                       
Q                                          |Q                                          
---------------------------------------------------------------------------------------
Cell pin lists are equivalent.
Device classes sky130_fd_sc_hd__dfstp_2 and sky130_fd_sc_hd__dfstp_2 are equivalent.

Cell sky130_fd_sc_hd__nor2b_2 (0) disconnected node: A
Cell sky130_fd_sc_hd__nor2b_2 (0) disconnected node: B_N
Cell sky130_fd_sc_hd__nor2b_2 (0) disconnected node: VGND
Cell sky130_fd_sc_hd__nor2b_2 (0) disconnected node: VNB
Cell sky130_fd_sc_hd__nor2b_2 (0) disconnected node: VPB
Cell sky130_fd_sc_hd__nor2b_2 (0) disconnected node: VPWR
Cell sky130_fd_sc_hd__nor2b_2 (0) disconnected node: Y

Subcircuit pins:
Circuit 1: sky130_fd_sc_hd__nor2b_2        |Circuit 2: sky130_fd_sc_hd__nor2b_2        
-------------------------------------------|-------------------------------------------
A                                          |A                                          
B_N                                        |B_N                                        
VGND                                       |VGND                                       
VNB                                        |VNB                                        
VPB                                        |VPB                                        
VPWR                                       |VPWR                                       
Y                                          |Y                                          
---------------------------------------------------------------------------------------
Cell pin lists are equivalent.
Device classes sky130_fd_sc_hd__nor2b_2 and sky130_fd_sc_hd__nor2b_2 are equivalent.

Cell sky130_fd_sc_hd__or4_2 (0) disconnected node: A
Cell sky130_fd_sc_hd__or4_2 (0) disconnected node: B
Cell sky130_fd_sc_hd__or4_2 (0) disconnected node: C
Cell sky130_fd_sc_hd__or4_2 (0) disconnected node: D
Cell sky130_fd_sc_hd__or4_2 (0) disconnected node: VGND
Cell sky130_fd_sc_hd__or4_2 (0) disconnected node: VNB
Cell sky130_fd_sc_hd__or4_2 (0) disconnected node: VPB
Cell sky130_fd_sc_hd__or4_2 (0) disconnected node: VPWR
Cell sky130_fd_sc_hd__or4_2 (0) disconnected node: X

Subcircuit pins:
Circuit 1: sky130_fd_sc_hd__or4_2          |Circuit 2: sky130_fd_sc_hd__or4_2          
-------------------------------------------|-------------------------------------------
A                                          |A                                          
B                                          |B                                          
C                                          |C                                          
D                                          |D                                          
VGND                                       |VGND                                       
VNB                                        |VNB                                        
VPB                                        |VPB                                        
VPWR                                       |VPWR                                       
X                                          |X                                          
---------------------------------------------------------------------------------------
Cell pin lists are equivalent.
Device classes sky130_fd_sc_hd__or4_2 and sky130_fd_sc_hd__or4_2 are equivalent.

Cell sky130_fd_sc_hd__inv_12 (0) disconnected node: A
Cell sky130_fd_sc_hd__inv_12 (0) disconnected node: VGND
Cell sky130_fd_sc_hd__inv_12 (0) disconnected node: VNB
Cell sky130_fd_sc_hd__inv_12 (0) disconnected node: VPB
Cell sky130_fd_sc_hd__inv_12 (0) disconnected node: VPWR
Cell sky130_fd_sc_hd__inv_12 (0) disconnected node: Y

Subcircuit pins:
Circuit 1: sky130_fd_sc_hd__inv_12         |Circuit 2: sky130_fd_sc_hd__inv_12         
-------------------------------------------|-------------------------------------------
A                                          |A                                          
VGND                                       |VGND                                       
VNB                                        |VNB                                        
VPB                                        |VPB                                        
VPWR                                       |VPWR                                       
Y                                          |Y                                          
---------------------------------------------------------------------------------------
Cell pin lists are equivalent.
Device classes sky130_fd_sc_hd__inv_12 and sky130_fd_sc_hd__inv_12 are equivalent.

Cell sky130_fd_sc_hd__and4_2 (0) disconnected node: A
Cell sky130_fd_sc_hd__and4_2 (0) disconnected node: B
Cell sky130_fd_sc_hd__and4_2 (0) disconnected node: C
Cell sky130_fd_sc_hd__and4_2 (0) disconnected node: D
Cell sky130_fd_sc_hd__and4_2 (0) disconnected node: VGND
Cell sky130_fd_sc_hd__and4_2 (0) disconnected node: VNB
Cell sky130_fd_sc_hd__and4_2 (0) disconnected node: VPB
Cell sky130_fd_sc_hd__and4_2 (0) disconnected node: VPWR
Cell sky130_fd_sc_hd__and4_2 (0) disconnected node: X

Subcircuit pins:
Circuit 1: sky130_fd_sc_hd__and4_2         |Circuit 2: sky130_fd_sc_hd__and4_2         
-------------------------------------------|-------------------------------------------
A                                          |A                                          
B                                          |B                                          
C                                          |C                                          
D                                          |D                                          
VGND                                       |VGND                                       
VNB                                        |VNB                                        
VPB                                        |VPB                                        
VPWR                                       |VPWR                                       
X                                          |X                                          
---------------------------------------------------------------------------------------
Cell pin lists are equivalent.
Device classes sky130_fd_sc_hd__and4_2 and sky130_fd_sc_hd__and4_2 are equivalent.

Cell sky130_fd_sc_hd__a311oi_2 (0) disconnected node: A1
Cell sky130_fd_sc_hd__a311oi_2 (0) disconnected node: A2
Cell sky130_fd_sc_hd__a311oi_2 (0) disconnected node: A3
Cell sky130_fd_sc_hd__a311oi_2 (0) disconnected node: B1
Cell sky130_fd_sc_hd__a311oi_2 (0) disconnected node: C1
Cell sky130_fd_sc_hd__a311oi_2 (0) disconnected node: VGND
Cell sky130_fd_sc_hd__a311oi_2 (0) disconnected node: VNB
Cell sky130_fd_sc_hd__a311oi_2 (0) disconnected node: VPB
Cell sky130_fd_sc_hd__a311oi_2 (0) disconnected node: VPWR
Cell sky130_fd_sc_hd__a311oi_2 (0) disconnected node: Y

Subcircuit pins:
Circuit 1: sky130_fd_sc_hd__a311oi_2       |Circuit 2: sky130_fd_sc_hd__a311oi_2       
-------------------------------------------|-------------------------------------------
A1                                         |A1                                         
A2                                         |A2                                         
A3                                         |A3                                         
B1                                         |B1                                         
C1                                         |C1                                         
VGND                                       |VGND                                       
VNB                                        |VNB                                        
VPB                                        |VPB                                        
VPWR                                       |VPWR                                       
Y                                          |Y                                          
---------------------------------------------------------------------------------------
Cell pin lists are equivalent.
Device classes sky130_fd_sc_hd__a311oi_2 and sky130_fd_sc_hd__a311oi_2 are equivalent.

Cell sky130_fd_sc_hd__o21a_4 (0) disconnected node: A1
Cell sky130_fd_sc_hd__o21a_4 (0) disconnected node: A2
Cell sky130_fd_sc_hd__o21a_4 (0) disconnected node: B1
Cell sky130_fd_sc_hd__o21a_4 (0) disconnected node: VGND
Cell sky130_fd_sc_hd__o21a_4 (0) disconnected node: VNB
Cell sky130_fd_sc_hd__o21a_4 (0) disconnected node: VPB
Cell sky130_fd_sc_hd__o21a_4 (0) disconnected node: VPWR
Cell sky130_fd_sc_hd__o21a_4 (0) disconnected node: X

Subcircuit pins:
Circuit 1: sky130_fd_sc_hd__o21a_4         |Circuit 2: sky130_fd_sc_hd__o21a_4         
-------------------------------------------|-------------------------------------------
A1                                         |A1                                         
A2                                         |A2                                         
B1                                         |B1                                         
VGND                                       |VGND                                       
VNB                                        |VNB                                        
VPB                                        |VPB                                        
VPWR                                       |VPWR                                       
X                                          |X                                          
---------------------------------------------------------------------------------------
Cell pin lists are equivalent.
Device classes sky130_fd_sc_hd__o21a_4 and sky130_fd_sc_hd__o21a_4 are equivalent.

Cell sky130_fd_sc_hd__a41o_2 (0) disconnected node: A1
Cell sky130_fd_sc_hd__a41o_2 (0) disconnected node: A2
Cell sky130_fd_sc_hd__a41o_2 (0) disconnected node: A3
Cell sky130_fd_sc_hd__a41o_2 (0) disconnected node: A4
Cell sky130_fd_sc_hd__a41o_2 (0) disconnected node: B1
Cell sky130_fd_sc_hd__a41o_2 (0) disconnected node: VGND
Cell sky130_fd_sc_hd__a41o_2 (0) disconnected node: VNB
Cell sky130_fd_sc_hd__a41o_2 (0) disconnected node: VPB
Cell sky130_fd_sc_hd__a41o_2 (0) disconnected node: VPWR
Cell sky130_fd_sc_hd__a41o_2 (0) disconnected node: X

Subcircuit pins:
Circuit 1: sky130_fd_sc_hd__a41o_2         |Circuit 2: sky130_fd_sc_hd__a41o_2         
-------------------------------------------|-------------------------------------------
A1                                         |A1                                         
A2                                         |A2                                         
A3                                         |A3                                         
A4                                         |A4                                         
B1                                         |B1                                         
VGND                                       |VGND                                       
VNB                                        |VNB                                        
VPB                                        |VPB                                        
VPWR                                       |VPWR                                       
X                                          |X                                          
---------------------------------------------------------------------------------------
Cell pin lists are equivalent.
Device classes sky130_fd_sc_hd__a41o_2 and sky130_fd_sc_hd__a41o_2 are equivalent.

Cell sky130_fd_sc_hd__nand4bb_2 (0) disconnected node: A_N
Cell sky130_fd_sc_hd__nand4bb_2 (0) disconnected node: B_N
Cell sky130_fd_sc_hd__nand4bb_2 (0) disconnected node: C
Cell sky130_fd_sc_hd__nand4bb_2 (0) disconnected node: D
Cell sky130_fd_sc_hd__nand4bb_2 (0) disconnected node: VGND
Cell sky130_fd_sc_hd__nand4bb_2 (0) disconnected node: VNB
Cell sky130_fd_sc_hd__nand4bb_2 (0) disconnected node: VPB
Cell sky130_fd_sc_hd__nand4bb_2 (0) disconnected node: VPWR
Cell sky130_fd_sc_hd__nand4bb_2 (0) disconnected node: Y

Subcircuit pins:
Circuit 1: sky130_fd_sc_hd__nand4bb_2      |Circuit 2: sky130_fd_sc_hd__nand4bb_2      
-------------------------------------------|-------------------------------------------
A_N                                        |A_N                                        
B_N                                        |B_N                                        
C                                          |C                                          
D                                          |D                                          
VGND                                       |VGND                                       
VNB                                        |VNB                                        
VPB                                        |VPB                                        
VPWR                                       |VPWR                                       
Y                                          |Y                                          
---------------------------------------------------------------------------------------
Cell pin lists are equivalent.
Device classes sky130_fd_sc_hd__nand4bb_2 and sky130_fd_sc_hd__nand4bb_2 are equivalent.

Cell sky130_fd_sc_hd__o21bai_2 (0) disconnected node: A1
Cell sky130_fd_sc_hd__o21bai_2 (0) disconnected node: A2
Cell sky130_fd_sc_hd__o21bai_2 (0) disconnected node: B1_N
Cell sky130_fd_sc_hd__o21bai_2 (0) disconnected node: VGND
Cell sky130_fd_sc_hd__o21bai_2 (0) disconnected node: VNB
Cell sky130_fd_sc_hd__o21bai_2 (0) disconnected node: VPB
Cell sky130_fd_sc_hd__o21bai_2 (0) disconnected node: VPWR
Cell sky130_fd_sc_hd__o21bai_2 (0) disconnected node: Y

Subcircuit pins:
Circuit 1: sky130_fd_sc_hd__o21bai_2       |Circuit 2: sky130_fd_sc_hd__o21bai_2       
-------------------------------------------|-------------------------------------------
A1                                         |A1                                         
A2                                         |A2                                         
B1_N                                       |B1_N                                       
VGND                                       |VGND                                       
VNB                                        |VNB                                        
VPB                                        |VPB                                        
VPWR                                       |VPWR                                       
Y                                          |Y                                          
---------------------------------------------------------------------------------------
Cell pin lists are equivalent.
Device classes sky130_fd_sc_hd__o21bai_2 and sky130_fd_sc_hd__o21bai_2 are equivalent.

Cell sky130_fd_sc_hd__nand2_4 (0) disconnected node: A
Cell sky130_fd_sc_hd__nand2_4 (0) disconnected node: B
Cell sky130_fd_sc_hd__nand2_4 (0) disconnected node: VGND
Cell sky130_fd_sc_hd__nand2_4 (0) disconnected node: VNB
Cell sky130_fd_sc_hd__nand2_4 (0) disconnected node: VPB
Cell sky130_fd_sc_hd__nand2_4 (0) disconnected node: VPWR
Cell sky130_fd_sc_hd__nand2_4 (0) disconnected node: Y

Subcircuit pins:
Circuit 1: sky130_fd_sc_hd__nand2_4        |Circuit 2: sky130_fd_sc_hd__nand2_4        
-------------------------------------------|-------------------------------------------
A                                          |A                                          
B                                          |B                                          
VGND                                       |VGND                                       
VNB                                        |VNB                                        
VPB                                        |VPB                                        
VPWR                                       |VPWR                                       
Y                                          |Y                                          
---------------------------------------------------------------------------------------
Cell pin lists are equivalent.
Device classes sky130_fd_sc_hd__nand2_4 and sky130_fd_sc_hd__nand2_4 are equivalent.

Cell sky130_fd_sc_hd__mux2_4 (0) disconnected node: A0
Cell sky130_fd_sc_hd__mux2_4 (0) disconnected node: A1
Cell sky130_fd_sc_hd__mux2_4 (0) disconnected node: S
Cell sky130_fd_sc_hd__mux2_4 (0) disconnected node: VGND
Cell sky130_fd_sc_hd__mux2_4 (0) disconnected node: VNB
Cell sky130_fd_sc_hd__mux2_4 (0) disconnected node: VPB
Cell sky130_fd_sc_hd__mux2_4 (0) disconnected node: VPWR
Cell sky130_fd_sc_hd__mux2_4 (0) disconnected node: X

Subcircuit pins:
Circuit 1: sky130_fd_sc_hd__mux2_4         |Circuit 2: sky130_fd_sc_hd__mux2_4         
-------------------------------------------|-------------------------------------------
A0                                         |A0                                         
A1                                         |A1                                         
S                                          |S                                          
VGND                                       |VGND                                       
VNB                                        |VNB                                        
VPB                                        |VPB                                        
VPWR                                       |VPWR                                       
X                                          |X                                          
---------------------------------------------------------------------------------------
Cell pin lists are equivalent.
Device classes sky130_fd_sc_hd__mux2_4 and sky130_fd_sc_hd__mux2_4 are equivalent.

Cell sky130_fd_sc_hd__o211ai_4 (0) disconnected node: A1
Cell sky130_fd_sc_hd__o211ai_4 (0) disconnected node: A2
Cell sky130_fd_sc_hd__o211ai_4 (0) disconnected node: B1
Cell sky130_fd_sc_hd__o211ai_4 (0) disconnected node: C1
Cell sky130_fd_sc_hd__o211ai_4 (0) disconnected node: VGND
Cell sky130_fd_sc_hd__o211ai_4 (0) disconnected node: VNB
Cell sky130_fd_sc_hd__o211ai_4 (0) disconnected node: VPB
Cell sky130_fd_sc_hd__o211ai_4 (0) disconnected node: VPWR
Cell sky130_fd_sc_hd__o211ai_4 (0) disconnected node: Y

Subcircuit pins:
Circuit 1: sky130_fd_sc_hd__o211ai_4       |Circuit 2: sky130_fd_sc_hd__o211ai_4       
-------------------------------------------|-------------------------------------------
A1                                         |A1                                         
A2                                         |A2                                         
B1                                         |B1                                         
C1                                         |C1                                         
VGND                                       |VGND                                       
VNB                                        |VNB                                        
VPB                                        |VPB                                        
VPWR                                       |VPWR                                       
Y                                          |Y                                          
---------------------------------------------------------------------------------------
Cell pin lists are equivalent.
Device classes sky130_fd_sc_hd__o211ai_4 and sky130_fd_sc_hd__o211ai_4 are equivalent.

Cell sky130_fd_sc_hd__and4bb_4 (0) disconnected node: A_N
Cell sky130_fd_sc_hd__and4bb_4 (0) disconnected node: B_N
Cell sky130_fd_sc_hd__and4bb_4 (0) disconnected node: C
Cell sky130_fd_sc_hd__and4bb_4 (0) disconnected node: D
Cell sky130_fd_sc_hd__and4bb_4 (0) disconnected node: VGND
Cell sky130_fd_sc_hd__and4bb_4 (0) disconnected node: VNB
Cell sky130_fd_sc_hd__and4bb_4 (0) disconnected node: VPB
Cell sky130_fd_sc_hd__and4bb_4 (0) disconnected node: VPWR
Cell sky130_fd_sc_hd__and4bb_4 (0) disconnected node: X

Subcircuit pins:
Circuit 1: sky130_fd_sc_hd__and4bb_4       |Circuit 2: sky130_fd_sc_hd__and4bb_4       
-------------------------------------------|-------------------------------------------
A_N                                        |A_N                                        
B_N                                        |B_N                                        
C                                          |C                                          
D                                          |D                                          
VGND                                       |VGND                                       
VNB                                        |VNB                                        
VPB                                        |VPB                                        
VPWR                                       |VPWR                                       
X                                          |X                                          
---------------------------------------------------------------------------------------
Cell pin lists are equivalent.
Device classes sky130_fd_sc_hd__and4bb_4 and sky130_fd_sc_hd__and4bb_4 are equivalent.

Cell sky130_fd_sc_hd__o21ai_4 (0) disconnected node: A1
Cell sky130_fd_sc_hd__o21ai_4 (0) disconnected node: A2
Cell sky130_fd_sc_hd__o21ai_4 (0) disconnected node: B1
Cell sky130_fd_sc_hd__o21ai_4 (0) disconnected node: VGND
Cell sky130_fd_sc_hd__o21ai_4 (0) disconnected node: VNB
Cell sky130_fd_sc_hd__o21ai_4 (0) disconnected node: VPB
Cell sky130_fd_sc_hd__o21ai_4 (0) disconnected node: VPWR
Cell sky130_fd_sc_hd__o21ai_4 (0) disconnected node: Y

Subcircuit pins:
Circuit 1: sky130_fd_sc_hd__o21ai_4        |Circuit 2: sky130_fd_sc_hd__o21ai_4        
-------------------------------------------|-------------------------------------------
A1                                         |A1                                         
A2                                         |A2                                         
B1                                         |B1                                         
VGND                                       |VGND                                       
VNB                                        |VNB                                        
VPB                                        |VPB                                        
VPWR                                       |VPWR                                       
Y                                          |Y                                          
---------------------------------------------------------------------------------------
Cell pin lists are equivalent.
Device classes sky130_fd_sc_hd__o21ai_4 and sky130_fd_sc_hd__o21ai_4 are equivalent.

Cell sky130_fd_sc_hd__o31ai_1 (0) disconnected node: A1
Cell sky130_fd_sc_hd__o31ai_1 (0) disconnected node: A2
Cell sky130_fd_sc_hd__o31ai_1 (0) disconnected node: A3
Cell sky130_fd_sc_hd__o31ai_1 (0) disconnected node: B1
Cell sky130_fd_sc_hd__o31ai_1 (0) disconnected node: VGND
Cell sky130_fd_sc_hd__o31ai_1 (0) disconnected node: VNB
Cell sky130_fd_sc_hd__o31ai_1 (0) disconnected node: VPB
Cell sky130_fd_sc_hd__o31ai_1 (0) disconnected node: VPWR
Cell sky130_fd_sc_hd__o31ai_1 (0) disconnected node: Y

Subcircuit pins:
Circuit 1: sky130_fd_sc_hd__o31ai_1        |Circuit 2: sky130_fd_sc_hd__o31ai_1        
-------------------------------------------|-------------------------------------------
A1                                         |A1                                         
A2                                         |A2                                         
A3                                         |A3                                         
B1                                         |B1                                         
VGND                                       |VGND                                       
VNB                                        |VNB                                        
VPB                                        |VPB                                        
VPWR                                       |VPWR                                       
Y                                          |Y                                          
---------------------------------------------------------------------------------------
Cell pin lists are equivalent.
Device classes sky130_fd_sc_hd__o31ai_1 and sky130_fd_sc_hd__o31ai_1 are equivalent.

Cell sky130_fd_sc_hd__nand2b_2 (0) disconnected node: A_N
Cell sky130_fd_sc_hd__nand2b_2 (0) disconnected node: B
Cell sky130_fd_sc_hd__nand2b_2 (0) disconnected node: VGND
Cell sky130_fd_sc_hd__nand2b_2 (0) disconnected node: VNB
Cell sky130_fd_sc_hd__nand2b_2 (0) disconnected node: VPB
Cell sky130_fd_sc_hd__nand2b_2 (0) disconnected node: VPWR
Cell sky130_fd_sc_hd__nand2b_2 (0) disconnected node: Y

Subcircuit pins:
Circuit 1: sky130_fd_sc_hd__nand2b_2       |Circuit 2: sky130_fd_sc_hd__nand2b_2       
-------------------------------------------|-------------------------------------------
A_N                                        |A_N                                        
B                                          |B                                          
VGND                                       |VGND                                       
VNB                                        |VNB                                        
VPB                                        |VPB                                        
VPWR                                       |VPWR                                       
Y                                          |Y                                          
---------------------------------------------------------------------------------------
Cell pin lists are equivalent.
Device classes sky130_fd_sc_hd__nand2b_2 and sky130_fd_sc_hd__nand2b_2 are equivalent.

Cell sky130_fd_sc_hd__o211a_4 (0) disconnected node: A1
Cell sky130_fd_sc_hd__o211a_4 (0) disconnected node: A2
Cell sky130_fd_sc_hd__o211a_4 (0) disconnected node: B1
Cell sky130_fd_sc_hd__o211a_4 (0) disconnected node: C1
Cell sky130_fd_sc_hd__o211a_4 (0) disconnected node: VGND
Cell sky130_fd_sc_hd__o211a_4 (0) disconnected node: VNB
Cell sky130_fd_sc_hd__o211a_4 (0) disconnected node: VPB
Cell sky130_fd_sc_hd__o211a_4 (0) disconnected node: VPWR
Cell sky130_fd_sc_hd__o211a_4 (0) disconnected node: X

Subcircuit pins:
Circuit 1: sky130_fd_sc_hd__o211a_4        |Circuit 2: sky130_fd_sc_hd__o211a_4        
-------------------------------------------|-------------------------------------------
A1                                         |A1                                         
A2                                         |A2                                         
B1                                         |B1                                         
C1                                         |C1                                         
VGND                                       |VGND                                       
VNB                                        |VNB                                        
VPB                                        |VPB                                        
VPWR                                       |VPWR                                       
X                                          |X                                          
---------------------------------------------------------------------------------------
Cell pin lists are equivalent.
Device classes sky130_fd_sc_hd__o211a_4 and sky130_fd_sc_hd__o211a_4 are equivalent.

Cell sky130_fd_sc_hd__or4b_4 (0) disconnected node: A
Cell sky130_fd_sc_hd__or4b_4 (0) disconnected node: B
Cell sky130_fd_sc_hd__or4b_4 (0) disconnected node: C
Cell sky130_fd_sc_hd__or4b_4 (0) disconnected node: D_N
Cell sky130_fd_sc_hd__or4b_4 (0) disconnected node: VGND
Cell sky130_fd_sc_hd__or4b_4 (0) disconnected node: VNB
Cell sky130_fd_sc_hd__or4b_4 (0) disconnected node: VPB
Cell sky130_fd_sc_hd__or4b_4 (0) disconnected node: VPWR
Cell sky130_fd_sc_hd__or4b_4 (0) disconnected node: X

Subcircuit pins:
Circuit 1: sky130_fd_sc_hd__or4b_4         |Circuit 2: sky130_fd_sc_hd__or4b_4         
-------------------------------------------|-------------------------------------------
A                                          |A                                          
B                                          |B                                          
C                                          |C                                          
D_N                                        |D_N                                        
VGND                                       |VGND                                       
VNB                                        |VNB                                        
VPB                                        |VPB                                        
VPWR                                       |VPWR                                       
X                                          |X                                          
---------------------------------------------------------------------------------------
Cell pin lists are equivalent.
Device classes sky130_fd_sc_hd__or4b_4 and sky130_fd_sc_hd__or4b_4 are equivalent.

Cell sky130_fd_sc_hd__inv_6 (0) disconnected node: A
Cell sky130_fd_sc_hd__inv_6 (0) disconnected node: VGND
Cell sky130_fd_sc_hd__inv_6 (0) disconnected node: VNB
Cell sky130_fd_sc_hd__inv_6 (0) disconnected node: VPB
Cell sky130_fd_sc_hd__inv_6 (0) disconnected node: VPWR
Cell sky130_fd_sc_hd__inv_6 (0) disconnected node: Y

Subcircuit pins:
Circuit 1: sky130_fd_sc_hd__inv_6          |Circuit 2: sky130_fd_sc_hd__inv_6          
-------------------------------------------|-------------------------------------------
A                                          |A                                          
VGND                                       |VGND                                       
VNB                                        |VNB                                        
VPB                                        |VPB                                        
VPWR                                       |VPWR                                       
Y                                          |Y                                          
---------------------------------------------------------------------------------------
Cell pin lists are equivalent.
Device classes sky130_fd_sc_hd__inv_6 and sky130_fd_sc_hd__inv_6 are equivalent.

Cell sky130_fd_sc_hd__nor2_1 (0) disconnected node: A
Cell sky130_fd_sc_hd__nor2_1 (0) disconnected node: B
Cell sky130_fd_sc_hd__nor2_1 (0) disconnected node: VGND
Cell sky130_fd_sc_hd__nor2_1 (0) disconnected node: VNB
Cell sky130_fd_sc_hd__nor2_1 (0) disconnected node: VPB
Cell sky130_fd_sc_hd__nor2_1 (0) disconnected node: VPWR
Cell sky130_fd_sc_hd__nor2_1 (0) disconnected node: Y

Subcircuit pins:
Circuit 1: sky130_fd_sc_hd__nor2_1         |Circuit 2: sky130_fd_sc_hd__nor2_1         
-------------------------------------------|-------------------------------------------
A                                          |A                                          
B                                          |B                                          
VGND                                       |VGND                                       
VNB                                        |VNB                                        
VPB                                        |VPB                                        
VPWR                                       |VPWR                                       
Y                                          |Y                                          
---------------------------------------------------------------------------------------
Cell pin lists are equivalent.
Device classes sky130_fd_sc_hd__nor2_1 and sky130_fd_sc_hd__nor2_1 are equivalent.

Cell sky130_fd_sc_hd__nor4bb_2 (0) disconnected node: A
Cell sky130_fd_sc_hd__nor4bb_2 (0) disconnected node: B
Cell sky130_fd_sc_hd__nor4bb_2 (0) disconnected node: C_N
Cell sky130_fd_sc_hd__nor4bb_2 (0) disconnected node: D_N
Cell sky130_fd_sc_hd__nor4bb_2 (0) disconnected node: VGND
Cell sky130_fd_sc_hd__nor4bb_2 (0) disconnected node: VNB
Cell sky130_fd_sc_hd__nor4bb_2 (0) disconnected node: VPB
Cell sky130_fd_sc_hd__nor4bb_2 (0) disconnected node: VPWR
Cell sky130_fd_sc_hd__nor4bb_2 (0) disconnected node: Y

Subcircuit pins:
Circuit 1: sky130_fd_sc_hd__nor4bb_2       |Circuit 2: sky130_fd_sc_hd__nor4bb_2       
-------------------------------------------|-------------------------------------------
A                                          |A                                          
B                                          |B                                          
C_N                                        |C_N                                        
D_N                                        |D_N                                        
VGND                                       |VGND                                       
VNB                                        |VNB                                        
VPB                                        |VPB                                        
VPWR                                       |VPWR                                       
Y                                          |Y                                          
---------------------------------------------------------------------------------------
Cell pin lists are equivalent.
Device classes sky130_fd_sc_hd__nor4bb_2 and sky130_fd_sc_hd__nor4bb_2 are equivalent.

Cell sky130_fd_sc_hd__and4b_4 (0) disconnected node: A_N
Cell sky130_fd_sc_hd__and4b_4 (0) disconnected node: B
Cell sky130_fd_sc_hd__and4b_4 (0) disconnected node: C
Cell sky130_fd_sc_hd__and4b_4 (0) disconnected node: D
Cell sky130_fd_sc_hd__and4b_4 (0) disconnected node: VGND
Cell sky130_fd_sc_hd__and4b_4 (0) disconnected node: VNB
Cell sky130_fd_sc_hd__and4b_4 (0) disconnected node: VPB
Cell sky130_fd_sc_hd__and4b_4 (0) disconnected node: VPWR
Cell sky130_fd_sc_hd__and4b_4 (0) disconnected node: X

Subcircuit pins:
Circuit 1: sky130_fd_sc_hd__and4b_4        |Circuit 2: sky130_fd_sc_hd__and4b_4        
-------------------------------------------|-------------------------------------------
A_N                                        |A_N                                        
B                                          |B                                          
C                                          |C                                          
D                                          |D                                          
VGND                                       |VGND                                       
VNB                                        |VNB                                        
VPB                                        |VPB                                        
VPWR                                       |VPWR                                       
X                                          |X                                          
---------------------------------------------------------------------------------------
Cell pin lists are equivalent.
Device classes sky130_fd_sc_hd__and4b_4 and sky130_fd_sc_hd__and4b_4 are equivalent.

Cell sky130_fd_sc_hd__conb_1 (0) disconnected node: VGND
Cell sky130_fd_sc_hd__conb_1 (0) disconnected node: VNB
Cell sky130_fd_sc_hd__conb_1 (0) disconnected node: VPB
Cell sky130_fd_sc_hd__conb_1 (0) disconnected node: VPWR
Cell sky130_fd_sc_hd__conb_1 (0) disconnected node: HI
Cell sky130_fd_sc_hd__conb_1 (0) disconnected node: LO
Cell sky130_fd_sc_hd__conb_1 (1) disconnected node: VNB
Cell sky130_fd_sc_hd__conb_1 (1) disconnected node: VPB

Subcircuit pins:
Circuit 1: sky130_fd_sc_hd__conb_1         |Circuit 2: sky130_fd_sc_hd__conb_1         
-------------------------------------------|-------------------------------------------
VGND                                       |VGND                                       
VNB                                        |VNB                                        
VPB                                        |VPB                                        
VPWR                                       |VPWR                                       
HI                                         |HI                                         
LO                                         |LO                                         
---------------------------------------------------------------------------------------
Cell pin lists are equivalent.
Device classes sky130_fd_sc_hd__conb_1 and sky130_fd_sc_hd__conb_1 are equivalent.

Cell sky130_fd_sc_hd__nor3b_2 (0) disconnected node: A
Cell sky130_fd_sc_hd__nor3b_2 (0) disconnected node: B
Cell sky130_fd_sc_hd__nor3b_2 (0) disconnected node: C_N
Cell sky130_fd_sc_hd__nor3b_2 (0) disconnected node: VGND
Cell sky130_fd_sc_hd__nor3b_2 (0) disconnected node: VNB
Cell sky130_fd_sc_hd__nor3b_2 (0) disconnected node: VPB
Cell sky130_fd_sc_hd__nor3b_2 (0) disconnected node: VPWR
Cell sky130_fd_sc_hd__nor3b_2 (0) disconnected node: Y

Subcircuit pins:
Circuit 1: sky130_fd_sc_hd__nor3b_2        |Circuit 2: sky130_fd_sc_hd__nor3b_2        
-------------------------------------------|-------------------------------------------
A                                          |A                                          
B                                          |B                                          
C_N                                        |C_N                                        
VGND                                       |VGND                                       
VNB                                        |VNB                                        
VPB                                        |VPB                                        
VPWR                                       |VPWR                                       
Y                                          |Y                                          
---------------------------------------------------------------------------------------
Cell pin lists are equivalent.
Device classes sky130_fd_sc_hd__nor3b_2 and sky130_fd_sc_hd__nor3b_2 are equivalent.

Cell sky130_fd_sc_hd__a22oi_2 (0) disconnected node: A1
Cell sky130_fd_sc_hd__a22oi_2 (0) disconnected node: A2
Cell sky130_fd_sc_hd__a22oi_2 (0) disconnected node: B1
Cell sky130_fd_sc_hd__a22oi_2 (0) disconnected node: B2
Cell sky130_fd_sc_hd__a22oi_2 (0) disconnected node: VGND
Cell sky130_fd_sc_hd__a22oi_2 (0) disconnected node: VNB
Cell sky130_fd_sc_hd__a22oi_2 (0) disconnected node: VPB
Cell sky130_fd_sc_hd__a22oi_2 (0) disconnected node: VPWR
Cell sky130_fd_sc_hd__a22oi_2 (0) disconnected node: Y

Subcircuit pins:
Circuit 1: sky130_fd_sc_hd__a22oi_2        |Circuit 2: sky130_fd_sc_hd__a22oi_2        
-------------------------------------------|-------------------------------------------
A1                                         |A1                                         
A2                                         |A2                                         
B1                                         |B1                                         
B2                                         |B2                                         
VGND                                       |VGND                                       
VNB                                        |VNB                                        
VPB                                        |VPB                                        
VPWR                                       |VPWR                                       
Y                                          |Y                                          
---------------------------------------------------------------------------------------
Cell pin lists are equivalent.
Device classes sky130_fd_sc_hd__a22oi_2 and sky130_fd_sc_hd__a22oi_2 are equivalent.

Cell sky130_fd_sc_hd__a311o_2 (0) disconnected node: A1
Cell sky130_fd_sc_hd__a311o_2 (0) disconnected node: A2
Cell sky130_fd_sc_hd__a311o_2 (0) disconnected node: A3
Cell sky130_fd_sc_hd__a311o_2 (0) disconnected node: B1
Cell sky130_fd_sc_hd__a311o_2 (0) disconnected node: C1
Cell sky130_fd_sc_hd__a311o_2 (0) disconnected node: VGND
Cell sky130_fd_sc_hd__a311o_2 (0) disconnected node: VNB
Cell sky130_fd_sc_hd__a311o_2 (0) disconnected node: VPB
Cell sky130_fd_sc_hd__a311o_2 (0) disconnected node: VPWR
Cell sky130_fd_sc_hd__a311o_2 (0) disconnected node: X

Subcircuit pins:
Circuit 1: sky130_fd_sc_hd__a311o_2        |Circuit 2: sky130_fd_sc_hd__a311o_2        
-------------------------------------------|-------------------------------------------
A1                                         |A1                                         
A2                                         |A2                                         
A3                                         |A3                                         
B1                                         |B1                                         
C1                                         |C1                                         
VGND                                       |VGND                                       
VNB                                        |VNB                                        
VPB                                        |VPB                                        
VPWR                                       |VPWR                                       
X                                          |X                                          
---------------------------------------------------------------------------------------
Cell pin lists are equivalent.
Device classes sky130_fd_sc_hd__a311o_2 and sky130_fd_sc_hd__a311o_2 are equivalent.

Cell sky130_fd_sc_hd__nand4b_4 (0) disconnected node: A_N
Cell sky130_fd_sc_hd__nand4b_4 (0) disconnected node: B
Cell sky130_fd_sc_hd__nand4b_4 (0) disconnected node: C
Cell sky130_fd_sc_hd__nand4b_4 (0) disconnected node: D
Cell sky130_fd_sc_hd__nand4b_4 (0) disconnected node: VGND
Cell sky130_fd_sc_hd__nand4b_4 (0) disconnected node: VNB
Cell sky130_fd_sc_hd__nand4b_4 (0) disconnected node: VPB
Cell sky130_fd_sc_hd__nand4b_4 (0) disconnected node: VPWR
Cell sky130_fd_sc_hd__nand4b_4 (0) disconnected node: Y

Subcircuit pins:
Circuit 1: sky130_fd_sc_hd__nand4b_4       |Circuit 2: sky130_fd_sc_hd__nand4b_4       
-------------------------------------------|-------------------------------------------
A_N                                        |A_N                                        
B                                          |B                                          
C                                          |C                                          
D                                          |D                                          
VGND                                       |VGND                                       
VNB                                        |VNB                                        
VPB                                        |VPB                                        
VPWR                                       |VPWR                                       
Y                                          |Y                                          
---------------------------------------------------------------------------------------
Cell pin lists are equivalent.
Device classes sky130_fd_sc_hd__nand4b_4 and sky130_fd_sc_hd__nand4b_4 are equivalent.

Cell sky130_fd_sc_hd__a2bb2o_4 (0) disconnected node: A1_N
Cell sky130_fd_sc_hd__a2bb2o_4 (0) disconnected node: A2_N
Cell sky130_fd_sc_hd__a2bb2o_4 (0) disconnected node: B1
Cell sky130_fd_sc_hd__a2bb2o_4 (0) disconnected node: B2
Cell sky130_fd_sc_hd__a2bb2o_4 (0) disconnected node: VGND
Cell sky130_fd_sc_hd__a2bb2o_4 (0) disconnected node: VNB
Cell sky130_fd_sc_hd__a2bb2o_4 (0) disconnected node: VPB
Cell sky130_fd_sc_hd__a2bb2o_4 (0) disconnected node: VPWR
Cell sky130_fd_sc_hd__a2bb2o_4 (0) disconnected node: X

Subcircuit pins:
Circuit 1: sky130_fd_sc_hd__a2bb2o_4       |Circuit 2: sky130_fd_sc_hd__a2bb2o_4       
-------------------------------------------|-------------------------------------------
A1_N                                       |A1_N                                       
A2_N                                       |A2_N                                       
B1                                         |B1                                         
B2                                         |B2                                         
VGND                                       |VGND                                       
VNB                                        |VNB                                        
VPB                                        |VPB                                        
VPWR                                       |VPWR                                       
X                                          |X                                          
---------------------------------------------------------------------------------------
Cell pin lists are equivalent.
Device classes sky130_fd_sc_hd__a2bb2o_4 and sky130_fd_sc_hd__a2bb2o_4 are equivalent.

Class single_cycle_cpu (0):  Merged 16823 parallel devices.
Class single_cycle_cpu (1):  Merged 16823 parallel devices.
Subcircuit summary:
Circuit 1: single_cycle_cpu                |Circuit 2: single_cycle_cpu                
-------------------------------------------|-------------------------------------------
sky130_fd_sc_hd__fill_1 (1500->1)          |sky130_fd_sc_hd__fill_1 (1500->1)          
sky130_fd_sc_hd__decap_3 (12788->1)        |sky130_fd_sc_hd__decap_3 (12788->1)        
sky130_fd_sc_hd__fill_2 (1110->1)          |sky130_fd_sc_hd__fill_2 (1110->1)          
sky130_fd_sc_hd__dfxtp_2 (292)             |sky130_fd_sc_hd__dfxtp_2 (292)             
sky130_fd_sc_hd__tapvpwrvgnd_1 (1428->1)   |sky130_fd_sc_hd__tapvpwrvgnd_1 (1428->1)   
sky130_fd_sc_hd__mux2_2 (232)              |sky130_fd_sc_hd__mux2_2 (232)              
sky130_fd_sc_hd__nor4_2 (7)                |sky130_fd_sc_hd__nor4_2 (7)                
sky130_fd_sc_hd__or2_2 (67)                |sky130_fd_sc_hd__or2_2 (67)                
sky130_fd_sc_hd__dfrtp_2 (424)             |sky130_fd_sc_hd__dfrtp_2 (424)             
sky130_fd_sc_hd__dlygate4sd3_1 (650)       |sky130_fd_sc_hd__dlygate4sd3_1 (650)       
sky130_fd_sc_hd__nor3_2 (5)                |sky130_fd_sc_hd__nor3_2 (5)                
sky130_fd_sc_hd__a221o_2 (200)             |sky130_fd_sc_hd__a221o_2 (200)             
sky130_fd_sc_hd__inv_2 (475)               |sky130_fd_sc_hd__inv_2 (475)               
sky130_fd_sc_hd__a22o_2 (215)              |sky130_fd_sc_hd__a22o_2 (215)              
sky130_fd_sc_hd__clkdlybuf4s25_1 (110)     |sky130_fd_sc_hd__clkdlybuf4s25_1 (110)     
sky130_fd_sc_hd__a211o_2 (75)              |sky130_fd_sc_hd__a211o_2 (75)              
sky130_fd_sc_hd__and3_4 (5)                |sky130_fd_sc_hd__and3_4 (5)                
sky130_fd_sc_hd__a31o_2 (27)               |sky130_fd_sc_hd__a31o_2 (27)               
sky130_fd_sc_hd__or4_4 (4)                 |sky130_fd_sc_hd__or4_4 (4)                 
sky130_fd_sc_hd__nor2_2 (126)              |sky130_fd_sc_hd__nor2_2 (126)              
sky130_fd_sc_hd__o31a_2 (14)               |sky130_fd_sc_hd__o31a_2 (14)               
sky130_fd_sc_hd__or3b_4 (5)                |sky130_fd_sc_hd__or3b_4 (5)                
sky130_fd_sc_hd__and2_2 (112)              |sky130_fd_sc_hd__and2_2 (112)              
sky130_fd_sc_hd__xnor2_2 (19)              |sky130_fd_sc_hd__xnor2_2 (19)              
sky130_fd_sc_hd__o21ai_2 (31)              |sky130_fd_sc_hd__o21ai_2 (31)              
sky130_fd_sc_hd__nand2_2 (79)              |sky130_fd_sc_hd__nand2_2 (79)              
sky130_fd_sc_hd__and3_2 (41)               |sky130_fd_sc_hd__and3_2 (41)               
sky130_fd_sc_hd__and2b_2 (12)              |sky130_fd_sc_hd__and2b_2 (12)              
sky130_fd_sc_hd__a21o_2 (74)               |sky130_fd_sc_hd__a21o_2 (74)               
sky130_fd_sc_hd__or3_2 (16)                |sky130_fd_sc_hd__or3_2 (16)                
sky130_fd_sc_hd__buf_2 (234)               |sky130_fd_sc_hd__buf_2 (234)               
sky130_fd_sc_hd__diode_2 (13->12)          |sky130_fd_sc_hd__diode_2 (13->12)          
sky130_fd_sc_hd__a31oi_4 (2)               |sky130_fd_sc_hd__a31oi_4 (2)               
sky130_fd_sc_hd__o21a_2 (59)               |sky130_fd_sc_hd__o21a_2 (59)               
sky130_fd_sc_hd__o32a_2 (7)                |sky130_fd_sc_hd__o32a_2 (7)                
sky130_fd_sc_hd__or3b_2 (16)               |sky130_fd_sc_hd__or3b_2 (16)               
sky130_fd_sc_hd__clkbuf_16 (58)            |sky130_fd_sc_hd__clkbuf_16 (58)            
sky130_fd_sc_hd__o211ai_2 (15)             |sky130_fd_sc_hd__o211ai_2 (15)             
sky130_fd_sc_hd__o22a_2 (10)               |sky130_fd_sc_hd__o22a_2 (10)               
sky130_fd_sc_hd__o221a_2 (8)               |sky130_fd_sc_hd__o221a_2 (8)               
sky130_fd_sc_hd__o311a_4 (1)               |sky130_fd_sc_hd__o311a_4 (1)               
sky130_fd_sc_hd__a211oi_4 (2)              |sky130_fd_sc_hd__a211oi_4 (2)              
sky130_fd_sc_hd__xor2_2 (15)               |sky130_fd_sc_hd__xor2_2 (15)               
sky130_fd_sc_hd__or4b_2 (2)                |sky130_fd_sc_hd__or4b_2 (2)                
sky130_fd_sc_hd__o2bb2a_2 (5)              |sky130_fd_sc_hd__o2bb2a_2 (5)              
sky130_fd_sc_hd__nand3_2 (4)               |sky130_fd_sc_hd__nand3_2 (4)               
sky130_fd_sc_hd__o31ai_4 (1)               |sky130_fd_sc_hd__o31ai_4 (1)               
sky130_fd_sc_hd__o21ba_2 (7)               |sky130_fd_sc_hd__o21ba_2 (7)               
sky130_fd_sc_hd__or2_4 (5)                 |sky130_fd_sc_hd__or2_4 (5)                 
sky130_fd_sc_hd__a211oi_2 (6)              |sky130_fd_sc_hd__a211oi_2 (6)              
sky130_fd_sc_hd__a21bo_2 (21)              |sky130_fd_sc_hd__a21bo_2 (21)              
sky130_fd_sc_hd__a31oi_2 (4)               |sky130_fd_sc_hd__a31oi_2 (4)               
sky130_fd_sc_hd__a21oi_2 (51)              |sky130_fd_sc_hd__a21oi_2 (51)              
sky130_fd_sc_hd__o211a_2 (21)              |sky130_fd_sc_hd__o211a_2 (21)              
sky130_fd_sc_hd__or2b_2 (11)               |sky130_fd_sc_hd__or2b_2 (11)               
sky130_fd_sc_hd__a32o_2 (6)                |sky130_fd_sc_hd__a32o_2 (6)                
sky130_fd_sc_hd__a2bb2o_2 (4)              |sky130_fd_sc_hd__a2bb2o_2 (4)              
sky130_fd_sc_hd__xor2_4 (1)                |sky130_fd_sc_hd__xor2_4 (1)                
sky130_fd_sc_hd__buf_1 (12)                |sky130_fd_sc_hd__buf_1 (12)                
sky130_fd_sc_hd__a21boi_2 (3)              |sky130_fd_sc_hd__a21boi_2 (3)              
sky130_fd_sc_hd__and2_4 (2)                |sky130_fd_sc_hd__and2_4 (2)                
sky130_fd_sc_hd__o2111a_2 (7)              |sky130_fd_sc_hd__o2111a_2 (7)              
sky130_fd_sc_hd__and4_4 (2)                |sky130_fd_sc_hd__and4_4 (2)                
sky130_fd_sc_hd__o31ai_2 (5)               |sky130_fd_sc_hd__o31ai_2 (5)               
sky130_fd_sc_hd__o311a_2 (2)               |sky130_fd_sc_hd__o311a_2 (2)               
sky130_fd_sc_hd__clkbuf_8 (7)              |sky130_fd_sc_hd__clkbuf_8 (7)              
sky130_fd_sc_hd__a31o_4 (2)                |sky130_fd_sc_hd__a31o_4 (2)                
sky130_fd_sc_hd__bufinv_16 (6)             |sky130_fd_sc_hd__bufinv_16 (6)             
sky130_fd_sc_hd__inv_4 (5)                 |sky130_fd_sc_hd__inv_4 (5)                 
sky130_fd_sc_hd__nor2_4 (2)                |sky130_fd_sc_hd__nor2_4 (2)                
sky130_fd_sc_hd__a221oi_2 (3)              |sky130_fd_sc_hd__a221oi_2 (3)              
sky130_fd_sc_hd__and3b_2 (11)              |sky130_fd_sc_hd__and3b_2 (11)              
sky130_fd_sc_hd__nand3b_2 (1)              |sky130_fd_sc_hd__nand3b_2 (1)              
sky130_fd_sc_hd__clkinv_1 (1)              |sky130_fd_sc_hd__clkinv_1 (1)              
sky130_fd_sc_hd__clkinvlp_4 (2)            |sky130_fd_sc_hd__clkinvlp_4 (2)            
sky130_fd_sc_hd__clkinv_2 (8)              |sky130_fd_sc_hd__clkinv_2 (8)              
sky130_fd_sc_hd__or3_4 (8)                 |sky130_fd_sc_hd__or3_4 (8)                 
sky130_fd_sc_hd__clkbuf_1 (7)              |sky130_fd_sc_hd__clkbuf_1 (7)              
sky130_fd_sc_hd__nor4b_1 (1)               |sky130_fd_sc_hd__nor4b_1 (1)               
sky130_fd_sc_hd__a21oi_4 (2)               |sky130_fd_sc_hd__a21oi_4 (2)               
sky130_fd_sc_hd__o221ai_2 (1)              |sky130_fd_sc_hd__o221ai_2 (1)              
sky130_fd_sc_hd__nand2b_4 (1)              |sky130_fd_sc_hd__nand2b_4 (1)              
sky130_fd_sc_hd__clkbuf_4 (6)              |sky130_fd_sc_hd__clkbuf_4 (6)              
sky130_fd_sc_hd__a2111o_2 (3)              |sky130_fd_sc_hd__a2111o_2 (3)              
sky130_fd_sc_hd__mux4_2 (4)                |sky130_fd_sc_hd__mux4_2 (4)                
sky130_fd_sc_hd__clkbuf_2 (9)              |sky130_fd_sc_hd__clkbuf_2 (9)              
sky130_fd_sc_hd__dfstp_2 (4)               |sky130_fd_sc_hd__dfstp_2 (4)               
sky130_fd_sc_hd__nor2b_2 (6)               |sky130_fd_sc_hd__nor2b_2 (6)               
sky130_fd_sc_hd__or4_2 (3)                 |sky130_fd_sc_hd__or4_2 (3)                 
sky130_fd_sc_hd__inv_12 (1)                |sky130_fd_sc_hd__inv_12 (1)                
sky130_fd_sc_hd__and4_2 (9)                |sky130_fd_sc_hd__and4_2 (9)                
sky130_fd_sc_hd__a311oi_2 (3)              |sky130_fd_sc_hd__a311oi_2 (3)              
sky130_fd_sc_hd__o21a_4 (1)                |sky130_fd_sc_hd__o21a_4 (1)                
sky130_fd_sc_hd__a41o_2 (2)                |sky130_fd_sc_hd__a41o_2 (2)                
sky130_fd_sc_hd__nand4bb_2 (1)             |sky130_fd_sc_hd__nand4bb_2 (1)             
sky130_fd_sc_hd__o21bai_2 (2)              |sky130_fd_sc_hd__o21bai_2 (2)              
sky130_fd_sc_hd__nand2_4 (1)               |sky130_fd_sc_hd__nand2_4 (1)               
sky130_fd_sc_hd__mux2_4 (4)                |sky130_fd_sc_hd__mux2_4 (4)                
sky130_fd_sc_hd__o211ai_4 (2)              |sky130_fd_sc_hd__o211ai_4 (2)              
sky130_fd_sc_hd__and4bb_4 (1)              |sky130_fd_sc_hd__and4bb_4 (1)              
sky130_fd_sc_hd__o21ai_4 (1)               |sky130_fd_sc_hd__o21ai_4 (1)               
sky130_fd_sc_hd__o31ai_1 (1)               |sky130_fd_sc_hd__o31ai_1 (1)               
sky130_fd_sc_hd__nand2b_2 (4)              |sky130_fd_sc_hd__nand2b_2 (4)              
sky130_fd_sc_hd__o211a_4 (1)               |sky130_fd_sc_hd__o211a_4 (1)               
sky130_fd_sc_hd__or4b_4 (1)                |sky130_fd_sc_hd__or4b_4 (1)                
sky130_fd_sc_hd__inv_6 (1)                 |sky130_fd_sc_hd__inv_6 (1)                 
sky130_fd_sc_hd__nor2_1 (1)                |sky130_fd_sc_hd__nor2_1 (1)                
sky130_fd_sc_hd__nor4bb_2 (1)              |sky130_fd_sc_hd__nor4bb_2 (1)              
sky130_fd_sc_hd__and4b_4 (1)               |sky130_fd_sc_hd__and4b_4 (1)               
sky130_fd_sc_hd__conb_1 (5)                |sky130_fd_sc_hd__conb_1 (5)                
sky130_fd_sc_hd__nor3b_2 (1)               |sky130_fd_sc_hd__nor3b_2 (1)               
sky130_fd_sc_hd__a22oi_2 (1)               |sky130_fd_sc_hd__a22oi_2 (1)               
sky130_fd_sc_hd__a311o_2 (2)               |sky130_fd_sc_hd__a311o_2 (2)               
sky130_fd_sc_hd__nand4b_4 (1)              |sky130_fd_sc_hd__nand4b_4 (1)              
sky130_fd_sc_hd__a2bb2o_4 (1)              |sky130_fd_sc_hd__a2bb2o_4 (1)              
Number of devices: 4095                    |Number of devices: 4095                    
Number of nets: 4088                       |Number of nets: 4088                       
---------------------------------------------------------------------------------------
Resolving symmetries by property value.
Resolving symmetries by pin name.
Netlists match uniquely.

Subcircuit pins:
Circuit 1: single_cycle_cpu                |Circuit 2: single_cycle_cpu                
-------------------------------------------|-------------------------------------------
clk                                        |clk                                        
reset                                      |reset                                      
alu_result_out[10]                         |alu_result_out[10]                         
alu_result_out[30]                         |alu_result_out[30]                         
alu_result_out[1]                          |alu_result_out[1]                          
alu_result_out[18]                         |alu_result_out[18]                         
alu_result_out[9]                          |alu_result_out[9]                          
instruction_out[20]                        |instruction_out[20]                        
alu_result_out[17]                         |alu_result_out[17]                         
alu_result_out[26]                         |alu_result_out[26]                         
instruction_out[18]                        |instruction_out[18]                        
alu_result_out[15]                         |alu_result_out[15]                         
alu_result_out[25]                         |alu_result_out[25]                         
alu_result_out[24]                         |alu_result_out[24]                         
instruction_out[14]                        |instruction_out[14]                        
instruction_out[6]                         |instruction_out[6]                         
alu_result_out[14]                         |alu_result_out[14]                         
alu_result_out[23]                         |alu_result_out[23]                         
alu_result_out[22]                         |alu_result_out[22]                         
instruction_out[13]                        |instruction_out[13]                        
alu_result_out[11]                         |alu_result_out[11]                         
alu_result_out[21]                         |alu_result_out[21]                         
alu_result_out[2]                          |alu_result_out[2]                          
alu_result_out[7]                          |alu_result_out[7]                          
alu_result_out[16]                         |alu_result_out[16]                         
pc_out[1]                                  |pc_out[1]                                  
instruction_out[25]                        |instruction_out[25]                        
instruction_out[7]                         |instruction_out[7]                         
alu_result_out[13]                         |alu_result_out[13]                         
alu_result_out[3]                          |alu_result_out[3]                          
instruction_out[12]                        |instruction_out[12]                        
instruction_out[11]                        |instruction_out[11]                        
alu_result_out[0]                          |alu_result_out[0]                          
alu_result_out[8]                          |alu_result_out[8]                          
instruction_out[5]                         |instruction_out[5]                         
instruction_out[4]                         |instruction_out[4]                         
alu_result_out[19]                         |alu_result_out[19]                         
alu_result_out[20]                         |alu_result_out[20]                         
instruction_out[30]                        |instruction_out[30]                        
instruction_out[9]                         |instruction_out[9]                         
instruction_out[26]                        |instruction_out[26]                        
pc_out[25]                                 |pc_out[25]                                 
alu_result_out[27]                         |alu_result_out[27]                         
alu_result_out[29]                         |alu_result_out[29]                         
alu_result_out[31]                         |alu_result_out[31]                         
instruction_out[17]                        |instruction_out[17]                        
pc_out[24]                                 |pc_out[24]                                 
pc_out[12]                                 |pc_out[12]                                 
instruction_out[2]                         |instruction_out[2]                         
pc_out[11]                                 |pc_out[11]                                 
instruction_out[28]                        |instruction_out[28]                        
pc_out[10]                                 |pc_out[10]                                 
pc_out[20]                                 |pc_out[20]                                 
pc_out[2]                                  |pc_out[2]                                  
pc_out[28]                                 |pc_out[28]                                 
instruction_out[8]                         |instruction_out[8]                         
pc_out[27]                                 |pc_out[27]                                 
pc_out[16]                                 |pc_out[16]                                 
instruction_out[23]                        |instruction_out[23]                        
instruction_out[10]                        |instruction_out[10]                        
alu_result_out[28]                         |alu_result_out[28]                         
instruction_out[21]                        |instruction_out[21]                        
instruction_out[16]                        |instruction_out[16]                        
instruction_out[15]                        |instruction_out[15]                        
pc_out[31]                                 |pc_out[31]                                 
instruction_out[27]                        |instruction_out[27]                        
alu_result_out[12]                         |alu_result_out[12]                         
pc_out[5]                                  |pc_out[5]                                  
instruction_out[24]                        |instruction_out[24]                        
instruction_out[22]                        |instruction_out[22]                        
alu_result_out[5]                          |alu_result_out[5]                          
instruction_out[3]                         |instruction_out[3]                         
pc_out[6]                                  |pc_out[6]                                  
alu_result_out[6]                          |alu_result_out[6]                          
alu_result_out[4]                          |alu_result_out[4]                          
pc_out[14]                                 |pc_out[14]                                 
pc_out[23]                                 |pc_out[23]                                 
pc_out[13]                                 |pc_out[13]                                 
pc_out[30]                                 |pc_out[30]                                 
pc_out[0]                                  |pc_out[0]                                  
pc_out[29]                                 |pc_out[29]                                 
pc_out[17]                                 |pc_out[17]                                 
pc_out[26]                                 |pc_out[26]                                 
pc_out[7]                                  |pc_out[7]                                  
pc_out[15]                                 |pc_out[15]                                 
pc_out[4]                                  |pc_out[4]                                  
pc_out[3]                                  |pc_out[3]                                  
pc_out[22]                                 |pc_out[22]                                 
pc_out[21]                                 |pc_out[21]                                 
pc_out[19]                                 |pc_out[19]                                 
pc_out[18]                                 |pc_out[18]                                 
pc_out[9]                                  |pc_out[9]                                  
pc_out[8]                                  |pc_out[8]                                  
instruction_out[0]                         |instruction_out[0]                         
instruction_out[1]                         |instruction_out[1]                         
instruction_out[19]                        |instruction_out[19]                        
instruction_out[29]                        |instruction_out[29]                        
instruction_out[31]                        |instruction_out[31]                        
VGND                                       |VGND                                       
VPWR                                       |VPWR                                       
---------------------------------------------------------------------------------------
Cell pin lists are equivalent.
Device classes single_cycle_cpu and single_cycle_cpu are equivalent.

Final result: Circuits match uniquely.
.
