Starting…
Running 'Verilator.Lint' at 'runs/RUN_2026-08-22_09-37-52/01-verilator-lint'…
Logging subprocess to [repr.filename]'runs/RUN_2026-08-22_09-37-52/01-verilator-lint/verilator-lint.log'[/repr.filename]…
Running 'Checker.LintTimingConstructs' at 'runs/RUN_2026-08-22_09-37-52/02-checker-linttimingconstructs'…
Check for Lint Timing Errors clear.
Running 'Checker.LintErrors' at 'runs/RUN_2026-08-22_09-37-52/03-checker-linterrors'…
Check for Lint errors clear.
Running 'Checker.LintWarnings' at 'runs/RUN_2026-08-22_09-37-52/04-checker-lintwarnings'…
449 Lint warnings found.
Running 'Yosys.JsonHeader' at 'runs/RUN_2026-08-22_09-37-52/05-yosys-jsonheader'…
Logging subprocess to [repr.filename]'runs/RUN_2026-08-22_09-37-52/05-yosys-jsonheader/yosys-jsonheader.log'[/repr.filename]…
Running 'Yosys.Synthesis' at 'runs/RUN_2026-08-22_09-37-52/06-yosys-synthesis'…
Logging subprocess to [repr.filename]'runs/RUN_2026-08-22_09-37-52/06-yosys-synthesis/yosys-synthesis.log'[/repr.filename]…
Parsing synthesis checks…
Skipping step 'Unmapped Cells Checker'…
Skipping step 'Yosys Synth Checks'…
Skipping step 'Netlist Assign Statement Checker'…
Skipping step 'Check SDC Files'…
Skipping step 'Check Macro Instances'…
Skipping step 'STA (Pre-PnR)'…
Skipping step 'Floorplan Init'…
Skipping step 'Dump RC Values'…
Skipping step 'Check Antenna Properties of Macros Pins in Their LEF Views'…
Skipping step 'Set Power Connections'…
Skipping step 'Manual Macro Placement'…
Skipping step 'Cut Rows'…
Skipping step 'Tap/Decap Insertion'…
Skipping step 'Add PDN obstructions'…
Skipping step 'Generate PDN'…
Skipping step 'Remove PDN obstructions'…
Skipping step 'Add Obstructions'…
Skipping step 'Global Placement Skip IO'…
Skipping step 'I/O Placement'…
Skipping step 'Custom I/O Placement'…
Skipping step 'Apply DEF Template'…
Skipping step 'Global Placement'…
Skipping step 'Write Verilog Header'…
Skipping step 'Power Grid Violation Checker'…
Skipping step 'STA (Mid-PnR)'…
Skipping step 'Repair Design (Post-Global Placement)'…
Skipping step 'Manual Global Placement'…
Skipping step 'Detailed Placement'…
Skipping step 'Clock Tree Synthesis'…
Skipping step 'STA (Mid-PnR)'…
Skipping step 'Resizer Timing Optimizations (Post-Clock Tree Synthesis)'…
Skipping step 'STA (Mid-PnR)'…
Skipping step 'Global Routing'…
Skipping step 'Check Antennas'…
Gating variable for step 'OpenROAD.RepairDesignPostGRT' set to 'False'- the step will be skipped.
Skipping step 'Repair Design (Post-Global Routing)'…
Skipping step 'Diodes on Ports'…
Gating variable for step 'Odb.HeuristicDiodeInsertion' set to 'False'- the step will be skipped.
Skipping step 'Heuristic Diode Insertion'…
Skipping step 'Antenna Repair'…
Gating variable for step 'OpenROAD.ResizerTimingPostGRT' set to 'False'- the step will be skipped.
Skipping step 'Resizer Timing Optimizations (Post-Global Routing)'…
Skipping step 'STA (Mid-PnR)'…
Skipping step 'Detailed Routing'…
Skipping step 'Remove Obstructions'…
Skipping step 'Check Antennas'…
Skipping step 'Routing DRC Checker'…
Skipping step 'Report Disconnected Pins'…
Skipping step 'Disconnected Pins Checker'…
Skipping step 'Report Wire Length'…
Skipping step 'Wire Length Threshold Checker'…
Skipping step 'Fill Insertion'…
Skipping step 'Generate Cell Frequency Tables'…
Skipping step 'Parasitics (RC) Extraction'…
Skipping step 'STA (Post-PnR)'…
Skipping step 'IR Drop Report'…
Skipping step 'GDSII Stream Out (Magic)'…
Skipping step 'GDSII Stream Out (KLayout)'…
Skipping step 'Render Image (w/ KLayout)'…
Skipping step 'Write LEF (Magic)'…
Skipping step 'Check Antenna Properties of Pins in The Generated Design LEF view'…
Skipping step 'KLayout vs. Magic XOR'…
Skipping step 'XOR Difference Checker'…
Skipping step 'DRC'…
Skipping step 'Design Rule Check (KLayout)'…
Skipping step 'Magic DRC Checker'…
Skipping step 'KLayout DRC Checker'…
Skipping step 'SPICE Extraction'…
Skipping step 'Illegal Overlap Checker'…
Skipping step 'Netgen LVS'…
Skipping step 'LVS Error Checker'…
Gating variable for step 'Yosys.EQY' set to 'False'- the step will be skipped.
Skipping step 'Equivalence Check'…
Skipping step 'Setup Timing Violations Checker'…
Skipping step 'Hold Timing Violations Checker'…
Skipping step 'Max Slew Violations Checker'…
Skipping step 'Max Cap Violations Checker'…
Skipping step 'Report Manufacturability'…
Saving views to '/home/cl4/Desktop/training/single_cycle/runs/RUN_2026-08-22_09-37-52/final'…
Flow complete.
Starting…
Skipping step 'Verilator Lint'…
Skipping step 'Lint Timing Error Checker'…
Skipping step 'Lint Errors Checker'…
Skipping step 'Lint Warnings Checker'…
Skipping step 'Generate JSON Header'…
Skipping step 'Synthesis'…
Skipping step 'Unmapped Cells Checker'…
Skipping step 'Yosys Synth Checks'…
Skipping step 'Netlist Assign Statement Checker'…
Skipping step 'Check SDC Files'…
Skipping step 'Check Macro Instances'…
Running 'OpenROAD.STAPrePNR' at 'runs/RUN_2026-08-22_09-37-52/07-openroad-staprepnr'…
Starting STA for the nom_tt_025C_1v80 timing corner…
Starting STA for the nom_ss_100C_1v60 timing corner…
Logging subprocess to [repr.filename]'runs/RUN_2026-08-22_09-37-52/07-openroad-staprepnr/nom_tt_025C_1v80/sta.log'[/repr.filename]…
Starting STA for the nom_ff_n40C_1v95 timing corner…
Skipping corner min_tt_025C_1v80 for STA (identical to nom_tt_025C_1v80 at this stage)…
Skipping corner min_ss_100C_1v60 for STA (identical to nom_ss_100C_1v60 at this stage)…
Skipping corner min_ff_n40C_1v95 for STA (identical to nom_ff_n40C_1v95 at this stage)…
Skipping corner max_tt_025C_1v80 for STA (identical to nom_tt_025C_1v80 at this stage)…
Skipping corner max_ss_100C_1v60 for STA (identical to nom_ss_100C_1v60 at this stage)…
Skipping corner max_ff_n40C_1v95 for STA (identical to nom_ff_n40C_1v95 at this stage)…
Logging subprocess to [repr.filename]'runs/RUN_2026-08-22_09-37-52/07-openroad-staprepnr/nom_ss_100C_1v60/sta.log'[/repr.filename]…
Logging subprocess to [repr.filename]'runs/RUN_2026-08-22_09-37-52/07-openroad-staprepnr/nom_ff_n40C_1v95/sta.log'[/repr.filename]…
Finished STA for the nom_ff_n40C_1v95 timing corner.
Finished STA for the nom_ss_100C_1v60 timing corner.
Finished STA for the nom_tt_025C_1v80 timing corner.
Skipping step 'Floorplan Init'…
Skipping step 'Dump RC Values'…
Skipping step 'Check Antenna Properties of Macros Pins in Their LEF Views'…
Skipping step 'Set Power Connections'…
Skipping step 'Manual Macro Placement'…
Skipping step 'Cut Rows'…
Skipping step 'Tap/Decap Insertion'…
Skipping step 'Add PDN obstructions'…
Skipping step 'Generate PDN'…
Skipping step 'Remove PDN obstructions'…
Skipping step 'Add Obstructions'…
Skipping step 'Global Placement Skip IO'…
Skipping step 'I/O Placement'…
Skipping step 'Custom I/O Placement'…
Skipping step 'Apply DEF Template'…
Skipping step 'Global Placement'…
Skipping step 'Write Verilog Header'…
Skipping step 'Power Grid Violation Checker'…
Skipping step 'STA (Mid-PnR)'…
Skipping step 'Repair Design (Post-Global Placement)'…
Skipping step 'Manual Global Placement'…
Skipping step 'Detailed Placement'…
Skipping step 'Clock Tree Synthesis'…
Skipping step 'STA (Mid-PnR)'…
Skipping step 'Resizer Timing Optimizations (Post-Clock Tree Synthesis)'…
Skipping step 'STA (Mid-PnR)'…
Skipping step 'Global Routing'…
Skipping step 'Check Antennas'…
Gating variable for step 'OpenROAD.RepairDesignPostGRT' set to 'False'- the step will be skipped.
Skipping step 'Repair Design (Post-Global Routing)'…
Skipping step 'Diodes on Ports'…
Gating variable for step 'Odb.HeuristicDiodeInsertion' set to 'False'- the step will be skipped.
Skipping step 'Heuristic Diode Insertion'…
Skipping step 'Antenna Repair'…
Gating variable for step 'OpenROAD.ResizerTimingPostGRT' set to 'False'- the step will be skipped.
Skipping step 'Resizer Timing Optimizations (Post-Global Routing)'…
Skipping step 'STA (Mid-PnR)'…
Skipping step 'Detailed Routing'…
Skipping step 'Remove Obstructions'…
Skipping step 'Check Antennas'…
Skipping step 'Routing DRC Checker'…
Skipping step 'Report Disconnected Pins'…
Skipping step 'Disconnected Pins Checker'…
Skipping step 'Report Wire Length'…
Skipping step 'Wire Length Threshold Checker'…
Skipping step 'Fill Insertion'…
Skipping step 'Generate Cell Frequency Tables'…
Skipping step 'Parasitics (RC) Extraction'…
Skipping step 'STA (Post-PnR)'…
Skipping step 'IR Drop Report'…
Skipping step 'GDSII Stream Out (Magic)'…
Skipping step 'GDSII Stream Out (KLayout)'…
Skipping step 'Render Image (w/ KLayout)'…
Skipping step 'Write LEF (Magic)'…
Skipping step 'Check Antenna Properties of Pins in The Generated Design LEF view'…
Skipping step 'KLayout vs. Magic XOR'…
Skipping step 'XOR Difference Checker'…
Skipping step 'DRC'…
Skipping step 'Design Rule Check (KLayout)'…
Skipping step 'Magic DRC Checker'…
Skipping step 'KLayout DRC Checker'…
Skipping step 'SPICE Extraction'…
Skipping step 'Illegal Overlap Checker'…
Skipping step 'Netgen LVS'…
Skipping step 'LVS Error Checker'…
Gating variable for step 'Yosys.EQY' set to 'False'- the step will be skipped.
Skipping step 'Equivalence Check'…
Skipping step 'Setup Timing Violations Checker'…
Skipping step 'Hold Timing Violations Checker'…
Skipping step 'Max Slew Violations Checker'…
Skipping step 'Max Cap Violations Checker'…
Skipping step 'Report Manufacturability'…
Saving views to '/home/cl4/Desktop/training/single_cycle/runs/RUN_2026-08-22_09-37-52/final'…
Flow complete.
Starting…
Skipping step 'Verilator Lint'…
Skipping step 'Lint Timing Error Checker'…
Skipping step 'Lint Errors Checker'…
Skipping step 'Lint Warnings Checker'…
Skipping step 'Generate JSON Header'…
Skipping step 'Synthesis'…
Skipping step 'Unmapped Cells Checker'…
Skipping step 'Yosys Synth Checks'…
Skipping step 'Netlist Assign Statement Checker'…
Skipping step 'Check SDC Files'…
Skipping step 'Check Macro Instances'…
Skipping step 'STA (Pre-PnR)'…
Running 'OpenROAD.Floorplan' at 'runs/RUN_2026-08-22_09-37-52/08-openroad-floorplan'…
Logging subprocess to [repr.filename]'runs/RUN_2026-08-22_09-37-52/08-openroad-floorplan/openroad-floorplan.log'[/repr.filename]…
[IFP-0028] Core area lower left (15.000, 15.000) snapped to (15.180, 16.320).
Skipping step 'Dump RC Values'…
Skipping step 'Check Antenna Properties of Macros Pins in Their LEF Views'…
Skipping step 'Set Power Connections'…
Skipping step 'Manual Macro Placement'…
Skipping step 'Cut Rows'…
Skipping step 'Tap/Decap Insertion'…
Skipping step 'Add PDN obstructions'…
Skipping step 'Generate PDN'…
Skipping step 'Remove PDN obstructions'…
Skipping step 'Add Obstructions'…
Skipping step 'Global Placement Skip IO'…
Skipping step 'I/O Placement'…
Skipping step 'Custom I/O Placement'…
Skipping step 'Apply DEF Template'…
Skipping step 'Global Placement'…
Skipping step 'Write Verilog Header'…
Skipping step 'Power Grid Violation Checker'…
Skipping step 'STA (Mid-PnR)'…
Skipping step 'Repair Design (Post-Global Placement)'…
Skipping step 'Manual Global Placement'…
Skipping step 'Detailed Placement'…
Skipping step 'Clock Tree Synthesis'…
Skipping step 'STA (Mid-PnR)'…
Skipping step 'Resizer Timing Optimizations (Post-Clock Tree Synthesis)'…
Skipping step 'STA (Mid-PnR)'…
Skipping step 'Global Routing'…
Skipping step 'Check Antennas'…
Gating variable for step 'OpenROAD.RepairDesignPostGRT' set to 'False'- the step will be skipped.
Skipping step 'Repair Design (Post-Global Routing)'…
Skipping step 'Diodes on Ports'…
Gating variable for step 'Odb.HeuristicDiodeInsertion' set to 'False'- the step will be skipped.
Skipping step 'Heuristic Diode Insertion'…
Skipping step 'Antenna Repair'…
Gating variable for step 'OpenROAD.ResizerTimingPostGRT' set to 'False'- the step will be skipped.
Skipping step 'Resizer Timing Optimizations (Post-Global Routing)'…
Skipping step 'STA (Mid-PnR)'…
Skipping step 'Detailed Routing'…
Skipping step 'Remove Obstructions'…
Skipping step 'Check Antennas'…
Skipping step 'Routing DRC Checker'…
Skipping step 'Report Disconnected Pins'…
Skipping step 'Disconnected Pins Checker'…
Skipping step 'Report Wire Length'…
Skipping step 'Wire Length Threshold Checker'…
Skipping step 'Fill Insertion'…
Skipping step 'Generate Cell Frequency Tables'…
Skipping step 'Parasitics (RC) Extraction'…
Skipping step 'STA (Post-PnR)'…
Skipping step 'IR Drop Report'…
Skipping step 'GDSII Stream Out (Magic)'…
Skipping step 'GDSII Stream Out (KLayout)'…
Skipping step 'Render Image (w/ KLayout)'…
Skipping step 'Write LEF (Magic)'…
Skipping step 'Check Antenna Properties of Pins in The Generated Design LEF view'…
Skipping step 'KLayout vs. Magic XOR'…
Skipping step 'XOR Difference Checker'…
Skipping step 'DRC'…
Skipping step 'Design Rule Check (KLayout)'…
Skipping step 'Magic DRC Checker'…
Skipping step 'KLayout DRC Checker'…
Skipping step 'SPICE Extraction'…
Skipping step 'Illegal Overlap Checker'…
Skipping step 'Netgen LVS'…
Skipping step 'LVS Error Checker'…
Gating variable for step 'Yosys.EQY' set to 'False'- the step will be skipped.
Skipping step 'Equivalence Check'…
Skipping step 'Setup Timing Violations Checker'…
Skipping step 'Hold Timing Violations Checker'…
Skipping step 'Max Slew Violations Checker'…
Skipping step 'Max Cap Violations Checker'…
Skipping step 'Report Manufacturability'…
Saving views to '/home/cl4/Desktop/training/single_cycle/runs/RUN_2026-08-22_09-37-52/final'…
Flow complete.
Starting…
Running 'Verilator.Lint' at 'runs/RUN_2026-08-22_09-37-52/09-verilator-lint'…
Logging subprocess to [repr.filename]'runs/RUN_2026-08-22_09-37-52/09-verilator-lint/verilator-lint.log'[/repr.filename]…
Running 'Checker.LintTimingConstructs' at 'runs/RUN_2026-08-22_09-37-52/10-checker-linttimingconstructs'…
Check for Lint Timing Errors clear.
Running 'Checker.LintErrors' at 'runs/RUN_2026-08-22_09-37-52/11-checker-linterrors'…
Check for Lint errors clear.
Running 'Checker.LintWarnings' at 'runs/RUN_2026-08-22_09-37-52/12-checker-lintwarnings'…
449 Lint warnings found.
Running 'Yosys.JsonHeader' at 'runs/RUN_2026-08-22_09-37-52/13-yosys-jsonheader'…
Logging subprocess to [repr.filename]'runs/RUN_2026-08-22_09-37-52/13-yosys-jsonheader/yosys-jsonheader.log'[/repr.filename]…
Running 'Yosys.Synthesis' at 'runs/RUN_2026-08-22_09-37-52/14-yosys-synthesis'…
Logging subprocess to [repr.filename]'runs/RUN_2026-08-22_09-37-52/14-yosys-synthesis/yosys-synthesis.log'[/repr.filename]…
Parsing synthesis checks…
Running 'Checker.YosysUnmappedCells' at 'runs/RUN_2026-08-22_09-37-52/15-checker-yosysunmappedcells'…
Check for Unmapped Yosys instances clear.
Running 'Checker.YosysSynthChecks' at 'runs/RUN_2026-08-22_09-37-52/16-checker-yosyssynthchecks'…
Check for Yosys check errors clear.
Running 'Checker.NetlistAssignStatements' at 'runs/RUN_2026-08-22_09-37-52/17-checker-netlistassignstatements'…
Running 'OpenROAD.CheckSDCFiles' at 'runs/RUN_2026-08-22_09-37-52/18-openroad-checksdcfiles'…
Running 'OpenROAD.CheckMacroInstances' at 'runs/RUN_2026-08-22_09-37-52/19-openroad-checkmacroinstances'…
No macros found, skipping instance check…
Running 'OpenROAD.STAPrePNR' at 'runs/RUN_2026-08-22_09-37-52/20-openroad-staprepnr'…
Starting STA for the nom_tt_025C_1v80 timing corner…
Starting STA for the nom_ss_100C_1v60 timing corner…
Starting STA for the nom_ff_n40C_1v95 timing corner…
Skipping corner min_tt_025C_1v80 for STA (identical to nom_tt_025C_1v80 at this stage)…
Skipping corner min_ss_100C_1v60 for STA (identical to nom_ss_100C_1v60 at this stage)…
Logging subprocess to [repr.filename]'runs/RUN_2026-08-22_09-37-52/20-openroad-staprepnr/nom_tt_025C_1v80/sta.log'[/repr.filename]…
Skipping corner min_ff_n40C_1v95 for STA (identical to nom_ff_n40C_1v95 at this stage)…
Logging subprocess to [repr.filename]'runs/RUN_2026-08-22_09-37-52/20-openroad-staprepnr/nom_ff_n40C_1v95/sta.log'[/repr.filename]…
Skipping corner max_tt_025C_1v80 for STA (identical to nom_tt_025C_1v80 at this stage)…
Logging subprocess to [repr.filename]'runs/RUN_2026-08-22_09-37-52/20-openroad-staprepnr/nom_ss_100C_1v60/sta.log'[/repr.filename]…
Skipping corner max_ss_100C_1v60 for STA (identical to nom_ss_100C_1v60 at this stage)…
Skipping corner max_ff_n40C_1v95 for STA (identical to nom_ff_n40C_1v95 at this stage)…
Finished STA for the nom_ss_100C_1v60 timing corner.
Finished STA for the nom_ff_n40C_1v95 timing corner.
Finished STA for the nom_tt_025C_1v80 timing corner.
Running 'OpenROAD.Floorplan' at 'runs/RUN_2026-08-22_09-37-52/21-openroad-floorplan'…
Logging subprocess to [repr.filename]'runs/RUN_2026-08-22_09-37-52/21-openroad-floorplan/openroad-floorplan.log'[/repr.filename]…
[IFP-0028] Core area lower left (15.000, 15.000) snapped to (15.180, 16.320).
Running 'OpenROAD.DumpRCValues' at 'runs/RUN_2026-08-22_09-37-52/22-openroad-dumprcvalues'…
Logging subprocess to [repr.filename]'runs/RUN_2026-08-22_09-37-52/22-openroad-dumprcvalues/openroad-dumprcvalues.log'[/repr.filename]…
Running 'Odb.CheckMacroAntennaProperties' at 'runs/RUN_2026-08-22_09-37-52/23-odb-checkmacroantennaproperties'…
No cells provided, skipping 'Odb.CheckMacroAntennaProperties'…
Running 'Odb.SetPowerConnections' at 'runs/RUN_2026-08-22_09-37-52/24-odb-setpowerconnections'…
Logging subprocess to [repr.filename]'runs/RUN_2026-08-22_09-37-52/24-odb-setpowerconnections/odb-setpowerconnections.log'[/repr.filename]…
Running 'Odb.ManualMacroPlacement' at 'runs/RUN_2026-08-22_09-37-52/25-odb-manualmacroplacement'…
No instances found, skipping 'Odb.ManualMacroPlacement'…
Running 'OpenROAD.CutRows' at 'runs/RUN_2026-08-22_09-37-52/26-openroad-cutrows'…
Logging subprocess to [repr.filename]'runs/RUN_2026-08-22_09-37-52/26-openroad-cutrows/openroad-cutrows.log'[/repr.filename]…
Running 'OpenROAD.TapEndcapInsertion' at 'runs/RUN_2026-08-22_09-37-52/27-openroad-tapendcapinsertion'…
Logging subprocess to [repr.filename]'runs/RUN_2026-08-22_09-37-52/27-openroad-tapendcapinsertion/openroad-tapendcapinsertion.log'[/repr.filename]…
Running 'Odb.AddPDNObstructions' at 'runs/RUN_2026-08-22_09-37-52/28-odb-addpdnobstructions'…
'PDN_OBSTRUCTIONS' is not defined. Skipping 'Odb.AddPDNObstructions'…
Running 'OpenROAD.GeneratePDN' at 'runs/RUN_2026-08-22_09-37-52/29-openroad-generatepdn'…
'PDN_CFG' not explicitly set, setting it to /nix/store/5jsqcdxd774ydqqjk8zkw3zk47dxbryb-python3-3.13.9-env/lib/python3.13/site-packages/librelane/scripts/openroad/common/pdn_cfg.tcl…
Logging subprocess to [repr.filename]'runs/RUN_2026-08-22_09-37-52/29-openroad-generatepdn/openroad-generatepdn.log'[/repr.filename]…
Running 'Odb.RemovePDNObstructions' at 'runs/RUN_2026-08-22_09-37-52/30-odb-removepdnobstructions'…
'PDN_OBSTRUCTIONS' is not defined. Skipping 'Odb.RemovePDNObstructions'…
Running 'Odb.AddRoutingObstructions' at 'runs/RUN_2026-08-22_09-37-52/31-odb-addroutingobstructions'…
'ROUTING_OBSTRUCTIONS' is not defined. Skipping 'Odb.AddRoutingObstructions'…
Running 'OpenROAD.GlobalPlacementSkipIO' at 'runs/RUN_2026-08-22_09-37-52/32-openroad-globalplacementskipio'…
I/O pins to be placed from /home/cl4/Desktop/training/single_cycle/pin_order.cfg. Returning state unaltered…
Running 'OpenROAD.IOPlacement' at 'runs/RUN_2026-08-22_09-37-52/33-openroad-ioplacement'…
IO_PIN_ORDER_CFG is set. Skipping 'OpenROAD.IOPlacement'…
Skipping step 'Custom I/O Placement'…
Skipping step 'Apply DEF Template'…
Skipping step 'Global Placement'…
Skipping step 'Write Verilog Header'…
Skipping step 'Power Grid Violation Checker'…
Skipping step 'STA (Mid-PnR)'…
Skipping step 'Repair Design (Post-Global Placement)'…
Skipping step 'Manual Global Placement'…
Skipping step 'Detailed Placement'…
Skipping step 'Clock Tree Synthesis'…
Skipping step 'STA (Mid-PnR)'…
Skipping step 'Resizer Timing Optimizations (Post-Clock Tree Synthesis)'…
Skipping step 'STA (Mid-PnR)'…
Skipping step 'Global Routing'…
Skipping step 'Check Antennas'…
Gating variable for step 'OpenROAD.RepairDesignPostGRT' set to 'False'- the step will be skipped.
Skipping step 'Repair Design (Post-Global Routing)'…
Skipping step 'Diodes on Ports'…
Gating variable for step 'Odb.HeuristicDiodeInsertion' set to 'False'- the step will be skipped.
Skipping step 'Heuristic Diode Insertion'…
Skipping step 'Antenna Repair'…
Gating variable for step 'OpenROAD.ResizerTimingPostGRT' set to 'False'- the step will be skipped.
Skipping step 'Resizer Timing Optimizations (Post-Global Routing)'…
Skipping step 'STA (Mid-PnR)'…
Skipping step 'Detailed Routing'…
Skipping step 'Remove Obstructions'…
Skipping step 'Check Antennas'…
Skipping step 'Routing DRC Checker'…
Skipping step 'Report Disconnected Pins'…
Skipping step 'Disconnected Pins Checker'…
Skipping step 'Report Wire Length'…
Skipping step 'Wire Length Threshold Checker'…
Skipping step 'Fill Insertion'…
Skipping step 'Generate Cell Frequency Tables'…
Skipping step 'Parasitics (RC) Extraction'…
Skipping step 'STA (Post-PnR)'…
Skipping step 'IR Drop Report'…
Skipping step 'GDSII Stream Out (Magic)'…
Skipping step 'GDSII Stream Out (KLayout)'…
Skipping step 'Render Image (w/ KLayout)'…
Skipping step 'Write LEF (Magic)'…
Skipping step 'Check Antenna Properties of Pins in The Generated Design LEF view'…
Skipping step 'KLayout vs. Magic XOR'…
Skipping step 'XOR Difference Checker'…
Skipping step 'DRC'…
Skipping step 'Design Rule Check (KLayout)'…
Skipping step 'Magic DRC Checker'…
Skipping step 'KLayout DRC Checker'…
Skipping step 'SPICE Extraction'…
Skipping step 'Illegal Overlap Checker'…
Skipping step 'Netgen LVS'…
Skipping step 'LVS Error Checker'…
Gating variable for step 'Yosys.EQY' set to 'False'- the step will be skipped.
Skipping step 'Equivalence Check'…
Skipping step 'Setup Timing Violations Checker'…
Skipping step 'Hold Timing Violations Checker'…
Skipping step 'Max Slew Violations Checker'…
Skipping step 'Max Cap Violations Checker'…
Skipping step 'Report Manufacturability'…
Saving views to '/home/cl4/Desktop/training/single_cycle/runs/RUN_2026-08-22_09-37-52/final'…
Flow complete.
Starting…
Running 'OpenROAD.OpenGUI' at 'runs/RUN_2026-08-22_09-37-52/34-openroad-opengui'…
Logging subprocess to [repr.filename]'runs/RUN_2026-08-22_09-37-52/34-openroad-opengui/openroad-opengui.log'[/repr.filename]…
Starting…
Running 'Verilator.Lint' at 'runs/RUN_2026-08-22_09-37-52/35-verilator-lint'…
Logging subprocess to [repr.filename]'runs/RUN_2026-08-22_09-37-52/35-verilator-lint/verilator-lint.log'[/repr.filename]…
Running 'Checker.LintTimingConstructs' at 'runs/RUN_2026-08-22_09-37-52/36-checker-linttimingconstructs'…
Check for Lint Timing Errors clear.
Running 'Checker.LintErrors' at 'runs/RUN_2026-08-22_09-37-52/37-checker-linterrors'…
Check for Lint errors clear.
Running 'Checker.LintWarnings' at 'runs/RUN_2026-08-22_09-37-52/38-checker-lintwarnings'…
449 Lint warnings found.
Running 'Yosys.JsonHeader' at 'runs/RUN_2026-08-22_09-37-52/39-yosys-jsonheader'…
Logging subprocess to [repr.filename]'runs/RUN_2026-08-22_09-37-52/39-yosys-jsonheader/yosys-jsonheader.log'[/repr.filename]…
Running 'Yosys.Synthesis' at 'runs/RUN_2026-08-22_09-37-52/40-yosys-synthesis'…
Logging subprocess to [repr.filename]'runs/RUN_2026-08-22_09-37-52/40-yosys-synthesis/yosys-synthesis.log'[/repr.filename]…
Parsing synthesis checks…
Running 'Checker.YosysUnmappedCells' at 'runs/RUN_2026-08-22_09-37-52/41-checker-yosysunmappedcells'…
Check for Unmapped Yosys instances clear.
Running 'Checker.YosysSynthChecks' at 'runs/RUN_2026-08-22_09-37-52/42-checker-yosyssynthchecks'…
Check for Yosys check errors clear.
Running 'Checker.NetlistAssignStatements' at 'runs/RUN_2026-08-22_09-37-52/43-checker-netlistassignstatements'…
Running 'OpenROAD.CheckSDCFiles' at 'runs/RUN_2026-08-22_09-37-52/44-openroad-checksdcfiles'…
Running 'OpenROAD.CheckMacroInstances' at 'runs/RUN_2026-08-22_09-37-52/45-openroad-checkmacroinstances'…
No macros found, skipping instance check…
Running 'OpenROAD.STAPrePNR' at 'runs/RUN_2026-08-22_09-37-52/46-openroad-staprepnr'…
Starting STA for the nom_tt_025C_1v80 timing corner…
Starting STA for the nom_ss_100C_1v60 timing corner…
Starting STA for the nom_ff_n40C_1v95 timing corner…
Skipping corner min_tt_025C_1v80 for STA (identical to nom_tt_025C_1v80 at this stage)…
Skipping corner min_ss_100C_1v60 for STA (identical to nom_ss_100C_1v60 at this stage)…
Skipping corner min_ff_n40C_1v95 for STA (identical to nom_ff_n40C_1v95 at this stage)…
Skipping corner max_tt_025C_1v80 for STA (identical to nom_tt_025C_1v80 at this stage)…
Skipping corner max_ss_100C_1v60 for STA (identical to nom_ss_100C_1v60 at this stage)…
Skipping corner max_ff_n40C_1v95 for STA (identical to nom_ff_n40C_1v95 at this stage)…
Logging subprocess to [repr.filename]'runs/RUN_2026-08-22_09-37-52/46-openroad-staprepnr/nom_tt_025C_1v80/sta.log'[/repr.filename]…
Logging subprocess to [repr.filename]'runs/RUN_2026-08-22_09-37-52/46-openroad-staprepnr/nom_ss_100C_1v60/sta.log'[/repr.filename]…
Logging subprocess to [repr.filename]'runs/RUN_2026-08-22_09-37-52/46-openroad-staprepnr/nom_ff_n40C_1v95/sta.log'[/repr.filename]…
Finished STA for the nom_tt_025C_1v80 timing corner.
Finished STA for the nom_ff_n40C_1v95 timing corner.
Finished STA for the nom_ss_100C_1v60 timing corner.
Running 'OpenROAD.Floorplan' at 'runs/RUN_2026-08-22_09-37-52/47-openroad-floorplan'…
Logging subprocess to [repr.filename]'runs/RUN_2026-08-22_09-37-52/47-openroad-floorplan/openroad-floorplan.log'[/repr.filename]…
[IFP-0028] Core area lower left (15.000, 15.000) snapped to (15.180, 16.320).
Running 'OpenROAD.DumpRCValues' at 'runs/RUN_2026-08-22_09-37-52/48-openroad-dumprcvalues'…
Logging subprocess to [repr.filename]'runs/RUN_2026-08-22_09-37-52/48-openroad-dumprcvalues/openroad-dumprcvalues.log'[/repr.filename]…
Running 'Odb.CheckMacroAntennaProperties' at 'runs/RUN_2026-08-22_09-37-52/49-odb-checkmacroantennaproperties'…
No cells provided, skipping 'Odb.CheckMacroAntennaProperties'…
Running 'Odb.SetPowerConnections' at 'runs/RUN_2026-08-22_09-37-52/50-odb-setpowerconnections'…
Logging subprocess to [repr.filename]'runs/RUN_2026-08-22_09-37-52/50-odb-setpowerconnections/odb-setpowerconnections.log'[/repr.filename]…
Running 'Odb.ManualMacroPlacement' at 'runs/RUN_2026-08-22_09-37-52/51-odb-manualmacroplacement'…
No instances found, skipping 'Odb.ManualMacroPlacement'…
Running 'OpenROAD.CutRows' at 'runs/RUN_2026-08-22_09-37-52/52-openroad-cutrows'…
Logging subprocess to [repr.filename]'runs/RUN_2026-08-22_09-37-52/52-openroad-cutrows/openroad-cutrows.log'[/repr.filename]…
Running 'OpenROAD.TapEndcapInsertion' at 'runs/RUN_2026-08-22_09-37-52/53-openroad-tapendcapinsertion'…
Logging subprocess to [repr.filename]'runs/RUN_2026-08-22_09-37-52/53-openroad-tapendcapinsertion/openroad-tapendcapinsertion.log'[/repr.filename]…
Running 'Odb.AddPDNObstructions' at 'runs/RUN_2026-08-22_09-37-52/54-odb-addpdnobstructions'…
'PDN_OBSTRUCTIONS' is not defined. Skipping 'Odb.AddPDNObstructions'…
Running 'OpenROAD.GeneratePDN' at 'runs/RUN_2026-08-22_09-37-52/55-openroad-generatepdn'…
'PDN_CFG' not explicitly set, setting it to /nix/store/5jsqcdxd774ydqqjk8zkw3zk47dxbryb-python3-3.13.9-env/lib/python3.13/site-packages/librelane/scripts/openroad/common/pdn_cfg.tcl…
Logging subprocess to [repr.filename]'runs/RUN_2026-08-22_09-37-52/55-openroad-generatepdn/openroad-generatepdn.log'[/repr.filename]…
Running 'Odb.RemovePDNObstructions' at 'runs/RUN_2026-08-22_09-37-52/56-odb-removepdnobstructions'…
'PDN_OBSTRUCTIONS' is not defined. Skipping 'Odb.RemovePDNObstructions'…
Running 'Odb.AddRoutingObstructions' at 'runs/RUN_2026-08-22_09-37-52/57-odb-addroutingobstructions'…
'ROUTING_OBSTRUCTIONS' is not defined. Skipping 'Odb.AddRoutingObstructions'…
Running 'OpenROAD.GlobalPlacementSkipIO' at 'runs/RUN_2026-08-22_09-37-52/58-openroad-globalplacementskipio'…
I/O pins to be placed from /home/cl4/Desktop/training/single_cycle/pin_order.cfg. Returning state unaltered…
Running 'OpenROAD.IOPlacement' at 'runs/RUN_2026-08-22_09-37-52/59-openroad-ioplacement'…
IO_PIN_ORDER_CFG is set. Skipping 'OpenROAD.IOPlacement'…
Running 'Odb.CustomIOPlacement' at 'runs/RUN_2026-08-22_09-37-52/60-odb-customioplacement'…
Logging subprocess to [repr.filename]'runs/RUN_2026-08-22_09-37-52/60-odb-customioplacement/odb-customioplacement.log'[/repr.filename]…
Overriding minimum distance 0.1 with 0.42 for pins on side N to avoid overlap.
Running 'Odb.ApplyDEFTemplate' at 'runs/RUN_2026-08-22_09-37-52/61-odb-applydeftemplate'…
No DEF template provided, skipping 'Odb.ApplyDEFTemplate'…
Running 'OpenROAD.GlobalPlacement' at 'runs/RUN_2026-08-22_09-37-52/62-openroad-globalplacement'…
Logging subprocess to [repr.filename]'runs/RUN_2026-08-22_09-37-52/62-openroad-globalplacement/openroad-globalplacement.log'[/repr.filename]…
[GPL-0301] Utilization 3315.149 % exceeds 100%.
Starting…
Running 'Verilator.Lint' at 'runs/RUN_2026-08-22_09-37-52/63-verilator-lint'…
Logging subprocess to [repr.filename]'runs/RUN_2026-08-22_09-37-52/63-verilator-lint/verilator-lint.log'[/repr.filename]…
Running 'Checker.LintTimingConstructs' at 'runs/RUN_2026-08-22_09-37-52/64-checker-linttimingconstructs'…
Check for Lint Timing Errors clear.
Running 'Checker.LintErrors' at 'runs/RUN_2026-08-22_09-37-52/65-checker-linterrors'…
Check for Lint errors clear.
Running 'Checker.LintWarnings' at 'runs/RUN_2026-08-22_09-37-52/66-checker-lintwarnings'…
449 Lint warnings found.
Running 'Yosys.JsonHeader' at 'runs/RUN_2026-08-22_09-37-52/67-yosys-jsonheader'…
Logging subprocess to [repr.filename]'runs/RUN_2026-08-22_09-37-52/67-yosys-jsonheader/yosys-jsonheader.log'[/repr.filename]…
Running 'Yosys.Synthesis' at 'runs/RUN_2026-08-22_09-37-52/68-yosys-synthesis'…
Logging subprocess to [repr.filename]'runs/RUN_2026-08-22_09-37-52/68-yosys-synthesis/yosys-synthesis.log'[/repr.filename]…
Parsing synthesis checks…
Running 'Checker.YosysUnmappedCells' at 'runs/RUN_2026-08-22_09-37-52/69-checker-yosysunmappedcells'…
Check for Unmapped Yosys instances clear.
Running 'Checker.YosysSynthChecks' at 'runs/RUN_2026-08-22_09-37-52/70-checker-yosyssynthchecks'…
Check for Yosys check errors clear.
Running 'Checker.NetlistAssignStatements' at 'runs/RUN_2026-08-22_09-37-52/71-checker-netlistassignstatements'…
Running 'OpenROAD.CheckSDCFiles' at 'runs/RUN_2026-08-22_09-37-52/72-openroad-checksdcfiles'…
Running 'OpenROAD.CheckMacroInstances' at 'runs/RUN_2026-08-22_09-37-52/73-openroad-checkmacroinstances'…
No macros found, skipping instance check…
Running 'OpenROAD.STAPrePNR' at 'runs/RUN_2026-08-22_09-37-52/74-openroad-staprepnr'…
Starting STA for the nom_tt_025C_1v80 timing corner…
Starting STA for the nom_ss_100C_1v60 timing corner…
Starting STA for the nom_ff_n40C_1v95 timing corner…
Skipping corner min_tt_025C_1v80 for STA (identical to nom_tt_025C_1v80 at this stage)…
Skipping corner min_ss_100C_1v60 for STA (identical to nom_ss_100C_1v60 at this stage)…
Skipping corner min_ff_n40C_1v95 for STA (identical to nom_ff_n40C_1v95 at this stage)…
Logging subprocess to [repr.filename]'runs/RUN_2026-08-22_09-37-52/74-openroad-staprepnr/nom_tt_025C_1v80/sta.log'[/repr.filename]…
Skipping corner max_tt_025C_1v80 for STA (identical to nom_tt_025C_1v80 at this stage)…
Skipping corner max_ss_100C_1v60 for STA (identical to nom_ss_100C_1v60 at this stage)…
Skipping corner max_ff_n40C_1v95 for STA (identical to nom_ff_n40C_1v95 at this stage)…
Logging subprocess to [repr.filename]'runs/RUN_2026-08-22_09-37-52/74-openroad-staprepnr/nom_ss_100C_1v60/sta.log'[/repr.filename]…
Logging subprocess to [repr.filename]'runs/RUN_2026-08-22_09-37-52/74-openroad-staprepnr/nom_ff_n40C_1v95/sta.log'[/repr.filename]…
Finished STA for the nom_ff_n40C_1v95 timing corner.
Finished STA for the nom_tt_025C_1v80 timing corner.
Finished STA for the nom_ss_100C_1v60 timing corner.
Running 'OpenROAD.Floorplan' at 'runs/RUN_2026-08-22_09-37-52/75-openroad-floorplan'…
Logging subprocess to [repr.filename]'runs/RUN_2026-08-22_09-37-52/75-openroad-floorplan/openroad-floorplan.log'[/repr.filename]…
Running 'OpenROAD.DumpRCValues' at 'runs/RUN_2026-08-22_09-37-52/76-openroad-dumprcvalues'…
Logging subprocess to [repr.filename]'runs/RUN_2026-08-22_09-37-52/76-openroad-dumprcvalues/openroad-dumprcvalues.log'[/repr.filename]…
Running 'Odb.CheckMacroAntennaProperties' at 'runs/RUN_2026-08-22_09-37-52/77-odb-checkmacroantennaproperties'…
No cells provided, skipping 'Odb.CheckMacroAntennaProperties'…
Running 'Odb.SetPowerConnections' at 'runs/RUN_2026-08-22_09-37-52/78-odb-setpowerconnections'…
Logging subprocess to [repr.filename]'runs/RUN_2026-08-22_09-37-52/78-odb-setpowerconnections/odb-setpowerconnections.log'[/repr.filename]…
Running 'Odb.ManualMacroPlacement' at 'runs/RUN_2026-08-22_09-37-52/79-odb-manualmacroplacement'…
No instances found, skipping 'Odb.ManualMacroPlacement'…
Running 'OpenROAD.CutRows' at 'runs/RUN_2026-08-22_09-37-52/80-openroad-cutrows'…
Logging subprocess to [repr.filename]'runs/RUN_2026-08-22_09-37-52/80-openroad-cutrows/openroad-cutrows.log'[/repr.filename]…
Running 'OpenROAD.TapEndcapInsertion' at 'runs/RUN_2026-08-22_09-37-52/81-openroad-tapendcapinsertion'…
Logging subprocess to [repr.filename]'runs/RUN_2026-08-22_09-37-52/81-openroad-tapendcapinsertion/openroad-tapendcapinsertion.log'[/repr.filename]…
Running 'Odb.AddPDNObstructions' at 'runs/RUN_2026-08-22_09-37-52/82-odb-addpdnobstructions'…
'PDN_OBSTRUCTIONS' is not defined. Skipping 'Odb.AddPDNObstructions'…
Running 'OpenROAD.GeneratePDN' at 'runs/RUN_2026-08-22_09-37-52/83-openroad-generatepdn'…
'PDN_CFG' not explicitly set, setting it to /nix/store/5jsqcdxd774ydqqjk8zkw3zk47dxbryb-python3-3.13.9-env/lib/python3.13/site-packages/librelane/scripts/openroad/common/pdn_cfg.tcl…
Logging subprocess to [repr.filename]'runs/RUN_2026-08-22_09-37-52/83-openroad-generatepdn/openroad-generatepdn.log'[/repr.filename]…
[PDN-0239] Ring shape falls outside the die bounds.
Running 'Odb.RemovePDNObstructions' at 'runs/RUN_2026-08-22_09-37-52/84-odb-removepdnobstructions'…
'PDN_OBSTRUCTIONS' is not defined. Skipping 'Odb.RemovePDNObstructions'…
Running 'Odb.AddRoutingObstructions' at 'runs/RUN_2026-08-22_09-37-52/85-odb-addroutingobstructions'…
'ROUTING_OBSTRUCTIONS' is not defined. Skipping 'Odb.AddRoutingObstructions'…
Running 'OpenROAD.GlobalPlacementSkipIO' at 'runs/RUN_2026-08-22_09-37-52/86-openroad-globalplacementskipio'…
I/O pins to be placed from /home/cl4/Desktop/training/single_cycle/pin_order.cfg. Returning state unaltered…
Running 'OpenROAD.IOPlacement' at 'runs/RUN_2026-08-22_09-37-52/87-openroad-ioplacement'…
IO_PIN_ORDER_CFG is set. Skipping 'OpenROAD.IOPlacement'…
Running 'Odb.CustomIOPlacement' at 'runs/RUN_2026-08-22_09-37-52/88-odb-customioplacement'…
Logging subprocess to [repr.filename]'runs/RUN_2026-08-22_09-37-52/88-odb-customioplacement/odb-customioplacement.log'[/repr.filename]…
Overriding minimum distance 0.1 with 0.42 for pins on side N to avoid overlap.
Running 'Odb.ApplyDEFTemplate' at 'runs/RUN_2026-08-22_09-37-52/89-odb-applydeftemplate'…
No DEF template provided, skipping 'Odb.ApplyDEFTemplate'…
Running 'OpenROAD.GlobalPlacement' at 'runs/RUN_2026-08-22_09-37-52/90-openroad-globalplacement'…
Logging subprocess to [repr.filename]'runs/RUN_2026-08-22_09-37-52/90-openroad-globalplacement/openroad-globalplacement.log'[/repr.filename]…
Skipping step 'Write Verilog Header'…
Skipping step 'Power Grid Violation Checker'…
Skipping step 'STA (Mid-PnR)'…
Skipping step 'Repair Design (Post-Global Placement)'…
Skipping step 'Manual Global Placement'…
Skipping step 'Detailed Placement'…
Skipping step 'Clock Tree Synthesis'…
Skipping step 'STA (Mid-PnR)'…
Skipping step 'Resizer Timing Optimizations (Post-Clock Tree Synthesis)'…
Skipping step 'STA (Mid-PnR)'…
Skipping step 'Global Routing'…
Skipping step 'Check Antennas'…
Gating variable for step 'OpenROAD.RepairDesignPostGRT' set to 'False'- the step will be skipped.
Skipping step 'Repair Design (Post-Global Routing)'…
Skipping step 'Diodes on Ports'…
Gating variable for step 'Odb.HeuristicDiodeInsertion' set to 'False'- the step will be skipped.
Skipping step 'Heuristic Diode Insertion'…
Skipping step 'Antenna Repair'…
Gating variable for step 'OpenROAD.ResizerTimingPostGRT' set to 'False'- the step will be skipped.
Skipping step 'Resizer Timing Optimizations (Post-Global Routing)'…
Skipping step 'STA (Mid-PnR)'…
Skipping step 'Detailed Routing'…
Skipping step 'Remove Obstructions'…
Skipping step 'Check Antennas'…
Skipping step 'Routing DRC Checker'…
Skipping step 'Report Disconnected Pins'…
Skipping step 'Disconnected Pins Checker'…
Skipping step 'Report Wire Length'…
Skipping step 'Wire Length Threshold Checker'…
Skipping step 'Fill Insertion'…
Skipping step 'Generate Cell Frequency Tables'…
Skipping step 'Parasitics (RC) Extraction'…
Skipping step 'STA (Post-PnR)'…
Skipping step 'IR Drop Report'…
Skipping step 'GDSII Stream Out (Magic)'…
Skipping step 'GDSII Stream Out (KLayout)'…
Skipping step 'Render Image (w/ KLayout)'…
Skipping step 'Write LEF (Magic)'…
Skipping step 'Check Antenna Properties of Pins in The Generated Design LEF view'…
Skipping step 'KLayout vs. Magic XOR'…
Skipping step 'XOR Difference Checker'…
Skipping step 'DRC'…
Skipping step 'Design Rule Check (KLayout)'…
Skipping step 'Magic DRC Checker'…
Skipping step 'KLayout DRC Checker'…
Skipping step 'SPICE Extraction'…
Skipping step 'Illegal Overlap Checker'…
Skipping step 'Netgen LVS'…
Skipping step 'LVS Error Checker'…
Gating variable for step 'Yosys.EQY' set to 'False'- the step will be skipped.
Skipping step 'Equivalence Check'…
Skipping step 'Setup Timing Violations Checker'…
Skipping step 'Hold Timing Violations Checker'…
Skipping step 'Max Slew Violations Checker'…
Skipping step 'Max Cap Violations Checker'…
Skipping step 'Report Manufacturability'…
Saving views to '/home/cl4/Desktop/training/single_cycle/runs/RUN_2026-08-22_09-37-52/final'…
Flow complete.
Starting…
Skipping step 'Verilator Lint'…
Skipping step 'Lint Timing Error Checker'…
Skipping step 'Lint Errors Checker'…
Skipping step 'Lint Warnings Checker'…
Skipping step 'Generate JSON Header'…
Skipping step 'Synthesis'…
Skipping step 'Unmapped Cells Checker'…
Skipping step 'Yosys Synth Checks'…
Skipping step 'Netlist Assign Statement Checker'…
Skipping step 'Check SDC Files'…
Skipping step 'Check Macro Instances'…
Skipping step 'STA (Pre-PnR)'…
Skipping step 'Floorplan Init'…
Skipping step 'Dump RC Values'…
Skipping step 'Check Antenna Properties of Macros Pins in Their LEF Views'…
Skipping step 'Set Power Connections'…
Skipping step 'Manual Macro Placement'…
Skipping step 'Cut Rows'…
Skipping step 'Tap/Decap Insertion'…
Skipping step 'Add PDN obstructions'…
Skipping step 'Generate PDN'…
Skipping step 'Remove PDN obstructions'…
Skipping step 'Add Obstructions'…
Skipping step 'Global Placement Skip IO'…
Skipping step 'I/O Placement'…
Skipping step 'Custom I/O Placement'…
Skipping step 'Apply DEF Template'…
Running 'OpenROAD.GlobalPlacement' at 'runs/RUN_2026-08-22_09-37-52/91-openroad-globalplacement'…
Logging subprocess to [repr.filename]'runs/RUN_2026-08-22_09-37-52/91-openroad-globalplacement/openroad-globalplacement.log'[/repr.filename]…
Running 'Odb.WriteVerilogHeader' at 'runs/RUN_2026-08-22_09-37-52/92-odb-writeverilogheader'…
Logging subprocess to [repr.filename]'runs/RUN_2026-08-22_09-37-52/92-odb-writeverilogheader/odb-writeverilogheader.log'[/repr.filename]…
Running 'Checker.PowerGridViolations' at 'runs/RUN_2026-08-22_09-37-52/93-checker-powergridviolations'…
Check for power grid violations (as reported by OpenROAD PSM- you may ignore these if LVS passes) clear.
Running 'OpenROAD.STAMidPNR' at 'runs/RUN_2026-08-22_09-37-52/94-openroad-stamidpnr'…
Logging subprocess to [repr.filename]'runs/RUN_2026-08-22_09-37-52/94-openroad-stamidpnr/openroad-stamidpnr.log'[/repr.filename]…
Running 'OpenROAD.RepairDesignPostGPL' at 'runs/RUN_2026-08-22_09-37-52/95-openroad-repairdesignpostgpl'…
Logging subprocess to [repr.filename]'runs/RUN_2026-08-22_09-37-52/95-openroad-repairdesignpostgpl/openroad-repairdesignpostgpl.log'[/repr.filename]…
[STA-1140] /home/cl4/.ciel/ciel/sky130/versions/8afc8346a57fe1ab7934ba5a6056ea8b43078e71/sky130A/libs.ref/sky130_fd_sc_hd/lib/sky130_fd_sc_hd__tt_025C_1v80.lib line 1, library sky130_fd_sc_hd__tt_025C_1v80 already exists.
[STA-1140] /home/cl4/.ciel/ciel/sky130/versions/8afc8346a57fe1ab7934ba5a6056ea8b43078e71/sky130A/libs.ref/sky130_fd_sc_hd/lib/sky130_fd_sc_hd__ff_n40C_1v95.lib line 1, library sky130_fd_sc_hd__ff_n40C_1v95 already exists.
[STA-1140] /home/cl4/.ciel/ciel/sky130/versions/8afc8346a57fe1ab7934ba5a6056ea8b43078e71/sky130A/libs.ref/sky130_fd_sc_hd/lib/sky130_fd_sc_hd__ss_100C_1v60.lib line 1, library sky130_fd_sc_hd__ss_100C_1v60 already exists.
[STA-1140] /home/cl4/.ciel/ciel/sky130/versions/8afc8346a57fe1ab7934ba5a6056ea8b43078e71/sky130A/libs.ref/sky130_fd_sc_hd/lib/sky130_fd_sc_hd__tt_025C_1v80.lib line 1, library sky130_fd_sc_hd__tt_025C_1v80 already exists.
[STA-1140] /home/cl4/.ciel/ciel/sky130/versions/8afc8346a57fe1ab7934ba5a6056ea8b43078e71/sky130A/libs.ref/sky130_fd_sc_hd/lib/sky130_fd_sc_hd__ss_100C_1v60.lib line 1, library sky130_fd_sc_hd__ss_100C_1v60 already exists.
[STA-1140] /home/cl4/.ciel/ciel/sky130/versions/8afc8346a57fe1ab7934ba5a6056ea8b43078e71/sky130A/libs.ref/sky130_fd_sc_hd/lib/sky130_fd_sc_hd__ff_n40C_1v95.lib line 1, library sky130_fd_sc_hd__ff_n40C_1v95 already exists.
[RSZ-0020] found 2 floating nets.
Running 'Odb.ManualGlobalPlacement' at 'runs/RUN_2026-08-22_09-37-52/96-odb-manualglobalplacement'…
'MANUAL_GLOBAL_PLACEMENTS' not set. Skipping 'Odb.ManualGlobalPlacement'…
Running 'OpenROAD.DetailedPlacement' at 'runs/RUN_2026-08-22_09-37-52/97-openroad-detailedplacement'…
Logging subprocess to [repr.filename]'runs/RUN_2026-08-22_09-37-52/97-openroad-detailedplacement/openroad-detailedplacement.log'[/repr.filename]…
Skipping step 'Clock Tree Synthesis'…
Skipping step 'STA (Mid-PnR)'…
Skipping step 'Resizer Timing Optimizations (Post-Clock Tree Synthesis)'…
Skipping step 'STA (Mid-PnR)'…
Skipping step 'Global Routing'…
Skipping step 'Check Antennas'…
Gating variable for step 'OpenROAD.RepairDesignPostGRT' set to 'False'- the step will be skipped.
Skipping step 'Repair Design (Post-Global Routing)'…
Skipping step 'Diodes on Ports'…
Gating variable for step 'Odb.HeuristicDiodeInsertion' set to 'False'- the step will be skipped.
Skipping step 'Heuristic Diode Insertion'…
Skipping step 'Antenna Repair'…
Gating variable for step 'OpenROAD.ResizerTimingPostGRT' set to 'False'- the step will be skipped.
Skipping step 'Resizer Timing Optimizations (Post-Global Routing)'…
Skipping step 'STA (Mid-PnR)'…
Skipping step 'Detailed Routing'…
Skipping step 'Remove Obstructions'…
Skipping step 'Check Antennas'…
Skipping step 'Routing DRC Checker'…
Skipping step 'Report Disconnected Pins'…
Skipping step 'Disconnected Pins Checker'…
Skipping step 'Report Wire Length'…
Skipping step 'Wire Length Threshold Checker'…
Skipping step 'Fill Insertion'…
Skipping step 'Generate Cell Frequency Tables'…
Skipping step 'Parasitics (RC) Extraction'…
Skipping step 'STA (Post-PnR)'…
Skipping step 'IR Drop Report'…
Skipping step 'GDSII Stream Out (Magic)'…
Skipping step 'GDSII Stream Out (KLayout)'…
Skipping step 'Render Image (w/ KLayout)'…
Skipping step 'Write LEF (Magic)'…
Skipping step 'Check Antenna Properties of Pins in The Generated Design LEF view'…
Skipping step 'KLayout vs. Magic XOR'…
Skipping step 'XOR Difference Checker'…
Skipping step 'DRC'…
Skipping step 'Design Rule Check (KLayout)'…
Skipping step 'Magic DRC Checker'…
Skipping step 'KLayout DRC Checker'…
Skipping step 'SPICE Extraction'…
Skipping step 'Illegal Overlap Checker'…
Skipping step 'Netgen LVS'…
Skipping step 'LVS Error Checker'…
Gating variable for step 'Yosys.EQY' set to 'False'- the step will be skipped.
Skipping step 'Equivalence Check'…
Skipping step 'Setup Timing Violations Checker'…
Skipping step 'Hold Timing Violations Checker'…
Skipping step 'Max Slew Violations Checker'…
Skipping step 'Max Cap Violations Checker'…
Skipping step 'Report Manufacturability'…
Saving views to '/home/cl4/Desktop/training/single_cycle/runs/RUN_2026-08-22_09-37-52/final'…
Flow complete.
Starting…
Running 'Verilator.Lint' at 'runs/RUN_2026-08-22_09-37-52/98-verilator-lint'…
Logging subprocess to [repr.filename]'runs/RUN_2026-08-22_09-37-52/98-verilator-lint/verilator-lint.log'[/repr.filename]…
Running 'Checker.LintTimingConstructs' at 'runs/RUN_2026-08-22_09-37-52/99-checker-linttimingconstructs'…
Check for Lint Timing Errors clear.
Running 'Checker.LintErrors' at 'runs/RUN_2026-08-22_09-37-52/100-checker-linterrors'…
Check for Lint errors clear.
Running 'Checker.LintWarnings' at 'runs/RUN_2026-08-22_09-37-52/101-checker-lintwarnings'…
449 Lint warnings found.
Running 'Yosys.JsonHeader' at 'runs/RUN_2026-08-22_09-37-52/102-yosys-jsonheader'…
Logging subprocess to [repr.filename]'runs/RUN_2026-08-22_09-37-52/102-yosys-jsonheader/yosys-jsonheader.log'[/repr.filename]…
Running 'Yosys.Synthesis' at 'runs/RUN_2026-08-22_09-37-52/103-yosys-synthesis'…
Logging subprocess to [repr.filename]'runs/RUN_2026-08-22_09-37-52/103-yosys-synthesis/yosys-synthesis.log'[/repr.filename]…
Parsing synthesis checks…
Running 'Checker.YosysUnmappedCells' at 'runs/RUN_2026-08-22_09-37-52/104-checker-yosysunmappedcells'…
Check for Unmapped Yosys instances clear.
Running 'Checker.YosysSynthChecks' at 'runs/RUN_2026-08-22_09-37-52/105-checker-yosyssynthchecks'…
Check for Yosys check errors clear.
Running 'Checker.NetlistAssignStatements' at 'runs/RUN_2026-08-22_09-37-52/106-checker-netlistassignstatements'…
Running 'OpenROAD.CheckSDCFiles' at 'runs/RUN_2026-08-22_09-37-52/107-openroad-checksdcfiles'…
Running 'OpenROAD.CheckMacroInstances' at 'runs/RUN_2026-08-22_09-37-52/108-openroad-checkmacroinstances'…
No macros found, skipping instance check…
Running 'OpenROAD.STAPrePNR' at 'runs/RUN_2026-08-22_09-37-52/109-openroad-staprepnr'…
Starting STA for the nom_tt_025C_1v80 timing corner…
Starting STA for the nom_ss_100C_1v60 timing corner…
Starting STA for the nom_ff_n40C_1v95 timing corner…
Skipping corner min_tt_025C_1v80 for STA (identical to nom_tt_025C_1v80 at this stage)…
Skipping corner min_ss_100C_1v60 for STA (identical to nom_ss_100C_1v60 at this stage)…
Skipping corner min_ff_n40C_1v95 for STA (identical to nom_ff_n40C_1v95 at this stage)…
Logging subprocess to [repr.filename]'runs/RUN_2026-08-22_09-37-52/109-openroad-staprepnr/nom_ss_100C_1v60/sta.log'[/repr.filename]…
Skipping corner max_tt_025C_1v80 for STA (identical to nom_tt_025C_1v80 at this stage)…
Logging subprocess to [repr.filename]'runs/RUN_2026-08-22_09-37-52/109-openroad-staprepnr/nom_tt_025C_1v80/sta.log'[/repr.filename]…
Logging subprocess to [repr.filename]'runs/RUN_2026-08-22_09-37-52/109-openroad-staprepnr/nom_ff_n40C_1v95/sta.log'[/repr.filename]…
Skipping corner max_ss_100C_1v60 for STA (identical to nom_ss_100C_1v60 at this stage)…
Skipping corner max_ff_n40C_1v95 for STA (identical to nom_ff_n40C_1v95 at this stage)…
Finished STA for the nom_ff_n40C_1v95 timing corner.
Finished STA for the nom_ss_100C_1v60 timing corner.
Finished STA for the nom_tt_025C_1v80 timing corner.
Running 'OpenROAD.Floorplan' at 'runs/RUN_2026-08-22_09-37-52/110-openroad-floorplan'…
Logging subprocess to [repr.filename]'runs/RUN_2026-08-22_09-37-52/110-openroad-floorplan/openroad-floorplan.log'[/repr.filename]…
Running 'OpenROAD.DumpRCValues' at 'runs/RUN_2026-08-22_09-37-52/111-openroad-dumprcvalues'…
Logging subprocess to [repr.filename]'runs/RUN_2026-08-22_09-37-52/111-openroad-dumprcvalues/openroad-dumprcvalues.log'[/repr.filename]…
Running 'Odb.CheckMacroAntennaProperties' at 'runs/RUN_2026-08-22_09-37-52/112-odb-checkmacroantennaproperties'…
No cells provided, skipping 'Odb.CheckMacroAntennaProperties'…
Running 'Odb.SetPowerConnections' at 'runs/RUN_2026-08-22_09-37-52/113-odb-setpowerconnections'…
Logging subprocess to [repr.filename]'runs/RUN_2026-08-22_09-37-52/113-odb-setpowerconnections/odb-setpowerconnections.log'[/repr.filename]…
Running 'Odb.ManualMacroPlacement' at 'runs/RUN_2026-08-22_09-37-52/114-odb-manualmacroplacement'…
No instances found, skipping 'Odb.ManualMacroPlacement'…
Running 'OpenROAD.CutRows' at 'runs/RUN_2026-08-22_09-37-52/115-openroad-cutrows'…
Logging subprocess to [repr.filename]'runs/RUN_2026-08-22_09-37-52/115-openroad-cutrows/openroad-cutrows.log'[/repr.filename]…
Running 'OpenROAD.TapEndcapInsertion' at 'runs/RUN_2026-08-22_09-37-52/116-openroad-tapendcapinsertion'…
Logging subprocess to [repr.filename]'runs/RUN_2026-08-22_09-37-52/116-openroad-tapendcapinsertion/openroad-tapendcapinsertion.log'[/repr.filename]…
Running 'Odb.AddPDNObstructions' at 'runs/RUN_2026-08-22_09-37-52/117-odb-addpdnobstructions'…
'PDN_OBSTRUCTIONS' is not defined. Skipping 'Odb.AddPDNObstructions'…
Running 'OpenROAD.GeneratePDN' at 'runs/RUN_2026-08-22_09-37-52/118-openroad-generatepdn'…
'PDN_CFG' not explicitly set, setting it to /nix/store/5jsqcdxd774ydqqjk8zkw3zk47dxbryb-python3-3.13.9-env/lib/python3.13/site-packages/librelane/scripts/openroad/common/pdn_cfg.tcl…
Logging subprocess to [repr.filename]'runs/RUN_2026-08-22_09-37-52/118-openroad-generatepdn/openroad-generatepdn.log'[/repr.filename]…
[PDN-0239] Ring shape falls outside the die bounds.
Running 'Odb.RemovePDNObstructions' at 'runs/RUN_2026-08-22_09-37-52/119-odb-removepdnobstructions'…
'PDN_OBSTRUCTIONS' is not defined. Skipping 'Odb.RemovePDNObstructions'…
Running 'Odb.AddRoutingObstructions' at 'runs/RUN_2026-08-22_09-37-52/120-odb-addroutingobstructions'…
'ROUTING_OBSTRUCTIONS' is not defined. Skipping 'Odb.AddRoutingObstructions'…
Running 'OpenROAD.GlobalPlacementSkipIO' at 'runs/RUN_2026-08-22_09-37-52/121-openroad-globalplacementskipio'…
I/O pins to be placed from /home/cl4/Desktop/training/single_cycle/pin_order.cfg. Returning state unaltered…
Running 'OpenROAD.IOPlacement' at 'runs/RUN_2026-08-22_09-37-52/122-openroad-ioplacement'…
IO_PIN_ORDER_CFG is set. Skipping 'OpenROAD.IOPlacement'…
Running 'Odb.CustomIOPlacement' at 'runs/RUN_2026-08-22_09-37-52/123-odb-customioplacement'…
Logging subprocess to [repr.filename]'runs/RUN_2026-08-22_09-37-52/123-odb-customioplacement/odb-customioplacement.log'[/repr.filename]…
Overriding minimum distance 0.1 with 0.42 for pins on side N to avoid overlap.
Running 'Odb.ApplyDEFTemplate' at 'runs/RUN_2026-08-22_09-37-52/124-odb-applydeftemplate'…
No DEF template provided, skipping 'Odb.ApplyDEFTemplate'…
Running 'OpenROAD.GlobalPlacement' at 'runs/RUN_2026-08-22_09-37-52/125-openroad-globalplacement'…
Logging subprocess to [repr.filename]'runs/RUN_2026-08-22_09-37-52/125-openroad-globalplacement/openroad-globalplacement.log'[/repr.filename]…
Running 'Odb.WriteVerilogHeader' at 'runs/RUN_2026-08-22_09-37-52/126-odb-writeverilogheader'…
Logging subprocess to [repr.filename]'runs/RUN_2026-08-22_09-37-52/126-odb-writeverilogheader/odb-writeverilogheader.log'[/repr.filename]…
Running 'Checker.PowerGridViolations' at 'runs/RUN_2026-08-22_09-37-52/127-checker-powergridviolations'…
Check for power grid violations (as reported by OpenROAD PSM- you may ignore these if LVS passes) clear.
Running 'OpenROAD.STAMidPNR' at 'runs/RUN_2026-08-22_09-37-52/128-openroad-stamidpnr'…
Logging subprocess to [repr.filename]'runs/RUN_2026-08-22_09-37-52/128-openroad-stamidpnr/openroad-stamidpnr.log'[/repr.filename]…
Running 'OpenROAD.RepairDesignPostGPL' at 'runs/RUN_2026-08-22_09-37-52/129-openroad-repairdesignpostgpl'…
Logging subprocess to [repr.filename]'runs/RUN_2026-08-22_09-37-52/129-openroad-repairdesignpostgpl/openroad-repairdesignpostgpl.log'[/repr.filename]…
[STA-1140] /home/cl4/.ciel/ciel/sky130/versions/8afc8346a57fe1ab7934ba5a6056ea8b43078e71/sky130A/libs.ref/sky130_fd_sc_hd/lib/sky130_fd_sc_hd__tt_025C_1v80.lib line 1, library sky130_fd_sc_hd__tt_025C_1v80 already exists.
[STA-1140] /home/cl4/.ciel/ciel/sky130/versions/8afc8346a57fe1ab7934ba5a6056ea8b43078e71/sky130A/libs.ref/sky130_fd_sc_hd/lib/sky130_fd_sc_hd__ff_n40C_1v95.lib line 1, library sky130_fd_sc_hd__ff_n40C_1v95 already exists.
[STA-1140] /home/cl4/.ciel/ciel/sky130/versions/8afc8346a57fe1ab7934ba5a6056ea8b43078e71/sky130A/libs.ref/sky130_fd_sc_hd/lib/sky130_fd_sc_hd__ss_100C_1v60.lib line 1, library sky130_fd_sc_hd__ss_100C_1v60 already exists.
[STA-1140] /home/cl4/.ciel/ciel/sky130/versions/8afc8346a57fe1ab7934ba5a6056ea8b43078e71/sky130A/libs.ref/sky130_fd_sc_hd/lib/sky130_fd_sc_hd__tt_025C_1v80.lib line 1, library sky130_fd_sc_hd__tt_025C_1v80 already exists.
[STA-1140] /home/cl4/.ciel/ciel/sky130/versions/8afc8346a57fe1ab7934ba5a6056ea8b43078e71/sky130A/libs.ref/sky130_fd_sc_hd/lib/sky130_fd_sc_hd__ss_100C_1v60.lib line 1, library sky130_fd_sc_hd__ss_100C_1v60 already exists.
[STA-1140] /home/cl4/.ciel/ciel/sky130/versions/8afc8346a57fe1ab7934ba5a6056ea8b43078e71/sky130A/libs.ref/sky130_fd_sc_hd/lib/sky130_fd_sc_hd__ff_n40C_1v95.lib line 1, library sky130_fd_sc_hd__ff_n40C_1v95 already exists.
[RSZ-0020] found 2 floating nets.
Running 'Odb.ManualGlobalPlacement' at 'runs/RUN_2026-08-22_09-37-52/130-odb-manualglobalplacement'…
'MANUAL_GLOBAL_PLACEMENTS' not set. Skipping 'Odb.ManualGlobalPlacement'…
Running 'OpenROAD.DetailedPlacement' at 'runs/RUN_2026-08-22_09-37-52/131-openroad-detailedplacement'…
Logging subprocess to [repr.filename]'runs/RUN_2026-08-22_09-37-52/131-openroad-detailedplacement/openroad-detailedplacement.log'[/repr.filename]…
Running 'OpenROAD.CTS' at 'runs/RUN_2026-08-22_09-37-52/132-openroad-cts'…
Logging subprocess to [repr.filename]'runs/RUN_2026-08-22_09-37-52/132-openroad-cts/openroad-cts.log'[/repr.filename]…
[STA-1140] /home/cl4/.ciel/ciel/sky130/versions/8afc8346a57fe1ab7934ba5a6056ea8b43078e71/sky130A/libs.ref/sky130_fd_sc_hd/lib/sky130_fd_sc_hd__tt_025C_1v80.lib line 1, library sky130_fd_sc_hd__tt_025C_1v80 already exists.
[STA-1140] /home/cl4/.ciel/ciel/sky130/versions/8afc8346a57fe1ab7934ba5a6056ea8b43078e71/sky130A/libs.ref/sky130_fd_sc_hd/lib/sky130_fd_sc_hd__ff_n40C_1v95.lib line 1, library sky130_fd_sc_hd__ff_n40C_1v95 already exists.
[STA-1140] /home/cl4/.ciel/ciel/sky130/versions/8afc8346a57fe1ab7934ba5a6056ea8b43078e71/sky130A/libs.ref/sky130_fd_sc_hd/lib/sky130_fd_sc_hd__ss_100C_1v60.lib line 1, library sky130_fd_sc_hd__ss_100C_1v60 already exists.
[STA-1140] /home/cl4/.ciel/ciel/sky130/versions/8afc8346a57fe1ab7934ba5a6056ea8b43078e71/sky130A/libs.ref/sky130_fd_sc_hd/lib/sky130_fd_sc_hd__tt_025C_1v80.lib line 1, library sky130_fd_sc_hd__tt_025C_1v80 already exists.
[STA-1140] /home/cl4/.ciel/ciel/sky130/versions/8afc8346a57fe1ab7934ba5a6056ea8b43078e71/sky130A/libs.ref/sky130_fd_sc_hd/lib/sky130_fd_sc_hd__ss_100C_1v60.lib line 1, library sky130_fd_sc_hd__ss_100C_1v60 already exists.
[STA-1140] /home/cl4/.ciel/ciel/sky130/versions/8afc8346a57fe1ab7934ba5a6056ea8b43078e71/sky130A/libs.ref/sky130_fd_sc_hd/lib/sky130_fd_sc_hd__ff_n40C_1v95.lib line 1, library sky130_fd_sc_hd__ff_n40C_1v95 already exists.
Skipping step 'STA (Mid-PnR)'…
Skipping step 'Resizer Timing Optimizations (Post-Clock Tree Synthesis)'…
Skipping step 'STA (Mid-PnR)'…
Skipping step 'Global Routing'…
Skipping step 'Check Antennas'…
Gating variable for step 'OpenROAD.RepairDesignPostGRT' set to 'False'- the step will be skipped.
Skipping step 'Repair Design (Post-Global Routing)'…
Skipping step 'Diodes on Ports'…
Gating variable for step 'Odb.HeuristicDiodeInsertion' set to 'False'- the step will be skipped.
Skipping step 'Heuristic Diode Insertion'…
Skipping step 'Antenna Repair'…
Gating variable for step 'OpenROAD.ResizerTimingPostGRT' set to 'False'- the step will be skipped.
Skipping step 'Resizer Timing Optimizations (Post-Global Routing)'…
Skipping step 'STA (Mid-PnR)'…
Skipping step 'Detailed Routing'…
Skipping step 'Remove Obstructions'…
Skipping step 'Check Antennas'…
Skipping step 'Routing DRC Checker'…
Skipping step 'Report Disconnected Pins'…
Skipping step 'Disconnected Pins Checker'…
Skipping step 'Report Wire Length'…
Skipping step 'Wire Length Threshold Checker'…
Skipping step 'Fill Insertion'…
Skipping step 'Generate Cell Frequency Tables'…
Skipping step 'Parasitics (RC) Extraction'…
Skipping step 'STA (Post-PnR)'…
Skipping step 'IR Drop Report'…
Skipping step 'GDSII Stream Out (Magic)'…
Skipping step 'GDSII Stream Out (KLayout)'…
Skipping step 'Render Image (w/ KLayout)'…
Skipping step 'Write LEF (Magic)'…
Skipping step 'Check Antenna Properties of Pins in The Generated Design LEF view'…
Skipping step 'KLayout vs. Magic XOR'…
Skipping step 'XOR Difference Checker'…
Skipping step 'DRC'…
Skipping step 'Design Rule Check (KLayout)'…
Skipping step 'Magic DRC Checker'…
Skipping step 'KLayout DRC Checker'…
Skipping step 'SPICE Extraction'…
Skipping step 'Illegal Overlap Checker'…
Skipping step 'Netgen LVS'…
Skipping step 'LVS Error Checker'…
Gating variable for step 'Yosys.EQY' set to 'False'- the step will be skipped.
Skipping step 'Equivalence Check'…
Skipping step 'Setup Timing Violations Checker'…
Skipping step 'Hold Timing Violations Checker'…
Skipping step 'Max Slew Violations Checker'…
Skipping step 'Max Cap Violations Checker'…
Skipping step 'Report Manufacturability'…
Saving views to '/home/cl4/Desktop/training/single_cycle/runs/RUN_2026-08-22_09-37-52/final'…
Flow complete.
Starting…
Running 'Verilator.Lint' at 'runs/RUN_2026-08-22_09-37-52/133-verilator-lint'…
Logging subprocess to [repr.filename]'runs/RUN_2026-08-22_09-37-52/133-verilator-lint/verilator-lint.log'[/repr.filename]…
Running 'Checker.LintTimingConstructs' at 'runs/RUN_2026-08-22_09-37-52/134-checker-linttimingconstructs'…
Check for Lint Timing Errors clear.
Running 'Checker.LintErrors' at 'runs/RUN_2026-08-22_09-37-52/135-checker-linterrors'…
Check for Lint errors clear.
Running 'Checker.LintWarnings' at 'runs/RUN_2026-08-22_09-37-52/136-checker-lintwarnings'…
449 Lint warnings found.
Running 'Yosys.JsonHeader' at 'runs/RUN_2026-08-22_09-37-52/137-yosys-jsonheader'…
Logging subprocess to [repr.filename]'runs/RUN_2026-08-22_09-37-52/137-yosys-jsonheader/yosys-jsonheader.log'[/repr.filename]…
Running 'Yosys.Synthesis' at 'runs/RUN_2026-08-22_09-37-52/138-yosys-synthesis'…
Logging subprocess to [repr.filename]'runs/RUN_2026-08-22_09-37-52/138-yosys-synthesis/yosys-synthesis.log'[/repr.filename]…
Parsing synthesis checks…
Running 'Checker.YosysUnmappedCells' at 'runs/RUN_2026-08-22_09-37-52/139-checker-yosysunmappedcells'…
Check for Unmapped Yosys instances clear.
Running 'Checker.YosysSynthChecks' at 'runs/RUN_2026-08-22_09-37-52/140-checker-yosyssynthchecks'…
Check for Yosys check errors clear.
Running 'Checker.NetlistAssignStatements' at 'runs/RUN_2026-08-22_09-37-52/141-checker-netlistassignstatements'…
Running 'OpenROAD.CheckSDCFiles' at 'runs/RUN_2026-08-22_09-37-52/142-openroad-checksdcfiles'…
Running 'OpenROAD.CheckMacroInstances' at 'runs/RUN_2026-08-22_09-37-52/143-openroad-checkmacroinstances'…
No macros found, skipping instance check…
Running 'OpenROAD.STAPrePNR' at 'runs/RUN_2026-08-22_09-37-52/144-openroad-staprepnr'…
Starting STA for the nom_tt_025C_1v80 timing corner…
Starting STA for the nom_ss_100C_1v60 timing corner…
Logging subprocess to [repr.filename]'runs/RUN_2026-08-22_09-37-52/144-openroad-staprepnr/nom_tt_025C_1v80/sta.log'[/repr.filename]…
Starting STA for the nom_ff_n40C_1v95 timing corner…
Skipping corner min_tt_025C_1v80 for STA (identical to nom_tt_025C_1v80 at this stage)…
Skipping corner min_ss_100C_1v60 for STA (identical to nom_ss_100C_1v60 at this stage)…
Skipping corner min_ff_n40C_1v95 for STA (identical to nom_ff_n40C_1v95 at this stage)…
Skipping corner max_tt_025C_1v80 for STA (identical to nom_tt_025C_1v80 at this stage)…
Skipping corner max_ss_100C_1v60 for STA (identical to nom_ss_100C_1v60 at this stage)…
Skipping corner max_ff_n40C_1v95 for STA (identical to nom_ff_n40C_1v95 at this stage)…
Logging subprocess to [repr.filename]'runs/RUN_2026-08-22_09-37-52/144-openroad-staprepnr/nom_ss_100C_1v60/sta.log'[/repr.filename]…
Logging subprocess to [repr.filename]'runs/RUN_2026-08-22_09-37-52/144-openroad-staprepnr/nom_ff_n40C_1v95/sta.log'[/repr.filename]…
Finished STA for the nom_tt_025C_1v80 timing corner.
Finished STA for the nom_ss_100C_1v60 timing corner.
Finished STA for the nom_ff_n40C_1v95 timing corner.
Running 'OpenROAD.Floorplan' at 'runs/RUN_2026-08-22_09-37-52/145-openroad-floorplan'…
Logging subprocess to [repr.filename]'runs/RUN_2026-08-22_09-37-52/145-openroad-floorplan/openroad-floorplan.log'[/repr.filename]…
Running 'OpenROAD.DumpRCValues' at 'runs/RUN_2026-08-22_09-37-52/146-openroad-dumprcvalues'…
Logging subprocess to [repr.filename]'runs/RUN_2026-08-22_09-37-52/146-openroad-dumprcvalues/openroad-dumprcvalues.log'[/repr.filename]…
Running 'Odb.CheckMacroAntennaProperties' at 'runs/RUN_2026-08-22_09-37-52/147-odb-checkmacroantennaproperties'…
No cells provided, skipping 'Odb.CheckMacroAntennaProperties'…
Running 'Odb.SetPowerConnections' at 'runs/RUN_2026-08-22_09-37-52/148-odb-setpowerconnections'…
Logging subprocess to [repr.filename]'runs/RUN_2026-08-22_09-37-52/148-odb-setpowerconnections/odb-setpowerconnections.log'[/repr.filename]…
Running 'Odb.ManualMacroPlacement' at 'runs/RUN_2026-08-22_09-37-52/149-odb-manualmacroplacement'…
No instances found, skipping 'Odb.ManualMacroPlacement'…
Running 'OpenROAD.CutRows' at 'runs/RUN_2026-08-22_09-37-52/150-openroad-cutrows'…
Logging subprocess to [repr.filename]'runs/RUN_2026-08-22_09-37-52/150-openroad-cutrows/openroad-cutrows.log'[/repr.filename]…
Running 'OpenROAD.TapEndcapInsertion' at 'runs/RUN_2026-08-22_09-37-52/151-openroad-tapendcapinsertion'…
Logging subprocess to [repr.filename]'runs/RUN_2026-08-22_09-37-52/151-openroad-tapendcapinsertion/openroad-tapendcapinsertion.log'[/repr.filename]…
Running 'Odb.AddPDNObstructions' at 'runs/RUN_2026-08-22_09-37-52/152-odb-addpdnobstructions'…
'PDN_OBSTRUCTIONS' is not defined. Skipping 'Odb.AddPDNObstructions'…
Running 'OpenROAD.GeneratePDN' at 'runs/RUN_2026-08-22_09-37-52/153-openroad-generatepdn'…
'PDN_CFG' not explicitly set, setting it to /nix/store/5jsqcdxd774ydqqjk8zkw3zk47dxbryb-python3-3.13.9-env/lib/python3.13/site-packages/librelane/scripts/openroad/common/pdn_cfg.tcl…
Logging subprocess to [repr.filename]'runs/RUN_2026-08-22_09-37-52/153-openroad-generatepdn/openroad-generatepdn.log'[/repr.filename]…
[PDN-0239] Ring shape falls outside the die bounds.
Running 'Odb.RemovePDNObstructions' at 'runs/RUN_2026-08-22_09-37-52/154-odb-removepdnobstructions'…
'PDN_OBSTRUCTIONS' is not defined. Skipping 'Odb.RemovePDNObstructions'…
Running 'Odb.AddRoutingObstructions' at 'runs/RUN_2026-08-22_09-37-52/155-odb-addroutingobstructions'…
'ROUTING_OBSTRUCTIONS' is not defined. Skipping 'Odb.AddRoutingObstructions'…
Running 'OpenROAD.GlobalPlacementSkipIO' at 'runs/RUN_2026-08-22_09-37-52/156-openroad-globalplacementskipio'…
I/O pins to be placed from /home/cl4/Desktop/training/single_cycle/pin_order.cfg. Returning state unaltered…
Running 'OpenROAD.IOPlacement' at 'runs/RUN_2026-08-22_09-37-52/157-openroad-ioplacement'…
IO_PIN_ORDER_CFG is set. Skipping 'OpenROAD.IOPlacement'…
Running 'Odb.CustomIOPlacement' at 'runs/RUN_2026-08-22_09-37-52/158-odb-customioplacement'…
Logging subprocess to [repr.filename]'runs/RUN_2026-08-22_09-37-52/158-odb-customioplacement/odb-customioplacement.log'[/repr.filename]…
Overriding minimum distance 0.1 with 0.42 for pins on side N to avoid overlap.
Running 'Odb.ApplyDEFTemplate' at 'runs/RUN_2026-08-22_09-37-52/159-odb-applydeftemplate'…
No DEF template provided, skipping 'Odb.ApplyDEFTemplate'…
Running 'OpenROAD.GlobalPlacement' at 'runs/RUN_2026-08-22_09-37-52/160-openroad-globalplacement'…
Logging subprocess to [repr.filename]'runs/RUN_2026-08-22_09-37-52/160-openroad-globalplacement/openroad-globalplacement.log'[/repr.filename]…
Running 'Odb.WriteVerilogHeader' at 'runs/RUN_2026-08-22_09-37-52/161-odb-writeverilogheader'…
Logging subprocess to [repr.filename]'runs/RUN_2026-08-22_09-37-52/161-odb-writeverilogheader/odb-writeverilogheader.log'[/repr.filename]…
Running 'Checker.PowerGridViolations' at 'runs/RUN_2026-08-22_09-37-52/162-checker-powergridviolations'…
Check for power grid violations (as reported by OpenROAD PSM- you may ignore these if LVS passes) clear.
Running 'OpenROAD.STAMidPNR' at 'runs/RUN_2026-08-22_09-37-52/163-openroad-stamidpnr'…
Logging subprocess to [repr.filename]'runs/RUN_2026-08-22_09-37-52/163-openroad-stamidpnr/openroad-stamidpnr.log'[/repr.filename]…
Running 'OpenROAD.RepairDesignPostGPL' at 'runs/RUN_2026-08-22_09-37-52/164-openroad-repairdesignpostgpl'…
Logging subprocess to [repr.filename]'runs/RUN_2026-08-22_09-37-52/164-openroad-repairdesignpostgpl/openroad-repairdesignpostgpl.log'[/repr.filename]…
[STA-1140] /home/cl4/.ciel/ciel/sky130/versions/8afc8346a57fe1ab7934ba5a6056ea8b43078e71/sky130A/libs.ref/sky130_fd_sc_hd/lib/sky130_fd_sc_hd__tt_025C_1v80.lib line 1, library sky130_fd_sc_hd__tt_025C_1v80 already exists.
[STA-1140] /home/cl4/.ciel/ciel/sky130/versions/8afc8346a57fe1ab7934ba5a6056ea8b43078e71/sky130A/libs.ref/sky130_fd_sc_hd/lib/sky130_fd_sc_hd__ff_n40C_1v95.lib line 1, library sky130_fd_sc_hd__ff_n40C_1v95 already exists.
[STA-1140] /home/cl4/.ciel/ciel/sky130/versions/8afc8346a57fe1ab7934ba5a6056ea8b43078e71/sky130A/libs.ref/sky130_fd_sc_hd/lib/sky130_fd_sc_hd__ss_100C_1v60.lib line 1, library sky130_fd_sc_hd__ss_100C_1v60 already exists.
[STA-1140] /home/cl4/.ciel/ciel/sky130/versions/8afc8346a57fe1ab7934ba5a6056ea8b43078e71/sky130A/libs.ref/sky130_fd_sc_hd/lib/sky130_fd_sc_hd__tt_025C_1v80.lib line 1, library sky130_fd_sc_hd__tt_025C_1v80 already exists.
[STA-1140] /home/cl4/.ciel/ciel/sky130/versions/8afc8346a57fe1ab7934ba5a6056ea8b43078e71/sky130A/libs.ref/sky130_fd_sc_hd/lib/sky130_fd_sc_hd__ss_100C_1v60.lib line 1, library sky130_fd_sc_hd__ss_100C_1v60 already exists.
[STA-1140] /home/cl4/.ciel/ciel/sky130/versions/8afc8346a57fe1ab7934ba5a6056ea8b43078e71/sky130A/libs.ref/sky130_fd_sc_hd/lib/sky130_fd_sc_hd__ff_n40C_1v95.lib line 1, library sky130_fd_sc_hd__ff_n40C_1v95 already exists.
[RSZ-0020] found 2 floating nets.
Running 'Odb.ManualGlobalPlacement' at 'runs/RUN_2026-08-22_09-37-52/165-odb-manualglobalplacement'…
'MANUAL_GLOBAL_PLACEMENTS' not set. Skipping 'Odb.ManualGlobalPlacement'…
Running 'OpenROAD.DetailedPlacement' at 'runs/RUN_2026-08-22_09-37-52/166-openroad-detailedplacement'…
Logging subprocess to [repr.filename]'runs/RUN_2026-08-22_09-37-52/166-openroad-detailedplacement/openroad-detailedplacement.log'[/repr.filename]…
Running 'OpenROAD.CTS' at 'runs/RUN_2026-08-22_09-37-52/167-openroad-cts'…
Logging subprocess to [repr.filename]'runs/RUN_2026-08-22_09-37-52/167-openroad-cts/openroad-cts.log'[/repr.filename]…
[STA-1140] /home/cl4/.ciel/ciel/sky130/versions/8afc8346a57fe1ab7934ba5a6056ea8b43078e71/sky130A/libs.ref/sky130_fd_sc_hd/lib/sky130_fd_sc_hd__tt_025C_1v80.lib line 1, library sky130_fd_sc_hd__tt_025C_1v80 already exists.
[STA-1140] /home/cl4/.ciel/ciel/sky130/versions/8afc8346a57fe1ab7934ba5a6056ea8b43078e71/sky130A/libs.ref/sky130_fd_sc_hd/lib/sky130_fd_sc_hd__ff_n40C_1v95.lib line 1, library sky130_fd_sc_hd__ff_n40C_1v95 already exists.
[STA-1140] /home/cl4/.ciel/ciel/sky130/versions/8afc8346a57fe1ab7934ba5a6056ea8b43078e71/sky130A/libs.ref/sky130_fd_sc_hd/lib/sky130_fd_sc_hd__ss_100C_1v60.lib line 1, library sky130_fd_sc_hd__ss_100C_1v60 already exists.
[STA-1140] /home/cl4/.ciel/ciel/sky130/versions/8afc8346a57fe1ab7934ba5a6056ea8b43078e71/sky130A/libs.ref/sky130_fd_sc_hd/lib/sky130_fd_sc_hd__tt_025C_1v80.lib line 1, library sky130_fd_sc_hd__tt_025C_1v80 already exists.
[STA-1140] /home/cl4/.ciel/ciel/sky130/versions/8afc8346a57fe1ab7934ba5a6056ea8b43078e71/sky130A/libs.ref/sky130_fd_sc_hd/lib/sky130_fd_sc_hd__ss_100C_1v60.lib line 1, library sky130_fd_sc_hd__ss_100C_1v60 already exists.
[STA-1140] /home/cl4/.ciel/ciel/sky130/versions/8afc8346a57fe1ab7934ba5a6056ea8b43078e71/sky130A/libs.ref/sky130_fd_sc_hd/lib/sky130_fd_sc_hd__ff_n40C_1v95.lib line 1, library sky130_fd_sc_hd__ff_n40C_1v95 already exists.
Running 'OpenROAD.STAMidPNR-1' at 'runs/RUN_2026-08-22_09-37-52/168-openroad-stamidpnr-1'…
Logging subprocess to [repr.filename]'runs/RUN_2026-08-22_09-37-52/168-openroad-stamidpnr-1/openroad-stamidpnr-1.log'[/repr.filename]…
Running 'OpenROAD.ResizerTimingPostCTS' at 'runs/RUN_2026-08-22_09-37-52/169-openroad-resizertimingpostcts'…
Logging subprocess to [repr.filename]'runs/RUN_2026-08-22_09-37-52/169-openroad-resizertimingpostcts/openroad-resizertimingpostcts.log'[/repr.filename]…
[STA-1140] /home/cl4/.ciel/ciel/sky130/versions/8afc8346a57fe1ab7934ba5a6056ea8b43078e71/sky130A/libs.ref/sky130_fd_sc_hd/lib/sky130_fd_sc_hd__tt_025C_1v80.lib line 1, library sky130_fd_sc_hd__tt_025C_1v80 already exists.
[STA-1140] /home/cl4/.ciel/ciel/sky130/versions/8afc8346a57fe1ab7934ba5a6056ea8b43078e71/sky130A/libs.ref/sky130_fd_sc_hd/lib/sky130_fd_sc_hd__ff_n40C_1v95.lib line 1, library sky130_fd_sc_hd__ff_n40C_1v95 already exists.
[STA-1140] /home/cl4/.ciel/ciel/sky130/versions/8afc8346a57fe1ab7934ba5a6056ea8b43078e71/sky130A/libs.ref/sky130_fd_sc_hd/lib/sky130_fd_sc_hd__ss_100C_1v60.lib line 1, library sky130_fd_sc_hd__ss_100C_1v60 already exists.
[STA-1140] /home/cl4/.ciel/ciel/sky130/versions/8afc8346a57fe1ab7934ba5a6056ea8b43078e71/sky130A/libs.ref/sky130_fd_sc_hd/lib/sky130_fd_sc_hd__tt_025C_1v80.lib line 1, library sky130_fd_sc_hd__tt_025C_1v80 already exists.
[STA-1140] /home/cl4/.ciel/ciel/sky130/versions/8afc8346a57fe1ab7934ba5a6056ea8b43078e71/sky130A/libs.ref/sky130_fd_sc_hd/lib/sky130_fd_sc_hd__ss_100C_1v60.lib line 1, library sky130_fd_sc_hd__ss_100C_1v60 already exists.
[STA-1140] /home/cl4/.ciel/ciel/sky130/versions/8afc8346a57fe1ab7934ba5a6056ea8b43078e71/sky130A/libs.ref/sky130_fd_sc_hd/lib/sky130_fd_sc_hd__ff_n40C_1v95.lib line 1, library sky130_fd_sc_hd__ff_n40C_1v95 already exists.
Running 'OpenROAD.STAMidPNR-2' at 'runs/RUN_2026-08-22_09-37-52/170-openroad-stamidpnr-2'…
Logging subprocess to [repr.filename]'runs/RUN_2026-08-22_09-37-52/170-openroad-stamidpnr-2/openroad-stamidpnr-2.log'[/repr.filename]…
Running 'OpenROAD.GlobalRouting' at 'runs/RUN_2026-08-22_09-37-52/171-openroad-globalrouting'…
Logging subprocess to [repr.filename]'runs/RUN_2026-08-22_09-37-52/171-openroad-globalrouting/openroad-globalrouting.log'[/repr.filename]…
[GRT-0041] Net VPWR has wires/vias outside die area.
[GRT-0041] Net VPWR has wires/vias outside die area.
[GRT-0041] Net VPWR has wires/vias outside die area.
[GRT-0041] Net VPWR has wires/vias outside die area.
[GRT-0041] Net VPWR has wires/vias outside die area.
[GRT-0041] Net VPWR has wires/vias outside die area.
[GRT-0041] Net VPWR has wires/vias outside die area.
[GRT-0041] Net VPWR has wires/vias outside die area.
[GRT-0041] Net VPWR has wires/vias outside die area.
[GRT-0041] Net VPWR has wires/vias outside die area.
[GRT-0041] Net VPWR has wires/vias outside die area.
[GRT-0041] Net VPWR has wires/vias outside die area.
[GRT-0041] Net VPWR has wires/vias outside die area.
[GRT-0041] Net VPWR has wires/vias outside die area.
[GRT-0041] Net VPWR has wires/vias outside die area.
[GRT-0041] Net VPWR has wires/vias outside die area.
[GRT-0041] Net VPWR has wires/vias outside die area.
[GRT-0041] Net VPWR has wires/vias outside die area.
[GRT-0041] Net VPWR has wires/vias outside die area.
[GRT-0041] Net VPWR has wires/vias outside die area.
[GRT-0041] Net VPWR has wires/vias outside die area.
[GRT-0041] Net VPWR has wires/vias outside die area.
[GRT-0041] Net VPWR has wires/vias outside die area.
[GRT-0041] Net VPWR has wires/vias outside die area.
[GRT-0041] Net VPWR has wires/vias outside die area.
[GRT-0041] Net VPWR has wires/vias outside die area.
[GRT-0041] Net VPWR has wires/vias outside die area.
[GRT-0041] Net VPWR has wires/vias outside die area.
[GRT-0041] Net VPWR has wires/vias outside die area.
[GRT-0041] Net VPWR has wires/vias outside die area.
[GRT-0041] Net VPWR has wires/vias outside die area.
[GRT-0041] Net VPWR has wires/vias outside die area.
[GRT-0041] Net VPWR has wires/vias outside die area.
[GRT-0041] Net VPWR has wires/vias outside die area.
[GRT-0041] Net VPWR has wires/vias outside die area.
[GRT-0041] Net VPWR has wires/vias outside die area.
[GRT-0041] Net VPWR has wires/vias outside die area.
[GRT-0041] Net VPWR has wires/vias outside die area.
[GRT-0041] Net VPWR has wires/vias outside die area.
[GRT-0041] Net VPWR has wires/vias outside die area.
[GRT-0041] Net VPWR has wires/vias outside die area.
[GRT-0041] Net VPWR has wires/vias outside die area.
[GRT-0041] Net VPWR has wires/vias outside die area.
[GRT-0041] Net VPWR has wires/vias outside die area.
[GRT-0041] Net VPWR has wires/vias outside die area.
[GRT-0041] Net VPWR has wires/vias outside die area.
[GRT-0041] Net VPWR has wires/vias outside die area.
[GRT-0041] Net VPWR has wires/vias outside die area.
[GRT-0041] Net VPWR has wires/vias outside die area.
[GRT-0041] Net VPWR has wires/vias outside die area.
[GRT-0041] Net VPWR has wires/vias outside die area.
[GRT-0041] Net VPWR has wires/vias outside die area.
[GRT-0041] Net VPWR has wires/vias outside die area.
[GRT-0041] Net VPWR has wires/vias outside die area.
[GRT-0041] Net VPWR has wires/vias outside die area.
[GRT-0041] Net VPWR has wires/vias outside die area.
[GRT-0041] Net VPWR has wires/vias outside die area.
[GRT-0041] Net VPWR has wires/vias outside die area.
[GRT-0041] Net VPWR has wires/vias outside die area.
[GRT-0041] Net VPWR has wires/vias outside die area.
[GRT-0041] Net VPWR has wires/vias outside die area.
[GRT-0041] Net VPWR has wires/vias outside die area.
[GRT-0041] Net VPWR has wires/vias outside die area.
[GRT-0041] Net VPWR has wires/vias outside die area.
[GRT-0041] Net VPWR has wires/vias outside die area.
[GRT-0041] Net VPWR has wires/vias outside die area.
[GRT-0041] Net VPWR has wires/vias outside die area.
[GRT-0041] Net VPWR has wires/vias outside die area.
[GRT-0041] Net VPWR has wires/vias outside die area.
[GRT-0041] Net VPWR has wires/vias outside die area.
[GRT-0041] Net VPWR has wires/vias outside die area.
[GRT-0041] Net VPWR has wires/vias outside die area.
[GRT-0041] Net VPWR has wires/vias outside die area.
[GRT-0041] Net VPWR has wires/vias outside die area.
[GRT-0041] Net VPWR has wires/vias outside die area.
[GRT-0041] Net VPWR has wires/vias outside die area.
[GRT-0041] Net VPWR has wires/vias outside die area.
[GRT-0041] Net VPWR has wires/vias outside die area.
[GRT-0041] Net VGND has wires/vias outside die area.
[GRT-0041] Net VGND has wires/vias outside die area.
[GRT-0041] Net VGND has wires/vias outside die area.
[GRT-0041] Net VGND has wires/vias outside die area.
[GRT-0041] Net VGND has wires/vias outside die area.
[GRT-0041] Net VGND has wires/vias outside die area.
[GRT-0041] Net VGND has wires/vias outside die area.
[GRT-0041] Net VGND has wires/vias outside die area.
[GRT-0041] Net VGND has wires/vias outside die area.
[GRT-0041] Net VGND has wires/vias outside die area.
[GRT-0041] Net VGND has wires/vias outside die area.
[GRT-0041] Net VGND has wires/vias outside die area.
[GRT-0041] Net VGND has wires/vias outside die area.
[GRT-0041] Net VGND has wires/vias outside die area.
[GRT-0041] Net VGND has wires/vias outside die area.
[GRT-0041] Net VGND has wires/vias outside die area.
[GRT-0041] Net VGND has wires/vias outside die area.
[GRT-0041] Net VGND has wires/vias outside die area.
[GRT-0041] Net VGND has wires/vias outside die area.
[GRT-0041] Net VGND has wires/vias outside die area.
[GRT-0041] Net VGND has wires/vias outside die area.
[GRT-0041] Net VGND has wires/vias outside die area.
[GRT-0041] Net VGND has wires/vias outside die area.
[GRT-0041] Net VGND has wires/vias outside die area.
[GRT-0041] Net VGND has wires/vias outside die area.
[GRT-0041] Net VGND has wires/vias outside die area.
[GRT-0041] Net VGND has wires/vias outside die area.
[GRT-0041] Net VGND has wires/vias outside die area.
[GRT-0041] Net VGND has wires/vias outside die area.
[GRT-0041] Net VGND has wires/vias outside die area.
[GRT-0041] Net VGND has wires/vias outside die area.
[GRT-0041] Net VGND has wires/vias outside die area.
[GRT-0041] Net VGND has wires/vias outside die area.
[GRT-0041] Net VGND has wires/vias outside die area.
[GRT-0041] Net VGND has wires/vias outside die area.
[GRT-0041] Net VGND has wires/vias outside die area.
[GRT-0041] Net VGND has wires/vias outside die area.
[GRT-0041] Net VGND has wires/vias outside die area.
[GRT-0041] Net VGND has wires/vias outside die area.
[GRT-0041] Net VGND has wires/vias outside die area.
[GRT-0041] Net VGND has wires/vias outside die area.
[GRT-0041] Net VGND has wires/vias outside die area.
[GRT-0041] Net VGND has wires/vias outside die area.
[GRT-0041] Net VGND has wires/vias outside die area.
[GRT-0041] Net VGND has wires/vias outside die area.
[GRT-0041] Net VGND has wires/vias outside die area.
[GRT-0041] Net VGND has wires/vias outside die area.
[GRT-0041] Net VGND has wires/vias outside die area.
[GRT-0041] Net VGND has wires/vias outside die area.
[GRT-0041] Net VGND has wires/vias outside die area.
[GRT-0041] Net VGND has wires/vias outside die area.
[GRT-0041] Net VGND has wires/vias outside die area.
[GRT-0041] Net VGND has wires/vias outside die area.
[GRT-0041] Net VGND has wires/vias outside die area.
[GRT-0041] Net VGND has wires/vias outside die area.
[GRT-0041] Net VGND has wires/vias outside die area.
[GRT-0041] Net VGND has wires/vias outside die area.
[GRT-0041] Net VGND has wires/vias outside die area.
[GRT-0041] Net VGND has wires/vias outside die area.
[GRT-0041] Net VGND has wires/vias outside die area.
[GRT-0041] Net VGND has wires/vias outside die area.
[GRT-0041] Net VGND has wires/vias outside die area.
[GRT-0041] Net VGND has wires/vias outside die area.
[GRT-0041] Net VGND has wires/vias outside die area.
[GRT-0041] Net VGND has wires/vias outside die area.
[GRT-0041] Net VGND has wires/vias outside die area.
[GRT-0041] Net VGND has wires/vias outside die area.
[GRT-0041] Net VGND has wires/vias outside die area.
[GRT-0041] Net VGND has wires/vias outside die area.
[GRT-0041] Net VGND has wires/vias outside die area.
[GRT-0041] Net VGND has wires/vias outside die area.
[GRT-0041] Net VGND has wires/vias outside die area.
[GRT-0041] Net VGND has wires/vias outside die area.
[GRT-0041] Net VGND has wires/vias outside die area.
[GRT-0041] Net VGND has wires/vias outside die area.
[GRT-0041] Net VGND has wires/vias outside die area.
[GRT-0041] Net VGND has wires/vias outside die area.
[GRT-0041] Net VGND has wires/vias outside die area.
[GRT-0041] Net VGND has wires/vias outside die area.
[GRT-0041] Net VGND has wires/vias outside die area.
[GRT-0041] Net VGND has wires/vias outside die area.
[GRT-0041] Net VGND has wires/vias outside die area.
[GRT-0041] Net VGND has wires/vias outside die area.
[GRT-0041] Net VGND has wires/vias outside die area.
[GRT-0041] Net VGND has wires/vias outside die area.
[GRT-0041] Net VGND has wires/vias outside die area.
[GRT-0041] Net VGND has wires/vias outside die area.
[GRT-0041] Net VGND has wires/vias outside die area.
[GRT-0041] Net VGND has wires/vias outside die area.
Skipping step 'Check Antennas'…
Gating variable for step 'OpenROAD.RepairDesignPostGRT' set to 'False'- the step will be skipped.
Skipping step 'Repair Design (Post-Global Routing)'…
Skipping step 'Diodes on Ports'…
Gating variable for step 'Odb.HeuristicDiodeInsertion' set to 'False'- the step will be skipped.
Skipping step 'Heuristic Diode Insertion'…
Skipping step 'Antenna Repair'…
Gating variable for step 'OpenROAD.ResizerTimingPostGRT' set to 'False'- the step will be skipped.
Skipping step 'Resizer Timing Optimizations (Post-Global Routing)'…
Skipping step 'STA (Mid-PnR)'…
Skipping step 'Detailed Routing'…
Skipping step 'Remove Obstructions'…
Skipping step 'Check Antennas'…
Skipping step 'Routing DRC Checker'…
Skipping step 'Report Disconnected Pins'…
Skipping step 'Disconnected Pins Checker'…
Skipping step 'Report Wire Length'…
Skipping step 'Wire Length Threshold Checker'…
Skipping step 'Fill Insertion'…
Skipping step 'Generate Cell Frequency Tables'…
Skipping step 'Parasitics (RC) Extraction'…
Skipping step 'STA (Post-PnR)'…
Skipping step 'IR Drop Report'…
Skipping step 'GDSII Stream Out (Magic)'…
Skipping step 'GDSII Stream Out (KLayout)'…
Skipping step 'Render Image (w/ KLayout)'…
Skipping step 'Write LEF (Magic)'…
Skipping step 'Check Antenna Properties of Pins in The Generated Design LEF view'…
Skipping step 'KLayout vs. Magic XOR'…
Skipping step 'XOR Difference Checker'…
Skipping step 'DRC'…
Skipping step 'Design Rule Check (KLayout)'…
Skipping step 'Magic DRC Checker'…
Skipping step 'KLayout DRC Checker'…
Skipping step 'SPICE Extraction'…
Skipping step 'Illegal Overlap Checker'…
Skipping step 'Netgen LVS'…
Skipping step 'LVS Error Checker'…
Gating variable for step 'Yosys.EQY' set to 'False'- the step will be skipped.
Skipping step 'Equivalence Check'…
Skipping step 'Setup Timing Violations Checker'…
Skipping step 'Hold Timing Violations Checker'…
Skipping step 'Max Slew Violations Checker'…
Skipping step 'Max Cap Violations Checker'…
Skipping step 'Report Manufacturability'…
Saving views to '/home/cl4/Desktop/training/single_cycle/runs/RUN_2026-08-22_09-37-52/final'…
Flow complete.
Starting…
Running 'Verilator.Lint' at 'runs/RUN_2026-08-22_09-37-52/172-verilator-lint'…
Logging subprocess to [repr.filename]'runs/RUN_2026-08-22_09-37-52/172-verilator-lint/verilator-lint.log'[/repr.filename]…
Running 'Checker.LintTimingConstructs' at 'runs/RUN_2026-08-22_09-37-52/173-checker-linttimingconstructs'…
Check for Lint Timing Errors clear.
Running 'Checker.LintErrors' at 'runs/RUN_2026-08-22_09-37-52/174-checker-linterrors'…
Check for Lint errors clear.
Running 'Checker.LintWarnings' at 'runs/RUN_2026-08-22_09-37-52/175-checker-lintwarnings'…
449 Lint warnings found.
Running 'Yosys.JsonHeader' at 'runs/RUN_2026-08-22_09-37-52/176-yosys-jsonheader'…
Logging subprocess to [repr.filename]'runs/RUN_2026-08-22_09-37-52/176-yosys-jsonheader/yosys-jsonheader.log'[/repr.filename]…
Running 'Yosys.Synthesis' at 'runs/RUN_2026-08-22_09-37-52/177-yosys-synthesis'…
Logging subprocess to [repr.filename]'runs/RUN_2026-08-22_09-37-52/177-yosys-synthesis/yosys-synthesis.log'[/repr.filename]…
Parsing synthesis checks…
Running 'Checker.YosysUnmappedCells' at 'runs/RUN_2026-08-22_09-37-52/178-checker-yosysunmappedcells'…
Check for Unmapped Yosys instances clear.
Running 'Checker.YosysSynthChecks' at 'runs/RUN_2026-08-22_09-37-52/179-checker-yosyssynthchecks'…
Check for Yosys check errors clear.
Running 'Checker.NetlistAssignStatements' at 'runs/RUN_2026-08-22_09-37-52/180-checker-netlistassignstatements'…
Running 'OpenROAD.CheckSDCFiles' at 'runs/RUN_2026-08-22_09-37-52/181-openroad-checksdcfiles'…
Running 'OpenROAD.CheckMacroInstances' at 'runs/RUN_2026-08-22_09-37-52/182-openroad-checkmacroinstances'…
No macros found, skipping instance check…
Running 'OpenROAD.STAPrePNR' at 'runs/RUN_2026-08-22_09-37-52/183-openroad-staprepnr'…
Starting STA for the nom_tt_025C_1v80 timing corner…
Logging subprocess to [repr.filename]'runs/RUN_2026-08-22_09-37-52/183-openroad-staprepnr/nom_tt_025C_1v80/sta.log'[/repr.filename]…
Starting STA for the nom_ss_100C_1v60 timing corner…
Starting STA for the nom_ff_n40C_1v95 timing corner…
Skipping corner min_tt_025C_1v80 for STA (identical to nom_tt_025C_1v80 at this stage)…
Skipping corner min_ss_100C_1v60 for STA (identical to nom_ss_100C_1v60 at this stage)…
Skipping corner min_ff_n40C_1v95 for STA (identical to nom_ff_n40C_1v95 at this stage)…
Skipping corner max_tt_025C_1v80 for STA (identical to nom_tt_025C_1v80 at this stage)…
Skipping corner max_ss_100C_1v60 for STA (identical to nom_ss_100C_1v60 at this stage)…
Logging subprocess to [repr.filename]'runs/RUN_2026-08-22_09-37-52/183-openroad-staprepnr/nom_ff_n40C_1v95/sta.log'[/repr.filename]…
Logging subprocess to [repr.filename]'runs/RUN_2026-08-22_09-37-52/183-openroad-staprepnr/nom_ss_100C_1v60/sta.log'[/repr.filename]…
Skipping corner max_ff_n40C_1v95 for STA (identical to nom_ff_n40C_1v95 at this stage)…
Finished STA for the nom_ss_100C_1v60 timing corner.
Finished STA for the nom_tt_025C_1v80 timing corner.
Finished STA for the nom_ff_n40C_1v95 timing corner.
Running 'OpenROAD.Floorplan' at 'runs/RUN_2026-08-22_09-37-52/184-openroad-floorplan'…
Logging subprocess to [repr.filename]'runs/RUN_2026-08-22_09-37-52/184-openroad-floorplan/openroad-floorplan.log'[/repr.filename]…
Running 'OpenROAD.DumpRCValues' at 'runs/RUN_2026-08-22_09-37-52/185-openroad-dumprcvalues'…
Logging subprocess to [repr.filename]'runs/RUN_2026-08-22_09-37-52/185-openroad-dumprcvalues/openroad-dumprcvalues.log'[/repr.filename]…
Running 'Odb.CheckMacroAntennaProperties' at 'runs/RUN_2026-08-22_09-37-52/186-odb-checkmacroantennaproperties'…
No cells provided, skipping 'Odb.CheckMacroAntennaProperties'…
Running 'Odb.SetPowerConnections' at 'runs/RUN_2026-08-22_09-37-52/187-odb-setpowerconnections'…
Logging subprocess to [repr.filename]'runs/RUN_2026-08-22_09-37-52/187-odb-setpowerconnections/odb-setpowerconnections.log'[/repr.filename]…
Running 'Odb.ManualMacroPlacement' at 'runs/RUN_2026-08-22_09-37-52/188-odb-manualmacroplacement'…
No instances found, skipping 'Odb.ManualMacroPlacement'…
Running 'OpenROAD.CutRows' at 'runs/RUN_2026-08-22_09-37-52/189-openroad-cutrows'…
Logging subprocess to [repr.filename]'runs/RUN_2026-08-22_09-37-52/189-openroad-cutrows/openroad-cutrows.log'[/repr.filename]…
Running 'OpenROAD.TapEndcapInsertion' at 'runs/RUN_2026-08-22_09-37-52/190-openroad-tapendcapinsertion'…
Logging subprocess to [repr.filename]'runs/RUN_2026-08-22_09-37-52/190-openroad-tapendcapinsertion/openroad-tapendcapinsertion.log'[/repr.filename]…
Running 'Odb.AddPDNObstructions' at 'runs/RUN_2026-08-22_09-37-52/191-odb-addpdnobstructions'…
'PDN_OBSTRUCTIONS' is not defined. Skipping 'Odb.AddPDNObstructions'…
Running 'OpenROAD.GeneratePDN' at 'runs/RUN_2026-08-22_09-37-52/192-openroad-generatepdn'…
'PDN_CFG' not explicitly set, setting it to /nix/store/5jsqcdxd774ydqqjk8zkw3zk47dxbryb-python3-3.13.9-env/lib/python3.13/site-packages/librelane/scripts/openroad/common/pdn_cfg.tcl…
Logging subprocess to [repr.filename]'runs/RUN_2026-08-22_09-37-52/192-openroad-generatepdn/openroad-generatepdn.log'[/repr.filename]…
[PDN-0239] Ring shape falls outside the die bounds.
Running 'Odb.RemovePDNObstructions' at 'runs/RUN_2026-08-22_09-37-52/193-odb-removepdnobstructions'…
'PDN_OBSTRUCTIONS' is not defined. Skipping 'Odb.RemovePDNObstructions'…
Running 'Odb.AddRoutingObstructions' at 'runs/RUN_2026-08-22_09-37-52/194-odb-addroutingobstructions'…
'ROUTING_OBSTRUCTIONS' is not defined. Skipping 'Odb.AddRoutingObstructions'…
Running 'OpenROAD.GlobalPlacementSkipIO' at 'runs/RUN_2026-08-22_09-37-52/195-openroad-globalplacementskipio'…
I/O pins to be placed from /home/cl4/Desktop/training/single_cycle/pin_order.cfg. Returning state unaltered…
Running 'OpenROAD.IOPlacement' at 'runs/RUN_2026-08-22_09-37-52/196-openroad-ioplacement'…
IO_PIN_ORDER_CFG is set. Skipping 'OpenROAD.IOPlacement'…
Running 'Odb.CustomIOPlacement' at 'runs/RUN_2026-08-22_09-37-52/197-odb-customioplacement'…
Logging subprocess to [repr.filename]'runs/RUN_2026-08-22_09-37-52/197-odb-customioplacement/odb-customioplacement.log'[/repr.filename]…
Overriding minimum distance 0.1 with 0.42 for pins on side N to avoid overlap.
Running 'Odb.ApplyDEFTemplate' at 'runs/RUN_2026-08-22_09-37-52/198-odb-applydeftemplate'…
No DEF template provided, skipping 'Odb.ApplyDEFTemplate'…
Running 'OpenROAD.GlobalPlacement' at 'runs/RUN_2026-08-22_09-37-52/199-openroad-globalplacement'…
Logging subprocess to [repr.filename]'runs/RUN_2026-08-22_09-37-52/199-openroad-globalplacement/openroad-globalplacement.log'[/repr.filename]…
Running 'Odb.WriteVerilogHeader' at 'runs/RUN_2026-08-22_09-37-52/200-odb-writeverilogheader'…
Logging subprocess to [repr.filename]'runs/RUN_2026-08-22_09-37-52/200-odb-writeverilogheader/odb-writeverilogheader.log'[/repr.filename]…
Running 'Checker.PowerGridViolations' at 'runs/RUN_2026-08-22_09-37-52/201-checker-powergridviolations'…
Check for power grid violations (as reported by OpenROAD PSM- you may ignore these if LVS passes) clear.
Running 'OpenROAD.STAMidPNR' at 'runs/RUN_2026-08-22_09-37-52/202-openroad-stamidpnr'…
Logging subprocess to [repr.filename]'runs/RUN_2026-08-22_09-37-52/202-openroad-stamidpnr/openroad-stamidpnr.log'[/repr.filename]…
Running 'OpenROAD.RepairDesignPostGPL' at 'runs/RUN_2026-08-22_09-37-52/203-openroad-repairdesignpostgpl'…
Logging subprocess to [repr.filename]'runs/RUN_2026-08-22_09-37-52/203-openroad-repairdesignpostgpl/openroad-repairdesignpostgpl.log'[/repr.filename]…
[STA-1140] /home/cl4/.ciel/ciel/sky130/versions/8afc8346a57fe1ab7934ba5a6056ea8b43078e71/sky130A/libs.ref/sky130_fd_sc_hd/lib/sky130_fd_sc_hd__tt_025C_1v80.lib line 1, library sky130_fd_sc_hd__tt_025C_1v80 already exists.
[STA-1140] /home/cl4/.ciel/ciel/sky130/versions/8afc8346a57fe1ab7934ba5a6056ea8b43078e71/sky130A/libs.ref/sky130_fd_sc_hd/lib/sky130_fd_sc_hd__ff_n40C_1v95.lib line 1, library sky130_fd_sc_hd__ff_n40C_1v95 already exists.
[STA-1140] /home/cl4/.ciel/ciel/sky130/versions/8afc8346a57fe1ab7934ba5a6056ea8b43078e71/sky130A/libs.ref/sky130_fd_sc_hd/lib/sky130_fd_sc_hd__ss_100C_1v60.lib line 1, library sky130_fd_sc_hd__ss_100C_1v60 already exists.
[STA-1140] /home/cl4/.ciel/ciel/sky130/versions/8afc8346a57fe1ab7934ba5a6056ea8b43078e71/sky130A/libs.ref/sky130_fd_sc_hd/lib/sky130_fd_sc_hd__tt_025C_1v80.lib line 1, library sky130_fd_sc_hd__tt_025C_1v80 already exists.
[STA-1140] /home/cl4/.ciel/ciel/sky130/versions/8afc8346a57fe1ab7934ba5a6056ea8b43078e71/sky130A/libs.ref/sky130_fd_sc_hd/lib/sky130_fd_sc_hd__ss_100C_1v60.lib line 1, library sky130_fd_sc_hd__ss_100C_1v60 already exists.
[STA-1140] /home/cl4/.ciel/ciel/sky130/versions/8afc8346a57fe1ab7934ba5a6056ea8b43078e71/sky130A/libs.ref/sky130_fd_sc_hd/lib/sky130_fd_sc_hd__ff_n40C_1v95.lib line 1, library sky130_fd_sc_hd__ff_n40C_1v95 already exists.
[RSZ-0020] found 2 floating nets.
Running 'Odb.ManualGlobalPlacement' at 'runs/RUN_2026-08-22_09-37-52/204-odb-manualglobalplacement'…
'MANUAL_GLOBAL_PLACEMENTS' not set. Skipping 'Odb.ManualGlobalPlacement'…
Running 'OpenROAD.DetailedPlacement' at 'runs/RUN_2026-08-22_09-37-52/205-openroad-detailedplacement'…
Logging subprocess to [repr.filename]'runs/RUN_2026-08-22_09-37-52/205-openroad-detailedplacement/openroad-detailedplacement.log'[/repr.filename]…
Running 'OpenROAD.CTS' at 'runs/RUN_2026-08-22_09-37-52/206-openroad-cts'…
Logging subprocess to [repr.filename]'runs/RUN_2026-08-22_09-37-52/206-openroad-cts/openroad-cts.log'[/repr.filename]…
[STA-1140] /home/cl4/.ciel/ciel/sky130/versions/8afc8346a57fe1ab7934ba5a6056ea8b43078e71/sky130A/libs.ref/sky130_fd_sc_hd/lib/sky130_fd_sc_hd__tt_025C_1v80.lib line 1, library sky130_fd_sc_hd__tt_025C_1v80 already exists.
[STA-1140] /home/cl4/.ciel/ciel/sky130/versions/8afc8346a57fe1ab7934ba5a6056ea8b43078e71/sky130A/libs.ref/sky130_fd_sc_hd/lib/sky130_fd_sc_hd__ff_n40C_1v95.lib line 1, library sky130_fd_sc_hd__ff_n40C_1v95 already exists.
[STA-1140] /home/cl4/.ciel/ciel/sky130/versions/8afc8346a57fe1ab7934ba5a6056ea8b43078e71/sky130A/libs.ref/sky130_fd_sc_hd/lib/sky130_fd_sc_hd__ss_100C_1v60.lib line 1, library sky130_fd_sc_hd__ss_100C_1v60 already exists.
[STA-1140] /home/cl4/.ciel/ciel/sky130/versions/8afc8346a57fe1ab7934ba5a6056ea8b43078e71/sky130A/libs.ref/sky130_fd_sc_hd/lib/sky130_fd_sc_hd__tt_025C_1v80.lib line 1, library sky130_fd_sc_hd__tt_025C_1v80 already exists.
[STA-1140] /home/cl4/.ciel/ciel/sky130/versions/8afc8346a57fe1ab7934ba5a6056ea8b43078e71/sky130A/libs.ref/sky130_fd_sc_hd/lib/sky130_fd_sc_hd__ss_100C_1v60.lib line 1, library sky130_fd_sc_hd__ss_100C_1v60 already exists.
[STA-1140] /home/cl4/.ciel/ciel/sky130/versions/8afc8346a57fe1ab7934ba5a6056ea8b43078e71/sky130A/libs.ref/sky130_fd_sc_hd/lib/sky130_fd_sc_hd__ff_n40C_1v95.lib line 1, library sky130_fd_sc_hd__ff_n40C_1v95 already exists.
Running 'OpenROAD.STAMidPNR-1' at 'runs/RUN_2026-08-22_09-37-52/207-openroad-stamidpnr-1'…
Logging subprocess to [repr.filename]'runs/RUN_2026-08-22_09-37-52/207-openroad-stamidpnr-1/openroad-stamidpnr-1.log'[/repr.filename]…
Running 'OpenROAD.ResizerTimingPostCTS' at 'runs/RUN_2026-08-22_09-37-52/208-openroad-resizertimingpostcts'…
Logging subprocess to [repr.filename]'runs/RUN_2026-08-22_09-37-52/208-openroad-resizertimingpostcts/openroad-resizertimingpostcts.log'[/repr.filename]…
[STA-1140] /home/cl4/.ciel/ciel/sky130/versions/8afc8346a57fe1ab7934ba5a6056ea8b43078e71/sky130A/libs.ref/sky130_fd_sc_hd/lib/sky130_fd_sc_hd__tt_025C_1v80.lib line 1, library sky130_fd_sc_hd__tt_025C_1v80 already exists.
[STA-1140] /home/cl4/.ciel/ciel/sky130/versions/8afc8346a57fe1ab7934ba5a6056ea8b43078e71/sky130A/libs.ref/sky130_fd_sc_hd/lib/sky130_fd_sc_hd__ff_n40C_1v95.lib line 1, library sky130_fd_sc_hd__ff_n40C_1v95 already exists.
[STA-1140] /home/cl4/.ciel/ciel/sky130/versions/8afc8346a57fe1ab7934ba5a6056ea8b43078e71/sky130A/libs.ref/sky130_fd_sc_hd/lib/sky130_fd_sc_hd__ss_100C_1v60.lib line 1, library sky130_fd_sc_hd__ss_100C_1v60 already exists.
[STA-1140] /home/cl4/.ciel/ciel/sky130/versions/8afc8346a57fe1ab7934ba5a6056ea8b43078e71/sky130A/libs.ref/sky130_fd_sc_hd/lib/sky130_fd_sc_hd__tt_025C_1v80.lib line 1, library sky130_fd_sc_hd__tt_025C_1v80 already exists.
[STA-1140] /home/cl4/.ciel/ciel/sky130/versions/8afc8346a57fe1ab7934ba5a6056ea8b43078e71/sky130A/libs.ref/sky130_fd_sc_hd/lib/sky130_fd_sc_hd__ss_100C_1v60.lib line 1, library sky130_fd_sc_hd__ss_100C_1v60 already exists.
[STA-1140] /home/cl4/.ciel/ciel/sky130/versions/8afc8346a57fe1ab7934ba5a6056ea8b43078e71/sky130A/libs.ref/sky130_fd_sc_hd/lib/sky130_fd_sc_hd__ff_n40C_1v95.lib line 1, library sky130_fd_sc_hd__ff_n40C_1v95 already exists.
Running 'OpenROAD.STAMidPNR-2' at 'runs/RUN_2026-08-22_09-37-52/209-openroad-stamidpnr-2'…
Logging subprocess to [repr.filename]'runs/RUN_2026-08-22_09-37-52/209-openroad-stamidpnr-2/openroad-stamidpnr-2.log'[/repr.filename]…
Running 'OpenROAD.GlobalRouting' at 'runs/RUN_2026-08-22_09-37-52/210-openroad-globalrouting'…
Logging subprocess to [repr.filename]'runs/RUN_2026-08-22_09-37-52/210-openroad-globalrouting/openroad-globalrouting.log'[/repr.filename]…
[GRT-0041] Net VPWR has wires/vias outside die area.
[GRT-0041] Net VPWR has wires/vias outside die area.
[GRT-0041] Net VPWR has wires/vias outside die area.
[GRT-0041] Net VPWR has wires/vias outside die area.
[GRT-0041] Net VPWR has wires/vias outside die area.
[GRT-0041] Net VPWR has wires/vias outside die area.
[GRT-0041] Net VPWR has wires/vias outside die area.
[GRT-0041] Net VPWR has wires/vias outside die area.
[GRT-0041] Net VPWR has wires/vias outside die area.
[GRT-0041] Net VPWR has wires/vias outside die area.
[GRT-0041] Net VPWR has wires/vias outside die area.
[GRT-0041] Net VPWR has wires/vias outside die area.
[GRT-0041] Net VPWR has wires/vias outside die area.
[GRT-0041] Net VPWR has wires/vias outside die area.
[GRT-0041] Net VPWR has wires/vias outside die area.
[GRT-0041] Net VPWR has wires/vias outside die area.
[GRT-0041] Net VPWR has wires/vias outside die area.
[GRT-0041] Net VPWR has wires/vias outside die area.
[GRT-0041] Net VPWR has wires/vias outside die area.
[GRT-0041] Net VPWR has wires/vias outside die area.
[GRT-0041] Net VPWR has wires/vias outside die area.
[GRT-0041] Net VPWR has wires/vias outside die area.
[GRT-0041] Net VPWR has wires/vias outside die area.
[GRT-0041] Net VPWR has wires/vias outside die area.
[GRT-0041] Net VPWR has wires/vias outside die area.
[GRT-0041] Net VPWR has wires/vias outside die area.
[GRT-0041] Net VPWR has wires/vias outside die area.
[GRT-0041] Net VPWR has wires/vias outside die area.
[GRT-0041] Net VPWR has wires/vias outside die area.
[GRT-0041] Net VPWR has wires/vias outside die area.
[GRT-0041] Net VPWR has wires/vias outside die area.
[GRT-0041] Net VPWR has wires/vias outside die area.
[GRT-0041] Net VPWR has wires/vias outside die area.
[GRT-0041] Net VPWR has wires/vias outside die area.
[GRT-0041] Net VPWR has wires/vias outside die area.
[GRT-0041] Net VPWR has wires/vias outside die area.
[GRT-0041] Net VPWR has wires/vias outside die area.
[GRT-0041] Net VPWR has wires/vias outside die area.
[GRT-0041] Net VPWR has wires/vias outside die area.
[GRT-0041] Net VPWR has wires/vias outside die area.
[GRT-0041] Net VPWR has wires/vias outside die area.
[GRT-0041] Net VPWR has wires/vias outside die area.
[GRT-0041] Net VPWR has wires/vias outside die area.
[GRT-0041] Net VPWR has wires/vias outside die area.
[GRT-0041] Net VPWR has wires/vias outside die area.
[GRT-0041] Net VPWR has wires/vias outside die area.
[GRT-0041] Net VPWR has wires/vias outside die area.
[GRT-0041] Net VPWR has wires/vias outside die area.
[GRT-0041] Net VPWR has wires/vias outside die area.
[GRT-0041] Net VPWR has wires/vias outside die area.
[GRT-0041] Net VPWR has wires/vias outside die area.
[GRT-0041] Net VPWR has wires/vias outside die area.
[GRT-0041] Net VPWR has wires/vias outside die area.
[GRT-0041] Net VPWR has wires/vias outside die area.
[GRT-0041] Net VPWR has wires/vias outside die area.
[GRT-0041] Net VPWR has wires/vias outside die area.
[GRT-0041] Net VPWR has wires/vias outside die area.
[GRT-0041] Net VPWR has wires/vias outside die area.
[GRT-0041] Net VPWR has wires/vias outside die area.
[GRT-0041] Net VPWR has wires/vias outside die area.
[GRT-0041] Net VPWR has wires/vias outside die area.
[GRT-0041] Net VPWR has wires/vias outside die area.
[GRT-0041] Net VPWR has wires/vias outside die area.
[GRT-0041] Net VPWR has wires/vias outside die area.
[GRT-0041] Net VPWR has wires/vias outside die area.
[GRT-0041] Net VPWR has wires/vias outside die area.
[GRT-0041] Net VPWR has wires/vias outside die area.
[GRT-0041] Net VPWR has wires/vias outside die area.
[GRT-0041] Net VPWR has wires/vias outside die area.
[GRT-0041] Net VPWR has wires/vias outside die area.
[GRT-0041] Net VPWR has wires/vias outside die area.
[GRT-0041] Net VPWR has wires/vias outside die area.
[GRT-0041] Net VPWR has wires/vias outside die area.
[GRT-0041] Net VPWR has wires/vias outside die area.
[GRT-0041] Net VPWR has wires/vias outside die area.
[GRT-0041] Net VPWR has wires/vias outside die area.
[GRT-0041] Net VPWR has wires/vias outside die area.
[GRT-0041] Net VPWR has wires/vias outside die area.
[GRT-0041] Net VGND has wires/vias outside die area.
[GRT-0041] Net VGND has wires/vias outside die area.
[GRT-0041] Net VGND has wires/vias outside die area.
[GRT-0041] Net VGND has wires/vias outside die area.
[GRT-0041] Net VGND has wires/vias outside die area.
[GRT-0041] Net VGND has wires/vias outside die area.
[GRT-0041] Net VGND has wires/vias outside die area.
[GRT-0041] Net VGND has wires/vias outside die area.
[GRT-0041] Net VGND has wires/vias outside die area.
[GRT-0041] Net VGND has wires/vias outside die area.
[GRT-0041] Net VGND has wires/vias outside die area.
[GRT-0041] Net VGND has wires/vias outside die area.
[GRT-0041] Net VGND has wires/vias outside die area.
[GRT-0041] Net VGND has wires/vias outside die area.
[GRT-0041] Net VGND has wires/vias outside die area.
[GRT-0041] Net VGND has wires/vias outside die area.
[GRT-0041] Net VGND has wires/vias outside die area.
[GRT-0041] Net VGND has wires/vias outside die area.
[GRT-0041] Net VGND has wires/vias outside die area.
[GRT-0041] Net VGND has wires/vias outside die area.
[GRT-0041] Net VGND has wires/vias outside die area.
[GRT-0041] Net VGND has wires/vias outside die area.
[GRT-0041] Net VGND has wires/vias outside die area.
[GRT-0041] Net VGND has wires/vias outside die area.
[GRT-0041] Net VGND has wires/vias outside die area.
[GRT-0041] Net VGND has wires/vias outside die area.
[GRT-0041] Net VGND has wires/vias outside die area.
[GRT-0041] Net VGND has wires/vias outside die area.
[GRT-0041] Net VGND has wires/vias outside die area.
[GRT-0041] Net VGND has wires/vias outside die area.
[GRT-0041] Net VGND has wires/vias outside die area.
[GRT-0041] Net VGND has wires/vias outside die area.
[GRT-0041] Net VGND has wires/vias outside die area.
[GRT-0041] Net VGND has wires/vias outside die area.
[GRT-0041] Net VGND has wires/vias outside die area.
[GRT-0041] Net VGND has wires/vias outside die area.
[GRT-0041] Net VGND has wires/vias outside die area.
[GRT-0041] Net VGND has wires/vias outside die area.
[GRT-0041] Net VGND has wires/vias outside die area.
[GRT-0041] Net VGND has wires/vias outside die area.
[GRT-0041] Net VGND has wires/vias outside die area.
[GRT-0041] Net VGND has wires/vias outside die area.
[GRT-0041] Net VGND has wires/vias outside die area.
[GRT-0041] Net VGND has wires/vias outside die area.
[GRT-0041] Net VGND has wires/vias outside die area.
[GRT-0041] Net VGND has wires/vias outside die area.
[GRT-0041] Net VGND has wires/vias outside die area.
[GRT-0041] Net VGND has wires/vias outside die area.
[GRT-0041] Net VGND has wires/vias outside die area.
[GRT-0041] Net VGND has wires/vias outside die area.
[GRT-0041] Net VGND has wires/vias outside die area.
[GRT-0041] Net VGND has wires/vias outside die area.
[GRT-0041] Net VGND has wires/vias outside die area.
[GRT-0041] Net VGND has wires/vias outside die area.
[GRT-0041] Net VGND has wires/vias outside die area.
[GRT-0041] Net VGND has wires/vias outside die area.
[GRT-0041] Net VGND has wires/vias outside die area.
[GRT-0041] Net VGND has wires/vias outside die area.
[GRT-0041] Net VGND has wires/vias outside die area.
[GRT-0041] Net VGND has wires/vias outside die area.
[GRT-0041] Net VGND has wires/vias outside die area.
[GRT-0041] Net VGND has wires/vias outside die area.
[GRT-0041] Net VGND has wires/vias outside die area.
[GRT-0041] Net VGND has wires/vias outside die area.
[GRT-0041] Net VGND has wires/vias outside die area.
[GRT-0041] Net VGND has wires/vias outside die area.
[GRT-0041] Net VGND has wires/vias outside die area.
[GRT-0041] Net VGND has wires/vias outside die area.
[GRT-0041] Net VGND has wires/vias outside die area.
[GRT-0041] Net VGND has wires/vias outside die area.
[GRT-0041] Net VGND has wires/vias outside die area.
[GRT-0041] Net VGND has wires/vias outside die area.
[GRT-0041] Net VGND has wires/vias outside die area.
[GRT-0041] Net VGND has wires/vias outside die area.
[GRT-0041] Net VGND has wires/vias outside die area.
[GRT-0041] Net VGND has wires/vias outside die area.
[GRT-0041] Net VGND has wires/vias outside die area.
[GRT-0041] Net VGND has wires/vias outside die area.
[GRT-0041] Net VGND has wires/vias outside die area.
[GRT-0041] Net VGND has wires/vias outside die area.
[GRT-0041] Net VGND has wires/vias outside die area.
[GRT-0041] Net VGND has wires/vias outside die area.
[GRT-0041] Net VGND has wires/vias outside die area.
[GRT-0041] Net VGND has wires/vias outside die area.
[GRT-0041] Net VGND has wires/vias outside die area.
[GRT-0041] Net VGND has wires/vias outside die area.
[GRT-0041] Net VGND has wires/vias outside die area.
[GRT-0041] Net VGND has wires/vias outside die area.
[GRT-0041] Net VGND has wires/vias outside die area.
Running 'OpenROAD.CheckAntennas' at 'runs/RUN_2026-08-22_09-37-52/211-openroad-checkantennas'…
Logging subprocess to [repr.filename]'runs/RUN_2026-08-22_09-37-52/211-openroad-checkantennas/openroad-checkantennas.log'[/repr.filename]…
Gating variable for step 'OpenROAD.RepairDesignPostGRT' set to 'False'- the step will be skipped.
Skipping step 'Repair Design (Post-Global Routing)'…
Running 'Odb.DiodesOnPorts' at 'runs/RUN_2026-08-22_09-37-52/212-odb-diodesonports'…
'DIODE_ON_PORTS' is set to 'none': skipping 'Odb.DiodesOnPorts'…
Gating variable for step 'Odb.HeuristicDiodeInsertion' set to 'False'- the step will be skipped.
Skipping step 'Heuristic Diode Insertion'…
Running 'OpenROAD.RepairAntennas' at 'runs/RUN_2026-08-22_09-37-52/213-openroad-repairantennas'…
Running 'OpenROAD.DiodeInsertion' at 'runs/RUN_2026-08-22_09-37-52/213-openroad-repairantennas/1-openroad-diodeinsertion'…
Logging subprocess to [repr.filename]'runs/RUN_2026-08-22_09-37-52/213-openroad-repairantennas/1-openroad-diodeinsertion/openroad-diodeinsertion.log'[/repr.filename]…
Running 'OpenROAD.CheckAntennas' at 'runs/RUN_2026-08-22_09-37-52/213-openroad-repairantennas/2-openroad-checkantennas'…
Logging subprocess to [repr.filename]'runs/RUN_2026-08-22_09-37-52/213-openroad-repairantennas/2-openroad-checkantennas/openroad-checkantennas.log'[/repr.filename]…
Gating variable for step 'OpenROAD.ResizerTimingPostGRT' set to 'False'- the step will be skipped.
Skipping step 'Resizer Timing Optimizations (Post-Global Routing)'…
Running 'OpenROAD.STAMidPNR-3' at 'runs/RUN_2026-08-22_09-37-52/214-openroad-stamidpnr-3'…
Logging subprocess to [repr.filename]'runs/RUN_2026-08-22_09-37-52/214-openroad-stamidpnr-3/openroad-stamidpnr-3.log'[/repr.filename]…
Running 'OpenROAD.DetailedRouting' at 'runs/RUN_2026-08-22_09-37-52/215-openroad-detailedrouting'…
Running TritonRoute with 12 threads…
Logging subprocess to [repr.filename]'runs/RUN_2026-08-22_09-37-52/215-openroad-detailedrouting/openroad-detailedrouting.log'[/repr.filename]…
[DRT-0349] LEF58_ENCLOSURE with no CUTCLASS is not supported. Skipping for layer mcon
[DRT-0349] LEF58_ENCLOSURE with no CUTCLASS is not supported. Skipping for layer mcon
[DRT-0349] LEF58_ENCLOSURE with no CUTCLASS is not supported. Skipping for layer via
[DRT-0349] LEF58_ENCLOSURE with no CUTCLASS is not supported. Skipping for layer via
[DRT-0349] LEF58_ENCLOSURE with no CUTCLASS is not supported. Skipping for layer via2
[DRT-0349] LEF58_ENCLOSURE with no CUTCLASS is not supported. Skipping for layer via2
[DRT-0349] LEF58_ENCLOSURE with no CUTCLASS is not supported. Skipping for layer via3
[DRT-0349] LEF58_ENCLOSURE with no CUTCLASS is not supported. Skipping for layer via3
[DRT-0349] LEF58_ENCLOSURE with no CUTCLASS is not supported. Skipping for layer via4
[DRT-0349] LEF58_ENCLOSURE with no CUTCLASS is not supported. Skipping for layer via4
Skipping step 'Remove Obstructions'…
Skipping step 'Check Antennas'…
Skipping step 'Routing DRC Checker'…
Skipping step 'Report Disconnected Pins'…
Skipping step 'Disconnected Pins Checker'…
Skipping step 'Report Wire Length'…
Skipping step 'Wire Length Threshold Checker'…
Skipping step 'Fill Insertion'…
Skipping step 'Generate Cell Frequency Tables'…
Skipping step 'Parasitics (RC) Extraction'…
Skipping step 'STA (Post-PnR)'…
Skipping step 'IR Drop Report'…
Skipping step 'GDSII Stream Out (Magic)'…
Skipping step 'GDSII Stream Out (KLayout)'…
Skipping step 'Render Image (w/ KLayout)'…
Skipping step 'Write LEF (Magic)'…
Skipping step 'Check Antenna Properties of Pins in The Generated Design LEF view'…
Skipping step 'KLayout vs. Magic XOR'…
Skipping step 'XOR Difference Checker'…
Skipping step 'DRC'…
Skipping step 'Design Rule Check (KLayout)'…
Skipping step 'Magic DRC Checker'…
Skipping step 'KLayout DRC Checker'…
Skipping step 'SPICE Extraction'…
Skipping step 'Illegal Overlap Checker'…
Skipping step 'Netgen LVS'…
Skipping step 'LVS Error Checker'…
Gating variable for step 'Yosys.EQY' set to 'False'- the step will be skipped.
Skipping step 'Equivalence Check'…
Skipping step 'Setup Timing Violations Checker'…
Skipping step 'Hold Timing Violations Checker'…
Skipping step 'Max Slew Violations Checker'…
Skipping step 'Max Cap Violations Checker'…
Skipping step 'Report Manufacturability'…
Saving views to '/home/cl4/Desktop/training/single_cycle/runs/RUN_2026-08-22_09-37-52/final'…
Flow complete.
Starting…
Running 'Verilator.Lint' at 'runs/RUN_2026-08-22_09-37-52/216-verilator-lint'…
Logging subprocess to [repr.filename]'runs/RUN_2026-08-22_09-37-52/216-verilator-lint/verilator-lint.log'[/repr.filename]…
Running 'Checker.LintTimingConstructs' at 'runs/RUN_2026-08-22_09-37-52/217-checker-linttimingconstructs'…
Check for Lint Timing Errors clear.
Running 'Checker.LintErrors' at 'runs/RUN_2026-08-22_09-37-52/218-checker-linterrors'…
Check for Lint errors clear.
Running 'Checker.LintWarnings' at 'runs/RUN_2026-08-22_09-37-52/219-checker-lintwarnings'…
449 Lint warnings found.
Running 'Yosys.JsonHeader' at 'runs/RUN_2026-08-22_09-37-52/220-yosys-jsonheader'…
Logging subprocess to [repr.filename]'runs/RUN_2026-08-22_09-37-52/220-yosys-jsonheader/yosys-jsonheader.log'[/repr.filename]…
Running 'Yosys.Synthesis' at 'runs/RUN_2026-08-22_09-37-52/221-yosys-synthesis'…
Logging subprocess to [repr.filename]'runs/RUN_2026-08-22_09-37-52/221-yosys-synthesis/yosys-synthesis.log'[/repr.filename]…
Parsing synthesis checks…
Running 'Checker.YosysUnmappedCells' at 'runs/RUN_2026-08-22_09-37-52/222-checker-yosysunmappedcells'…
Check for Unmapped Yosys instances clear.
Running 'Checker.YosysSynthChecks' at 'runs/RUN_2026-08-22_09-37-52/223-checker-yosyssynthchecks'…
Check for Yosys check errors clear.
Running 'Checker.NetlistAssignStatements' at 'runs/RUN_2026-08-22_09-37-52/224-checker-netlistassignstatements'…
Running 'OpenROAD.CheckSDCFiles' at 'runs/RUN_2026-08-22_09-37-52/225-openroad-checksdcfiles'…
Running 'OpenROAD.CheckMacroInstances' at 'runs/RUN_2026-08-22_09-37-52/226-openroad-checkmacroinstances'…
No macros found, skipping instance check…
Running 'OpenROAD.STAPrePNR' at 'runs/RUN_2026-08-22_09-37-52/227-openroad-staprepnr'…
Starting STA for the nom_tt_025C_1v80 timing corner…
Starting STA for the nom_ss_100C_1v60 timing corner…
Starting STA for the nom_ff_n40C_1v95 timing corner…
Skipping corner min_tt_025C_1v80 for STA (identical to nom_tt_025C_1v80 at this stage)…
Skipping corner min_ss_100C_1v60 for STA (identical to nom_ss_100C_1v60 at this stage)…
Skipping corner min_ff_n40C_1v95 for STA (identical to nom_ff_n40C_1v95 at this stage)…
Skipping corner max_tt_025C_1v80 for STA (identical to nom_tt_025C_1v80 at this stage)…
Skipping corner max_ss_100C_1v60 for STA (identical to nom_ss_100C_1v60 at this stage)…
Skipping corner max_ff_n40C_1v95 for STA (identical to nom_ff_n40C_1v95 at this stage)…
Logging subprocess to [repr.filename]'runs/RUN_2026-08-22_09-37-52/227-openroad-staprepnr/nom_ss_100C_1v60/sta.log'[/repr.filename]…
Logging subprocess to [repr.filename]'runs/RUN_2026-08-22_09-37-52/227-openroad-staprepnr/nom_tt_025C_1v80/sta.log'[/repr.filename]…
Logging subprocess to [repr.filename]'runs/RUN_2026-08-22_09-37-52/227-openroad-staprepnr/nom_ff_n40C_1v95/sta.log'[/repr.filename]…
Finished STA for the nom_ss_100C_1v60 timing corner.
Finished STA for the nom_ff_n40C_1v95 timing corner.
Finished STA for the nom_tt_025C_1v80 timing corner.
Running 'OpenROAD.Floorplan' at 'runs/RUN_2026-08-22_09-37-52/228-openroad-floorplan'…
Logging subprocess to [repr.filename]'runs/RUN_2026-08-22_09-37-52/228-openroad-floorplan/openroad-floorplan.log'[/repr.filename]…
Running 'OpenROAD.DumpRCValues' at 'runs/RUN_2026-08-22_09-37-52/229-openroad-dumprcvalues'…
Logging subprocess to [repr.filename]'runs/RUN_2026-08-22_09-37-52/229-openroad-dumprcvalues/openroad-dumprcvalues.log'[/repr.filename]…
Running 'Odb.CheckMacroAntennaProperties' at 'runs/RUN_2026-08-22_09-37-52/230-odb-checkmacroantennaproperties'…
No cells provided, skipping 'Odb.CheckMacroAntennaProperties'…
Running 'Odb.SetPowerConnections' at 'runs/RUN_2026-08-22_09-37-52/231-odb-setpowerconnections'…
Logging subprocess to [repr.filename]'runs/RUN_2026-08-22_09-37-52/231-odb-setpowerconnections/odb-setpowerconnections.log'[/repr.filename]…
Running 'Odb.ManualMacroPlacement' at 'runs/RUN_2026-08-22_09-37-52/232-odb-manualmacroplacement'…
No instances found, skipping 'Odb.ManualMacroPlacement'…
Running 'OpenROAD.CutRows' at 'runs/RUN_2026-08-22_09-37-52/233-openroad-cutrows'…
Logging subprocess to [repr.filename]'runs/RUN_2026-08-22_09-37-52/233-openroad-cutrows/openroad-cutrows.log'[/repr.filename]…
Running 'OpenROAD.TapEndcapInsertion' at 'runs/RUN_2026-08-22_09-37-52/234-openroad-tapendcapinsertion'…
Logging subprocess to [repr.filename]'runs/RUN_2026-08-22_09-37-52/234-openroad-tapendcapinsertion/openroad-tapendcapinsertion.log'[/repr.filename]…
Running 'Odb.AddPDNObstructions' at 'runs/RUN_2026-08-22_09-37-52/235-odb-addpdnobstructions'…
'PDN_OBSTRUCTIONS' is not defined. Skipping 'Odb.AddPDNObstructions'…
Running 'OpenROAD.GeneratePDN' at 'runs/RUN_2026-08-22_09-37-52/236-openroad-generatepdn'…
'PDN_CFG' not explicitly set, setting it to /nix/store/5jsqcdxd774ydqqjk8zkw3zk47dxbryb-python3-3.13.9-env/lib/python3.13/site-packages/librelane/scripts/openroad/common/pdn_cfg.tcl…
Logging subprocess to [repr.filename]'runs/RUN_2026-08-22_09-37-52/236-openroad-generatepdn/openroad-generatepdn.log'[/repr.filename]…
[PDN-0239] Ring shape falls outside the die bounds.
Running 'Odb.RemovePDNObstructions' at 'runs/RUN_2026-08-22_09-37-52/237-odb-removepdnobstructions'…
'PDN_OBSTRUCTIONS' is not defined. Skipping 'Odb.RemovePDNObstructions'…
Running 'Odb.AddRoutingObstructions' at 'runs/RUN_2026-08-22_09-37-52/238-odb-addroutingobstructions'…
'ROUTING_OBSTRUCTIONS' is not defined. Skipping 'Odb.AddRoutingObstructions'…
Running 'OpenROAD.GlobalPlacementSkipIO' at 'runs/RUN_2026-08-22_09-37-52/239-openroad-globalplacementskipio'…
I/O pins to be placed from /home/cl4/Desktop/training/single_cycle/pin_order.cfg. Returning state unaltered…
Running 'OpenROAD.IOPlacement' at 'runs/RUN_2026-08-22_09-37-52/240-openroad-ioplacement'…
IO_PIN_ORDER_CFG is set. Skipping 'OpenROAD.IOPlacement'…
Running 'Odb.CustomIOPlacement' at 'runs/RUN_2026-08-22_09-37-52/241-odb-customioplacement'…
Logging subprocess to [repr.filename]'runs/RUN_2026-08-22_09-37-52/241-odb-customioplacement/odb-customioplacement.log'[/repr.filename]…
Overriding minimum distance 0.1 with 0.42 for pins on side N to avoid overlap.
Running 'Odb.ApplyDEFTemplate' at 'runs/RUN_2026-08-22_09-37-52/242-odb-applydeftemplate'…
No DEF template provided, skipping 'Odb.ApplyDEFTemplate'…
Running 'OpenROAD.GlobalPlacement' at 'runs/RUN_2026-08-22_09-37-52/243-openroad-globalplacement'…
Logging subprocess to [repr.filename]'runs/RUN_2026-08-22_09-37-52/243-openroad-globalplacement/openroad-globalplacement.log'[/repr.filename]…
Running 'Odb.WriteVerilogHeader' at 'runs/RUN_2026-08-22_09-37-52/244-odb-writeverilogheader'…
Logging subprocess to [repr.filename]'runs/RUN_2026-08-22_09-37-52/244-odb-writeverilogheader/odb-writeverilogheader.log'[/repr.filename]…
Running 'Checker.PowerGridViolations' at 'runs/RUN_2026-08-22_09-37-52/245-checker-powergridviolations'…
Check for power grid violations (as reported by OpenROAD PSM- you may ignore these if LVS passes) clear.
Running 'OpenROAD.STAMidPNR' at 'runs/RUN_2026-08-22_09-37-52/246-openroad-stamidpnr'…
Logging subprocess to [repr.filename]'runs/RUN_2026-08-22_09-37-52/246-openroad-stamidpnr/openroad-stamidpnr.log'[/repr.filename]…
Running 'OpenROAD.RepairDesignPostGPL' at 'runs/RUN_2026-08-22_09-37-52/247-openroad-repairdesignpostgpl'…
Logging subprocess to [repr.filename]'runs/RUN_2026-08-22_09-37-52/247-openroad-repairdesignpostgpl/openroad-repairdesignpostgpl.log'[/repr.filename]…
[STA-1140] /home/cl4/.ciel/ciel/sky130/versions/8afc8346a57fe1ab7934ba5a6056ea8b43078e71/sky130A/libs.ref/sky130_fd_sc_hd/lib/sky130_fd_sc_hd__tt_025C_1v80.lib line 1, library sky130_fd_sc_hd__tt_025C_1v80 already exists.
[STA-1140] /home/cl4/.ciel/ciel/sky130/versions/8afc8346a57fe1ab7934ba5a6056ea8b43078e71/sky130A/libs.ref/sky130_fd_sc_hd/lib/sky130_fd_sc_hd__ff_n40C_1v95.lib line 1, library sky130_fd_sc_hd__ff_n40C_1v95 already exists.
[STA-1140] /home/cl4/.ciel/ciel/sky130/versions/8afc8346a57fe1ab7934ba5a6056ea8b43078e71/sky130A/libs.ref/sky130_fd_sc_hd/lib/sky130_fd_sc_hd__ss_100C_1v60.lib line 1, library sky130_fd_sc_hd__ss_100C_1v60 already exists.
[STA-1140] /home/cl4/.ciel/ciel/sky130/versions/8afc8346a57fe1ab7934ba5a6056ea8b43078e71/sky130A/libs.ref/sky130_fd_sc_hd/lib/sky130_fd_sc_hd__tt_025C_1v80.lib line 1, library sky130_fd_sc_hd__tt_025C_1v80 already exists.
[STA-1140] /home/cl4/.ciel/ciel/sky130/versions/8afc8346a57fe1ab7934ba5a6056ea8b43078e71/sky130A/libs.ref/sky130_fd_sc_hd/lib/sky130_fd_sc_hd__ss_100C_1v60.lib line 1, library sky130_fd_sc_hd__ss_100C_1v60 already exists.
[STA-1140] /home/cl4/.ciel/ciel/sky130/versions/8afc8346a57fe1ab7934ba5a6056ea8b43078e71/sky130A/libs.ref/sky130_fd_sc_hd/lib/sky130_fd_sc_hd__ff_n40C_1v95.lib line 1, library sky130_fd_sc_hd__ff_n40C_1v95 already exists.
[RSZ-0020] found 2 floating nets.
Running 'Odb.ManualGlobalPlacement' at 'runs/RUN_2026-08-22_09-37-52/248-odb-manualglobalplacement'…
'MANUAL_GLOBAL_PLACEMENTS' not set. Skipping 'Odb.ManualGlobalPlacement'…
Running 'OpenROAD.DetailedPlacement' at 'runs/RUN_2026-08-22_09-37-52/249-openroad-detailedplacement'…
Logging subprocess to [repr.filename]'runs/RUN_2026-08-22_09-37-52/249-openroad-detailedplacement/openroad-detailedplacement.log'[/repr.filename]…
Running 'OpenROAD.CTS' at 'runs/RUN_2026-08-22_09-37-52/250-openroad-cts'…
Logging subprocess to [repr.filename]'runs/RUN_2026-08-22_09-37-52/250-openroad-cts/openroad-cts.log'[/repr.filename]…
[STA-1140] /home/cl4/.ciel/ciel/sky130/versions/8afc8346a57fe1ab7934ba5a6056ea8b43078e71/sky130A/libs.ref/sky130_fd_sc_hd/lib/sky130_fd_sc_hd__tt_025C_1v80.lib line 1, library sky130_fd_sc_hd__tt_025C_1v80 already exists.
[STA-1140] /home/cl4/.ciel/ciel/sky130/versions/8afc8346a57fe1ab7934ba5a6056ea8b43078e71/sky130A/libs.ref/sky130_fd_sc_hd/lib/sky130_fd_sc_hd__ff_n40C_1v95.lib line 1, library sky130_fd_sc_hd__ff_n40C_1v95 already exists.
[STA-1140] /home/cl4/.ciel/ciel/sky130/versions/8afc8346a57fe1ab7934ba5a6056ea8b43078e71/sky130A/libs.ref/sky130_fd_sc_hd/lib/sky130_fd_sc_hd__ss_100C_1v60.lib line 1, library sky130_fd_sc_hd__ss_100C_1v60 already exists.
[STA-1140] /home/cl4/.ciel/ciel/sky130/versions/8afc8346a57fe1ab7934ba5a6056ea8b43078e71/sky130A/libs.ref/sky130_fd_sc_hd/lib/sky130_fd_sc_hd__tt_025C_1v80.lib line 1, library sky130_fd_sc_hd__tt_025C_1v80 already exists.
[STA-1140] /home/cl4/.ciel/ciel/sky130/versions/8afc8346a57fe1ab7934ba5a6056ea8b43078e71/sky130A/libs.ref/sky130_fd_sc_hd/lib/sky130_fd_sc_hd__ss_100C_1v60.lib line 1, library sky130_fd_sc_hd__ss_100C_1v60 already exists.
[STA-1140] /home/cl4/.ciel/ciel/sky130/versions/8afc8346a57fe1ab7934ba5a6056ea8b43078e71/sky130A/libs.ref/sky130_fd_sc_hd/lib/sky130_fd_sc_hd__ff_n40C_1v95.lib line 1, library sky130_fd_sc_hd__ff_n40C_1v95 already exists.
Running 'OpenROAD.STAMidPNR-1' at 'runs/RUN_2026-08-22_09-37-52/251-openroad-stamidpnr-1'…
Logging subprocess to [repr.filename]'runs/RUN_2026-08-22_09-37-52/251-openroad-stamidpnr-1/openroad-stamidpnr-1.log'[/repr.filename]…
Running 'OpenROAD.ResizerTimingPostCTS' at 'runs/RUN_2026-08-22_09-37-52/252-openroad-resizertimingpostcts'…
Logging subprocess to [repr.filename]'runs/RUN_2026-08-22_09-37-52/252-openroad-resizertimingpostcts/openroad-resizertimingpostcts.log'[/repr.filename]…
[STA-1140] /home/cl4/.ciel/ciel/sky130/versions/8afc8346a57fe1ab7934ba5a6056ea8b43078e71/sky130A/libs.ref/sky130_fd_sc_hd/lib/sky130_fd_sc_hd__tt_025C_1v80.lib line 1, library sky130_fd_sc_hd__tt_025C_1v80 already exists.
[STA-1140] /home/cl4/.ciel/ciel/sky130/versions/8afc8346a57fe1ab7934ba5a6056ea8b43078e71/sky130A/libs.ref/sky130_fd_sc_hd/lib/sky130_fd_sc_hd__ff_n40C_1v95.lib line 1, library sky130_fd_sc_hd__ff_n40C_1v95 already exists.
[STA-1140] /home/cl4/.ciel/ciel/sky130/versions/8afc8346a57fe1ab7934ba5a6056ea8b43078e71/sky130A/libs.ref/sky130_fd_sc_hd/lib/sky130_fd_sc_hd__ss_100C_1v60.lib line 1, library sky130_fd_sc_hd__ss_100C_1v60 already exists.
[STA-1140] /home/cl4/.ciel/ciel/sky130/versions/8afc8346a57fe1ab7934ba5a6056ea8b43078e71/sky130A/libs.ref/sky130_fd_sc_hd/lib/sky130_fd_sc_hd__tt_025C_1v80.lib line 1, library sky130_fd_sc_hd__tt_025C_1v80 already exists.
[STA-1140] /home/cl4/.ciel/ciel/sky130/versions/8afc8346a57fe1ab7934ba5a6056ea8b43078e71/sky130A/libs.ref/sky130_fd_sc_hd/lib/sky130_fd_sc_hd__ss_100C_1v60.lib line 1, library sky130_fd_sc_hd__ss_100C_1v60 already exists.
[STA-1140] /home/cl4/.ciel/ciel/sky130/versions/8afc8346a57fe1ab7934ba5a6056ea8b43078e71/sky130A/libs.ref/sky130_fd_sc_hd/lib/sky130_fd_sc_hd__ff_n40C_1v95.lib line 1, library sky130_fd_sc_hd__ff_n40C_1v95 already exists.
Running 'OpenROAD.STAMidPNR-2' at 'runs/RUN_2026-08-22_09-37-52/253-openroad-stamidpnr-2'…
Logging subprocess to [repr.filename]'runs/RUN_2026-08-22_09-37-52/253-openroad-stamidpnr-2/openroad-stamidpnr-2.log'[/repr.filename]…
Running 'OpenROAD.GlobalRouting' at 'runs/RUN_2026-08-22_09-37-52/254-openroad-globalrouting'…
Logging subprocess to [repr.filename]'runs/RUN_2026-08-22_09-37-52/254-openroad-globalrouting/openroad-globalrouting.log'[/repr.filename]…
[GRT-0041] Net VPWR has wires/vias outside die area.
[GRT-0041] Net VPWR has wires/vias outside die area.
[GRT-0041] Net VPWR has wires/vias outside die area.
[GRT-0041] Net VPWR has wires/vias outside die area.
[GRT-0041] Net VPWR has wires/vias outside die area.
[GRT-0041] Net VPWR has wires/vias outside die area.
[GRT-0041] Net VPWR has wires/vias outside die area.
[GRT-0041] Net VPWR has wires/vias outside die area.
[GRT-0041] Net VPWR has wires/vias outside die area.
[GRT-0041] Net VPWR has wires/vias outside die area.
[GRT-0041] Net VPWR has wires/vias outside die area.
[GRT-0041] Net VPWR has wires/vias outside die area.
[GRT-0041] Net VPWR has wires/vias outside die area.
[GRT-0041] Net VPWR has wires/vias outside die area.
[GRT-0041] Net VPWR has wires/vias outside die area.
[GRT-0041] Net VPWR has wires/vias outside die area.
[GRT-0041] Net VPWR has wires/vias outside die area.
[GRT-0041] Net VPWR has wires/vias outside die area.
[GRT-0041] Net VPWR has wires/vias outside die area.
[GRT-0041] Net VPWR has wires/vias outside die area.
[GRT-0041] Net VPWR has wires/vias outside die area.
[GRT-0041] Net VPWR has wires/vias outside die area.
[GRT-0041] Net VPWR has wires/vias outside die area.
[GRT-0041] Net VPWR has wires/vias outside die area.
[GRT-0041] Net VPWR has wires/vias outside die area.
[GRT-0041] Net VPWR has wires/vias outside die area.
[GRT-0041] Net VPWR has wires/vias outside die area.
[GRT-0041] Net VPWR has wires/vias outside die area.
[GRT-0041] Net VPWR has wires/vias outside die area.
[GRT-0041] Net VPWR has wires/vias outside die area.
[GRT-0041] Net VPWR has wires/vias outside die area.
[GRT-0041] Net VPWR has wires/vias outside die area.
[GRT-0041] Net VPWR has wires/vias outside die area.
[GRT-0041] Net VPWR has wires/vias outside die area.
[GRT-0041] Net VPWR has wires/vias outside die area.
[GRT-0041] Net VPWR has wires/vias outside die area.
[GRT-0041] Net VPWR has wires/vias outside die area.
[GRT-0041] Net VPWR has wires/vias outside die area.
[GRT-0041] Net VPWR has wires/vias outside die area.
[GRT-0041] Net VPWR has wires/vias outside die area.
[GRT-0041] Net VPWR has wires/vias outside die area.
[GRT-0041] Net VPWR has wires/vias outside die area.
[GRT-0041] Net VPWR has wires/vias outside die area.
[GRT-0041] Net VPWR has wires/vias outside die area.
[GRT-0041] Net VPWR has wires/vias outside die area.
[GRT-0041] Net VPWR has wires/vias outside die area.
[GRT-0041] Net VPWR has wires/vias outside die area.
[GRT-0041] Net VPWR has wires/vias outside die area.
[GRT-0041] Net VPWR has wires/vias outside die area.
[GRT-0041] Net VPWR has wires/vias outside die area.
[GRT-0041] Net VPWR has wires/vias outside die area.
[GRT-0041] Net VPWR has wires/vias outside die area.
[GRT-0041] Net VPWR has wires/vias outside die area.
[GRT-0041] Net VPWR has wires/vias outside die area.
[GRT-0041] Net VPWR has wires/vias outside die area.
[GRT-0041] Net VPWR has wires/vias outside die area.
[GRT-0041] Net VPWR has wires/vias outside die area.
[GRT-0041] Net VPWR has wires/vias outside die area.
[GRT-0041] Net VPWR has wires/vias outside die area.
[GRT-0041] Net VPWR has wires/vias outside die area.
[GRT-0041] Net VPWR has wires/vias outside die area.
[GRT-0041] Net VPWR has wires/vias outside die area.
[GRT-0041] Net VPWR has wires/vias outside die area.
[GRT-0041] Net VPWR has wires/vias outside die area.
[GRT-0041] Net VPWR has wires/vias outside die area.
[GRT-0041] Net VPWR has wires/vias outside die area.
[GRT-0041] Net VPWR has wires/vias outside die area.
[GRT-0041] Net VPWR has wires/vias outside die area.
[GRT-0041] Net VPWR has wires/vias outside die area.
[GRT-0041] Net VPWR has wires/vias outside die area.
[GRT-0041] Net VPWR has wires/vias outside die area.
[GRT-0041] Net VPWR has wires/vias outside die area.
[GRT-0041] Net VPWR has wires/vias outside die area.
[GRT-0041] Net VPWR has wires/vias outside die area.
[GRT-0041] Net VPWR has wires/vias outside die area.
[GRT-0041] Net VPWR has wires/vias outside die area.
[GRT-0041] Net VPWR has wires/vias outside die area.
[GRT-0041] Net VPWR has wires/vias outside die area.
[GRT-0041] Net VGND has wires/vias outside die area.
[GRT-0041] Net VGND has wires/vias outside die area.
[GRT-0041] Net VGND has wires/vias outside die area.
[GRT-0041] Net VGND has wires/vias outside die area.
[GRT-0041] Net VGND has wires/vias outside die area.
[GRT-0041] Net VGND has wires/vias outside die area.
[GRT-0041] Net VGND has wires/vias outside die area.
[GRT-0041] Net VGND has wires/vias outside die area.
[GRT-0041] Net VGND has wires/vias outside die area.
[GRT-0041] Net VGND has wires/vias outside die area.
[GRT-0041] Net VGND has wires/vias outside die area.
[GRT-0041] Net VGND has wires/vias outside die area.
[GRT-0041] Net VGND has wires/vias outside die area.
[GRT-0041] Net VGND has wires/vias outside die area.
[GRT-0041] Net VGND has wires/vias outside die area.
[GRT-0041] Net VGND has wires/vias outside die area.
[GRT-0041] Net VGND has wires/vias outside die area.
[GRT-0041] Net VGND has wires/vias outside die area.
[GRT-0041] Net VGND has wires/vias outside die area.
[GRT-0041] Net VGND has wires/vias outside die area.
[GRT-0041] Net VGND has wires/vias outside die area.
[GRT-0041] Net VGND has wires/vias outside die area.
[GRT-0041] Net VGND has wires/vias outside die area.
[GRT-0041] Net VGND has wires/vias outside die area.
[GRT-0041] Net VGND has wires/vias outside die area.
[GRT-0041] Net VGND has wires/vias outside die area.
[GRT-0041] Net VGND has wires/vias outside die area.
[GRT-0041] Net VGND has wires/vias outside die area.
[GRT-0041] Net VGND has wires/vias outside die area.
[GRT-0041] Net VGND has wires/vias outside die area.
[GRT-0041] Net VGND has wires/vias outside die area.
[GRT-0041] Net VGND has wires/vias outside die area.
[GRT-0041] Net VGND has wires/vias outside die area.
[GRT-0041] Net VGND has wires/vias outside die area.
[GRT-0041] Net VGND has wires/vias outside die area.
[GRT-0041] Net VGND has wires/vias outside die area.
[GRT-0041] Net VGND has wires/vias outside die area.
[GRT-0041] Net VGND has wires/vias outside die area.
[GRT-0041] Net VGND has wires/vias outside die area.
[GRT-0041] Net VGND has wires/vias outside die area.
[GRT-0041] Net VGND has wires/vias outside die area.
[GRT-0041] Net VGND has wires/vias outside die area.
[GRT-0041] Net VGND has wires/vias outside die area.
[GRT-0041] Net VGND has wires/vias outside die area.
[GRT-0041] Net VGND has wires/vias outside die area.
[GRT-0041] Net VGND has wires/vias outside die area.
[GRT-0041] Net VGND has wires/vias outside die area.
[GRT-0041] Net VGND has wires/vias outside die area.
[GRT-0041] Net VGND has wires/vias outside die area.
[GRT-0041] Net VGND has wires/vias outside die area.
[GRT-0041] Net VGND has wires/vias outside die area.
[GRT-0041] Net VGND has wires/vias outside die area.
[GRT-0041] Net VGND has wires/vias outside die area.
[GRT-0041] Net VGND has wires/vias outside die area.
[GRT-0041] Net VGND has wires/vias outside die area.
[GRT-0041] Net VGND has wires/vias outside die area.
[GRT-0041] Net VGND has wires/vias outside die area.
[GRT-0041] Net VGND has wires/vias outside die area.
[GRT-0041] Net VGND has wires/vias outside die area.
[GRT-0041] Net VGND has wires/vias outside die area.
[GRT-0041] Net VGND has wires/vias outside die area.
[GRT-0041] Net VGND has wires/vias outside die area.
[GRT-0041] Net VGND has wires/vias outside die area.
[GRT-0041] Net VGND has wires/vias outside die area.
[GRT-0041] Net VGND has wires/vias outside die area.
[GRT-0041] Net VGND has wires/vias outside die area.
[GRT-0041] Net VGND has wires/vias outside die area.
[GRT-0041] Net VGND has wires/vias outside die area.
[GRT-0041] Net VGND has wires/vias outside die area.
[GRT-0041] Net VGND has wires/vias outside die area.
[GRT-0041] Net VGND has wires/vias outside die area.
[GRT-0041] Net VGND has wires/vias outside die area.
[GRT-0041] Net VGND has wires/vias outside die area.
[GRT-0041] Net VGND has wires/vias outside die area.
[GRT-0041] Net VGND has wires/vias outside die area.
[GRT-0041] Net VGND has wires/vias outside die area.
[GRT-0041] Net VGND has wires/vias outside die area.
[GRT-0041] Net VGND has wires/vias outside die area.
[GRT-0041] Net VGND has wires/vias outside die area.
[GRT-0041] Net VGND has wires/vias outside die area.
[GRT-0041] Net VGND has wires/vias outside die area.
[GRT-0041] Net VGND has wires/vias outside die area.
[GRT-0041] Net VGND has wires/vias outside die area.
[GRT-0041] Net VGND has wires/vias outside die area.
[GRT-0041] Net VGND has wires/vias outside die area.
[GRT-0041] Net VGND has wires/vias outside die area.
[GRT-0041] Net VGND has wires/vias outside die area.
[GRT-0041] Net VGND has wires/vias outside die area.
[GRT-0041] Net VGND has wires/vias outside die area.
Running 'OpenROAD.CheckAntennas' at 'runs/RUN_2026-08-22_09-37-52/255-openroad-checkantennas'…
Logging subprocess to [repr.filename]'runs/RUN_2026-08-22_09-37-52/255-openroad-checkantennas/openroad-checkantennas.log'[/repr.filename]…
Gating variable for step 'OpenROAD.RepairDesignPostGRT' set to 'False'- the step will be skipped.
Skipping step 'Repair Design (Post-Global Routing)'…
Running 'Odb.DiodesOnPorts' at 'runs/RUN_2026-08-22_09-37-52/256-odb-diodesonports'…
'DIODE_ON_PORTS' is set to 'none': skipping 'Odb.DiodesOnPorts'…
Gating variable for step 'Odb.HeuristicDiodeInsertion' set to 'False'- the step will be skipped.
Skipping step 'Heuristic Diode Insertion'…
Running 'OpenROAD.RepairAntennas' at 'runs/RUN_2026-08-22_09-37-52/257-openroad-repairantennas'…
Running 'OpenROAD.DiodeInsertion' at 'runs/RUN_2026-08-22_09-37-52/257-openroad-repairantennas/1-openroad-diodeinsertion'…
Logging subprocess to [repr.filename]'runs/RUN_2026-08-22_09-37-52/257-openroad-repairantennas/1-openroad-diodeinsertion/openroad-diodeinsertion.log'[/repr.filename]…
Running 'OpenROAD.CheckAntennas' at 'runs/RUN_2026-08-22_09-37-52/257-openroad-repairantennas/2-openroad-checkantennas'…
Logging subprocess to [repr.filename]'runs/RUN_2026-08-22_09-37-52/257-openroad-repairantennas/2-openroad-checkantennas/openroad-checkantennas.log'[/repr.filename]…
Gating variable for step 'OpenROAD.ResizerTimingPostGRT' set to 'False'- the step will be skipped.
Skipping step 'Resizer Timing Optimizations (Post-Global Routing)'…
Running 'OpenROAD.STAMidPNR-3' at 'runs/RUN_2026-08-22_09-37-52/258-openroad-stamidpnr-3'…
Logging subprocess to [repr.filename]'runs/RUN_2026-08-22_09-37-52/258-openroad-stamidpnr-3/openroad-stamidpnr-3.log'[/repr.filename]…
Running 'OpenROAD.DetailedRouting' at 'runs/RUN_2026-08-22_09-37-52/259-openroad-detailedrouting'…
Running TritonRoute with 12 threads…
Logging subprocess to [repr.filename]'runs/RUN_2026-08-22_09-37-52/259-openroad-detailedrouting/openroad-detailedrouting.log'[/repr.filename]…
[DRT-0349] LEF58_ENCLOSURE with no CUTCLASS is not supported. Skipping for layer mcon
[DRT-0349] LEF58_ENCLOSURE with no CUTCLASS is not supported. Skipping for layer mcon
[DRT-0349] LEF58_ENCLOSURE with no CUTCLASS is not supported. Skipping for layer via
[DRT-0349] LEF58_ENCLOSURE with no CUTCLASS is not supported. Skipping for layer via
[DRT-0349] LEF58_ENCLOSURE with no CUTCLASS is not supported. Skipping for layer via2
[DRT-0349] LEF58_ENCLOSURE with no CUTCLASS is not supported. Skipping for layer via2
[DRT-0349] LEF58_ENCLOSURE with no CUTCLASS is not supported. Skipping for layer via3
[DRT-0349] LEF58_ENCLOSURE with no CUTCLASS is not supported. Skipping for layer via3
[DRT-0349] LEF58_ENCLOSURE with no CUTCLASS is not supported. Skipping for layer via4
[DRT-0349] LEF58_ENCLOSURE with no CUTCLASS is not supported. Skipping for layer via4
Running 'Odb.RemoveRoutingObstructions' at 'runs/RUN_2026-08-22_09-37-52/260-odb-removeroutingobstructions'…
'ROUTING_OBSTRUCTIONS' is not defined. Skipping 'Odb.RemoveRoutingObstructions'…
Running 'OpenROAD.CheckAntennas-1' at 'runs/RUN_2026-08-22_09-37-52/261-openroad-checkantennas-1'…
Logging subprocess to [repr.filename]'runs/RUN_2026-08-22_09-37-52/261-openroad-checkantennas-1/openroad-checkantennas-1.log'[/repr.filename]…
Running 'Checker.TrDRC' at 'runs/RUN_2026-08-22_09-37-52/262-checker-trdrc'…
Check for Routing DRC errors clear.
Running 'Odb.ReportDisconnectedPins' at 'runs/RUN_2026-08-22_09-37-52/263-odb-reportdisconnectedpins'…
Logging subprocess to [repr.filename]'runs/RUN_2026-08-22_09-37-52/263-odb-reportdisconnectedpins/odb-reportdisconnectedpins.log'[/repr.filename]…
Running 'Checker.DisconnectedPins' at 'runs/RUN_2026-08-22_09-37-52/264-checker-disconnectedpins'…
Check for critical disconnected pins clear.
Running 'Odb.ReportWireLength' at 'runs/RUN_2026-08-22_09-37-52/265-odb-reportwirelength'…
Logging subprocess to [repr.filename]'runs/RUN_2026-08-22_09-37-52/265-odb-reportwirelength/odb-reportwirelength.log'[/repr.filename]…
Running 'Checker.WireLength' at 'runs/RUN_2026-08-22_09-37-52/266-checker-wirelength'…
Threshold for Threshold-surpassing long wires is not set. The checker will be skipped.
Running 'OpenROAD.FillInsertion' at 'runs/RUN_2026-08-22_09-37-52/267-openroad-fillinsertion'…
Logging subprocess to [repr.filename]'runs/RUN_2026-08-22_09-37-52/267-openroad-fillinsertion/openroad-fillinsertion.log'[/repr.filename]…
Running 'Odb.CellFrequencyTables' at 'runs/RUN_2026-08-22_09-37-52/268-odb-cellfrequencytables'…
Logging subprocess to [repr.filename]'runs/RUN_2026-08-22_09-37-52/268-odb-cellfrequencytables/buffer_list.txt'[/repr.filename]…
Logging subprocess to [repr.filename]'runs/RUN_2026-08-22_09-37-52/268-odb-cellfrequencytables/odb-cellfrequencytables.log'[/repr.filename]…
Running 'OpenROAD.RCX' at 'runs/RUN_2026-08-22_09-37-52/269-openroad-rcx'…
Running RCX for corners matching nom_* (/home/cl4/Desktop/training/single_cycle/runs/RUN_2026-08-22_09-37-52/269-openroad-rcx/nom/rcx.log)…
Running RCX for corners matching min_* (/home/cl4/Desktop/training/single_cycle/runs/RUN_2026-08-22_09-37-52/269-openroad-rcx/min/rcx.log)…
Running RCX for corners matching max_* (/home/cl4/Desktop/training/single_cycle/runs/RUN_2026-08-22_09-37-52/269-openroad-rcx/max/rcx.log)…
Logging subprocess to [repr.filename]'runs/RUN_2026-08-22_09-37-52/269-openroad-rcx/min/rcx.log'[/repr.filename]…
Logging subprocess to [repr.filename]'runs/RUN_2026-08-22_09-37-52/269-openroad-rcx/nom/rcx.log'[/repr.filename]…
Logging subprocess to [repr.filename]'runs/RUN_2026-08-22_09-37-52/269-openroad-rcx/max/rcx.log'[/repr.filename]…
Finished RCX for corners matching nom_*.
Finished RCX for corners matching min_*.
Finished RCX for corners matching max_*.
Running 'OpenROAD.STAPostPNR' at 'runs/RUN_2026-08-22_09-37-52/270-openroad-stapostpnr'…
Starting STA for the nom_tt_025C_1v80 timing corner…
Starting STA for the nom_ss_100C_1v60 timing corner…
Starting STA for the nom_ff_n40C_1v95 timing corner…
Starting STA for the min_tt_025C_1v80 timing corner…
Starting STA for the min_ss_100C_1v60 timing corner…
Starting STA for the min_ff_n40C_1v95 timing corner…
Logging subprocess to [repr.filename]'runs/RUN_2026-08-22_09-37-52/270-openroad-stapostpnr/nom_tt_025C_1v80/sta.log'[/repr.filename]…
Logging subprocess to [repr.filename]'runs/RUN_2026-08-22_09-37-52/270-openroad-stapostpnr/nom_ss_100C_1v60/sta.log'[/repr.filename]…
Starting STA for the max_tt_025C_1v80 timing corner…
Logging subprocess to [repr.filename]'runs/RUN_2026-08-22_09-37-52/270-openroad-stapostpnr/nom_ff_n40C_1v95/sta.log'[/repr.filename]…
Logging subprocess to [repr.filename]'runs/RUN_2026-08-22_09-37-52/270-openroad-stapostpnr/min_tt_025C_1v80/sta.log'[/repr.filename]…
Starting STA for the max_ss_100C_1v60 timing corner…
Starting STA for the max_ff_n40C_1v95 timing corner…
Logging subprocess to [repr.filename]'runs/RUN_2026-08-22_09-37-52/270-openroad-stapostpnr/min_ss_100C_1v60/sta.log'[/repr.filename]…
Logging subprocess to [repr.filename]'runs/RUN_2026-08-22_09-37-52/270-openroad-stapostpnr/min_ff_n40C_1v95/sta.log'[/repr.filename]…
Logging subprocess to [repr.filename]'runs/RUN_2026-08-22_09-37-52/270-openroad-stapostpnr/max_tt_025C_1v80/sta.log'[/repr.filename]…
Logging subprocess to [repr.filename]'runs/RUN_2026-08-22_09-37-52/270-openroad-stapostpnr/max_ss_100C_1v60/sta.log'[/repr.filename]…
Logging subprocess to [repr.filename]'runs/RUN_2026-08-22_09-37-52/270-openroad-stapostpnr/max_ff_n40C_1v95/sta.log'[/repr.filename]…
Finished STA for the nom_ff_n40C_1v95 timing corner.
Logging subprocess to [repr.filename]'runs/RUN_2026-08-22_09-37-52/270-openroad-stapostpnr/nom_ff_n40C_1v95/filter_unannotated.log'[/repr.filename]…
Finished STA for the min_ss_100C_1v60 timing corner.
Logging subprocess to [repr.filename]'runs/RUN_2026-08-22_09-37-52/270-openroad-stapostpnr/min_ss_100C_1v60/filter_unannotated.log'[/repr.filename]…
Finished STA for the nom_tt_025C_1v80 timing corner.
Logging subprocess to [repr.filename]'runs/RUN_2026-08-22_09-37-52/270-openroad-stapostpnr/nom_tt_025C_1v80/filter_unannotated.log'[/repr.filename]…
Finished STA for the max_tt_025C_1v80 timing corner.
Logging subprocess to [repr.filename]'runs/RUN_2026-08-22_09-37-52/270-openroad-stapostpnr/max_tt_025C_1v80/filter_unannotated.log'[/repr.filename]…
Finished STA for the min_tt_025C_1v80 timing corner.
Logging subprocess to [repr.filename]'runs/RUN_2026-08-22_09-37-52/270-openroad-stapostpnr/min_tt_025C_1v80/filter_unannotated.log'[/repr.filename]…
Finished STA for the max_ff_n40C_1v95 timing corner.
Logging subprocess to [repr.filename]'runs/RUN_2026-08-22_09-37-52/270-openroad-stapostpnr/max_ff_n40C_1v95/filter_unannotated.log'[/repr.filename]…
Finished STA for the max_ss_100C_1v60 timing corner.
Logging subprocess to [repr.filename]'runs/RUN_2026-08-22_09-37-52/270-openroad-stapostpnr/max_ss_100C_1v60/filter_unannotated.log'[/repr.filename]…
Finished STA for the min_ff_n40C_1v95 timing corner.
Logging subprocess to [repr.filename]'runs/RUN_2026-08-22_09-37-52/270-openroad-stapostpnr/min_ff_n40C_1v95/filter_unannotated.log'[/repr.filename]…
Finished STA for the nom_ss_100C_1v60 timing corner.
Logging subprocess to [repr.filename]'runs/RUN_2026-08-22_09-37-52/270-openroad-stapostpnr/nom_ss_100C_1v60/filter_unannotated.log'[/repr.filename]…
Skipping step 'IR Drop Report'…
Skipping step 'GDSII Stream Out (Magic)'…
Skipping step 'GDSII Stream Out (KLayout)'…
Skipping step 'Render Image (w/ KLayout)'…
Skipping step 'Write LEF (Magic)'…
Skipping step 'Check Antenna Properties of Pins in The Generated Design LEF view'…
Skipping step 'KLayout vs. Magic XOR'…
Skipping step 'XOR Difference Checker'…
Skipping step 'DRC'…
Skipping step 'Design Rule Check (KLayout)'…
Skipping step 'Magic DRC Checker'…
Skipping step 'KLayout DRC Checker'…
Skipping step 'SPICE Extraction'…
Skipping step 'Illegal Overlap Checker'…
Skipping step 'Netgen LVS'…
Skipping step 'LVS Error Checker'…
Gating variable for step 'Yosys.EQY' set to 'False'- the step will be skipped.
Skipping step 'Equivalence Check'…
Skipping step 'Setup Timing Violations Checker'…
Skipping step 'Hold Timing Violations Checker'…
Skipping step 'Max Slew Violations Checker'…
Skipping step 'Max Cap Violations Checker'…
Skipping step 'Report Manufacturability'…
Saving views to '/home/cl4/Desktop/training/single_cycle/runs/RUN_2026-08-22_09-37-52/final'…
Flow complete.
Starting…
Running 'Verilator.Lint' at 'runs/RUN_2026-08-22_09-37-52/271-verilator-lint'…
Logging subprocess to [repr.filename]'runs/RUN_2026-08-22_09-37-52/271-verilator-lint/verilator-lint.log'[/repr.filename]…
Running 'Checker.LintTimingConstructs' at 'runs/RUN_2026-08-22_09-37-52/272-checker-linttimingconstructs'…
Check for Lint Timing Errors clear.
Running 'Checker.LintErrors' at 'runs/RUN_2026-08-22_09-37-52/273-checker-linterrors'…
Check for Lint errors clear.
Running 'Checker.LintWarnings' at 'runs/RUN_2026-08-22_09-37-52/274-checker-lintwarnings'…
449 Lint warnings found.
Running 'Yosys.JsonHeader' at 'runs/RUN_2026-08-22_09-37-52/275-yosys-jsonheader'…
Logging subprocess to [repr.filename]'runs/RUN_2026-08-22_09-37-52/275-yosys-jsonheader/yosys-jsonheader.log'[/repr.filename]…
Running 'Yosys.Synthesis' at 'runs/RUN_2026-08-22_09-37-52/276-yosys-synthesis'…
Logging subprocess to [repr.filename]'runs/RUN_2026-08-22_09-37-52/276-yosys-synthesis/yosys-synthesis.log'[/repr.filename]…
Parsing synthesis checks…
Running 'Checker.YosysUnmappedCells' at 'runs/RUN_2026-08-22_09-37-52/277-checker-yosysunmappedcells'…
Check for Unmapped Yosys instances clear.
Running 'Checker.YosysSynthChecks' at 'runs/RUN_2026-08-22_09-37-52/278-checker-yosyssynthchecks'…
Check for Yosys check errors clear.
Running 'Checker.NetlistAssignStatements' at 'runs/RUN_2026-08-22_09-37-52/279-checker-netlistassignstatements'…
Running 'OpenROAD.CheckSDCFiles' at 'runs/RUN_2026-08-22_09-37-52/280-openroad-checksdcfiles'…
Running 'OpenROAD.CheckMacroInstances' at 'runs/RUN_2026-08-22_09-37-52/281-openroad-checkmacroinstances'…
No macros found, skipping instance check…
Running 'OpenROAD.STAPrePNR' at 'runs/RUN_2026-08-22_09-37-52/282-openroad-staprepnr'…
Starting STA for the nom_tt_025C_1v80 timing corner…
Starting STA for the nom_ss_100C_1v60 timing corner…
Starting STA for the nom_ff_n40C_1v95 timing corner…
Starting STA for the min_tt_025C_1v80 timing corner…
Starting STA for the min_ss_100C_1v60 timing corner…
Starting STA for the min_ff_n40C_1v95 timing corner…
Starting STA for the max_tt_025C_1v80 timing corner…
Starting STA for the max_ss_100C_1v60 timing corner…
Starting STA for the max_ff_n40C_1v95 timing corner…
Logging subprocess to [repr.filename]'runs/RUN_2026-08-22_09-37-52/282-openroad-staprepnr/nom_tt_025C_1v80/sta.log'[/repr.filename]…
Logging subprocess to [repr.filename]'runs/RUN_2026-08-22_09-37-52/282-openroad-staprepnr/nom_ff_n40C_1v95/sta.log'[/repr.filename]…
Logging subprocess to [repr.filename]'runs/RUN_2026-08-22_09-37-52/282-openroad-staprepnr/min_tt_025C_1v80/sta.log'[/repr.filename]…
Logging subprocess to [repr.filename]'runs/RUN_2026-08-22_09-37-52/282-openroad-staprepnr/min_ff_n40C_1v95/sta.log'[/repr.filename]…
Logging subprocess to [repr.filename]'runs/RUN_2026-08-22_09-37-52/282-openroad-staprepnr/nom_ss_100C_1v60/sta.log'[/repr.filename]…
Logging subprocess to [repr.filename]'runs/RUN_2026-08-22_09-37-52/282-openroad-staprepnr/min_ss_100C_1v60/sta.log'[/repr.filename]…
Logging subprocess to [repr.filename]'runs/RUN_2026-08-22_09-37-52/282-openroad-staprepnr/max_ss_100C_1v60/sta.log'[/repr.filename]…
Logging subprocess to [repr.filename]'runs/RUN_2026-08-22_09-37-52/282-openroad-staprepnr/max_tt_025C_1v80/sta.log'[/repr.filename]…
Logging subprocess to [repr.filename]'runs/RUN_2026-08-22_09-37-52/282-openroad-staprepnr/max_ff_n40C_1v95/sta.log'[/repr.filename]…
Finished STA for the min_tt_025C_1v80 timing corner.
Finished STA for the nom_ff_n40C_1v95 timing corner.
Finished STA for the min_ss_100C_1v60 timing corner.
Finished STA for the nom_ss_100C_1v60 timing corner.
Finished STA for the nom_tt_025C_1v80 timing corner.
Finished STA for the max_ss_100C_1v60 timing corner.
Finished STA for the max_tt_025C_1v80 timing corner.
Finished STA for the min_ff_n40C_1v95 timing corner.
Finished STA for the max_ff_n40C_1v95 timing corner.
Running 'OpenROAD.Floorplan' at 'runs/RUN_2026-08-22_09-37-52/283-openroad-floorplan'…
Logging subprocess to [repr.filename]'runs/RUN_2026-08-22_09-37-52/283-openroad-floorplan/openroad-floorplan.log'[/repr.filename]…
Running 'OpenROAD.DumpRCValues' at 'runs/RUN_2026-08-22_09-37-52/284-openroad-dumprcvalues'…
Logging subprocess to [repr.filename]'runs/RUN_2026-08-22_09-37-52/284-openroad-dumprcvalues/openroad-dumprcvalues.log'[/repr.filename]…
Running 'Odb.CheckMacroAntennaProperties' at 'runs/RUN_2026-08-22_09-37-52/285-odb-checkmacroantennaproperties'…
No cells provided, skipping 'Odb.CheckMacroAntennaProperties'…
Running 'Odb.SetPowerConnections' at 'runs/RUN_2026-08-22_09-37-52/286-odb-setpowerconnections'…
Logging subprocess to [repr.filename]'runs/RUN_2026-08-22_09-37-52/286-odb-setpowerconnections/odb-setpowerconnections.log'[/repr.filename]…
Running 'Odb.ManualMacroPlacement' at 'runs/RUN_2026-08-22_09-37-52/287-odb-manualmacroplacement'…
No instances found, skipping 'Odb.ManualMacroPlacement'…
Running 'OpenROAD.CutRows' at 'runs/RUN_2026-08-22_09-37-52/288-openroad-cutrows'…
Logging subprocess to [repr.filename]'runs/RUN_2026-08-22_09-37-52/288-openroad-cutrows/openroad-cutrows.log'[/repr.filename]…
Running 'OpenROAD.TapEndcapInsertion' at 'runs/RUN_2026-08-22_09-37-52/289-openroad-tapendcapinsertion'…
Logging subprocess to [repr.filename]'runs/RUN_2026-08-22_09-37-52/289-openroad-tapendcapinsertion/openroad-tapendcapinsertion.log'[/repr.filename]…
Running 'Odb.AddPDNObstructions' at 'runs/RUN_2026-08-22_09-37-52/290-odb-addpdnobstructions'…
'PDN_OBSTRUCTIONS' is not defined. Skipping 'Odb.AddPDNObstructions'…
Running 'OpenROAD.GeneratePDN' at 'runs/RUN_2026-08-22_09-37-52/291-openroad-generatepdn'…
'PDN_CFG' not explicitly set, setting it to /nix/store/5jsqcdxd774ydqqjk8zkw3zk47dxbryb-python3-3.13.9-env/lib/python3.13/site-packages/librelane/scripts/openroad/common/pdn_cfg.tcl…
Logging subprocess to [repr.filename]'runs/RUN_2026-08-22_09-37-52/291-openroad-generatepdn/openroad-generatepdn.log'[/repr.filename]…
[PDN-0239] Ring shape falls outside the die bounds.
Running 'Odb.RemovePDNObstructions' at 'runs/RUN_2026-08-22_09-37-52/292-odb-removepdnobstructions'…
'PDN_OBSTRUCTIONS' is not defined. Skipping 'Odb.RemovePDNObstructions'…
Running 'Odb.AddRoutingObstructions' at 'runs/RUN_2026-08-22_09-37-52/293-odb-addroutingobstructions'…
'ROUTING_OBSTRUCTIONS' is not defined. Skipping 'Odb.AddRoutingObstructions'…
Running 'OpenROAD.GlobalPlacementSkipIO' at 'runs/RUN_2026-08-22_09-37-52/294-openroad-globalplacementskipio'…
I/O pins to be placed from /home/cl4/Desktop/training/single_cycle/pin_order.cfg. Returning state unaltered…
Running 'OpenROAD.IOPlacement' at 'runs/RUN_2026-08-22_09-37-52/295-openroad-ioplacement'…
IO_PIN_ORDER_CFG is set. Skipping 'OpenROAD.IOPlacement'…
Running 'Odb.CustomIOPlacement' at 'runs/RUN_2026-08-22_09-37-52/296-odb-customioplacement'…
Logging subprocess to [repr.filename]'runs/RUN_2026-08-22_09-37-52/296-odb-customioplacement/odb-customioplacement.log'[/repr.filename]…
Overriding minimum distance 0.1 with 0.42 for pins on side N to avoid overlap.
Running 'Odb.ApplyDEFTemplate' at 'runs/RUN_2026-08-22_09-37-52/297-odb-applydeftemplate'…
No DEF template provided, skipping 'Odb.ApplyDEFTemplate'…
Running 'OpenROAD.GlobalPlacement' at 'runs/RUN_2026-08-22_09-37-52/298-openroad-globalplacement'…
Logging subprocess to [repr.filename]'runs/RUN_2026-08-22_09-37-52/298-openroad-globalplacement/openroad-globalplacement.log'[/repr.filename]…
Running 'Odb.WriteVerilogHeader' at 'runs/RUN_2026-08-22_09-37-52/299-odb-writeverilogheader'…
Logging subprocess to [repr.filename]'runs/RUN_2026-08-22_09-37-52/299-odb-writeverilogheader/odb-writeverilogheader.log'[/repr.filename]…
Running 'Checker.PowerGridViolations' at 'runs/RUN_2026-08-22_09-37-52/300-checker-powergridviolations'…
Check for power grid violations (as reported by OpenROAD PSM- you may ignore these if LVS passes) clear.
Running 'OpenROAD.STAMidPNR' at 'runs/RUN_2026-08-22_09-37-52/301-openroad-stamidpnr'…
Logging subprocess to [repr.filename]'runs/RUN_2026-08-22_09-37-52/301-openroad-stamidpnr/openroad-stamidpnr.log'[/repr.filename]…
Running 'OpenROAD.RepairDesignPostGPL' at 'runs/RUN_2026-08-22_09-37-52/302-openroad-repairdesignpostgpl'…
Logging subprocess to [repr.filename]'runs/RUN_2026-08-22_09-37-52/302-openroad-repairdesignpostgpl/openroad-repairdesignpostgpl.log'[/repr.filename]…
[STA-1140] /home/cl4/.ciel/ciel/sky130/versions/8afc8346a57fe1ab7934ba5a6056ea8b43078e71/sky130A/libs.ref/sky130_fd_sc_hd/lib/sky130_fd_sc_hd__tt_025C_1v80.lib line 1, library sky130_fd_sc_hd__tt_025C_1v80 already exists.
[STA-1140] /home/cl4/.ciel/ciel/sky130/versions/8afc8346a57fe1ab7934ba5a6056ea8b43078e71/sky130A/libs.ref/sky130_fd_sc_hd/lib/sky130_fd_sc_hd__ff_n40C_1v95.lib line 1, library sky130_fd_sc_hd__ff_n40C_1v95 already exists.
[STA-1140] /home/cl4/.ciel/ciel/sky130/versions/8afc8346a57fe1ab7934ba5a6056ea8b43078e71/sky130A/libs.ref/sky130_fd_sc_hd/lib/sky130_fd_sc_hd__ss_100C_1v60.lib line 1, library sky130_fd_sc_hd__ss_100C_1v60 already exists.
[STA-1140] /home/cl4/.ciel/ciel/sky130/versions/8afc8346a57fe1ab7934ba5a6056ea8b43078e71/sky130A/libs.ref/sky130_fd_sc_hd/lib/sky130_fd_sc_hd__tt_025C_1v80.lib line 1, library sky130_fd_sc_hd__tt_025C_1v80 already exists.
[STA-1140] /home/cl4/.ciel/ciel/sky130/versions/8afc8346a57fe1ab7934ba5a6056ea8b43078e71/sky130A/libs.ref/sky130_fd_sc_hd/lib/sky130_fd_sc_hd__ss_100C_1v60.lib line 1, library sky130_fd_sc_hd__ss_100C_1v60 already exists.
[STA-1140] /home/cl4/.ciel/ciel/sky130/versions/8afc8346a57fe1ab7934ba5a6056ea8b43078e71/sky130A/libs.ref/sky130_fd_sc_hd/lib/sky130_fd_sc_hd__ff_n40C_1v95.lib line 1, library sky130_fd_sc_hd__ff_n40C_1v95 already exists.
[RSZ-0020] found 2 floating nets.
Running 'Odb.ManualGlobalPlacement' at 'runs/RUN_2026-08-22_09-37-52/303-odb-manualglobalplacement'…
'MANUAL_GLOBAL_PLACEMENTS' not set. Skipping 'Odb.ManualGlobalPlacement'…
Running 'OpenROAD.DetailedPlacement' at 'runs/RUN_2026-08-22_09-37-52/304-openroad-detailedplacement'…
Logging subprocess to [repr.filename]'runs/RUN_2026-08-22_09-37-52/304-openroad-detailedplacement/openroad-detailedplacement.log'[/repr.filename]…
Running 'OpenROAD.CTS' at 'runs/RUN_2026-08-22_09-37-52/305-openroad-cts'…
Logging subprocess to [repr.filename]'runs/RUN_2026-08-22_09-37-52/305-openroad-cts/openroad-cts.log'[/repr.filename]…
[STA-1140] /home/cl4/.ciel/ciel/sky130/versions/8afc8346a57fe1ab7934ba5a6056ea8b43078e71/sky130A/libs.ref/sky130_fd_sc_hd/lib/sky130_fd_sc_hd__tt_025C_1v80.lib line 1, library sky130_fd_sc_hd__tt_025C_1v80 already exists.
[STA-1140] /home/cl4/.ciel/ciel/sky130/versions/8afc8346a57fe1ab7934ba5a6056ea8b43078e71/sky130A/libs.ref/sky130_fd_sc_hd/lib/sky130_fd_sc_hd__ff_n40C_1v95.lib line 1, library sky130_fd_sc_hd__ff_n40C_1v95 already exists.
[STA-1140] /home/cl4/.ciel/ciel/sky130/versions/8afc8346a57fe1ab7934ba5a6056ea8b43078e71/sky130A/libs.ref/sky130_fd_sc_hd/lib/sky130_fd_sc_hd__ss_100C_1v60.lib line 1, library sky130_fd_sc_hd__ss_100C_1v60 already exists.
[STA-1140] /home/cl4/.ciel/ciel/sky130/versions/8afc8346a57fe1ab7934ba5a6056ea8b43078e71/sky130A/libs.ref/sky130_fd_sc_hd/lib/sky130_fd_sc_hd__tt_025C_1v80.lib line 1, library sky130_fd_sc_hd__tt_025C_1v80 already exists.
[STA-1140] /home/cl4/.ciel/ciel/sky130/versions/8afc8346a57fe1ab7934ba5a6056ea8b43078e71/sky130A/libs.ref/sky130_fd_sc_hd/lib/sky130_fd_sc_hd__ss_100C_1v60.lib line 1, library sky130_fd_sc_hd__ss_100C_1v60 already exists.
[STA-1140] /home/cl4/.ciel/ciel/sky130/versions/8afc8346a57fe1ab7934ba5a6056ea8b43078e71/sky130A/libs.ref/sky130_fd_sc_hd/lib/sky130_fd_sc_hd__ff_n40C_1v95.lib line 1, library sky130_fd_sc_hd__ff_n40C_1v95 already exists.
Running 'OpenROAD.STAMidPNR-1' at 'runs/RUN_2026-08-22_09-37-52/306-openroad-stamidpnr-1'…
Logging subprocess to [repr.filename]'runs/RUN_2026-08-22_09-37-52/306-openroad-stamidpnr-1/openroad-stamidpnr-1.log'[/repr.filename]…
Running 'OpenROAD.ResizerTimingPostCTS' at 'runs/RUN_2026-08-22_09-37-52/307-openroad-resizertimingpostcts'…
Logging subprocess to [repr.filename]'runs/RUN_2026-08-22_09-37-52/307-openroad-resizertimingpostcts/openroad-resizertimingpostcts.log'[/repr.filename]…
[STA-1140] /home/cl4/.ciel/ciel/sky130/versions/8afc8346a57fe1ab7934ba5a6056ea8b43078e71/sky130A/libs.ref/sky130_fd_sc_hd/lib/sky130_fd_sc_hd__tt_025C_1v80.lib line 1, library sky130_fd_sc_hd__tt_025C_1v80 already exists.
[STA-1140] /home/cl4/.ciel/ciel/sky130/versions/8afc8346a57fe1ab7934ba5a6056ea8b43078e71/sky130A/libs.ref/sky130_fd_sc_hd/lib/sky130_fd_sc_hd__ff_n40C_1v95.lib line 1, library sky130_fd_sc_hd__ff_n40C_1v95 already exists.
[STA-1140] /home/cl4/.ciel/ciel/sky130/versions/8afc8346a57fe1ab7934ba5a6056ea8b43078e71/sky130A/libs.ref/sky130_fd_sc_hd/lib/sky130_fd_sc_hd__ss_100C_1v60.lib line 1, library sky130_fd_sc_hd__ss_100C_1v60 already exists.
[STA-1140] /home/cl4/.ciel/ciel/sky130/versions/8afc8346a57fe1ab7934ba5a6056ea8b43078e71/sky130A/libs.ref/sky130_fd_sc_hd/lib/sky130_fd_sc_hd__tt_025C_1v80.lib line 1, library sky130_fd_sc_hd__tt_025C_1v80 already exists.
[STA-1140] /home/cl4/.ciel/ciel/sky130/versions/8afc8346a57fe1ab7934ba5a6056ea8b43078e71/sky130A/libs.ref/sky130_fd_sc_hd/lib/sky130_fd_sc_hd__ss_100C_1v60.lib line 1, library sky130_fd_sc_hd__ss_100C_1v60 already exists.
[STA-1140] /home/cl4/.ciel/ciel/sky130/versions/8afc8346a57fe1ab7934ba5a6056ea8b43078e71/sky130A/libs.ref/sky130_fd_sc_hd/lib/sky130_fd_sc_hd__ff_n40C_1v95.lib line 1, library sky130_fd_sc_hd__ff_n40C_1v95 already exists.
Running 'OpenROAD.STAMidPNR-2' at 'runs/RUN_2026-08-22_09-37-52/308-openroad-stamidpnr-2'…
Logging subprocess to [repr.filename]'runs/RUN_2026-08-22_09-37-52/308-openroad-stamidpnr-2/openroad-stamidpnr-2.log'[/repr.filename]…
Running 'OpenROAD.GlobalRouting' at 'runs/RUN_2026-08-22_09-37-52/309-openroad-globalrouting'…
Logging subprocess to [repr.filename]'runs/RUN_2026-08-22_09-37-52/309-openroad-globalrouting/openroad-globalrouting.log'[/repr.filename]…
[GRT-0041] Net VPWR has wires/vias outside die area.
[GRT-0041] Net VPWR has wires/vias outside die area.
[GRT-0041] Net VPWR has wires/vias outside die area.
[GRT-0041] Net VPWR has wires/vias outside die area.
[GRT-0041] Net VPWR has wires/vias outside die area.
[GRT-0041] Net VPWR has wires/vias outside die area.
[GRT-0041] Net VPWR has wires/vias outside die area.
[GRT-0041] Net VPWR has wires/vias outside die area.
[GRT-0041] Net VPWR has wires/vias outside die area.
[GRT-0041] Net VPWR has wires/vias outside die area.
[GRT-0041] Net VPWR has wires/vias outside die area.
[GRT-0041] Net VPWR has wires/vias outside die area.
[GRT-0041] Net VPWR has wires/vias outside die area.
[GRT-0041] Net VPWR has wires/vias outside die area.
[GRT-0041] Net VPWR has wires/vias outside die area.
[GRT-0041] Net VPWR has wires/vias outside die area.
[GRT-0041] Net VPWR has wires/vias outside die area.
[GRT-0041] Net VPWR has wires/vias outside die area.
[GRT-0041] Net VPWR has wires/vias outside die area.
[GRT-0041] Net VPWR has wires/vias outside die area.
[GRT-0041] Net VPWR has wires/vias outside die area.
[GRT-0041] Net VPWR has wires/vias outside die area.
[GRT-0041] Net VPWR has wires/vias outside die area.
[GRT-0041] Net VPWR has wires/vias outside die area.
[GRT-0041] Net VPWR has wires/vias outside die area.
[GRT-0041] Net VPWR has wires/vias outside die area.
[GRT-0041] Net VPWR has wires/vias outside die area.
[GRT-0041] Net VPWR has wires/vias outside die area.
[GRT-0041] Net VPWR has wires/vias outside die area.
[GRT-0041] Net VPWR has wires/vias outside die area.
[GRT-0041] Net VPWR has wires/vias outside die area.
[GRT-0041] Net VPWR has wires/vias outside die area.
[GRT-0041] Net VPWR has wires/vias outside die area.
[GRT-0041] Net VPWR has wires/vias outside die area.
[GRT-0041] Net VPWR has wires/vias outside die area.
[GRT-0041] Net VPWR has wires/vias outside die area.
[GRT-0041] Net VPWR has wires/vias outside die area.
[GRT-0041] Net VPWR has wires/vias outside die area.
[GRT-0041] Net VPWR has wires/vias outside die area.
[GRT-0041] Net VPWR has wires/vias outside die area.
[GRT-0041] Net VPWR has wires/vias outside die area.
[GRT-0041] Net VPWR has wires/vias outside die area.
[GRT-0041] Net VPWR has wires/vias outside die area.
[GRT-0041] Net VPWR has wires/vias outside die area.
[GRT-0041] Net VPWR has wires/vias outside die area.
[GRT-0041] Net VPWR has wires/vias outside die area.
[GRT-0041] Net VPWR has wires/vias outside die area.
[GRT-0041] Net VPWR has wires/vias outside die area.
[GRT-0041] Net VPWR has wires/vias outside die area.
[GRT-0041] Net VPWR has wires/vias outside die area.
[GRT-0041] Net VPWR has wires/vias outside die area.
[GRT-0041] Net VPWR has wires/vias outside die area.
[GRT-0041] Net VPWR has wires/vias outside die area.
[GRT-0041] Net VPWR has wires/vias outside die area.
[GRT-0041] Net VPWR has wires/vias outside die area.
[GRT-0041] Net VPWR has wires/vias outside die area.
[GRT-0041] Net VPWR has wires/vias outside die area.
[GRT-0041] Net VPWR has wires/vias outside die area.
[GRT-0041] Net VPWR has wires/vias outside die area.
[GRT-0041] Net VPWR has wires/vias outside die area.
[GRT-0041] Net VPWR has wires/vias outside die area.
[GRT-0041] Net VPWR has wires/vias outside die area.
[GRT-0041] Net VPWR has wires/vias outside die area.
[GRT-0041] Net VPWR has wires/vias outside die area.
[GRT-0041] Net VPWR has wires/vias outside die area.
[GRT-0041] Net VPWR has wires/vias outside die area.
[GRT-0041] Net VPWR has wires/vias outside die area.
[GRT-0041] Net VPWR has wires/vias outside die area.
[GRT-0041] Net VPWR has wires/vias outside die area.
[GRT-0041] Net VPWR has wires/vias outside die area.
[GRT-0041] Net VPWR has wires/vias outside die area.
[GRT-0041] Net VPWR has wires/vias outside die area.
[GRT-0041] Net VPWR has wires/vias outside die area.
[GRT-0041] Net VPWR has wires/vias outside die area.
[GRT-0041] Net VPWR has wires/vias outside die area.
[GRT-0041] Net VPWR has wires/vias outside die area.
[GRT-0041] Net VPWR has wires/vias outside die area.
[GRT-0041] Net VPWR has wires/vias outside die area.
[GRT-0041] Net VGND has wires/vias outside die area.
[GRT-0041] Net VGND has wires/vias outside die area.
[GRT-0041] Net VGND has wires/vias outside die area.
[GRT-0041] Net VGND has wires/vias outside die area.
[GRT-0041] Net VGND has wires/vias outside die area.
[GRT-0041] Net VGND has wires/vias outside die area.
[GRT-0041] Net VGND has wires/vias outside die area.
[GRT-0041] Net VGND has wires/vias outside die area.
[GRT-0041] Net VGND has wires/vias outside die area.
[GRT-0041] Net VGND has wires/vias outside die area.
[GRT-0041] Net VGND has wires/vias outside die area.
[GRT-0041] Net VGND has wires/vias outside die area.
[GRT-0041] Net VGND has wires/vias outside die area.
[GRT-0041] Net VGND has wires/vias outside die area.
[GRT-0041] Net VGND has wires/vias outside die area.
[GRT-0041] Net VGND has wires/vias outside die area.
[GRT-0041] Net VGND has wires/vias outside die area.
[GRT-0041] Net VGND has wires/vias outside die area.
[GRT-0041] Net VGND has wires/vias outside die area.
[GRT-0041] Net VGND has wires/vias outside die area.
[GRT-0041] Net VGND has wires/vias outside die area.
[GRT-0041] Net VGND has wires/vias outside die area.
[GRT-0041] Net VGND has wires/vias outside die area.
[GRT-0041] Net VGND has wires/vias outside die area.
[GRT-0041] Net VGND has wires/vias outside die area.
[GRT-0041] Net VGND has wires/vias outside die area.
[GRT-0041] Net VGND has wires/vias outside die area.
[GRT-0041] Net VGND has wires/vias outside die area.
[GRT-0041] Net VGND has wires/vias outside die area.
[GRT-0041] Net VGND has wires/vias outside die area.
[GRT-0041] Net VGND has wires/vias outside die area.
[GRT-0041] Net VGND has wires/vias outside die area.
[GRT-0041] Net VGND has wires/vias outside die area.
[GRT-0041] Net VGND has wires/vias outside die area.
[GRT-0041] Net VGND has wires/vias outside die area.
[GRT-0041] Net VGND has wires/vias outside die area.
[GRT-0041] Net VGND has wires/vias outside die area.
[GRT-0041] Net VGND has wires/vias outside die area.
[GRT-0041] Net VGND has wires/vias outside die area.
[GRT-0041] Net VGND has wires/vias outside die area.
[GRT-0041] Net VGND has wires/vias outside die area.
[GRT-0041] Net VGND has wires/vias outside die area.
[GRT-0041] Net VGND has wires/vias outside die area.
[GRT-0041] Net VGND has wires/vias outside die area.
[GRT-0041] Net VGND has wires/vias outside die area.
[GRT-0041] Net VGND has wires/vias outside die area.
[GRT-0041] Net VGND has wires/vias outside die area.
[GRT-0041] Net VGND has wires/vias outside die area.
[GRT-0041] Net VGND has wires/vias outside die area.
[GRT-0041] Net VGND has wires/vias outside die area.
[GRT-0041] Net VGND has wires/vias outside die area.
[GRT-0041] Net VGND has wires/vias outside die area.
[GRT-0041] Net VGND has wires/vias outside die area.
[GRT-0041] Net VGND has wires/vias outside die area.
[GRT-0041] Net VGND has wires/vias outside die area.
[GRT-0041] Net VGND has wires/vias outside die area.
[GRT-0041] Net VGND has wires/vias outside die area.
[GRT-0041] Net VGND has wires/vias outside die area.
[GRT-0041] Net VGND has wires/vias outside die area.
[GRT-0041] Net VGND has wires/vias outside die area.
[GRT-0041] Net VGND has wires/vias outside die area.
[GRT-0041] Net VGND has wires/vias outside die area.
[GRT-0041] Net VGND has wires/vias outside die area.
[GRT-0041] Net VGND has wires/vias outside die area.
[GRT-0041] Net VGND has wires/vias outside die area.
[GRT-0041] Net VGND has wires/vias outside die area.
[GRT-0041] Net VGND has wires/vias outside die area.
[GRT-0041] Net VGND has wires/vias outside die area.
[GRT-0041] Net VGND has wires/vias outside die area.
[GRT-0041] Net VGND has wires/vias outside die area.
[GRT-0041] Net VGND has wires/vias outside die area.
[GRT-0041] Net VGND has wires/vias outside die area.
[GRT-0041] Net VGND has wires/vias outside die area.
[GRT-0041] Net VGND has wires/vias outside die area.
[GRT-0041] Net VGND has wires/vias outside die area.
[GRT-0041] Net VGND has wires/vias outside die area.
[GRT-0041] Net VGND has wires/vias outside die area.
[GRT-0041] Net VGND has wires/vias outside die area.
[GRT-0041] Net VGND has wires/vias outside die area.
[GRT-0041] Net VGND has wires/vias outside die area.
[GRT-0041] Net VGND has wires/vias outside die area.
[GRT-0041] Net VGND has wires/vias outside die area.
[GRT-0041] Net VGND has wires/vias outside die area.
[GRT-0041] Net VGND has wires/vias outside die area.
[GRT-0041] Net VGND has wires/vias outside die area.
[GRT-0041] Net VGND has wires/vias outside die area.
[GRT-0041] Net VGND has wires/vias outside die area.
[GRT-0041] Net VGND has wires/vias outside die area.
[GRT-0041] Net VGND has wires/vias outside die area.
Running 'OpenROAD.CheckAntennas' at 'runs/RUN_2026-08-22_09-37-52/310-openroad-checkantennas'…
Logging subprocess to [repr.filename]'runs/RUN_2026-08-22_09-37-52/310-openroad-checkantennas/openroad-checkantennas.log'[/repr.filename]…
Gating variable for step 'OpenROAD.RepairDesignPostGRT' set to 'False'- the step will be skipped.
Skipping step 'Repair Design (Post-Global Routing)'…
Running 'Odb.DiodesOnPorts' at 'runs/RUN_2026-08-22_09-37-52/311-odb-diodesonports'…
'DIODE_ON_PORTS' is set to 'none': skipping 'Odb.DiodesOnPorts'…
Gating variable for step 'Odb.HeuristicDiodeInsertion' set to 'False'- the step will be skipped.
Skipping step 'Heuristic Diode Insertion'…
Running 'OpenROAD.RepairAntennas' at 'runs/RUN_2026-08-22_09-37-52/312-openroad-repairantennas'…
Running 'OpenROAD.DiodeInsertion' at 'runs/RUN_2026-08-22_09-37-52/312-openroad-repairantennas/1-openroad-diodeinsertion'…
Logging subprocess to [repr.filename]'runs/RUN_2026-08-22_09-37-52/312-openroad-repairantennas/1-openroad-diodeinsertion/openroad-diodeinsertion.log'[/repr.filename]…
Running 'OpenROAD.CheckAntennas' at 'runs/RUN_2026-08-22_09-37-52/312-openroad-repairantennas/2-openroad-checkantennas'…
Logging subprocess to [repr.filename]'runs/RUN_2026-08-22_09-37-52/312-openroad-repairantennas/2-openroad-checkantennas/openroad-checkantennas.log'[/repr.filename]…
Gating variable for step 'OpenROAD.ResizerTimingPostGRT' set to 'False'- the step will be skipped.
Skipping step 'Resizer Timing Optimizations (Post-Global Routing)'…
Running 'OpenROAD.STAMidPNR-3' at 'runs/RUN_2026-08-22_09-37-52/313-openroad-stamidpnr-3'…
Logging subprocess to [repr.filename]'runs/RUN_2026-08-22_09-37-52/313-openroad-stamidpnr-3/openroad-stamidpnr-3.log'[/repr.filename]…
Running 'OpenROAD.DetailedRouting' at 'runs/RUN_2026-08-22_09-37-52/314-openroad-detailedrouting'…
Running TritonRoute with 12 threads…
Logging subprocess to [repr.filename]'runs/RUN_2026-08-22_09-37-52/314-openroad-detailedrouting/openroad-detailedrouting.log'[/repr.filename]…
[DRT-0349] LEF58_ENCLOSURE with no CUTCLASS is not supported. Skipping for layer mcon
[DRT-0349] LEF58_ENCLOSURE with no CUTCLASS is not supported. Skipping for layer mcon
[DRT-0349] LEF58_ENCLOSURE with no CUTCLASS is not supported. Skipping for layer via
[DRT-0349] LEF58_ENCLOSURE with no CUTCLASS is not supported. Skipping for layer via
[DRT-0349] LEF58_ENCLOSURE with no CUTCLASS is not supported. Skipping for layer via2
[DRT-0349] LEF58_ENCLOSURE with no CUTCLASS is not supported. Skipping for layer via2
[DRT-0349] LEF58_ENCLOSURE with no CUTCLASS is not supported. Skipping for layer via3
[DRT-0349] LEF58_ENCLOSURE with no CUTCLASS is not supported. Skipping for layer via3
[DRT-0349] LEF58_ENCLOSURE with no CUTCLASS is not supported. Skipping for layer via4
[DRT-0349] LEF58_ENCLOSURE with no CUTCLASS is not supported. Skipping for layer via4
Running 'Odb.RemoveRoutingObstructions' at 'runs/RUN_2026-08-22_09-37-52/315-odb-removeroutingobstructions'…
'ROUTING_OBSTRUCTIONS' is not defined. Skipping 'Odb.RemoveRoutingObstructions'…
Running 'OpenROAD.CheckAntennas-1' at 'runs/RUN_2026-08-22_09-37-52/316-openroad-checkantennas-1'…
Logging subprocess to [repr.filename]'runs/RUN_2026-08-22_09-37-52/316-openroad-checkantennas-1/openroad-checkantennas-1.log'[/repr.filename]…
Running 'Checker.TrDRC' at 'runs/RUN_2026-08-22_09-37-52/317-checker-trdrc'…
Check for Routing DRC errors clear.
Running 'Odb.ReportDisconnectedPins' at 'runs/RUN_2026-08-22_09-37-52/318-odb-reportdisconnectedpins'…
Logging subprocess to [repr.filename]'runs/RUN_2026-08-22_09-37-52/318-odb-reportdisconnectedpins/odb-reportdisconnectedpins.log'[/repr.filename]…
Running 'Checker.DisconnectedPins' at 'runs/RUN_2026-08-22_09-37-52/319-checker-disconnectedpins'…
Check for critical disconnected pins clear.
Running 'Odb.ReportWireLength' at 'runs/RUN_2026-08-22_09-37-52/320-odb-reportwirelength'…
Logging subprocess to [repr.filename]'runs/RUN_2026-08-22_09-37-52/320-odb-reportwirelength/odb-reportwirelength.log'[/repr.filename]…
Running 'Checker.WireLength' at 'runs/RUN_2026-08-22_09-37-52/321-checker-wirelength'…
Threshold for Threshold-surpassing long wires is not set. The checker will be skipped.
Running 'OpenROAD.FillInsertion' at 'runs/RUN_2026-08-22_09-37-52/322-openroad-fillinsertion'…
Logging subprocess to [repr.filename]'runs/RUN_2026-08-22_09-37-52/322-openroad-fillinsertion/openroad-fillinsertion.log'[/repr.filename]…
Running 'Odb.CellFrequencyTables' at 'runs/RUN_2026-08-22_09-37-52/323-odb-cellfrequencytables'…
Logging subprocess to [repr.filename]'runs/RUN_2026-08-22_09-37-52/323-odb-cellfrequencytables/buffer_list.txt'[/repr.filename]…
Logging subprocess to [repr.filename]'runs/RUN_2026-08-22_09-37-52/323-odb-cellfrequencytables/odb-cellfrequencytables.log'[/repr.filename]…
Running 'OpenROAD.RCX' at 'runs/RUN_2026-08-22_09-37-52/324-openroad-rcx'…
Running RCX for corners matching nom_* (/home/cl4/Desktop/training/single_cycle/runs/RUN_2026-08-22_09-37-52/324-openroad-rcx/nom/rcx.log)…
Running RCX for corners matching min_* (/home/cl4/Desktop/training/single_cycle/runs/RUN_2026-08-22_09-37-52/324-openroad-rcx/min/rcx.log)…
Running RCX for corners matching max_* (/home/cl4/Desktop/training/single_cycle/runs/RUN_2026-08-22_09-37-52/324-openroad-rcx/max/rcx.log)…
Logging subprocess to [repr.filename]'runs/RUN_2026-08-22_09-37-52/324-openroad-rcx/nom/rcx.log'[/repr.filename]…
Logging subprocess to [repr.filename]'runs/RUN_2026-08-22_09-37-52/324-openroad-rcx/min/rcx.log'[/repr.filename]…
Logging subprocess to [repr.filename]'runs/RUN_2026-08-22_09-37-52/324-openroad-rcx/max/rcx.log'[/repr.filename]…
Finished RCX for corners matching nom_*.
Finished RCX for corners matching min_*.
Finished RCX for corners matching max_*.
Running 'OpenROAD.STAPostPNR' at 'runs/RUN_2026-08-22_09-37-52/325-openroad-stapostpnr'…
Starting STA for the nom_tt_025C_1v80 timing corner…
Starting STA for the nom_ss_100C_1v60 timing corner…
Starting STA for the nom_ff_n40C_1v95 timing corner…
Starting STA for the min_tt_025C_1v80 timing corner…
Starting STA for the min_ss_100C_1v60 timing corner…
Logging subprocess to [repr.filename]'runs/RUN_2026-08-22_09-37-52/325-openroad-stapostpnr/nom_ss_100C_1v60/sta.log'[/repr.filename]…
Logging subprocess to [repr.filename]'runs/RUN_2026-08-22_09-37-52/325-openroad-stapostpnr/nom_tt_025C_1v80/sta.log'[/repr.filename]…
Logging subprocess to [repr.filename]'runs/RUN_2026-08-22_09-37-52/325-openroad-stapostpnr/nom_ff_n40C_1v95/sta.log'[/repr.filename]…
Starting STA for the min_ff_n40C_1v95 timing corner…
Starting STA for the max_tt_025C_1v80 timing corner…
Logging subprocess to [repr.filename]'runs/RUN_2026-08-22_09-37-52/325-openroad-stapostpnr/min_tt_025C_1v80/sta.log'[/repr.filename]…
Starting STA for the max_ss_100C_1v60 timing corner…
Starting STA for the max_ff_n40C_1v95 timing corner…
Logging subprocess to [repr.filename]'runs/RUN_2026-08-22_09-37-52/325-openroad-stapostpnr/min_ss_100C_1v60/sta.log'[/repr.filename]…
Logging subprocess to [repr.filename]'runs/RUN_2026-08-22_09-37-52/325-openroad-stapostpnr/max_tt_025C_1v80/sta.log'[/repr.filename]…
Logging subprocess to [repr.filename]'runs/RUN_2026-08-22_09-37-52/325-openroad-stapostpnr/min_ff_n40C_1v95/sta.log'[/repr.filename]…
Logging subprocess to [repr.filename]'runs/RUN_2026-08-22_09-37-52/325-openroad-stapostpnr/max_ss_100C_1v60/sta.log'[/repr.filename]…
Logging subprocess to [repr.filename]'runs/RUN_2026-08-22_09-37-52/325-openroad-stapostpnr/max_ff_n40C_1v95/sta.log'[/repr.filename]…
Finished STA for the nom_tt_025C_1v80 timing corner.
Logging subprocess to [repr.filename]'runs/RUN_2026-08-22_09-37-52/325-openroad-stapostpnr/nom_tt_025C_1v80/filter_unannotated.log'[/repr.filename]…
Finished STA for the nom_ss_100C_1v60 timing corner.
Logging subprocess to [repr.filename]'runs/RUN_2026-08-22_09-37-52/325-openroad-stapostpnr/nom_ss_100C_1v60/filter_unannotated.log'[/repr.filename]…
Finished STA for the min_ff_n40C_1v95 timing corner.
Logging subprocess to [repr.filename]'runs/RUN_2026-08-22_09-37-52/325-openroad-stapostpnr/min_ff_n40C_1v95/filter_unannotated.log'[/repr.filename]…
Finished STA for the max_ff_n40C_1v95 timing corner.
Logging subprocess to [repr.filename]'runs/RUN_2026-08-22_09-37-52/325-openroad-stapostpnr/max_ff_n40C_1v95/filter_unannotated.log'[/repr.filename]…
Finished STA for the max_ss_100C_1v60 timing corner.
Logging subprocess to [repr.filename]'runs/RUN_2026-08-22_09-37-52/325-openroad-stapostpnr/max_ss_100C_1v60/filter_unannotated.log'[/repr.filename]…
Finished STA for the min_tt_025C_1v80 timing corner.
Logging subprocess to [repr.filename]'runs/RUN_2026-08-22_09-37-52/325-openroad-stapostpnr/min_tt_025C_1v80/filter_unannotated.log'[/repr.filename]…
Finished STA for the min_ss_100C_1v60 timing corner.
Logging subprocess to [repr.filename]'runs/RUN_2026-08-22_09-37-52/325-openroad-stapostpnr/min_ss_100C_1v60/filter_unannotated.log'[/repr.filename]…
Finished STA for the nom_ff_n40C_1v95 timing corner.
Logging subprocess to [repr.filename]'runs/RUN_2026-08-22_09-37-52/325-openroad-stapostpnr/nom_ff_n40C_1v95/filter_unannotated.log'[/repr.filename]…
Finished STA for the max_tt_025C_1v80 timing corner.
Logging subprocess to [repr.filename]'runs/RUN_2026-08-22_09-37-52/325-openroad-stapostpnr/max_tt_025C_1v80/filter_unannotated.log'[/repr.filename]…
Running 'OpenROAD.IRDropReport' at 'runs/RUN_2026-08-22_09-37-52/326-openroad-irdropreport'…
'VSRC_LOC_FILES' was not given a value, which may make the results of IR drop analysis inaccurate. If you are not integrating a top-level chip for manufacture, you may ignore this warning, otherwise, see the documentation for 'VSRC_LOC_FILES'.
Logging subprocess to [repr.filename]'runs/RUN_2026-08-22_09-37-52/326-openroad-irdropreport/openroad-irdropreport.log'[/repr.filename]…
+ analyze_power_grid -net VPWR -voltage_file /home/cl4/Desktop/training/single_cycle/runs/RUN_2026-08-22_09-37-52/326-openroad-irdropreport/net-VPWR.csv
[INFO PSM-0040] All shapes on net VPWR are connected.
########## IR report #################
Net              : VPWR
Corner           : nom_tt_025C_1v80
Total power      : 2.09e-03 W
Supply voltage   : 1.80e+00 V
Worstcase voltage: 1.80e+00 V
Average voltage  : 1.80e+00 V
Average IR drop  : 3.68e-06 V
Worstcase IR drop: 4.06e-05 V
Percentage drop  : 0.00 %
######################################
+ analyze_power_grid -net VGND -voltage_file /home/cl4/Desktop/training/single_cycle/runs/RUN_2026-08-22_09-37-52/326-openroad-irdropreport/net-VGND.csv
[INFO PSM-0040] All shapes on net VGND are connected.
########## IR report #################
Net              : VGND
Corner           : nom_tt_025C_1v80
Total power      : 2.09e-03 W
Supply voltage   : 0.00e+00 V
Worstcase voltage: 4.15e-05 V
Average voltage  : 3.73e-06 V
Average IR drop  : 3.73e-06 V
Worstcase IR drop: 4.15e-05 V
Percentage drop  : 0.00 %
######################################

Running 'Magic.StreamOut' at 'runs/RUN_2026-08-22_09-37-52/327-magic-streamout'…
Logging subprocess to [repr.filename]'runs/RUN_2026-08-22_09-37-52/327-magic-streamout/magic-streamout.log'[/repr.filename]…
Running 'KLayout.StreamOut' at 'runs/RUN_2026-08-22_09-37-52/328-klayout-streamout'…
Logging subprocess to [repr.filename]'runs/RUN_2026-08-22_09-37-52/328-klayout-streamout/klayout-streamout.log'[/repr.filename]…
Running 'KLayout.Render' at 'runs/RUN_2026-08-22_09-37-52/329-klayout-render'…
Logging subprocess to [repr.filename]'runs/RUN_2026-08-22_09-37-52/329-klayout-render/klayout-render.log'[/repr.filename]…
Running 'Magic.WriteLEF' at 'runs/RUN_2026-08-22_09-37-52/330-magic-writelef'…
Logging subprocess to [repr.filename]'runs/RUN_2026-08-22_09-37-52/330-magic-writelef/magic-writelef.log'[/repr.filename]…
Running 'Odb.CheckDesignAntennaProperties' at 'runs/RUN_2026-08-22_09-37-52/331-odb-checkdesignantennaproperties'…
Logging subprocess to [repr.filename]'runs/RUN_2026-08-22_09-37-52/331-odb-checkdesignantennaproperties/odb-checkdesignantennaproperties.log'[/repr.filename]…
Cell 'single_cycle_cpu' has (5) output pin(s) without antenna diffusion information. They might not be driven.
Running 'KLayout.XOR' at 'runs/RUN_2026-08-22_09-37-52/332-klayout-xor'…
Running XOR with 12 threads…
Logging subprocess to [repr.filename]'runs/RUN_2026-08-22_09-37-52/332-klayout-xor/klayout-xor.log'[/repr.filename]…
Running 'Checker.XOR' at 'runs/RUN_2026-08-22_09-37-52/333-checker-xor'…
Check for XOR differences clear.
Running 'Magic.DRC' at 'runs/RUN_2026-08-22_09-37-52/334-magic-drc'…
Logging subprocess to [repr.filename]'runs/RUN_2026-08-22_09-37-52/334-magic-drc/magic-drc.log'[/repr.filename]…
Running 'KLayout.DRC' at 'runs/RUN_2026-08-22_09-37-52/335-klayout-drc'…
Running KLayout DRC with 12 threads…
Logging subprocess to [repr.filename]'runs/RUN_2026-08-22_09-37-52/335-klayout-drc/klayout-drc.log'[/repr.filename]…
Logging subprocess to [repr.filename]'runs/RUN_2026-08-22_09-37-52/335-klayout-drc/xml_drc_report_to_json.log'[/repr.filename]…
Running 'Checker.MagicDRC' at 'runs/RUN_2026-08-22_09-37-52/336-checker-magicdrc'…
Check for Magic DRC errors clear.
Running 'Checker.KLayoutDRC' at 'runs/RUN_2026-08-22_09-37-52/337-checker-klayoutdrc'…
Check for KLayout DRC errors clear.
Running 'Magic.SpiceExtraction' at 'runs/RUN_2026-08-22_09-37-52/338-magic-spiceextraction'…
Logging subprocess to [repr.filename]'runs/RUN_2026-08-22_09-37-52/338-magic-spiceextraction/magic-spiceextraction.log'[/repr.filename]…
Running 'Checker.IllegalOverlap' at 'runs/RUN_2026-08-22_09-37-52/339-checker-illegaloverlap'…
Check for Magic Illegal Overlap errors clear.
Running 'Netgen.LVS' at 'runs/RUN_2026-08-22_09-37-52/340-netgen-lvs'…
Logging subprocess to [repr.filename]'runs/RUN_2026-08-22_09-37-52/340-netgen-lvs/netgen-lvs.log'[/repr.filename]…
Running 'Checker.LVS' at 'runs/RUN_2026-08-22_09-37-52/341-checker-lvs'…
Check for LVS errors clear.
Gating variable for step 'Yosys.EQY' set to 'False'- the step will be skipped.
Skipping step 'Equivalence Check'…
Running 'Checker.SetupViolations' at 'runs/RUN_2026-08-22_09-37-52/342-checker-setupviolations'…
No setup violations found
Running 'Checker.HoldViolations' at 'runs/RUN_2026-08-22_09-37-52/343-checker-holdviolations'…
No hold violations found
Running 'Checker.MaxSlewViolations' at 'runs/RUN_2026-08-22_09-37-52/344-checker-maxslewviolations'…
No max slew violations found
Running 'Checker.MaxCapViolations' at 'runs/RUN_2026-08-22_09-37-52/345-checker-maxcapviolations'…
No max cap violations found
Running 'Misc.ReportManufacturability' at 'runs/RUN_2026-08-22_09-37-52/346-misc-reportmanufacturability'…
Saving views to '/home/cl4/Desktop/training/single_cycle/runs/RUN_2026-08-22_09-37-52/final'…
Flow complete.
Starting…
Running 'KLayout.OpenGUI' at 'runs/RUN_2026-08-22_09-37-52/347-klayout-opengui'…
Starting…
Running 'Magic.OpenGUI' at 'runs/RUN_2026-08-22_09-37-52/348-magic-opengui'…
Saving views to '/home/cl4/Desktop/training/single_cycle/runs/RUN_2026-08-22_09-37-52/final'…
Flow complete.
Saving views to '/home/cl4/Desktop/training/single_cycle/runs/RUN_2026-08-22_09-37-52/final'…
Flow complete.
Starting…
Running 'OpenROAD.OpenGUI' at 'runs/RUN_2026-08-22_09-37-52/349-openroad-opengui'…
Logging subprocess to [repr.filename]'runs/RUN_2026-08-22_09-37-52/349-openroad-opengui/openroad-opengui.log'[/repr.filename]…
[GUI-0076] qglx_findConfig: Failed to finding matching FBConfig for QSurfaceFormat(version 2.0, options QFlags<QSurfaceFormat::FormatOption>(), depthBufferSize -1, redBufferSize 1, greenBufferSize 1, blueBufferSize 1, alphaBufferSize -1, stencilBufferSize -1, samples -1, swapBehavior QSurfaceFormat::SingleBuffer, swapInterval 1, colorSpace QSurfaceFormat::DefaultColorSpace, profile  QSurfaceFormat::NoProfile)
[GUI-0076] qglx_findConfig: Failed to finding matching FBConfig for QSurfaceFormat(version 2.0, options QFlags<QSurfaceFormat::FormatOption>(), depthBufferSize -1, redBufferSize 1, greenBufferSize 1, blueBufferSize 1, alphaBufferSize -1, stencilBufferSize -1, samples -1, swapBehavior QSurfaceFormat::SingleBuffer, swapInterval 1, colorSpace QSurfaceFormat::DefaultColorSpace, profile  QSurfaceFormat::NoProfile)
Saving views to '/home/cl4/Desktop/training/single_cycle/runs/RUN_2026-08-22_09-37-52/final'…
Flow complete.
