
===========================================================================
report_checks -unconstrained
===========================================================================
======================= nom_ss_100C_1v60 Corner ===================================

Startpoint: reset (input port clocked by clk)
Endpoint: _27882_ (recovery check against rising-edge clock clk)
Path Group: asynchronous
Path Type: max

Fanout         Cap        Slew       Delay        Time   Description
---------------------------------------------------------------------------------------------
                      0.150000    0.000000    0.000000   clock clk (rise edge)
                                  0.000000    0.000000   clock network delay (ideal)
                                  5.000000    5.000000 v input external delay
   442    1.900588    7.750855    5.694819   10.694819 v reset (in)
                                                         reset (net)
                      7.750855    0.000000   10.694819 v _21772_/A (sky130_fd_sc_hd__inv_2)
     1    0.003263    0.748438    0.649521   11.344341 ^ _21772_/Y (sky130_fd_sc_hd__inv_2)
                                                         _00000_ (net)
                      0.748438    0.000000   11.344341 ^ _27882_/RESET_B (sky130_fd_sc_hd__dfrtp_2)
                                             11.344341   data arrival time

                      0.150000   25.000000   25.000000   clock clk (rise edge)
                                  0.000000   25.000000   clock network delay (ideal)
                                 -0.250000   24.750000   clock uncertainty
                                  0.000000   24.750000   clock reconvergence pessimism
                                             24.750000 ^ _27882_/CLK (sky130_fd_sc_hd__dfrtp_2)
                                  0.182956   24.932957   library recovery time
                                             24.932957   data required time
---------------------------------------------------------------------------------------------
                                             24.932957   data required time
                                            -11.344341   data arrival time
---------------------------------------------------------------------------------------------
                                             13.588615   slack (MET)


Startpoint: _27882_ (rising edge-triggered flip-flop clocked by clk)
Endpoint: alu_result_out[31] (output port clocked by clk)
Path Group: clk
Path Type: max

Fanout         Cap        Slew       Delay        Time   Description
---------------------------------------------------------------------------------------------
                      0.150000    0.000000    0.000000   clock clk (rise edge)
                                  0.000000    0.000000   clock network delay (ideal)
                      0.150000    0.000000    0.000000 ^ _27882_/CLK (sky130_fd_sc_hd__dfrtp_2)
    26    0.114453    0.856293    1.327137    1.327137 ^ _27882_/Q (sky130_fd_sc_hd__dfrtp_2)
                                                         pc_out[2] (net)
                      0.856293    0.000000    1.327137 ^ _13129_/C_N (sky130_fd_sc_hd__or3b_4)
     4    0.014060    0.151990    1.011764    2.338901 v _13129_/X (sky130_fd_sc_hd__or3b_4)
                                                         _04608_ (net)
                      0.151990    0.000000    2.338901 v _13148_/A2 (sky130_fd_sc_hd__o211a_4)
     4    0.016511    0.096268    0.493189    2.832090 v _13148_/X (sky130_fd_sc_hd__o211a_4)
                                                         _04626_ (net)
                      0.096268    0.000000    2.832090 v _13172_/A (sky130_fd_sc_hd__inv_4)
     2    0.038126    0.173936    0.182292    3.014382 ^ _13172_/Y (sky130_fd_sc_hd__inv_4)
                                                         instruction_out[20] (net)
                      0.173936    0.000000    3.014382 ^ _13173_/B1 (sky130_fd_sc_hd__a21oi_2)
    10    0.015880    0.160715    0.141316    3.155698 v _13173_/Y (sky130_fd_sc_hd__a21oi_2)
                                                         _04648_ (net)
                      0.160715    0.000000    3.155698 v _13174_/C (sky130_fd_sc_hd__and3_4)
     5    0.011086    0.071849    0.384227    3.539925 v _13174_/X (sky130_fd_sc_hd__and3_4)
                                                         _04649_ (net)
                      0.071849    0.000000    3.539925 v _13175_/A (sky130_fd_sc_hd__buf_1)
    10    0.022474    0.260634    0.321823    3.861748 v _13175_/X (sky130_fd_sc_hd__buf_1)
                                                         _04650_ (net)
                      0.260634    0.000000    3.861748 v _13218_/A (sky130_fd_sc_hd__buf_1)
    10    0.024511    0.282952    0.424423    4.286170 v _13218_/X (sky130_fd_sc_hd__buf_1)
                                                         _04688_ (net)
                      0.282952    0.000000    4.286170 v _16794_/B1 (sky130_fd_sc_hd__a221o_2)
     1    0.002194    0.085210    0.682152    4.968323 v _16794_/X (sky130_fd_sc_hd__a221o_2)
                                                         _08190_ (net)
                      0.085210    0.000000    4.968323 v _16795_/A3 (sky130_fd_sc_hd__o311a_2)
     3    0.010812    0.138150    0.697749    5.666072 v _16795_/X (sky130_fd_sc_hd__o311a_2)
                                                         _08191_ (net)
                      0.138150    0.000000    5.666072 v _16796_/B (sky130_fd_sc_hd__and2_4)
     4    0.014042    0.072839    0.338855    6.004927 v _16796_/X (sky130_fd_sc_hd__and2_4)
                                                         _08192_ (net)
                      0.072839    0.000000    6.004927 v _17325_/A (sky130_fd_sc_hd__or2_2)
     4    0.009155    0.148753    0.714991    6.719918 v _17325_/X (sky130_fd_sc_hd__or2_2)
                                                         _08654_ (net)
                      0.148753    0.000000    6.719918 v _17326_/A (sky130_fd_sc_hd__or2_4)
     2    0.005930    0.086507    0.506631    7.226549 v _17326_/X (sky130_fd_sc_hd__or2_4)
                                                         _08655_ (net)
                      0.086507    0.000000    7.226549 v _17327_/B (sky130_fd_sc_hd__or2_2)
     2    0.004632    0.124252    0.641303    7.867852 v _17327_/X (sky130_fd_sc_hd__or2_2)
                                                         _08656_ (net)
                      0.124252    0.000000    7.867852 v _17330_/A (sky130_fd_sc_hd__or3_4)
     1    0.002258    0.109841    0.748606    8.616458 v _17330_/X (sky130_fd_sc_hd__or3_4)
                                                         _08659_ (net)
                      0.109841    0.000000    8.616458 v _17331_/B1 (sky130_fd_sc_hd__a21o_2)
     3    0.011083    0.097069    0.399291    9.015749 v _17331_/X (sky130_fd_sc_hd__a21o_2)
                                                         _08660_ (net)
                      0.097069    0.000000    9.015749 v _17343_/A1 (sky130_fd_sc_hd__a21oi_2)
     5    0.012493    0.297911    0.324500    9.340250 ^ _17343_/Y (sky130_fd_sc_hd__a21oi_2)
                                                         _08672_ (net)
                      0.297911    0.000000    9.340250 ^ _17350_/A1 (sky130_fd_sc_hd__o2111ai_2)
     3    0.009080    0.294581    0.416080    9.756330 v _17350_/Y (sky130_fd_sc_hd__o2111ai_2)
                                                         _08679_ (net)
                      0.294581    0.000000    9.756330 v _17353_/A1 (sky130_fd_sc_hd__a21bo_2)
     3    0.008365    0.087855    0.477451   10.233780 v _17353_/X (sky130_fd_sc_hd__a21bo_2)
                                                         _08682_ (net)
                      0.087855    0.000000   10.233780 v _17360_/C (sky130_fd_sc_hd__and3_2)
     1    0.001366    0.063716    0.421871   10.655652 v _17360_/X (sky130_fd_sc_hd__and3_2)
                                                         _08689_ (net)
                      0.063716    0.000000   10.655652 v _17363_/C (sky130_fd_sc_hd__or4_2)
     1    0.002279    0.209082    1.423943   12.079595 v _17363_/X (sky130_fd_sc_hd__or4_2)
                                                         _08692_ (net)
                      0.209082    0.000000   12.079595 v _17365_/A2 (sky130_fd_sc_hd__a22o_2)
     3    0.037027    0.210180    0.685889   12.765483 v _17365_/X (sky130_fd_sc_hd__a22o_2)
                                                         alu_result_out[31] (net)
                      0.210180    0.000000   12.765483 v alu_result_out[31] (out)
                                             12.765483   data arrival time

                      0.150000   25.000000   25.000000   clock clk (rise edge)
                                  0.000000   25.000000   clock network delay (ideal)
                                 -0.250000   24.750000   clock uncertainty
                                  0.000000   24.750000   clock reconvergence pessimism
                                 -5.000000   19.750000   output external delay
                                             19.750000   data required time
---------------------------------------------------------------------------------------------
                                             19.750000   data required time
                                            -12.765483   data arrival time
---------------------------------------------------------------------------------------------
                                              6.984516   slack (MET)




===========================================================================
report_checks --slack_max -0.01
============================================================================
======================= nom_ss_100C_1v60 Corner ===================================

No paths found.


===========================================================================
 report_check_types -max_slew -max_cap -max_fanout -violators
============================================================================
======================= nom_ss_100C_1v60 Corner ===================================

max slew

Pin                                        Limit        Slew       Slack
------------------------------------------------------------------------
reset                                   0.750000   14.256641  -13.506641 (VIOLATED)
_21772_/A                               0.750000   14.256641  -13.506641 (VIOLATED)
_21773_/A                               0.750000   14.256641  -13.506641 (VIOLATED)
_21774_/A                               0.750000   14.256641  -13.506641 (VIOLATED)
_21775_/A                               0.750000   14.256641  -13.506641 (VIOLATED)
_21776_/A                               0.750000   14.256641  -13.506641 (VIOLATED)
_21777_/A                               0.750000   14.256641  -13.506641 (VIOLATED)
_21778_/A                               0.750000   14.256641  -13.506641 (VIOLATED)
_21779_/A                               0.750000   14.256641  -13.506641 (VIOLATED)
_21780_/A                               0.750000   14.256641  -13.506641 (VIOLATED)
_21781_/A                               0.750000   14.256641  -13.506641 (VIOLATED)
_21782_/A                               0.750000   14.256641  -13.506641 (VIOLATED)
_21783_/A                               0.750000   14.256641  -13.506641 (VIOLATED)
_21784_/A                               0.750000   14.256641  -13.506641 (VIOLATED)
_21785_/A                               0.750000   14.256641  -13.506641 (VIOLATED)
_21786_/A                               0.750000   14.256641  -13.506641 (VIOLATED)
_21787_/A                               0.750000   14.256641  -13.506641 (VIOLATED)
_21788_/A                               0.750000   14.256641  -13.506641 (VIOLATED)
_21789_/A                               0.750000   14.256641  -13.506641 (VIOLATED)
_21790_/A                               0.750000   14.256641  -13.506641 (VIOLATED)
_21791_/A                               0.750000   14.256641  -13.506641 (VIOLATED)
_21792_/A                               0.750000   14.256641  -13.506641 (VIOLATED)
_21793_/A                               0.750000   14.256641  -13.506641 (VIOLATED)
_21794_/A                               0.750000   14.256641  -13.506641 (VIOLATED)
_21795_/A                               0.750000   14.256641  -13.506641 (VIOLATED)
_21796_/A                               0.750000   14.256641  -13.506641 (VIOLATED)
_21797_/A                               0.750000   14.256641  -13.506641 (VIOLATED)
_21798_/A                               0.750000   14.256641  -13.506641 (VIOLATED)
_21799_/A                               0.750000   14.256641  -13.506641 (VIOLATED)
_21800_/A                               0.750000   14.256641  -13.506641 (VIOLATED)
_21801_/A                               0.750000   14.256641  -13.506641 (VIOLATED)
_21802_/A                               0.750000   14.256641  -13.506641 (VIOLATED)
_21803_/A                               0.750000   14.256641  -13.506641 (VIOLATED)
_21804_/A                               0.750000   14.256641  -13.506641 (VIOLATED)
_21805_/A                               0.750000   14.256641  -13.506641 (VIOLATED)
_21806_/A                               0.750000   14.256641  -13.506641 (VIOLATED)
_21807_/A                               0.750000   14.256641  -13.506641 (VIOLATED)
_21808_/A                               0.750000   14.256641  -13.506641 (VIOLATED)
_21809_/A                               0.750000   14.256641  -13.506641 (VIOLATED)
_21810_/A                               0.750000   14.256641  -13.506641 (VIOLATED)
_21811_/A                               0.750000   14.256641  -13.506641 (VIOLATED)
_21812_/A                               0.750000   14.256641  -13.506641 (VIOLATED)
_21813_/A                               0.750000   14.256641  -13.506641 (VIOLATED)
_21814_/A                               0.750000   14.256641  -13.506641 (VIOLATED)
_21815_/A                               0.750000   14.256641  -13.506641 (VIOLATED)
_21816_/A                               0.750000   14.256641  -13.506641 (VIOLATED)
_21817_/A                               0.750000   14.256641  -13.506641 (VIOLATED)
_21818_/A                               0.750000   14.256641  -13.506641 (VIOLATED)
_21819_/A                               0.750000   14.256641  -13.506641 (VIOLATED)
_21820_/A                               0.750000   14.256641  -13.506641 (VIOLATED)
_21821_/A                               0.750000   14.256641  -13.506641 (VIOLATED)
_21822_/A                               0.750000   14.256641  -13.506641 (VIOLATED)
_21823_/A                               0.750000   14.256641  -13.506641 (VIOLATED)
_21824_/A                               0.750000   14.256641  -13.506641 (VIOLATED)
_21825_/A                               0.750000   14.256641  -13.506641 (VIOLATED)
_21826_/A                               0.750000   14.256641  -13.506641 (VIOLATED)
_21827_/A                               0.750000   14.256641  -13.506641 (VIOLATED)
_21828_/A                               0.750000   14.256641  -13.506641 (VIOLATED)
_21829_/A                               0.750000   14.256641  -13.506641 (VIOLATED)
_21830_/A                               0.750000   14.256641  -13.506641 (VIOLATED)
_21831_/A                               0.750000   14.256641  -13.506641 (VIOLATED)
_21832_/A                               0.750000   14.256641  -13.506641 (VIOLATED)
_21833_/A                               0.750000   14.256641  -13.506641 (VIOLATED)
_21834_/A                               0.750000   14.256641  -13.506641 (VIOLATED)
_21835_/A                               0.750000   14.256641  -13.506641 (VIOLATED)
_21836_/A                               0.750000   14.256641  -13.506641 (VIOLATED)
_21837_/A                               0.750000   14.256641  -13.506641 (VIOLATED)
_21838_/A                               0.750000   14.256641  -13.506641 (VIOLATED)
_21839_/A                               0.750000   14.256641  -13.506641 (VIOLATED)
_21840_/A                               0.750000   14.256641  -13.506641 (VIOLATED)
_21841_/A                               0.750000   14.256641  -13.506641 (VIOLATED)
_21842_/A                               0.750000   14.256641  -13.506641 (VIOLATED)
_21843_/A                               0.750000   14.256641  -13.506641 (VIOLATED)
_21844_/A                               0.750000   14.256641  -13.506641 (VIOLATED)
_21845_/A                               0.750000   14.256641  -13.506641 (VIOLATED)
_21846_/A                               0.750000   14.256641  -13.506641 (VIOLATED)
_21847_/A                               0.750000   14.256641  -13.506641 (VIOLATED)
_21848_/A                               0.750000   14.256641  -13.506641 (VIOLATED)
_21849_/A                               0.750000   14.256641  -13.506641 (VIOLATED)
_21850_/A                               0.750000   14.256641  -13.506641 (VIOLATED)
_21851_/A                               0.750000   14.256641  -13.506641 (VIOLATED)
_21852_/A                               0.750000   14.256641  -13.506641 (VIOLATED)
_21853_/A                               0.750000   14.256641  -13.506641 (VIOLATED)
_21854_/A                               0.750000   14.256641  -13.506641 (VIOLATED)
_21855_/A                               0.750000   14.256641  -13.506641 (VIOLATED)
_21856_/A                               0.750000   14.256641  -13.506641 (VIOLATED)
_21857_/A                               0.750000   14.256641  -13.506641 (VIOLATED)
_21858_/A                               0.750000   14.256641  -13.506641 (VIOLATED)
_21859_/A                               0.750000   14.256641  -13.506641 (VIOLATED)
_21860_/A                               0.750000   14.256641  -13.506641 (VIOLATED)
_21861_/A                               0.750000   14.256641  -13.506641 (VIOLATED)
_21862_/A                               0.750000   14.256641  -13.506641 (VIOLATED)
_21863_/A                               0.750000   14.256641  -13.506641 (VIOLATED)
_21864_/A                               0.750000   14.256641  -13.506641 (VIOLATED)
_21865_/A                               0.750000   14.256641  -13.506641 (VIOLATED)
_21866_/A                               0.750000   14.256641  -13.506641 (VIOLATED)
_21867_/A                               0.750000   14.256641  -13.506641 (VIOLATED)
_21868_/A                               0.750000   14.256641  -13.506641 (VIOLATED)
_21869_/A                               0.750000   14.256641  -13.506641 (VIOLATED)
_21870_/A                               0.750000   14.256641  -13.506641 (VIOLATED)
_21871_/A                               0.750000   14.256641  -13.506641 (VIOLATED)
_21872_/A                               0.750000   14.256641  -13.506641 (VIOLATED)
_21873_/A                               0.750000   14.256641  -13.506641 (VIOLATED)
_21874_/A                               0.750000   14.256641  -13.506641 (VIOLATED)
_21875_/A                               0.750000   14.256641  -13.506641 (VIOLATED)
_21876_/A                               0.750000   14.256641  -13.506641 (VIOLATED)
_21877_/A                               0.750000   14.256641  -13.506641 (VIOLATED)
_21878_/A                               0.750000   14.256641  -13.506641 (VIOLATED)
_21879_/A                               0.750000   14.256641  -13.506641 (VIOLATED)
_21880_/A                               0.750000   14.256641  -13.506641 (VIOLATED)
_21881_/A                               0.750000   14.256641  -13.506641 (VIOLATED)
_21882_/A                               0.750000   14.256641  -13.506641 (VIOLATED)
_21883_/A                               0.750000   14.256641  -13.506641 (VIOLATED)
_21884_/A                               0.750000   14.256641  -13.506641 (VIOLATED)
_21885_/A                               0.750000   14.256641  -13.506641 (VIOLATED)
_21886_/A                               0.750000   14.256641  -13.506641 (VIOLATED)
_21887_/A                               0.750000   14.256641  -13.506641 (VIOLATED)
_21888_/A                               0.750000   14.256641  -13.506641 (VIOLATED)
_21889_/A                               0.750000   14.256641  -13.506641 (VIOLATED)
_21890_/A                               0.750000   14.256641  -13.506641 (VIOLATED)
_21891_/A                               0.750000   14.256641  -13.506641 (VIOLATED)
_21892_/A                               0.750000   14.256641  -13.506641 (VIOLATED)
_21893_/A                               0.750000   14.256641  -13.506641 (VIOLATED)
_21894_/A                               0.750000   14.256641  -13.506641 (VIOLATED)
_21895_/A                               0.750000   14.256641  -13.506641 (VIOLATED)
_21896_/A                               0.750000   14.256641  -13.506641 (VIOLATED)
_21897_/A                               0.750000   14.256641  -13.506641 (VIOLATED)
_21898_/A                               0.750000   14.256641  -13.506641 (VIOLATED)
_21899_/A                               0.750000   14.256641  -13.506641 (VIOLATED)
_21900_/A                               0.750000   14.256641  -13.506641 (VIOLATED)
_21901_/A                               0.750000   14.256641  -13.506641 (VIOLATED)
_21902_/A                               0.750000   14.256641  -13.506641 (VIOLATED)
_21903_/A                               0.750000   14.256641  -13.506641 (VIOLATED)
_21904_/A                               0.750000   14.256641  -13.506641 (VIOLATED)
_21905_/A                               0.750000   14.256641  -13.506641 (VIOLATED)
_21906_/A                               0.750000   14.256641  -13.506641 (VIOLATED)
_21907_/A                               0.750000   14.256641  -13.506641 (VIOLATED)
_21908_/A                               0.750000   14.256641  -13.506641 (VIOLATED)
_21909_/A                               0.750000   14.256641  -13.506641 (VIOLATED)
_21910_/A                               0.750000   14.256641  -13.506641 (VIOLATED)
_21911_/A                               0.750000   14.256641  -13.506641 (VIOLATED)
_21912_/A                               0.750000   14.256641  -13.506641 (VIOLATED)
_21913_/A                               0.750000   14.256641  -13.506641 (VIOLATED)
_21914_/A                               0.750000   14.256641  -13.506641 (VIOLATED)
_21915_/A                               0.750000   14.256641  -13.506641 (VIOLATED)
_21916_/A                               0.750000   14.256641  -13.506641 (VIOLATED)
_21917_/A                               0.750000   14.256641  -13.506641 (VIOLATED)
_21918_/A                               0.750000   14.256641  -13.506641 (VIOLATED)
_21919_/A                               0.750000   14.256641  -13.506641 (VIOLATED)
_21920_/A                               0.750000   14.256641  -13.506641 (VIOLATED)
_21921_/A                               0.750000   14.256641  -13.506641 (VIOLATED)
_21922_/A                               0.750000   14.256641  -13.506641 (VIOLATED)
_21923_/A                               0.750000   14.256641  -13.506641 (VIOLATED)
_21924_/A                               0.750000   14.256641  -13.506641 (VIOLATED)
_21925_/A                               0.750000   14.256641  -13.506641 (VIOLATED)
_21926_/A                               0.750000   14.256641  -13.506641 (VIOLATED)
_21927_/A                               0.750000   14.256641  -13.506641 (VIOLATED)
_21928_/A                               0.750000   14.256641  -13.506641 (VIOLATED)
_21929_/A                               0.750000   14.256641  -13.506641 (VIOLATED)
_21930_/A                               0.750000   14.256641  -13.506641 (VIOLATED)
_21931_/A                               0.750000   14.256641  -13.506641 (VIOLATED)
_21932_/A                               0.750000   14.256641  -13.506641 (VIOLATED)
_21933_/A                               0.750000   14.256641  -13.506641 (VIOLATED)
_21934_/A                               0.750000   14.256641  -13.506641 (VIOLATED)
_21935_/A                               0.750000   14.256641  -13.506641 (VIOLATED)
_21936_/A                               0.750000   14.256641  -13.506641 (VIOLATED)
_21937_/A                               0.750000   14.256641  -13.506641 (VIOLATED)
_21938_/A                               0.750000   14.256641  -13.506641 (VIOLATED)
_21939_/A                               0.750000   14.256641  -13.506641 (VIOLATED)
_21940_/A                               0.750000   14.256641  -13.506641 (VIOLATED)
_21941_/A                               0.750000   14.256641  -13.506641 (VIOLATED)
_21942_/A                               0.750000   14.256641  -13.506641 (VIOLATED)
_21943_/A                               0.750000   14.256641  -13.506641 (VIOLATED)
_21944_/A                               0.750000   14.256641  -13.506641 (VIOLATED)
_21945_/A                               0.750000   14.256641  -13.506641 (VIOLATED)
_21946_/A                               0.750000   14.256641  -13.506641 (VIOLATED)
_21947_/A                               0.750000   14.256641  -13.506641 (VIOLATED)
_21948_/A                               0.750000   14.256641  -13.506641 (VIOLATED)
_21949_/A                               0.750000   14.256641  -13.506641 (VIOLATED)
_21950_/A                               0.750000   14.256641  -13.506641 (VIOLATED)
_21951_/A                               0.750000   14.256641  -13.506641 (VIOLATED)
_21952_/A                               0.750000   14.256641  -13.506641 (VIOLATED)
_21953_/A                               0.750000   14.256641  -13.506641 (VIOLATED)
_21954_/A                               0.750000   14.256641  -13.506641 (VIOLATED)
_21955_/A                               0.750000   14.256641  -13.506641 (VIOLATED)
_21956_/A                               0.750000   14.256641  -13.506641 (VIOLATED)
_21957_/A                               0.750000   14.256641  -13.506641 (VIOLATED)
_21958_/A                               0.750000   14.256641  -13.506641 (VIOLATED)
_21959_/A                               0.750000   14.256641  -13.506641 (VIOLATED)
_21960_/A                               0.750000   14.256641  -13.506641 (VIOLATED)
_21961_/A                               0.750000   14.256641  -13.506641 (VIOLATED)
_21962_/A                               0.750000   14.256641  -13.506641 (VIOLATED)
_21963_/A                               0.750000   14.256641  -13.506641 (VIOLATED)
_21964_/A                               0.750000   14.256641  -13.506641 (VIOLATED)
_21965_/A                               0.750000   14.256641  -13.506641 (VIOLATED)
_21966_/A                               0.750000   14.256641  -13.506641 (VIOLATED)
_21967_/A                               0.750000   14.256641  -13.506641 (VIOLATED)
_21968_/A                               0.750000   14.256641  -13.506641 (VIOLATED)
_21969_/A                               0.750000   14.256641  -13.506641 (VIOLATED)
_21970_/A                               0.750000   14.256641  -13.506641 (VIOLATED)
_21971_/A                               0.750000   14.256641  -13.506641 (VIOLATED)
_21972_/A                               0.750000   14.256641  -13.506641 (VIOLATED)
_21973_/A                               0.750000   14.256641  -13.506641 (VIOLATED)
_21974_/A                               0.750000   14.256641  -13.506641 (VIOLATED)
_21975_/A                               0.750000   14.256641  -13.506641 (VIOLATED)
_21976_/A                               0.750000   14.256641  -13.506641 (VIOLATED)
_21977_/A                               0.750000   14.256641  -13.506641 (VIOLATED)
_21978_/A                               0.750000   14.256641  -13.506641 (VIOLATED)
_21979_/A                               0.750000   14.256641  -13.506641 (VIOLATED)
_21980_/A                               0.750000   14.256641  -13.506641 (VIOLATED)
_21981_/A                               0.750000   14.256641  -13.506641 (VIOLATED)
_21982_/A                               0.750000   14.256641  -13.506641 (VIOLATED)
_21983_/A                               0.750000   14.256641  -13.506641 (VIOLATED)
_21984_/A                               0.750000   14.256641  -13.506641 (VIOLATED)
_21985_/A                               0.750000   14.256641  -13.506641 (VIOLATED)
_21986_/A                               0.750000   14.256641  -13.506641 (VIOLATED)
_21987_/A                               0.750000   14.256641  -13.506641 (VIOLATED)
_21988_/A                               0.750000   14.256641  -13.506641 (VIOLATED)
_21989_/A                               0.750000   14.256641  -13.506641 (VIOLATED)
_21990_/A                               0.750000   14.256641  -13.506641 (VIOLATED)
_21991_/A                               0.750000   14.256641  -13.506641 (VIOLATED)
_21992_/A                               0.750000   14.256641  -13.506641 (VIOLATED)
_21993_/A                               0.750000   14.256641  -13.506641 (VIOLATED)
_21994_/A                               0.750000   14.256641  -13.506641 (VIOLATED)
_21995_/A                               0.750000   14.256641  -13.506641 (VIOLATED)
_21996_/A                               0.750000   14.256641  -13.506641 (VIOLATED)
_21997_/A                               0.750000   14.256641  -13.506641 (VIOLATED)
_21998_/A                               0.750000   14.256641  -13.506641 (VIOLATED)
_21999_/A                               0.750000   14.256641  -13.506641 (VIOLATED)
_22000_/A                               0.750000   14.256641  -13.506641 (VIOLATED)
_22001_/A                               0.750000   14.256641  -13.506641 (VIOLATED)
_22002_/A                               0.750000   14.256641  -13.506641 (VIOLATED)
_22003_/A                               0.750000   14.256641  -13.506641 (VIOLATED)
_22004_/A                               0.750000   14.256641  -13.506641 (VIOLATED)
_22005_/A                               0.750000   14.256641  -13.506641 (VIOLATED)
_22006_/A                               0.750000   14.256641  -13.506641 (VIOLATED)
_22007_/A                               0.750000   14.256641  -13.506641 (VIOLATED)
_22008_/A                               0.750000   14.256641  -13.506641 (VIOLATED)
_22009_/A                               0.750000   14.256641  -13.506641 (VIOLATED)
_22010_/A                               0.750000   14.256641  -13.506641 (VIOLATED)
_22011_/A                               0.750000   14.256641  -13.506641 (VIOLATED)
_22012_/A                               0.750000   14.256641  -13.506641 (VIOLATED)
_22013_/A                               0.750000   14.256641  -13.506641 (VIOLATED)
_22014_/A                               0.750000   14.256641  -13.506641 (VIOLATED)
_22015_/A                               0.750000   14.256641  -13.506641 (VIOLATED)
_22016_/A                               0.750000   14.256641  -13.506641 (VIOLATED)
_22017_/A                               0.750000   14.256641  -13.506641 (VIOLATED)
_22018_/A                               0.750000   14.256641  -13.506641 (VIOLATED)
_22019_/A                               0.750000   14.256641  -13.506641 (VIOLATED)
_22020_/A                               0.750000   14.256641  -13.506641 (VIOLATED)
_22021_/A                               0.750000   14.256641  -13.506641 (VIOLATED)
_22022_/A                               0.750000   14.256641  -13.506641 (VIOLATED)
_22023_/A                               0.750000   14.256641  -13.506641 (VIOLATED)
_22024_/A                               0.750000   14.256641  -13.506641 (VIOLATED)
_22025_/A                               0.750000   14.256641  -13.506641 (VIOLATED)
_22026_/A                               0.750000   14.256641  -13.506641 (VIOLATED)
_22027_/A                               0.750000   14.256641  -13.506641 (VIOLATED)
_22028_/A                               0.750000   14.256641  -13.506641 (VIOLATED)
_22029_/A                               0.750000   14.256641  -13.506641 (VIOLATED)
_22030_/A                               0.750000   14.256641  -13.506641 (VIOLATED)
_22031_/A                               0.750000   14.256641  -13.506641 (VIOLATED)
_22032_/A                               0.750000   14.256641  -13.506641 (VIOLATED)
_22033_/A                               0.750000   14.256641  -13.506641 (VIOLATED)
_22034_/A                               0.750000   14.256641  -13.506641 (VIOLATED)
_22035_/A                               0.750000   14.256641  -13.506641 (VIOLATED)
_22036_/A                               0.750000   14.256641  -13.506641 (VIOLATED)
_22037_/A                               0.750000   14.256641  -13.506641 (VIOLATED)
_22038_/A                               0.750000   14.256641  -13.506641 (VIOLATED)
_22039_/A                               0.750000   14.256641  -13.506641 (VIOLATED)
_22040_/A                               0.750000   14.256641  -13.506641 (VIOLATED)
_22041_/A                               0.750000   14.256641  -13.506641 (VIOLATED)
_22042_/A                               0.750000   14.256641  -13.506641 (VIOLATED)
_22043_/A                               0.750000   14.256641  -13.506641 (VIOLATED)
_22044_/A                               0.750000   14.256641  -13.506641 (VIOLATED)
_22045_/A                               0.750000   14.256641  -13.506641 (VIOLATED)
_22046_/A                               0.750000   14.256641  -13.506641 (VIOLATED)
_22047_/A                               0.750000   14.256641  -13.506641 (VIOLATED)
_22048_/A                               0.750000   14.256641  -13.506641 (VIOLATED)
_22049_/A                               0.750000   14.256641  -13.506641 (VIOLATED)
_22050_/A                               0.750000   14.256641  -13.506641 (VIOLATED)
_22051_/A                               0.750000   14.256641  -13.506641 (VIOLATED)
_22052_/A                               0.750000   14.256641  -13.506641 (VIOLATED)
_22053_/A                               0.750000   14.256641  -13.506641 (VIOLATED)
_22054_/A                               0.750000   14.256641  -13.506641 (VIOLATED)
_22055_/A                               0.750000   14.256641  -13.506641 (VIOLATED)
_22056_/A                               0.750000   14.256641  -13.506641 (VIOLATED)
_22057_/A                               0.750000   14.256641  -13.506641 (VIOLATED)
_22058_/A                               0.750000   14.256641  -13.506641 (VIOLATED)
_22059_/A                               0.750000   14.256641  -13.506641 (VIOLATED)
_22060_/A                               0.750000   14.256641  -13.506641 (VIOLATED)
_22061_/A                               0.750000   14.256641  -13.506641 (VIOLATED)
_22062_/A                               0.750000   14.256641  -13.506641 (VIOLATED)
_22063_/A                               0.750000   14.256641  -13.506641 (VIOLATED)
_22064_/A                               0.750000   14.256641  -13.506641 (VIOLATED)
_22065_/A                               0.750000   14.256641  -13.506641 (VIOLATED)
_22066_/A                               0.750000   14.256641  -13.506641 (VIOLATED)
_22067_/A                               0.750000   14.256641  -13.506641 (VIOLATED)
_22068_/A                               0.750000   14.256641  -13.506641 (VIOLATED)
_22069_/A                               0.750000   14.256641  -13.506641 (VIOLATED)
_22070_/A                               0.750000   14.256641  -13.506641 (VIOLATED)
_22071_/A                               0.750000   14.256641  -13.506641 (VIOLATED)
_22072_/A                               0.750000   14.256641  -13.506641 (VIOLATED)
_22073_/A                               0.750000   14.256641  -13.506641 (VIOLATED)
_22074_/A                               0.750000   14.256641  -13.506641 (VIOLATED)
_22075_/A                               0.750000   14.256641  -13.506641 (VIOLATED)
_22076_/A                               0.750000   14.256641  -13.506641 (VIOLATED)
_22077_/A                               0.750000   14.256641  -13.506641 (VIOLATED)
_22078_/A                               0.750000   14.256641  -13.506641 (VIOLATED)
_22079_/A                               0.750000   14.256641  -13.506641 (VIOLATED)
_22080_/A                               0.750000   14.256641  -13.506641 (VIOLATED)
_22081_/A                               0.750000   14.256641  -13.506641 (VIOLATED)
_22082_/A                               0.750000   14.256641  -13.506641 (VIOLATED)
_22083_/A                               0.750000   14.256641  -13.506641 (VIOLATED)
_22084_/A                               0.750000   14.256641  -13.506641 (VIOLATED)
_22085_/A                               0.750000   14.256641  -13.506641 (VIOLATED)
_22086_/A                               0.750000   14.256641  -13.506641 (VIOLATED)
_22087_/A                               0.750000   14.256641  -13.506641 (VIOLATED)
_22088_/A                               0.750000   14.256641  -13.506641 (VIOLATED)
_22089_/A                               0.750000   14.256641  -13.506641 (VIOLATED)
_22090_/A                               0.750000   14.256641  -13.506641 (VIOLATED)
_22091_/A                               0.750000   14.256641  -13.506641 (VIOLATED)
_22092_/A                               0.750000   14.256641  -13.506641 (VIOLATED)
_22093_/A                               0.750000   14.256641  -13.506641 (VIOLATED)
_22094_/A                               0.750000   14.256641  -13.506641 (VIOLATED)
_22095_/A                               0.750000   14.256641  -13.506641 (VIOLATED)
_22096_/A                               0.750000   14.256641  -13.506641 (VIOLATED)
_22097_/A                               0.750000   14.256641  -13.506641 (VIOLATED)
_22098_/A                               0.750000   14.256641  -13.506641 (VIOLATED)
_22099_/A                               0.750000   14.256641  -13.506641 (VIOLATED)
_22100_/A                               0.750000   14.256641  -13.506641 (VIOLATED)
_22101_/A                               0.750000   14.256641  -13.506641 (VIOLATED)
_22102_/A                               0.750000   14.256641  -13.506641 (VIOLATED)
_22103_/A                               0.750000   14.256641  -13.506641 (VIOLATED)
_22104_/A                               0.750000   14.256641  -13.506641 (VIOLATED)
_22105_/A                               0.750000   14.256641  -13.506641 (VIOLATED)
_22106_/A                               0.750000   14.256641  -13.506641 (VIOLATED)
_22107_/A                               0.750000   14.256641  -13.506641 (VIOLATED)
_22108_/A                               0.750000   14.256641  -13.506641 (VIOLATED)
_22109_/A                               0.750000   14.256641  -13.506641 (VIOLATED)
_22110_/A                               0.750000   14.256641  -13.506641 (VIOLATED)
_22111_/A                               0.750000   14.256641  -13.506641 (VIOLATED)
_22112_/A                               0.750000   14.256641  -13.506641 (VIOLATED)
_22113_/A                               0.750000   14.256641  -13.506641 (VIOLATED)
_22114_/A                               0.750000   14.256641  -13.506641 (VIOLATED)
_22115_/A                               0.750000   14.256641  -13.506641 (VIOLATED)
_22116_/A                               0.750000   14.256641  -13.506641 (VIOLATED)
_22117_/A                               0.750000   14.256641  -13.506641 (VIOLATED)
_22118_/A                               0.750000   14.256641  -13.506641 (VIOLATED)
_22119_/A                               0.750000   14.256641  -13.506641 (VIOLATED)
_22120_/A                               0.750000   14.256641  -13.506641 (VIOLATED)
_22121_/A                               0.750000   14.256641  -13.506641 (VIOLATED)
_22122_/A                               0.750000   14.256641  -13.506641 (VIOLATED)
_22123_/A                               0.750000   14.256641  -13.506641 (VIOLATED)
_22124_/A                               0.750000   14.256641  -13.506641 (VIOLATED)
_22125_/A                               0.750000   14.256641  -13.506641 (VIOLATED)
_22126_/A                               0.750000   14.256641  -13.506641 (VIOLATED)
_22127_/A                               0.750000   14.256641  -13.506641 (VIOLATED)
_22128_/A                               0.750000   14.256641  -13.506641 (VIOLATED)
_22129_/A                               0.750000   14.256641  -13.506641 (VIOLATED)
_22130_/A                               0.750000   14.256641  -13.506641 (VIOLATED)
_22131_/A                               0.750000   14.256641  -13.506641 (VIOLATED)
_22132_/A                               0.750000   14.256641  -13.506641 (VIOLATED)
_22133_/A                               0.750000   14.256641  -13.506641 (VIOLATED)
_22134_/A                               0.750000   14.256641  -13.506641 (VIOLATED)
_22135_/A                               0.750000   14.256641  -13.506641 (VIOLATED)
_22136_/A                               0.750000   14.256641  -13.506641 (VIOLATED)
_22137_/A                               0.750000   14.256641  -13.506641 (VIOLATED)
_22138_/A                               0.750000   14.256641  -13.506641 (VIOLATED)
_22139_/A                               0.750000   14.256641  -13.506641 (VIOLATED)
_22140_/A                               0.750000   14.256641  -13.506641 (VIOLATED)
_22141_/A                               0.750000   14.256641  -13.506641 (VIOLATED)
_22142_/A                               0.750000   14.256641  -13.506641 (VIOLATED)
_22143_/A                               0.750000   14.256641  -13.506641 (VIOLATED)
_22144_/A                               0.750000   14.256641  -13.506641 (VIOLATED)
_22145_/A                               0.750000   14.256641  -13.506641 (VIOLATED)
_22146_/A                               0.750000   14.256641  -13.506641 (VIOLATED)
_22147_/A                               0.750000   14.256641  -13.506641 (VIOLATED)
_22148_/A                               0.750000   14.256641  -13.506641 (VIOLATED)
_22149_/A                               0.750000   14.256641  -13.506641 (VIOLATED)
_22150_/A                               0.750000   14.256641  -13.506641 (VIOLATED)
_22151_/A                               0.750000   14.256641  -13.506641 (VIOLATED)
_22152_/A                               0.750000   14.256641  -13.506641 (VIOLATED)
_22153_/A                               0.750000   14.256641  -13.506641 (VIOLATED)
_22154_/A                               0.750000   14.256641  -13.506641 (VIOLATED)
_22155_/A                               0.750000   14.256641  -13.506641 (VIOLATED)
_22156_/A                               0.750000   14.256641  -13.506641 (VIOLATED)
_22157_/A                               0.750000   14.256641  -13.506641 (VIOLATED)
_22158_/A                               0.750000   14.256641  -13.506641 (VIOLATED)
_22159_/A                               0.750000   14.256641  -13.506641 (VIOLATED)
_22160_/A                               0.750000   14.256641  -13.506641 (VIOLATED)
_22161_/A                               0.750000   14.256641  -13.506641 (VIOLATED)
_22162_/A                               0.750000   14.256641  -13.506641 (VIOLATED)
_22163_/A                               0.750000   14.256641  -13.506641 (VIOLATED)
_22164_/A                               0.750000   14.256641  -13.506641 (VIOLATED)
_22165_/A                               0.750000   14.256641  -13.506641 (VIOLATED)
_22166_/A                               0.750000   14.256641  -13.506641 (VIOLATED)
_22167_/A                               0.750000   14.256641  -13.506641 (VIOLATED)
_22168_/A                               0.750000   14.256641  -13.506641 (VIOLATED)
_22169_/A                               0.750000   14.256641  -13.506641 (VIOLATED)
_22170_/A                               0.750000   14.256641  -13.506641 (VIOLATED)
_22171_/A                               0.750000   14.256641  -13.506641 (VIOLATED)
_22172_/A                               0.750000   14.256641  -13.506641 (VIOLATED)
_22173_/A                               0.750000   14.256641  -13.506641 (VIOLATED)
_22174_/A                               0.750000   14.256641  -13.506641 (VIOLATED)
_22175_/A                               0.750000   14.256641  -13.506641 (VIOLATED)
_22176_/A                               0.750000   14.256641  -13.506641 (VIOLATED)
_22177_/A                               0.750000   14.256641  -13.506641 (VIOLATED)
_22178_/A                               0.750000   14.256641  -13.506641 (VIOLATED)
_22179_/A                               0.750000   14.256641  -13.506641 (VIOLATED)
_22180_/A                               0.750000   14.256641  -13.506641 (VIOLATED)
_22181_/A                               0.750000   14.256641  -13.506641 (VIOLATED)
_22182_/A                               0.750000   14.256641  -13.506641 (VIOLATED)
_22183_/A                               0.750000   14.256641  -13.506641 (VIOLATED)
_22184_/A                               0.750000   14.256641  -13.506641 (VIOLATED)
_22185_/A                               0.750000   14.256641  -13.506641 (VIOLATED)
_22186_/A                               0.750000   14.256641  -13.506641 (VIOLATED)
_22187_/A                               0.750000   14.256641  -13.506641 (VIOLATED)
_22188_/A                               0.750000   14.256641  -13.506641 (VIOLATED)
_22189_/A                               0.750000   14.256641  -13.506641 (VIOLATED)
_22190_/A                               0.750000   14.256641  -13.506641 (VIOLATED)
_22191_/A                               0.750000   14.256641  -13.506641 (VIOLATED)
_22192_/A                               0.750000   14.256641  -13.506641 (VIOLATED)
_22193_/A                               0.750000   14.256641  -13.506641 (VIOLATED)
_22194_/A                               0.750000   14.256641  -13.506641 (VIOLATED)
_22195_/A                               0.750000   14.256641  -13.506641 (VIOLATED)
_22196_/A                               0.750000   14.256641  -13.506641 (VIOLATED)
_22197_/A                               0.750000   14.256641  -13.506641 (VIOLATED)
_22198_/A                               0.750000   14.256641  -13.506641 (VIOLATED)
_22199_/A                               0.750000   14.256641  -13.506641 (VIOLATED)
_22200_/A                               0.750000   14.256641  -13.506641 (VIOLATED)
_22201_/A                               0.750000   14.256641  -13.506641 (VIOLATED)
_22202_/A                               0.750000   14.256641  -13.506641 (VIOLATED)
_22203_/A                               0.750000   14.256641  -13.506641 (VIOLATED)
_22204_/A                               0.750000   14.256641  -13.506641 (VIOLATED)
_22205_/A                               0.750000   14.256641  -13.506641 (VIOLATED)
_22206_/A                               0.750000   14.256641  -13.506641 (VIOLATED)
_22207_/A                               0.750000   14.256641  -13.506641 (VIOLATED)
_22208_/A                               0.750000   14.256641  -13.506641 (VIOLATED)
_22209_/A                               0.750000   14.256641  -13.506641 (VIOLATED)
_22210_/A                               0.750000   14.256641  -13.506641 (VIOLATED)
_22211_/A                               0.750000   14.256641  -13.506641 (VIOLATED)
_22212_/A                               0.750000   14.256641  -13.506641 (VIOLATED)
_22213_/A                               0.750000   14.256641  -13.506641 (VIOLATED)
alu_result_out[28]                      0.750000    1.218041   -0.468041 (VIOLATED)
_17476_/Y                               0.750000    1.218041   -0.468041 (VIOLATED)
_17480_/B1                              0.750000    1.218041   -0.468041 (VIOLATED)
_18373_/A                               0.750000    1.218041   -0.468041 (VIOLATED)
_21772_/Y                               0.750000    1.146417   -0.396417 (VIOLATED)
_21773_/Y                               0.750000    1.146417   -0.396417 (VIOLATED)
_21774_/Y                               0.750000    1.146417   -0.396417 (VIOLATED)
_21775_/Y                               0.750000    1.146417   -0.396417 (VIOLATED)
_21776_/Y                               0.750000    1.146417   -0.396417 (VIOLATED)
_21777_/Y                               0.750000    1.146417   -0.396417 (VIOLATED)
_21778_/Y                               0.750000    1.146417   -0.396417 (VIOLATED)
_21779_/Y                               0.750000    1.146417   -0.396417 (VIOLATED)
_21780_/Y                               0.750000    1.146417   -0.396417 (VIOLATED)
_21781_/Y                               0.750000    1.146417   -0.396417 (VIOLATED)
_21782_/Y                               0.750000    1.146417   -0.396417 (VIOLATED)
_21783_/Y                               0.750000    1.146417   -0.396417 (VIOLATED)
_21784_/Y                               0.750000    1.146417   -0.396417 (VIOLATED)
_21785_/Y                               0.750000    1.146417   -0.396417 (VIOLATED)
_21786_/Y                               0.750000    1.146417   -0.396417 (VIOLATED)
_21787_/Y                               0.750000    1.146417   -0.396417 (VIOLATED)
_21788_/Y                               0.750000    1.146417   -0.396417 (VIOLATED)
_21789_/Y                               0.750000    1.146417   -0.396417 (VIOLATED)
_21790_/Y                               0.750000    1.146417   -0.396417 (VIOLATED)
_21791_/Y                               0.750000    1.146417   -0.396417 (VIOLATED)
_21792_/Y                               0.750000    1.146417   -0.396417 (VIOLATED)
_21793_/Y                               0.750000    1.146417   -0.396417 (VIOLATED)
_21794_/Y                               0.750000    1.146417   -0.396417 (VIOLATED)
_21795_/Y                               0.750000    1.146417   -0.396417 (VIOLATED)
_21796_/Y                               0.750000    1.146417   -0.396417 (VIOLATED)
_21797_/Y                               0.750000    1.146417   -0.396417 (VIOLATED)
_21798_/Y                               0.750000    1.146417   -0.396417 (VIOLATED)
_21799_/Y                               0.750000    1.146417   -0.396417 (VIOLATED)
_21800_/Y                               0.750000    1.146417   -0.396417 (VIOLATED)
_21801_/Y                               0.750000    1.146417   -0.396417 (VIOLATED)
_21802_/Y                               0.750000    1.146417   -0.396417 (VIOLATED)
_21803_/Y                               0.750000    1.146417   -0.396417 (VIOLATED)
_21804_/Y                               0.750000    1.146417   -0.396417 (VIOLATED)
_21805_/Y                               0.750000    1.146417   -0.396417 (VIOLATED)
_21806_/Y                               0.750000    1.146417   -0.396417 (VIOLATED)
_21807_/Y                               0.750000    1.146417   -0.396417 (VIOLATED)
_21808_/Y                               0.750000    1.146417   -0.396417 (VIOLATED)
_21809_/Y                               0.750000    1.146417   -0.396417 (VIOLATED)
_21810_/Y                               0.750000    1.146417   -0.396417 (VIOLATED)
_21811_/Y                               0.750000    1.146417   -0.396417 (VIOLATED)
_21812_/Y                               0.750000    1.146417   -0.396417 (VIOLATED)
_21813_/Y                               0.750000    1.146417   -0.396417 (VIOLATED)
_21814_/Y                               0.750000    1.146417   -0.396417 (VIOLATED)
_21815_/Y                               0.750000    1.146417   -0.396417 (VIOLATED)
_21816_/Y                               0.750000    1.146417   -0.396417 (VIOLATED)
_21817_/Y                               0.750000    1.146417   -0.396417 (VIOLATED)
_21818_/Y                               0.750000    1.146417   -0.396417 (VIOLATED)
_21819_/Y                               0.750000    1.146417   -0.396417 (VIOLATED)
_21820_/Y                               0.750000    1.146417   -0.396417 (VIOLATED)
_21821_/Y                               0.750000    1.146417   -0.396417 (VIOLATED)
_21822_/Y                               0.750000    1.146417   -0.396417 (VIOLATED)
_21823_/Y                               0.750000    1.146417   -0.396417 (VIOLATED)
_21824_/Y                               0.750000    1.146417   -0.396417 (VIOLATED)
_21825_/Y                               0.750000    1.146417   -0.396417 (VIOLATED)
_21826_/Y                               0.750000    1.146417   -0.396417 (VIOLATED)
_21827_/Y                               0.750000    1.146417   -0.396417 (VIOLATED)
_21828_/Y                               0.750000    1.146417   -0.396417 (VIOLATED)
_21829_/Y                               0.750000    1.146417   -0.396417 (VIOLATED)
_21830_/Y                               0.750000    1.146417   -0.396417 (VIOLATED)
_21831_/Y                               0.750000    1.146417   -0.396417 (VIOLATED)
_21832_/Y                               0.750000    1.146417   -0.396417 (VIOLATED)
_21833_/Y                               0.750000    1.146417   -0.396417 (VIOLATED)
_21834_/Y                               0.750000    1.146417   -0.396417 (VIOLATED)
_21835_/Y                               0.750000    1.146417   -0.396417 (VIOLATED)
_21836_/Y                               0.750000    1.146417   -0.396417 (VIOLATED)
_21837_/Y                               0.750000    1.146417   -0.396417 (VIOLATED)
_21838_/Y                               0.750000    1.146417   -0.396417 (VIOLATED)
_21839_/Y                               0.750000    1.146417   -0.396417 (VIOLATED)
_21840_/Y                               0.750000    1.146417   -0.396417 (VIOLATED)
_21841_/Y                               0.750000    1.146417   -0.396417 (VIOLATED)
_21842_/Y                               0.750000    1.146417   -0.396417 (VIOLATED)
_21843_/Y                               0.750000    1.146417   -0.396417 (VIOLATED)
_21844_/Y                               0.750000    1.146417   -0.396417 (VIOLATED)
_21845_/Y                               0.750000    1.146417   -0.396417 (VIOLATED)
_21846_/Y                               0.750000    1.146417   -0.396417 (VIOLATED)
_21847_/Y                               0.750000    1.146417   -0.396417 (VIOLATED)
_21848_/Y                               0.750000    1.146417   -0.396417 (VIOLATED)
_21849_/Y                               0.750000    1.146417   -0.396417 (VIOLATED)
_21850_/Y                               0.750000    1.146417   -0.396417 (VIOLATED)
_21851_/Y                               0.750000    1.146417   -0.396417 (VIOLATED)
_21852_/Y                               0.750000    1.146417   -0.396417 (VIOLATED)
_21853_/Y                               0.750000    1.146417   -0.396417 (VIOLATED)
_21854_/Y                               0.750000    1.146417   -0.396417 (VIOLATED)
_21855_/Y                               0.750000    1.146417   -0.396417 (VIOLATED)
_21856_/Y                               0.750000    1.146417   -0.396417 (VIOLATED)
_21857_/Y                               0.750000    1.146417   -0.396417 (VIOLATED)
_21858_/Y                               0.750000    1.146417   -0.396417 (VIOLATED)
_21859_/Y                               0.750000    1.146417   -0.396417 (VIOLATED)
_21860_/Y                               0.750000    1.146417   -0.396417 (VIOLATED)
_21861_/Y                               0.750000    1.146417   -0.396417 (VIOLATED)
_21862_/Y                               0.750000    1.146417   -0.396417 (VIOLATED)
_21864_/Y                               0.750000    1.146417   -0.396417 (VIOLATED)
_21866_/Y                               0.750000    1.146417   -0.396417 (VIOLATED)
_21867_/Y                               0.750000    1.146417   -0.396417 (VIOLATED)
_21868_/Y                               0.750000    1.146417   -0.396417 (VIOLATED)
_21869_/Y                               0.750000    1.146417   -0.396417 (VIOLATED)
_21870_/Y                               0.750000    1.146417   -0.396417 (VIOLATED)
_21871_/Y                               0.750000    1.146417   -0.396417 (VIOLATED)
_21872_/Y                               0.750000    1.146417   -0.396417 (VIOLATED)
_21873_/Y                               0.750000    1.146417   -0.396417 (VIOLATED)
_21874_/Y                               0.750000    1.146417   -0.396417 (VIOLATED)
_21875_/Y                               0.750000    1.146417   -0.396417 (VIOLATED)
_21876_/Y                               0.750000    1.146417   -0.396417 (VIOLATED)
_21877_/Y                               0.750000    1.146417   -0.396417 (VIOLATED)
_21878_/Y                               0.750000    1.146417   -0.396417 (VIOLATED)
_21879_/Y                               0.750000    1.146417   -0.396417 (VIOLATED)
_21880_/Y                               0.750000    1.146417   -0.396417 (VIOLATED)
_21881_/Y                               0.750000    1.146417   -0.396417 (VIOLATED)
_21882_/Y                               0.750000    1.146417   -0.396417 (VIOLATED)
_21883_/Y                               0.750000    1.146417   -0.396417 (VIOLATED)
_21884_/Y                               0.750000    1.146417   -0.396417 (VIOLATED)
_21885_/Y                               0.750000    1.146417   -0.396417 (VIOLATED)
_21886_/Y                               0.750000    1.146417   -0.396417 (VIOLATED)
_21887_/Y                               0.750000    1.146417   -0.396417 (VIOLATED)
_21888_/Y                               0.750000    1.146417   -0.396417 (VIOLATED)
_21889_/Y                               0.750000    1.146417   -0.396417 (VIOLATED)
_21890_/Y                               0.750000    1.146417   -0.396417 (VIOLATED)
_21891_/Y                               0.750000    1.146417   -0.396417 (VIOLATED)
_21892_/Y                               0.750000    1.146417   -0.396417 (VIOLATED)
_21893_/Y                               0.750000    1.146417   -0.396417 (VIOLATED)
_21895_/Y                               0.750000    1.146417   -0.396417 (VIOLATED)
_21897_/Y                               0.750000    1.146417   -0.396417 (VIOLATED)
_21898_/Y                               0.750000    1.146417   -0.396417 (VIOLATED)
_21899_/Y                               0.750000    1.146417   -0.396417 (VIOLATED)
_21900_/Y                               0.750000    1.146417   -0.396417 (VIOLATED)
_21901_/Y                               0.750000    1.146417   -0.396417 (VIOLATED)
_21902_/Y                               0.750000    1.146417   -0.396417 (VIOLATED)
_21903_/Y                               0.750000    1.146417   -0.396417 (VIOLATED)
_21904_/Y                               0.750000    1.146417   -0.396417 (VIOLATED)
_21905_/Y                               0.750000    1.146417   -0.396417 (VIOLATED)
_21906_/Y                               0.750000    1.146417   -0.396417 (VIOLATED)
_21907_/Y                               0.750000    1.146417   -0.396417 (VIOLATED)
_21908_/Y                               0.750000    1.146417   -0.396417 (VIOLATED)
_21909_/Y                               0.750000    1.146417   -0.396417 (VIOLATED)
_21910_/Y                               0.750000    1.146417   -0.396417 (VIOLATED)
_21911_/Y                               0.750000    1.146417   -0.396417 (VIOLATED)
_21912_/Y                               0.750000    1.146417   -0.396417 (VIOLATED)
_21913_/Y                               0.750000    1.146417   -0.396417 (VIOLATED)
_21914_/Y                               0.750000    1.146417   -0.396417 (VIOLATED)
_21915_/Y                               0.750000    1.146417   -0.396417 (VIOLATED)
_21916_/Y                               0.750000    1.146417   -0.396417 (VIOLATED)
_21917_/Y                               0.750000    1.146417   -0.396417 (VIOLATED)
_21918_/Y                               0.750000    1.146417   -0.396417 (VIOLATED)
_21919_/Y                               0.750000    1.146417   -0.396417 (VIOLATED)
_21920_/Y                               0.750000    1.146417   -0.396417 (VIOLATED)
_21921_/Y                               0.750000    1.146417   -0.396417 (VIOLATED)
_21922_/Y                               0.750000    1.146417   -0.396417 (VIOLATED)
_21923_/Y                               0.750000    1.146417   -0.396417 (VIOLATED)
_21924_/Y                               0.750000    1.146417   -0.396417 (VIOLATED)
_21925_/Y                               0.750000    1.146417   -0.396417 (VIOLATED)
_21926_/Y                               0.750000    1.146417   -0.396417 (VIOLATED)
_21927_/Y                               0.750000    1.146417   -0.396417 (VIOLATED)
_21928_/Y                               0.750000    1.146417   -0.396417 (VIOLATED)
_21929_/Y                               0.750000    1.146417   -0.396417 (VIOLATED)
_21930_/Y                               0.750000    1.146417   -0.396417 (VIOLATED)
_21931_/Y                               0.750000    1.146417   -0.396417 (VIOLATED)
_21932_/Y                               0.750000    1.146417   -0.396417 (VIOLATED)
_21933_/Y                               0.750000    1.146417   -0.396417 (VIOLATED)
_21934_/Y                               0.750000    1.146417   -0.396417 (VIOLATED)
_21935_/Y                               0.750000    1.146417   -0.396417 (VIOLATED)
_21936_/Y                               0.750000    1.146417   -0.396417 (VIOLATED)
_21937_/Y                               0.750000    1.146417   -0.396417 (VIOLATED)
_21938_/Y                               0.750000    1.146417   -0.396417 (VIOLATED)
_21939_/Y                               0.750000    1.146417   -0.396417 (VIOLATED)
_21940_/Y                               0.750000    1.146417   -0.396417 (VIOLATED)
_21941_/Y                               0.750000    1.146417   -0.396417 (VIOLATED)
_21942_/Y                               0.750000    1.146417   -0.396417 (VIOLATED)
_21943_/Y                               0.750000    1.146417   -0.396417 (VIOLATED)
_21944_/Y                               0.750000    1.146417   -0.396417 (VIOLATED)
_21945_/Y                               0.750000    1.146417   -0.396417 (VIOLATED)
_21946_/Y                               0.750000    1.146417   -0.396417 (VIOLATED)
_21947_/Y                               0.750000    1.146417   -0.396417 (VIOLATED)
_21948_/Y                               0.750000    1.146417   -0.396417 (VIOLATED)
_21949_/Y                               0.750000    1.146417   -0.396417 (VIOLATED)
_21950_/Y                               0.750000    1.146417   -0.396417 (VIOLATED)
_21951_/Y                               0.750000    1.146417   -0.396417 (VIOLATED)
_21952_/Y                               0.750000    1.146417   -0.396417 (VIOLATED)
_21953_/Y                               0.750000    1.146417   -0.396417 (VIOLATED)
_21954_/Y                               0.750000    1.146417   -0.396417 (VIOLATED)
_21955_/Y                               0.750000    1.146417   -0.396417 (VIOLATED)
_21956_/Y                               0.750000    1.146417   -0.396417 (VIOLATED)
_21957_/Y                               0.750000    1.146417   -0.396417 (VIOLATED)
_21958_/Y                               0.750000    1.146417   -0.396417 (VIOLATED)
_21959_/Y                               0.750000    1.146417   -0.396417 (VIOLATED)
_21960_/Y                               0.750000    1.146417   -0.396417 (VIOLATED)
_21961_/Y                               0.750000    1.146417   -0.396417 (VIOLATED)
_21962_/Y                               0.750000    1.146417   -0.396417 (VIOLATED)
_21963_/Y                               0.750000    1.146417   -0.396417 (VIOLATED)
_21964_/Y                               0.750000    1.146417   -0.396417 (VIOLATED)
_21965_/Y                               0.750000    1.146417   -0.396417 (VIOLATED)
_21966_/Y                               0.750000    1.146417   -0.396417 (VIOLATED)
_21967_/Y                               0.750000    1.146417   -0.396417 (VIOLATED)
_21968_/Y                               0.750000    1.146417   -0.396417 (VIOLATED)
_21969_/Y                               0.750000    1.146417   -0.396417 (VIOLATED)
_21970_/Y                               0.750000    1.146417   -0.396417 (VIOLATED)
_21971_/Y                               0.750000    1.146417   -0.396417 (VIOLATED)
_21972_/Y                               0.750000    1.146417   -0.396417 (VIOLATED)
_21973_/Y                               0.750000    1.146417   -0.396417 (VIOLATED)
_21974_/Y                               0.750000    1.146417   -0.396417 (VIOLATED)
_21975_/Y                               0.750000    1.146417   -0.396417 (VIOLATED)
_21976_/Y                               0.750000    1.146417   -0.396417 (VIOLATED)
_21977_/Y                               0.750000    1.146417   -0.396417 (VIOLATED)
_21978_/Y                               0.750000    1.146417   -0.396417 (VIOLATED)
_21979_/Y                               0.750000    1.146417   -0.396417 (VIOLATED)
_21980_/Y                               0.750000    1.146417   -0.396417 (VIOLATED)
_21981_/Y                               0.750000    1.146417   -0.396417 (VIOLATED)
_21982_/Y                               0.750000    1.146417   -0.396417 (VIOLATED)
_21983_/Y                               0.750000    1.146417   -0.396417 (VIOLATED)
_21984_/Y                               0.750000    1.146417   -0.396417 (VIOLATED)
_21985_/Y                               0.750000    1.146417   -0.396417 (VIOLATED)
_21986_/Y                               0.750000    1.146417   -0.396417 (VIOLATED)
_21987_/Y                               0.750000    1.146417   -0.396417 (VIOLATED)
_21988_/Y                               0.750000    1.146417   -0.396417 (VIOLATED)
_21989_/Y                               0.750000    1.146417   -0.396417 (VIOLATED)
_21990_/Y                               0.750000    1.146417   -0.396417 (VIOLATED)
_21991_/Y                               0.750000    1.146417   -0.396417 (VIOLATED)
_21992_/Y                               0.750000    1.146417   -0.396417 (VIOLATED)
_21993_/Y                               0.750000    1.146417   -0.396417 (VIOLATED)
_21994_/Y                               0.750000    1.146417   -0.396417 (VIOLATED)
_21995_/Y                               0.750000    1.146417   -0.396417 (VIOLATED)
_21996_/Y                               0.750000    1.146417   -0.396417 (VIOLATED)
_21997_/Y                               0.750000    1.146417   -0.396417 (VIOLATED)
_21998_/Y                               0.750000    1.146417   -0.396417 (VIOLATED)
_21999_/Y                               0.750000    1.146417   -0.396417 (VIOLATED)
_22000_/Y                               0.750000    1.146417   -0.396417 (VIOLATED)
_22001_/Y                               0.750000    1.146417   -0.396417 (VIOLATED)
_22002_/Y                               0.750000    1.146417   -0.396417 (VIOLATED)
_22003_/Y                               0.750000    1.146417   -0.396417 (VIOLATED)
_22004_/Y                               0.750000    1.146417   -0.396417 (VIOLATED)
_22005_/Y                               0.750000    1.146417   -0.396417 (VIOLATED)
_22006_/Y                               0.750000    1.146417   -0.396417 (VIOLATED)
_22007_/Y                               0.750000    1.146417   -0.396417 (VIOLATED)
_22008_/Y                               0.750000    1.146417   -0.396417 (VIOLATED)
_22009_/Y                               0.750000    1.146417   -0.396417 (VIOLATED)
_22010_/Y                               0.750000    1.146417   -0.396417 (VIOLATED)
_22011_/Y                               0.750000    1.146417   -0.396417 (VIOLATED)
_22012_/Y                               0.750000    1.146417   -0.396417 (VIOLATED)
_22013_/Y                               0.750000    1.146417   -0.396417 (VIOLATED)
_22014_/Y                               0.750000    1.146417   -0.396417 (VIOLATED)
_22015_/Y                               0.750000    1.146417   -0.396417 (VIOLATED)
_22016_/Y                               0.750000    1.146417   -0.396417 (VIOLATED)
_22017_/Y                               0.750000    1.146417   -0.396417 (VIOLATED)
_22018_/Y                               0.750000    1.146417   -0.396417 (VIOLATED)
_22019_/Y                               0.750000    1.146417   -0.396417 (VIOLATED)
_22020_/Y                               0.750000    1.146417   -0.396417 (VIOLATED)
_22021_/Y                               0.750000    1.146417   -0.396417 (VIOLATED)
_22022_/Y                               0.750000    1.146417   -0.396417 (VIOLATED)
_22023_/Y                               0.750000    1.146417   -0.396417 (VIOLATED)
_22024_/Y                               0.750000    1.146417   -0.396417 (VIOLATED)
_22025_/Y                               0.750000    1.146417   -0.396417 (VIOLATED)
_22026_/Y                               0.750000    1.146417   -0.396417 (VIOLATED)
_22027_/Y                               0.750000    1.146417   -0.396417 (VIOLATED)
_22028_/Y                               0.750000    1.146417   -0.396417 (VIOLATED)
_22029_/Y                               0.750000    1.146417   -0.396417 (VIOLATED)
_22030_/Y                               0.750000    1.146417   -0.396417 (VIOLATED)
_22031_/Y                               0.750000    1.146417   -0.396417 (VIOLATED)
_22032_/Y                               0.750000    1.146417   -0.396417 (VIOLATED)
_22033_/Y                               0.750000    1.146417   -0.396417 (VIOLATED)
_22034_/Y                               0.750000    1.146417   -0.396417 (VIOLATED)
_22035_/Y                               0.750000    1.146417   -0.396417 (VIOLATED)
_22036_/Y                               0.750000    1.146417   -0.396417 (VIOLATED)
_22037_/Y                               0.750000    1.146417   -0.396417 (VIOLATED)
_22038_/Y                               0.750000    1.146417   -0.396417 (VIOLATED)
_22039_/Y                               0.750000    1.146417   -0.396417 (VIOLATED)
_22040_/Y                               0.750000    1.146417   -0.396417 (VIOLATED)
_22041_/Y                               0.750000    1.146417   -0.396417 (VIOLATED)
_22042_/Y                               0.750000    1.146417   -0.396417 (VIOLATED)
_22043_/Y                               0.750000    1.146417   -0.396417 (VIOLATED)
_22044_/Y                               0.750000    1.146417   -0.396417 (VIOLATED)
_22045_/Y                               0.750000    1.146417   -0.396417 (VIOLATED)
_22046_/Y                               0.750000    1.146417   -0.396417 (VIOLATED)
_22047_/Y                               0.750000    1.146417   -0.396417 (VIOLATED)
_22048_/Y                               0.750000    1.146417   -0.396417 (VIOLATED)
_22049_/Y                               0.750000    1.146417   -0.396417 (VIOLATED)
_22050_/Y                               0.750000    1.146417   -0.396417 (VIOLATED)
_22051_/Y                               0.750000    1.146417   -0.396417 (VIOLATED)
_22052_/Y                               0.750000    1.146417   -0.396417 (VIOLATED)
_22053_/Y                               0.750000    1.146417   -0.396417 (VIOLATED)
_22054_/Y                               0.750000    1.146417   -0.396417 (VIOLATED)
_22055_/Y                               0.750000    1.146417   -0.396417 (VIOLATED)
_22056_/Y                               0.750000    1.146417   -0.396417 (VIOLATED)
_22057_/Y                               0.750000    1.146417   -0.396417 (VIOLATED)
_22058_/Y                               0.750000    1.146417   -0.396417 (VIOLATED)
_22059_/Y                               0.750000    1.146417   -0.396417 (VIOLATED)
_22060_/Y                               0.750000    1.146417   -0.396417 (VIOLATED)
_22061_/Y                               0.750000    1.146417   -0.396417 (VIOLATED)
_22062_/Y                               0.750000    1.146417   -0.396417 (VIOLATED)
_22063_/Y                               0.750000    1.146417   -0.396417 (VIOLATED)
_22064_/Y                               0.750000    1.146417   -0.396417 (VIOLATED)
_22065_/Y                               0.750000    1.146417   -0.396417 (VIOLATED)
_22066_/Y                               0.750000    1.146417   -0.396417 (VIOLATED)
_22067_/Y                               0.750000    1.146417   -0.396417 (VIOLATED)
_22068_/Y                               0.750000    1.146417   -0.396417 (VIOLATED)
_22069_/Y                               0.750000    1.146417   -0.396417 (VIOLATED)
_22070_/Y                               0.750000    1.146417   -0.396417 (VIOLATED)
_22071_/Y                               0.750000    1.146417   -0.396417 (VIOLATED)
_22072_/Y                               0.750000    1.146417   -0.396417 (VIOLATED)
_22073_/Y                               0.750000    1.146417   -0.396417 (VIOLATED)
_22074_/Y                               0.750000    1.146417   -0.396417 (VIOLATED)
_22075_/Y                               0.750000    1.146417   -0.396417 (VIOLATED)
_22076_/Y                               0.750000    1.146417   -0.396417 (VIOLATED)
_22077_/Y                               0.750000    1.146417   -0.396417 (VIOLATED)
_22078_/Y                               0.750000    1.146417   -0.396417 (VIOLATED)
_22079_/Y                               0.750000    1.146417   -0.396417 (VIOLATED)
_22080_/Y                               0.750000    1.146417   -0.396417 (VIOLATED)
_22081_/Y                               0.750000    1.146417   -0.396417 (VIOLATED)
_22082_/Y                               0.750000    1.146417   -0.396417 (VIOLATED)
_22083_/Y                               0.750000    1.146417   -0.396417 (VIOLATED)
_22084_/Y                               0.750000    1.146417   -0.396417 (VIOLATED)
_22085_/Y                               0.750000    1.146417   -0.396417 (VIOLATED)
_22086_/Y                               0.750000    1.146417   -0.396417 (VIOLATED)
_22087_/Y                               0.750000    1.146417   -0.396417 (VIOLATED)
_22088_/Y                               0.750000    1.146417   -0.396417 (VIOLATED)
_22089_/Y                               0.750000    1.146417   -0.396417 (VIOLATED)
_22090_/Y                               0.750000    1.146417   -0.396417 (VIOLATED)
_22091_/Y                               0.750000    1.146417   -0.396417 (VIOLATED)
_22092_/Y                               0.750000    1.146417   -0.396417 (VIOLATED)
_22093_/Y                               0.750000    1.146417   -0.396417 (VIOLATED)
_22094_/Y                               0.750000    1.146417   -0.396417 (VIOLATED)
_22095_/Y                               0.750000    1.146417   -0.396417 (VIOLATED)
_22096_/Y                               0.750000    1.146417   -0.396417 (VIOLATED)
_22097_/Y                               0.750000    1.146417   -0.396417 (VIOLATED)
_22098_/Y                               0.750000    1.146417   -0.396417 (VIOLATED)
_22099_/Y                               0.750000    1.146417   -0.396417 (VIOLATED)
_22100_/Y                               0.750000    1.146417   -0.396417 (VIOLATED)
_22101_/Y                               0.750000    1.146417   -0.396417 (VIOLATED)
_22102_/Y                               0.750000    1.146417   -0.396417 (VIOLATED)
_22103_/Y                               0.750000    1.146417   -0.396417 (VIOLATED)
_22104_/Y                               0.750000    1.146417   -0.396417 (VIOLATED)
_22105_/Y                               0.750000    1.146417   -0.396417 (VIOLATED)
_22106_/Y                               0.750000    1.146417   -0.396417 (VIOLATED)
_22107_/Y                               0.750000    1.146417   -0.396417 (VIOLATED)
_22108_/Y                               0.750000    1.146417   -0.396417 (VIOLATED)
_22109_/Y                               0.750000    1.146417   -0.396417 (VIOLATED)
_22110_/Y                               0.750000    1.146417   -0.396417 (VIOLATED)
_22111_/Y                               0.750000    1.146417   -0.396417 (VIOLATED)
_22112_/Y                               0.750000    1.146417   -0.396417 (VIOLATED)
_22113_/Y                               0.750000    1.146417   -0.396417 (VIOLATED)
_22114_/Y                               0.750000    1.146417   -0.396417 (VIOLATED)
_22115_/Y                               0.750000    1.146417   -0.396417 (VIOLATED)
_22116_/Y                               0.750000    1.146417   -0.396417 (VIOLATED)
_22117_/Y                               0.750000    1.146417   -0.396417 (VIOLATED)
_22118_/Y                               0.750000    1.146417   -0.396417 (VIOLATED)
_22119_/Y                               0.750000    1.146417   -0.396417 (VIOLATED)
_22120_/Y                               0.750000    1.146417   -0.396417 (VIOLATED)
_22121_/Y                               0.750000    1.146417   -0.396417 (VIOLATED)
_22122_/Y                               0.750000    1.146417   -0.396417 (VIOLATED)
_22123_/Y                               0.750000    1.146417   -0.396417 (VIOLATED)
_22124_/Y                               0.750000    1.146417   -0.396417 (VIOLATED)
_22125_/Y                               0.750000    1.146417   -0.396417 (VIOLATED)
_22126_/Y                               0.750000    1.146417   -0.396417 (VIOLATED)
_22127_/Y                               0.750000    1.146417   -0.396417 (VIOLATED)
_22128_/Y                               0.750000    1.146417   -0.396417 (VIOLATED)
_22129_/Y                               0.750000    1.146417   -0.396417 (VIOLATED)
_22130_/Y                               0.750000    1.146417   -0.396417 (VIOLATED)
_22131_/Y                               0.750000    1.146417   -0.396417 (VIOLATED)
_22132_/Y                               0.750000    1.146417   -0.396417 (VIOLATED)
_22133_/Y                               0.750000    1.146417   -0.396417 (VIOLATED)
_22134_/Y                               0.750000    1.146417   -0.396417 (VIOLATED)
_22135_/Y                               0.750000    1.146417   -0.396417 (VIOLATED)
_22136_/Y                               0.750000    1.146417   -0.396417 (VIOLATED)
_22137_/Y                               0.750000    1.146417   -0.396417 (VIOLATED)
_22138_/Y                               0.750000    1.146417   -0.396417 (VIOLATED)
_22139_/Y                               0.750000    1.146417   -0.396417 (VIOLATED)
_22140_/Y                               0.750000    1.146417   -0.396417 (VIOLATED)
_22141_/Y                               0.750000    1.146417   -0.396417 (VIOLATED)
_22142_/Y                               0.750000    1.146417   -0.396417 (VIOLATED)
_22143_/Y                               0.750000    1.146417   -0.396417 (VIOLATED)
_22144_/Y                               0.750000    1.146417   -0.396417 (VIOLATED)
_22145_/Y                               0.750000    1.146417   -0.396417 (VIOLATED)
_22146_/Y                               0.750000    1.146417   -0.396417 (VIOLATED)
_22147_/Y                               0.750000    1.146417   -0.396417 (VIOLATED)
_22148_/Y                               0.750000    1.146417   -0.396417 (VIOLATED)
_22149_/Y                               0.750000    1.146417   -0.396417 (VIOLATED)
_22150_/Y                               0.750000    1.146417   -0.396417 (VIOLATED)
_22151_/Y                               0.750000    1.146417   -0.396417 (VIOLATED)
_22152_/Y                               0.750000    1.146417   -0.396417 (VIOLATED)
_22153_/Y                               0.750000    1.146417   -0.396417 (VIOLATED)
_22154_/Y                               0.750000    1.146417   -0.396417 (VIOLATED)
_22155_/Y                               0.750000    1.146417   -0.396417 (VIOLATED)
_22156_/Y                               0.750000    1.146417   -0.396417 (VIOLATED)
_22157_/Y                               0.750000    1.146417   -0.396417 (VIOLATED)
_22158_/Y                               0.750000    1.146417   -0.396417 (VIOLATED)
_22159_/Y                               0.750000    1.146417   -0.396417 (VIOLATED)
_22160_/Y                               0.750000    1.146417   -0.396417 (VIOLATED)
_22161_/Y                               0.750000    1.146417   -0.396417 (VIOLATED)
_22162_/Y                               0.750000    1.146417   -0.396417 (VIOLATED)
_22163_/Y                               0.750000    1.146417   -0.396417 (VIOLATED)
_22164_/Y                               0.750000    1.146417   -0.396417 (VIOLATED)
_22165_/Y                               0.750000    1.146417   -0.396417 (VIOLATED)
_22166_/Y                               0.750000    1.146417   -0.396417 (VIOLATED)
_22167_/Y                               0.750000    1.146417   -0.396417 (VIOLATED)
_22168_/Y                               0.750000    1.146417   -0.396417 (VIOLATED)
_22169_/Y                               0.750000    1.146417   -0.396417 (VIOLATED)
_22170_/Y                               0.750000    1.146417   -0.396417 (VIOLATED)
_22171_/Y                               0.750000    1.146417   -0.396417 (VIOLATED)
_22172_/Y                               0.750000    1.146417   -0.396417 (VIOLATED)
_22173_/Y                               0.750000    1.146417   -0.396417 (VIOLATED)
_22174_/Y                               0.750000    1.146417   -0.396417 (VIOLATED)
_22175_/Y                               0.750000    1.146417   -0.396417 (VIOLATED)
_22176_/Y                               0.750000    1.146417   -0.396417 (VIOLATED)
_22177_/Y                               0.750000    1.146417   -0.396417 (VIOLATED)
_22178_/Y                               0.750000    1.146417   -0.396417 (VIOLATED)
_22179_/Y                               0.750000    1.146417   -0.396417 (VIOLATED)
_22180_/Y                               0.750000    1.146417   -0.396417 (VIOLATED)
_22181_/Y                               0.750000    1.146417   -0.396417 (VIOLATED)
_22182_/Y                               0.750000    1.146417   -0.396417 (VIOLATED)
_22183_/Y                               0.750000    1.146417   -0.396417 (VIOLATED)
_22184_/Y                               0.750000    1.146417   -0.396417 (VIOLATED)
_22185_/Y                               0.750000    1.146417   -0.396417 (VIOLATED)
_22186_/Y                               0.750000    1.146417   -0.396417 (VIOLATED)
_22187_/Y                               0.750000    1.146417   -0.396417 (VIOLATED)
_22188_/Y                               0.750000    1.146417   -0.396417 (VIOLATED)
_22189_/Y                               0.750000    1.146417   -0.396417 (VIOLATED)
_22190_/Y                               0.750000    1.146417   -0.396417 (VIOLATED)
_22191_/Y                               0.750000    1.146417   -0.396417 (VIOLATED)
_22192_/Y                               0.750000    1.146417   -0.396417 (VIOLATED)
_22193_/Y                               0.750000    1.146417   -0.396417 (VIOLATED)
_22194_/Y                               0.750000    1.146417   -0.396417 (VIOLATED)
_22195_/Y                               0.750000    1.146417   -0.396417 (VIOLATED)
_22196_/Y                               0.750000    1.146417   -0.396417 (VIOLATED)
_22197_/Y                               0.750000    1.146417   -0.396417 (VIOLATED)
_22198_/Y                               0.750000    1.146417   -0.396417 (VIOLATED)
_22199_/Y                               0.750000    1.146417   -0.396417 (VIOLATED)
_22200_/Y                               0.750000    1.146417   -0.396417 (VIOLATED)
_22201_/Y                               0.750000    1.146417   -0.396417 (VIOLATED)
_22202_/Y                               0.750000    1.146417   -0.396417 (VIOLATED)
_22203_/Y                               0.750000    1.146417   -0.396417 (VIOLATED)
_22204_/Y                               0.750000    1.146417   -0.396417 (VIOLATED)
_22205_/Y                               0.750000    1.146417   -0.396417 (VIOLATED)
_22206_/Y                               0.750000    1.146417   -0.396417 (VIOLATED)
_22207_/Y                               0.750000    1.146417   -0.396417 (VIOLATED)
_22208_/Y                               0.750000    1.146417   -0.396417 (VIOLATED)
_22209_/Y                               0.750000    1.146417   -0.396417 (VIOLATED)
_22210_/Y                               0.750000    1.146417   -0.396417 (VIOLATED)
_22211_/Y                               0.750000    1.146417   -0.396417 (VIOLATED)
_22212_/Y                               0.750000    1.146417   -0.396417 (VIOLATED)
_22213_/Y                               0.750000    1.146417   -0.396417 (VIOLATED)
_27882_/RESET_B                         0.750000    1.146417   -0.396417 (VIOLATED)
_27883_/RESET_B                         0.750000    1.146417   -0.396417 (VIOLATED)
_27884_/RESET_B                         0.750000    1.146417   -0.396417 (VIOLATED)
_27885_/RESET_B                         0.750000    1.146417   -0.396417 (VIOLATED)
_27886_/RESET_B                         0.750000    1.146417   -0.396417 (VIOLATED)
_27887_/RESET_B                         0.750000    1.146417   -0.396417 (VIOLATED)
_27888_/RESET_B                         0.750000    1.146417   -0.396417 (VIOLATED)
_27889_/RESET_B                         0.750000    1.146417   -0.396417 (VIOLATED)
_27890_/RESET_B                         0.750000    1.146417   -0.396417 (VIOLATED)
_27891_/RESET_B                         0.750000    1.146417   -0.396417 (VIOLATED)
_27892_/RESET_B                         0.750000    1.146417   -0.396417 (VIOLATED)
_27893_/RESET_B                         0.750000    1.146417   -0.396417 (VIOLATED)
_27894_/RESET_B                         0.750000    1.146417   -0.396417 (VIOLATED)
_27895_/RESET_B                         0.750000    1.146417   -0.396417 (VIOLATED)
_27896_/RESET_B                         0.750000    1.146417   -0.396417 (VIOLATED)
_27897_/RESET_B                         0.750000    1.146417   -0.396417 (VIOLATED)
_27898_/RESET_B                         0.750000    1.146417   -0.396417 (VIOLATED)
_27899_/RESET_B                         0.750000    1.146417   -0.396417 (VIOLATED)
_27900_/RESET_B                         0.750000    1.146417   -0.396417 (VIOLATED)
_27901_/RESET_B                         0.750000    1.146417   -0.396417 (VIOLATED)
_27902_/RESET_B                         0.750000    1.146417   -0.396417 (VIOLATED)
_27903_/RESET_B                         0.750000    1.146417   -0.396417 (VIOLATED)
_27904_/RESET_B                         0.750000    1.146417   -0.396417 (VIOLATED)
_27905_/RESET_B                         0.750000    1.146417   -0.396417 (VIOLATED)
_27906_/RESET_B                         0.750000    1.146417   -0.396417 (VIOLATED)
_27907_/RESET_B                         0.750000    1.146417   -0.396417 (VIOLATED)
_27908_/RESET_B                         0.750000    1.146417   -0.396417 (VIOLATED)
_27909_/RESET_B                         0.750000    1.146417   -0.396417 (VIOLATED)
_27910_/RESET_B                         0.750000    1.146417   -0.396417 (VIOLATED)
_27911_/RESET_B                         0.750000    1.146417   -0.396417 (VIOLATED)
_27912_/RESET_B                         0.750000    1.146417   -0.396417 (VIOLATED)
_27913_/RESET_B                         0.750000    1.146417   -0.396417 (VIOLATED)
_27914_/RESET_B                         0.750000    1.146417   -0.396417 (VIOLATED)
_27915_/RESET_B                         0.750000    1.146417   -0.396417 (VIOLATED)
_27916_/RESET_B                         0.750000    1.146417   -0.396417 (VIOLATED)
_27917_/RESET_B                         0.750000    1.146417   -0.396417 (VIOLATED)
_27918_/RESET_B                         0.750000    1.146417   -0.396417 (VIOLATED)
_27919_/RESET_B                         0.750000    1.146417   -0.396417 (VIOLATED)
_27920_/RESET_B                         0.750000    1.146417   -0.396417 (VIOLATED)
_27921_/RESET_B                         0.750000    1.146417   -0.396417 (VIOLATED)
_27922_/RESET_B                         0.750000    1.146417   -0.396417 (VIOLATED)
_27923_/RESET_B                         0.750000    1.146417   -0.396417 (VIOLATED)
_27924_/RESET_B                         0.750000    1.146417   -0.396417 (VIOLATED)
_27925_/RESET_B                         0.750000    1.146417   -0.396417 (VIOLATED)
_27926_/RESET_B                         0.750000    1.146417   -0.396417 (VIOLATED)
_27927_/RESET_B                         0.750000    1.146417   -0.396417 (VIOLATED)
_27928_/RESET_B                         0.750000    1.146417   -0.396417 (VIOLATED)
_27929_/RESET_B                         0.750000    1.146417   -0.396417 (VIOLATED)
_27930_/RESET_B                         0.750000    1.146417   -0.396417 (VIOLATED)
_27931_/RESET_B                         0.750000    1.146417   -0.396417 (VIOLATED)
_27932_/RESET_B                         0.750000    1.146417   -0.396417 (VIOLATED)
_27933_/RESET_B                         0.750000    1.146417   -0.396417 (VIOLATED)
_27934_/RESET_B                         0.750000    1.146417   -0.396417 (VIOLATED)
_27935_/RESET_B                         0.750000    1.146417   -0.396417 (VIOLATED)
_27936_/RESET_B                         0.750000    1.146417   -0.396417 (VIOLATED)
_27937_/RESET_B                         0.750000    1.146417   -0.396417 (VIOLATED)
_27938_/RESET_B                         0.750000    1.146417   -0.396417 (VIOLATED)
_27939_/RESET_B                         0.750000    1.146417   -0.396417 (VIOLATED)
_27940_/RESET_B                         0.750000    1.146417   -0.396417 (VIOLATED)
_27941_/RESET_B                         0.750000    1.146417   -0.396417 (VIOLATED)
_27942_/RESET_B                         0.750000    1.146417   -0.396417 (VIOLATED)
_27943_/RESET_B                         0.750000    1.146417   -0.396417 (VIOLATED)
_27944_/RESET_B                         0.750000    1.146417   -0.396417 (VIOLATED)
_27945_/RESET_B                         0.750000    1.146417   -0.396417 (VIOLATED)
_27946_/RESET_B                         0.750000    1.146417   -0.396417 (VIOLATED)
_27947_/RESET_B                         0.750000    1.146417   -0.396417 (VIOLATED)
_27948_/RESET_B                         0.750000    1.146417   -0.396417 (VIOLATED)
_27949_/RESET_B                         0.750000    1.146417   -0.396417 (VIOLATED)
_27950_/RESET_B                         0.750000    1.146417   -0.396417 (VIOLATED)
_27951_/RESET_B                         0.750000    1.146417   -0.396417 (VIOLATED)
_27952_/RESET_B                         0.750000    1.146417   -0.396417 (VIOLATED)
_27953_/RESET_B                         0.750000    1.146417   -0.396417 (VIOLATED)
_27954_/RESET_B                         0.750000    1.146417   -0.396417 (VIOLATED)
_27955_/RESET_B                         0.750000    1.146417   -0.396417 (VIOLATED)
_27956_/RESET_B                         0.750000    1.146417   -0.396417 (VIOLATED)
_27957_/RESET_B                         0.750000    1.146417   -0.396417 (VIOLATED)
_27958_/RESET_B                         0.750000    1.146417   -0.396417 (VIOLATED)
_27959_/RESET_B                         0.750000    1.146417   -0.396417 (VIOLATED)
_27960_/RESET_B                         0.750000    1.146417   -0.396417 (VIOLATED)
_27961_/RESET_B                         0.750000    1.146417   -0.396417 (VIOLATED)
_27962_/RESET_B                         0.750000    1.146417   -0.396417 (VIOLATED)
_27963_/RESET_B                         0.750000    1.146417   -0.396417 (VIOLATED)
_27964_/RESET_B                         0.750000    1.146417   -0.396417 (VIOLATED)
_27965_/RESET_B                         0.750000    1.146417   -0.396417 (VIOLATED)
_27966_/RESET_B                         0.750000    1.146417   -0.396417 (VIOLATED)
_27967_/RESET_B                         0.750000    1.146417   -0.396417 (VIOLATED)
_27968_/RESET_B                         0.750000    1.146417   -0.396417 (VIOLATED)
_27969_/RESET_B                         0.750000    1.146417   -0.396417 (VIOLATED)
_27970_/RESET_B                         0.750000    1.146417   -0.396417 (VIOLATED)
_27971_/RESET_B                         0.750000    1.146417   -0.396417 (VIOLATED)
_27972_/RESET_B                         0.750000    1.146417   -0.396417 (VIOLATED)
_27974_/RESET_B                         0.750000    1.146417   -0.396417 (VIOLATED)
_27976_/RESET_B                         0.750000    1.146417   -0.396417 (VIOLATED)
_27977_/RESET_B                         0.750000    1.146417   -0.396417 (VIOLATED)
_27978_/RESET_B                         0.750000    1.146417   -0.396417 (VIOLATED)
_27979_/RESET_B                         0.750000    1.146417   -0.396417 (VIOLATED)
_27980_/RESET_B                         0.750000    1.146417   -0.396417 (VIOLATED)
_27981_/RESET_B                         0.750000    1.146417   -0.396417 (VIOLATED)
_27982_/RESET_B                         0.750000    1.146417   -0.396417 (VIOLATED)
_27983_/RESET_B                         0.750000    1.146417   -0.396417 (VIOLATED)
_27984_/RESET_B                         0.750000    1.146417   -0.396417 (VIOLATED)
_27985_/RESET_B                         0.750000    1.146417   -0.396417 (VIOLATED)
_27986_/RESET_B                         0.750000    1.146417   -0.396417 (VIOLATED)
_27987_/RESET_B                         0.750000    1.146417   -0.396417 (VIOLATED)
_27988_/RESET_B                         0.750000    1.146417   -0.396417 (VIOLATED)
_27989_/RESET_B                         0.750000    1.146417   -0.396417 (VIOLATED)
_27990_/RESET_B                         0.750000    1.146417   -0.396417 (VIOLATED)
_27991_/RESET_B                         0.750000    1.146417   -0.396417 (VIOLATED)
_27992_/RESET_B                         0.750000    1.146417   -0.396417 (VIOLATED)
_27993_/RESET_B                         0.750000    1.146417   -0.396417 (VIOLATED)
_27994_/RESET_B                         0.750000    1.146417   -0.396417 (VIOLATED)
_27995_/RESET_B                         0.750000    1.146417   -0.396417 (VIOLATED)
_27996_/RESET_B                         0.750000    1.146417   -0.396417 (VIOLATED)
_27997_/RESET_B                         0.750000    1.146417   -0.396417 (VIOLATED)
_27998_/RESET_B                         0.750000    1.146417   -0.396417 (VIOLATED)
_27999_/RESET_B                         0.750000    1.146417   -0.396417 (VIOLATED)
_28000_/RESET_B                         0.750000    1.146417   -0.396417 (VIOLATED)
_28001_/RESET_B                         0.750000    1.146417   -0.396417 (VIOLATED)
_28002_/RESET_B                         0.750000    1.146417   -0.396417 (VIOLATED)
_28003_/RESET_B                         0.750000    1.146417   -0.396417 (VIOLATED)
_28005_/RESET_B                         0.750000    1.146417   -0.396417 (VIOLATED)
_28007_/RESET_B                         0.750000    1.146417   -0.396417 (VIOLATED)
_28008_/RESET_B                         0.750000    1.146417   -0.396417 (VIOLATED)
_28009_/RESET_B                         0.750000    1.146417   -0.396417 (VIOLATED)
_28010_/RESET_B                         0.750000    1.146417   -0.396417 (VIOLATED)
_28011_/RESET_B                         0.750000    1.146417   -0.396417 (VIOLATED)
_28012_/RESET_B                         0.750000    1.146417   -0.396417 (VIOLATED)
_28013_/RESET_B                         0.750000    1.146417   -0.396417 (VIOLATED)
_28014_/RESET_B                         0.750000    1.146417   -0.396417 (VIOLATED)
_28015_/RESET_B                         0.750000    1.146417   -0.396417 (VIOLATED)
_28016_/RESET_B                         0.750000    1.146417   -0.396417 (VIOLATED)
_28017_/RESET_B                         0.750000    1.146417   -0.396417 (VIOLATED)
_28018_/RESET_B                         0.750000    1.146417   -0.396417 (VIOLATED)
_28019_/RESET_B                         0.750000    1.146417   -0.396417 (VIOLATED)
_28020_/RESET_B                         0.750000    1.146417   -0.396417 (VIOLATED)
_28021_/RESET_B                         0.750000    1.146417   -0.396417 (VIOLATED)
_28022_/RESET_B                         0.750000    1.146417   -0.396417 (VIOLATED)
_28023_/RESET_B                         0.750000    1.146417   -0.396417 (VIOLATED)
_28024_/RESET_B                         0.750000    1.146417   -0.396417 (VIOLATED)
_28025_/RESET_B                         0.750000    1.146417   -0.396417 (VIOLATED)
_28026_/RESET_B                         0.750000    1.146417   -0.396417 (VIOLATED)
_28027_/RESET_B                         0.750000    1.146417   -0.396417 (VIOLATED)
_28028_/RESET_B                         0.750000    1.146417   -0.396417 (VIOLATED)
_28029_/RESET_B                         0.750000    1.146417   -0.396417 (VIOLATED)
_28030_/RESET_B                         0.750000    1.146417   -0.396417 (VIOLATED)
_28031_/RESET_B                         0.750000    1.146417   -0.396417 (VIOLATED)
_28032_/RESET_B                         0.750000    1.146417   -0.396417 (VIOLATED)
_28033_/RESET_B                         0.750000    1.146417   -0.396417 (VIOLATED)
_28034_/RESET_B                         0.750000    1.146417   -0.396417 (VIOLATED)
_28035_/RESET_B                         0.750000    1.146417   -0.396417 (VIOLATED)
_28036_/RESET_B                         0.750000    1.146417   -0.396417 (VIOLATED)
_28037_/RESET_B                         0.750000    1.146417   -0.396417 (VIOLATED)
_28038_/RESET_B                         0.750000    1.146417   -0.396417 (VIOLATED)
_28039_/RESET_B                         0.750000    1.146417   -0.396417 (VIOLATED)
_28040_/RESET_B                         0.750000    1.146417   -0.396417 (VIOLATED)
_28041_/RESET_B                         0.750000    1.146417   -0.396417 (VIOLATED)
_28042_/RESET_B                         0.750000    1.146417   -0.396417 (VIOLATED)
_28043_/RESET_B                         0.750000    1.146417   -0.396417 (VIOLATED)
_28044_/RESET_B                         0.750000    1.146417   -0.396417 (VIOLATED)
_28045_/RESET_B                         0.750000    1.146417   -0.396417 (VIOLATED)
_28046_/RESET_B                         0.750000    1.146417   -0.396417 (VIOLATED)
_28047_/RESET_B                         0.750000    1.146417   -0.396417 (VIOLATED)
_28048_/RESET_B                         0.750000    1.146417   -0.396417 (VIOLATED)
_28049_/RESET_B                         0.750000    1.146417   -0.396417 (VIOLATED)
_28050_/RESET_B                         0.750000    1.146417   -0.396417 (VIOLATED)
_28051_/RESET_B                         0.750000    1.146417   -0.396417 (VIOLATED)
_28052_/RESET_B                         0.750000    1.146417   -0.396417 (VIOLATED)
_28053_/RESET_B                         0.750000    1.146417   -0.396417 (VIOLATED)
_28054_/RESET_B                         0.750000    1.146417   -0.396417 (VIOLATED)
_28055_/RESET_B                         0.750000    1.146417   -0.396417 (VIOLATED)
_28056_/RESET_B                         0.750000    1.146417   -0.396417 (VIOLATED)
_28057_/RESET_B                         0.750000    1.146417   -0.396417 (VIOLATED)
_28058_/RESET_B                         0.750000    1.146417   -0.396417 (VIOLATED)
_28059_/RESET_B                         0.750000    1.146417   -0.396417 (VIOLATED)
_28060_/RESET_B                         0.750000    1.146417   -0.396417 (VIOLATED)
_28061_/RESET_B                         0.750000    1.146417   -0.396417 (VIOLATED)
_28062_/RESET_B                         0.750000    1.146417   -0.396417 (VIOLATED)
_28063_/RESET_B                         0.750000    1.146417   -0.396417 (VIOLATED)
_28064_/RESET_B                         0.750000    1.146417   -0.396417 (VIOLATED)
_28065_/RESET_B                         0.750000    1.146417   -0.396417 (VIOLATED)
_28066_/RESET_B                         0.750000    1.146417   -0.396417 (VIOLATED)
_28067_/RESET_B                         0.750000    1.146417   -0.396417 (VIOLATED)
_28068_/RESET_B                         0.750000    1.146417   -0.396417 (VIOLATED)
_28069_/RESET_B                         0.750000    1.146417   -0.396417 (VIOLATED)
_28070_/RESET_B                         0.750000    1.146417   -0.396417 (VIOLATED)
_28071_/RESET_B                         0.750000    1.146417   -0.396417 (VIOLATED)
_28072_/RESET_B                         0.750000    1.146417   -0.396417 (VIOLATED)
_28073_/RESET_B                         0.750000    1.146417   -0.396417 (VIOLATED)
_28074_/RESET_B                         0.750000    1.146417   -0.396417 (VIOLATED)
_28075_/RESET_B                         0.750000    1.146417   -0.396417 (VIOLATED)
_28076_/RESET_B                         0.750000    1.146417   -0.396417 (VIOLATED)
_28077_/RESET_B                         0.750000    1.146417   -0.396417 (VIOLATED)
_28078_/RESET_B                         0.750000    1.146417   -0.396417 (VIOLATED)
_28079_/RESET_B                         0.750000    1.146417   -0.396417 (VIOLATED)
_28080_/RESET_B                         0.750000    1.146417   -0.396417 (VIOLATED)
_28081_/RESET_B                         0.750000    1.146417   -0.396417 (VIOLATED)
_28082_/RESET_B                         0.750000    1.146417   -0.396417 (VIOLATED)
_28083_/RESET_B                         0.750000    1.146417   -0.396417 (VIOLATED)
_28084_/RESET_B                         0.750000    1.146417   -0.396417 (VIOLATED)
_28085_/RESET_B                         0.750000    1.146417   -0.396417 (VIOLATED)
_28086_/RESET_B                         0.750000    1.146417   -0.396417 (VIOLATED)
_28087_/RESET_B                         0.750000    1.146417   -0.396417 (VIOLATED)
_28088_/RESET_B                         0.750000    1.146417   -0.396417 (VIOLATED)
_28089_/RESET_B                         0.750000    1.146417   -0.396417 (VIOLATED)
_28090_/RESET_B                         0.750000    1.146417   -0.396417 (VIOLATED)
_28091_/RESET_B                         0.750000    1.146417   -0.396417 (VIOLATED)
_28092_/RESET_B                         0.750000    1.146417   -0.396417 (VIOLATED)
_28093_/RESET_B                         0.750000    1.146417   -0.396417 (VIOLATED)
_28094_/RESET_B                         0.750000    1.146417   -0.396417 (VIOLATED)
_28095_/RESET_B                         0.750000    1.146417   -0.396417 (VIOLATED)
_28096_/RESET_B                         0.750000    1.146417   -0.396417 (VIOLATED)
_28097_/RESET_B                         0.750000    1.146417   -0.396417 (VIOLATED)
_28098_/RESET_B                         0.750000    1.146417   -0.396417 (VIOLATED)
_28099_/RESET_B                         0.750000    1.146417   -0.396417 (VIOLATED)
_28100_/RESET_B                         0.750000    1.146417   -0.396417 (VIOLATED)
_28101_/RESET_B                         0.750000    1.146417   -0.396417 (VIOLATED)
_28102_/RESET_B                         0.750000    1.146417   -0.396417 (VIOLATED)
_28103_/RESET_B                         0.750000    1.146417   -0.396417 (VIOLATED)
_28104_/RESET_B                         0.750000    1.146417   -0.396417 (VIOLATED)
_28105_/RESET_B                         0.750000    1.146417   -0.396417 (VIOLATED)
_28106_/RESET_B                         0.750000    1.146417   -0.396417 (VIOLATED)
_28107_/RESET_B                         0.750000    1.146417   -0.396417 (VIOLATED)
_28108_/RESET_B                         0.750000    1.146417   -0.396417 (VIOLATED)
_28109_/RESET_B                         0.750000    1.146417   -0.396417 (VIOLATED)
_28110_/RESET_B                         0.750000    1.146417   -0.396417 (VIOLATED)
_28111_/RESET_B                         0.750000    1.146417   -0.396417 (VIOLATED)
_28112_/RESET_B                         0.750000    1.146417   -0.396417 (VIOLATED)
_28113_/RESET_B                         0.750000    1.146417   -0.396417 (VIOLATED)
_28114_/RESET_B                         0.750000    1.146417   -0.396417 (VIOLATED)
_28115_/RESET_B                         0.750000    1.146417   -0.396417 (VIOLATED)
_28116_/RESET_B                         0.750000    1.146417   -0.396417 (VIOLATED)
_28117_/RESET_B                         0.750000    1.146417   -0.396417 (VIOLATED)
_28118_/RESET_B                         0.750000    1.146417   -0.396417 (VIOLATED)
_28119_/RESET_B                         0.750000    1.146417   -0.396417 (VIOLATED)
_28120_/RESET_B                         0.750000    1.146417   -0.396417 (VIOLATED)
_28121_/RESET_B                         0.750000    1.146417   -0.396417 (VIOLATED)
_28122_/RESET_B                         0.750000    1.146417   -0.396417 (VIOLATED)
_28123_/RESET_B                         0.750000    1.146417   -0.396417 (VIOLATED)
_28124_/RESET_B                         0.750000    1.146417   -0.396417 (VIOLATED)
_28125_/RESET_B                         0.750000    1.146417   -0.396417 (VIOLATED)
_28126_/RESET_B                         0.750000    1.146417   -0.396417 (VIOLATED)
_28127_/RESET_B                         0.750000    1.146417   -0.396417 (VIOLATED)
_28128_/RESET_B                         0.750000    1.146417   -0.396417 (VIOLATED)
_28129_/RESET_B                         0.750000    1.146417   -0.396417 (VIOLATED)
_28130_/RESET_B                         0.750000    1.146417   -0.396417 (VIOLATED)
_28131_/RESET_B                         0.750000    1.146417   -0.396417 (VIOLATED)
_28132_/RESET_B                         0.750000    1.146417   -0.396417 (VIOLATED)
_28133_/RESET_B                         0.750000    1.146417   -0.396417 (VIOLATED)
_28134_/RESET_B                         0.750000    1.146417   -0.396417 (VIOLATED)
_28135_/RESET_B                         0.750000    1.146417   -0.396417 (VIOLATED)
_28136_/RESET_B                         0.750000    1.146417   -0.396417 (VIOLATED)
_28137_/RESET_B                         0.750000    1.146417   -0.396417 (VIOLATED)
_28138_/RESET_B                         0.750000    1.146417   -0.396417 (VIOLATED)
_28139_/RESET_B                         0.750000    1.146417   -0.396417 (VIOLATED)
_28140_/RESET_B                         0.750000    1.146417   -0.396417 (VIOLATED)
_28141_/RESET_B                         0.750000    1.146417   -0.396417 (VIOLATED)
_28142_/RESET_B                         0.750000    1.146417   -0.396417 (VIOLATED)
_28143_/RESET_B                         0.750000    1.146417   -0.396417 (VIOLATED)
_28144_/RESET_B                         0.750000    1.146417   -0.396417 (VIOLATED)
_28145_/RESET_B                         0.750000    1.146417   -0.396417 (VIOLATED)
_28146_/RESET_B                         0.750000    1.146417   -0.396417 (VIOLATED)
_28147_/RESET_B                         0.750000    1.146417   -0.396417 (VIOLATED)
_28148_/RESET_B                         0.750000    1.146417   -0.396417 (VIOLATED)
_28149_/RESET_B                         0.750000    1.146417   -0.396417 (VIOLATED)
_28150_/RESET_B                         0.750000    1.146417   -0.396417 (VIOLATED)
_28151_/RESET_B                         0.750000    1.146417   -0.396417 (VIOLATED)
_28152_/RESET_B                         0.750000    1.146417   -0.396417 (VIOLATED)
_28153_/RESET_B                         0.750000    1.146417   -0.396417 (VIOLATED)
_28154_/RESET_B                         0.750000    1.146417   -0.396417 (VIOLATED)
_28155_/RESET_B                         0.750000    1.146417   -0.396417 (VIOLATED)
_28156_/RESET_B                         0.750000    1.146417   -0.396417 (VIOLATED)
_28157_/RESET_B                         0.750000    1.146417   -0.396417 (VIOLATED)
_28158_/RESET_B                         0.750000    1.146417   -0.396417 (VIOLATED)
_28159_/RESET_B                         0.750000    1.146417   -0.396417 (VIOLATED)
_28160_/RESET_B                         0.750000    1.146417   -0.396417 (VIOLATED)
_28161_/RESET_B                         0.750000    1.146417   -0.396417 (VIOLATED)
_28162_/RESET_B                         0.750000    1.146417   -0.396417 (VIOLATED)
_28163_/RESET_B                         0.750000    1.146417   -0.396417 (VIOLATED)
_28164_/RESET_B                         0.750000    1.146417   -0.396417 (VIOLATED)
_28165_/RESET_B                         0.750000    1.146417   -0.396417 (VIOLATED)
_28166_/RESET_B                         0.750000    1.146417   -0.396417 (VIOLATED)
_28167_/RESET_B                         0.750000    1.146417   -0.396417 (VIOLATED)
_28168_/RESET_B                         0.750000    1.146417   -0.396417 (VIOLATED)
_28169_/RESET_B                         0.750000    1.146417   -0.396417 (VIOLATED)
_28170_/RESET_B                         0.750000    1.146417   -0.396417 (VIOLATED)
_28171_/RESET_B                         0.750000    1.146417   -0.396417 (VIOLATED)
_28172_/RESET_B                         0.750000    1.146417   -0.396417 (VIOLATED)
_28173_/RESET_B                         0.750000    1.146417   -0.396417 (VIOLATED)
_28174_/RESET_B                         0.750000    1.146417   -0.396417 (VIOLATED)
_28175_/RESET_B                         0.750000    1.146417   -0.396417 (VIOLATED)
_28176_/RESET_B                         0.750000    1.146417   -0.396417 (VIOLATED)
_28177_/RESET_B                         0.750000    1.146417   -0.396417 (VIOLATED)
_28178_/RESET_B                         0.750000    1.146417   -0.396417 (VIOLATED)
_28179_/RESET_B                         0.750000    1.146417   -0.396417 (VIOLATED)
_28180_/RESET_B                         0.750000    1.146417   -0.396417 (VIOLATED)
_28181_/RESET_B                         0.750000    1.146417   -0.396417 (VIOLATED)
_28182_/RESET_B                         0.750000    1.146417   -0.396417 (VIOLATED)
_28183_/RESET_B                         0.750000    1.146417   -0.396417 (VIOLATED)
_28184_/RESET_B                         0.750000    1.146417   -0.396417 (VIOLATED)
_28185_/RESET_B                         0.750000    1.146417   -0.396417 (VIOLATED)
_28186_/RESET_B                         0.750000    1.146417   -0.396417 (VIOLATED)
_28187_/RESET_B                         0.750000    1.146417   -0.396417 (VIOLATED)
_28188_/RESET_B                         0.750000    1.146417   -0.396417 (VIOLATED)
_28189_/RESET_B                         0.750000    1.146417   -0.396417 (VIOLATED)
_28190_/RESET_B                         0.750000    1.146417   -0.396417 (VIOLATED)
_28191_/RESET_B                         0.750000    1.146417   -0.396417 (VIOLATED)
_28192_/RESET_B                         0.750000    1.146417   -0.396417 (VIOLATED)
_28193_/RESET_B                         0.750000    1.146417   -0.396417 (VIOLATED)
_28194_/RESET_B                         0.750000    1.146417   -0.396417 (VIOLATED)
_28195_/RESET_B                         0.750000    1.146417   -0.396417 (VIOLATED)
_28196_/RESET_B                         0.750000    1.146417   -0.396417 (VIOLATED)
_28197_/RESET_B                         0.750000    1.146417   -0.396417 (VIOLATED)
_28198_/RESET_B                         0.750000    1.146417   -0.396417 (VIOLATED)
_28199_/RESET_B                         0.750000    1.146417   -0.396417 (VIOLATED)
_28200_/RESET_B                         0.750000    1.146417   -0.396417 (VIOLATED)
_28201_/RESET_B                         0.750000    1.146417   -0.396417 (VIOLATED)
_28202_/RESET_B                         0.750000    1.146417   -0.396417 (VIOLATED)
_28203_/RESET_B                         0.750000    1.146417   -0.396417 (VIOLATED)
_28204_/RESET_B                         0.750000    1.146417   -0.396417 (VIOLATED)
_28205_/RESET_B                         0.750000    1.146417   -0.396417 (VIOLATED)
_28206_/RESET_B                         0.750000    1.146417   -0.396417 (VIOLATED)
_28207_/RESET_B                         0.750000    1.146417   -0.396417 (VIOLATED)
_28208_/RESET_B                         0.750000    1.146417   -0.396417 (VIOLATED)
_28209_/RESET_B                         0.750000    1.146417   -0.396417 (VIOLATED)
_28210_/RESET_B                         0.750000    1.146417   -0.396417 (VIOLATED)
_28211_/RESET_B                         0.750000    1.146417   -0.396417 (VIOLATED)
_28212_/RESET_B                         0.750000    1.146417   -0.396417 (VIOLATED)
_28213_/RESET_B                         0.750000    1.146417   -0.396417 (VIOLATED)
_28214_/RESET_B                         0.750000    1.146417   -0.396417 (VIOLATED)
_28215_/RESET_B                         0.750000    1.146417   -0.396417 (VIOLATED)
_28216_/RESET_B                         0.750000    1.146417   -0.396417 (VIOLATED)
_28217_/RESET_B                         0.750000    1.146417   -0.396417 (VIOLATED)
_28218_/RESET_B                         0.750000    1.146417   -0.396417 (VIOLATED)
_28219_/RESET_B                         0.750000    1.146417   -0.396417 (VIOLATED)
_28220_/RESET_B                         0.750000    1.146417   -0.396417 (VIOLATED)
_28221_/RESET_B                         0.750000    1.146417   -0.396417 (VIOLATED)
_28222_/RESET_B                         0.750000    1.146417   -0.396417 (VIOLATED)
_28223_/RESET_B                         0.750000    1.146417   -0.396417 (VIOLATED)
_28224_/RESET_B                         0.750000    1.146417   -0.396417 (VIOLATED)
_28225_/RESET_B                         0.750000    1.146417   -0.396417 (VIOLATED)
_28226_/RESET_B                         0.750000    1.146417   -0.396417 (VIOLATED)
_28227_/RESET_B                         0.750000    1.146417   -0.396417 (VIOLATED)
_28228_/RESET_B                         0.750000    1.146417   -0.396417 (VIOLATED)
_28229_/RESET_B                         0.750000    1.146417   -0.396417 (VIOLATED)
_28230_/RESET_B                         0.750000    1.146417   -0.396417 (VIOLATED)
_28231_/RESET_B                         0.750000    1.146417   -0.396417 (VIOLATED)
_28232_/RESET_B                         0.750000    1.146417   -0.396417 (VIOLATED)
_28233_/RESET_B                         0.750000    1.146417   -0.396417 (VIOLATED)
_28234_/RESET_B                         0.750000    1.146417   -0.396417 (VIOLATED)
_28235_/RESET_B                         0.750000    1.146417   -0.396417 (VIOLATED)
_28236_/RESET_B                         0.750000    1.146417   -0.396417 (VIOLATED)
_28237_/RESET_B                         0.750000    1.146417   -0.396417 (VIOLATED)
_28238_/RESET_B                         0.750000    1.146417   -0.396417 (VIOLATED)
_28239_/RESET_B                         0.750000    1.146417   -0.396417 (VIOLATED)
_28240_/RESET_B                         0.750000    1.146417   -0.396417 (VIOLATED)
_28241_/RESET_B                         0.750000    1.146417   -0.396417 (VIOLATED)
_28242_/RESET_B                         0.750000    1.146417   -0.396417 (VIOLATED)
_28243_/RESET_B                         0.750000    1.146417   -0.396417 (VIOLATED)
_28244_/RESET_B                         0.750000    1.146417   -0.396417 (VIOLATED)
_28245_/RESET_B                         0.750000    1.146417   -0.396417 (VIOLATED)
_28246_/RESET_B                         0.750000    1.146417   -0.396417 (VIOLATED)
_28247_/RESET_B                         0.750000    1.146417   -0.396417 (VIOLATED)
_28248_/RESET_B                         0.750000    1.146417   -0.396417 (VIOLATED)
_28249_/RESET_B                         0.750000    1.146417   -0.396417 (VIOLATED)
_28250_/RESET_B                         0.750000    1.146417   -0.396417 (VIOLATED)
_28251_/RESET_B                         0.750000    1.146417   -0.396417 (VIOLATED)
_28252_/RESET_B                         0.750000    1.146417   -0.396417 (VIOLATED)
_28253_/RESET_B                         0.750000    1.146417   -0.396417 (VIOLATED)
_28254_/RESET_B                         0.750000    1.146417   -0.396417 (VIOLATED)
_28255_/RESET_B                         0.750000    1.146417   -0.396417 (VIOLATED)
_28256_/RESET_B                         0.750000    1.146417   -0.396417 (VIOLATED)
_28257_/RESET_B                         0.750000    1.146417   -0.396417 (VIOLATED)
_28258_/RESET_B                         0.750000    1.146417   -0.396417 (VIOLATED)
_28259_/RESET_B                         0.750000    1.146417   -0.396417 (VIOLATED)
_28260_/RESET_B                         0.750000    1.146417   -0.396417 (VIOLATED)
_28261_/RESET_B                         0.750000    1.146417   -0.396417 (VIOLATED)
_28262_/RESET_B                         0.750000    1.146417   -0.396417 (VIOLATED)
_28263_/RESET_B                         0.750000    1.146417   -0.396417 (VIOLATED)
_28264_/RESET_B                         0.750000    1.146417   -0.396417 (VIOLATED)
_28265_/RESET_B                         0.750000    1.146417   -0.396417 (VIOLATED)
_28266_/RESET_B                         0.750000    1.146417   -0.396417 (VIOLATED)
_28267_/RESET_B                         0.750000    1.146417   -0.396417 (VIOLATED)
_28268_/RESET_B                         0.750000    1.146417   -0.396417 (VIOLATED)
_28269_/RESET_B                         0.750000    1.146417   -0.396417 (VIOLATED)
_28270_/RESET_B                         0.750000    1.146417   -0.396417 (VIOLATED)
_28271_/RESET_B                         0.750000    1.146417   -0.396417 (VIOLATED)
_28272_/RESET_B                         0.750000    1.146417   -0.396417 (VIOLATED)
_28273_/RESET_B                         0.750000    1.146417   -0.396417 (VIOLATED)
_28274_/RESET_B                         0.750000    1.146417   -0.396417 (VIOLATED)
_28275_/RESET_B                         0.750000    1.146417   -0.396417 (VIOLATED)
_28276_/RESET_B                         0.750000    1.146417   -0.396417 (VIOLATED)
_28277_/RESET_B                         0.750000    1.146417   -0.396417 (VIOLATED)
_28278_/RESET_B                         0.750000    1.146417   -0.396417 (VIOLATED)
_28279_/RESET_B                         0.750000    1.146417   -0.396417 (VIOLATED)
_28280_/RESET_B                         0.750000    1.146417   -0.396417 (VIOLATED)
_28281_/RESET_B                         0.750000    1.146417   -0.396417 (VIOLATED)
_28282_/RESET_B                         0.750000    1.146417   -0.396417 (VIOLATED)
_28283_/RESET_B                         0.750000    1.146417   -0.396417 (VIOLATED)
_28284_/RESET_B                         0.750000    1.146417   -0.396417 (VIOLATED)
_28285_/RESET_B                         0.750000    1.146417   -0.396417 (VIOLATED)
_28286_/RESET_B                         0.750000    1.146417   -0.396417 (VIOLATED)
_28287_/RESET_B                         0.750000    1.146417   -0.396417 (VIOLATED)
_28288_/RESET_B                         0.750000    1.146417   -0.396417 (VIOLATED)
_28289_/RESET_B                         0.750000    1.146417   -0.396417 (VIOLATED)
_28290_/RESET_B                         0.750000    1.146417   -0.396417 (VIOLATED)
_28291_/RESET_B                         0.750000    1.146417   -0.396417 (VIOLATED)
_28292_/RESET_B                         0.750000    1.146417   -0.396417 (VIOLATED)
_28293_/RESET_B                         0.750000    1.146417   -0.396417 (VIOLATED)
_28294_/RESET_B                         0.750000    1.146417   -0.396417 (VIOLATED)
_28295_/RESET_B                         0.750000    1.146417   -0.396417 (VIOLATED)
_28296_/RESET_B                         0.750000    1.146417   -0.396417 (VIOLATED)
_28297_/RESET_B                         0.750000    1.146417   -0.396417 (VIOLATED)
_28298_/RESET_B                         0.750000    1.146417   -0.396417 (VIOLATED)
_28299_/RESET_B                         0.750000    1.146417   -0.396417 (VIOLATED)
_28300_/RESET_B                         0.750000    1.146417   -0.396417 (VIOLATED)
_28301_/RESET_B                         0.750000    1.146417   -0.396417 (VIOLATED)
_28302_/RESET_B                         0.750000    1.146417   -0.396417 (VIOLATED)
_28303_/RESET_B                         0.750000    1.146417   -0.396417 (VIOLATED)
_28304_/RESET_B                         0.750000    1.146417   -0.396417 (VIOLATED)
_28305_/RESET_B                         0.750000    1.146417   -0.396417 (VIOLATED)
_28306_/RESET_B                         0.750000    1.146417   -0.396417 (VIOLATED)
_28307_/RESET_B                         0.750000    1.146417   -0.396417 (VIOLATED)
_28308_/RESET_B                         0.750000    1.146417   -0.396417 (VIOLATED)
_28309_/RESET_B                         0.750000    1.146417   -0.396417 (VIOLATED)
_28310_/RESET_B                         0.750000    1.146417   -0.396417 (VIOLATED)
_28311_/RESET_B                         0.750000    1.146417   -0.396417 (VIOLATED)
_28312_/RESET_B                         0.750000    1.146417   -0.396417 (VIOLATED)
_28313_/RESET_B                         0.750000    1.146417   -0.396417 (VIOLATED)
_28314_/RESET_B                         0.750000    1.146417   -0.396417 (VIOLATED)
_28315_/RESET_B                         0.750000    1.146417   -0.396417 (VIOLATED)
_28316_/RESET_B                         0.750000    1.146417   -0.396417 (VIOLATED)
_28317_/RESET_B                         0.750000    1.146417   -0.396417 (VIOLATED)
_28318_/RESET_B                         0.750000    1.146417   -0.396417 (VIOLATED)
_28319_/RESET_B                         0.750000    1.146417   -0.396417 (VIOLATED)
_28320_/RESET_B                         0.750000    1.146417   -0.396417 (VIOLATED)
_28321_/RESET_B                         0.750000    1.146417   -0.396417 (VIOLATED)
_28322_/RESET_B                         0.750000    1.146417   -0.396417 (VIOLATED)
_28323_/RESET_B                         0.750000    1.146417   -0.396417 (VIOLATED)
_21863_/Y                               0.750000    1.134137   -0.384137 (VIOLATED)
_21865_/Y                               0.750000    1.134137   -0.384137 (VIOLATED)
_21894_/Y                               0.750000    1.134137   -0.384137 (VIOLATED)
_21896_/Y                               0.750000    1.134137   -0.384137 (VIOLATED)
_27973_/SET_B                           0.750000    1.134137   -0.384137 (VIOLATED)
_27975_/SET_B                           0.750000    1.134137   -0.384137 (VIOLATED)
_28004_/SET_B                           0.750000    1.134137   -0.384137 (VIOLATED)
_28006_/SET_B                           0.750000    1.134137   -0.384137 (VIOLATED)
instruction_out[24]                     0.750000    1.128171   -0.378171 (VIOLATED)
_17172_/X                               0.750000    1.128171   -0.378171 (VIOLATED)
_17173_/S                               0.750000    1.128171   -0.378171 (VIOLATED)
_17175_/S                               0.750000    1.128171   -0.378171 (VIOLATED)
_17177_/S                               0.750000    1.128171   -0.378171 (VIOLATED)
_17179_/S                               0.750000    1.128171   -0.378171 (VIOLATED)
_17181_/S                               0.750000    1.128171   -0.378171 (VIOLATED)
_17183_/S                               0.750000    1.128171   -0.378171 (VIOLATED)
_17185_/S                               0.750000    1.128171   -0.378171 (VIOLATED)
_17187_/S                               0.750000    1.128171   -0.378171 (VIOLATED)
_17229_/B                               0.750000    1.128171   -0.378171 (VIOLATED)
instruction_out[3]                      0.750000    1.056664   -0.306664 (VIOLATED)
_17423_/X                               0.750000    1.056664   -0.306664 (VIOLATED)
_17424_/B2                              0.750000    1.056664   -0.306664 (VIOLATED)
_17464_/B2                              0.750000    1.056664   -0.306664 (VIOLATED)
_17513_/B2                              0.750000    1.056664   -0.306664 (VIOLATED)
_17570_/B2                              0.750000    1.056664   -0.306664 (VIOLATED)
_17584_/B2                              0.750000    1.056664   -0.306664 (VIOLATED)
_17682_/B2                              0.750000    1.056664   -0.306664 (VIOLATED)
_17771_/B2                              0.750000    1.056664   -0.306664 (VIOLATED)
_17803_/A1                              0.750000    1.056664   -0.306664 (VIOLATED)
_18359_/B1                              0.750000    1.056664   -0.306664 (VIOLATED)
instruction_out[28]                     0.750000    0.978690   -0.228690 (VIOLATED)
_16739_/X                               0.750000    0.978690   -0.228690 (VIOLATED)
_16740_/B                               0.750000    0.978690   -0.228690 (VIOLATED)
_17599_/B                               0.750000    0.978690   -0.228690 (VIOLATED)
_18294_/B                               0.750000    0.978690   -0.228690 (VIOLATED)
_18300_/B                               0.750000    0.978690   -0.228690 (VIOLATED)
_18308_/B                               0.750000    0.978690   -0.228690 (VIOLATED)
_18310_/B                               0.750000    0.978690   -0.228690 (VIOLATED)
_18314_/B                               0.750000    0.978690   -0.228690 (VIOLATED)
_18323_/B                               0.750000    0.978690   -0.228690 (VIOLATED)
_18327_/B                               0.750000    0.978690   -0.228690 (VIOLATED)
pc_out[4]                               0.750000    0.890339   -0.140339 (VIOLATED)
_13049_/A1                              0.750000    0.890339   -0.140339 (VIOLATED)
_13051_/C                               0.750000    0.890339   -0.140339 (VIOLATED)
_13053_/B1                              0.750000    0.890339   -0.140339 (VIOLATED)
_13059_/A1                              0.750000    0.890339   -0.140339 (VIOLATED)
_13060_/B1                              0.750000    0.890339   -0.140339 (VIOLATED)
_13065_/A                               0.750000    0.890339   -0.140339 (VIOLATED)
_13069_/A                               0.750000    0.890339   -0.140339 (VIOLATED)
_13070_/A1                              0.750000    0.890339   -0.140339 (VIOLATED)
_13073_/A                               0.750000    0.890339   -0.140339 (VIOLATED)
_13074_/B_N                             0.750000    0.890339   -0.140339 (VIOLATED)
_13077_/C                               0.750000    0.890339   -0.140339 (VIOLATED)
_13080_/A                               0.750000    0.890339   -0.140339 (VIOLATED)
_13085_/A                               0.750000    0.890339   -0.140339 (VIOLATED)
_13093_/D                               0.750000    0.890339   -0.140339 (VIOLATED)
_13094_/D                               0.750000    0.890339   -0.140339 (VIOLATED)
_13100_/A                               0.750000    0.890339   -0.140339 (VIOLATED)
_13102_/A                               0.750000    0.890339   -0.140339 (VIOLATED)
_13114_/B1                              0.750000    0.890339   -0.140339 (VIOLATED)
_13118_/A_N                             0.750000    0.890339   -0.140339 (VIOLATED)
_13119_/A1                              0.750000    0.890339   -0.140339 (VIOLATED)
_13129_/A                               0.750000    0.890339   -0.140339 (VIOLATED)
_13139_/A                               0.750000    0.890339   -0.140339 (VIOLATED)
_13183_/A                               0.750000    0.890339   -0.140339 (VIOLATED)
_13366_/A1                              0.750000    0.890339   -0.140339 (VIOLATED)
_13373_/A1                              0.750000    0.890339   -0.140339 (VIOLATED)
_17158_/A1                              0.750000    0.890339   -0.140339 (VIOLATED)
_17826_/A1                              0.750000    0.890339   -0.140339 (VIOLATED)
_18359_/A2                              0.750000    0.890339   -0.140339 (VIOLATED)
_27884_/Q                               0.750000    0.890339   -0.140339 (VIOLATED)
pc_out[2]                               0.750000    0.856293   -0.106293 (VIOLATED)
_13052_/A1                              0.750000    0.856293   -0.106293 (VIOLATED)
_13053_/A2                              0.750000    0.856293   -0.106293 (VIOLATED)
_13054_/B                               0.750000    0.856293   -0.106293 (VIOLATED)
_13057_/B_N                             0.750000    0.856293   -0.106293 (VIOLATED)
_13060_/A2                              0.750000    0.856293   -0.106293 (VIOLATED)
_13064_/A                               0.750000    0.856293   -0.106293 (VIOLATED)
_13068_/B                               0.750000    0.856293   -0.106293 (VIOLATED)
_13073_/C_N                             0.750000    0.856293   -0.106293 (VIOLATED)
_13074_/A                               0.750000    0.856293   -0.106293 (VIOLATED)
_13077_/A_N                             0.750000    0.856293   -0.106293 (VIOLATED)
_13080_/C                               0.750000    0.856293   -0.106293 (VIOLATED)
_13085_/C                               0.750000    0.856293   -0.106293 (VIOLATED)
_13087_/B                               0.750000    0.856293   -0.106293 (VIOLATED)
_13090_/B2                              0.750000    0.856293   -0.106293 (VIOLATED)
_13093_/A_N                             0.750000    0.856293   -0.106293 (VIOLATED)
_13094_/C                               0.750000    0.856293   -0.106293 (VIOLATED)
_13114_/A2                              0.750000    0.856293   -0.106293 (VIOLATED)
_13118_/B                               0.750000    0.856293   -0.106293 (VIOLATED)
_13129_/C_N                             0.750000    0.856293   -0.106293 (VIOLATED)
_13143_/A1                              0.750000    0.856293   -0.106293 (VIOLATED)
_13188_/B1                              0.750000    0.856293   -0.106293 (VIOLATED)
_13366_/A2                              0.750000    0.856293   -0.106293 (VIOLATED)
_13373_/A2                              0.750000    0.856293   -0.106293 (VIOLATED)
_17158_/A2                              0.750000    0.856293   -0.106293 (VIOLATED)
_18376_/A                               0.750000    0.856293   -0.106293 (VIOLATED)
_27882_/Q                               0.750000    0.856293   -0.106293 (VIOLATED)
pc_out[3]                               0.750000    0.837865   -0.087865 (VIOLATED)
_13049_/A2                              0.750000    0.837865   -0.087865 (VIOLATED)
_13051_/B                               0.750000    0.837865   -0.087865 (VIOLATED)
_13053_/A1                              0.750000    0.837865   -0.087865 (VIOLATED)
_13054_/A                               0.750000    0.837865   -0.087865 (VIOLATED)
_13057_/A                               0.750000    0.837865   -0.087865 (VIOLATED)
_13059_/A2                              0.750000    0.837865   -0.087865 (VIOLATED)
_13060_/A1                              0.750000    0.837865   -0.087865 (VIOLATED)
_13065_/B                               0.750000    0.837865   -0.087865 (VIOLATED)
_13068_/A                               0.750000    0.837865   -0.087865 (VIOLATED)
_13069_/B                               0.750000    0.837865   -0.087865 (VIOLATED)
_13073_/B                               0.750000    0.837865   -0.087865 (VIOLATED)
_13077_/B                               0.750000    0.837865   -0.087865 (VIOLATED)
_13080_/B                               0.750000    0.837865   -0.087865 (VIOLATED)
_13085_/B                               0.750000    0.837865   -0.087865 (VIOLATED)
_13087_/A                               0.750000    0.837865   -0.087865 (VIOLATED)
_13095_/B1                              0.750000    0.837865   -0.087865 (VIOLATED)
_13100_/B                               0.750000    0.837865   -0.087865 (VIOLATED)
_13105_/A1                              0.750000    0.837865   -0.087865 (VIOLATED)
_13114_/A1                              0.750000    0.837865   -0.087865 (VIOLATED)
_13115_/C1                              0.750000    0.837865   -0.087865 (VIOLATED)
_13129_/B                               0.750000    0.837865   -0.087865 (VIOLATED)
_13159_/A                               0.750000    0.837865   -0.087865 (VIOLATED)
_13168_/A                               0.750000    0.837865   -0.087865 (VIOLATED)
_13187_/B                               0.750000    0.837865   -0.087865 (VIOLATED)
_27883_/Q                               0.750000    0.837865   -0.087865 (VIOLATED)
_13409_/Y                               0.750000    0.779925   -0.029925 (VIOLATED)
_13410_/B                               0.750000    0.779925   -0.029925 (VIOLATED)
_13411_/A2                              0.750000    0.779925   -0.029925 (VIOLATED)
_13439_/A2                              0.750000    0.779925   -0.029925 (VIOLATED)
_13442_/A2                              0.750000    0.779925   -0.029925 (VIOLATED)
_17323_/A1                              0.750000    0.779925   -0.029925 (VIOLATED)
_17689_/A1                              0.750000    0.779925   -0.029925 (VIOLATED)
_17754_/A2                              0.750000    0.779925   -0.029925 (VIOLATED)
_13366_/Y                               0.750000    0.755371   -0.005371 (VIOLATED)
_13367_/B1                              0.750000    0.755371   -0.005371 (VIOLATED)
_13459_/A                               0.750000    0.755371   -0.005371 (VIOLATED)
_13471_/A                               0.750000    0.755371   -0.005371 (VIOLATED)
_13489_/A1                              0.750000    0.755371   -0.005371 (VIOLATED)
_17308_/A                               0.750000    0.755371   -0.005371 (VIOLATED)
_17657_/B1                              0.750000    0.755371   -0.005371 (VIOLATED)
_17695_/A1                              0.750000    0.755371   -0.005371 (VIOLATED)
_17758_/A1                              0.750000    0.755371   -0.005371 (VIOLATED)
alu_result_out[0]                       0.750000    0.750675   -0.000675 (VIOLATED)
_17161_/X                               0.750000    0.750675   -0.000675 (VIOLATED)
_17162_/A2                              0.750000    0.750675   -0.000675 (VIOLATED)
_18365_/B                               0.750000    0.750675   -0.000675 (VIOLATED)

max fanout

Pin                                   Limit Fanout  Slack
---------------------------------------------------------
reset                                    10    442   -432 (VIOLATED)
_27884_/Q                                10     28    -18 (VIOLATED)
_27882_/Q                                10     25    -15 (VIOLATED)
_27883_/Q                                10     24    -14 (VIOLATED)
_27885_/Q                                10     18     -8 (VIOLATED)
_27886_/Q                                10     18     -8 (VIOLATED)

max capacitance

Pin                                        Limit         Cap       Slack
------------------------------------------------------------------------
reset                                   0.200000    2.037185   -1.837185 (VIOLATED)



===========================================================================
report_parasitic_annotation -report_unannotated
============================================================================
Found 17273 unannotated drivers.
 clk
 reset
 _13049_/Y
 _13050_/Y
 _13051_/X
 _13052_/X
 _13053_/X
 _13054_/X
 _13055_/X
 _13056_/X
 _13057_/X
 _13058_/Y
 _13059_/X
 _13060_/Y
 _13061_/Y
 _13062_/X
 _13063_/X
 _13064_/Y
 _13065_/X
 _13066_/Y
 _13067_/Y
 _13068_/X
 _13069_/Y
 _13070_/X
 _13071_/X
 _13072_/X
 _13073_/Y
 _13074_/X
 _13075_/X
 _13076_/X
 _13077_/X
 _13078_/Y
 _13079_/Y
 _13080_/X
 _13081_/X
 _13082_/X
 _13083_/X
 _13084_/X
 _13085_/Y
 _13086_/Y
 _13087_/Y
 _13088_/X
 _13089_/X
 _13090_/Y
 _13091_/X
 _13092_/Y
 _13093_/Y
 _13094_/Y
 _13095_/Y
 _13096_/X
 _13097_/Y
 _13098_/Y
 _13099_/Y
 _13100_/X
 _13101_/Y
 _13102_/Y
 _13103_/X
 _13104_/X
 _13105_/X
 _13106_/X
 _13107_/X
 _13108_/X
 _13109_/X
 _13110_/Y
 _13111_/Y
 _13112_/X
 _13113_/X
 _13114_/Y
 _13115_/X
 _13116_/Y
 _13117_/X
 _13118_/X
 _13119_/X
 _13120_/X
 _13121_/X
 _13122_/Y
 _13123_/X
 _13124_/X
 _13125_/X
 _13126_/X
 _13127_/X
 _13128_/X
 _13129_/X
 _13130_/Y
 _13131_/X
 _13132_/X
 _13133_/X
 _13134_/X
 _13135_/X
 _13136_/X
 _13137_/X
 _13138_/X
 _13139_/Y
 _13140_/Y
 _13141_/X
 _13142_/X
 _13143_/X
 _13144_/X
 _13145_/Y
 _13146_/X
 _13147_/X
 _13148_/X
 _13149_/Y
 _13150_/X
 _13151_/X
 _13152_/X
 _13153_/X
 _13154_/X
 _13155_/X
 _13156_/X
 _13157_/X
 _13158_/Y
 _13159_/X
 _13160_/X
 _13161_/Y
 _13162_/X
 _13163_/X
 _13164_/X
 _13165_/X
 _13166_/Y
 _13167_/X
 _13168_/Y
 _13169_/X
 _13170_/X
 _13171_/X
 _13172_/Y
 _13173_/Y
 _13174_/X
 _13175_/X
 _13176_/X
 _13177_/X
 _13178_/X
 _13179_/X
 _13180_/X
 _13181_/X
 _13182_/X
 _13183_/X
 _13184_/X
 _13185_/Y
 _13186_/Y
 _13187_/X
 _13188_/Y
 _13189_/X
 _13190_/Y
 _13191_/X
 _13192_/X
 _13193_/X
 _13194_/Y
 _13195_/Y
 _13196_/X
 _13197_/X
 _13198_/X
 _13199_/Y
 _13200_/X
 _13201_/X
 _13202_/X
 _13203_/X
 _13204_/X
 _13205_/X
 _13206_/X
 _13207_/X
 _13208_/Y
 _13209_/X
 _13210_/X
 _13211_/X
 _13212_/Y
 _13213_/X
 _13214_/X
 _13215_/X
 _13216_/X
 _13217_/Y
 _13218_/X
 _13219_/X
 _13220_/X
 _13221_/X
 _13222_/X
 _13223_/X
 _13224_/Y
 _13225_/X
 _13226_/X
 _13227_/X
 _13228_/X
 _13229_/X
 _13230_/X
 _13231_/X
 _13232_/X
 _13233_/X
 _13234_/X
 _13235_/X
 _13236_/X
 _13237_/X
 _13238_/X
 _13239_/X
 _13240_/X
 _13241_/X
 _13242_/X
 _13243_/X
 _13244_/X
 _13245_/X
 _13246_/X
 _13247_/X
 _13248_/X
 _13249_/Y
 _13250_/X
 _13251_/X
 _13252_/X
 _13253_/X
 _13254_/X
 _13255_/X
 _13256_/X
 _13257_/X
 _13258_/X
 _13259_/X
 _13260_/X
 _13261_/Y
 _13262_/Y
 _13263_/Y
 _13264_/X
 _13265_/X
 _13266_/X
 _13267_/X
 _13268_/X
 _13269_/X
 _13270_/X
 _13271_/X
 _13272_/X
 _13273_/Y
 _13274_/X
 _13275_/X
 _13276_/X
 _13277_/X
 _13278_/X
 _13279_/X
 _13280_/X
 _13281_/Y
 _13282_/Y
 _13283_/X
 _13284_/Y
 _13285_/X
 _13286_/X
 _13287_/X
 _13288_/X
 _13289_/Y
 _13290_/X
 _13291_/X
 _13292_/X
 _13293_/X
 _13294_/X
 _13295_/X
 _13296_/X
 _13297_/X
 _13298_/Y
 _13299_/Y
 _13300_/X
 _13301_/X
 _13302_/X
 _13303_/X
 _13304_/X
 _13305_/X
 _13306_/X
 _13307_/Y
 _13308_/X
 _13309_/X
 _13310_/X
 _13311_/X
 _13312_/X
 _13313_/Y
 _13314_/Y
 _13315_/Y
 _13316_/X
 _13317_/X
 _13318_/X
 _13319_/Y
 _13320_/Y
 _13321_/Y
 _13322_/X
 _13323_/X
 _13324_/X
 _13325_/X
 _13326_/X
 _13327_/X
 _13328_/X
 _13329_/X
 _13330_/Y
 _13331_/X
 _13332_/X
 _13333_/X
 _13334_/X
 _13335_/X
 _13336_/X
 _13337_/X
 _13338_/X
 _13339_/Y
 _13340_/X
 _13341_/X
 _13342_/X
 _13343_/Y
 _13344_/X
 _13345_/Y
 _13346_/Y
 _13347_/X
 _13348_/Y
 _13349_/Y
 _13350_/X
 _13351_/Y
 _13352_/X
 _13353_/X
 _13354_/X
 _13355_/X
 _13356_/Y
 _13357_/Y
 _13358_/Y
 _13359_/Y
 _13360_/Y
 _13361_/X
 _13362_/X
 _13363_/Y
 _13364_/X
 _13365_/X
 _13366_/Y
 _13367_/X
 _13368_/Y
 _13369_/X
 _13370_/X
 _13371_/X
 _13372_/X
 _13373_/X
 _13374_/X
 _13375_/Y
 _13376_/Y
 _13377_/X
 _13378_/X
 _13379_/X
 _13380_/Y
 _13381_/Y
 _13382_/Y
 _13383_/X
 _13384_/X
 _13385_/Y
 _13386_/Y
 _13387_/Y
 _13388_/X
 _13389_/X
 _13390_/X
 _13391_/Y
 _13392_/X
 _13393_/X
 _13394_/X
 _13395_/X
 _13396_/X
 _13397_/X
 _13398_/X
 _13399_/X
 _13400_/X
 _13401_/X
 _13402_/X
 _13403_/X
 _13404_/X
 _13405_/Y
 _13406_/X
 _13407_/X
 _13408_/Y
 _13409_/Y
 _13410_/X
 _13411_/Y
 _13412_/Y
 _13413_/Y
 _13414_/X
 _13415_/X
 _13416_/X
 _13417_/Y
 _13418_/Y
 _13419_/X
 _13420_/Y
 _13421_/X
 _13422_/Y
 _13423_/X
 _13424_/X
 _13425_/X
 _13426_/X
 _13427_/X
 _13428_/X
 _13429_/Y
 _13430_/X
 _13431_/X
 _13432_/X
 _13433_/X
 _13434_/X
 _13435_/Y
 _13436_/X
 _13437_/Y
 _13438_/X
 _13439_/Y
 _13440_/X
 _13441_/Y
 _13442_/X
 _13443_/Y
 _13444_/Y
 _13445_/X
 _13446_/Y
 _13447_/Y
 _13448_/Y
 _13449_/X
 _13450_/Y
 _13451_/X
 _13452_/Y
 _13453_/X
 _13454_/Y
 _13455_/Y
 _13456_/X
 _13457_/X
 _13458_/Y
 _13459_/Y
 _13460_/X
 _13461_/Y
 _13462_/Y
 _13463_/X
 _13464_/X
 _13465_/X
 _13466_/Y
 _13467_/X
 _13468_/X
 _13469_/Y
 _13470_/X
 _13471_/Y
 _13472_/X
 _13473_/Y
 _13474_/Y
 _13475_/X
 _13476_/X
 _13477_/Y
 _13478_/Y
 _13479_/X
 _13480_/X
 _13481_/X
 _13482_/X
 _13483_/X
 _13484_/Y
 _13485_/X
 _13486_/X
 _13487_/X
 _13488_/X
 _13489_/X
 _13490_/Y
 _13491_/Y
 _13492_/X
 _13493_/X
 _13494_/Y
 _13495_/X
 _13496_/Y
 _13497_/X
 _13498_/X
 _13499_/X
 _13500_/X
 _13501_/X
 _13502_/Y
 _13503_/X
 _13504_/X
 _13505_/X
 _13506_/X
 _13507_/X
 _13508_/X
 _13509_/X
 _13510_/X
 _13511_/X
 _13512_/X
 _13513_/X
 _13514_/X
 _13515_/X
 _13516_/X
 _13517_/X
 _13518_/X
 _13519_/Y
 _13520_/X
 _13521_/X
 _13522_/X
 _13523_/X
 _13524_/Y
 _13525_/X
 _13526_/X
 _13527_/X
 _13528_/X
 _13529_/X
 _13530_/X
 _13531_/X
 _13532_/X
 _13533_/X
 _13534_/X
 _13535_/X
 _13536_/X
 _13537_/X
 _13538_/X
 _13539_/X
 _13540_/X
 _13541_/X
 _13542_/X
 _13543_/X
 _13544_/X
 _13545_/X
 _13546_/X
 _13547_/X
 _13548_/Y
 _13549_/X
 _13550_/X
 _13551_/X
 _13552_/X
 _13553_/X
 _13554_/X
 _13555_/X
 _13556_/X
 _13557_/X
 _13558_/X
 _13559_/X
 _13560_/X
 _13561_/X
 _13562_/X
 _13563_/X
 _13564_/X
 _13565_/X
 _13566_/X
 _13567_/Y
 _13568_/X
 _13569_/X
 _13570_/X
 _13571_/X
 _13572_/X
 _13573_/X
 _13574_/X
 _13575_/X
 _13576_/X
 _13577_/X
 _13578_/X
 _13579_/X
 _13580_/X
 _13581_/X
 _13582_/X
 _13583_/X
 _13584_/X
 _13585_/X
 _13586_/X
 _13587_/X
 _13588_/X
 _13589_/X
 _13590_/X
 _13591_/X
 _13592_/X
 _13593_/Y
 _13594_/X
 _13595_/X
 _13596_/X
 _13597_/X
 _13598_/X
 _13599_/X
 _13600_/X
 _13601_/X
 _13602_/X
 _13603_/X
 _13604_/X
 _13605_/X
 _13606_/X
 _13607_/X
 _13608_/X
 _13609_/X
 _13610_/X
 _13611_/X
 _13612_/X
 _13613_/X
 _13614_/X
 _13615_/X
 _13616_/X
 _13617_/X
 _13618_/X
 _13619_/X
 _13620_/Y
 _13621_/X
 _13622_/X
 _13623_/X
 _13624_/X
 _13625_/X
 _13626_/Y
 _13627_/X
 _13628_/X
 _13629_/X
 _13630_/X
 _13631_/X
 _13632_/X
 _13633_/X
 _13634_/X
 _13635_/X
 _13636_/X
 _13637_/X
 _13638_/X
 _13639_/X
 _13640_/X
 _13641_/X
 _13642_/X
 _13643_/X
 _13644_/X
 _13645_/X
 _13646_/X
 _13647_/X
 _13648_/X
 _13649_/X
 _13650_/X
 _13651_/X
 _13652_/X
 _13653_/X
 _13654_/X
 _13655_/X
 _13656_/X
 _13657_/X
 _13658_/X
 _13659_/X
 _13660_/X
 _13661_/X
 _13662_/X
 _13663_/X
 _13664_/X
 _13665_/X
 _13666_/X
 _13667_/X
 _13668_/X
 _13669_/X
 _13670_/X
 _13671_/X
 _13672_/X
 _13673_/X
 _13674_/X
 _13675_/X
 _13676_/X
 _13677_/X
 _13678_/X
 _13679_/X
 _13680_/X
 _13681_/X
 _13682_/X
 _13683_/Y
 _13684_/X
 _13685_/X
 _13686_/X
 _13687_/X
 _13688_/X
 _13689_/X
 _13690_/Y
 _13691_/X
 _13692_/X
 _13693_/X
 _13694_/X
 _13695_/X
 _13696_/X
 _13697_/X
 _13698_/X
 _13699_/X
 _13700_/X
 _13701_/X
 _13702_/X
 _13703_/X
 _13704_/X
 _13705_/X
 _13706_/X
 _13707_/X
 _13708_/Y
 _13709_/X
 _13710_/X
 _13711_/X
 _13712_/X
 _13713_/X
 _13714_/X
 _13715_/X
 _13716_/X
 _13717_/X
 _13718_/X
 _13719_/X
 _13720_/X
 _13721_/X
 _13722_/X
 _13723_/X
 _13724_/X
 _13725_/X
 _13726_/X
 _13727_/X
 _13728_/X
 _13729_/X
 _13730_/X
 _13731_/X
 _13732_/X
 _13733_/X
 _13734_/X
 _13735_/X
 _13736_/X
 _13737_/X
 _13738_/X
 _13739_/X
 _13740_/X
 _13741_/X
 _13742_/X
 _13743_/X
 _13744_/X
 _13745_/X
 _13746_/X
 _13747_/X
 _13748_/X
 _13749_/X
 _13750_/X
 _13751_/X
 _13752_/X
 _13753_/X
 _13754_/X
 _13755_/X
 _13756_/X
 _13757_/X
 _13758_/X
 _13759_/X
 _13760_/X
 _13761_/X
 _13762_/X
 _13763_/X
 _13764_/X
 _13765_/X
 _13766_/X
 _13767_/X
 _13768_/X
 _13769_/X
 _13770_/X
 _13771_/X
 _13772_/X
 _13773_/X
 _13774_/X
 _13775_/X
 _13776_/X
 _13777_/X
 _13778_/X
 _13779_/X
 _13780_/X
 _13781_/X
 _13782_/X
 _13783_/X
 _13784_/X
 _13785_/X
 _13786_/X
 _13787_/X
 _13788_/X
 _13789_/X
 _13790_/X
 _13791_/X
 _13792_/X
 _13793_/X
 _13794_/X
 _13795_/X
 _13796_/X
 _13797_/X
 _13798_/X
 _13799_/X
 _13800_/X
 _13801_/X
 _13802_/X
 _13803_/X
 _13804_/X
 _13805_/X
 _13806_/X
 _13807_/X
 _13808_/X
 _13809_/X
 _13810_/X
 _13811_/X
 _13812_/X
 _13813_/X
 _13814_/X
 _13815_/X
 _13816_/X
 _13817_/X
 _13818_/X
 _13819_/X
 _13820_/X
 _13821_/X
 _13822_/X
 _13823_/X
 _13824_/X
 _13825_/X
 _13826_/X
 _13827_/X
 _13828_/X
 _13829_/X
 _13830_/X
 _13831_/X
 _13832_/X
 _13833_/X
 _13834_/X
 _13835_/X
 _13836_/X
 _13837_/X
 _13838_/X
 _13839_/X
 _13840_/X
 _13841_/X
 _13842_/X
 _13843_/X
 _13844_/X
 _13845_/X
 _13846_/X
 _13847_/X
 _13848_/X
 _13849_/X
 _13850_/X
 _13851_/X
 _13852_/X
 _13853_/X
 _13854_/X
 _13855_/X
 _13856_/X
 _13857_/X
 _13858_/X
 _13859_/X
 _13860_/X
 _13861_/X
 _13862_/X
 _13863_/X
 _13864_/X
 _13865_/X
 _13866_/X
 _13867_/X
 _13868_/X
 _13869_/X
 _13870_/X
 _13871_/X
 _13872_/X
 _13873_/X
 _13874_/X
 _13875_/X
 _13876_/X
 _13877_/X
 _13878_/X
 _13879_/X
 _13880_/X
 _13881_/X
 _13882_/X
 _13883_/X
 _13884_/X
 _13885_/X
 _13886_/X
 _13887_/X
 _13888_/X
 _13889_/X
 _13890_/X
 _13891_/X
 _13892_/X
 _13893_/X
 _13894_/X
 _13895_/X
 _13896_/X
 _13897_/X
 _13898_/X
 _13899_/X
 _13900_/X
 _13901_/X
 _13902_/X
 _13903_/X
 _13904_/X
 _13905_/X
 _13906_/X
 _13907_/X
 _13908_/X
 _13909_/X
 _13910_/X
 _13911_/X
 _13912_/X
 _13913_/X
 _13914_/X
 _13915_/X
 _13916_/X
 _13917_/X
 _13918_/X
 _13919_/X
 _13920_/X
 _13921_/X
 _13922_/X
 _13923_/X
 _13924_/X
 _13925_/X
 _13926_/X
 _13927_/X
 _13928_/X
 _13929_/X
 _13930_/Y
 _13931_/Y
 _13932_/X
 _13933_/X
 _13934_/X
 _13935_/X
 _13936_/X
 _13937_/X
 _13938_/X
 _13939_/X
 _13940_/X
 _13941_/X
 _13942_/X
 _13943_/X
 _13944_/X
 _13945_/X
 _13946_/X
 _13947_/X
 _13948_/X
 _13949_/X
 _13950_/X
 _13951_/X
 _13952_/X
 _13953_/X
 _13954_/X
 _13955_/X
 _13956_/X
 _13957_/X
 _13958_/X
 _13959_/X
 _13960_/X
 _13961_/X
 _13962_/X
 _13963_/X
 _13964_/X
 _13965_/X
 _13966_/X
 _13967_/X
 _13968_/X
 _13969_/X
 _13970_/X
 _13971_/X
 _13972_/X
 _13973_/X
 _13974_/X
 _13975_/X
 _13976_/X
 _13977_/X
 _13978_/X
 _13979_/X
 _13980_/X
 _13981_/X
 _13982_/X
 _13983_/X
 _13984_/X
 _13985_/X
 _13986_/X
 _13987_/X
 _13988_/X
 _13989_/X
 _13990_/X
 _13991_/X
 _13992_/X
 _13993_/X
 _13994_/X
 _13995_/X
 _13996_/X
 _13997_/X
 _13998_/Y
 _13999_/X
 _14000_/X
 _14001_/X
 _14002_/X
 _14003_/X
 _14004_/X
 _14005_/X
 _14006_/X
 _14007_/X
 _14008_/X
 _14009_/X
 _14010_/X
 _14011_/X
 _14012_/X
 _14013_/Y
 _14014_/X
 _14015_/X
 _14016_/X
 _14017_/X
 _14018_/X
 _14019_/X
 _14020_/X
 _14021_/X
 _14022_/X
 _14023_/X
 _14024_/Y
 _14025_/X
 _14026_/X
 _14027_/X
 _14028_/X
 _14029_/X
 _14030_/X
 _14031_/X
 _14032_/X
 _14033_/X
 _14034_/X
 _14035_/X
 _14036_/X
 _14037_/X
 _14038_/X
 _14039_/X
 _14040_/X
 _14041_/Y
 _14042_/X
 _14043_/X
 _14044_/X
 _14045_/X
 _14046_/X
 _14047_/X
 _14048_/X
 _14049_/X
 _14050_/X
 _14051_/X
 _14052_/X
 _14053_/X
 _14054_/X
 _14055_/X
 _14056_/X
 _14057_/X
 _14058_/X
 _14059_/X
 _14060_/X
 _14061_/Y
 _14062_/X
 _14063_/X
 _14064_/X
 _14065_/X
 _14066_/X
 _14067_/X
 _14068_/X
 _14069_/X
 _14070_/X
 _14071_/X
 _14072_/X
 _14073_/X
 _14074_/X
 _14075_/X
 _14076_/X
 _14077_/X
 _14078_/X
 _14079_/X
 _14080_/Y
 _14081_/X
 _14082_/X
 _14083_/X
 _14084_/X
 _14085_/X
 _14086_/X
 _14087_/X
 _14088_/X
 _14089_/X
 _14090_/X
 _14091_/X
 _14092_/X
 _14093_/Y
 _14094_/X
 _14095_/X
 _14096_/Y
 _14097_/Y
 _14098_/X
 _14099_/X
 _14100_/X
 _14101_/X
 _14102_/X
 _14103_/X
 _14104_/X
 _14105_/X
 _14106_/X
 _14107_/X
 _14108_/X
 _14109_/X
 _14110_/X
 _14111_/X
 _14112_/X
 _14113_/X
 _14114_/X
 _14115_/X
 _14116_/X
 _14117_/X
 _14118_/X
 _14119_/X
 _14120_/X
 _14121_/X
 _14122_/X
 _14123_/X
 _14124_/X
 _14125_/X
 _14126_/X
 _14127_/X
 _14128_/X
 _14129_/X
 _14130_/X
 _14131_/X
 _14132_/X
 _14133_/X
 _14134_/X
 _14135_/X
 _14136_/X
 _14137_/X
 _14138_/X
 _14139_/X
 _14140_/X
 _14141_/X
 _14142_/X
 _14143_/X
 _14144_/X
 _14145_/X
 _14146_/X
 _14147_/X
 _14148_/X
 _14149_/X
 _14150_/X
 _14151_/X
 _14152_/X
 _14153_/X
 _14154_/X
 _14155_/X
 _14156_/X
 _14157_/X
 _14158_/X
 _14159_/X
 _14160_/X
 _14161_/X
 _14162_/X
 _14163_/X
 _14164_/X
 _14165_/X
 _14166_/X
 _14167_/X
 _14168_/X
 _14169_/X
 _14170_/X
 _14171_/X
 _14172_/X
 _14173_/X
 _14174_/X
 _14175_/X
 _14176_/X
 _14177_/X
 _14178_/X
 _14179_/X
 _14180_/X
 _14181_/X
 _14182_/X
 _14183_/X
 _14184_/X
 _14185_/X
 _14186_/X
 _14187_/X
 _14188_/X
 _14189_/X
 _14190_/X
 _14191_/X
 _14192_/X
 _14193_/X
 _14194_/X
 _14195_/X
 _14196_/X
 _14197_/X
 _14198_/X
 _14199_/X
 _14200_/X
 _14201_/Y
 _14202_/Y
 _14203_/X
 _14204_/X
 _14205_/X
 _14206_/X
 _14207_/X
 _14208_/X
 _14209_/X
 _14210_/X
 _14211_/X
 _14212_/X
 _14213_/X
 _14214_/X
 _14215_/X
 _14216_/X
 _14217_/X
 _14218_/X
 _14219_/X
 _14220_/X
 _14221_/X
 _14222_/X
 _14223_/X
 _14224_/X
 _14225_/X
 _14226_/X
 _14227_/X
 _14228_/X
 _14229_/X
 _14230_/X
 _14231_/X
 _14232_/X
 _14233_/X
 _14234_/X
 _14235_/X
 _14236_/X
 _14237_/X
 _14238_/X
 _14239_/Y
 _14240_/X
 _14241_/X
 _14242_/X
 _14243_/X
 _14244_/X
 _14245_/X
 _14246_/X
 _14247_/X
 _14248_/X
 _14249_/X
 _14250_/X
 _14251_/X
 _14252_/X
 _14253_/X
 _14254_/X
 _14255_/X
 _14256_/X
 _14257_/X
 _14258_/Y
 _14259_/X
 _14260_/X
 _14261_/X
 _14262_/X
 _14263_/X
 _14264_/X
 _14265_/X
 _14266_/X
 _14267_/X
 _14268_/X
 _14269_/X
 _14270_/X
 _14271_/X
 _14272_/X
 _14273_/Y
 _14274_/Y
 _14275_/X
 _14276_/X
 _14277_/X
 _14278_/X
 _14279_/X
 _14280_/X
 _14281_/X
 _14282_/X
 _14283_/X
 _14284_/X
 _14285_/X
 _14286_/X
 _14287_/Y
 _14288_/X
 _14289_/X
 _14290_/X
 _14291_/X
 _14292_/X
 _14293_/X
 _14294_/X
 _14295_/X
 _14296_/X
 _14297_/X
 _14298_/X
 _14299_/X
 _14300_/X
 _14301_/X
 _14302_/X
 _14303_/X
 _14304_/X
 _14305_/X
 _14306_/X
 _14307_/X
 _14308_/X
 _14309_/X
 _14310_/X
 _14311_/X
 _14312_/X
 _14313_/X
 _14314_/Y
 _14315_/Y
 _14316_/X
 _14317_/X
 _14318_/X
 _14319_/X
 _14320_/X
 _14321_/X
 _14322_/X
 _14323_/X
 _14324_/X
 _14325_/X
 _14326_/X
 _14327_/X
 _14328_/Y
 _14329_/X
 _14330_/X
 _14331_/X
 _14332_/X
 _14333_/X
 _14334_/X
 _14335_/X
 _14336_/X
 _14337_/X
 _14338_/X
 _14339_/X
 _14340_/X
 _14341_/X
 _14342_/X
 _14343_/X
 _14344_/X
 _14345_/X
 _14346_/X
 _14347_/X
 _14348_/X
 _14349_/X
 _14350_/X
 _14351_/Y
 _14352_/X
 _14353_/X
 _14354_/X
 _14355_/X
 _14356_/X
 _14357_/X
 _14358_/X
 _14359_/X
 _14360_/X
 _14361_/X
 _14362_/X
 _14363_/X
 _14364_/X
 _14365_/X
 _14366_/X
 _14367_/X
 _14368_/X
 _14369_/X
 _14370_/X
 _14371_/X
 _14372_/X
 _14373_/X
 _14374_/X
 _14375_/X
 _14376_/X
 _14377_/X
 _14378_/X
 _14379_/X
 _14380_/X
 _14381_/X
 _14382_/Y
 _14383_/X
 _14384_/X
 _14385_/X
 _14386_/X
 _14387_/X
 _14388_/X
 _14389_/X
 _14390_/X
 _14391_/X
 _14392_/X
 _14393_/X
 _14394_/X
 _14395_/X
 _14396_/X
 _14397_/X
 _14398_/X
 _14399_/X
 _14400_/X
 _14401_/X
 _14402_/X
 _14403_/X
 _14404_/X
 _14405_/X
 _14406_/X
 _14407_/X
 _14408_/X
 _14409_/X
 _14410_/X
 _14411_/X
 _14412_/X
 _14413_/X
 _14414_/X
 _14415_/X
 _14416_/Y
 _14417_/X
 _14418_/X
 _14419_/X
 _14420_/X
 _14421_/X
 _14422_/X
 _14423_/X
 _14424_/X
 _14425_/X
 _14426_/X
 _14427_/X
 _14428_/X
 _14429_/X
 _14430_/X
 _14431_/X
 _14432_/Y
 _14433_/Y
 _14434_/X
 _14435_/X
 _14436_/X
 _14437_/X
 _14438_/X
 _14439_/X
 _14440_/X
 _14441_/X
 _14442_/X
 _14443_/X
 _14444_/X
 _14445_/X
 _14446_/X
 _14447_/X
 _14448_/X
 _14449_/X
 _14450_/X
 _14451_/X
 _14452_/X
 _14453_/X
 _14454_/X
 _14455_/X
 _14456_/X
 _14457_/X
 _14458_/X
 _14459_/X
 _14460_/X
 _14461_/X
 _14462_/X
 _14463_/X
 _14464_/X
 _14465_/X
 _14466_/X
 _14467_/X
 _14468_/X
 _14469_/X
 _14470_/X
 _14471_/X
 _14472_/X
 _14473_/X
 _14474_/X
 _14475_/X
 _14476_/X
 _14477_/X
 _14478_/X
 _14479_/X
 _14480_/X
 _14481_/X
 _14482_/X
 _14483_/X
 _14484_/X
 _14485_/X
 _14486_/X
 _14487_/X
 _14488_/X
 _14489_/X
 _14490_/X
 _14491_/X
 _14492_/X
 _14493_/X
 _14494_/X
 _14495_/X
 _14496_/X
 _14497_/X
 _14498_/X
 _14499_/X
 _14500_/X
 _14501_/X
 _14502_/X
 _14503_/X
 _14504_/X
 _14505_/Y
 _14506_/X
 _14507_/X
 _14508_/X
 _14509_/X
 _14510_/X
 _14511_/X
 _14512_/X
 _14513_/X
 _14514_/X
 _14515_/X
 _14516_/X
 _14517_/X
 _14518_/X
 _14519_/X
 _14520_/X
 _14521_/X
 _14522_/X
 _14523_/X
 _14524_/Y
 _14525_/X
 _14526_/X
 _14527_/X
 _14528_/X
 _14529_/X
 _14530_/X
 _14531_/X
 _14532_/X
 _14533_/X
 _14534_/X
 _14535_/X
 _14536_/X
 _14537_/Y
 _14538_/X
 _14539_/X
 _14540_/X
 _14541_/X
 _14542_/X
 _14543_/X
 _14544_/X
 _14545_/X
 _14546_/X
 _14547_/X
 _14548_/X
 _14549_/X
 _14550_/X
 _14551_/X
 _14552_/Y
 _14553_/X
 _14554_/X
 _14555_/X
 _14556_/X
 _14557_/X
 _14558_/X
 _14559_/X
 _14560_/X
 _14561_/X
 _14562_/X
 _14563_/X
 _14564_/X
 _14565_/X
 _14566_/X
 _14567_/Y
 _14568_/X
 _14569_/X
 _14570_/X
 _14571_/X
 _14572_/X
 _14573_/X
 _14574_/X
 _14575_/X
 _14576_/X
 _14577_/X
 _14578_/Y
 _14579_/X
 _14580_/X
 _14581_/X
 _14582_/X
 _14583_/X
 _14584_/X
 _14585_/X
 _14586_/X
 _14587_/X
 _14588_/X
 _14589_/X
 _14590_/X
 _14591_/X
 _14592_/X
 _14593_/X
 _14594_/X
 _14595_/X
 _14596_/X
 _14597_/X
 _14598_/X
 _14599_/X
 _14600_/X
 _14601_/X
 _14602_/X
 _14603_/X
 _14604_/X
 _14605_/X
 _14606_/X
 _14607_/X
 _14608_/X
 _14609_/X
 _14610_/X
 _14611_/X
 _14612_/X
 _14613_/X
 _14614_/X
 _14615_/X
 _14616_/X
 _14617_/X
 _14618_/X
 _14619_/X
 _14620_/X
 _14621_/X
 _14622_/X
 _14623_/X
 _14624_/X
 _14625_/X
 _14626_/X
 _14627_/X
 _14628_/X
 _14629_/X
 _14630_/X
 _14631_/X
 _14632_/X
 _14633_/X
 _14634_/X
 _14635_/X
 _14636_/X
 _14637_/X
 _14638_/X
 _14639_/X
 _14640_/X
 _14641_/X
 _14642_/X
 _14643_/X
 _14644_/X
 _14645_/X
 _14646_/X
 _14647_/X
 _14648_/X
 _14649_/X
 _14650_/X
 _14651_/X
 _14652_/X
 _14653_/X
 _14654_/X
 _14655_/X
 _14656_/X
 _14657_/X
 _14658_/X
 _14659_/X
 _14660_/X
 _14661_/X
 _14662_/X
 _14663_/X
 _14664_/X
 _14665_/X
 _14666_/X
 _14667_/X
 _14668_/Y
 _14669_/X
 _14670_/X
 _14671_/X
 _14672_/X
 _14673_/X
 _14674_/X
 _14675_/X
 _14676_/X
 _14677_/X
 _14678_/X
 _14679_/X
 _14680_/X
 _14681_/X
 _14682_/X
 _14683_/X
 _14684_/X
 _14685_/X
 _14686_/X
 _14687_/X
 _14688_/X
 _14689_/X
 _14690_/X
 _14691_/X
 _14692_/X
 _14693_/X
 _14694_/X
 _14695_/X
 _14696_/X
 _14697_/X
 _14698_/X
 _14699_/X
 _14700_/X
 _14701_/X
 _14702_/X
 _14703_/X
 _14704_/X
 _14705_/X
 _14706_/X
 _14707_/Y
 _14708_/X
 _14709_/X
 _14710_/X
 _14711_/X
 _14712_/X
 _14713_/X
 _14714_/X
 _14715_/X
 _14716_/X
 _14717_/X
 _14718_/X
 _14719_/X
 _14720_/X
 _14721_/X
 _14722_/Y
 _14723_/X
 _14724_/X
 _14725_/X
 _14726_/X
 _14727_/X
 _14728_/X
 _14729_/X
 _14730_/X
 _14731_/X
 _14732_/X
 _14733_/X
 _14734_/X
 _14735_/X
 _14736_/X
 _14737_/X
 _14738_/X
 _14739_/X
 _14740_/X
 _14741_/X
 _14742_/X
 _14743_/X
 _14744_/Y
 _14745_/X
 _14746_/X
 _14747_/X
 _14748_/Y
 _14749_/X
 _14750_/X
 _14751_/X
 _14752_/X
 _14753_/X
 _14754_/X
 _14755_/X
 _14756_/X
 _14757_/X
 _14758_/X
 _14759_/X
 _14760_/X
 _14761_/Y
 _14762_/X
 _14763_/X
 _14764_/X
 _14765_/X
 _14766_/X
 _14767_/X
 _14768_/X
 _14769_/X
 _14770_/X
 _14771_/X
 _14772_/Y
 _14773_/X
 _14774_/X
 _14775_/X
 _14776_/X
 _14777_/X
 _14778_/X
 _14779_/X
 _14780_/X
 _14781_/X
 _14782_/X
 _14783_/X
 _14784_/X
 _14785_/X
 _14786_/X
 _14787_/X
 _14788_/X
 _14789_/X
 _14790_/X
 _14791_/X
 _14792_/X
 _14793_/X
 _14794_/X
 _14795_/X
 _14796_/X
 _14797_/X
 _14798_/X
 _14799_/X
 _14800_/X
 _14801_/X
 _14802_/X
 _14803_/X
 _14804_/X
 _14805_/X
 _14806_/X
 _14807_/Y
 _14808_/X
 _14809_/X
 _14810_/X
 _14811_/X
 _14812_/X
 _14813_/X
 _14814_/X
 _14815_/X
 _14816_/X
 _14817_/X
 _14818_/X
 _14819_/X
 _14820_/X
 _14821_/X
 _14822_/X
 _14823_/X
 _14824_/X
 _14825_/X
 _14826_/X
 _14827_/X
 _14828_/X
 _14829_/X
 _14830_/X
 _14831_/X
 _14832_/X
 _14833_/X
 _14834_/X
 _14835_/X
 _14836_/X
 _14837_/X
 _14838_/X
 _14839_/X
 _14840_/X
 _14841_/X
 _14842_/X
 _14843_/X
 _14844_/X
 _14845_/X
 _14846_/X
 _14847_/X
 _14848_/X
 _14849_/X
 _14850_/X
 _14851_/X
 _14852_/X
 _14853_/X
 _14854_/X
 _14855_/X
 _14856_/X
 _14857_/X
 _14858_/X
 _14859_/X
 _14860_/X
 _14861_/X
 _14862_/X
 _14863_/X
 _14864_/X
 _14865_/X
 _14866_/X
 _14867_/X
 _14868_/X
 _14869_/X
 _14870_/X
 _14871_/X
 _14872_/X
 _14873_/X
 _14874_/X
 _14875_/X
 _14876_/X
 _14877_/X
 _14878_/X
 _14879_/X
 _14880_/X
 _14881_/X
 _14882_/X
 _14883_/X
 _14884_/X
 _14885_/Y
 _14886_/X
 _14887_/X
 _14888_/X
 _14889_/X
 _14890_/X
 _14891_/X
 _14892_/X
 _14893_/X
 _14894_/X
 _14895_/X
 _14896_/X
 _14897_/X
 _14898_/X
 _14899_/X
 _14900_/X
 _14901_/X
 _14902_/X
 _14903_/X
 _14904_/X
 _14905_/X
 _14906_/X
 _14907_/X
 _14908_/X
 _14909_/X
 _14910_/X
 _14911_/X
 _14912_/X
 _14913_/X
 _14914_/X
 _14915_/X
 _14916_/X
 _14917_/X
 _14918_/X
 _14919_/X
 _14920_/X
 _14921_/X
 _14922_/X
 _14923_/X
 _14924_/X
 _14925_/X
 _14926_/X
 _14927_/X
 _14928_/X
 _14929_/X
 _14930_/Y
 _14931_/X
 _14932_/X
 _14933_/X
 _14934_/X
 _14935_/X
 _14936_/X
 _14937_/X
 _14938_/X
 _14939_/X
 _14940_/X
 _14941_/X
 _14942_/Y
 _14943_/X
 _14944_/X
 _14945_/Y
 _14946_/X
 _14947_/X
 _14948_/X
 _14949_/X
 _14950_/X
 _14951_/X
 _14952_/X
 _14953_/X
 _14954_/X
 _14955_/X
 _14956_/X
 _14957_/X
 _14958_/X
 _14959_/X
 _14960_/X
 _14961_/X
 _14962_/X
 _14963_/X
 _14964_/X
 _14965_/X
 _14966_/X
 _14967_/X
 _14968_/X
 _14969_/X
 _14970_/X
 _14971_/X
 _14972_/X
 _14973_/X
 _14974_/X
 _14975_/X
 _14976_/X
 _14977_/X
 _14978_/X
 _14979_/X
 _14980_/X
 _14981_/X
 _14982_/X
 _14983_/X
 _14984_/X
 _14985_/X
 _14986_/X
 _14987_/X
 _14988_/X
 _14989_/X
 _14990_/X
 _14991_/X
 _14992_/X
 _14993_/X
 _14994_/X
 _14995_/X
 _14996_/X
 _14997_/X
 _14998_/X
 _14999_/Y
 _15000_/X
 _15001_/X
 _15002_/X
 _15003_/X
 _15004_/X
 _15005_/X
 _15006_/X
 _15007_/X
 _15008_/X
 _15009_/X
 _15010_/X
 _15011_/X
 _15012_/X
 _15013_/Y
 _15014_/Y
 _15015_/X
 _15016_/X
 _15017_/X
 _15018_/X
 _15019_/X
 _15020_/X
 _15021_/X
 _15022_/X
 _15023_/X
 _15024_/X
 _15025_/X
 _15026_/X
 _15027_/X
 _15028_/X
 _15029_/X
 _15030_/X
 _15031_/X
 _15032_/X
 _15033_/X
 _15034_/X
 _15035_/X
 _15036_/X
 _15037_/X
 _15038_/X
 _15039_/X
 _15040_/X
 _15041_/X
 _15042_/X
 _15043_/X
 _15044_/X
 _15045_/X
 _15046_/X
 _15047_/X
 _15048_/Y
 _15049_/X
 _15050_/X
 _15051_/X
 _15052_/X
 _15053_/X
 _15054_/X
 _15055_/X
 _15056_/X
 _15057_/X
 _15058_/X
 _15059_/Y
 _15060_/Y
 _15061_/X
 _15062_/X
 _15063_/X
 _15064_/X
 _15065_/X
 _15066_/X
 _15067_/X
 _15068_/X
 _15069_/X
 _15070_/X
 _15071_/X
 _15072_/X
 _15073_/X
 _15074_/X
 _15075_/X
 _15076_/X
 _15077_/X
 _15078_/X
 _15079_/X
 _15080_/X
 _15081_/X
 _15082_/X
 _15083_/X
 _15084_/X
 _15085_/X
 _15086_/X
 _15087_/X
 _15088_/X
 _15089_/X
 _15090_/X
 _15091_/X
 _15092_/X
 _15093_/X
 _15094_/X
 _15095_/X
 _15096_/X
 _15097_/X
 _15098_/X
 _15099_/X
 _15100_/X
 _15101_/X
 _15102_/X
 _15103_/X
 _15104_/X
 _15105_/X
 _15106_/X
 _15107_/X
 _15108_/X
 _15109_/X
 _15110_/X
 _15111_/X
 _15112_/X
 _15113_/X
 _15114_/X
 _15115_/X
 _15116_/X
 _15117_/X
 _15118_/X
 _15119_/X
 _15120_/X
 _15121_/X
 _15122_/X
 _15123_/X
 _15124_/X
 _15125_/X
 _15126_/X
 _15127_/X
 _15128_/X
 _15129_/X
 _15130_/X
 _15131_/X
 _15132_/X
 _15133_/X
 _15134_/X
 _15135_/X
 _15136_/X
 _15137_/X
 _15138_/X
 _15139_/X
 _15140_/X
 _15141_/X
 _15142_/X
 _15143_/X
 _15144_/X
 _15145_/X
 _15146_/X
 _15147_/X
 _15148_/X
 _15149_/X
 _15150_/X
 _15151_/X
 _15152_/X
 _15153_/X
 _15154_/X
 _15155_/X
 _15156_/X
 _15157_/X
 _15158_/X
 _15159_/X
 _15160_/X
 _15161_/X
 _15162_/X
 _15163_/X
 _15164_/X
 _15165_/X
 _15166_/X
 _15167_/X
 _15168_/X
 _15169_/X
 _15170_/X
 _15171_/X
 _15172_/X
 _15173_/X
 _15174_/X
 _15175_/X
 _15176_/X
 _15177_/X
 _15178_/X
 _15179_/X
 _15180_/X
 _15181_/X
 _15182_/X
 _15183_/X
 _15184_/X
 _15185_/X
 _15186_/X
 _15187_/X
 _15188_/X
 _15189_/X
 _15190_/X
 _15191_/X
 _15192_/X
 _15193_/X
 _15194_/X
 _15195_/X
 _15196_/X
 _15197_/X
 _15198_/X
 _15199_/X
 _15200_/X
 _15201_/X
 _15202_/X
 _15203_/X
 _15204_/X
 _15205_/X
 _15206_/X
 _15207_/X
 _15208_/X
 _15209_/X
 _15210_/X
 _15211_/X
 _15212_/X
 _15213_/X
 _15214_/X
 _15215_/X
 _15216_/X
 _15217_/X
 _15218_/X
 _15219_/X
 _15220_/X
 _15221_/X
 _15222_/X
 _15223_/X
 _15224_/X
 _15225_/X
 _15226_/X
 _15227_/X
 _15228_/X
 _15229_/X
 _15230_/X
 _15231_/X
 _15232_/X
 _15233_/X
 _15234_/X
 _15235_/X
 _15236_/X
 _15237_/X
 _15238_/X
 _15239_/X
 _15240_/X
 _15241_/X
 _15242_/X
 _15243_/X
 _15244_/X
 _15245_/X
 _15246_/X
 _15247_/X
 _15248_/X
 _15249_/X
 _15250_/X
 _15251_/X
 _15252_/X
 _15253_/X
 _15254_/X
 _15255_/X
 _15256_/X
 _15257_/X
 _15258_/X
 _15259_/X
 _15260_/X
 _15261_/X
 _15262_/X
 _15263_/X
 _15264_/X
 _15265_/X
 _15266_/X
 _15267_/X
 _15268_/X
 _15269_/X
 _15270_/X
 _15271_/X
 _15272_/X
 _15273_/X
 _15274_/X
 _15275_/X
 _15276_/X
 _15277_/X
 _15278_/X
 _15279_/X
 _15280_/X
 _15281_/X
 _15282_/X
 _15283_/X
 _15284_/X
 _15285_/X
 _15286_/X
 _15287_/X
 _15288_/X
 _15289_/X
 _15290_/X
 _15291_/X
 _15292_/X
 _15293_/X
 _15294_/X
 _15295_/X
 _15296_/X
 _15297_/X
 _15298_/X
 _15299_/X
 _15300_/X
 _15301_/X
 _15302_/X
 _15303_/X
 _15304_/X
 _15305_/X
 _15306_/X
 _15307_/X
 _15308_/X
 _15309_/X
 _15310_/X
 _15311_/X
 _15312_/X
 _15313_/X
 _15314_/X
 _15315_/X
 _15316_/Y
 _15317_/X
 _15318_/X
 _15319_/X
 _15320_/X
 _15321_/X
 _15322_/X
 _15323_/X
 _15324_/X
 _15325_/X
 _15326_/X
 _15327_/Y
 _15328_/X
 _15329_/X
 _15330_/X
 _15331_/X
 _15332_/X
 _15333_/X
 _15334_/X
 _15335_/X
 _15336_/X
 _15337_/X
 _15338_/X
 _15339_/X
 _15340_/X
 _15341_/X
 _15342_/X
 _15343_/X
 _15344_/X
 _15345_/X
 _15346_/X
 _15347_/X
 _15348_/X
 _15349_/X
 _15350_/X
 _15351_/X
 _15352_/X
 _15353_/X
 _15354_/X
 _15355_/X
 _15356_/X
 _15357_/X
 _15358_/X
 _15359_/X
 _15360_/X
 _15361_/X
 _15362_/X
 _15363_/X
 _15364_/X
 _15365_/X
 _15366_/X
 _15367_/X
 _15368_/X
 _15369_/X
 _15370_/X
 _15371_/X
 _15372_/X
 _15373_/X
 _15374_/X
 _15375_/X
 _15376_/X
 _15377_/X
 _15378_/X
 _15379_/X
 _15380_/X
 _15381_/X
 _15382_/X
 _15383_/X
 _15384_/X
 _15385_/X
 _15386_/X
 _15387_/X
 _15388_/X
 _15389_/X
 _15390_/X
 _15391_/X
 _15392_/X
 _15393_/X
 _15394_/X
 _15395_/X
 _15396_/X
 _15397_/X
 _15398_/X
 _15399_/X
 _15400_/X
 _15401_/X
 _15402_/X
 _15403_/X
 _15404_/X
 _15405_/X
 _15406_/X
 _15407_/X
 _15408_/X
 _15409_/X
 _15410_/X
 _15411_/X
 _15412_/X
 _15413_/X
 _15414_/X
 _15415_/X
 _15416_/X
 _15417_/X
 _15418_/X
 _15419_/X
 _15420_/X
 _15421_/X
 _15422_/X
 _15423_/X
 _15424_/X
 _15425_/X
 _15426_/X
 _15427_/X
 _15428_/X
 _15429_/X
 _15430_/X
 _15431_/X
 _15432_/X
 _15433_/X
 _15434_/X
 _15435_/X
 _15436_/X
 _15437_/X
 _15438_/X
 _15439_/X
 _15440_/X
 _15441_/X
 _15442_/X
 _15443_/X
 _15444_/X
 _15445_/X
 _15446_/X
 _15447_/X
 _15448_/X
 _15449_/X
 _15450_/X
 _15451_/X
 _15452_/X
 _15453_/X
 _15454_/X
 _15455_/X
 _15456_/X
 _15457_/X
 _15458_/X
 _15459_/X
 _15460_/X
 _15461_/X
 _15462_/X
 _15463_/X
 _15464_/X
 _15465_/X
 _15466_/X
 _15467_/X
 _15468_/X
 _15469_/X
 _15470_/X
 _15471_/X
 _15472_/X
 _15473_/X
 _15474_/X
 _15475_/X
 _15476_/X
 _15477_/X
 _15478_/X
 _15479_/X
 _15480_/X
 _15481_/X
 _15482_/X
 _15483_/X
 _15484_/X
 _15485_/X
 _15486_/X
 _15487_/X
 _15488_/X
 _15489_/X
 _15490_/X
 _15491_/X
 _15492_/X
 _15493_/X
 _15494_/Y
 _15495_/X
 _15496_/X
 _15497_/X
 _15498_/X
 _15499_/X
 _15500_/X
 _15501_/X
 _15502_/X
 _15503_/X
 _15504_/X
 _15505_/Y
 _15506_/X
 _15507_/X
 _15508_/X
 _15509_/X
 _15510_/X
 _15511_/X
 _15512_/X
 _15513_/X
 _15514_/X
 _15515_/X
 _15516_/X
 _15517_/X
 _15518_/X
 _15519_/X
 _15520_/X
 _15521_/X
 _15522_/X
 _15523_/X
 _15524_/X
 _15525_/X
 _15526_/X
 _15527_/X
 _15528_/X
 _15529_/X
 _15530_/X
 _15531_/X
 _15532_/X
 _15533_/X
 _15534_/X
 _15535_/X
 _15536_/X
 _15537_/X
 _15538_/X
 _15539_/X
 _15540_/X
 _15541_/X
 _15542_/X
 _15543_/X
 _15544_/X
 _15545_/X
 _15546_/X
 _15547_/X
 _15548_/X
 _15549_/X
 _15550_/X
 _15551_/X
 _15552_/X
 _15553_/X
 _15554_/X
 _15555_/X
 _15556_/X
 _15557_/X
 _15558_/X
 _15559_/X
 _15560_/X
 _15561_/X
 _15562_/X
 _15563_/X
 _15564_/X
 _15565_/X
 _15566_/X
 _15567_/X
 _15568_/X
 _15569_/X
 _15570_/X
 _15571_/X
 _15572_/X
 _15573_/X
 _15574_/X
 _15575_/X
 _15576_/X
 _15577_/X
 _15578_/X
 _15579_/X
 _15580_/X
 _15581_/X
 _15582_/X
 _15583_/X
 _15584_/X
 _15585_/X
 _15586_/X
 _15587_/X
 _15588_/X
 _15589_/X
 _15590_/X
 _15591_/X
 _15592_/X
 _15593_/X
 _15594_/X
 _15595_/X
 _15596_/X
 _15597_/X
 _15598_/X
 _15599_/X
 _15600_/X
 _15601_/X
 _15602_/X
 _15603_/X
 _15604_/X
 _15605_/X
 _15606_/X
 _15607_/X
 _15608_/X
 _15609_/X
 _15610_/X
 _15611_/X
 _15612_/X
 _15613_/X
 _15614_/X
 _15615_/X
 _15616_/X
 _15617_/X
 _15618_/X
 _15619_/X
 _15620_/X
 _15621_/X
 _15622_/X
 _15623_/X
 _15624_/X
 _15625_/X
 _15626_/X
 _15627_/X
 _15628_/X
 _15629_/X
 _15630_/X
 _15631_/X
 _15632_/X
 _15633_/X
 _15634_/X
 _15635_/X
 _15636_/X
 _15637_/X
 _15638_/X
 _15639_/X
 _15640_/X
 _15641_/X
 _15642_/X
 _15643_/X
 _15644_/X
 _15645_/X
 _15646_/X
 _15647_/X
 _15648_/X
 _15649_/X
 _15650_/X
 _15651_/X
 _15652_/X
 _15653_/X
 _15654_/X
 _15655_/X
 _15656_/X
 _15657_/Y
 _15658_/X
 _15659_/X
 _15660_/X
 _15661_/X
 _15662_/X
 _15663_/X
 _15664_/X
 _15665_/X
 _15666_/X
 _15667_/X
 _15668_/X
 _15669_/X
 _15670_/X
 _15671_/X
 _15672_/X
 _15673_/X
 _15674_/X
 _15675_/X
 _15676_/X
 _15677_/X
 _15678_/X
 _15679_/X
 _15680_/X
 _15681_/X
 _15682_/X
 _15683_/X
 _15684_/X
 _15685_/X
 _15686_/X
 _15687_/X
 _15688_/X
 _15689_/X
 _15690_/X
 _15691_/X
 _15692_/X
 _15693_/X
 _15694_/X
 _15695_/X
 _15696_/X
 _15697_/X
 _15698_/X
 _15699_/X
 _15700_/X
 _15701_/X
 _15702_/X
 _15703_/X
 _15704_/X
 _15705_/X
 _15706_/X
 _15707_/X
 _15708_/X
 _15709_/X
 _15710_/X
 _15711_/X
 _15712_/X
 _15713_/X
 _15714_/X
 _15715_/X
 _15716_/X
 _15717_/X
 _15718_/X
 _15719_/X
 _15720_/X
 _15721_/X
 _15722_/X
 _15723_/X
 _15724_/X
 _15725_/X
 _15726_/X
 _15727_/X
 _15728_/X
 _15729_/X
 _15730_/X
 _15731_/X
 _15732_/X
 _15733_/X
 _15734_/X
 _15735_/X
 _15736_/X
 _15737_/X
 _15738_/X
 _15739_/X
 _15740_/X
 _15741_/X
 _15742_/X
 _15743_/X
 _15744_/X
 _15745_/X
 _15746_/X
 _15747_/Y
 _15748_/X
 _15749_/X
 _15750_/X
 _15751_/X
 _15752_/X
 _15753_/X
 _15754_/X
 _15755_/X
 _15756_/X
 _15757_/X
 _15758_/Y
 _15759_/Y
 _15760_/X
 _15761_/X
 _15762_/X
 _15763_/X
 _15764_/X
 _15765_/X
 _15766_/X
 _15767_/X
 _15768_/X
 _15769_/X
 _15770_/Y
 _15771_/X
 _15772_/X
 _15773_/X
 _15774_/X
 _15775_/X
 _15776_/X
 _15777_/X
 _15778_/X
 _15779_/X
 _15780_/Y
 _15781_/X
 _15782_/X
 _15783_/X
 _15784_/X
 _15785_/X
 _15786_/X
 _15787_/X
 _15788_/X
 _15789_/X
 _15790_/X
 _15791_/X
 _15792_/Y
 _15793_/X
 _15794_/X
 _15795_/X
 _15796_/X
 _15797_/X
 _15798_/X
 _15799_/X
 _15800_/X
 _15801_/X
 _15802_/X
 _15803_/X
 _15804_/X
 _15805_/X
 _15806_/X
 _15807_/X
 _15808_/X
 _15809_/X
 _15810_/X
 _15811_/X
 _15812_/X
 _15813_/Y
 _15814_/X
 _15815_/X
 _15816_/X
 _15817_/X
 _15818_/X
 _15819_/X
 _15820_/X
 _15821_/X
 _15822_/X
 _15823_/X
 _15824_/X
 _15825_/Y
 _15826_/X
 _15827_/X
 _15828_/X
 _15829_/X
 _15830_/X
 _15831_/X
 _15832_/X
 _15833_/X
 _15834_/X
 _15835_/X
 _15836_/X
 _15837_/Y
 _15838_/X
 _15839_/X
 _15840_/X
 _15841_/X
 _15842_/X
 _15843_/X
 _15844_/X
 _15845_/X
 _15846_/X
 _15847_/X
 _15848_/X
 _15849_/X
 _15850_/X
 _15851_/X
 _15852_/X
 _15853_/X
 _15854_/X
 _15855_/X
 _15856_/X
 _15857_/Y
 _15858_/X
 _15859_/X
 _15860_/X
 _15861_/X
 _15862_/X
 _15863_/X
 _15864_/X
 _15865_/X
 _15866_/X
 _15867_/X
 _15868_/X
 _15869_/X
 _15870_/X
 _15871_/X
 _15872_/X
 _15873_/X
 _15874_/X
 _15875_/X
 _15876_/X
 _15877_/X
 _15878_/Y
 _15879_/X
 _15880_/X
 _15881_/X
 _15882_/X
 _15883_/X
 _15884_/X
 _15885_/X
 _15886_/X
 _15887_/X
 _15888_/X
 _15889_/X
 _15890_/X
 _15891_/X
 _15892_/X
 _15893_/X
 _15894_/Y
 _15895_/X
 _15896_/X
 _15897_/X
 _15898_/X
 _15899_/X
 _15900_/X
 _15901_/X
 _15902_/X
 _15903_/X
 _15904_/X
 _15905_/Y
 _15906_/X
 _15907_/X
 _15908_/X
 _15909_/X
 _15910_/X
 _15911_/X
 _15912_/X
 _15913_/X
 _15914_/X
 _15915_/X
 _15916_/Y
 _15917_/X
 _15918_/X
 _15919_/X
 _15920_/X
 _15921_/X
 _15922_/X
 _15923_/X
 _15924_/X
 _15925_/X
 _15926_/X
 _15927_/Y
 _15928_/X
 _15929_/Y
 _15930_/X
 _15931_/X
 _15932_/X
 _15933_/X
 _15934_/X
 _15935_/X
 _15936_/X
 _15937_/X
 _15938_/X
 _15939_/X
 _15940_/X
 _15941_/X
 _15942_/X
 _15943_/X
 _15944_/X
 _15945_/X
 _15946_/X
 _15947_/X
 _15948_/X
 _15949_/X
 _15950_/X
 _15951_/X
 _15952_/X
 _15953_/X
 _15954_/X
 _15955_/X
 _15956_/X
 _15957_/X
 _15958_/X
 _15959_/X
 _15960_/X
 _15961_/X
 _15962_/X
 _15963_/X
 _15964_/X
 _15965_/X
 _15966_/X
 _15967_/X
 _15968_/X
 _15969_/X
 _15970_/X
 _15971_/X
 _15972_/X
 _15973_/X
 _15974_/X
 _15975_/X
 _15976_/X
 _15977_/X
 _15978_/X
 _15979_/X
 _15980_/X
 _15981_/X
 _15982_/X
 _15983_/X
 _15984_/X
 _15985_/X
 _15986_/X
 _15987_/X
 _15988_/X
 _15989_/X
 _15990_/X
 _15991_/X
 _15992_/X
 _15993_/X
 _15994_/X
 _15995_/X
 _15996_/X
 _15997_/X
 _15998_/X
 _15999_/X
 _16000_/X
 _16001_/X
 _16002_/X
 _16003_/X
 _16004_/X
 _16005_/X
 _16006_/X
 _16007_/X
 _16008_/X
 _16009_/X
 _16010_/X
 _16011_/X
 _16012_/X
 _16013_/X
 _16014_/X
 _16015_/X
 _16016_/X
 _16017_/X
 _16018_/X
 _16019_/Y
 _16020_/X
 _16021_/X
 _16022_/X
 _16023_/X
 _16024_/X
 _16025_/X
 _16026_/X
 _16027_/X
 _16028_/X
 _16029_/X
 _16030_/Y
 _16031_/X
 _16032_/X
 _16033_/X
 _16034_/X
 _16035_/X
 _16036_/X
 _16037_/X
 _16038_/X
 _16039_/X
 _16040_/X
 _16041_/X
 _16042_/Y
 _16043_/X
 _16044_/X
 _16045_/X
 _16046_/X
 _16047_/X
 _16048_/X
 _16049_/X
 _16050_/X
 _16051_/X
 _16052_/Y
 _16053_/X
 _16054_/X
 _16055_/X
 _16056_/X
 _16057_/X
 _16058_/X
 _16059_/X
 _16060_/X
 _16061_/X
 _16062_/X
 _16063_/Y
 _16064_/X
 _16065_/X
 _16066_/X
 _16067_/X
 _16068_/X
 _16069_/X
 _16070_/X
 _16071_/X
 _16072_/X
 _16073_/X
 _16074_/Y
 _16075_/X
 _16076_/X
 _16077_/X
 _16078_/X
 _16079_/X
 _16080_/X
 _16081_/X
 _16082_/X
 _16083_/X
 _16084_/X
 _16085_/X
 _16086_/X
 _16087_/X
 _16088_/X
 _16089_/X
 _16090_/X
 _16091_/X
 _16092_/X
 _16093_/X
 _16094_/X
 _16095_/X
 _16096_/X
 _16097_/X
 _16098_/X
 _16099_/X
 _16100_/X
 _16101_/X
 _16102_/X
 _16103_/X
 _16104_/X
 _16105_/X
 _16106_/X
 _16107_/X
 _16108_/Y
 _16109_/Y
 _16110_/X
 _16111_/X
 _16112_/X
 _16113_/X
 _16114_/X
 _16115_/X
 _16116_/X
 _16117_/X
 _16118_/X
 _16119_/X
 _16120_/X
 _16121_/X
 _16122_/X
 _16123_/X
 _16124_/X
 _16125_/X
 _16126_/X
 _16127_/X
 _16128_/X
 _16129_/X
 _16130_/X
 _16131_/X
 _16132_/X
 _16133_/X
 _16134_/X
 _16135_/X
 _16136_/X
 _16137_/X
 _16138_/X
 _16139_/X
 _16140_/X
 _16141_/X
 _16142_/X
 _16143_/X
 _16144_/X
 _16145_/X
 _16146_/X
 _16147_/X
 _16148_/X
 _16149_/X
 _16150_/X
 _16151_/X
 _16152_/X
 _16153_/X
 _16154_/X
 _16155_/X
 _16156_/Y
 _16157_/X
 _16158_/X
 _16159_/X
 _16160_/X
 _16161_/X
 _16162_/X
 _16163_/X
 _16164_/X
 _16165_/X
 _16166_/Y
 _16167_/X
 _16168_/X
 _16169_/X
 _16170_/X
 _16171_/X
 _16172_/X
 _16173_/X
 _16174_/X
 _16175_/X
 _16176_/X
 _16177_/Y
 _16178_/X
 _16179_/X
 _16180_/X
 _16181_/X
 _16182_/X
 _16183_/X
 _16184_/X
 _16185_/X
 _16186_/X
 _16187_/Y
 _16188_/X
 _16189_/X
 _16190_/X
 _16191_/X
 _16192_/X
 _16193_/X
 _16194_/X
 _16195_/X
 _16196_/X
 _16197_/X
 _16198_/Y
 _16199_/X
 _16200_/X
 _16201_/X
 _16202_/X
 _16203_/X
 _16204_/X
 _16205_/X
 _16206_/X
 _16207_/X
 _16208_/X
 _16209_/X
 _16210_/X
 _16211_/Y
 _16212_/X
 _16213_/X
 _16214_/X
 _16215_/X
 _16216_/X
 _16217_/X
 _16218_/X
 _16219_/X
 _16220_/X
 _16221_/Y
 _16222_/X
 _16223_/X
 _16224_/X
 _16225_/X
 _16226_/X
 _16227_/X
 _16228_/X
 _16229_/X
 _16230_/X
 _16231_/X
 _16232_/X
 _16233_/X
 _16234_/X
 _16235_/X
 _16236_/X
 _16237_/X
 _16238_/X
 _16239_/X
 _16240_/X
 _16241_/X
 _16242_/X
 _16243_/Y
 _16244_/X
 _16245_/X
 _16246_/X
 _16247_/X
 _16248_/X
 _16249_/X
 _16250_/X
 _16251_/X
 _16252_/X
 _16253_/X
 _16254_/X
 _16255_/X
 _16256_/X
 _16257_/X
 _16258_/X
 _16259_/X
 _16260_/X
 _16261_/X
 _16262_/X
 _16263_/X
 _16264_/X
 _16265_/Y
 _16266_/X
 _16267_/X
 _16268_/X
 _16269_/X
 _16270_/X
 _16271_/X
 _16272_/X
 _16273_/X
 _16274_/X
 _16275_/X
 _16276_/X
 _16277_/X
 _16278_/X
 _16279_/X
 _16280_/X
 _16281_/X
 _16282_/X
 _16283_/X
 _16284_/X
 _16285_/X
 _16286_/X
 _16287_/Y
 _16288_/X
 _16289_/X
 _16290_/X
 _16291_/X
 _16292_/X
 _16293_/X
 _16294_/X
 _16295_/X
 _16296_/X
 _16297_/X
 _16298_/X
 _16299_/X
 _16300_/X
 _16301_/Y
 _16302_/X
 _16303_/X
 _16304_/X
 _16305_/X
 _16306_/X
 _16307_/X
 _16308_/X
 _16309_/X
 _16310_/X
 _16311_/X
 _16312_/X
 _16313_/X
 _16314_/X
 _16315_/X
 _16316_/X
 _16317_/X
 _16318_/X
 _16319_/X
 _16320_/X
 _16321_/X
 _16322_/X
 _16323_/X
 _16324_/X
 _16325_/X
 _16326_/X
 _16327_/X
 _16328_/X
 _16329_/X
 _16330_/X
 _16331_/X
 _16332_/X
 _16333_/X
 _16334_/X
 _16335_/X
 _16336_/X
 _16337_/X
 _16338_/X
 _16339_/X
 _16340_/X
 _16341_/X
 _16342_/X
 _16343_/Y
 _16344_/X
 _16345_/X
 _16346_/X
 _16347_/X
 _16348_/X
 _16349_/X
 _16350_/X
 _16351_/X
 _16352_/X
 _16353_/X
 _16354_/X
 _16355_/X
 _16356_/X
 _16357_/X
 _16358_/X
 _16359_/X
 _16360_/X
 _16361_/X
 _16362_/X
 _16363_/X
 _16364_/X
 _16365_/X
 _16366_/X
 _16367_/X
 _16368_/X
 _16369_/X
 _16370_/X
 _16371_/X
 _16372_/X
 _16373_/X
 _16374_/X
 _16375_/X
 _16376_/X
 _16377_/X
 _16378_/X
 _16379_/X
 _16380_/X
 _16381_/X
 _16382_/X
 _16383_/X
 _16384_/X
 _16385_/X
 _16386_/X
 _16387_/X
 _16388_/X
 _16389_/X
 _16390_/X
 _16391_/X
 _16392_/X
 _16393_/X
 _16394_/X
 _16395_/X
 _16396_/X
 _16397_/X
 _16398_/X
 _16399_/X
 _16400_/X
 _16401_/X
 _16402_/X
 _16403_/X
 _16404_/X
 _16405_/X
 _16406_/X
 _16407_/X
 _16408_/X
 _16409_/Y
 _16410_/X
 _16411_/X
 _16412_/X
 _16413_/X
 _16414_/X
 _16415_/X
 _16416_/X
 _16417_/X
 _16418_/X
 _16419_/X
 _16420_/X
 _16421_/X
 _16422_/X
 _16423_/X
 _16424_/X
 _16425_/X
 _16426_/X
 _16427_/X
 _16428_/X
 _16429_/X
 _16430_/X
 _16431_/Y
 _16432_/X
 _16433_/X
 _16434_/X
 _16435_/X
 _16436_/X
 _16437_/X
 _16438_/X
 _16439_/X
 _16440_/X
 _16441_/X
 _16442_/Y
 _16443_/Y
 _16444_/X
 _16445_/X
 _16446_/X
 _16447_/X
 _16448_/X
 _16449_/X
 _16450_/X
 _16451_/X
 _16452_/X
 _16453_/X
 _16454_/Y
 _16455_/X
 _16456_/X
 _16457_/X
 _16458_/X
 _16459_/X
 _16460_/X
 _16461_/X
 _16462_/X
 _16463_/X
 _16464_/X
 _16465_/X
 _16466_/X
 _16467_/X
 _16468_/X
 _16469_/X
 _16470_/X
 _16471_/X
 _16472_/X
 _16473_/X
 _16474_/X
 _16475_/X
 _16476_/X
 _16477_/X
 _16478_/X
 _16479_/X
 _16480_/X
 _16481_/X
 _16482_/X
 _16483_/X
 _16484_/X
 _16485_/X
 _16486_/X
 _16487_/X
 _16488_/X
 _16489_/X
 _16490_/X
 _16491_/X
 _16492_/X
 _16493_/X
 _16494_/X
 _16495_/X
 _16496_/X
 _16497_/X
 _16498_/X
 _16499_/X
 _16500_/X
 _16501_/X
 _16502_/X
 _16503_/X
 _16504_/X
 _16505_/X
 _16506_/X
 _16507_/X
 _16508_/X
 _16509_/X
 _16510_/X
 _16511_/X
 _16512_/X
 _16513_/X
 _16514_/X
 _16515_/X
 _16516_/X
 _16517_/X
 _16518_/X
 _16519_/X
 _16520_/X
 _16521_/X
 _16522_/X
 _16523_/X
 _16524_/X
 _16525_/X
 _16526_/X
 _16527_/X
 _16528_/X
 _16529_/X
 _16530_/X
 _16531_/X
 _16532_/X
 _16533_/X
 _16534_/X
 _16535_/X
 _16536_/X
 _16537_/X
 _16538_/X
 _16539_/X
 _16540_/X
 _16541_/X
 _16542_/X
 _16543_/X
 _16544_/X
 _16545_/Y
 _16546_/X
 _16547_/X
 _16548_/X
 _16549_/X
 _16550_/X
 _16551_/X
 _16552_/X
 _16553_/X
 _16554_/X
 _16555_/X
 _16556_/X
 _16557_/X
 _16558_/X
 _16559_/X
 _16560_/X
 _16561_/X
 _16562_/X
 _16563_/X
 _16564_/X
 _16565_/X
 _16566_/X
 _16567_/X
 _16568_/X
 _16569_/X
 _16570_/X
 _16571_/X
 _16572_/X
 _16573_/X
 _16574_/X
 _16575_/X
 _16576_/X
 _16577_/X
 _16578_/X
 _16579_/X
 _16580_/X
 _16581_/X
 _16582_/X
 _16583_/X
 _16584_/X
 _16585_/X
 _16586_/X
 _16587_/X
 _16588_/Y
 _16589_/X
 _16590_/X
 _16591_/X
 _16592_/X
 _16593_/X
 _16594_/X
 _16595_/X
 _16596_/X
 _16597_/X
 _16598_/X
 _16599_/Y
 _16600_/X
 _16601_/X
 _16602_/X
 _16603_/X
 _16604_/X
 _16605_/X
 _16606_/X
 _16607_/X
 _16608_/X
 _16609_/X
 _16610_/X
 _16611_/X
 _16612_/X
 _16613_/X
 _16614_/X
 _16615_/X
 _16616_/X
 _16617_/X
 _16618_/X
 _16619_/X
 _16620_/X
 _16621_/X
 _16622_/X
 _16623_/X
 _16624_/X
 _16625_/X
 _16626_/X
 _16627_/X
 _16628_/X
 _16629_/X
 _16630_/X
 _16631_/X
 _16632_/X
 _16633_/X
 _16634_/X
 _16635_/X
 _16636_/X
 _16637_/X
 _16638_/X
 _16639_/X
 _16640_/X
 _16641_/X
 _16642_/X
 _16643_/X
 _16644_/X
 _16645_/X
 _16646_/X
 _16647_/X
 _16648_/X
 _16649_/X
 _16650_/X
 _16651_/X
 _16652_/X
 _16653_/X
 _16654_/X
 _16655_/X
 _16656_/X
 _16657_/X
 _16658_/X
 _16659_/X
 _16660_/X
 _16661_/X
 _16662_/X
 _16663_/X
 _16664_/X
 _16665_/X
 _16666_/X
 _16667_/X
 _16668_/X
 _16669_/X
 _16670_/X
 _16671_/X
 _16672_/X
 _16673_/X
 _16674_/X
 _16675_/X
 _16676_/X
 _16677_/X
 _16678_/X
 _16679_/X
 _16680_/X
 _16681_/X
 _16682_/X
 _16683_/X
 _16684_/X
 _16685_/X
 _16686_/X
 _16687_/X
 _16688_/X
 _16689_/X
 _16690_/X
 _16691_/X
 _16692_/X
 _16693_/X
 _16694_/X
 _16695_/X
 _16696_/X
 _16697_/X
 _16698_/X
 _16699_/X
 _16700_/X
 _16701_/X
 _16702_/X
 _16703_/X
 _16704_/X
 _16705_/X
 _16706_/X
 _16707_/X
 _16708_/X
 _16709_/X
 _16710_/X
 _16711_/X
 _16712_/X
 _16713_/X
 _16714_/X
 _16715_/X
 _16716_/X
 _16717_/X
 _16718_/X
 _16719_/X
 _16720_/X
 _16721_/X
 _16722_/X
 _16723_/X
 _16724_/X
 _16725_/X
 _16726_/X
 _16727_/X
 _16728_/X
 _16729_/X
 _16730_/X
 _16731_/X
 _16732_/X
 _16733_/X
 _16734_/X
 _16735_/X
 _16736_/X
 _16737_/Y
 _16738_/X
 _16739_/X
 _16740_/Y
 _16741_/X
 _16742_/Y
 _16743_/X
 _16744_/X
 _16745_/X
 _16746_/X
 _16747_/X
 _16748_/X
 _16749_/Y
 _16750_/X
 _16751_/X
 _16752_/X
 _16753_/X
 _16754_/X
 _16755_/X
 _16756_/X
 _16757_/Y
 _16758_/Y
 _16759_/Y
 _16760_/Y
 _16761_/X
 _16762_/X
 _16763_/X
 _16764_/X
 _16765_/X
 _16766_/X
 _16767_/X
 _16768_/X
 _16769_/Y
 _16770_/X
 _16771_/X
 _16772_/X
 _16773_/X
 _16774_/X
 _16775_/X
 _16776_/X
 _16777_/X
 _16778_/X
 _16779_/X
 _16780_/Y
 _16781_/Y
 _16782_/X
 _16783_/Y
 _16784_/X
 _16785_/X
 _16786_/X
 _16787_/X
 _16788_/X
 _16789_/X
 _16790_/X
 _16791_/X
 _16792_/X
 _16793_/X
 _16794_/X
 _16795_/X
 _16796_/X
 _16797_/Y
 _16798_/Y
 _16799_/X
 _16800_/X
 _16801_/X
 _16802_/X
 _16803_/X
 _16804_/X
 _16805_/X
 _16806_/X
 _16807_/X
 _16808_/X
 _16809_/X
 _16810_/X
 _16811_/X
 _16812_/X
 _16813_/Y
 _16814_/X
 _16815_/X
 _16816_/X
 _16817_/X
 _16818_/X
 _16819_/X
 _16820_/X
 _16821_/X
 _16822_/X
 _16823_/X
 _16824_/X
 _16825_/X
 _16826_/X
 _16827_/X
 _16828_/X
 _16829_/Y
 _16830_/X
 _16831_/X
 _16832_/X
 _16833_/X
 _16834_/X
 _16835_/Y
 _16836_/X
 _16837_/X
 _16838_/X
 _16839_/X
 _16840_/X
 _16841_/Y
 _16842_/Y
 _16843_/X
 _16844_/X
 _16845_/X
 _16846_/X
 _16847_/X
 _16848_/X
 _16849_/X
 _16850_/X
 _16851_/X
 _16852_/X
 _16853_/X
 _16854_/X
 _16855_/X
 _16856_/X
 _16857_/X
 _16858_/Y
 _16859_/Y
 _16860_/X
 _16861_/X
 _16862_/X
 _16863_/X
 _16864_/X
 _16865_/Y
 _16866_/X
 _16867_/X
 _16868_/X
 _16869_/X
 _16870_/X
 _16871_/X
 _16872_/X
 _16873_/Y
 _16874_/X
 _16875_/Y
 _16876_/X
 _16877_/X
 _16878_/X
 _16879_/X
 _16880_/X
 _16881_/Y
 _16882_/X
 _16883_/X
 _16884_/X
 _16885_/X
 _16886_/X
 _16887_/X
 _16888_/Y
 _16889_/Y
 _16890_/Y
 _16891_/Y
 _16892_/Y
 _16893_/X
 _16894_/X
 _16895_/X
 _16896_/X
 _16897_/X
 _16898_/X
 _16899_/Y
 _16900_/X
 _16901_/X
 _16902_/X
 _16903_/X
 _16904_/X
 _16905_/X
 _16906_/Y
 _16907_/Y
 _16908_/Y
 _16909_/Y
 _16910_/Y
 _16911_/X
 _16912_/X
 _16913_/X
 _16914_/X
 _16915_/X
 _16916_/X
 _16917_/X
 _16918_/Y
 _16919_/X
 _16920_/Y
 _16921_/X
 _16922_/X
 _16923_/X
 _16924_/Y
 _16925_/Y
 _16926_/X
 _16927_/X
 _16928_/Y
 _16929_/X
 _16930_/X
 _16931_/X
 _16932_/X
 _16933_/X
 _16934_/X
 _16935_/X
 _16936_/Y
 _16937_/X
 _16938_/X
 _16939_/X
 _16940_/X
 _16941_/X
 _16942_/X
 _16943_/X
 _16944_/Y
 _16945_/X
 _16946_/Y
 _16947_/Y
 _16948_/X
 _16949_/X
 _16950_/X
 _16951_/X
 _16952_/X
 _16953_/X
 _16954_/X
 _16955_/X
 _16956_/X
 _16957_/X
 _16958_/X
 _16959_/X
 _16960_/X
 _16961_/Y
 _16962_/Y
 _16963_/X
 _16964_/X
 _16965_/X
 _16966_/X
 _16967_/X
 _16968_/Y
 _16969_/X
 _16970_/X
 _16971_/X
 _16972_/X
 _16973_/X
 _16974_/Y
 _16975_/Y
 _16976_/Y
 _16977_/X
 _16978_/X
 _16979_/X
 _16980_/X
 _16981_/X
 _16982_/X
 _16983_/Y
 _16984_/X
 _16985_/X
 _16986_/X
 _16987_/X
 _16988_/X
 _16989_/X
 _16990_/Y
 _16991_/Y
 _16992_/Y
 _16993_/Y
 _16994_/X
 _16995_/X
 _16996_/X
 _16997_/Y
 _16998_/X
 _16999_/X
 _17000_/Y
 _17001_/X
 _17002_/Y
 _17003_/X
 _17004_/X
 _17005_/X
 _17006_/X
 _17007_/Y
 _17008_/Y
 _17009_/Y
 _17010_/X
 _17011_/Y
 _17012_/X
 _17013_/Y
 _17014_/X
 _17015_/Y
 _17016_/X
 _17017_/Y
 _17018_/X
 _17019_/X
 _17020_/X
 _17021_/X
 _17022_/X
 _17023_/X
 _17024_/X
 _17025_/Y
 _17026_/X
 _17027_/X
 _17028_/X
 _17029_/X
 _17030_/X
 _17031_/Y
 _17032_/Y
 _17033_/X
 _17034_/Y
 _17035_/X
 _17036_/X
 _17037_/X
 _17038_/X
 _17039_/Y
 _17040_/X
 _17041_/X
 _17042_/X
 _17043_/X
 _17044_/X
 _17045_/X
 _17046_/Y
 _17047_/Y
 _17048_/Y
 _17049_/X
 _17050_/X
 _17051_/X
 _17052_/X
 _17053_/X
 _17054_/X
 _17055_/X
 _17056_/X
 _17057_/X
 _17058_/X
 _17059_/X
 _17060_/X
 _17061_/Y
 _17062_/Y
 _17063_/X
 _17064_/X
 _17065_/X
 _17066_/X
 _17067_/Y
 _17068_/X
 _17069_/X
 _17070_/X
 _17071_/X
 _17072_/X
 _17073_/Y
 _17074_/Y
 _17075_/Y
 _17076_/Y
 _17077_/X
 _17078_/X
 _17079_/Y
 _17080_/Y
 _17081_/Y
 _17082_/Y
 _17083_/X
 _17084_/Y
 _17085_/X
 _17086_/X
 _17087_/X
 _17088_/X
 _17089_/X
 _17090_/X
 _17091_/X
 _17092_/X
 _17093_/X
 _17094_/X
 _17095_/X
 _17096_/X
 _17097_/X
 _17098_/X
 _17099_/X
 _17100_/X
 _17101_/Y
 _17102_/Y
 _17103_/X
 _17104_/X
 _17105_/X
 _17106_/X
 _17107_/X
 _17108_/Y
 _17109_/X
 _17110_/X
 _17111_/X
 _17112_/X
 _17113_/X
 _17114_/Y
 _17115_/X
 _17116_/Y
 _17117_/Y
 _17118_/X
 _17119_/Y
 _17120_/X
 _17121_/X
 _17122_/X
 _17123_/X
 _17124_/X
 _17125_/X
 _17126_/X
 _17127_/X
 _17128_/X
 _17129_/X
 _17130_/X
 _17131_/X
 _17132_/X
 _17133_/X
 _17134_/Y
 _17135_/X
 _17136_/X
 _17137_/X
 _17138_/X
 _17139_/X
 _17140_/X
 _17141_/X
 _17142_/Y
 _17143_/X
 _17144_/X
 _17145_/X
 _17146_/X
 _17147_/X
 _17148_/Y
 _17149_/X
 _17150_/Y
 _17151_/X
 _17152_/X
 _17153_/Y
 _17154_/X
 _17155_/X
 _17156_/X
 _17157_/X
 _17158_/X
 _17159_/Y
 _17160_/X
 _17161_/X
 _17162_/Y
 _17163_/Y
 _17164_/Y
 _17165_/X
 _17166_/Y
 _17167_/X
 _17168_/X
 _17169_/X
 _17170_/X
 _17171_/X
 _17172_/X
 _17173_/X
 _17174_/X
 _17175_/X
 _17176_/X
 _17177_/X
 _17178_/X
 _17179_/X
 _17180_/X
 _17181_/X
 _17182_/X
 _17183_/X
 _17184_/X
 _17185_/X
 _17186_/X
 _17187_/X
 _17188_/X
 _17189_/X
 _17190_/X
 _17191_/X
 _17192_/X
 _17193_/X
 _17194_/X
 _17195_/X
 _17196_/X
 _17197_/X
 _17198_/X
 _17199_/X
 _17200_/X
 _17201_/X
 _17202_/X
 _17203_/X
 _17204_/X
 _17205_/X
 _17206_/X
 _17207_/X
 _17208_/X
 _17209_/X
 _17210_/X
 _17211_/X
 _17212_/X
 _17213_/X
 _17214_/X
 _17215_/X
 _17216_/X
 _17217_/X
 _17218_/X
 _17219_/X
 _17220_/X
 _17221_/X
 _17222_/X
 _17223_/X
 _17224_/X
 _17225_/X
 _17226_/X
 _17227_/X
 _17228_/X
 _17229_/X
 _17230_/X
 _17231_/X
 _17232_/X
 _17233_/X
 _17234_/X
 _17235_/X
 _17236_/X
 _17237_/X
 _17238_/X
 _17239_/Y
 _17240_/X
 _17241_/X
 _17242_/X
 _17243_/X
 _17244_/X
 _17245_/X
 _17246_/X
 _17247_/X
 _17248_/X
 _17249_/X
 _17250_/X
 _17251_/X
 _17252_/X
 _17253_/X
 _17254_/X
 _17255_/X
 _17256_/X
 _17257_/X
 _17258_/X
 _17259_/X
 _17260_/X
 _17261_/X
 _17262_/X
 _17263_/X
 _17264_/X
 _17265_/X
 _17266_/X
 _17267_/X
 _17268_/X
 _17269_/X
 _17270_/X
 _17271_/X
 _17272_/X
 _17273_/X
 _17274_/X
 _17275_/X
 _17276_/X
 _17277_/X
 _17278_/X
 _17279_/X
 _17280_/X
 _17281_/X
 _17282_/X
 _17283_/X
 _17284_/X
 _17285_/X
 _17286_/X
 _17287_/X
 _17288_/X
 _17289_/X
 _17290_/X
 _17291_/X
 _17292_/X
 _17293_/X
 _17294_/X
 _17295_/X
 _17296_/X
 _17297_/X
 _17298_/X
 _17299_/X
 _17300_/X
 _17301_/X
 _17302_/X
 _17303_/X
 _17304_/X
 _17305_/X
 _17306_/X
 _17307_/X
 _17308_/X
 _17309_/Y
 _17310_/X
 _17311_/X
 _17312_/Y
 _17313_/X
 _17314_/Y
 _17315_/Y
 _17316_/Y
 _17317_/X
 _17318_/X
 _17319_/Y
 _17320_/X
 _17321_/X
 _17322_/X
 _17323_/Y
 _17324_/Y
 _17325_/X
 _17326_/X
 _17327_/X
 _17328_/Y
 _17329_/Y
 _17330_/X
 _17331_/X
 _17332_/X
 _17333_/Y
 _17334_/Y
 _17335_/Y
 _17336_/X
 _17337_/Y
 _17338_/X
 _17339_/Y
 _17340_/X
 _17341_/X
 _17342_/Y
 _17343_/Y
 _17344_/X
 _17345_/X
 _17346_/X
 _17347_/X
 _17348_/X
 _17349_/X
 _17350_/Y
 _17351_/X
 _17352_/Y
 _17353_/X
 _17354_/X
 _17355_/Y
 _17356_/Y
 _17357_/X
 _17358_/X
 _17359_/X
 _17360_/X
 _17361_/X
 _17362_/Y
 _17363_/X
 _17364_/X
 _17365_/X
 _17366_/X
 _17367_/Y
 _17368_/X
 _17369_/Y
 _17370_/Y
 _17371_/X
 _17372_/X
 _17373_/Y
 _17374_/X
 _17375_/Y
 _17376_/X
 _17377_/Y
 _17378_/Y
 _17379_/X
 _17380_/X
 _17381_/Y
 _17382_/Y
 _17383_/Y
 _17384_/X
 _17385_/X
 _17386_/X
 _17387_/X
 _17388_/X
 _17389_/X
 _17390_/Y
 _17391_/Y
 _17392_/X
 _17393_/Y
 _17394_/Y
 _17395_/X
 _17396_/X
 _17397_/X
 _17398_/X
 _17399_/Y
 _17400_/Y
 _17401_/X
 _17402_/X
 _17403_/Y
 _17404_/X
 _17405_/X
 _17406_/X
 _17407_/X
 _17408_/X
 _17409_/X
 _17410_/X
 _17411_/X
 _17412_/X
 _17413_/X
 _17414_/X
 _17415_/X
 _17416_/X
 _17417_/X
 _17418_/X
 _17419_/X
 _17420_/X
 _17421_/Y
 _17422_/Y
 _17423_/X
 _17424_/X
 _17425_/X
 _17426_/X
 _17427_/X
 _17428_/X
 _17429_/X
 _17430_/X
 _17431_/Y
 _17432_/Y
 _17433_/Y
 _17434_/X
 _17435_/X
 _17436_/X
 _17437_/X
 _17438_/X
 _17439_/X
 _17440_/X
 _17441_/Y
 _17442_/X
 _17443_/X
 _17444_/Y
 _17445_/Y
 _17446_/X
 _17447_/X
 _17448_/X
 _17449_/X
 _17450_/X
 _17451_/Y
 _17452_/Y
 _17453_/X
 _17454_/Y
 _17455_/X
 _17456_/X
 _17457_/X
 _17458_/X
 _17459_/Y
 _17460_/X
 _17461_/Y
 _17462_/Y
 _17463_/Y
 _17464_/X
 _17465_/X
 _17466_/X
 _17467_/Y
 _17468_/Y
 _17469_/X
 _17470_/Y
 _17471_/X
 _17472_/Y
 _17473_/X
 _17474_/X
 _17475_/Y
 _17476_/Y
 _17477_/X
 _17478_/Y
 _17479_/X
 _17480_/X
 _17481_/X
 _17482_/X
 _17483_/X
 _17484_/X
 _17485_/X
 _17486_/Y
 _17487_/X
 _17488_/Y
 _17489_/X
 _17490_/Y
 _17491_/X
 _17492_/X
 _17493_/Y
 _17494_/X
 _17495_/Y
 _17496_/Y
 _17497_/Y
 _17498_/X
 _17499_/X
 _17500_/X
 _17501_/X
 _17502_/X
 _17503_/X
 _17504_/X
 _17505_/X
 _17506_/X
 _17507_/X
 _17508_/X
 _17509_/X
 _17510_/X
 _17511_/Y
 _17512_/Y
 _17513_/X
 _17514_/X
 _17515_/X
 _17516_/Y
 _17517_/Y
 _17518_/X
 _17519_/X
 _17520_/X
 _17521_/Y
 _17522_/X
 _17523_/X
 _17524_/X
 _17525_/X
 _17526_/X
 _17527_/X
 _17528_/Y
 _17529_/X
 _17530_/X
 _17531_/X
 _17532_/X
 _17533_/X
 _17534_/X
 _17535_/X
 _17536_/Y
 _17537_/X
 _17538_/X
 _17539_/X
 _17540_/X
 _17541_/X
 _17542_/X
 _17543_/X
 _17544_/Y
 _17545_/Y
 _17546_/X
 _17547_/X
 _17548_/X
 _17549_/X
 _17550_/X
 _17551_/X
 _17552_/Y
 _17553_/Y
 _17554_/X
 _17555_/Y
 _17556_/Y
 _17557_/X
 _17558_/Y
 _17559_/Y
 _17560_/X
 _17561_/X
 _17562_/X
 _17563_/X
 _17564_/X
 _17565_/Y
 _17566_/X
 _17567_/X
 _17568_/Y
 _17569_/Y
 _17570_/X
 _17571_/X
 _17572_/X
 _17573_/Y
 _17574_/Y
 _17575_/X
 _17576_/X
 _17577_/X
 _17578_/X
 _17579_/X
 _17580_/Y
 _17581_/Y
 _17582_/Y
 _17583_/Y
 _17584_/X
 _17585_/X
 _17586_/X
 _17587_/X
 _17588_/Y
 _17589_/X
 _17590_/Y
 _17591_/Y
 _17592_/X
 _17593_/X
 _17594_/Y
 _17595_/X
 _17596_/X
 _17597_/X
 _17598_/X
 _17599_/Y
 _17600_/X
 _17601_/Y
 _17602_/X
 _17603_/X
 _17604_/X
 _17605_/X
 _17606_/X
 _17607_/X
 _17608_/X
 _17609_/X
 _17610_/Y
 _17611_/X
 _17612_/Y
 _17613_/Y
 _17614_/X
 _17615_/Y
 _17616_/Y
 _17617_/X
 _17618_/X
 _17619_/X
 _17620_/Y
 _17621_/Y
 _17622_/X
 _17623_/Y
 _17624_/X
 _17625_/Y
 _17626_/X
 _17627_/X
 _17628_/X
 _17629_/X
 _17630_/X
 _17631_/X
 _17632_/X
 _17633_/Y
 _17634_/Y
 _17635_/X
 _17636_/X
 _17637_/X
 _17638_/X
 _17639_/X
 _17640_/X
 _17641_/Y
 _17642_/X
 _17643_/Y
 _17644_/X
 _17645_/X
 _17646_/Y
 _17647_/X
 _17648_/X
 _17649_/X
 _17650_/X
 _17651_/Y
 _17652_/X
 _17653_/X
 _17654_/X
 _17655_/X
 _17656_/Y
 _17657_/X
 _17658_/X
 _17659_/X
 _17660_/X
 _17661_/X
 _17662_/Y
 _17663_/X
 _17664_/X
 _17665_/Y
 _17666_/Y
 _17667_/X
 _17668_/X
 _17669_/X
 _17670_/X
 _17671_/Y
 _17672_/Y
 _17673_/X
 _17674_/X
 _17675_/X
 _17676_/X
 _17677_/X
 _17678_/Y
 _17679_/Y
 _17680_/Y
 _17681_/Y
 _17682_/X
 _17683_/X
 _17684_/X
 _17685_/X
 _17686_/X
 _17687_/X
 _17688_/Y
 _17689_/Y
 _17690_/Y
 _17691_/Y
 _17692_/X
 _17693_/X
 _17694_/Y
 _17695_/X
 _17696_/X
 _17697_/X
 _17698_/X
 _17699_/Y
 _17700_/Y
 _17701_/X
 _17702_/X
 _17703_/X
 _17704_/X
 _17705_/Y
 _17706_/Y
 _17707_/X
 _17708_/X
 _17709_/X
 _17710_/X
 _17711_/X
 _17712_/Y
 _17713_/Y
 _17714_/Y
 _17715_/Y
 _17716_/Y
 _17717_/Y
 _17718_/X
 _17719_/X
 _17720_/X
 _17721_/Y
 _17722_/Y
 _17723_/Y
 _17724_/X
 _17725_/Y
 _17726_/Y
 _17727_/Y
 _17728_/X
 _17729_/X
 _17730_/Y
 _17731_/X
 _17732_/X
 _17733_/X
 _17734_/X
 _17735_/X
 _17736_/X
 _17737_/X
 _17738_/X
 _17739_/X
 _17740_/X
 _17741_/Y
 _17742_/X
 _17743_/Y
 _17744_/X
 _17745_/X
 _17746_/Y
 _17747_/Y
 _17748_/Y
 _17749_/X
 _17750_/X
 _17751_/X
 _17752_/X
 _17753_/X
 _17754_/X
 _17755_/X
 _17756_/X
 _17757_/X
 _17758_/X
 _17759_/X
 _17760_/X
 _17761_/Y
 _17762_/Y
 _17763_/X
 _17764_/X
 _17765_/X
 _17766_/X
 _17767_/Y
 _17768_/Y
 _17769_/Y
 _17770_/Y
 _17771_/X
 _17772_/X
 _17773_/X
 _17774_/X
 _17775_/X
 _17776_/Y
 _17777_/X
 _17778_/X
 _17779_/Y
 _17780_/X
 _17781_/X
 _17782_/X
 _17783_/Y
 _17784_/X
 _17785_/X
 _17786_/Y
 _17787_/Y
 _17788_/X
 _17789_/X
 _17790_/X
 _17791_/X
 _17792_/Y
 _17793_/Y
 _17794_/X
 _17795_/X
 _17796_/X
 _17797_/X
 _17798_/Y
 _17799_/Y
 _17800_/X
 _17801_/Y
 _17802_/X
 _17803_/X
 _17804_/X
 _17805_/X
 _17806_/X
 _17807_/X
 _17808_/Y
 _17809_/X
 _17810_/X
 _17811_/X
 _17812_/X
 _17813_/X
 _17814_/X
 _17815_/X
 _17816_/X
 _17817_/Y
 _17818_/X
 _17819_/X
 _17820_/X
 _17821_/Y
 _17822_/X
 _17823_/X
 _17824_/X
 _17825_/X
 _17826_/X
 _17827_/X
 _17828_/X
 _17829_/Y
 _17830_/Y
 _17831_/X
 _17832_/X
 _17833_/X
 _17834_/X
 _17835_/X
 _17836_/X
 _17837_/X
 _17838_/X
 _17839_/Y
 _17840_/X
 _17841_/X
 _17842_/X
 _17843_/Y
 _17844_/X
 _17845_/Y
 _17846_/X
 _17847_/X
 _17848_/X
 _17849_/X
 _17850_/X
 _17851_/X
 _17852_/X
 _17853_/Y
 _17854_/X
 _17855_/X
 _17856_/X
 _17857_/X
 _17858_/X
 _17859_/X
 _17860_/X
 _17861_/X
 _17862_/X
 _17863_/X
 _17864_/X
 _17865_/X
 _17866_/X
 _17867_/X
 _17868_/X
 _17869_/X
 _17870_/X
 _17871_/X
 _17872_/X
 _17873_/X
 _17874_/X
 _17875_/X
 _17876_/X
 _17877_/X
 _17878_/X
 _17879_/X
 _17880_/X
 _17881_/X
 _17882_/X
 _17883_/X
 _17884_/X
 _17885_/X
 _17886_/X
 _17887_/X
 _17888_/X
 _17889_/X
 _17890_/X
 _17891_/X
 _17892_/X
 _17893_/X
 _17894_/X
 _17895_/X
 _17896_/X
 _17897_/X
 _17898_/X
 _17899_/X
 _17900_/X
 _17901_/X
 _17902_/X
 _17903_/X
 _17904_/X
 _17905_/X
 _17906_/X
 _17907_/X
 _17908_/X
 _17909_/X
 _17910_/X
 _17911_/X
 _17912_/X
 _17913_/X
 _17914_/X
 _17915_/X
 _17916_/X
 _17917_/X
 _17918_/X
 _17919_/X
 _17920_/X
 _17921_/X
 _17922_/X
 _17923_/X
 _17924_/X
 _17925_/Y
 _17926_/X
 _17927_/X
 _17928_/X
 _17929_/X
 _17930_/X
 _17931_/X
 _17932_/X
 _17933_/X
 _17934_/X
 _17935_/X
 _17936_/X
 _17937_/X
 _17938_/X
 _17939_/X
 _17940_/X
 _17941_/X
 _17942_/X
 _17943_/X
 _17944_/X
 _17945_/X
 _17946_/X
 _17947_/X
 _17948_/X
 _17949_/X
 _17950_/X
 _17951_/X
 _17952_/X
 _17953_/X
 _17954_/X
 _17955_/X
 _17956_/X
 _17957_/X
 _17958_/X
 _17959_/X
 _17960_/X
 _17961_/X
 _17962_/X
 _17963_/X
 _17964_/X
 _17965_/X
 _17966_/X
 _17967_/X
 _17968_/X
 _17969_/X
 _17970_/X
 _17971_/X
 _17972_/X
 _17973_/X
 _17974_/X
 _17975_/X
 _17976_/X
 _17977_/X
 _17978_/X
 _17979_/X
 _17980_/X
 _17981_/X
 _17982_/X
 _17983_/X
 _17984_/X
 _17985_/X
 _17986_/X
 _17987_/Y
 _17988_/X
 _17989_/X
 _17990_/X
 _17991_/X
 _17992_/X
 _17993_/X
 _17994_/X
 _17995_/X
 _17996_/X
 _17997_/X
 _17998_/X
 _17999_/X
 _18000_/X
 _18001_/X
 _18002_/X
 _18003_/X
 _18004_/X
 _18005_/X
 _18006_/X
 _18007_/X
 _18008_/X
 _18009_/X
 _18010_/X
 _18011_/X
 _18012_/X
 _18013_/X
 _18014_/X
 _18015_/X
 _18016_/X
 _18017_/X
 _18018_/X
 _18019_/X
 _18020_/X
 _18021_/X
 _18022_/X
 _18023_/X
 _18024_/X
 _18025_/X
 _18026_/X
 _18027_/X
 _18028_/X
 _18029_/X
 _18030_/X
 _18031_/X
 _18032_/X
 _18033_/X
 _18034_/X
 _18035_/X
 _18036_/X
 _18037_/X
 _18038_/X
 _18039_/X
 _18040_/X
 _18041_/X
 _18042_/X
 _18043_/X
 _18044_/X
 _18045_/X
 _18046_/X
 _18047_/X
 _18048_/X
 _18049_/X
 _18050_/X
 _18051_/X
 _18052_/X
 _18053_/X
 _18054_/X
 _18055_/X
 _18056_/X
 _18057_/X
 _18058_/X
 _18059_/X
 _18060_/X
 _18061_/X
 _18062_/X
 _18063_/X
 _18064_/X
 _18065_/X
 _18066_/X
 _18067_/X
 _18068_/X
 _18069_/X
 _18070_/X
 _18071_/X
 _18072_/X
 _18073_/X
 _18074_/X
 _18075_/X
 _18076_/X
 _18077_/X
 _18078_/X
 _18079_/X
 _18080_/X
 _18081_/X
 _18082_/X
 _18083_/X
 _18084_/X
 _18085_/X
 _18086_/X
 _18087_/X
 _18088_/X
 _18089_/X
 _18090_/X
 _18091_/X
 _18092_/X
 _18093_/X
 _18094_/X
 _18095_/X
 _18096_/X
 _18097_/X
 _18098_/X
 _18099_/X
 _18100_/X
 _18101_/X
 _18102_/X
 _18103_/X
 _18104_/X
 _18105_/X
 _18106_/X
 _18107_/X
 _18108_/X
 _18109_/X
 _18110_/X
 _18111_/X
 _18112_/X
 _18113_/X
 _18114_/X
 _18115_/X
 _18116_/X
 _18117_/X
 _18118_/X
 _18119_/X
 _18120_/X
 _18121_/X
 _18122_/X
 _18123_/X
 _18124_/X
 _18125_/X
 _18126_/X
 _18127_/X
 _18128_/X
 _18129_/X
 _18130_/X
 _18131_/X
 _18132_/X
 _18133_/X
 _18134_/X
 _18135_/X
 _18136_/X
 _18137_/X
 _18138_/X
 _18139_/X
 _18140_/X
 _18141_/X
 _18142_/X
 _18143_/X
 _18144_/X
 _18145_/X
 _18146_/X
 _18147_/X
 _18148_/X
 _18149_/X
 _18150_/X
 _18151_/X
 _18152_/X
 _18153_/X
 _18154_/X
 _18155_/X
 _18156_/X
 _18157_/X
 _18158_/X
 _18159_/X
 _18160_/X
 _18161_/X
 _18162_/X
 _18163_/X
 _18164_/X
 _18165_/X
 _18166_/X
 _18167_/X
 _18168_/X
 _18169_/X
 _18170_/X
 _18171_/X
 _18172_/X
 _18173_/X
 _18174_/X
 _18175_/X
 _18176_/X
 _18177_/X
 _18178_/X
 _18179_/X
 _18180_/X
 _18181_/X
 _18182_/X
 _18183_/X
 _18184_/X
 _18185_/X
 _18186_/X
 _18187_/X
 _18188_/X
 _18189_/X
 _18190_/X
 _18191_/X
 _18192_/X
 _18193_/X
 _18194_/X
 _18195_/X
 _18196_/X
 _18197_/X
 _18198_/X
 _18199_/X
 _18200_/X
 _18201_/X
 _18202_/X
 _18203_/X
 _18204_/X
 _18205_/X
 _18206_/X
 _18207_/X
 _18208_/X
 _18209_/X
 _18210_/X
 _18211_/X
 _18212_/X
 _18213_/X
 _18214_/X
 _18215_/X
 _18216_/X
 _18217_/X
 _18218_/X
 _18219_/X
 _18220_/X
 _18221_/X
 _18222_/X
 _18223_/X
 _18224_/X
 _18225_/X
 _18226_/X
 _18227_/X
 _18228_/X
 _18229_/X
 _18230_/X
 _18231_/X
 _18232_/X
 _18233_/X
 _18234_/X
 _18235_/X
 _18236_/X
 _18237_/X
 _18238_/X
 _18239_/X
 _18240_/X
 _18241_/X
 _18242_/X
 _18243_/X
 _18244_/X
 _18245_/X
 _18246_/X
 _18247_/X
 _18248_/X
 _18249_/X
 _18250_/X
 _18251_/X
 _18252_/X
 _18253_/X
 _18254_/X
 _18255_/X
 _18256_/X
 _18257_/X
 _18258_/X
 _18259_/X
 _18260_/X
 _18261_/X
 _18262_/X
 _18263_/X
 _18264_/X
 _18265_/X
 _18266_/X
 _18267_/X
 _18268_/X
 _18269_/X
 _18270_/X
 _18271_/X
 _18272_/X
 _18273_/X
 _18274_/X
 _18275_/X
 _18276_/X
 _18277_/X
 _18278_/X
 _18279_/X
 _18280_/X
 _18281_/X
 _18282_/X
 _18283_/X
 _18284_/X
 _18285_/X
 _18286_/X
 _18287_/X
 _18288_/X
 _18289_/X
 _18290_/X
 _18291_/X
 _18292_/X
 _18293_/X
 _18294_/X
 _18295_/X
 _18296_/X
 _18297_/X
 _18298_/X
 _18299_/X
 _18300_/X
 _18301_/X
 _18302_/X
 _18303_/X
 _18304_/X
 _18305_/X
 _18306_/X
 _18307_/X
 _18308_/X
 _18309_/X
 _18310_/X
 _18311_/X
 _18312_/X
 _18313_/X
 _18314_/X
 _18315_/X
 _18316_/X
 _18317_/X
 _18318_/X
 _18319_/X
 _18320_/X
 _18321_/X
 _18322_/X
 _18323_/X
 _18324_/X
 _18325_/X
 _18326_/X
 _18327_/X
 _18328_/X
 _18329_/X
 _18330_/X
 _18331_/X
 _18332_/X
 _18333_/X
 _18334_/X
 _18335_/X
 _18336_/X
 _18337_/X
 _18338_/X
 _18339_/X
 _18340_/X
 _18341_/X
 _18342_/X
 _18343_/X
 _18344_/X
 _18345_/X
 _18346_/X
 _18347_/X
 _18348_/X
 _18349_/X
 _18350_/X
 _18351_/X
 _18352_/X
 _18353_/X
 _18354_/X
 _18355_/X
 _18356_/X
 _18357_/Y
 _18358_/Y
 _18359_/X
 _18360_/X
 _18361_/X
 _18362_/Y
 _18363_/Y
 _18364_/X
 _18365_/X
 _18366_/X
 _18367_/X
 _18368_/X
 _18369_/X
 _18370_/X
 _18371_/X
 _18372_/X
 _18373_/X
 _18374_/X
 _18375_/Y
 _18376_/Y
 _18377_/X
 _18378_/X
 _18379_/Y
 _18380_/X
 _18381_/Y
 _18382_/X
 _18383_/X
 _18384_/X
 _18385_/X
 _18386_/X
 _18387_/X
 _18388_/X
 _18389_/X
 _18390_/X
 _18391_/X
 _18392_/X
 _18393_/X
 _18394_/X
 _18395_/X
 _18396_/X
 _18397_/X
 _18398_/X
 _18399_/X
 _18400_/X
 _18401_/X
 _18402_/X
 _18403_/X
 _18404_/X
 _18405_/X
 _18406_/X
 _18407_/X
 _18408_/X
 _18409_/X
 _18410_/X
 _18411_/X
 _18412_/X
 _18413_/X
 _18414_/X
 _18415_/X
 _18416_/X
 _18417_/X
 _18418_/X
 _18419_/X
 _18420_/X
 _18421_/X
 _18422_/X
 _18423_/X
 _18424_/X
 _18425_/X
 _18426_/X
 _18427_/X
 _18428_/X
 _18429_/X
 _18430_/X
 _18431_/X
 _18432_/X
 _18433_/X
 _18434_/X
 _18435_/X
 _18436_/X
 _18437_/X
 _18438_/X
 _18439_/X
 _18440_/X
 _18441_/X
 _18442_/X
 _18443_/X
 _18444_/X
 _18445_/X
 _18446_/X
 _18447_/X
 _18448_/X
 _18449_/X
 _18450_/X
 _18451_/X
 _18452_/X
 _18453_/X
 _18454_/X
 _18455_/X
 _18456_/X
 _18457_/X
 _18458_/X
 _18459_/X
 _18460_/X
 _18461_/X
 _18462_/X
 _18463_/X
 _18464_/X
 _18465_/X
 _18466_/X
 _18467_/X
 _18468_/X
 _18469_/X
 _18470_/X
 _18471_/X
 _18472_/X
 _18473_/X
 _18474_/X
 _18475_/X
 _18476_/X
 _18477_/X
 _18478_/X
 _18479_/X
 _18480_/X
 _18481_/X
 _18482_/X
 _18483_/X
 _18484_/X
 _18485_/X
 _18486_/X
 _18487_/X
 _18488_/X
 _18489_/X
 _18490_/X
 _18491_/X
 _18492_/X
 _18493_/X
 _18494_/X
 _18495_/X
 _18496_/X
 _18497_/X
 _18498_/X
 _18499_/X
 _18500_/X
 _18501_/X
 _18502_/X
 _18503_/X
 _18504_/X
 _18505_/X
 _18506_/X
 _18507_/X
 _18508_/X
 _18509_/X
 _18510_/X
 _18511_/X
 _18512_/X
 _18513_/X
 _18514_/X
 _18515_/X
 _18516_/X
 _18517_/X
 _18518_/X
 _18519_/X
 _18520_/X
 _18521_/X
 _18522_/X
 _18523_/X
 _18524_/X
 _18525_/X
 _18526_/X
 _18527_/X
 _18528_/X
 _18529_/X
 _18530_/X
 _18531_/X
 _18532_/X
 _18533_/X
 _18534_/X
 _18535_/X
 _18536_/X
 _18537_/X
 _18538_/X
 _18539_/X
 _18540_/X
 _18541_/X
 _18542_/X
 _18543_/X
 _18544_/X
 _18545_/X
 _18546_/X
 _18547_/X
 _18548_/X
 _18549_/X
 _18550_/X
 _18551_/X
 _18552_/X
 _18553_/X
 _18554_/X
 _18555_/X
 _18556_/X
 _18557_/X
 _18558_/X
 _18559_/X
 _18560_/X
 _18561_/X
 _18562_/X
 _18563_/X
 _18564_/X
 _18565_/X
 _18566_/X
 _18567_/X
 _18568_/X
 _18569_/X
 _18570_/X
 _18571_/X
 _18572_/X
 _18573_/X
 _18574_/X
 _18575_/X
 _18576_/X
 _18577_/X
 _18578_/X
 _18579_/X
 _18580_/X
 _18581_/X
 _18582_/X
 _18583_/X
 _18584_/X
 _18585_/X
 _18586_/X
 _18587_/X
 _18588_/X
 _18589_/X
 _18590_/X
 _18591_/X
 _18592_/X
 _18593_/X
 _18594_/X
 _18595_/X
 _18596_/X
 _18597_/X
 _18598_/X
 _18599_/X
 _18600_/X
 _18601_/X
 _18602_/X
 _18603_/X
 _18604_/X
 _18605_/X
 _18606_/X
 _18607_/X
 _18608_/X
 _18609_/X
 _18610_/X
 _18611_/X
 _18612_/X
 _18613_/X
 _18614_/X
 _18615_/X
 _18616_/X
 _18617_/X
 _18618_/X
 _18619_/X
 _18620_/X
 _18621_/X
 _18622_/X
 _18623_/X
 _18624_/X
 _18625_/X
 _18626_/X
 _18627_/X
 _18628_/X
 _18629_/X
 _18630_/X
 _18631_/X
 _18632_/X
 _18633_/X
 _18634_/X
 _18635_/X
 _18636_/X
 _18637_/X
 _18638_/X
 _18639_/X
 _18640_/X
 _18641_/X
 _18642_/X
 _18643_/X
 _18644_/X
 _18645_/X
 _18646_/X
 _18647_/X
 _18648_/X
 _18649_/X
 _18650_/X
 _18651_/X
 _18652_/X
 _18653_/X
 _18654_/X
 _18655_/X
 _18656_/X
 _18657_/X
 _18658_/X
 _18659_/X
 _18660_/X
 _18661_/X
 _18662_/X
 _18663_/X
 _18664_/X
 _18665_/X
 _18666_/X
 _18667_/X
 _18668_/X
 _18669_/X
 _18670_/X
 _18671_/X
 _18672_/X
 _18673_/X
 _18674_/X
 _18675_/X
 _18676_/X
 _18677_/X
 _18678_/X
 _18679_/X
 _18680_/X
 _18681_/X
 _18682_/X
 _18683_/X
 _18684_/X
 _18685_/X
 _18686_/X
 _18687_/X
 _18688_/X
 _18689_/X
 _18690_/X
 _18691_/X
 _18692_/X
 _18693_/X
 _18694_/X
 _18695_/X
 _18696_/X
 _18697_/X
 _18698_/X
 _18699_/X
 _18700_/X
 _18701_/X
 _18702_/X
 _18703_/X
 _18704_/X
 _18705_/X
 _18706_/X
 _18707_/X
 _18708_/X
 _18709_/X
 _18710_/X
 _18711_/X
 _18712_/X
 _18713_/X
 _18714_/X
 _18715_/X
 _18716_/X
 _18717_/X
 _18718_/X
 _18719_/X
 _18720_/X
 _18721_/X
 _18722_/X
 _18723_/X
 _18724_/X
 _18725_/X
 _18726_/X
 _18727_/X
 _18728_/X
 _18729_/X
 _18730_/X
 _18731_/X
 _18732_/X
 _18733_/X
 _18734_/X
 _18735_/X
 _18736_/X
 _18737_/X
 _18738_/X
 _18739_/X
 _18740_/X
 _18741_/X
 _18742_/X
 _18743_/X
 _18744_/X
 _18745_/X
 _18746_/X
 _18747_/X
 _18748_/X
 _18749_/X
 _18750_/X
 _18751_/X
 _18752_/X
 _18753_/X
 _18754_/X
 _18755_/X
 _18756_/X
 _18757_/X
 _18758_/X
 _18759_/X
 _18760_/X
 _18761_/X
 _18762_/X
 _18763_/X
 _18764_/X
 _18765_/X
 _18766_/X
 _18767_/X
 _18768_/X
 _18769_/X
 _18770_/X
 _18771_/X
 _18772_/X
 _18773_/X
 _18774_/X
 _18775_/X
 _18776_/X
 _18777_/X
 _18778_/X
 _18779_/X
 _18780_/X
 _18781_/X
 _18782_/X
 _18783_/X
 _18784_/X
 _18785_/X
 _18786_/X
 _18787_/X
 _18788_/X
 _18789_/X
 _18790_/X
 _18791_/X
 _18792_/X
 _18793_/X
 _18794_/X
 _18795_/X
 _18796_/X
 _18797_/X
 _18798_/X
 _18799_/X
 _18800_/X
 _18801_/X
 _18802_/X
 _18803_/X
 _18804_/X
 _18805_/X
 _18806_/X
 _18807_/X
 _18808_/X
 _18809_/X
 _18810_/X
 _18811_/X
 _18812_/X
 _18813_/X
 _18814_/X
 _18815_/X
 _18816_/X
 _18817_/X
 _18818_/X
 _18819_/X
 _18820_/X
 _18821_/X
 _18822_/X
 _18823_/X
 _18824_/X
 _18825_/X
 _18826_/X
 _18827_/X
 _18828_/X
 _18829_/X
 _18830_/X
 _18831_/X
 _18832_/X
 _18833_/X
 _18834_/X
 _18835_/X
 _18836_/X
 _18837_/X
 _18838_/X
 _18839_/X
 _18840_/X
 _18841_/X
 _18842_/X
 _18843_/X
 _18844_/X
 _18845_/X
 _18846_/X
 _18847_/X
 _18848_/X
 _18849_/X
 _18850_/X
 _18851_/X
 _18852_/X
 _18853_/X
 _18854_/X
 _18855_/X
 _18856_/X
 _18857_/X
 _18858_/X
 _18859_/X
 _18860_/X
 _18861_/X
 _18862_/X
 _18863_/X
 _18864_/X
 _18865_/X
 _18866_/X
 _18867_/X
 _18868_/X
 _18869_/X
 _18870_/X
 _18871_/X
 _18872_/X
 _18873_/X
 _18874_/X
 _18875_/X
 _18876_/X
 _18877_/X
 _18878_/X
 _18879_/X
 _18880_/X
 _18881_/X
 _18882_/X
 _18883_/X
 _18884_/X
 _18885_/X
 _18886_/X
 _18887_/X
 _18888_/X
 _18889_/X
 _18890_/X
 _18891_/X
 _18892_/X
 _18893_/X
 _18894_/X
 _18895_/X
 _18896_/X
 _18897_/X
 _18898_/X
 _18899_/X
 _18900_/X
 _18901_/X
 _18902_/X
 _18903_/X
 _18904_/X
 _18905_/X
 _18906_/X
 _18907_/X
 _18908_/X
 _18909_/X
 _18910_/X
 _18911_/X
 _18912_/X
 _18913_/X
 _18914_/X
 _18915_/X
 _18916_/X
 _18917_/X
 _18918_/X
 _18919_/X
 _18920_/X
 _18921_/X
 _18922_/X
 _18923_/X
 _18924_/X
 _18925_/X
 _18926_/X
 _18927_/X
 _18928_/X
 _18929_/X
 _18930_/X
 _18931_/X
 _18932_/X
 _18933_/X
 _18934_/X
 _18935_/X
 _18936_/X
 _18937_/X
 _18938_/X
 _18939_/X
 _18940_/X
 _18941_/X
 _18942_/X
 _18943_/X
 _18944_/X
 _18945_/X
 _18946_/X
 _18947_/X
 _18948_/X
 _18949_/X
 _18950_/X
 _18951_/X
 _18952_/X
 _18953_/X
 _18954_/X
 _18955_/X
 _18956_/X
 _18957_/X
 _18958_/X
 _18959_/X
 _18960_/X
 _18961_/X
 _18962_/X
 _18963_/X
 _18964_/X
 _18965_/X
 _18966_/X
 _18967_/X
 _18968_/X
 _18969_/X
 _18970_/X
 _18971_/X
 _18972_/X
 _18973_/X
 _18974_/X
 _18975_/X
 _18976_/X
 _18977_/X
 _18978_/X
 _18979_/X
 _18980_/X
 _18981_/X
 _18982_/X
 _18983_/X
 _18984_/X
 _18985_/X
 _18986_/X
 _18987_/X
 _18988_/X
 _18989_/X
 _18990_/X
 _18991_/X
 _18992_/X
 _18993_/X
 _18994_/X
 _18995_/X
 _18996_/X
 _18997_/X
 _18998_/X
 _18999_/X
 _19000_/X
 _19001_/X
 _19002_/X
 _19003_/X
 _19004_/X
 _19005_/X
 _19006_/X
 _19007_/X
 _19008_/X
 _19009_/X
 _19010_/X
 _19011_/X
 _19012_/X
 _19013_/X
 _19014_/X
 _19015_/X
 _19016_/X
 _19017_/X
 _19018_/X
 _19019_/X
 _19020_/X
 _19021_/X
 _19022_/X
 _19023_/X
 _19024_/X
 _19025_/X
 _19026_/X
 _19027_/X
 _19028_/X
 _19029_/X
 _19030_/X
 _19031_/X
 _19032_/X
 _19033_/X
 _19034_/X
 _19035_/X
 _19036_/X
 _19037_/X
 _19038_/X
 _19039_/X
 _19040_/X
 _19041_/X
 _19042_/X
 _19043_/X
 _19044_/X
 _19045_/X
 _19046_/X
 _19047_/X
 _19048_/X
 _19049_/X
 _19050_/X
 _19051_/X
 _19052_/X
 _19053_/X
 _19054_/X
 _19055_/X
 _19056_/X
 _19057_/X
 _19058_/X
 _19059_/X
 _19060_/X
 _19061_/X
 _19062_/X
 _19063_/X
 _19064_/X
 _19065_/X
 _19066_/X
 _19067_/X
 _19068_/X
 _19069_/X
 _19070_/X
 _19071_/X
 _19072_/X
 _19073_/X
 _19074_/X
 _19075_/X
 _19076_/X
 _19077_/X
 _19078_/X
 _19079_/X
 _19080_/X
 _19081_/X
 _19082_/X
 _19083_/X
 _19084_/X
 _19085_/X
 _19086_/X
 _19087_/X
 _19088_/X
 _19089_/X
 _19090_/X
 _19091_/X
 _19092_/X
 _19093_/X
 _19094_/X
 _19095_/X
 _19096_/X
 _19097_/X
 _19098_/X
 _19099_/X
 _19100_/X
 _19101_/X
 _19102_/X
 _19103_/X
 _19104_/X
 _19105_/X
 _19106_/X
 _19107_/X
 _19108_/X
 _19109_/X
 _19110_/X
 _19111_/X
 _19112_/X
 _19113_/X
 _19114_/X
 _19115_/X
 _19116_/X
 _19117_/X
 _19118_/X
 _19119_/X
 _19120_/X
 _19121_/X
 _19122_/X
 _19123_/X
 _19124_/X
 _19125_/X
 _19126_/X
 _19127_/X
 _19128_/X
 _19129_/X
 _19130_/X
 _19131_/X
 _19132_/X
 _19133_/X
 _19134_/X
 _19135_/X
 _19136_/X
 _19137_/X
 _19138_/X
 _19139_/X
 _19140_/X
 _19141_/X
 _19142_/X
 _19143_/X
 _19144_/X
 _19145_/X
 _19146_/X
 _19147_/X
 _19148_/X
 _19149_/X
 _19150_/X
 _19151_/X
 _19152_/X
 _19153_/X
 _19154_/X
 _19155_/X
 _19156_/X
 _19157_/X
 _19158_/X
 _19159_/X
 _19160_/X
 _19161_/X
 _19162_/X
 _19163_/X
 _19164_/X
 _19165_/X
 _19166_/X
 _19167_/X
 _19168_/X
 _19169_/X
 _19170_/X
 _19171_/X
 _19172_/X
 _19173_/X
 _19174_/X
 _19175_/X
 _19176_/X
 _19177_/X
 _19178_/X
 _19179_/X
 _19180_/X
 _19181_/X
 _19182_/X
 _19183_/X
 _19184_/X
 _19185_/X
 _19186_/X
 _19187_/X
 _19188_/X
 _19189_/X
 _19190_/X
 _19191_/X
 _19192_/X
 _19193_/X
 _19194_/X
 _19195_/X
 _19196_/X
 _19197_/X
 _19198_/X
 _19199_/X
 _19200_/X
 _19201_/X
 _19202_/X
 _19203_/X
 _19204_/X
 _19205_/X
 _19206_/X
 _19207_/X
 _19208_/X
 _19209_/X
 _19210_/X
 _19211_/X
 _19212_/X
 _19213_/X
 _19214_/X
 _19215_/X
 _19216_/X
 _19217_/X
 _19218_/X
 _19219_/X
 _19220_/X
 _19221_/X
 _19222_/X
 _19223_/X
 _19224_/X
 _19225_/X
 _19226_/X
 _19227_/X
 _19228_/X
 _19229_/X
 _19230_/X
 _19231_/X
 _19232_/X
 _19233_/X
 _19234_/X
 _19235_/X
 _19236_/X
 _19237_/X
 _19238_/X
 _19239_/X
 _19240_/X
 _19241_/X
 _19242_/X
 _19243_/X
 _19244_/X
 _19245_/X
 _19246_/X
 _19247_/X
 _19248_/X
 _19249_/X
 _19250_/X
 _19251_/X
 _19252_/X
 _19253_/X
 _19254_/X
 _19255_/X
 _19256_/X
 _19257_/X
 _19258_/X
 _19259_/X
 _19260_/X
 _19261_/X
 _19262_/X
 _19263_/X
 _19264_/X
 _19265_/X
 _19266_/X
 _19267_/X
 _19268_/X
 _19269_/X
 _19270_/X
 _19271_/X
 _19272_/X
 _19273_/X
 _19274_/X
 _19275_/X
 _19276_/X
 _19277_/X
 _19278_/X
 _19279_/X
 _19280_/X
 _19281_/X
 _19282_/X
 _19283_/X
 _19284_/X
 _19285_/X
 _19286_/X
 _19287_/X
 _19288_/X
 _19289_/X
 _19290_/X
 _19291_/X
 _19292_/X
 _19293_/X
 _19294_/X
 _19295_/X
 _19296_/X
 _19297_/X
 _19298_/X
 _19299_/X
 _19300_/X
 _19301_/X
 _19302_/X
 _19303_/X
 _19304_/X
 _19305_/X
 _19306_/X
 _19307_/X
 _19308_/X
 _19309_/X
 _19310_/X
 _19311_/X
 _19312_/X
 _19313_/X
 _19314_/X
 _19315_/X
 _19316_/X
 _19317_/X
 _19318_/X
 _19319_/X
 _19320_/X
 _19321_/X
 _19322_/X
 _19323_/X
 _19324_/X
 _19325_/X
 _19326_/X
 _19327_/X
 _19328_/X
 _19329_/X
 _19330_/X
 _19331_/X
 _19332_/X
 _19333_/X
 _19334_/X
 _19335_/X
 _19336_/X
 _19337_/X
 _19338_/X
 _19339_/X
 _19340_/X
 _19341_/X
 _19342_/X
 _19343_/X
 _19344_/X
 _19345_/X
 _19346_/X
 _19347_/X
 _19348_/X
 _19349_/X
 _19350_/X
 _19351_/X
 _19352_/X
 _19353_/X
 _19354_/X
 _19355_/X
 _19356_/X
 _19357_/X
 _19358_/X
 _19359_/X
 _19360_/X
 _19361_/X
 _19362_/X
 _19363_/X
 _19364_/X
 _19365_/X
 _19366_/X
 _19367_/X
 _19368_/X
 _19369_/X
 _19370_/X
 _19371_/X
 _19372_/X
 _19373_/X
 _19374_/X
 _19375_/X
 _19376_/X
 _19377_/X
 _19378_/X
 _19379_/X
 _19380_/X
 _19381_/X
 _19382_/X
 _19383_/X
 _19384_/X
 _19385_/X
 _19386_/X
 _19387_/X
 _19388_/X
 _19389_/X
 _19390_/X
 _19391_/X
 _19392_/X
 _19393_/X
 _19394_/X
 _19395_/X
 _19396_/X
 _19397_/X
 _19398_/X
 _19399_/X
 _19400_/X
 _19401_/X
 _19402_/X
 _19403_/X
 _19404_/X
 _19405_/X
 _19406_/X
 _19407_/X
 _19408_/X
 _19409_/X
 _19410_/X
 _19411_/X
 _19412_/X
 _19413_/X
 _19414_/X
 _19415_/X
 _19416_/X
 _19417_/X
 _19418_/X
 _19419_/X
 _19420_/X
 _19421_/X
 _19422_/X
 _19423_/X
 _19424_/X
 _19425_/X
 _19426_/X
 _19427_/X
 _19428_/X
 _19429_/X
 _19430_/X
 _19431_/X
 _19432_/X
 _19433_/X
 _19434_/X
 _19435_/X
 _19436_/X
 _19437_/X
 _19438_/X
 _19439_/X
 _19440_/X
 _19441_/X
 _19442_/X
 _19443_/X
 _19444_/X
 _19445_/X
 _19446_/X
 _19447_/X
 _19448_/X
 _19449_/X
 _19450_/X
 _19451_/X
 _19452_/X
 _19453_/X
 _19454_/X
 _19455_/X
 _19456_/X
 _19457_/X
 _19458_/X
 _19459_/X
 _19460_/X
 _19461_/X
 _19462_/X
 _19463_/X
 _19464_/X
 _19465_/X
 _19466_/X
 _19467_/X
 _19468_/X
 _19469_/X
 _19470_/X
 _19471_/X
 _19472_/X
 _19473_/X
 _19474_/X
 _19475_/X
 _19476_/X
 _19477_/X
 _19478_/X
 _19479_/X
 _19480_/X
 _19481_/X
 _19482_/X
 _19483_/X
 _19484_/X
 _19485_/X
 _19486_/X
 _19487_/X
 _19488_/X
 _19489_/X
 _19490_/X
 _19491_/X
 _19492_/X
 _19493_/X
 _19494_/X
 _19495_/X
 _19496_/X
 _19497_/X
 _19498_/X
 _19499_/X
 _19500_/X
 _19501_/X
 _19502_/X
 _19503_/X
 _19504_/X
 _19505_/X
 _19506_/X
 _19507_/X
 _19508_/X
 _19509_/X
 _19510_/X
 _19511_/X
 _19512_/X
 _19513_/X
 _19514_/X
 _19515_/X
 _19516_/X
 _19517_/X
 _19518_/X
 _19519_/X
 _19520_/X
 _19521_/X
 _19522_/X
 _19523_/X
 _19524_/X
 _19525_/X
 _19526_/X
 _19527_/X
 _19528_/X
 _19529_/X
 _19530_/X
 _19531_/X
 _19532_/X
 _19533_/X
 _19534_/X
 _19535_/X
 _19536_/X
 _19537_/X
 _19538_/X
 _19539_/X
 _19540_/X
 _19541_/X
 _19542_/X
 _19543_/X
 _19544_/X
 _19545_/X
 _19546_/X
 _19547_/X
 _19548_/X
 _19549_/X
 _19550_/X
 _19551_/X
 _19552_/X
 _19553_/X
 _19554_/X
 _19555_/X
 _19556_/X
 _19557_/X
 _19558_/X
 _19559_/X
 _19560_/X
 _19561_/X
 _19562_/X
 _19563_/X
 _19564_/X
 _19565_/X
 _19566_/X
 _19567_/X
 _19568_/X
 _19569_/X
 _19570_/X
 _19571_/X
 _19572_/X
 _19573_/X
 _19574_/X
 _19575_/X
 _19576_/X
 _19577_/X
 _19578_/X
 _19579_/X
 _19580_/X
 _19581_/X
 _19582_/X
 _19583_/X
 _19584_/X
 _19585_/X
 _19586_/X
 _19587_/X
 _19588_/X
 _19589_/X
 _19590_/X
 _19591_/X
 _19592_/X
 _19593_/X
 _19594_/X
 _19595_/X
 _19596_/X
 _19597_/X
 _19598_/X
 _19599_/X
 _19600_/X
 _19601_/X
 _19602_/X
 _19603_/X
 _19604_/X
 _19605_/X
 _19606_/X
 _19607_/X
 _19608_/X
 _19609_/X
 _19610_/X
 _19611_/X
 _19612_/X
 _19613_/X
 _19614_/X
 _19615_/X
 _19616_/X
 _19617_/X
 _19618_/X
 _19619_/X
 _19620_/X
 _19621_/X
 _19622_/X
 _19623_/X
 _19624_/X
 _19625_/X
 _19626_/X
 _19627_/X
 _19628_/X
 _19629_/X
 _19630_/X
 _19631_/X
 _19632_/X
 _19633_/X
 _19634_/X
 _19635_/X
 _19636_/X
 _19637_/X
 _19638_/X
 _19639_/X
 _19640_/X
 _19641_/X
 _19642_/X
 _19643_/X
 _19644_/X
 _19645_/X
 _19646_/X
 _19647_/X
 _19648_/X
 _19649_/X
 _19650_/X
 _19651_/X
 _19652_/X
 _19653_/X
 _19654_/X
 _19655_/X
 _19656_/X
 _19657_/X
 _19658_/X
 _19659_/X
 _19660_/X
 _19661_/X
 _19662_/X
 _19663_/X
 _19664_/X
 _19665_/X
 _19666_/X
 _19667_/X
 _19668_/X
 _19669_/X
 _19670_/X
 _19671_/X
 _19672_/X
 _19673_/X
 _19674_/X
 _19675_/X
 _19676_/X
 _19677_/X
 _19678_/X
 _19679_/X
 _19680_/X
 _19681_/X
 _19682_/X
 _19683_/X
 _19684_/X
 _19685_/X
 _19686_/X
 _19687_/X
 _19688_/X
 _19689_/X
 _19690_/X
 _19691_/X
 _19692_/X
 _19693_/X
 _19694_/X
 _19695_/X
 _19696_/X
 _19697_/X
 _19698_/X
 _19699_/X
 _19700_/X
 _19701_/X
 _19702_/X
 _19703_/X
 _19704_/X
 _19705_/X
 _19706_/X
 _19707_/X
 _19708_/X
 _19709_/X
 _19710_/X
 _19711_/X
 _19712_/X
 _19713_/X
 _19714_/X
 _19715_/X
 _19716_/X
 _19717_/X
 _19718_/X
 _19719_/X
 _19720_/X
 _19721_/X
 _19722_/X
 _19723_/X
 _19724_/X
 _19725_/X
 _19726_/X
 _19727_/X
 _19728_/X
 _19729_/X
 _19730_/X
 _19731_/X
 _19732_/X
 _19733_/X
 _19734_/X
 _19735_/X
 _19736_/X
 _19737_/X
 _19738_/X
 _19739_/X
 _19740_/X
 _19741_/X
 _19742_/X
 _19743_/X
 _19744_/X
 _19745_/X
 _19746_/X
 _19747_/X
 _19748_/X
 _19749_/X
 _19750_/X
 _19751_/X
 _19752_/X
 _19753_/X
 _19754_/X
 _19755_/X
 _19756_/X
 _19757_/X
 _19758_/X
 _19759_/X
 _19760_/X
 _19761_/X
 _19762_/X
 _19763_/X
 _19764_/X
 _19765_/X
 _19766_/X
 _19767_/X
 _19768_/X
 _19769_/X
 _19770_/X
 _19771_/X
 _19772_/X
 _19773_/X
 _19774_/X
 _19775_/X
 _19776_/X
 _19777_/X
 _19778_/X
 _19779_/X
 _19780_/X
 _19781_/X
 _19782_/X
 _19783_/X
 _19784_/X
 _19785_/X
 _19786_/X
 _19787_/X
 _19788_/X
 _19789_/X
 _19790_/X
 _19791_/X
 _19792_/X
 _19793_/X
 _19794_/X
 _19795_/X
 _19796_/X
 _19797_/X
 _19798_/X
 _19799_/X
 _19800_/X
 _19801_/X
 _19802_/X
 _19803_/X
 _19804_/X
 _19805_/X
 _19806_/X
 _19807_/X
 _19808_/X
 _19809_/X
 _19810_/X
 _19811_/X
 _19812_/X
 _19813_/X
 _19814_/X
 _19815_/X
 _19816_/X
 _19817_/X
 _19818_/X
 _19819_/X
 _19820_/X
 _19821_/X
 _19822_/X
 _19823_/X
 _19824_/X
 _19825_/X
 _19826_/X
 _19827_/X
 _19828_/X
 _19829_/X
 _19830_/X
 _19831_/X
 _19832_/X
 _19833_/X
 _19834_/X
 _19835_/X
 _19836_/X
 _19837_/X
 _19838_/X
 _19839_/X
 _19840_/X
 _19841_/X
 _19842_/X
 _19843_/X
 _19844_/X
 _19845_/X
 _19846_/X
 _19847_/X
 _19848_/X
 _19849_/X
 _19850_/X
 _19851_/X
 _19852_/X
 _19853_/X
 _19854_/X
 _19855_/X
 _19856_/X
 _19857_/X
 _19858_/X
 _19859_/X
 _19860_/X
 _19861_/X
 _19862_/X
 _19863_/X
 _19864_/X
 _19865_/X
 _19866_/X
 _19867_/X
 _19868_/X
 _19869_/X
 _19870_/X
 _19871_/X
 _19872_/X
 _19873_/X
 _19874_/X
 _19875_/X
 _19876_/X
 _19877_/X
 _19878_/X
 _19879_/X
 _19880_/X
 _19881_/X
 _19882_/X
 _19883_/X
 _19884_/X
 _19885_/X
 _19886_/X
 _19887_/X
 _19888_/X
 _19889_/X
 _19890_/X
 _19891_/X
 _19892_/X
 _19893_/X
 _19894_/X
 _19895_/X
 _19896_/X
 _19897_/X
 _19898_/X
 _19899_/X
 _19900_/X
 _19901_/X
 _19902_/X
 _19903_/X
 _19904_/X
 _19905_/X
 _19906_/X
 _19907_/X
 _19908_/X
 _19909_/X
 _19910_/X
 _19911_/X
 _19912_/X
 _19913_/X
 _19914_/X
 _19915_/X
 _19916_/X
 _19917_/X
 _19918_/X
 _19919_/X
 _19920_/X
 _19921_/X
 _19922_/X
 _19923_/X
 _19924_/X
 _19925_/X
 _19926_/X
 _19927_/X
 _19928_/X
 _19929_/X
 _19930_/X
 _19931_/X
 _19932_/X
 _19933_/X
 _19934_/X
 _19935_/X
 _19936_/X
 _19937_/X
 _19938_/X
 _19939_/X
 _19940_/X
 _19941_/X
 _19942_/X
 _19943_/X
 _19944_/X
 _19945_/X
 _19946_/X
 _19947_/X
 _19948_/X
 _19949_/X
 _19950_/X
 _19951_/X
 _19952_/X
 _19953_/X
 _19954_/X
 _19955_/X
 _19956_/X
 _19957_/X
 _19958_/X
 _19959_/X
 _19960_/X
 _19961_/X
 _19962_/X
 _19963_/X
 _19964_/X
 _19965_/X
 _19966_/X
 _19967_/X
 _19968_/X
 _19969_/X
 _19970_/X
 _19971_/X
 _19972_/X
 _19973_/X
 _19974_/X
 _19975_/X
 _19976_/X
 _19977_/X
 _19978_/X
 _19979_/X
 _19980_/X
 _19981_/X
 _19982_/X
 _19983_/X
 _19984_/X
 _19985_/X
 _19986_/X
 _19987_/X
 _19988_/X
 _19989_/X
 _19990_/X
 _19991_/X
 _19992_/X
 _19993_/X
 _19994_/X
 _19995_/X
 _19996_/X
 _19997_/X
 _19998_/X
 _19999_/X
 _20000_/X
 _20001_/X
 _20002_/X
 _20003_/X
 _20004_/X
 _20005_/X
 _20006_/X
 _20007_/X
 _20008_/X
 _20009_/X
 _20010_/X
 _20011_/X
 _20012_/X
 _20013_/X
 _20014_/X
 _20015_/X
 _20016_/X
 _20017_/X
 _20018_/X
 _20019_/X
 _20020_/X
 _20021_/X
 _20022_/X
 _20023_/X
 _20024_/X
 _20025_/X
 _20026_/X
 _20027_/X
 _20028_/X
 _20029_/X
 _20030_/X
 _20031_/X
 _20032_/X
 _20033_/X
 _20034_/X
 _20035_/X
 _20036_/X
 _20037_/X
 _20038_/X
 _20039_/X
 _20040_/X
 _20041_/X
 _20042_/X
 _20043_/X
 _20044_/X
 _20045_/X
 _20046_/X
 _20047_/X
 _20048_/X
 _20049_/X
 _20050_/X
 _20051_/X
 _20052_/X
 _20053_/X
 _20054_/X
 _20055_/X
 _20056_/X
 _20057_/X
 _20058_/X
 _20059_/X
 _20060_/X
 _20061_/X
 _20062_/X
 _20063_/X
 _20064_/X
 _20065_/X
 _20066_/X
 _20067_/X
 _20068_/X
 _20069_/X
 _20070_/X
 _20071_/X
 _20072_/X
 _20073_/X
 _20074_/X
 _20075_/X
 _20076_/X
 _20077_/X
 _20078_/X
 _20079_/X
 _20080_/X
 _20081_/X
 _20082_/X
 _20083_/X
 _20084_/X
 _20085_/X
 _20086_/X
 _20087_/X
 _20088_/X
 _20089_/X
 _20090_/X
 _20091_/X
 _20092_/X
 _20093_/X
 _20094_/X
 _20095_/X
 _20096_/X
 _20097_/X
 _20098_/X
 _20099_/X
 _20100_/X
 _20101_/X
 _20102_/X
 _20103_/X
 _20104_/X
 _20105_/X
 _20106_/X
 _20107_/X
 _20108_/X
 _20109_/X
 _20110_/X
 _20111_/X
 _20112_/X
 _20113_/X
 _20114_/X
 _20115_/X
 _20116_/X
 _20117_/X
 _20118_/X
 _20119_/X
 _20120_/X
 _20121_/X
 _20122_/X
 _20123_/X
 _20124_/X
 _20125_/X
 _20126_/X
 _20127_/X
 _20128_/X
 _20129_/X
 _20130_/X
 _20131_/X
 _20132_/X
 _20133_/X
 _20134_/X
 _20135_/X
 _20136_/X
 _20137_/X
 _20138_/X
 _20139_/X
 _20140_/X
 _20141_/X
 _20142_/X
 _20143_/X
 _20144_/X
 _20145_/X
 _20146_/X
 _20147_/X
 _20148_/X
 _20149_/X
 _20150_/X
 _20151_/X
 _20152_/X
 _20153_/X
 _20154_/X
 _20155_/X
 _20156_/X
 _20157_/X
 _20158_/X
 _20159_/X
 _20160_/X
 _20161_/X
 _20162_/X
 _20163_/X
 _20164_/X
 _20165_/X
 _20166_/X
 _20167_/X
 _20168_/X
 _20169_/X
 _20170_/X
 _20171_/X
 _20172_/X
 _20173_/X
 _20174_/X
 _20175_/X
 _20176_/X
 _20177_/X
 _20178_/X
 _20179_/X
 _20180_/X
 _20181_/X
 _20182_/X
 _20183_/X
 _20184_/X
 _20185_/X
 _20186_/X
 _20187_/X
 _20188_/X
 _20189_/X
 _20190_/X
 _20191_/X
 _20192_/X
 _20193_/X
 _20194_/X
 _20195_/X
 _20196_/X
 _20197_/X
 _20198_/X
 _20199_/X
 _20200_/X
 _20201_/X
 _20202_/X
 _20203_/X
 _20204_/X
 _20205_/X
 _20206_/X
 _20207_/X
 _20208_/X
 _20209_/X
 _20210_/X
 _20211_/X
 _20212_/X
 _20213_/X
 _20214_/X
 _20215_/X
 _20216_/X
 _20217_/X
 _20218_/X
 _20219_/X
 _20220_/X
 _20221_/X
 _20222_/X
 _20223_/X
 _20224_/X
 _20225_/X
 _20226_/X
 _20227_/X
 _20228_/X
 _20229_/X
 _20230_/X
 _20231_/X
 _20232_/X
 _20233_/X
 _20234_/X
 _20235_/X
 _20236_/X
 _20237_/X
 _20238_/X
 _20239_/X
 _20240_/X
 _20241_/X
 _20242_/X
 _20243_/X
 _20244_/X
 _20245_/X
 _20246_/X
 _20247_/X
 _20248_/X
 _20249_/X
 _20250_/X
 _20251_/X
 _20252_/X
 _20253_/X
 _20254_/X
 _20255_/X
 _20256_/X
 _20257_/X
 _20258_/X
 _20259_/X
 _20260_/X
 _20261_/X
 _20262_/X
 _20263_/X
 _20264_/X
 _20265_/X
 _20266_/X
 _20267_/X
 _20268_/X
 _20269_/X
 _20270_/X
 _20271_/X
 _20272_/X
 _20273_/X
 _20274_/X
 _20275_/X
 _20276_/X
 _20277_/X
 _20278_/X
 _20279_/X
 _20280_/X
 _20281_/X
 _20282_/X
 _20283_/X
 _20284_/X
 _20285_/X
 _20286_/X
 _20287_/X
 _20288_/X
 _20289_/X
 _20290_/X
 _20291_/X
 _20292_/X
 _20293_/X
 _20294_/X
 _20295_/X
 _20296_/X
 _20297_/X
 _20298_/X
 _20299_/X
 _20300_/X
 _20301_/X
 _20302_/X
 _20303_/X
 _20304_/X
 _20305_/X
 _20306_/X
 _20307_/X
 _20308_/X
 _20309_/X
 _20310_/X
 _20311_/X
 _20312_/X
 _20313_/X
 _20314_/X
 _20315_/X
 _20316_/X
 _20317_/X
 _20318_/X
 _20319_/X
 _20320_/X
 _20321_/X
 _20322_/X
 _20323_/X
 _20324_/X
 _20325_/X
 _20326_/X
 _20327_/X
 _20328_/X
 _20329_/X
 _20330_/X
 _20331_/X
 _20332_/X
 _20333_/X
 _20334_/X
 _20335_/X
 _20336_/X
 _20337_/X
 _20338_/X
 _20339_/X
 _20340_/X
 _20341_/X
 _20342_/X
 _20343_/X
 _20344_/X
 _20345_/X
 _20346_/X
 _20347_/X
 _20348_/X
 _20349_/X
 _20350_/X
 _20351_/X
 _20352_/X
 _20353_/X
 _20354_/X
 _20355_/X
 _20356_/X
 _20357_/X
 _20358_/X
 _20359_/X
 _20360_/X
 _20361_/X
 _20362_/X
 _20363_/X
 _20364_/X
 _20365_/X
 _20366_/X
 _20367_/X
 _20368_/X
 _20369_/X
 _20370_/X
 _20371_/X
 _20372_/X
 _20373_/X
 _20374_/X
 _20375_/X
 _20376_/X
 _20377_/X
 _20378_/X
 _20379_/X
 _20380_/X
 _20381_/X
 _20382_/X
 _20383_/X
 _20384_/X
 _20385_/X
 _20386_/X
 _20387_/X
 _20388_/X
 _20389_/X
 _20390_/X
 _20391_/X
 _20392_/X
 _20393_/X
 _20394_/X
 _20395_/X
 _20396_/X
 _20397_/X
 _20398_/X
 _20399_/X
 _20400_/X
 _20401_/X
 _20402_/X
 _20403_/X
 _20404_/X
 _20405_/X
 _20406_/X
 _20407_/X
 _20408_/X
 _20409_/X
 _20410_/X
 _20411_/X
 _20412_/X
 _20413_/X
 _20414_/X
 _20415_/X
 _20416_/X
 _20417_/X
 _20418_/X
 _20419_/X
 _20420_/X
 _20421_/X
 _20422_/X
 _20423_/X
 _20424_/X
 _20425_/X
 _20426_/X
 _20427_/X
 _20428_/X
 _20429_/X
 _20430_/X
 _20431_/X
 _20432_/X
 _20433_/X
 _20434_/X
 _20435_/X
 _20436_/X
 _20437_/X
 _20438_/X
 _20439_/X
 _20440_/X
 _20441_/X
 _20442_/X
 _20443_/X
 _20444_/X
 _20445_/X
 _20446_/X
 _20447_/X
 _20448_/X
 _20449_/X
 _20450_/X
 _20451_/X
 _20452_/X
 _20453_/X
 _20454_/X
 _20455_/X
 _20456_/X
 _20457_/X
 _20458_/X
 _20459_/X
 _20460_/X
 _20461_/X
 _20462_/X
 _20463_/X
 _20464_/X
 _20465_/X
 _20466_/X
 _20467_/X
 _20468_/X
 _20469_/X
 _20470_/X
 _20471_/X
 _20472_/X
 _20473_/X
 _20474_/X
 _20475_/X
 _20476_/X
 _20477_/X
 _20478_/X
 _20479_/X
 _20480_/X
 _20481_/X
 _20482_/X
 _20483_/X
 _20484_/X
 _20485_/X
 _20486_/X
 _20487_/X
 _20488_/X
 _20489_/X
 _20490_/X
 _20491_/X
 _20492_/X
 _20493_/X
 _20494_/X
 _20495_/X
 _20496_/X
 _20497_/X
 _20498_/X
 _20499_/X
 _20500_/X
 _20501_/X
 _20502_/X
 _20503_/X
 _20504_/X
 _20505_/X
 _20506_/X
 _20507_/X
 _20508_/X
 _20509_/X
 _20510_/X
 _20511_/X
 _20512_/X
 _20513_/X
 _20514_/X
 _20515_/X
 _20516_/X
 _20517_/X
 _20518_/X
 _20519_/X
 _20520_/X
 _20521_/X
 _20522_/X
 _20523_/X
 _20524_/X
 _20525_/X
 _20526_/X
 _20527_/X
 _20528_/X
 _20529_/X
 _20530_/X
 _20531_/X
 _20532_/X
 _20533_/X
 _20534_/X
 _20535_/X
 _20536_/X
 _20537_/X
 _20538_/X
 _20539_/X
 _20540_/X
 _20541_/X
 _20542_/X
 _20543_/X
 _20544_/X
 _20545_/X
 _20546_/X
 _20547_/X
 _20548_/X
 _20549_/X
 _20550_/X
 _20551_/X
 _20552_/X
 _20553_/X
 _20554_/X
 _20555_/X
 _20556_/X
 _20557_/X
 _20558_/X
 _20559_/X
 _20560_/X
 _20561_/X
 _20562_/X
 _20563_/X
 _20564_/X
 _20565_/X
 _20566_/X
 _20567_/X
 _20568_/X
 _20569_/X
 _20570_/X
 _20571_/X
 _20572_/X
 _20573_/X
 _20574_/X
 _20575_/X
 _20576_/X
 _20577_/X
 _20578_/X
 _20579_/X
 _20580_/X
 _20581_/X
 _20582_/X
 _20583_/X
 _20584_/X
 _20585_/X
 _20586_/X
 _20587_/X
 _20588_/X
 _20589_/X
 _20590_/X
 _20591_/X
 _20592_/X
 _20593_/X
 _20594_/X
 _20595_/X
 _20596_/X
 _20597_/X
 _20598_/X
 _20599_/X
 _20600_/X
 _20601_/X
 _20602_/X
 _20603_/X
 _20604_/X
 _20605_/X
 _20606_/X
 _20607_/X
 _20608_/X
 _20609_/X
 _20610_/X
 _20611_/X
 _20612_/X
 _20613_/X
 _20614_/X
 _20615_/X
 _20616_/X
 _20617_/X
 _20618_/X
 _20619_/X
 _20620_/X
 _20621_/X
 _20622_/X
 _20623_/X
 _20624_/X
 _20625_/X
 _20626_/X
 _20627_/X
 _20628_/X
 _20629_/X
 _20630_/X
 _20631_/X
 _20632_/X
 _20633_/X
 _20634_/X
 _20635_/X
 _20636_/X
 _20637_/X
 _20638_/X
 _20639_/X
 _20640_/X
 _20641_/X
 _20642_/X
 _20643_/X
 _20644_/X
 _20645_/X
 _20646_/X
 _20647_/X
 _20648_/X
 _20649_/X
 _20650_/X
 _20651_/X
 _20652_/X
 _20653_/X
 _20654_/X
 _20655_/X
 _20656_/X
 _20657_/X
 _20658_/X
 _20659_/X
 _20660_/X
 _20661_/X
 _20662_/X
 _20663_/X
 _20664_/X
 _20665_/X
 _20666_/X
 _20667_/X
 _20668_/X
 _20669_/X
 _20670_/X
 _20671_/X
 _20672_/X
 _20673_/X
 _20674_/X
 _20675_/X
 _20676_/X
 _20677_/X
 _20678_/X
 _20679_/X
 _20680_/X
 _20681_/X
 _20682_/X
 _20683_/X
 _20684_/X
 _20685_/X
 _20686_/X
 _20687_/X
 _20688_/X
 _20689_/X
 _20690_/X
 _20691_/X
 _20692_/X
 _20693_/X
 _20694_/X
 _20695_/X
 _20696_/X
 _20697_/X
 _20698_/X
 _20699_/X
 _20700_/X
 _20701_/X
 _20702_/X
 _20703_/X
 _20704_/X
 _20705_/X
 _20706_/X
 _20707_/X
 _20708_/X
 _20709_/X
 _20710_/X
 _20711_/X
 _20712_/X
 _20713_/X
 _20714_/X
 _20715_/X
 _20716_/X
 _20717_/X
 _20718_/X
 _20719_/X
 _20720_/X
 _20721_/X
 _20722_/X
 _20723_/X
 _20724_/X
 _20725_/X
 _20726_/X
 _20727_/X
 _20728_/X
 _20729_/X
 _20730_/X
 _20731_/X
 _20732_/X
 _20733_/X
 _20734_/X
 _20735_/X
 _20736_/X
 _20737_/X
 _20738_/X
 _20739_/X
 _20740_/X
 _20741_/X
 _20742_/X
 _20743_/X
 _20744_/X
 _20745_/X
 _20746_/X
 _20747_/X
 _20748_/X
 _20749_/X
 _20750_/X
 _20751_/X
 _20752_/X
 _20753_/X
 _20754_/X
 _20755_/X
 _20756_/X
 _20757_/X
 _20758_/X
 _20759_/X
 _20760_/X
 _20761_/X
 _20762_/X
 _20763_/X
 _20764_/X
 _20765_/X
 _20766_/X
 _20767_/X
 _20768_/X
 _20769_/X
 _20770_/X
 _20771_/X
 _20772_/X
 _20773_/X
 _20774_/X
 _20775_/X
 _20776_/X
 _20777_/X
 _20778_/X
 _20779_/X
 _20780_/X
 _20781_/X
 _20782_/X
 _20783_/X
 _20784_/X
 _20785_/X
 _20786_/X
 _20787_/X
 _20788_/X
 _20789_/X
 _20790_/X
 _20791_/X
 _20792_/X
 _20793_/X
 _20794_/X
 _20795_/X
 _20796_/X
 _20797_/X
 _20798_/X
 _20799_/X
 _20800_/X
 _20801_/X
 _20802_/X
 _20803_/X
 _20804_/X
 _20805_/X
 _20806_/X
 _20807_/X
 _20808_/X
 _20809_/X
 _20810_/X
 _20811_/X
 _20812_/X
 _20813_/X
 _20814_/X
 _20815_/X
 _20816_/X
 _20817_/X
 _20818_/X
 _20819_/X
 _20820_/X
 _20821_/X
 _20822_/X
 _20823_/X
 _20824_/X
 _20825_/X
 _20826_/X
 _20827_/X
 _20828_/X
 _20829_/X
 _20830_/X
 _20831_/X
 _20832_/X
 _20833_/X
 _20834_/X
 _20835_/X
 _20836_/X
 _20837_/X
 _20838_/X
 _20839_/X
 _20840_/X
 _20841_/X
 _20842_/X
 _20843_/X
 _20844_/X
 _20845_/X
 _20846_/X
 _20847_/X
 _20848_/X
 _20849_/X
 _20850_/X
 _20851_/X
 _20852_/X
 _20853_/X
 _20854_/X
 _20855_/X
 _20856_/X
 _20857_/X
 _20858_/X
 _20859_/X
 _20860_/X
 _20861_/X
 _20862_/X
 _20863_/X
 _20864_/X
 _20865_/X
 _20866_/X
 _20867_/X
 _20868_/X
 _20869_/X
 _20870_/X
 _20871_/X
 _20872_/X
 _20873_/X
 _20874_/X
 _20875_/X
 _20876_/X
 _20877_/X
 _20878_/X
 _20879_/X
 _20880_/X
 _20881_/X
 _20882_/X
 _20883_/X
 _20884_/X
 _20885_/X
 _20886_/X
 _20887_/X
 _20888_/X
 _20889_/X
 _20890_/X
 _20891_/X
 _20892_/X
 _20893_/X
 _20894_/X
 _20895_/X
 _20896_/X
 _20897_/X
 _20898_/X
 _20899_/X
 _20900_/X
 _20901_/X
 _20902_/X
 _20903_/X
 _20904_/X
 _20905_/X
 _20906_/X
 _20907_/X
 _20908_/X
 _20909_/X
 _20910_/X
 _20911_/X
 _20912_/X
 _20913_/X
 _20914_/X
 _20915_/X
 _20916_/X
 _20917_/X
 _20918_/X
 _20919_/X
 _20920_/X
 _20921_/X
 _20922_/X
 _20923_/X
 _20924_/X
 _20925_/X
 _20926_/X
 _20927_/X
 _20928_/X
 _20929_/X
 _20930_/X
 _20931_/X
 _20932_/X
 _20933_/X
 _20934_/X
 _20935_/X
 _20936_/X
 _20937_/X
 _20938_/X
 _20939_/X
 _20940_/X
 _20941_/X
 _20942_/X
 _20943_/X
 _20944_/X
 _20945_/X
 _20946_/X
 _20947_/X
 _20948_/X
 _20949_/X
 _20950_/X
 _20951_/X
 _20952_/X
 _20953_/X
 _20954_/X
 _20955_/X
 _20956_/X
 _20957_/X
 _20958_/X
 _20959_/X
 _20960_/X
 _20961_/X
 _20962_/X
 _20963_/X
 _20964_/X
 _20965_/X
 _20966_/X
 _20967_/X
 _20968_/X
 _20969_/X
 _20970_/X
 _20971_/X
 _20972_/X
 _20973_/X
 _20974_/X
 _20975_/X
 _20976_/X
 _20977_/X
 _20978_/X
 _20979_/X
 _20980_/X
 _20981_/X
 _20982_/X
 _20983_/X
 _20984_/X
 _20985_/X
 _20986_/X
 _20987_/X
 _20988_/X
 _20989_/X
 _20990_/X
 _20991_/X
 _20992_/X
 _20993_/X
 _20994_/X
 _20995_/X
 _20996_/X
 _20997_/X
 _20998_/X
 _20999_/X
 _21000_/X
 _21001_/X
 _21002_/X
 _21003_/X
 _21004_/X
 _21005_/X
 _21006_/X
 _21007_/X
 _21008_/X
 _21009_/X
 _21010_/X
 _21011_/X
 _21012_/X
 _21013_/X
 _21014_/X
 _21015_/X
 _21016_/X
 _21017_/X
 _21018_/X
 _21019_/X
 _21020_/X
 _21021_/X
 _21022_/X
 _21023_/X
 _21024_/X
 _21025_/X
 _21026_/X
 _21027_/X
 _21028_/X
 _21029_/X
 _21030_/X
 _21031_/X
 _21032_/X
 _21033_/X
 _21034_/X
 _21035_/X
 _21036_/X
 _21037_/X
 _21038_/X
 _21039_/X
 _21040_/X
 _21041_/X
 _21042_/X
 _21043_/X
 _21044_/X
 _21045_/X
 _21046_/X
 _21047_/X
 _21048_/X
 _21049_/X
 _21050_/X
 _21051_/X
 _21052_/X
 _21053_/X
 _21054_/X
 _21055_/X
 _21056_/X
 _21057_/X
 _21058_/X
 _21059_/X
 _21060_/X
 _21061_/X
 _21062_/X
 _21063_/X
 _21064_/X
 _21065_/X
 _21066_/X
 _21067_/X
 _21068_/X
 _21069_/X
 _21070_/X
 _21071_/X
 _21072_/X
 _21073_/X
 _21074_/X
 _21075_/X
 _21076_/X
 _21077_/X
 _21078_/X
 _21079_/X
 _21080_/X
 _21081_/X
 _21082_/X
 _21083_/X
 _21084_/X
 _21085_/X
 _21086_/X
 _21087_/X
 _21088_/X
 _21089_/X
 _21090_/X
 _21091_/X
 _21092_/X
 _21093_/X
 _21094_/X
 _21095_/X
 _21096_/X
 _21097_/X
 _21098_/X
 _21099_/X
 _21100_/X
 _21101_/X
 _21102_/X
 _21103_/X
 _21104_/X
 _21105_/X
 _21106_/X
 _21107_/X
 _21108_/X
 _21109_/X
 _21110_/X
 _21111_/X
 _21112_/X
 _21113_/X
 _21114_/X
 _21115_/X
 _21116_/X
 _21117_/X
 _21118_/X
 _21119_/X
 _21120_/X
 _21121_/X
 _21122_/X
 _21123_/X
 _21124_/X
 _21125_/X
 _21126_/X
 _21127_/X
 _21128_/X
 _21129_/X
 _21130_/X
 _21131_/X
 _21132_/X
 _21133_/X
 _21134_/X
 _21135_/X
 _21136_/X
 _21137_/X
 _21138_/X
 _21139_/X
 _21140_/X
 _21141_/X
 _21142_/X
 _21143_/X
 _21144_/X
 _21145_/X
 _21146_/X
 _21147_/X
 _21148_/X
 _21149_/X
 _21150_/X
 _21151_/X
 _21152_/X
 _21153_/X
 _21154_/X
 _21155_/X
 _21156_/X
 _21157_/X
 _21158_/X
 _21159_/X
 _21160_/X
 _21161_/X
 _21162_/X
 _21163_/X
 _21164_/X
 _21165_/X
 _21166_/X
 _21167_/X
 _21168_/X
 _21169_/X
 _21170_/X
 _21171_/X
 _21172_/X
 _21173_/X
 _21174_/X
 _21175_/X
 _21176_/X
 _21177_/X
 _21178_/X
 _21179_/X
 _21180_/X
 _21181_/X
 _21182_/X
 _21183_/X
 _21184_/X
 _21185_/X
 _21186_/X
 _21187_/X
 _21188_/X
 _21189_/X
 _21190_/X
 _21191_/X
 _21192_/X
 _21193_/X
 _21194_/X
 _21195_/X
 _21196_/X
 _21197_/X
 _21198_/X
 _21199_/X
 _21200_/X
 _21201_/X
 _21202_/X
 _21203_/X
 _21204_/X
 _21205_/X
 _21206_/X
 _21207_/X
 _21208_/X
 _21209_/X
 _21210_/X
 _21211_/X
 _21212_/X
 _21213_/X
 _21214_/X
 _21215_/X
 _21216_/X
 _21217_/X
 _21218_/X
 _21219_/X
 _21220_/X
 _21221_/X
 _21222_/X
 _21223_/X
 _21224_/X
 _21225_/X
 _21226_/X
 _21227_/X
 _21228_/X
 _21229_/X
 _21230_/X
 _21231_/X
 _21232_/X
 _21233_/X
 _21234_/X
 _21235_/X
 _21236_/X
 _21237_/X
 _21238_/X
 _21239_/X
 _21240_/X
 _21241_/X
 _21242_/X
 _21243_/X
 _21244_/X
 _21245_/X
 _21246_/X
 _21247_/X
 _21248_/X
 _21249_/X
 _21250_/X
 _21251_/X
 _21252_/X
 _21253_/X
 _21254_/X
 _21255_/X
 _21256_/X
 _21257_/X
 _21258_/X
 _21259_/X
 _21260_/X
 _21261_/X
 _21262_/X
 _21263_/X
 _21264_/X
 _21265_/X
 _21266_/X
 _21267_/X
 _21268_/X
 _21269_/X
 _21270_/X
 _21271_/X
 _21272_/X
 _21273_/X
 _21274_/X
 _21275_/X
 _21276_/X
 _21277_/X
 _21278_/X
 _21279_/X
 _21280_/X
 _21281_/X
 _21282_/X
 _21283_/X
 _21284_/X
 _21285_/X
 _21286_/X
 _21287_/X
 _21288_/X
 _21289_/X
 _21290_/X
 _21291_/X
 _21292_/X
 _21293_/X
 _21294_/X
 _21295_/X
 _21296_/X
 _21297_/X
 _21298_/X
 _21299_/X
 _21300_/X
 _21301_/X
 _21302_/X
 _21303_/X
 _21304_/X
 _21305_/X
 _21306_/X
 _21307_/X
 _21308_/X
 _21309_/X
 _21310_/X
 _21311_/X
 _21312_/X
 _21313_/X
 _21314_/X
 _21315_/X
 _21316_/X
 _21317_/X
 _21318_/X
 _21319_/X
 _21320_/X
 _21321_/X
 _21322_/X
 _21323_/X
 _21324_/X
 _21325_/X
 _21326_/X
 _21327_/X
 _21328_/X
 _21329_/X
 _21330_/X
 _21331_/X
 _21332_/X
 _21333_/X
 _21334_/X
 _21335_/X
 _21336_/X
 _21337_/X
 _21338_/X
 _21339_/X
 _21340_/X
 _21341_/X
 _21342_/X
 _21343_/X
 _21344_/X
 _21345_/X
 _21346_/X
 _21347_/X
 _21348_/X
 _21349_/X
 _21350_/X
 _21351_/X
 _21352_/X
 _21353_/X
 _21354_/X
 _21355_/X
 _21356_/X
 _21357_/X
 _21358_/X
 _21359_/X
 _21360_/X
 _21361_/X
 _21362_/X
 _21363_/X
 _21364_/X
 _21365_/X
 _21366_/X
 _21367_/X
 _21368_/X
 _21369_/X
 _21370_/X
 _21371_/X
 _21372_/X
 _21373_/X
 _21374_/X
 _21375_/X
 _21376_/X
 _21377_/X
 _21378_/X
 _21379_/X
 _21380_/X
 _21381_/X
 _21382_/X
 _21383_/X
 _21384_/X
 _21385_/X
 _21386_/X
 _21387_/X
 _21388_/X
 _21389_/X
 _21390_/X
 _21391_/X
 _21392_/X
 _21393_/X
 _21394_/X
 _21395_/X
 _21396_/X
 _21397_/X
 _21398_/X
 _21399_/X
 _21400_/X
 _21401_/X
 _21402_/X
 _21403_/X
 _21404_/X
 _21405_/X
 _21406_/X
 _21407_/X
 _21408_/X
 _21409_/X
 _21410_/X
 _21411_/X
 _21412_/X
 _21413_/X
 _21414_/X
 _21415_/X
 _21416_/X
 _21417_/X
 _21418_/X
 _21419_/X
 _21420_/X
 _21421_/X
 _21422_/X
 _21423_/X
 _21424_/X
 _21425_/X
 _21426_/X
 _21427_/X
 _21428_/X
 _21429_/X
 _21430_/X
 _21431_/X
 _21432_/X
 _21433_/X
 _21434_/X
 _21435_/X
 _21436_/X
 _21437_/X
 _21438_/X
 _21439_/X
 _21440_/X
 _21441_/X
 _21442_/X
 _21443_/X
 _21444_/X
 _21445_/X
 _21446_/X
 _21447_/X
 _21448_/X
 _21449_/X
 _21450_/X
 _21451_/X
 _21452_/X
 _21453_/X
 _21454_/X
 _21455_/X
 _21456_/X
 _21457_/X
 _21458_/X
 _21459_/X
 _21460_/X
 _21461_/X
 _21462_/X
 _21463_/X
 _21464_/X
 _21465_/X
 _21466_/X
 _21467_/X
 _21468_/X
 _21469_/X
 _21470_/X
 _21471_/X
 _21472_/X
 _21473_/X
 _21474_/X
 _21475_/X
 _21476_/X
 _21477_/X
 _21478_/X
 _21479_/X
 _21480_/X
 _21481_/X
 _21482_/X
 _21483_/X
 _21484_/X
 _21485_/X
 _21486_/X
 _21487_/X
 _21488_/X
 _21489_/X
 _21490_/X
 _21491_/X
 _21492_/X
 _21493_/X
 _21494_/X
 _21495_/X
 _21496_/X
 _21497_/X
 _21498_/X
 _21499_/X
 _21500_/X
 _21501_/X
 _21502_/X
 _21503_/X
 _21504_/X
 _21505_/X
 _21506_/X
 _21507_/X
 _21508_/X
 _21509_/X
 _21510_/X
 _21511_/X
 _21512_/X
 _21513_/X
 _21514_/X
 _21515_/X
 _21516_/X
 _21517_/X
 _21518_/X
 _21519_/X
 _21520_/X
 _21521_/X
 _21522_/X
 _21523_/X
 _21524_/X
 _21525_/X
 _21526_/X
 _21527_/X
 _21528_/X
 _21529_/X
 _21530_/X
 _21531_/X
 _21532_/X
 _21533_/X
 _21534_/X
 _21535_/X
 _21536_/X
 _21537_/X
 _21538_/X
 _21539_/X
 _21540_/X
 _21541_/X
 _21542_/X
 _21543_/X
 _21544_/X
 _21545_/X
 _21546_/X
 _21547_/X
 _21548_/X
 _21549_/X
 _21550_/X
 _21551_/X
 _21552_/X
 _21553_/X
 _21554_/X
 _21555_/X
 _21556_/X
 _21557_/X
 _21558_/X
 _21559_/X
 _21560_/X
 _21561_/X
 _21562_/X
 _21563_/X
 _21564_/X
 _21565_/X
 _21566_/X
 _21567_/X
 _21568_/X
 _21569_/X
 _21570_/X
 _21571_/X
 _21572_/X
 _21573_/X
 _21574_/X
 _21575_/X
 _21576_/X
 _21577_/X
 _21578_/X
 _21579_/X
 _21580_/X
 _21581_/X
 _21582_/X
 _21583_/X
 _21584_/X
 _21585_/X
 _21586_/X
 _21587_/X
 _21588_/X
 _21589_/X
 _21590_/X
 _21591_/X
 _21592_/X
 _21593_/X
 _21594_/X
 _21595_/X
 _21596_/X
 _21597_/X
 _21598_/X
 _21599_/X
 _21600_/X
 _21601_/X
 _21602_/X
 _21603_/X
 _21604_/X
 _21605_/X
 _21606_/X
 _21607_/X
 _21608_/X
 _21609_/X
 _21610_/X
 _21611_/X
 _21612_/X
 _21613_/X
 _21614_/X
 _21615_/X
 _21616_/X
 _21617_/X
 _21618_/X
 _21619_/X
 _21620_/X
 _21621_/X
 _21622_/X
 _21623_/X
 _21624_/X
 _21625_/X
 _21626_/X
 _21627_/X
 _21628_/X
 _21629_/X
 _21630_/X
 _21631_/X
 _21632_/X
 _21633_/X
 _21634_/X
 _21635_/X
 _21636_/X
 _21637_/X
 _21638_/X
 _21639_/X
 _21640_/X
 _21641_/X
 _21642_/X
 _21643_/X
 _21644_/X
 _21645_/X
 _21646_/X
 _21647_/X
 _21648_/X
 _21649_/X
 _21650_/X
 _21651_/X
 _21652_/X
 _21653_/X
 _21654_/X
 _21655_/X
 _21656_/X
 _21657_/X
 _21658_/X
 _21659_/X
 _21660_/X
 _21661_/X
 _21662_/X
 _21663_/X
 _21664_/X
 _21665_/X
 _21666_/X
 _21667_/X
 _21668_/X
 _21669_/X
 _21670_/X
 _21671_/X
 _21672_/X
 _21673_/X
 _21674_/X
 _21675_/X
 _21676_/X
 _21677_/X
 _21678_/X
 _21679_/X
 _21680_/X
 _21681_/X
 _21682_/X
 _21683_/X
 _21684_/X
 _21685_/X
 _21686_/X
 _21687_/X
 _21688_/X
 _21689_/X
 _21690_/X
 _21691_/X
 _21692_/X
 _21693_/X
 _21694_/X
 _21695_/X
 _21696_/X
 _21697_/X
 _21698_/X
 _21699_/X
 _21700_/X
 _21701_/X
 _21702_/X
 _21703_/X
 _21704_/X
 _21705_/X
 _21706_/X
 _21707_/X
 _21708_/X
 _21709_/X
 _21710_/X
 _21711_/X
 _21712_/X
 _21713_/X
 _21714_/X
 _21715_/X
 _21716_/X
 _21717_/X
 _21718_/X
 _21719_/X
 _21720_/X
 _21721_/X
 _21722_/X
 _21723_/X
 _21724_/X
 _21725_/X
 _21726_/X
 _21727_/X
 _21728_/X
 _21729_/X
 _21730_/X
 _21731_/X
 _21732_/X
 _21733_/X
 _21734_/X
 _21735_/X
 _21736_/X
 _21737_/X
 _21738_/X
 _21739_/X
 _21740_/X
 _21741_/X
 _21742_/X
 _21743_/X
 _21744_/X
 _21745_/X
 _21746_/X
 _21747_/X
 _21748_/X
 _21749_/X
 _21750_/X
 _21751_/X
 _21752_/X
 _21753_/X
 _21754_/X
 _21755_/X
 _21756_/X
 _21757_/X
 _21758_/X
 _21759_/X
 _21760_/X
 _21761_/X
 _21762_/X
 _21763_/X
 _21764_/X
 _21765_/X
 _21766_/X
 _21767_/X
 _21768_/X
 _21769_/X
 _21770_/X
 _21771_/X
 _21772_/Y
 _21773_/Y
 _21774_/Y
 _21775_/Y
 _21776_/Y
 _21777_/Y
 _21778_/Y
 _21779_/Y
 _21780_/Y
 _21781_/Y
 _21782_/Y
 _21783_/Y
 _21784_/Y
 _21785_/Y
 _21786_/Y
 _21787_/Y
 _21788_/Y
 _21789_/Y
 _21790_/Y
 _21791_/Y
 _21792_/Y
 _21793_/Y
 _21794_/Y
 _21795_/Y
 _21796_/Y
 _21797_/Y
 _21798_/Y
 _21799_/Y
 _21800_/Y
 _21801_/Y
 _21802_/Y
 _21803_/Y
 _21804_/Y
 _21805_/Y
 _21806_/Y
 _21807_/Y
 _21808_/Y
 _21809_/Y
 _21810_/Y
 _21811_/Y
 _21812_/Y
 _21813_/Y
 _21814_/Y
 _21815_/Y
 _21816_/Y
 _21817_/Y
 _21818_/Y
 _21819_/Y
 _21820_/Y
 _21821_/Y
 _21822_/Y
 _21823_/Y
 _21824_/Y
 _21825_/Y
 _21826_/Y
 _21827_/Y
 _21828_/Y
 _21829_/Y
 _21830_/Y
 _21831_/Y
 _21832_/Y
 _21833_/Y
 _21834_/Y
 _21835_/Y
 _21836_/Y
 _21837_/Y
 _21838_/Y
 _21839_/Y
 _21840_/Y
 _21841_/Y
 _21842_/Y
 _21843_/Y
 _21844_/Y
 _21845_/Y
 _21846_/Y
 _21847_/Y
 _21848_/Y
 _21849_/Y
 _21850_/Y
 _21851_/Y
 _21852_/Y
 _21853_/Y
 _21854_/Y
 _21855_/Y
 _21856_/Y
 _21857_/Y
 _21858_/Y
 _21859_/Y
 _21860_/Y
 _21861_/Y
 _21862_/Y
 _21863_/Y
 _21864_/Y
 _21865_/Y
 _21866_/Y
 _21867_/Y
 _21868_/Y
 _21869_/Y
 _21870_/Y
 _21871_/Y
 _21872_/Y
 _21873_/Y
 _21874_/Y
 _21875_/Y
 _21876_/Y
 _21877_/Y
 _21878_/Y
 _21879_/Y
 _21880_/Y
 _21881_/Y
 _21882_/Y
 _21883_/Y
 _21884_/Y
 _21885_/Y
 _21886_/Y
 _21887_/Y
 _21888_/Y
 _21889_/Y
 _21890_/Y
 _21891_/Y
 _21892_/Y
 _21893_/Y
 _21894_/Y
 _21895_/Y
 _21896_/Y
 _21897_/Y
 _21898_/Y
 _21899_/Y
 _21900_/Y
 _21901_/Y
 _21902_/Y
 _21903_/Y
 _21904_/Y
 _21905_/Y
 _21906_/Y
 _21907_/Y
 _21908_/Y
 _21909_/Y
 _21910_/Y
 _21911_/Y
 _21912_/Y
 _21913_/Y
 _21914_/Y
 _21915_/Y
 _21916_/Y
 _21917_/Y
 _21918_/Y
 _21919_/Y
 _21920_/Y
 _21921_/Y
 _21922_/Y
 _21923_/Y
 _21924_/Y
 _21925_/Y
 _21926_/Y
 _21927_/Y
 _21928_/Y
 _21929_/Y
 _21930_/Y
 _21931_/Y
 _21932_/Y
 _21933_/Y
 _21934_/Y
 _21935_/Y
 _21936_/Y
 _21937_/Y
 _21938_/Y
 _21939_/Y
 _21940_/Y
 _21941_/Y
 _21942_/Y
 _21943_/Y
 _21944_/Y
 _21945_/Y
 _21946_/Y
 _21947_/Y
 _21948_/Y
 _21949_/Y
 _21950_/Y
 _21951_/Y
 _21952_/Y
 _21953_/Y
 _21954_/Y
 _21955_/Y
 _21956_/Y
 _21957_/Y
 _21958_/Y
 _21959_/Y
 _21960_/Y
 _21961_/Y
 _21962_/Y
 _21963_/Y
 _21964_/Y
 _21965_/Y
 _21966_/Y
 _21967_/Y
 _21968_/Y
 _21969_/Y
 _21970_/Y
 _21971_/Y
 _21972_/Y
 _21973_/Y
 _21974_/Y
 _21975_/Y
 _21976_/Y
 _21977_/Y
 _21978_/Y
 _21979_/Y
 _21980_/Y
 _21981_/Y
 _21982_/Y
 _21983_/Y
 _21984_/Y
 _21985_/Y
 _21986_/Y
 _21987_/Y
 _21988_/Y
 _21989_/Y
 _21990_/Y
 _21991_/Y
 _21992_/Y
 _21993_/Y
 _21994_/Y
 _21995_/Y
 _21996_/Y
 _21997_/Y
 _21998_/Y
 _21999_/Y
 _22000_/Y
 _22001_/Y
 _22002_/Y
 _22003_/Y
 _22004_/Y
 _22005_/Y
 _22006_/Y
 _22007_/Y
 _22008_/Y
 _22009_/Y
 _22010_/Y
 _22011_/Y
 _22012_/Y
 _22013_/Y
 _22014_/Y
 _22015_/Y
 _22016_/Y
 _22017_/Y
 _22018_/Y
 _22019_/Y
 _22020_/Y
 _22021_/Y
 _22022_/Y
 _22023_/Y
 _22024_/Y
 _22025_/Y
 _22026_/Y
 _22027_/Y
 _22028_/Y
 _22029_/Y
 _22030_/Y
 _22031_/Y
 _22032_/Y
 _22033_/Y
 _22034_/Y
 _22035_/Y
 _22036_/Y
 _22037_/Y
 _22038_/Y
 _22039_/Y
 _22040_/Y
 _22041_/Y
 _22042_/Y
 _22043_/Y
 _22044_/Y
 _22045_/Y
 _22046_/Y
 _22047_/Y
 _22048_/Y
 _22049_/Y
 _22050_/Y
 _22051_/Y
 _22052_/Y
 _22053_/Y
 _22054_/Y
 _22055_/Y
 _22056_/Y
 _22057_/Y
 _22058_/Y
 _22059_/Y
 _22060_/Y
 _22061_/Y
 _22062_/Y
 _22063_/Y
 _22064_/Y
 _22065_/Y
 _22066_/Y
 _22067_/Y
 _22068_/Y
 _22069_/Y
 _22070_/Y
 _22071_/Y
 _22072_/Y
 _22073_/Y
 _22074_/Y
 _22075_/Y
 _22076_/Y
 _22077_/Y
 _22078_/Y
 _22079_/Y
 _22080_/Y
 _22081_/Y
 _22082_/Y
 _22083_/Y
 _22084_/Y
 _22085_/Y
 _22086_/Y
 _22087_/Y
 _22088_/Y
 _22089_/Y
 _22090_/Y
 _22091_/Y
 _22092_/Y
 _22093_/Y
 _22094_/Y
 _22095_/Y
 _22096_/Y
 _22097_/Y
 _22098_/Y
 _22099_/Y
 _22100_/Y
 _22101_/Y
 _22102_/Y
 _22103_/Y
 _22104_/Y
 _22105_/Y
 _22106_/Y
 _22107_/Y
 _22108_/Y
 _22109_/Y
 _22110_/Y
 _22111_/Y
 _22112_/Y
 _22113_/Y
 _22114_/Y
 _22115_/Y
 _22116_/Y
 _22117_/Y
 _22118_/Y
 _22119_/Y
 _22120_/Y
 _22121_/Y
 _22122_/Y
 _22123_/Y
 _22124_/Y
 _22125_/Y
 _22126_/Y
 _22127_/Y
 _22128_/Y
 _22129_/Y
 _22130_/Y
 _22131_/Y
 _22132_/Y
 _22133_/Y
 _22134_/Y
 _22135_/Y
 _22136_/Y
 _22137_/Y
 _22138_/Y
 _22139_/Y
 _22140_/Y
 _22141_/Y
 _22142_/Y
 _22143_/Y
 _22144_/Y
 _22145_/Y
 _22146_/Y
 _22147_/Y
 _22148_/Y
 _22149_/Y
 _22150_/Y
 _22151_/Y
 _22152_/Y
 _22153_/Y
 _22154_/Y
 _22155_/Y
 _22156_/Y
 _22157_/Y
 _22158_/Y
 _22159_/Y
 _22160_/Y
 _22161_/Y
 _22162_/Y
 _22163_/Y
 _22164_/Y
 _22165_/Y
 _22166_/Y
 _22167_/Y
 _22168_/Y
 _22169_/Y
 _22170_/Y
 _22171_/Y
 _22172_/Y
 _22173_/Y
 _22174_/Y
 _22175_/Y
 _22176_/Y
 _22177_/Y
 _22178_/Y
 _22179_/Y
 _22180_/Y
 _22181_/Y
 _22182_/Y
 _22183_/Y
 _22184_/Y
 _22185_/Y
 _22186_/Y
 _22187_/Y
 _22188_/Y
 _22189_/Y
 _22190_/Y
 _22191_/Y
 _22192_/Y
 _22193_/Y
 _22194_/Y
 _22195_/Y
 _22196_/Y
 _22197_/Y
 _22198_/Y
 _22199_/Y
 _22200_/Y
 _22201_/Y
 _22202_/Y
 _22203_/Y
 _22204_/Y
 _22205_/Y
 _22206_/Y
 _22207_/Y
 _22208_/Y
 _22209_/Y
 _22210_/Y
 _22211_/Y
 _22212_/Y
 _22213_/Y
 _22214_/X
 _22215_/X
 _22216_/X
 _22217_/X
 _22218_/X
 _22219_/X
 _22220_/X
 _22221_/X
 _22222_/X
 _22223_/X
 _22224_/X
 _22225_/X
 _22226_/X
 _22227_/X
 _22228_/X
 _22229_/X
 _22230_/X
 _22231_/X
 _22232_/X
 _22233_/X
 _22234_/X
 _22235_/X
 _22236_/X
 _22237_/X
 _22238_/X
 _22239_/X
 _22240_/X
 _22241_/X
 _22242_/X
 _22243_/X
 _22244_/X
 _22245_/X
 _22246_/X
 _22247_/X
 _22248_/X
 _22249_/X
 _22250_/X
 _22251_/X
 _22252_/X
 _22253_/X
 _22254_/X
 _22255_/X
 _22256_/X
 _22257_/X
 _22258_/X
 _22259_/X
 _22260_/X
 _22261_/X
 _22262_/X
 _22263_/X
 _22264_/X
 _22265_/X
 _22266_/X
 _22267_/X
 _22268_/X
 _22269_/X
 _22270_/X
 _22271_/X
 _22272_/X
 _22273_/X
 _22274_/X
 _22275_/X
 _22276_/X
 _22277_/X
 _22278_/X
 _22279_/X
 _22280_/X
 _22281_/X
 _22282_/X
 _22283_/X
 _22284_/X
 _22285_/X
 _22286_/X
 _22287_/X
 _22288_/X
 _22289_/X
 _22290_/X
 _22291_/X
 _22292_/X
 _22293_/X
 _22294_/X
 _22295_/X
 _22296_/X
 _22297_/X
 _22298_/X
 _22299_/X
 _22300_/X
 _22301_/X
 _22302_/X
 _22303_/X
 _22304_/X
 _22305_/X
 _22306_/X
 _22307_/X
 _22308_/X
 _22309_/X
 _22310_/X
 _22311_/X
 _22312_/X
 _22313_/X
 _22314_/X
 _22315_/X
 _22316_/X
 _22317_/X
 _22318_/X
 _22319_/X
 _22320_/X
 _22321_/X
 _22322_/X
 _22323_/X
 _22324_/X
 _22325_/X
 _22326_/X
 _22327_/X
 _22328_/X
 _22329_/X
 _22330_/X
 _22331_/X
 _22332_/X
 _22333_/X
 _22334_/X
 _22335_/X
 _22336_/X
 _22337_/X
 _22338_/X
 _22339_/X
 _22340_/X
 _22341_/X
 _22342_/X
 _22343_/X
 _22344_/X
 _22345_/X
 _22346_/X
 _22347_/X
 _22348_/X
 _22349_/X
 _22350_/X
 _22351_/X
 _22352_/X
 _22353_/X
 _22354_/X
 _22355_/X
 _22356_/X
 _22357_/X
 _22358_/X
 _22359_/X
 _22360_/X
 _22361_/X
 _22362_/X
 _22363_/X
 _22364_/X
 _22365_/X
 _22366_/X
 _22367_/X
 _22368_/X
 _22369_/X
 _22370_/X
 _22371_/X
 _22372_/X
 _22373_/X
 _22374_/X
 _22375_/X
 _22376_/X
 _22377_/X
 _22378_/X
 _22379_/X
 _22380_/X
 _22381_/X
 _22382_/X
 _22383_/X
 _22384_/X
 _22385_/X
 _22386_/X
 _22387_/X
 _22388_/X
 _22389_/X
 _22390_/X
 _22391_/X
 _22392_/X
 _22393_/X
 _22394_/X
 _22395_/X
 _22396_/X
 _22397_/X
 _22398_/X
 _22399_/X
 _22400_/X
 _22401_/X
 _22402_/X
 _22403_/X
 _22404_/X
 _22405_/X
 _22406_/X
 _22407_/X
 _22408_/X
 _22409_/X
 _22410_/X
 _22411_/X
 _22412_/X
 _22413_/X
 _22414_/X
 _22415_/X
 _22416_/X
 _22417_/X
 _22418_/X
 _22419_/X
 _22420_/X
 _22421_/X
 _22422_/X
 _22423_/X
 _22424_/X
 _22425_/X
 _22426_/X
 _22427_/X
 _22428_/X
 _22429_/X
 _22430_/X
 _22431_/X
 _22432_/X
 _22433_/X
 _22434_/X
 _22435_/X
 _22436_/X
 _22437_/X
 _22438_/X
 _22439_/X
 _22440_/X
 _22441_/X
 _22442_/X
 _22443_/X
 _22444_/X
 _22445_/X
 _22446_/X
 _22447_/X
 _22448_/X
 _22449_/X
 _22450_/X
 _22451_/X
 _22452_/X
 _22453_/X
 _22454_/X
 _22455_/X
 _22456_/X
 _22457_/X
 _22458_/X
 _22459_/X
 _22460_/X
 _22461_/X
 _22462_/X
 _22463_/X
 _22464_/X
 _22465_/X
 _22466_/X
 _22467_/X
 _22468_/X
 _22469_/X
 _22470_/X
 _22471_/X
 _22472_/X
 _22473_/X
 _22474_/X
 _22475_/X
 _22476_/X
 _22477_/X
 _22478_/X
 _22479_/X
 _22480_/X
 _22481_/X
 _22482_/X
 _22483_/X
 _22484_/X
 _22485_/X
 _22486_/X
 _22487_/X
 _22488_/X
 _22489_/X
 _22490_/X
 _22491_/X
 _22492_/X
 _22493_/X
 _22494_/X
 _22495_/X
 _22496_/X
 _22497_/X
 _22498_/X
 _22499_/X
 _22500_/X
 _22501_/X
 _22502_/X
 _22503_/X
 _22504_/X
 _22505_/X
 _22506_/X
 _22507_/X
 _22508_/X
 _22509_/X
 _22510_/X
 _22511_/X
 _22512_/X
 _22513_/X
 _22514_/X
 _22515_/X
 _22516_/X
 _22517_/X
 _22518_/X
 _22519_/X
 _22520_/X
 _22521_/X
 _22522_/X
 _22523_/X
 _22524_/X
 _22525_/X
 _22526_/X
 _22527_/X
 _22528_/X
 _22529_/X
 _22530_/X
 _22531_/X
 _22532_/X
 _22533_/X
 _22534_/X
 _22535_/X
 _22536_/X
 _22537_/X
 _22538_/X
 _22539_/X
 _22540_/X
 _22541_/X
 _22542_/X
 _22543_/X
 _22544_/X
 _22545_/X
 _22546_/X
 _22547_/X
 _22548_/X
 _22549_/X
 _22550_/X
 _22551_/X
 _22552_/X
 _22553_/X
 _22554_/X
 _22555_/X
 _22556_/X
 _22557_/X
 _22558_/X
 _22559_/X
 _22560_/X
 _22561_/X
 _22562_/X
 _22563_/X
 _22564_/X
 _22565_/X
 _22566_/X
 _22567_/X
 _22568_/X
 _22569_/X
 _22570_/X
 _22571_/X
 _22572_/X
 _22573_/X
 _22574_/X
 _22575_/X
 _22576_/X
 _22577_/X
 _22578_/X
 _22579_/X
 _22580_/X
 _22581_/X
 _22582_/X
 _22583_/X
 _22584_/X
 _22585_/X
 _22586_/X
 _22587_/X
 _22588_/X
 _22589_/X
 _22590_/X
 _22591_/X
 _22592_/X
 _22593_/X
 _22594_/X
 _22595_/X
 _22596_/X
 _22597_/X
 _22598_/X
 _22599_/X
 _22600_/X
 _22601_/X
 _22602_/X
 _22603_/X
 _22604_/X
 _22605_/X
 _22606_/X
 _22607_/X
 _22608_/X
 _22609_/X
 _22610_/X
 _22611_/X
 _22612_/X
 _22613_/X
 _22614_/X
 _22615_/X
 _22616_/X
 _22617_/X
 _22618_/X
 _22619_/X
 _22620_/X
 _22621_/X
 _22622_/X
 _22623_/X
 _22624_/X
 _22625_/X
 _22626_/X
 _22627_/X
 _22628_/X
 _22629_/X
 _22630_/X
 _22631_/X
 _22632_/X
 _22633_/X
 _22634_/X
 _22635_/X
 _22636_/X
 _22637_/X
 _22638_/X
 _22639_/X
 _22640_/X
 _22641_/X
 _22642_/X
 _22643_/X
 _22644_/X
 _22645_/X
 _22646_/X
 _22647_/X
 _22648_/X
 _22649_/X
 _22650_/X
 _22651_/X
 _22652_/X
 _22653_/X
 _22654_/X
 _22655_/X
 _22656_/X
 _22657_/X
 _22658_/X
 _22659_/X
 _22660_/X
 _22661_/X
 _22662_/X
 _22663_/X
 _22664_/X
 _22665_/X
 _22666_/X
 _22667_/X
 _22668_/X
 _22669_/X
 _22670_/X
 _22671_/X
 _22672_/X
 _22673_/X
 _22674_/X
 _22675_/X
 _22676_/X
 _22677_/X
 _22678_/X
 _22679_/X
 _22680_/X
 _22681_/X
 _22682_/X
 _22683_/X
 _22684_/X
 _22685_/X
 _22686_/X
 _22687_/X
 _22688_/X
 _22689_/X
 _22690_/X
 _22691_/X
 _22692_/X
 _22693_/X
 _22694_/X
 _22695_/X
 _22696_/X
 _22697_/X
 _22698_/X
 _22699_/X
 _22700_/X
 _22701_/X
 _22702_/X
 _22703_/X
 _22704_/X
 _22705_/X
 _22706_/X
 _22707_/X
 _22708_/X
 _22709_/X
 _22710_/X
 _22711_/X
 _22712_/X
 _22713_/X
 _22714_/X
 _22715_/X
 _22716_/X
 _22717_/X
 _22718_/X
 _22719_/X
 _22720_/X
 _22721_/X
 _22722_/X
 _22723_/X
 _22724_/X
 _22725_/X
 _22726_/X
 _22727_/X
 _22728_/X
 _22729_/X
 _22730_/X
 _22731_/X
 _22732_/X
 _22733_/X
 _22734_/X
 _22735_/X
 _22736_/X
 _22737_/X
 _22738_/X
 _22739_/X
 _22740_/X
 _22741_/X
 _22742_/X
 _22743_/X
 _22744_/X
 _22745_/X
 _22746_/X
 _22747_/X
 _22748_/X
 _22749_/X
 _22750_/X
 _22751_/X
 _22752_/X
 _22753_/X
 _22754_/X
 _22755_/X
 _22756_/X
 _22757_/X
 _22758_/X
 _22759_/X
 _22760_/X
 _22761_/X
 _22762_/X
 _22763_/X
 _22764_/X
 _22765_/X
 _22766_/X
 _22767_/X
 _22768_/X
 _22769_/X
 _22770_/X
 _22771_/X
 _22772_/X
 _22773_/X
 _22774_/X
 _22775_/X
 _22776_/X
 _22777_/X
 _22778_/X
 _22779_/X
 _22780_/X
 _22781_/X
 _22782_/X
 _22783_/X
 _22784_/X
 _22785_/X
 _22786_/X
 _22787_/X
 _22788_/X
 _22789_/X
 _22790_/X
 _22791_/X
 _22792_/X
 _22793_/X
 _22794_/X
 _22795_/X
 _22796_/X
 _22797_/X
 _22798_/X
 _22799_/X
 _22800_/X
 _22801_/X
 _22802_/X
 _22803_/X
 _22804_/X
 _22805_/X
 _22806_/X
 _22807_/X
 _22808_/X
 _22809_/X
 _22810_/X
 _22811_/X
 _22812_/X
 _22813_/X
 _22814_/X
 _22815_/X
 _22816_/X
 _22817_/X
 _22818_/X
 _22819_/X
 _22820_/X
 _22821_/X
 _22822_/X
 _22823_/X
 _22824_/X
 _22825_/X
 _22826_/X
 _22827_/X
 _22828_/X
 _22829_/X
 _22830_/X
 _22831_/X
 _22832_/X
 _22833_/X
 _22834_/X
 _22835_/X
 _22836_/X
 _22837_/X
 _22838_/X
 _22839_/X
 _22840_/X
 _22841_/X
 _22842_/X
 _22843_/X
 _22844_/X
 _22845_/X
 _22846_/X
 _22847_/X
 _22848_/X
 _22849_/X
 _22850_/X
 _22851_/X
 _22852_/X
 _22853_/X
 _22854_/X
 _22855_/X
 _22856_/X
 _22857_/X
 _22858_/X
 _22859_/X
 _22860_/X
 _22861_/X
 _22862_/X
 _22863_/X
 _22864_/X
 _22865_/X
 _22866_/X
 _22867_/X
 _22868_/X
 _22869_/X
 _22870_/X
 _22871_/X
 _22872_/X
 _22873_/X
 _22874_/X
 _22875_/X
 _22876_/X
 _22877_/X
 _22878_/X
 _22879_/X
 _22880_/X
 _22881_/X
 _22882_/X
 _22883_/X
 _22884_/X
 _22885_/X
 _22886_/X
 _22887_/X
 _22888_/X
 _22889_/X
 _22890_/X
 _22891_/X
 _22892_/X
 _22893_/X
 _22894_/X
 _22895_/X
 _22896_/X
 _22897_/X
 _22898_/X
 _22899_/X
 _22900_/X
 _22901_/X
 _22902_/X
 _22903_/X
 _22904_/X
 _22905_/X
 _22906_/X
 _22907_/X
 _22908_/X
 _22909_/X
 _22910_/X
 _22911_/X
 _22912_/X
 _22913_/X
 _22914_/X
 _22915_/X
 _22916_/X
 _22917_/X
 _22918_/X
 _22919_/X
 _22920_/X
 _22921_/X
 _22922_/X
 _22923_/X
 _22924_/X
 _22925_/X
 _22926_/X
 _22927_/X
 _22928_/X
 _22929_/X
 _22930_/X
 _22931_/X
 _22932_/X
 _22933_/X
 _22934_/X
 _22935_/X
 _22936_/X
 _22937_/X
 _22938_/X
 _22939_/X
 _22940_/X
 _22941_/X
 _22942_/X
 _22943_/X
 _22944_/X
 _22945_/X
 _22946_/X
 _22947_/X
 _22948_/X
 _22949_/X
 _22950_/X
 _22951_/X
 _22952_/X
 _22953_/X
 _22954_/X
 _22955_/X
 _22956_/X
 _22957_/X
 _22958_/X
 _22959_/X
 _22960_/X
 _22961_/X
 _22962_/X
 _22963_/X
 _22964_/X
 _22965_/X
 _22966_/X
 _22967_/X
 _22968_/X
 _22969_/X
 _22970_/X
 _22971_/X
 _22972_/X
 _22973_/X
 _22974_/X
 _22975_/X
 _22976_/X
 _22977_/X
 _22978_/X
 _22979_/X
 _22980_/X
 _22981_/X
 _22982_/X
 _22983_/X
 _22984_/X
 _22985_/X
 _22986_/X
 _22987_/X
 _22988_/X
 _22989_/X
 _22990_/X
 _22991_/X
 _22992_/X
 _22993_/X
 _22994_/X
 _22995_/X
 _22996_/X
 _22997_/X
 _22998_/X
 _22999_/X
 _23000_/X
 _23001_/X
 _23002_/X
 _23003_/X
 _23004_/X
 _23005_/X
 _23006_/X
 _23007_/X
 _23008_/X
 _23009_/X
 _23010_/X
 _23011_/X
 _23012_/X
 _23013_/X
 _23014_/X
 _23015_/X
 _23016_/X
 _23017_/X
 _23018_/X
 _23019_/X
 _23020_/X
 _23021_/X
 _23022_/X
 _23023_/X
 _23024_/X
 _23025_/X
 _23026_/X
 _23027_/X
 _23028_/X
 _23029_/X
 _23030_/X
 _23031_/X
 _23032_/X
 _23033_/X
 _23034_/X
 _23035_/X
 _23036_/X
 _23037_/X
 _23038_/X
 _23039_/X
 _23040_/X
 _23041_/X
 _23042_/X
 _23043_/X
 _23044_/X
 _23045_/X
 _23046_/X
 _23047_/X
 _23048_/X
 _23049_/X
 _23050_/X
 _23051_/X
 _23052_/X
 _23053_/X
 _23054_/X
 _23055_/X
 _23056_/X
 _23057_/X
 _23058_/X
 _23059_/X
 _23060_/X
 _23061_/X
 _23062_/X
 _23063_/X
 _23064_/X
 _23065_/X
 _23066_/X
 _23067_/X
 _23068_/X
 _23069_/X
 _23070_/X
 _23071_/X
 _23072_/X
 _23073_/X
 _23074_/X
 _23075_/X
 _23076_/X
 _23077_/X
 _23078_/X
 _23079_/X
 _23080_/X
 _23081_/X
 _23082_/X
 _23083_/X
 _23084_/X
 _23085_/X
 _23086_/X
 _23087_/X
 _23088_/X
 _23089_/X
 _23090_/X
 _23091_/X
 _23092_/X
 _23093_/X
 _23094_/X
 _23095_/X
 _23096_/X
 _23097_/X
 _23098_/X
 _23099_/X
 _23100_/X
 _23101_/X
 _23102_/X
 _23103_/X
 _23104_/X
 _23105_/X
 _23106_/X
 _23107_/X
 _23108_/X
 _23109_/X
 _23110_/X
 _23111_/X
 _23112_/X
 _23113_/X
 _23114_/X
 _23115_/X
 _23116_/X
 _23117_/X
 _23118_/X
 _23119_/X
 _23120_/X
 _23121_/X
 _23122_/X
 _23123_/X
 _23124_/X
 _23125_/X
 _23126_/X
 _23127_/X
 _23128_/X
 _23129_/X
 _23130_/X
 _23131_/X
 _23132_/X
 _23133_/X
 _23134_/X
 _23135_/X
 _23136_/X
 _23137_/X
 _23138_/X
 _23139_/X
 _23140_/X
 _23141_/X
 _23142_/X
 _23143_/X
 _23144_/X
 _23145_/X
 _23146_/X
 _23147_/X
 _23148_/X
 _23149_/X
 _23150_/X
 _23151_/X
 _23152_/X
 _23153_/X
 _23154_/X
 _23155_/X
 _23156_/X
 _23157_/X
 _23158_/X
 _23159_/X
 _23160_/X
 _23161_/X
 _23162_/X
 _23163_/X
 _23164_/X
 _23165_/X
 _23166_/X
 _23167_/X
 _23168_/X
 _23169_/X
 _23170_/X
 _23171_/X
 _23172_/X
 _23173_/X
 _23174_/X
 _23175_/X
 _23176_/X
 _23177_/X
 _23178_/X
 _23179_/X
 _23180_/X
 _23181_/X
 _23182_/X
 _23183_/X
 _23184_/X
 _23185_/X
 _23186_/X
 _23187_/X
 _23188_/X
 _23189_/X
 _23190_/X
 _23191_/X
 _23192_/X
 _23193_/X
 _23194_/X
 _23195_/X
 _23196_/X
 _23197_/X
 _23198_/X
 _23199_/X
 _23200_/X
 _23201_/X
 _23202_/X
 _23203_/X
 _23204_/X
 _23205_/X
 _23206_/X
 _23207_/X
 _23208_/X
 _23209_/X
 _23210_/X
 _23211_/X
 _23212_/X
 _23213_/X
 _23214_/X
 _23215_/X
 _23216_/X
 _23217_/X
 _23218_/X
 _23219_/X
 _23220_/X
 _23221_/X
 _23222_/X
 _23223_/X
 _23224_/X
 _23225_/X
 _23226_/X
 _23227_/X
 _23228_/X
 _23229_/X
 _23230_/X
 _23231_/X
 _23232_/X
 _23233_/X
 _23234_/X
 _23235_/X
 _23236_/X
 _23237_/X
 _23238_/X
 _23239_/X
 _23240_/X
 _23241_/X
 _23242_/X
 _23243_/X
 _23244_/X
 _23245_/X
 _23246_/X
 _23247_/X
 _23248_/X
 _23249_/X
 _23250_/X
 _23251_/X
 _23252_/X
 _23253_/X
 _23254_/X
 _23255_/X
 _23256_/X
 _23257_/X
 _23258_/X
 _23259_/X
 _23260_/X
 _23261_/X
 _23262_/X
 _23263_/X
 _23264_/X
 _23265_/X
 _23266_/X
 _23267_/X
 _23268_/X
 _23269_/X
 _23270_/X
 _23271_/X
 _23272_/X
 _23273_/X
 _23274_/X
 _23275_/X
 _23276_/X
 _23277_/X
 _23278_/X
 _23279_/X
 _23280_/X
 _23281_/X
 _23282_/X
 _23283_/X
 _23284_/X
 _23285_/X
 _23286_/X
 _23287_/X
 _23288_/X
 _23289_/X
 _23290_/X
 _23291_/X
 _23292_/X
 _23293_/X
 _23294_/X
 _23295_/X
 _23296_/X
 _23297_/X
 _23298_/X
 _23299_/X
 _23300_/X
 _23301_/X
 _23302_/X
 _23303_/X
 _23304_/X
 _23305_/X
 _23306_/X
 _23307_/X
 _23308_/X
 _23309_/X
 _23310_/X
 _23311_/X
 _23312_/X
 _23313_/X
 _23314_/X
 _23315_/X
 _23316_/X
 _23317_/X
 _23318_/X
 _23319_/X
 _23320_/X
 _23321_/X
 _23322_/X
 _23323_/X
 _23324_/X
 _23325_/X
 _23326_/X
 _23327_/X
 _23328_/X
 _23329_/X
 _23330_/X
 _23331_/X
 _23332_/X
 _23333_/X
 _23334_/X
 _23335_/X
 _23336_/X
 _23337_/X
 _23338_/X
 _23339_/X
 _23340_/X
 _23341_/X
 _23342_/X
 _23343_/X
 _23344_/X
 _23345_/X
 _23346_/X
 _23347_/X
 _23348_/X
 _23349_/X
 _23350_/X
 _23351_/X
 _23352_/X
 _23353_/X
 _23354_/X
 _23355_/X
 _23356_/X
 _23357_/X
 _23358_/X
 _23359_/X
 _23360_/X
 _23361_/X
 _23362_/X
 _23363_/X
 _23364_/X
 _23365_/X
 _23366_/X
 _23367_/X
 _23368_/X
 _23369_/X
 _23370_/X
 _23371_/X
 _23372_/X
 _23373_/X
 _23374_/X
 _23375_/X
 _23376_/X
 _23377_/X
 _23378_/X
 _23379_/X
 _23380_/X
 _23381_/X
 _23382_/X
 _23383_/X
 _23384_/X
 _23385_/X
 _23386_/X
 _23387_/X
 _23388_/X
 _23389_/X
 _23390_/X
 _23391_/X
 _23392_/X
 _23393_/X
 _23394_/X
 _23395_/X
 _23396_/X
 _23397_/X
 _23398_/X
 _23399_/X
 _23400_/X
 _23401_/X
 _23402_/X
 _23403_/X
 _23404_/X
 _23405_/X
 _23406_/X
 _23407_/X
 _23408_/X
 _23409_/X
 _23410_/X
 _23411_/X
 _23412_/X
 _23413_/X
 _23414_/X
 _23415_/X
 _23416_/X
 _23417_/X
 _23418_/X
 _23419_/X
 _23420_/X
 _23421_/X
 _23422_/X
 _23423_/X
 _23424_/X
 _23425_/X
 _23426_/X
 _23427_/X
 _23428_/X
 _23429_/X
 _23430_/X
 _23431_/X
 _23432_/X
 _23433_/X
 _23434_/X
 _23435_/X
 _23436_/X
 _23437_/X
 _23438_/X
 _23439_/X
 _23440_/X
 _23441_/X
 _23442_/X
 _23443_/X
 _23444_/X
 _23445_/X
 _23446_/X
 _23447_/X
 _23448_/X
 _23449_/X
 _23450_/X
 _23451_/X
 _23452_/X
 _23453_/X
 _23454_/X
 _23455_/X
 _23456_/X
 _23457_/X
 _23458_/X
 _23459_/X
 _23460_/X
 _23461_/X
 _23462_/X
 _23463_/X
 _23464_/X
 _23465_/X
 _23466_/X
 _23467_/X
 _23468_/X
 _23469_/X
 _23470_/X
 _23471_/X
 _23472_/X
 _23473_/X
 _23474_/X
 _23475_/X
 _23476_/X
 _23477_/X
 _23478_/X
 _23479_/X
 _23480_/X
 _23481_/X
 _23482_/X
 _23483_/X
 _23484_/X
 _23485_/X
 _23486_/X
 _23487_/X
 _23488_/X
 _23489_/X
 _23490_/X
 _23491_/X
 _23492_/X
 _23493_/X
 _23494_/X
 _23495_/X
 _23496_/X
 _23497_/X
 _23498_/X
 _23499_/X
 _23500_/X
 _23501_/X
 _23502_/X
 _23503_/X
 _23504_/X
 _23505_/X
 _23506_/X
 _23507_/X
 _23508_/X
 _23509_/X
 _23510_/X
 _23511_/X
 _23512_/X
 _23513_/X
 _23514_/X
 _23515_/X
 _23516_/X
 _23517_/X
 _23518_/X
 _23519_/X
 _23520_/X
 _23521_/X
 _23522_/X
 _23523_/X
 _23524_/X
 _23525_/X
 _23526_/X
 _23527_/X
 _23528_/X
 _23529_/X
 _23530_/X
 _23531_/X
 _23532_/X
 _23533_/X
 _23534_/X
 _23535_/X
 _23536_/X
 _23537_/X
 _23538_/X
 _23539_/X
 _23540_/X
 _23541_/X
 _23542_/X
 _23543_/X
 _23544_/X
 _23545_/X
 _23546_/X
 _23547_/X
 _23548_/X
 _23549_/X
 _23550_/X
 _23551_/X
 _23552_/X
 _23553_/X
 _23554_/X
 _23555_/X
 _23556_/X
 _23557_/X
 _23558_/X
 _23559_/X
 _23560_/X
 _23561_/X
 _23562_/X
 _23563_/X
 _23564_/X
 _23565_/X
 _23566_/X
 _23567_/X
 _23568_/X
 _23569_/X
 _23570_/X
 _23571_/X
 _23572_/X
 _23573_/X
 _23574_/X
 _23575_/X
 _23576_/X
 _23577_/X
 _23578_/X
 _23579_/X
 _23580_/X
 _23581_/X
 _23582_/X
 _23583_/X
 _23584_/X
 _23585_/X
 _23586_/X
 _23587_/X
 _23588_/X
 _23589_/X
 _23590_/X
 _23591_/X
 _23592_/X
 _23593_/X
 _23594_/X
 _23595_/X
 _23596_/X
 _23597_/X
 _23598_/X
 _23599_/X
 _23600_/X
 _23601_/X
 _23602_/X
 _23603_/X
 _23604_/X
 _23605_/X
 _23606_/X
 _23607_/X
 _23608_/X
 _23609_/X
 _23610_/X
 _23611_/X
 _23612_/X
 _23613_/X
 _23614_/X
 _23615_/X
 _23616_/X
 _23617_/X
 _23618_/X
 _23619_/X
 _23620_/X
 _23621_/X
 _23622_/X
 _23623_/X
 _23624_/X
 _23625_/X
 _23626_/X
 _23627_/X
 _23628_/X
 _23629_/X
 _23630_/X
 _23631_/X
 _23632_/X
 _23633_/X
 _23634_/X
 _23635_/X
 _23636_/X
 _23637_/X
 _23638_/X
 _23639_/X
 _23640_/X
 _23641_/X
 _23642_/X
 _23643_/X
 _23644_/X
 _23645_/X
 _23646_/X
 _23647_/X
 _23648_/X
 _23649_/X
 _23650_/X
 _23651_/X
 _23652_/X
 _23653_/X
 _23654_/X
 _23655_/X
 _23656_/X
 _23657_/X
 _23658_/X
 _23659_/X
 _23660_/X
 _23661_/X
 _23662_/X
 _23663_/X
 _23664_/X
 _23665_/X
 _23666_/X
 _23667_/X
 _23668_/X
 _23669_/X
 _23670_/X
 _23671_/X
 _23672_/X
 _23673_/X
 _23674_/X
 _23675_/X
 _23676_/X
 _23677_/X
 _23678_/X
 _23679_/X
 _23680_/X
 _23681_/X
 _23682_/X
 _23683_/X
 _23684_/X
 _23685_/X
 _23686_/X
 _23687_/X
 _23688_/X
 _23689_/X
 _23690_/X
 _23691_/X
 _23692_/X
 _23693_/X
 _23694_/X
 _23695_/X
 _23696_/X
 _23697_/X
 _23698_/X
 _23699_/X
 _23700_/X
 _23701_/X
 _23702_/X
 _23703_/X
 _23704_/X
 _23705_/X
 _23706_/X
 _23707_/X
 _23708_/X
 _23709_/X
 _23710_/X
 _23711_/X
 _23712_/X
 _23713_/X
 _23714_/X
 _23715_/X
 _23716_/X
 _23717_/X
 _23718_/X
 _23719_/X
 _23720_/X
 _23721_/X
 _23722_/X
 _23723_/X
 _23724_/X
 _23725_/X
 _23726_/X
 _23727_/X
 _23728_/X
 _23729_/X
 _23730_/X
 _23731_/X
 _23732_/X
 _23733_/X
 _23734_/X
 _23735_/X
 _23736_/X
 _23737_/X
 _23738_/X
 _23739_/X
 _23740_/X
 _23741_/X
 _23742_/X
 _23743_/X
 _23744_/X
 _23745_/X
 _23746_/X
 _23747_/X
 _23748_/X
 _23749_/X
 _23750_/X
 _23751_/X
 _23752_/X
 _23753_/X
 _23754_/X
 _23755_/X
 _23756_/X
 _23757_/X
 _23758_/X
 _23759_/X
 _23760_/X
 _23761_/X
 _23762_/X
 _23763_/X
 _23764_/X
 _23765_/X
 _23766_/X
 _23767_/X
 _23768_/X
 _23769_/X
 _23770_/X
 _23771_/X
 _23772_/X
 _23773_/X
 _23774_/X
 _23775_/X
 _23776_/X
 _23777_/X
 _23778_/X
 _23779_/X
 _23780_/X
 _23781_/X
 _23782_/X
 _23783_/X
 _23784_/X
 _23785_/X
 _23786_/X
 _23787_/X
 _23788_/X
 _23789_/X
 _23790_/X
 _23791_/X
 _23792_/X
 _23793_/X
 _23794_/X
 _23795_/X
 _23796_/X
 _23797_/X
 _23798_/X
 _23799_/X
 _23800_/X
 _23801_/X
 _23802_/X
 _23803_/X
 _23804_/X
 _23805_/X
 _23806_/X
 _23807_/X
 _23808_/X
 _23809_/X
 _23810_/X
 _23811_/X
 _23812_/X
 _23813_/X
 _23814_/X
 _23815_/X
 _23816_/X
 _23817_/X
 _23818_/X
 _23819_/X
 _23820_/X
 _23821_/X
 _23822_/X
 _23823_/X
 _23824_/X
 _23825_/X
 _23826_/X
 _23827_/X
 _23828_/X
 _23829_/X
 _23830_/X
 _23831_/X
 _23832_/X
 _23833_/X
 _23834_/X
 _23835_/X
 _23836_/X
 _23837_/X
 _23838_/X
 _23839_/X
 _23840_/X
 _23841_/X
 _23842_/X
 _23843_/X
 _23844_/X
 _23845_/X
 _23846_/X
 _23847_/X
 _23848_/X
 _23849_/X
 _23850_/X
 _23851_/X
 _23852_/X
 _23853_/X
 _23854_/X
 _23855_/X
 _23856_/X
 _23857_/X
 _23858_/X
 _23859_/X
 _23860_/X
 _23861_/X
 _23862_/X
 _23863_/X
 _23864_/X
 _23865_/X
 _23866_/X
 _23867_/X
 _23868_/X
 _23869_/X
 _23870_/X
 _23871_/X
 _23872_/X
 _23873_/X
 _23874_/X
 _23875_/X
 _23876_/X
 _23877_/X
 _23878_/X
 _23879_/X
 _23880_/X
 _23881_/X
 _23882_/X
 _23883_/X
 _23884_/X
 _23885_/X
 _23886_/X
 _23887_/X
 _23888_/X
 _23889_/X
 _23890_/X
 _23891_/X
 _23892_/X
 _23893_/X
 _23894_/X
 _23895_/X
 _23896_/X
 _23897_/X
 _23898_/X
 _23899_/X
 _23900_/X
 _23901_/X
 _23902_/X
 _23903_/X
 _23904_/X
 _23905_/X
 _23906_/X
 _23907_/X
 _23908_/X
 _23909_/X
 _23910_/X
 _23911_/X
 _23912_/X
 _23913_/X
 _23914_/X
 _23915_/X
 _23916_/X
 _23917_/X
 _23918_/X
 _23919_/X
 _23920_/X
 _23921_/X
 _23922_/X
 _23923_/X
 _23924_/X
 _23925_/X
 _23926_/X
 _23927_/X
 _23928_/X
 _23929_/X
 _23930_/X
 _23931_/X
 _23932_/X
 _23933_/X
 _23934_/X
 _23935_/X
 _23936_/X
 _23937_/X
 _23938_/X
 _23939_/X
 _23940_/X
 _23941_/X
 _23942_/X
 _23943_/X
 _23944_/X
 _23945_/X
 _23946_/X
 _23947_/X
 _23948_/X
 _23949_/X
 _23950_/X
 _23951_/X
 _23952_/X
 _23953_/X
 _23954_/X
 _23955_/X
 _23956_/X
 _23957_/X
 _23958_/X
 _23959_/X
 _23960_/X
 _23961_/X
 _23962_/X
 _23963_/X
 _23964_/X
 _23965_/X
 _23966_/X
 _23967_/X
 _23968_/X
 _23969_/X
 _23970_/X
 _23971_/X
 _23972_/X
 _23973_/X
 _23974_/X
 _23975_/X
 _23976_/X
 _23977_/X
 _23978_/X
 _23979_/X
 _23980_/X
 _23981_/X
 _23982_/X
 _23983_/X
 _23984_/X
 _23985_/X
 _23986_/X
 _23987_/X
 _23988_/X
 _23989_/X
 _23990_/X
 _23991_/X
 _23992_/X
 _23993_/X
 _23994_/X
 _23995_/X
 _23996_/X
 _23997_/X
 _23998_/X
 _23999_/X
 _24000_/X
 _24001_/X
 _24002_/X
 _24003_/X
 _24004_/X
 _24005_/X
 _24006_/X
 _24007_/X
 _24008_/X
 _24009_/X
 _24010_/X
 _24011_/X
 _24012_/X
 _24013_/X
 _24014_/X
 _24015_/X
 _24016_/X
 _24017_/X
 _24018_/X
 _24019_/X
 _24020_/X
 _24021_/X
 _24022_/X
 _24023_/X
 _24024_/X
 _24025_/X
 _24026_/X
 _24027_/X
 _24028_/X
 _24029_/X
 _24030_/X
 _24031_/X
 _24032_/X
 _24033_/X
 _24034_/X
 _24035_/X
 _24036_/X
 _24037_/X
 _24038_/X
 _24039_/X
 _24040_/X
 _24041_/X
 _24042_/X
 _24043_/X
 _24044_/X
 _24045_/X
 _24046_/X
 _24047_/X
 _24048_/X
 _24049_/X
 _24050_/X
 _24051_/X
 _24052_/X
 _24053_/X
 _24054_/X
 _24055_/X
 _24056_/X
 _24057_/X
 _24058_/X
 _24059_/X
 _24060_/X
 _24061_/X
 _24062_/X
 _24063_/X
 _24064_/X
 _24065_/X
 _24066_/X
 _24067_/X
 _24068_/X
 _24069_/X
 _24070_/X
 _24071_/X
 _24072_/X
 _24073_/X
 _24074_/X
 _24075_/X
 _24076_/X
 _24077_/X
 _24078_/X
 _24079_/X
 _24080_/X
 _24081_/X
 _24082_/X
 _24083_/X
 _24084_/X
 _24085_/X
 _24086_/X
 _24087_/X
 _24088_/X
 _24089_/X
 _24090_/X
 _24091_/X
 _24092_/X
 _24093_/X
 _24094_/X
 _24095_/X
 _24096_/X
 _24097_/X
 _24098_/X
 _24099_/X
 _24100_/X
 _24101_/X
 _24102_/X
 _24103_/X
 _24104_/X
 _24105_/X
 _24106_/X
 _24107_/X
 _24108_/X
 _24109_/X
 _24110_/X
 _24111_/X
 _24112_/X
 _24113_/X
 _24114_/X
 _24115_/X
 _24116_/X
 _24117_/X
 _24118_/X
 _24119_/X
 _24120_/X
 _24121_/X
 _24122_/X
 _24123_/X
 _24124_/X
 _24125_/X
 _24126_/X
 _24127_/X
 _24128_/X
 _24129_/X
 _24130_/X
 _24131_/X
 _24132_/X
 _24133_/X
 _24134_/X
 _24135_/X
 _24136_/X
 _24137_/X
 _24138_/X
 _24139_/X
 _24140_/X
 _24141_/X
 _24142_/X
 _24143_/X
 _24144_/X
 _24145_/X
 _24146_/X
 _24147_/X
 _24148_/X
 _24149_/X
 _24150_/X
 _24151_/X
 _24152_/X
 _24153_/X
 _24154_/X
 _24155_/X
 _24156_/X
 _24157_/X
 _24158_/X
 _24159_/X
 _24160_/X
 _24161_/X
 _24162_/X
 _24163_/X
 _24164_/X
 _24165_/X
 _24166_/X
 _24167_/X
 _24168_/X
 _24169_/X
 _24170_/X
 _24171_/X
 _24172_/X
 _24173_/X
 _24174_/X
 _24175_/X
 _24176_/X
 _24177_/X
 _24178_/X
 _24179_/X
 _24180_/X
 _24181_/X
 _24182_/X
 _24183_/X
 _24184_/X
 _24185_/X
 _24186_/X
 _24187_/X
 _24188_/X
 _24189_/X
 _24190_/X
 _24191_/X
 _24192_/X
 _24193_/X
 _24194_/X
 _24195_/X
 _24196_/X
 _24197_/X
 _24198_/X
 _24199_/X
 _24200_/X
 _24201_/X
 _24202_/X
 _24203_/X
 _24204_/X
 _24205_/X
 _24206_/X
 _24207_/X
 _24208_/X
 _24209_/X
 _24210_/X
 _24211_/X
 _24212_/X
 _24213_/X
 _24214_/X
 _24215_/X
 _24216_/X
 _24217_/X
 _24218_/X
 _24219_/X
 _24220_/X
 _24221_/X
 _24222_/X
 _24223_/X
 _24224_/X
 _24225_/X
 _24226_/X
 _24227_/X
 _24228_/X
 _24229_/X
 _24230_/X
 _24231_/X
 _24232_/X
 _24233_/X
 _24234_/X
 _24235_/X
 _24236_/X
 _24237_/X
 _24238_/X
 _24239_/X
 _24240_/X
 _24241_/X
 _24242_/X
 _24243_/X
 _24244_/X
 _24245_/X
 _24246_/X
 _24247_/X
 _24248_/X
 _24249_/X
 _24250_/X
 _24251_/X
 _24252_/X
 _24253_/X
 _24254_/X
 _24255_/X
 _24256_/X
 _24257_/X
 _24258_/X
 _24259_/X
 _24260_/X
 _24261_/X
 _24262_/X
 _24263_/X
 _24264_/X
 _24265_/X
 _24266_/X
 _24267_/X
 _24268_/X
 _24269_/X
 _24270_/X
 _24271_/X
 _24272_/X
 _24273_/X
 _24274_/X
 _24275_/X
 _24276_/X
 _24277_/X
 _24278_/X
 _24279_/X
 _24280_/X
 _24281_/X
 _24282_/X
 _24283_/X
 _24284_/X
 _24285_/X
 _24286_/X
 _24287_/X
 _24288_/X
 _24289_/X
 _24290_/X
 _24291_/X
 _24292_/X
 _24293_/X
 _24294_/X
 _24295_/X
 _24296_/X
 _24297_/X
 _24298_/X
 _24299_/X
 _24300_/X
 _24301_/X
 _24302_/X
 _24303_/X
 _24304_/X
 _24305_/X
 _24306_/X
 _24307_/X
 _24308_/X
 _24309_/X
 _24310_/X
 _24311_/X
 _24312_/X
 _24313_/X
 _24314_/X
 _24315_/X
 _24316_/X
 _24317_/X
 _24318_/X
 _24319_/X
 _24320_/X
 _24321_/X
 _24322_/X
 _24323_/X
 _24324_/X
 _24325_/X
 _24326_/X
 _24327_/X
 _24328_/X
 _24329_/X
 _24330_/X
 _24331_/X
 _24332_/X
 _24333_/X
 _24334_/X
 _24335_/X
 _24336_/X
 _24337_/X
 _24338_/X
 _24339_/X
 _24340_/X
 _24341_/X
 _24342_/X
 _24343_/X
 _24344_/X
 _24345_/X
 _24346_/X
 _24347_/X
 _24348_/X
 _24349_/X
 _24350_/X
 _24351_/X
 _24352_/X
 _24353_/X
 _24354_/X
 _24355_/X
 _24356_/X
 _24357_/X
 _24358_/X
 _24359_/X
 _24360_/X
 _24361_/X
 _24362_/X
 _24363_/X
 _24364_/X
 _24365_/X
 _24366_/X
 _24367_/X
 _24368_/X
 _24369_/X
 _24370_/X
 _24371_/X
 _24372_/X
 _24373_/X
 _24374_/X
 _24375_/X
 _24376_/X
 _24377_/X
 _24378_/X
 _24379_/X
 _24380_/X
 _24381_/X
 _24382_/X
 _24383_/X
 _24384_/X
 _24385_/X
 _24386_/X
 _24387_/X
 _24388_/X
 _24389_/X
 _24390_/X
 _24391_/X
 _24392_/X
 _24393_/X
 _24394_/X
 _24395_/X
 _24396_/X
 _24397_/X
 _24398_/X
 _24399_/X
 _24400_/X
 _24401_/X
 _24402_/X
 _24403_/X
 _24404_/X
 _24405_/X
 _24406_/X
 _24407_/X
 _24408_/X
 _24409_/X
 _24410_/X
 _24411_/X
 _24412_/X
 _24413_/X
 _24414_/X
 _24415_/X
 _24416_/X
 _24417_/X
 _24418_/X
 _24419_/X
 _24420_/X
 _24421_/X
 _24422_/X
 _24423_/X
 _24424_/X
 _24425_/X
 _24426_/X
 _24427_/X
 _24428_/X
 _24429_/X
 _24430_/X
 _24431_/X
 _24432_/X
 _24433_/X
 _24434_/X
 _24435_/X
 _24436_/X
 _24437_/X
 _24438_/X
 _24439_/X
 _24440_/X
 _24441_/X
 _24442_/X
 _24443_/X
 _24444_/X
 _24445_/X
 _24446_/X
 _24447_/X
 _24448_/X
 _24449_/X
 _24450_/X
 _24451_/X
 _24452_/X
 _24453_/X
 _24454_/X
 _24455_/X
 _24456_/X
 _24457_/X
 _24458_/X
 _24459_/X
 _24460_/X
 _24461_/X
 _24462_/X
 _24463_/X
 _24464_/X
 _24465_/X
 _24466_/X
 _24467_/X
 _24468_/X
 _24469_/X
 _24470_/X
 _24471_/X
 _24472_/X
 _24473_/X
 _24474_/X
 _24475_/X
 _24476_/X
 _24477_/X
 _24478_/X
 _24479_/X
 _24480_/X
 _24481_/X
 _24482_/X
 _24483_/X
 _24484_/X
 _24485_/X
 _24486_/X
 _24487_/X
 _24488_/X
 _24489_/X
 _24490_/X
 _24491_/X
 _24492_/X
 _24493_/X
 _24494_/X
 _24495_/X
 _24496_/X
 _24497_/X
 _24498_/X
 _24499_/X
 _24500_/X
 _24501_/X
 _24502_/X
 _24503_/X
 _24504_/X
 _24505_/X
 _24506_/X
 _24507_/X
 _24508_/X
 _24509_/X
 _24510_/X
 _24511_/X
 _24512_/X
 _24513_/X
 _24514_/X
 _24515_/X
 _24516_/X
 _24517_/X
 _24518_/X
 _24519_/X
 _24520_/X
 _24521_/X
 _24522_/X
 _24523_/X
 _24524_/X
 _24525_/X
 _24526_/X
 _24527_/X
 _24528_/X
 _24529_/X
 _24530_/X
 _24531_/X
 _24532_/X
 _24533_/X
 _24534_/X
 _24535_/X
 _24536_/X
 _24537_/X
 _24538_/X
 _24539_/X
 _24540_/X
 _24541_/X
 _24542_/X
 _24543_/X
 _24544_/X
 _24545_/X
 _24546_/X
 _24547_/X
 _24548_/X
 _24549_/X
 _24550_/X
 _24551_/X
 _24552_/X
 _24553_/X
 _24554_/X
 _24555_/X
 _24556_/X
 _24557_/X
 _24558_/X
 _24559_/X
 _24560_/X
 _24561_/X
 _24562_/X
 _24563_/X
 _24564_/X
 _24565_/X
 _24566_/X
 _24567_/X
 _24568_/X
 _24569_/X
 _24570_/X
 _24571_/X
 _24572_/X
 _24573_/X
 _24574_/X
 _24575_/X
 _24576_/X
 _24577_/X
 _24578_/X
 _24579_/X
 _24580_/X
 _24581_/X
 _24582_/X
 _24583_/X
 _24584_/X
 _24585_/X
 _24586_/X
 _24587_/X
 _24588_/X
 _24589_/X
 _24590_/X
 _24591_/X
 _24592_/X
 _24593_/X
 _24594_/X
 _24595_/X
 _24596_/X
 _24597_/X
 _24598_/X
 _24599_/X
 _24600_/X
 _24601_/X
 _24602_/X
 _24603_/X
 _24604_/X
 _24605_/X
 _24606_/X
 _24607_/X
 _24608_/X
 _24609_/X
 _24610_/X
 _24611_/X
 _24612_/X
 _24613_/X
 _24614_/X
 _24615_/X
 _24616_/X
 _24617_/X
 _24618_/X
 _24619_/X
 _24620_/X
 _24621_/X
 _24622_/X
 _24623_/X
 _24624_/X
 _24625_/X
 _24626_/X
 _24627_/X
 _24628_/X
 _24629_/X
 _24630_/X
 _24631_/X
 _24632_/X
 _24633_/X
 _24634_/X
 _24635_/X
 _24636_/X
 _24637_/X
 _24638_/X
 _24639_/X
 _24640_/X
 _24641_/X
 _24642_/X
 _24643_/X
 _24644_/X
 _24645_/X
 _24646_/X
 _24647_/X
 _24648_/X
 _24649_/X
 _24650_/X
 _24651_/X
 _24652_/X
 _24653_/X
 _24654_/X
 _24655_/X
 _24656_/X
 _24657_/X
 _24658_/X
 _24659_/X
 _24660_/X
 _24661_/X
 _24662_/X
 _24663_/X
 _24664_/X
 _24665_/X
 _24666_/X
 _24667_/X
 _24668_/X
 _24669_/X
 _24670_/X
 _24671_/X
 _24672_/X
 _24673_/X
 _24674_/X
 _24675_/X
 _24676_/X
 _24677_/X
 _24678_/X
 _24679_/X
 _24680_/X
 _24681_/X
 _24682_/X
 _24683_/X
 _24684_/X
 _24685_/X
 _24686_/X
 _24687_/X
 _24688_/X
 _24689_/X
 _24690_/X
 _24691_/X
 _24692_/X
 _24693_/X
 _24694_/X
 _24695_/X
 _24696_/X
 _24697_/X
 _24698_/X
 _24699_/X
 _24700_/X
 _24701_/X
 _24702_/X
 _24703_/X
 _24704_/X
 _24705_/X
 _24706_/X
 _24707_/X
 _24708_/X
 _24709_/X
 _24710_/X
 _24711_/X
 _24712_/X
 _24713_/X
 _24714_/X
 _24715_/X
 _24716_/X
 _24717_/X
 _24718_/X
 _24719_/X
 _24720_/X
 _24721_/X
 _24722_/X
 _24723_/X
 _24724_/X
 _24725_/X
 _24726_/X
 _24727_/X
 _24728_/X
 _24729_/X
 _24730_/X
 _24731_/X
 _24732_/X
 _24733_/X
 _24734_/X
 _24735_/X
 _24736_/X
 _24737_/X
 _24738_/X
 _24739_/X
 _24740_/X
 _24741_/X
 _24742_/X
 _24743_/X
 _24744_/X
 _24745_/X
 _24746_/X
 _24747_/X
 _24748_/X
 _24749_/X
 _24750_/X
 _24751_/X
 _24752_/X
 _24753_/X
 _24754_/X
 _24755_/X
 _24756_/X
 _24757_/X
 _24758_/X
 _24759_/X
 _24760_/X
 _24761_/X
 _24762_/X
 _24763_/X
 _24764_/X
 _24765_/X
 _24766_/X
 _24767_/X
 _24768_/X
 _24769_/X
 _24770_/X
 _24771_/X
 _24772_/X
 _24773_/X
 _24774_/X
 _24775_/X
 _24776_/X
 _24777_/X
 _24778_/X
 _24779_/X
 _24780_/X
 _24781_/X
 _24782_/X
 _24783_/X
 _24784_/X
 _24785_/X
 _24786_/X
 _24787_/X
 _24788_/X
 _24789_/X
 _24790_/X
 _24791_/X
 _24792_/X
 _24793_/X
 _24794_/X
 _24795_/X
 _24796_/X
 _24797_/X
 _24798_/X
 _24799_/X
 _24800_/X
 _24801_/X
 _24802_/X
 _24803_/X
 _24804_/X
 _24805_/X
 _24806_/X
 _24807_/X
 _24808_/X
 _24809_/X
 _24810_/X
 _24811_/X
 _24812_/X
 _24813_/X
 _24814_/X
 _24815_/X
 _24816_/X
 _24817_/X
 _24818_/X
 _24819_/X
 _24820_/X
 _24821_/X
 _24822_/X
 _24823_/X
 _24824_/X
 _24825_/X
 _24826_/X
 _24827_/X
 _24828_/X
 _24829_/X
 _24830_/X
 _24831_/X
 _24832_/X
 _24833_/X
 _24834_/X
 _24835_/X
 _24836_/X
 _24837_/X
 _24838_/X
 _24839_/X
 _24840_/X
 _24841_/X
 _24842_/X
 _24843_/X
 _24844_/X
 _24845_/X
 _24846_/X
 _24847_/X
 _24848_/X
 _24849_/X
 _24850_/X
 _24851_/X
 _24852_/X
 _24853_/X
 _24854_/X
 _24855_/X
 _24856_/X
 _24857_/X
 _24858_/X
 _24859_/X
 _24860_/X
 _24861_/X
 _24862_/X
 _24863_/X
 _24864_/X
 _24865_/X
 _24866_/X
 _24867_/X
 _24868_/X
 _24869_/X
 _24870_/X
 _24871_/X
 _24872_/X
 _24873_/X
 _24874_/X
 _24875_/X
 _24876_/X
 _24877_/X
 _24878_/X
 _24879_/X
 _24880_/X
 _24881_/X
 _24882_/X
 _24883_/X
 _24884_/X
 _24885_/X
 _24886_/X
 _24887_/X
 _24888_/X
 _24889_/X
 _24890_/X
 _24891_/X
 _24892_/X
 _24893_/X
 _24894_/X
 _24895_/X
 _24896_/X
 _24897_/X
 _24898_/X
 _24899_/X
 _24900_/X
 _24901_/X
 _24902_/X
 _24903_/X
 _24904_/X
 _24905_/X
 _24906_/X
 _24907_/X
 _24908_/X
 _24909_/X
 _24910_/X
 _24911_/X
 _24912_/X
 _24913_/X
 _24914_/X
 _24915_/X
 _24916_/X
 _24917_/X
 _24918_/X
 _24919_/X
 _24920_/X
 _24921_/X
 _24922_/X
 _24923_/X
 _24924_/X
 _24925_/X
 _24926_/X
 _24927_/X
 _24928_/X
 _24929_/X
 _24930_/X
 _24931_/X
 _24932_/X
 _24933_/X
 _24934_/X
 _24935_/X
 _24936_/X
 _24937_/X
 _24938_/X
 _24939_/X
 _24940_/X
 _24941_/X
 _24942_/X
 _24943_/X
 _24944_/X
 _24945_/X
 _24946_/X
 _24947_/X
 _24948_/X
 _24949_/X
 _24950_/X
 _24951_/X
 _24952_/X
 _24953_/X
 _24954_/X
 _24955_/X
 _24956_/X
 _24957_/X
 _24958_/X
 _24959_/X
 _24960_/X
 _24961_/X
 _24962_/X
 _24963_/X
 _24964_/X
 _24965_/X
 _24966_/X
 _24967_/X
 _24968_/X
 _24969_/X
 _24970_/X
 _24971_/X
 _24972_/X
 _24973_/X
 _24974_/X
 _24975_/X
 _24976_/X
 _24977_/X
 _24978_/X
 _24979_/X
 _24980_/X
 _24981_/X
 _24982_/X
 _24983_/X
 _24984_/X
 _24985_/X
 _24986_/X
 _24987_/X
 _24988_/X
 _24989_/X
 _24990_/X
 _24991_/X
 _24992_/X
 _24993_/X
 _24994_/X
 _24995_/X
 _24996_/X
 _24997_/X
 _24998_/X
 _24999_/X
 _25000_/X
 _25001_/X
 _25002_/X
 _25003_/X
 _25004_/X
 _25005_/X
 _25006_/X
 _25007_/X
 _25008_/X
 _25009_/X
 _25010_/X
 _25011_/X
 _25012_/X
 _25013_/X
 _25014_/X
 _25015_/X
 _25016_/X
 _25017_/X
 _25018_/X
 _25019_/X
 _25020_/X
 _25021_/X
 _25022_/X
 _25023_/X
 _25024_/X
 _25025_/X
 _25026_/X
 _25027_/X
 _25028_/X
 _25029_/X
 _25030_/X
 _25031_/X
 _25032_/X
 _25033_/X
 _25034_/X
 _25035_/X
 _25036_/X
 _25037_/X
 _25038_/X
 _25039_/X
 _25040_/X
 _25041_/X
 _25042_/X
 _25043_/X
 _25044_/X
 _25045_/X
 _25046_/X
 _25047_/X
 _25048_/X
 _25049_/X
 _25050_/X
 _25051_/X
 _25052_/X
 _25053_/X
 _25054_/X
 _25055_/X
 _25056_/X
 _25057_/X
 _25058_/X
 _25059_/X
 _25060_/X
 _25061_/X
 _25062_/X
 _25063_/X
 _25064_/X
 _25065_/X
 _25066_/X
 _25067_/X
 _25068_/X
 _25069_/X
 _25070_/X
 _25071_/X
 _25072_/X
 _25073_/X
 _25074_/X
 _25075_/X
 _25076_/X
 _25077_/X
 _25078_/X
 _25079_/X
 _25080_/X
 _25081_/X
 _25082_/X
 _25083_/X
 _25084_/X
 _25085_/X
 _25086_/X
 _25087_/X
 _25088_/X
 _25089_/X
 _25090_/X
 _25091_/X
 _25092_/X
 _25093_/X
 _25094_/X
 _25095_/X
 _25096_/X
 _25097_/X
 _25098_/X
 _25099_/X
 _25100_/X
 _25101_/X
 _25102_/X
 _25103_/X
 _25104_/X
 _25105_/X
 _25106_/X
 _25107_/X
 _25108_/X
 _25109_/X
 _25110_/X
 _25111_/X
 _25112_/X
 _25113_/X
 _25114_/X
 _25115_/X
 _25116_/X
 _25117_/X
 _25118_/X
 _25119_/X
 _25120_/X
 _25121_/X
 _25122_/X
 _25123_/X
 _25124_/X
 _25125_/X
 _25126_/X
 _25127_/X
 _25128_/X
 _25129_/X
 _25130_/X
 _25131_/X
 _25132_/X
 _25133_/X
 _25134_/X
 _25135_/X
 _25136_/X
 _25137_/X
 _25138_/X
 _25139_/X
 _25140_/X
 _25141_/X
 _25142_/X
 _25143_/X
 _25144_/X
 _25145_/X
 _25146_/X
 _25147_/X
 _25148_/X
 _25149_/X
 _25150_/X
 _25151_/X
 _25152_/X
 _25153_/X
 _25154_/X
 _25155_/X
 _25156_/X
 _25157_/X
 _25158_/X
 _25159_/X
 _25160_/X
 _25161_/X
 _25162_/X
 _25163_/X
 _25164_/X
 _25165_/X
 _25166_/X
 _25167_/X
 _25168_/X
 _25169_/X
 _25170_/X
 _25171_/X
 _25172_/X
 _25173_/X
 _25174_/X
 _25175_/X
 _25176_/X
 _25177_/X
 _25178_/X
 _25179_/X
 _25180_/X
 _25181_/X
 _25182_/X
 _25183_/X
 _25184_/X
 _25185_/X
 _25186_/X
 _25187_/X
 _25188_/X
 _25189_/X
 _25190_/X
 _25191_/X
 _25192_/X
 _25193_/X
 _25194_/X
 _25195_/X
 _25196_/X
 _25197_/X
 _25198_/X
 _25199_/X
 _25200_/X
 _25201_/X
 _25202_/X
 _25203_/X
 _25204_/X
 _25205_/X
 _25206_/X
 _25207_/X
 _25208_/X
 _25209_/X
 _25210_/X
 _25211_/X
 _25212_/X
 _25213_/X
 _25214_/X
 _25215_/X
 _25216_/X
 _25217_/X
 _25218_/X
 _25219_/X
 _25220_/X
 _25221_/X
 _25222_/X
 _25223_/X
 _25224_/X
 _25225_/X
 _25226_/X
 _25227_/X
 _25228_/X
 _25229_/X
 _25230_/X
 _25231_/X
 _25232_/X
 _25233_/X
 _25234_/X
 _25235_/X
 _25236_/X
 _25237_/X
 _25238_/X
 _25239_/X
 _25240_/X
 _25241_/X
 _25242_/X
 _25243_/X
 _25244_/X
 _25245_/X
 _25246_/X
 _25247_/X
 _25248_/X
 _25249_/X
 _25250_/X
 _25251_/X
 _25252_/X
 _25253_/X
 _25254_/X
 _25255_/X
 _25256_/X
 _25257_/X
 _25258_/X
 _25259_/X
 _25260_/X
 _25261_/X
 _25262_/X
 _25263_/X
 _25264_/X
 _25265_/X
 _25266_/X
 _25267_/X
 _25268_/X
 _25269_/X
 _25270_/X
 _25271_/X
 _25272_/X
 _25273_/X
 _25274_/X
 _25275_/X
 _25276_/X
 _25277_/X
 _25278_/X
 _25279_/X
 _25280_/X
 _25281_/X
 _25282_/X
 _25283_/X
 _25284_/X
 _25285_/X
 _25286_/X
 _25287_/X
 _25288_/X
 _25289_/X
 _25290_/X
 _25291_/X
 _25292_/X
 _25293_/X
 _25294_/X
 _25295_/X
 _25296_/X
 _25297_/X
 _25298_/X
 _25299_/X
 _25300_/X
 _25301_/X
 _25302_/X
 _25303_/X
 _25304_/X
 _25305_/X
 _25306_/X
 _25307_/X
 _25308_/X
 _25309_/X
 _25310_/X
 _25311_/X
 _25312_/X
 _25313_/X
 _25314_/X
 _25315_/X
 _25316_/X
 _25317_/X
 _25318_/X
 _25319_/X
 _25320_/X
 _25321_/X
 _25322_/X
 _25323_/X
 _25324_/X
 _25325_/X
 _25326_/X
 _25327_/X
 _25328_/X
 _25329_/X
 _25330_/X
 _25331_/X
 _25332_/X
 _25333_/X
 _25334_/X
 _25335_/X
 _25336_/X
 _25337_/X
 _25338_/X
 _25339_/X
 _25340_/X
 _25341_/X
 _25342_/X
 _25343_/X
 _25344_/X
 _25345_/X
 _25346_/X
 _25347_/X
 _25348_/X
 _25349_/X
 _25350_/X
 _25351_/X
 _25352_/X
 _25353_/X
 _25354_/X
 _25355_/X
 _25356_/X
 _25357_/X
 _25358_/X
 _25359_/X
 _25360_/X
 _25361_/X
 _25362_/X
 _25363_/X
 _25364_/X
 _25365_/X
 _25366_/X
 _25367_/X
 _25368_/X
 _25369_/X
 _25370_/X
 _25371_/X
 _25372_/X
 _25373_/X
 _25374_/X
 _25375_/X
 _25376_/X
 _25377_/X
 _25378_/X
 _25379_/X
 _25380_/X
 _25381_/X
 _25382_/X
 _25383_/X
 _25384_/X
 _25385_/X
 _25386_/X
 _25387_/X
 _25388_/X
 _25389_/X
 _25390_/X
 _25391_/X
 _25392_/X
 _25393_/X
 _25394_/X
 _25395_/X
 _25396_/X
 _25397_/X
 _25398_/X
 _25399_/X
 _25400_/X
 _25401_/X
 _25402_/X
 _25403_/X
 _25404_/X
 _25405_/X
 _25406_/X
 _25407_/X
 _25408_/X
 _25409_/X
 _25410_/X
 _25411_/X
 _25412_/X
 _25413_/X
 _25414_/X
 _25415_/X
 _25416_/X
 _25417_/X
 _25418_/X
 _25419_/X
 _25420_/X
 _25421_/X
 _25422_/X
 _25423_/X
 _25424_/X
 _25425_/X
 _25426_/X
 _25427_/X
 _25428_/X
 _25429_/X
 _25430_/X
 _25431_/X
 _25432_/X
 _25433_/X
 _25434_/X
 _25435_/X
 _25436_/X
 _25437_/X
 _25438_/X
 _25439_/X
 _25440_/X
 _25441_/X
 _25442_/X
 _25443_/X
 _25444_/X
 _25445_/X
 _25446_/X
 _25447_/X
 _25448_/X
 _25449_/X
 _25450_/X
 _25451_/X
 _25452_/X
 _25453_/X
 _25454_/X
 _25455_/X
 _25456_/X
 _25457_/X
 _25458_/X
 _25459_/X
 _25460_/X
 _25461_/X
 _25462_/X
 _25463_/X
 _25464_/X
 _25465_/X
 _25466_/X
 _25467_/X
 _25468_/X
 _25469_/X
 _25470_/X
 _25471_/X
 _25472_/X
 _25473_/X
 _25474_/X
 _25475_/X
 _25476_/X
 _25477_/X
 _25478_/X
 _25479_/X
 _25480_/X
 _25481_/X
 _25482_/X
 _25483_/X
 _25484_/X
 _25485_/X
 _25486_/X
 _25487_/X
 _25488_/X
 _25489_/X
 _25490_/X
 _25491_/X
 _25492_/X
 _25493_/X
 _25494_/X
 _25495_/X
 _25496_/X
 _25497_/X
 _25498_/X
 _25499_/X
 _25500_/X
 _25501_/X
 _25502_/X
 _25503_/X
 _25504_/X
 _25505_/X
 _25506_/X
 _25507_/X
 _25508_/X
 _25509_/X
 _25510_/X
 _25511_/X
 _25512_/X
 _25513_/X
 _25514_/X
 _25515_/X
 _25516_/X
 _25517_/X
 _25518_/X
 _25519_/X
 _25520_/X
 _25521_/X
 _25522_/X
 _25523_/X
 _25524_/X
 _25525_/X
 _25526_/X
 _25527_/X
 _25528_/X
 _25529_/X
 _25530_/X
 _25531_/X
 _25532_/X
 _25533_/X
 _25534_/X
 _25535_/X
 _25536_/X
 _25537_/X
 _25538_/X
 _25539_/X
 _25540_/X
 _25541_/X
 _25542_/X
 _25543_/X
 _25544_/X
 _25545_/X
 _25546_/X
 _25547_/X
 _25548_/X
 _25549_/X
 _25550_/X
 _25551_/X
 _25552_/X
 _25553_/X
 _25554_/X
 _25555_/X
 _25556_/X
 _25557_/X
 _25558_/X
 _25559_/X
 _25560_/X
 _25561_/X
 _25562_/X
 _25563_/X
 _25564_/X
 _25565_/X
 _25566_/X
 _25567_/X
 _25568_/X
 _25569_/X
 _25570_/X
 _25571_/X
 _25572_/X
 _25573_/X
 _25574_/X
 _25575_/X
 _25576_/X
 _25577_/X
 _25578_/X
 _25579_/X
 _25580_/X
 _25581_/X
 _25582_/X
 _25583_/X
 _25584_/X
 _25585_/X
 _25586_/X
 _25587_/X
 _25588_/X
 _25589_/X
 _25590_/X
 _25591_/X
 _25592_/X
 _25593_/X
 _25594_/X
 _25595_/X
 _25596_/X
 _25597_/X
 _25598_/X
 _25599_/X
 _25600_/X
 _25601_/X
 _25602_/X
 _25603_/X
 _25604_/X
 _25605_/X
 _25606_/X
 _25607_/X
 _25608_/X
 _25609_/X
 _25610_/X
 _25611_/X
 _25612_/X
 _25613_/X
 _25614_/X
 _25615_/X
 _25616_/X
 _25617_/X
 _25618_/X
 _25619_/X
 _25620_/X
 _25621_/X
 _25622_/X
 _25623_/X
 _25624_/X
 _25625_/X
 _25626_/X
 _25627_/X
 _25628_/X
 _25629_/X
 _25630_/X
 _25631_/X
 _25632_/X
 _25633_/X
 _25634_/X
 _25635_/X
 _25636_/X
 _25637_/X
 _25638_/X
 _25639_/X
 _25640_/X
 _25641_/X
 _25642_/X
 _25643_/X
 _25644_/X
 _25645_/X
 _25646_/X
 _25647_/X
 _25648_/X
 _25649_/X
 _25650_/X
 _25651_/X
 _25652_/X
 _25653_/X
 _25654_/X
 _25655_/X
 _25656_/X
 _25657_/X
 _25658_/X
 _25659_/X
 _25660_/X
 _25661_/X
 _25662_/X
 _25663_/X
 _25664_/X
 _25665_/X
 _25666_/X
 _25667_/X
 _25668_/X
 _25669_/X
 _25670_/X
 _25671_/X
 _25672_/X
 _25673_/X
 _25674_/X
 _25675_/X
 _25676_/X
 _25677_/X
 _25678_/X
 _25679_/X
 _25680_/X
 _25681_/X
 _25682_/X
 _25683_/X
 _25684_/X
 _25685_/X
 _25686_/X
 _25687_/X
 _25688_/X
 _25689_/X
 _25690_/X
 _25691_/X
 _25692_/X
 _25693_/X
 _25694_/X
 _25695_/X
 _25696_/X
 _25697_/X
 _25698_/X
 _25699_/X
 _25700_/X
 _25701_/X
 _25702_/X
 _25703_/X
 _25704_/X
 _25705_/X
 _25706_/X
 _25707_/X
 _25708_/X
 _25709_/X
 _25710_/X
 _25711_/X
 _25712_/X
 _25713_/X
 _25714_/X
 _25715_/X
 _25716_/X
 _25717_/X
 _25718_/X
 _25719_/X
 _25720_/X
 _25721_/X
 _25722_/X
 _25723_/X
 _25724_/X
 _25725_/X
 _25726_/X
 _25727_/X
 _25728_/X
 _25729_/X
 _25730_/X
 _25731_/X
 _25732_/X
 _25733_/X
 _25734_/X
 _25735_/X
 _25736_/X
 _25737_/X
 _25738_/X
 _25739_/X
 _25740_/X
 _25741_/X
 _25742_/X
 _25743_/X
 _25744_/X
 _25745_/X
 _25746_/X
 _25747_/X
 _25748_/X
 _25749_/X
 _25750_/X
 _25751_/X
 _25752_/X
 _25753_/X
 _25754_/X
 _25755_/X
 _25756_/X
 _25757_/X
 _25758_/X
 _25759_/X
 _25760_/X
 _25761_/X
 _25762_/X
 _25763_/X
 _25764_/X
 _25765_/X
 _25766_/X
 _25767_/X
 _25768_/X
 _25769_/X
 _25770_/X
 _25771_/X
 _25772_/X
 _25773_/X
 _25774_/X
 _25775_/X
 _25776_/X
 _25777_/X
 _25778_/X
 _25779_/X
 _25780_/X
 _25781_/X
 _25782_/X
 _25783_/X
 _25784_/X
 _25785_/X
 _25786_/X
 _25787_/X
 _25788_/X
 _25789_/X
 _25790_/X
 _25791_/X
 _25792_/X
 _25793_/X
 _25794_/X
 _25795_/X
 _25796_/X
 _25797_/X
 _25798_/X
 _25799_/X
 _25800_/X
 _25801_/X
 _25802_/X
 _25803_/X
 _25804_/X
 _25805_/X
 _25806_/X
 _25807_/X
 _25808_/X
 _25809_/X
 _25810_/X
 _25811_/X
 _25812_/X
 _25813_/X
 _25814_/X
 _25815_/X
 _25816_/X
 _25817_/X
 _25818_/X
 _25819_/X
 _25820_/X
 _25821_/X
 _25822_/X
 _25823_/X
 _25824_/X
 _25825_/X
 _25826_/X
 _25827_/X
 _25828_/X
 _25829_/X
 _25830_/X
 _25831_/X
 _25832_/X
 _25833_/X
 _25834_/X
 _25835_/X
 _25836_/X
 _25837_/X
 _25838_/X
 _25839_/X
 _25840_/X
 _25841_/X
 _25842_/X
 _25843_/X
 _25844_/X
 _25845_/X
 _25846_/X
 _25847_/X
 _25848_/X
 _25849_/X
 _25850_/X
 _25851_/X
 _25852_/X
 _25853_/X
 _25854_/X
 _25855_/X
 _25856_/X
 _25857_/X
 _25858_/X
 _25859_/X
 _25860_/X
 _25861_/X
 _25862_/X
 _25863_/X
 _25864_/X
 _25865_/X
 _25866_/X
 _25867_/X
 _25868_/X
 _25869_/X
 _25870_/X
 _25871_/X
 _25872_/X
 _25873_/X
 _25874_/X
 _25875_/X
 _25876_/X
 _25877_/X
 _25878_/X
 _25879_/X
 _25880_/X
 _25881_/X
 _25882_/X
 _25883_/X
 _25884_/X
 _25885_/X
 _25886_/X
 _25887_/X
 _25888_/X
 _25889_/X
 _25890_/X
 _25891_/X
 _25892_/X
 _25893_/X
 _25894_/X
 _25895_/X
 _25896_/X
 _25897_/X
 _25898_/X
 _25899_/X
 _25900_/X
 _25901_/X
 _25902_/X
 _25903_/X
 _25904_/X
 _25905_/X
 _25906_/X
 _25907_/X
 _25908_/X
 _25909_/X
 _25910_/X
 _25911_/X
 _25912_/X
 _25913_/X
 _25914_/X
 _25915_/X
 _25916_/X
 _25917_/X
 _25918_/X
 _25919_/X
 _25920_/X
 _25921_/X
 _25922_/X
 _25923_/X
 _25924_/X
 _25925_/X
 _25926_/X
 _25927_/X
 _25928_/X
 _25929_/X
 _25930_/X
 _25931_/X
 _25932_/X
 _25933_/X
 _25934_/X
 _25935_/X
 _25936_/X
 _25937_/X
 _25938_/X
 _25939_/X
 _25940_/X
 _25941_/X
 _25942_/X
 _25943_/X
 _25944_/X
 _25945_/X
 _25946_/X
 _25947_/X
 _25948_/X
 _25949_/X
 _25950_/X
 _25951_/X
 _25952_/X
 _25953_/X
 _25954_/X
 _25955_/X
 _25956_/X
 _25957_/X
 _25958_/X
 _25959_/X
 _25960_/X
 _25961_/X
 _25962_/X
 _25963_/X
 _25964_/X
 _25965_/X
 _25966_/X
 _25967_/X
 _25968_/X
 _25969_/X
 _25970_/X
 _25971_/X
 _25972_/X
 _25973_/X
 _25974_/X
 _25975_/X
 _25976_/X
 _25977_/X
 _25978_/X
 _25979_/X
 _25980_/X
 _25981_/X
 _25982_/X
 _25983_/X
 _25984_/X
 _25985_/X
 _25986_/X
 _25987_/X
 _25988_/X
 _25989_/X
 _25990_/X
 _25991_/X
 _25992_/X
 _25993_/X
 _25994_/X
 _25995_/X
 _25996_/X
 _25997_/X
 _25998_/X
 _25999_/X
 _26000_/X
 _26001_/X
 _26002_/X
 _26003_/X
 _26004_/X
 _26005_/X
 _26006_/X
 _26007_/X
 _26008_/X
 _26009_/X
 _26010_/X
 _26011_/X
 _26012_/X
 _26013_/X
 _26014_/X
 _26015_/X
 _26016_/X
 _26017_/X
 _26018_/X
 _26019_/X
 _26020_/X
 _26021_/X
 _26022_/X
 _26023_/X
 _26024_/X
 _26025_/X
 _26026_/X
 _26027_/X
 _26028_/X
 _26029_/X
 _26030_/X
 _26031_/X
 _26032_/X
 _26033_/X
 _26034_/X
 _26035_/X
 _26036_/X
 _26037_/X
 _26038_/X
 _26039_/X
 _26040_/X
 _26041_/X
 _26042_/X
 _26043_/X
 _26044_/X
 _26045_/X
 _26046_/X
 _26047_/X
 _26048_/X
 _26049_/X
 _26050_/X
 _26051_/X
 _26052_/X
 _26053_/X
 _26054_/X
 _26055_/X
 _26056_/X
 _26057_/X
 _26058_/X
 _26059_/X
 _26060_/X
 _26061_/X
 _26062_/X
 _26063_/X
 _26064_/X
 _26065_/X
 _26066_/X
 _26067_/X
 _26068_/X
 _26069_/X
 _26070_/X
 _26071_/X
 _26072_/X
 _26073_/X
 _26074_/X
 _26075_/X
 _26076_/X
 _26077_/X
 _26078_/X
 _26079_/X
 _26080_/X
 _26081_/X
 _26082_/X
 _26083_/X
 _26084_/X
 _26085_/X
 _26086_/X
 _26087_/X
 _26088_/X
 _26089_/X
 _26090_/X
 _26091_/X
 _26092_/X
 _26093_/X
 _26094_/X
 _26095_/X
 _26096_/X
 _26097_/X
 _26098_/X
 _26099_/X
 _26100_/X
 _26101_/X
 _26102_/X
 _26103_/X
 _26104_/X
 _26105_/X
 _26106_/X
 _26107_/X
 _26108_/X
 _26109_/X
 _26110_/X
 _26111_/X
 _26112_/X
 _26113_/X
 _26114_/X
 _26115_/X
 _26116_/X
 _26117_/X
 _26118_/X
 _26119_/X
 _26120_/X
 _26121_/X
 _26122_/X
 _26123_/X
 _26124_/X
 _26125_/X
 _26126_/X
 _26127_/X
 _26128_/X
 _26129_/X
 _26130_/X
 _26131_/X
 _26132_/X
 _26133_/X
 _26134_/X
 _26135_/X
 _26136_/X
 _26137_/X
 _26138_/X
 _26139_/X
 _26140_/X
 _26141_/X
 _26142_/X
 _26143_/X
 _26144_/X
 _26145_/X
 _26146_/X
 _26147_/X
 _26148_/X
 _26149_/X
 _26150_/X
 _26151_/X
 _26152_/X
 _26153_/X
 _26154_/X
 _26155_/X
 _26156_/X
 _26157_/X
 _26158_/X
 _26159_/X
 _26160_/X
 _26161_/X
 _26162_/X
 _26163_/X
 _26164_/X
 _26165_/X
 _26166_/X
 _26167_/X
 _26168_/X
 _26169_/X
 _26170_/X
 _26171_/X
 _26172_/X
 _26173_/X
 _26174_/X
 _26175_/X
 _26176_/X
 _26177_/X
 _26178_/X
 _26179_/X
 _26180_/X
 _26181_/X
 _26182_/X
 _26183_/X
 _26184_/X
 _26185_/X
 _26186_/X
 _26187_/Q
 _26188_/Q
 _26189_/Q
 _26190_/Q
 _26191_/Q
 _26192_/Q
 _26193_/Q
 _26194_/Q
 _26195_/Q
 _26196_/Q
 _26197_/Q
 _26198_/Q
 _26199_/Q
 _26200_/Q
 _26201_/Q
 _26202_/Q
 _26203_/Q
 _26204_/Q
 _26205_/Q
 _26206_/Q
 _26207_/Q
 _26208_/Q
 _26209_/Q
 _26210_/Q
 _26211_/Q
 _26212_/Q
 _26213_/Q
 _26214_/Q
 _26215_/Q
 _26216_/Q
 _26217_/Q
 _26218_/Q
 _26219_/Q
 _26220_/Q
 _26221_/Q
 _26222_/Q
 _26223_/Q
 _26224_/Q
 _26225_/Q
 _26226_/Q
 _26227_/Q
 _26228_/Q
 _26229_/Q
 _26230_/Q
 _26231_/Q
 _26232_/Q
 _26233_/Q
 _26234_/Q
 _26235_/Q
 _26236_/Q
 _26237_/Q
 _26238_/Q
 _26239_/Q
 _26240_/Q
 _26241_/Q
 _26242_/Q
 _26243_/Q
 _26244_/Q
 _26245_/Q
 _26246_/Q
 _26247_/Q
 _26248_/Q
 _26249_/Q
 _26250_/Q
 _26251_/Q
 _26252_/Q
 _26253_/Q
 _26254_/Q
 _26255_/Q
 _26256_/Q
 _26257_/Q
 _26258_/Q
 _26259_/Q
 _26260_/Q
 _26261_/Q
 _26262_/Q
 _26263_/Q
 _26264_/Q
 _26265_/Q
 _26266_/Q
 _26267_/Q
 _26268_/Q
 _26269_/Q
 _26270_/Q
 _26271_/Q
 _26272_/Q
 _26273_/Q
 _26274_/Q
 _26275_/Q
 _26276_/Q
 _26277_/Q
 _26278_/Q
 _26279_/Q
 _26280_/Q
 _26281_/Q
 _26282_/Q
 _26283_/Q
 _26284_/Q
 _26285_/Q
 _26286_/Q
 _26287_/Q
 _26288_/Q
 _26289_/Q
 _26290_/Q
 _26291_/Q
 _26292_/Q
 _26293_/Q
 _26294_/Q
 _26295_/Q
 _26296_/Q
 _26297_/Q
 _26298_/Q
 _26299_/Q
 _26300_/Q
 _26301_/Q
 _26302_/Q
 _26303_/Q
 _26304_/Q
 _26305_/Q
 _26306_/Q
 _26307_/Q
 _26308_/Q
 _26309_/Q
 _26310_/Q
 _26311_/Q
 _26312_/Q
 _26313_/Q
 _26314_/Q
 _26315_/Q
 _26316_/Q
 _26317_/Q
 _26318_/Q
 _26319_/Q
 _26320_/Q
 _26321_/Q
 _26322_/Q
 _26323_/Q
 _26324_/Q
 _26325_/Q
 _26326_/Q
 _26327_/Q
 _26328_/Q
 _26329_/Q
 _26330_/Q
 _26331_/Q
 _26332_/Q
 _26333_/Q
 _26334_/Q
 _26335_/Q
 _26336_/Q
 _26337_/Q
 _26338_/Q
 _26339_/Q
 _26340_/Q
 _26341_/Q
 _26342_/Q
 _26343_/Q
 _26344_/Q
 _26345_/Q
 _26346_/Q
 _26347_/Q
 _26348_/Q
 _26349_/Q
 _26350_/Q
 _26351_/Q
 _26352_/Q
 _26353_/Q
 _26354_/Q
 _26355_/Q
 _26356_/Q
 _26357_/Q
 _26358_/Q
 _26359_/Q
 _26360_/Q
 _26361_/Q
 _26362_/Q
 _26363_/Q
 _26364_/Q
 _26365_/Q
 _26366_/Q
 _26367_/Q
 _26368_/Q
 _26369_/Q
 _26370_/Q
 _26371_/Q
 _26372_/Q
 _26373_/Q
 _26374_/Q
 _26375_/Q
 _26376_/Q
 _26377_/Q
 _26378_/Q
 _26379_/Q
 _26380_/Q
 _26381_/Q
 _26382_/Q
 _26383_/Q
 _26384_/Q
 _26385_/Q
 _26386_/Q
 _26387_/Q
 _26388_/Q
 _26389_/Q
 _26390_/Q
 _26391_/Q
 _26392_/Q
 _26393_/Q
 _26394_/Q
 _26395_/Q
 _26396_/Q
 _26397_/Q
 _26398_/Q
 _26399_/Q
 _26400_/Q
 _26401_/Q
 _26402_/Q
 _26403_/Q
 _26404_/Q
 _26405_/Q
 _26406_/Q
 _26407_/Q
 _26408_/Q
 _26409_/Q
 _26410_/Q
 _26411_/Q
 _26412_/Q
 _26413_/Q
 _26414_/Q
 _26415_/Q
 _26416_/Q
 _26417_/Q
 _26418_/Q
 _26419_/Q
 _26420_/Q
 _26421_/Q
 _26422_/Q
 _26423_/Q
 _26424_/Q
 _26425_/Q
 _26426_/Q
 _26427_/Q
 _26428_/Q
 _26429_/Q
 _26430_/Q
 _26431_/Q
 _26432_/Q
 _26433_/Q
 _26434_/Q
 _26435_/Q
 _26436_/Q
 _26437_/Q
 _26438_/Q
 _26439_/Q
 _26440_/Q
 _26441_/Q
 _26442_/Q
 _26443_/Q
 _26444_/Q
 _26445_/Q
 _26446_/Q
 _26447_/Q
 _26448_/Q
 _26449_/Q
 _26450_/Q
 _26451_/Q
 _26452_/Q
 _26453_/Q
 _26454_/Q
 _26455_/Q
 _26456_/Q
 _26457_/Q
 _26458_/Q
 _26459_/Q
 _26460_/Q
 _26461_/Q
 _26462_/Q
 _26463_/Q
 _26464_/Q
 _26465_/Q
 _26466_/Q
 _26467_/Q
 _26468_/Q
 _26469_/Q
 _26470_/Q
 _26471_/Q
 _26472_/Q
 _26473_/Q
 _26474_/Q
 _26475_/Q
 _26476_/Q
 _26477_/Q
 _26478_/Q
 _26479_/Q
 _26480_/Q
 _26481_/Q
 _26482_/Q
 _26483_/Q
 _26484_/Q
 _26485_/Q
 _26486_/Q
 _26487_/Q
 _26488_/Q
 _26489_/Q
 _26490_/Q
 _26491_/Q
 _26492_/Q
 _26493_/Q
 _26494_/Q
 _26495_/Q
 _26496_/Q
 _26497_/Q
 _26498_/Q
 _26499_/Q
 _26500_/Q
 _26501_/Q
 _26502_/Q
 _26503_/Q
 _26504_/Q
 _26505_/Q
 _26506_/Q
 _26507_/Q
 _26508_/Q
 _26509_/Q
 _26510_/Q
 _26511_/Q
 _26512_/Q
 _26513_/Q
 _26514_/Q
 _26515_/Q
 _26516_/Q
 _26517_/Q
 _26518_/Q
 _26519_/Q
 _26520_/Q
 _26521_/Q
 _26522_/Q
 _26523_/Q
 _26524_/Q
 _26525_/Q
 _26526_/Q
 _26527_/Q
 _26528_/Q
 _26529_/Q
 _26530_/Q
 _26531_/Q
 _26532_/Q
 _26533_/Q
 _26534_/Q
 _26535_/Q
 _26536_/Q
 _26537_/Q
 _26538_/Q
 _26539_/Q
 _26540_/Q
 _26541_/Q
 _26542_/Q
 _26543_/Q
 _26544_/Q
 _26545_/Q
 _26546_/Q
 _26547_/Q
 _26548_/Q
 _26549_/Q
 _26550_/Q
 _26551_/Q
 _26552_/Q
 _26553_/Q
 _26554_/Q
 _26555_/Q
 _26556_/Q
 _26557_/Q
 _26558_/Q
 _26559_/Q
 _26560_/Q
 _26561_/Q
 _26562_/Q
 _26563_/Q
 _26564_/Q
 _26565_/Q
 _26566_/Q
 _26567_/Q
 _26568_/Q
 _26569_/Q
 _26570_/Q
 _26571_/Q
 _26572_/Q
 _26573_/Q
 _26574_/Q
 _26575_/Q
 _26576_/Q
 _26577_/Q
 _26578_/Q
 _26579_/Q
 _26580_/Q
 _26581_/Q
 _26582_/Q
 _26583_/Q
 _26584_/Q
 _26585_/Q
 _26586_/Q
 _26587_/Q
 _26588_/Q
 _26589_/Q
 _26590_/Q
 _26591_/Q
 _26592_/Q
 _26593_/Q
 _26594_/Q
 _26595_/Q
 _26596_/Q
 _26597_/Q
 _26598_/Q
 _26599_/Q
 _26600_/Q
 _26601_/Q
 _26602_/Q
 _26603_/Q
 _26604_/Q
 _26605_/Q
 _26606_/Q
 _26607_/Q
 _26608_/Q
 _26609_/Q
 _26610_/Q
 _26611_/Q
 _26612_/Q
 _26613_/Q
 _26614_/Q
 _26615_/Q
 _26616_/Q
 _26617_/Q
 _26618_/Q
 _26619_/Q
 _26620_/Q
 _26621_/Q
 _26622_/Q
 _26623_/Q
 _26624_/Q
 _26625_/Q
 _26626_/Q
 _26627_/Q
 _26628_/Q
 _26629_/Q
 _26630_/Q
 _26631_/Q
 _26632_/Q
 _26633_/Q
 _26634_/Q
 _26635_/Q
 _26636_/Q
 _26637_/Q
 _26638_/Q
 _26639_/Q
 _26640_/Q
 _26641_/Q
 _26642_/Q
 _26643_/Q
 _26644_/Q
 _26645_/Q
 _26646_/Q
 _26647_/Q
 _26648_/Q
 _26649_/Q
 _26650_/Q
 _26651_/Q
 _26652_/Q
 _26653_/Q
 _26654_/Q
 _26655_/Q
 _26656_/Q
 _26657_/Q
 _26658_/Q
 _26659_/Q
 _26660_/Q
 _26661_/Q
 _26662_/Q
 _26663_/Q
 _26664_/Q
 _26665_/Q
 _26666_/Q
 _26667_/Q
 _26668_/Q
 _26669_/Q
 _26670_/Q
 _26671_/Q
 _26672_/Q
 _26673_/Q
 _26674_/Q
 _26675_/Q
 _26676_/Q
 _26677_/Q
 _26678_/Q
 _26679_/Q
 _26680_/Q
 _26681_/Q
 _26682_/Q
 _26683_/Q
 _26684_/Q
 _26685_/Q
 _26686_/Q
 _26687_/Q
 _26688_/Q
 _26689_/Q
 _26690_/Q
 _26691_/Q
 _26692_/Q
 _26693_/Q
 _26694_/Q
 _26695_/Q
 _26696_/Q
 _26697_/Q
 _26698_/Q
 _26699_/Q
 _26700_/Q
 _26701_/Q
 _26702_/Q
 _26703_/Q
 _26704_/Q
 _26705_/Q
 _26706_/Q
 _26707_/Q
 _26708_/Q
 _26709_/Q
 _26710_/Q
 _26711_/Q
 _26712_/Q
 _26713_/Q
 _26714_/Q
 _26715_/Q
 _26716_/Q
 _26717_/Q
 _26718_/Q
 _26719_/Q
 _26720_/Q
 _26721_/Q
 _26722_/Q
 _26723_/Q
 _26724_/Q
 _26725_/Q
 _26726_/Q
 _26727_/Q
 _26728_/Q
 _26729_/Q
 _26730_/Q
 _26731_/Q
 _26732_/Q
 _26733_/Q
 _26734_/Q
 _26735_/Q
 _26736_/Q
 _26737_/Q
 _26738_/Q
 _26739_/Q
 _26740_/Q
 _26741_/Q
 _26742_/Q
 _26743_/Q
 _26744_/Q
 _26745_/Q
 _26746_/Q
 _26747_/Q
 _26748_/Q
 _26749_/Q
 _26750_/Q
 _26751_/Q
 _26752_/Q
 _26753_/Q
 _26754_/Q
 _26755_/Q
 _26756_/Q
 _26757_/Q
 _26758_/Q
 _26759_/Q
 _26760_/Q
 _26761_/Q
 _26762_/Q
 _26763_/Q
 _26764_/Q
 _26765_/Q
 _26766_/Q
 _26767_/Q
 _26768_/Q
 _26769_/Q
 _26770_/Q
 _26771_/Q
 _26772_/Q
 _26773_/Q
 _26774_/Q
 _26775_/Q
 _26776_/Q
 _26777_/Q
 _26778_/Q
 _26779_/Q
 _26780_/Q
 _26781_/Q
 _26782_/Q
 _26783_/Q
 _26784_/Q
 _26785_/Q
 _26786_/Q
 _26787_/Q
 _26788_/Q
 _26789_/Q
 _26790_/Q
 _26791_/Q
 _26792_/Q
 _26793_/Q
 _26794_/Q
 _26795_/Q
 _26796_/Q
 _26797_/Q
 _26798_/Q
 _26799_/Q
 _26800_/Q
 _26801_/Q
 _26802_/Q
 _26803_/Q
 _26804_/Q
 _26805_/Q
 _26806_/Q
 _26807_/Q
 _26808_/Q
 _26809_/Q
 _26810_/Q
 _26811_/Q
 _26812_/Q
 _26813_/Q
 _26814_/Q
 _26815_/Q
 _26816_/Q
 _26817_/Q
 _26818_/Q
 _26819_/Q
 _26820_/Q
 _26821_/Q
 _26822_/Q
 _26823_/Q
 _26824_/Q
 _26825_/Q
 _26826_/Q
 _26827_/Q
 _26828_/Q
 _26829_/Q
 _26830_/Q
 _26831_/Q
 _26832_/Q
 _26833_/Q
 _26834_/Q
 _26835_/Q
 _26836_/Q
 _26837_/Q
 _26838_/Q
 _26839_/Q
 _26840_/Q
 _26841_/Q
 _26842_/Q
 _26843_/Q
 _26844_/Q
 _26845_/Q
 _26846_/Q
 _26847_/Q
 _26848_/Q
 _26849_/Q
 _26850_/Q
 _26851_/Q
 _26852_/Q
 _26853_/Q
 _26854_/Q
 _26855_/Q
 _26856_/Q
 _26857_/Q
 _26858_/Q
 _26859_/Q
 _26860_/Q
 _26861_/Q
 _26862_/Q
 _26863_/Q
 _26864_/Q
 _26865_/Q
 _26866_/Q
 _26867_/Q
 _26868_/Q
 _26869_/Q
 _26870_/Q
 _26871_/Q
 _26872_/Q
 _26873_/Q
 _26874_/Q
 _26875_/Q
 _26876_/Q
 _26877_/Q
 _26878_/Q
 _26879_/Q
 _26880_/Q
 _26881_/Q
 _26882_/Q
 _26883_/Q
 _26884_/Q
 _26885_/Q
 _26886_/Q
 _26887_/Q
 _26888_/Q
 _26889_/Q
 _26890_/Q
 _26891_/Q
 _26892_/Q
 _26893_/Q
 _26894_/Q
 _26895_/Q
 _26896_/Q
 _26897_/Q
 _26898_/Q
 _26899_/Q
 _26900_/Q
 _26901_/Q
 _26902_/Q
 _26903_/Q
 _26904_/Q
 _26905_/Q
 _26906_/Q
 _26907_/Q
 _26908_/Q
 _26909_/Q
 _26910_/Q
 _26911_/Q
 _26912_/Q
 _26913_/Q
 _26914_/Q
 _26915_/Q
 _26916_/Q
 _26917_/Q
 _26918_/Q
 _26919_/Q
 _26920_/Q
 _26921_/Q
 _26922_/Q
 _26923_/Q
 _26924_/Q
 _26925_/Q
 _26926_/Q
 _26927_/Q
 _26928_/Q
 _26929_/Q
 _26930_/Q
 _26931_/Q
 _26932_/Q
 _26933_/Q
 _26934_/Q
 _26935_/Q
 _26936_/Q
 _26937_/Q
 _26938_/Q
 _26939_/Q
 _26940_/Q
 _26941_/Q
 _26942_/Q
 _26943_/Q
 _26944_/Q
 _26945_/Q
 _26946_/Q
 _26947_/Q
 _26948_/Q
 _26949_/Q
 _26950_/Q
 _26951_/Q
 _26952_/Q
 _26953_/Q
 _26954_/Q
 _26955_/Q
 _26956_/Q
 _26957_/Q
 _26958_/Q
 _26959_/Q
 _26960_/Q
 _26961_/Q
 _26962_/Q
 _26963_/Q
 _26964_/Q
 _26965_/Q
 _26966_/Q
 _26967_/Q
 _26968_/Q
 _26969_/Q
 _26970_/Q
 _26971_/Q
 _26972_/Q
 _26973_/Q
 _26974_/Q
 _26975_/Q
 _26976_/Q
 _26977_/Q
 _26978_/Q
 _26979_/Q
 _26980_/Q
 _26981_/Q
 _26982_/Q
 _26983_/Q
 _26984_/Q
 _26985_/Q
 _26986_/Q
 _26987_/Q
 _26988_/Q
 _26989_/Q
 _26990_/Q
 _26991_/Q
 _26992_/Q
 _26993_/Q
 _26994_/Q
 _26995_/Q
 _26996_/Q
 _26997_/Q
 _26998_/Q
 _26999_/Q
 _27000_/Q
 _27001_/Q
 _27002_/Q
 _27003_/Q
 _27004_/Q
 _27005_/Q
 _27006_/Q
 _27007_/Q
 _27008_/Q
 _27009_/Q
 _27010_/Q
 _27011_/Q
 _27012_/Q
 _27013_/Q
 _27014_/Q
 _27015_/Q
 _27016_/Q
 _27017_/Q
 _27018_/Q
 _27019_/Q
 _27020_/Q
 _27021_/Q
 _27022_/Q
 _27023_/Q
 _27024_/Q
 _27025_/Q
 _27026_/Q
 _27027_/Q
 _27028_/Q
 _27029_/Q
 _27030_/Q
 _27031_/Q
 _27032_/Q
 _27033_/Q
 _27034_/Q
 _27035_/Q
 _27036_/Q
 _27037_/Q
 _27038_/Q
 _27039_/Q
 _27040_/Q
 _27041_/Q
 _27042_/Q
 _27043_/Q
 _27044_/Q
 _27045_/Q
 _27046_/Q
 _27047_/Q
 _27048_/Q
 _27049_/Q
 _27050_/Q
 _27051_/Q
 _27052_/Q
 _27053_/Q
 _27054_/Q
 _27055_/Q
 _27056_/Q
 _27057_/Q
 _27058_/Q
 _27059_/Q
 _27060_/Q
 _27061_/Q
 _27062_/Q
 _27063_/Q
 _27064_/Q
 _27065_/Q
 _27066_/Q
 _27067_/Q
 _27068_/Q
 _27069_/Q
 _27070_/Q
 _27071_/Q
 _27072_/Q
 _27073_/Q
 _27074_/Q
 _27075_/Q
 _27076_/Q
 _27077_/Q
 _27078_/Q
 _27079_/Q
 _27080_/Q
 _27081_/Q
 _27082_/Q
 _27083_/Q
 _27084_/Q
 _27085_/Q
 _27086_/Q
 _27087_/Q
 _27088_/Q
 _27089_/Q
 _27090_/Q
 _27091_/Q
 _27092_/Q
 _27093_/Q
 _27094_/Q
 _27095_/Q
 _27096_/Q
 _27097_/Q
 _27098_/Q
 _27099_/Q
 _27100_/Q
 _27101_/Q
 _27102_/Q
 _27103_/Q
 _27104_/Q
 _27105_/Q
 _27106_/Q
 _27107_/Q
 _27108_/Q
 _27109_/Q
 _27110_/Q
 _27111_/Q
 _27112_/Q
 _27113_/Q
 _27114_/Q
 _27115_/Q
 _27116_/Q
 _27117_/Q
 _27118_/Q
 _27119_/Q
 _27120_/Q
 _27121_/Q
 _27122_/Q
 _27123_/Q
 _27124_/Q
 _27125_/Q
 _27126_/Q
 _27127_/Q
 _27128_/Q
 _27129_/Q
 _27130_/Q
 _27131_/Q
 _27132_/Q
 _27133_/Q
 _27134_/Q
 _27135_/Q
 _27136_/Q
 _27137_/Q
 _27138_/Q
 _27139_/Q
 _27140_/Q
 _27141_/Q
 _27142_/Q
 _27143_/Q
 _27144_/Q
 _27145_/Q
 _27146_/Q
 _27147_/Q
 _27148_/Q
 _27149_/Q
 _27150_/Q
 _27151_/Q
 _27152_/Q
 _27153_/Q
 _27154_/Q
 _27155_/Q
 _27156_/Q
 _27157_/Q
 _27158_/Q
 _27159_/Q
 _27160_/Q
 _27161_/Q
 _27162_/Q
 _27163_/Q
 _27164_/Q
 _27165_/Q
 _27166_/Q
 _27167_/Q
 _27168_/Q
 _27169_/Q
 _27170_/Q
 _27171_/Q
 _27172_/Q
 _27173_/Q
 _27174_/Q
 _27175_/Q
 _27176_/Q
 _27177_/Q
 _27178_/Q
 _27179_/Q
 _27180_/Q
 _27181_/Q
 _27182_/Q
 _27183_/Q
 _27184_/Q
 _27185_/Q
 _27186_/Q
 _27187_/Q
 _27188_/Q
 _27189_/Q
 _27190_/Q
 _27191_/Q
 _27192_/Q
 _27193_/Q
 _27194_/Q
 _27195_/Q
 _27196_/Q
 _27197_/Q
 _27198_/Q
 _27199_/Q
 _27200_/Q
 _27201_/Q
 _27202_/Q
 _27203_/Q
 _27204_/Q
 _27205_/Q
 _27206_/Q
 _27207_/Q
 _27208_/Q
 _27209_/Q
 _27210_/Q
 _27211_/Q
 _27212_/Q
 _27213_/Q
 _27214_/Q
 _27215_/Q
 _27216_/Q
 _27217_/Q
 _27218_/Q
 _27219_/Q
 _27220_/Q
 _27221_/Q
 _27222_/Q
 _27223_/Q
 _27224_/Q
 _27225_/Q
 _27226_/Q
 _27227_/Q
 _27228_/Q
 _27229_/Q
 _27230_/Q
 _27231_/Q
 _27232_/Q
 _27233_/Q
 _27234_/Q
 _27235_/Q
 _27236_/Q
 _27237_/Q
 _27238_/Q
 _27239_/Q
 _27240_/Q
 _27241_/Q
 _27242_/Q
 _27243_/Q
 _27244_/Q
 _27245_/Q
 _27246_/Q
 _27247_/Q
 _27248_/Q
 _27249_/Q
 _27250_/Q
 _27251_/Q
 _27252_/Q
 _27253_/Q
 _27254_/Q
 _27255_/Q
 _27256_/Q
 _27257_/Q
 _27258_/Q
 _27259_/Q
 _27260_/Q
 _27261_/Q
 _27262_/Q
 _27263_/Q
 _27264_/Q
 _27265_/Q
 _27266_/Q
 _27267_/Q
 _27268_/Q
 _27269_/Q
 _27270_/Q
 _27271_/Q
 _27272_/Q
 _27273_/Q
 _27274_/Q
 _27275_/Q
 _27276_/Q
 _27277_/Q
 _27278_/Q
 _27279_/Q
 _27280_/Q
 _27281_/Q
 _27282_/Q
 _27283_/Q
 _27284_/Q
 _27285_/Q
 _27286_/Q
 _27287_/Q
 _27288_/Q
 _27289_/Q
 _27290_/Q
 _27291_/Q
 _27292_/Q
 _27293_/Q
 _27294_/Q
 _27295_/Q
 _27296_/Q
 _27297_/Q
 _27298_/Q
 _27299_/Q
 _27300_/Q
 _27301_/Q
 _27302_/Q
 _27303_/Q
 _27304_/Q
 _27305_/Q
 _27306_/Q
 _27307_/Q
 _27308_/Q
 _27309_/Q
 _27310_/Q
 _27311_/Q
 _27312_/Q
 _27313_/Q
 _27314_/Q
 _27315_/Q
 _27316_/Q
 _27317_/Q
 _27318_/Q
 _27319_/Q
 _27320_/Q
 _27321_/Q
 _27322_/Q
 _27323_/Q
 _27324_/Q
 _27325_/Q
 _27326_/Q
 _27327_/Q
 _27328_/Q
 _27329_/Q
 _27330_/Q
 _27331_/Q
 _27332_/Q
 _27333_/Q
 _27334_/Q
 _27335_/Q
 _27336_/Q
 _27337_/Q
 _27338_/Q
 _27339_/Q
 _27340_/Q
 _27341_/Q
 _27342_/Q
 _27343_/Q
 _27344_/Q
 _27345_/Q
 _27346_/Q
 _27347_/Q
 _27348_/Q
 _27349_/Q
 _27350_/Q
 _27351_/Q
 _27352_/Q
 _27353_/Q
 _27354_/Q
 _27355_/Q
 _27356_/Q
 _27357_/Q
 _27358_/Q
 _27359_/Q
 _27360_/Q
 _27361_/Q
 _27362_/Q
 _27363_/Q
 _27364_/Q
 _27365_/Q
 _27366_/Q
 _27367_/Q
 _27368_/Q
 _27369_/Q
 _27370_/Q
 _27371_/Q
 _27372_/Q
 _27373_/Q
 _27374_/Q
 _27375_/Q
 _27376_/Q
 _27377_/Q
 _27378_/Q
 _27379_/Q
 _27380_/Q
 _27381_/Q
 _27382_/Q
 _27383_/Q
 _27384_/Q
 _27385_/Q
 _27386_/Q
 _27387_/Q
 _27388_/Q
 _27389_/Q
 _27390_/Q
 _27391_/Q
 _27392_/Q
 _27393_/Q
 _27394_/Q
 _27395_/Q
 _27396_/Q
 _27397_/Q
 _27398_/Q
 _27399_/Q
 _27400_/Q
 _27401_/Q
 _27402_/Q
 _27403_/Q
 _27404_/Q
 _27405_/Q
 _27406_/Q
 _27407_/Q
 _27408_/Q
 _27409_/Q
 _27410_/Q
 _27411_/Q
 _27412_/Q
 _27413_/Q
 _27414_/Q
 _27415_/Q
 _27416_/Q
 _27417_/Q
 _27418_/Q
 _27419_/Q
 _27420_/Q
 _27421_/Q
 _27422_/Q
 _27423_/Q
 _27424_/Q
 _27425_/Q
 _27426_/Q
 _27427_/Q
 _27428_/Q
 _27429_/Q
 _27430_/Q
 _27431_/Q
 _27432_/Q
 _27433_/Q
 _27434_/Q
 _27435_/Q
 _27436_/Q
 _27437_/Q
 _27438_/Q
 _27439_/Q
 _27440_/Q
 _27441_/Q
 _27442_/Q
 _27443_/Q
 _27444_/Q
 _27445_/Q
 _27446_/Q
 _27447_/Q
 _27448_/Q
 _27449_/Q
 _27450_/Q
 _27451_/Q
 _27452_/Q
 _27453_/Q
 _27454_/Q
 _27455_/Q
 _27456_/Q
 _27457_/Q
 _27458_/Q
 _27459_/Q
 _27460_/Q
 _27461_/Q
 _27462_/Q
 _27463_/Q
 _27464_/Q
 _27465_/Q
 _27466_/Q
 _27467_/Q
 _27468_/Q
 _27469_/Q
 _27470_/Q
 _27471_/Q
 _27472_/Q
 _27473_/Q
 _27474_/Q
 _27475_/Q
 _27476_/Q
 _27477_/Q
 _27478_/Q
 _27479_/Q
 _27480_/Q
 _27481_/Q
 _27482_/Q
 _27483_/Q
 _27484_/Q
 _27485_/Q
 _27486_/Q
 _27487_/Q
 _27488_/Q
 _27489_/Q
 _27490_/Q
 _27491_/Q
 _27492_/Q
 _27493_/Q
 _27494_/Q
 _27495_/Q
 _27496_/Q
 _27497_/Q
 _27498_/Q
 _27499_/Q
 _27500_/Q
 _27501_/Q
 _27502_/Q
 _27503_/Q
 _27504_/Q
 _27505_/Q
 _27506_/Q
 _27507_/Q
 _27508_/Q
 _27509_/Q
 _27510_/Q
 _27511_/Q
 _27512_/Q
 _27513_/Q
 _27514_/Q
 _27515_/Q
 _27516_/Q
 _27517_/Q
 _27518_/Q
 _27519_/Q
 _27520_/Q
 _27521_/Q
 _27522_/Q
 _27523_/Q
 _27524_/Q
 _27525_/Q
 _27526_/Q
 _27527_/Q
 _27528_/Q
 _27529_/Q
 _27530_/Q
 _27531_/Q
 _27532_/Q
 _27533_/Q
 _27534_/Q
 _27535_/Q
 _27536_/Q
 _27537_/Q
 _27538_/Q
 _27539_/Q
 _27540_/Q
 _27541_/Q
 _27542_/Q
 _27543_/Q
 _27544_/Q
 _27545_/Q
 _27546_/Q
 _27547_/Q
 _27548_/Q
 _27549_/Q
 _27550_/Q
 _27551_/Q
 _27552_/Q
 _27553_/Q
 _27554_/Q
 _27555_/Q
 _27556_/Q
 _27557_/Q
 _27558_/Q
 _27559_/Q
 _27560_/Q
 _27561_/Q
 _27562_/Q
 _27563_/Q
 _27564_/Q
 _27565_/Q
 _27566_/Q
 _27567_/Q
 _27568_/Q
 _27569_/Q
 _27570_/Q
 _27571_/Q
 _27572_/Q
 _27573_/Q
 _27574_/Q
 _27575_/Q
 _27576_/Q
 _27577_/Q
 _27578_/Q
 _27579_/Q
 _27580_/Q
 _27581_/Q
 _27582_/Q
 _27583_/Q
 _27584_/Q
 _27585_/Q
 _27586_/Q
 _27587_/Q
 _27588_/Q
 _27589_/Q
 _27590_/Q
 _27591_/Q
 _27592_/Q
 _27593_/Q
 _27594_/Q
 _27595_/Q
 _27596_/Q
 _27597_/Q
 _27598_/Q
 _27599_/Q
 _27600_/Q
 _27601_/Q
 _27602_/Q
 _27603_/Q
 _27604_/Q
 _27605_/Q
 _27606_/Q
 _27607_/Q
 _27608_/Q
 _27609_/Q
 _27610_/Q
 _27611_/Q
 _27612_/Q
 _27613_/Q
 _27614_/Q
 _27615_/Q
 _27616_/Q
 _27617_/Q
 _27618_/Q
 _27619_/Q
 _27620_/Q
 _27621_/Q
 _27622_/Q
 _27623_/Q
 _27624_/Q
 _27625_/Q
 _27626_/Q
 _27627_/Q
 _27628_/Q
 _27629_/Q
 _27630_/Q
 _27631_/Q
 _27632_/Q
 _27633_/Q
 _27634_/Q
 _27635_/Q
 _27636_/Q
 _27637_/Q
 _27638_/Q
 _27639_/Q
 _27640_/Q
 _27641_/Q
 _27642_/Q
 _27643_/Q
 _27644_/Q
 _27645_/Q
 _27646_/Q
 _27647_/Q
 _27648_/Q
 _27649_/Q
 _27650_/Q
 _27651_/Q
 _27652_/Q
 _27653_/Q
 _27654_/Q
 _27655_/Q
 _27656_/Q
 _27657_/Q
 _27658_/Q
 _27659_/Q
 _27660_/Q
 _27661_/Q
 _27662_/Q
 _27663_/Q
 _27664_/Q
 _27665_/Q
 _27666_/Q
 _27667_/Q
 _27668_/Q
 _27669_/Q
 _27670_/Q
 _27671_/Q
 _27672_/Q
 _27673_/Q
 _27674_/Q
 _27675_/Q
 _27676_/Q
 _27677_/Q
 _27678_/Q
 _27679_/Q
 _27680_/Q
 _27681_/Q
 _27682_/Q
 _27683_/Q
 _27684_/Q
 _27685_/Q
 _27686_/Q
 _27687_/Q
 _27688_/Q
 _27689_/Q
 _27690_/Q
 _27691_/Q
 _27692_/Q
 _27693_/Q
 _27694_/Q
 _27695_/Q
 _27696_/Q
 _27697_/Q
 _27698_/Q
 _27699_/Q
 _27700_/Q
 _27701_/Q
 _27702_/Q
 _27703_/Q
 _27704_/Q
 _27705_/Q
 _27706_/Q
 _27707_/Q
 _27708_/Q
 _27709_/Q
 _27710_/Q
 _27711_/Q
 _27712_/Q
 _27713_/Q
 _27714_/Q
 _27715_/Q
 _27716_/Q
 _27717_/Q
 _27718_/Q
 _27719_/Q
 _27720_/Q
 _27721_/Q
 _27722_/Q
 _27723_/Q
 _27724_/Q
 _27725_/Q
 _27726_/Q
 _27727_/Q
 _27728_/Q
 _27729_/Q
 _27730_/Q
 _27731_/Q
 _27732_/Q
 _27733_/Q
 _27734_/Q
 _27735_/Q
 _27736_/Q
 _27737_/Q
 _27738_/Q
 _27739_/Q
 _27740_/Q
 _27741_/Q
 _27742_/Q
 _27743_/Q
 _27744_/Q
 _27745_/Q
 _27746_/Q
 _27747_/Q
 _27748_/Q
 _27749_/Q
 _27750_/Q
 _27751_/Q
 _27752_/Q
 _27753_/Q
 _27754_/Q
 _27755_/Q
 _27756_/Q
 _27757_/Q
 _27758_/Q
 _27759_/Q
 _27760_/Q
 _27761_/Q
 _27762_/Q
 _27763_/Q
 _27764_/Q
 _27765_/Q
 _27766_/Q
 _27767_/Q
 _27768_/Q
 _27769_/Q
 _27770_/Q
 _27771_/Q
 _27772_/Q
 _27773_/Q
 _27774_/Q
 _27775_/Q
 _27776_/Q
 _27777_/Q
 _27778_/Q
 _27779_/Q
 _27780_/Q
 _27781_/Q
 _27782_/Q
 _27783_/Q
 _27784_/Q
 _27785_/Q
 _27786_/Q
 _27787_/Q
 _27788_/Q
 _27789_/Q
 _27790_/Q
 _27791_/Q
 _27792_/Q
 _27793_/Q
 _27794_/Q
 _27795_/Q
 _27796_/Q
 _27797_/Q
 _27798_/Q
 _27799_/Q
 _27800_/Q
 _27801_/Q
 _27802_/Q
 _27803_/Q
 _27804_/Q
 _27805_/Q
 _27806_/Q
 _27807_/Q
 _27808_/Q
 _27809_/Q
 _27810_/Q
 _27811_/Q
 _27812_/Q
 _27813_/Q
 _27814_/Q
 _27815_/Q
 _27816_/Q
 _27817_/Q
 _27818_/Q
 _27819_/Q
 _27820_/Q
 _27821_/Q
 _27822_/Q
 _27823_/Q
 _27824_/Q
 _27825_/Q
 _27826_/Q
 _27827_/Q
 _27828_/Q
 _27829_/Q
 _27830_/Q
 _27831_/Q
 _27832_/Q
 _27833_/Q
 _27834_/Q
 _27835_/Q
 _27836_/Q
 _27837_/Q
 _27838_/Q
 _27839_/Q
 _27840_/Q
 _27841_/Q
 _27842_/Q
 _27843_/Q
 _27844_/Q
 _27845_/Q
 _27846_/Q
 _27847_/Q
 _27848_/Q
 _27849_/Q
 _27850_/Q
 _27851_/Q
 _27852_/Q
 _27853_/Q
 _27854_/Q
 _27855_/Q
 _27856_/Q
 _27857_/Q
 _27858_/Q
 _27859_/Q
 _27860_/Q
 _27861_/Q
 _27862_/Q
 _27863_/Q
 _27864_/Q
 _27865_/Q
 _27866_/Q
 _27867_/Q
 _27868_/Q
 _27869_/Q
 _27870_/Q
 _27871_/Q
 _27872_/Q
 _27873_/Q
 _27874_/Q
 _27875_/Q
 _27876_/Q
 _27877_/Q
 _27878_/Q
 _27879_/Q
 _27880_/Q
 _27881_/Q
 _27882_/Q
 _27883_/Q
 _27884_/Q
 _27885_/Q
 _27886_/Q
 _27887_/Q
 _27888_/Q
 _27889_/Q
 _27890_/Q
 _27891_/Q
 _27892_/Q
 _27893_/Q
 _27894_/Q
 _27895_/Q
 _27896_/Q
 _27897_/Q
 _27898_/Q
 _27899_/Q
 _27900_/Q
 _27901_/Q
 _27902_/Q
 _27903_/Q
 _27904_/Q
 _27905_/Q
 _27906_/Q
 _27907_/Q
 _27908_/Q
 _27909_/Q
 _27910_/Q
 _27911_/Q
 _27912_/Q
 _27913_/Q
 _27914_/Q
 _27915_/Q
 _27916_/Q
 _27917_/Q
 _27918_/Q
 _27919_/Q
 _27920_/Q
 _27921_/Q
 _27922_/Q
 _27923_/Q
 _27924_/Q
 _27925_/Q
 _27926_/Q
 _27927_/Q
 _27928_/Q
 _27929_/Q
 _27930_/Q
 _27931_/Q
 _27932_/Q
 _27933_/Q
 _27934_/Q
 _27935_/Q
 _27936_/Q
 _27937_/Q
 _27938_/Q
 _27939_/Q
 _27940_/Q
 _27941_/Q
 _27942_/Q
 _27943_/Q
 _27944_/Q
 _27945_/Q
 _27946_/Q
 _27947_/Q
 _27948_/Q
 _27949_/Q
 _27950_/Q
 _27951_/Q
 _27952_/Q
 _27953_/Q
 _27954_/Q
 _27955_/Q
 _27956_/Q
 _27957_/Q
 _27958_/Q
 _27959_/Q
 _27960_/Q
 _27961_/Q
 _27962_/Q
 _27963_/Q
 _27964_/Q
 _27965_/Q
 _27966_/Q
 _27967_/Q
 _27968_/Q
 _27969_/Q
 _27970_/Q
 _27971_/Q
 _27972_/Q
 _27973_/Q
 _27974_/Q
 _27975_/Q
 _27976_/Q
 _27977_/Q
 _27978_/Q
 _27979_/Q
 _27980_/Q
 _27981_/Q
 _27982_/Q
 _27983_/Q
 _27984_/Q
 _27985_/Q
 _27986_/Q
 _27987_/Q
 _27988_/Q
 _27989_/Q
 _27990_/Q
 _27991_/Q
 _27992_/Q
 _27993_/Q
 _27994_/Q
 _27995_/Q
 _27996_/Q
 _27997_/Q
 _27998_/Q
 _27999_/Q
 _28000_/Q
 _28001_/Q
 _28002_/Q
 _28003_/Q
 _28004_/Q
 _28005_/Q
 _28006_/Q
 _28007_/Q
 _28008_/Q
 _28009_/Q
 _28010_/Q
 _28011_/Q
 _28012_/Q
 _28013_/Q
 _28014_/Q
 _28015_/Q
 _28016_/Q
 _28017_/Q
 _28018_/Q
 _28019_/Q
 _28020_/Q
 _28021_/Q
 _28022_/Q
 _28023_/Q
 _28024_/Q
 _28025_/Q
 _28026_/Q
 _28027_/Q
 _28028_/Q
 _28029_/Q
 _28030_/Q
 _28031_/Q
 _28032_/Q
 _28033_/Q
 _28034_/Q
 _28035_/Q
 _28036_/Q
 _28037_/Q
 _28038_/Q
 _28039_/Q
 _28040_/Q
 _28041_/Q
 _28042_/Q
 _28043_/Q
 _28044_/Q
 _28045_/Q
 _28046_/Q
 _28047_/Q
 _28048_/Q
 _28049_/Q
 _28050_/Q
 _28051_/Q
 _28052_/Q
 _28053_/Q
 _28054_/Q
 _28055_/Q
 _28056_/Q
 _28057_/Q
 _28058_/Q
 _28059_/Q
 _28060_/Q
 _28061_/Q
 _28062_/Q
 _28063_/Q
 _28064_/Q
 _28065_/Q
 _28066_/Q
 _28067_/Q
 _28068_/Q
 _28069_/Q
 _28070_/Q
 _28071_/Q
 _28072_/Q
 _28073_/Q
 _28074_/Q
 _28075_/Q
 _28076_/Q
 _28077_/Q
 _28078_/Q
 _28079_/Q
 _28080_/Q
 _28081_/Q
 _28082_/Q
 _28083_/Q
 _28084_/Q
 _28085_/Q
 _28086_/Q
 _28087_/Q
 _28088_/Q
 _28089_/Q
 _28090_/Q
 _28091_/Q
 _28092_/Q
 _28093_/Q
 _28094_/Q
 _28095_/Q
 _28096_/Q
 _28097_/Q
 _28098_/Q
 _28099_/Q
 _28100_/Q
 _28101_/Q
 _28102_/Q
 _28103_/Q
 _28104_/Q
 _28105_/Q
 _28106_/Q
 _28107_/Q
 _28108_/Q
 _28109_/Q
 _28110_/Q
 _28111_/Q
 _28112_/Q
 _28113_/Q
 _28114_/Q
 _28115_/Q
 _28116_/Q
 _28117_/Q
 _28118_/Q
 _28119_/Q
 _28120_/Q
 _28121_/Q
 _28122_/Q
 _28123_/Q
 _28124_/Q
 _28125_/Q
 _28126_/Q
 _28127_/Q
 _28128_/Q
 _28129_/Q
 _28130_/Q
 _28131_/Q
 _28132_/Q
 _28133_/Q
 _28134_/Q
 _28135_/Q
 _28136_/Q
 _28137_/Q
 _28138_/Q
 _28139_/Q
 _28140_/Q
 _28141_/Q
 _28142_/Q
 _28143_/Q
 _28144_/Q
 _28145_/Q
 _28146_/Q
 _28147_/Q
 _28148_/Q
 _28149_/Q
 _28150_/Q
 _28151_/Q
 _28152_/Q
 _28153_/Q
 _28154_/Q
 _28155_/Q
 _28156_/Q
 _28157_/Q
 _28158_/Q
 _28159_/Q
 _28160_/Q
 _28161_/Q
 _28162_/Q
 _28163_/Q
 _28164_/Q
 _28165_/Q
 _28166_/Q
 _28167_/Q
 _28168_/Q
 _28169_/Q
 _28170_/Q
 _28171_/Q
 _28172_/Q
 _28173_/Q
 _28174_/Q
 _28175_/Q
 _28176_/Q
 _28177_/Q
 _28178_/Q
 _28179_/Q
 _28180_/Q
 _28181_/Q
 _28182_/Q
 _28183_/Q
 _28184_/Q
 _28185_/Q
 _28186_/Q
 _28187_/Q
 _28188_/Q
 _28189_/Q
 _28190_/Q
 _28191_/Q
 _28192_/Q
 _28193_/Q
 _28194_/Q
 _28195_/Q
 _28196_/Q
 _28197_/Q
 _28198_/Q
 _28199_/Q
 _28200_/Q
 _28201_/Q
 _28202_/Q
 _28203_/Q
 _28204_/Q
 _28205_/Q
 _28206_/Q
 _28207_/Q
 _28208_/Q
 _28209_/Q
 _28210_/Q
 _28211_/Q
 _28212_/Q
 _28213_/Q
 _28214_/Q
 _28215_/Q
 _28216_/Q
 _28217_/Q
 _28218_/Q
 _28219_/Q
 _28220_/Q
 _28221_/Q
 _28222_/Q
 _28223_/Q
 _28224_/Q
 _28225_/Q
 _28226_/Q
 _28227_/Q
 _28228_/Q
 _28229_/Q
 _28230_/Q
 _28231_/Q
 _28232_/Q
 _28233_/Q
 _28234_/Q
 _28235_/Q
 _28236_/Q
 _28237_/Q
 _28238_/Q
 _28239_/Q
 _28240_/Q
 _28241_/Q
 _28242_/Q
 _28243_/Q
 _28244_/Q
 _28245_/Q
 _28246_/Q
 _28247_/Q
 _28248_/Q
 _28249_/Q
 _28250_/Q
 _28251_/Q
 _28252_/Q
 _28253_/Q
 _28254_/Q
 _28255_/Q
 _28256_/Q
 _28257_/Q
 _28258_/Q
 _28259_/Q
 _28260_/Q
 _28261_/Q
 _28262_/Q
 _28263_/Q
 _28264_/Q
 _28265_/Q
 _28266_/Q
 _28267_/Q
 _28268_/Q
 _28269_/Q
 _28270_/Q
 _28271_/Q
 _28272_/Q
 _28273_/Q
 _28274_/Q
 _28275_/Q
 _28276_/Q
 _28277_/Q
 _28278_/Q
 _28279_/Q
 _28280_/Q
 _28281_/Q
 _28282_/Q
 _28283_/Q
 _28284_/Q
 _28285_/Q
 _28286_/Q
 _28287_/Q
 _28288_/Q
 _28289_/Q
 _28290_/Q
 _28291_/Q
 _28292_/Q
 _28293_/Q
 _28294_/Q
 _28295_/Q
 _28296_/Q
 _28297_/Q
 _28298_/Q
 _28299_/Q
 _28300_/Q
 _28301_/Q
 _28302_/Q
 _28303_/Q
 _28304_/Q
 _28305_/Q
 _28306_/Q
 _28307_/Q
 _28308_/Q
 _28309_/Q
 _28310_/Q
 _28311_/Q
 _28312_/Q
 _28313_/Q
 _28314_/Q
 _28315_/Q
 _28316_/Q
 _28317_/Q
 _28318_/Q
 _28319_/Q
 _28320_/Q
 _28321_/Q
 _28322_/Q
 _28323_/Q
 _28324_/Q
 _28325_/Q
 _28326_/Q
 _28327_/Q
 _28328_/Q
 _28329_/Q
 _28330_/Q
 _28331_/Q
 _28332_/Q
 _28333_/Q
 _28334_/Q
 _28335_/Q
 _28336_/Q
 _28337_/Q
 _28338_/Q
 _28339_/Q
 _28340_/Q
 _28341_/Q
 _28342_/Q
 _28343_/Q
 _28344_/Q
 _28345_/Q
 _28346_/Q
 _28347_/Q
 _28348_/Q
 _28349_/Q
 _28350_/Q
 _28351_/Q
 _28352_/Q
 _28353_/Q
 _28354_/Q
 _28355_/Q
 _28356_/Q
 _28357_/Q
 _28358_/Q
 _28359_/Q
 _28360_/Q
 _28361_/Q
 _28362_/Q
 _28363_/Q
 _28364_/Q
 _28365_/Q
 _28366_/Q
 _28367_/Q
 _28368_/Q
 _28369_/Q
 _28370_/Q
 _28371_/Q
 _28372_/Q
 _28373_/Q
 _28374_/Q
 _28375_/Q
 _28376_/Q
 _28377_/Q
 _28378_/Q
 _28379_/Q
 _28380_/Q
 _28381_/Q
 _28382_/Q
 _28383_/Q
 _28384_/Q
 _28385_/Q
 _28386_/Q
 _28387_/Q
 _28388_/Q
 _28389_/Q
 _28390_/Q
 _28391_/Q
 _28392_/Q
 _28393_/Q
 _28394_/Q
 _28395_/Q
 _28396_/Q
 _28397_/Q
 _28398_/Q
 _28399_/Q
 _28400_/Q
 _28401_/Q
 _28402_/Q
 _28403_/Q
 _28404_/Q
 _28405_/Q
 _28406_/Q
 _28407_/Q
 _28408_/Q
 _28409_/Q
 _28410_/Q
 _28411_/Q
 _28412_/Q
 _28413_/Q
 _28414_/Q
 _28415_/Q
 _28416_/Q
 _28417_/Q
 _28418_/Q
 _28419_/Q
 _28420_/Q
 _28421_/Q
 _28422_/Q
 _28423_/Q
 _28424_/Q
 _28425_/Q
 _28426_/Q
 _28427_/Q
 _28428_/Q
 _28429_/Q
 _28430_/Q
 _28431_/Q
 _28432_/Q
 _28433_/Q
 _28434_/Q
 _28435_/Q
 _28436_/Q
 _28437_/Q
 _28438_/Q
 _28439_/Q
 _28440_/Q
 _28441_/Q
 _28442_/Q
 _28443_/Q
 _28444_/Q
 _28445_/Q
 _28446_/Q
 _28447_/Q
 _28448_/Q
 _28449_/Q
 _28450_/Q
 _28451_/Q
 _28452_/Q
 _28453_/Q
 _28454_/Q
 _28455_/Q
 _28456_/Q
 _28457_/Q
 _28458_/Q
 _28459_/Q
 _28460_/Q
 _28461_/Q
 _28462_/Q
 _28463_/Q
 _28464_/Q
 _28465_/Q
 _28466_/Q
 _28467_/Q
 _28468_/Q
 _28469_/Q
 _28470_/Q
 _28471_/Q
 _28472_/Q
 _28473_/Q
 _28474_/Q
 _28475_/Q
 _28476_/Q
 _28477_/Q
 _28478_/Q
 _28479_/Q
 _28480_/Q
 _28481_/Q
 _28482_/Q
 _28483_/Q
 _28484_/Q
 _28485_/Q
 _28486_/Q
 _28487_/Q
 _28488_/Q
 _28489_/Q
 _28490_/Q
 _28491_/Q
 _28492_/Q
 _28493_/Q
 _28494_/Q
 _28495_/Q
 _28496_/Q
 _28497_/Q
 _28498_/Q
 _28499_/Q
 _28500_/Q
 _28501_/Q
 _28502_/Q
 _28503_/Q
 _28504_/Q
 _28505_/Q
 _28506_/Q
 _28507_/Q
 _28508_/Q
 _28509_/Q
 _28510_/Q
 _28511_/Q
 _28512_/Q
 _28513_/Q
 _28514_/Q
 _28515_/Q
 _28516_/Q
 _28517_/Q
 _28518_/Q
 _28519_/Q
 _28520_/Q
 _28521_/Q
 _28522_/Q
 _28523_/Q
 _28524_/Q
 _28525_/Q
 _28526_/Q
 _28527_/Q
 _28528_/Q
 _28529_/Q
 _28530_/Q
 _28531_/Q
 _28532_/Q
 _28533_/Q
 _28534_/Q
 _28535_/Q
 _28536_/Q
 _28537_/Q
 _28538_/Q
 _28539_/Q
 _28540_/Q
 _28541_/Q
 _28542_/Q
 _28543_/Q
 _28544_/Q
 _28545_/Q
 _28546_/Q
 _28547_/Q
 _28548_/Q
 _28549_/Q
 _28550_/Q
 _28551_/Q
 _28552_/Q
 _28553_/Q
 _28554_/Q
 _28555_/Q
 _28556_/Q
 _28557_/Q
 _28558_/Q
 _28559_/Q
 _28560_/Q
 _28561_/Q
 _28562_/Q
 _28563_/Q
 _28564_/Q
 _28565_/Q
 _28566_/Q
 _28567_/Q
 _28568_/Q
 _28569_/Q
 _28570_/Q
 _28571_/Q
 _28572_/Q
 _28573_/Q
 _28574_/Q
 _28575_/Q
 _28576_/Q
 _28577_/Q
 _28578_/Q
 _28579_/Q
 _28580_/Q
 _28581_/Q
 _28582_/Q
 _28583_/Q
 _28584_/Q
 _28585_/Q
 _28586_/Q
 _28587_/Q
 _28588_/Q
 _28589_/Q
 _28590_/Q
 _28591_/Q
 _28592_/Q
 _28593_/Q
 _28594_/Q
 _28595_/Q
 _28596_/Q
 _28597_/Q
 _28598_/Q
 _28599_/Q
 _28600_/Q
 _28601_/Q
 _28602_/Q
 _28603_/Q
 _28604_/Q
 _28605_/Q
 _28606_/Q
 _28607_/Q
 _28608_/Q
 _28609_/Q
 _28610_/Q
 _28611_/Q
 _28612_/Q
 _28613_/Q
 _28614_/Q
 _28615_/Q
 _28616_/Q
 _28617_/Q
 _28618_/Q
 _28619_/Q
 _28620_/Q
 _28621_/Q
 _28622_/Q
 _28623_/Q
 _28624_/Q
 _28625_/Q
 _28626_/Q
 _28627_/Q
 _28628_/Q
 _28629_/Q
 _28630_/Q
 _28631_/Q
 _28632_/Q
 _28633_/Q
 _28634_/Q
 _28635_/Q
 _28636_/Q
 _28637_/Q
 _28638_/Q
 _28639_/Q
 _28640_/Q
 _28641_/Q
 _28642_/Q
 _28643_/Q
 _28644_/Q
 _28645_/Q
 _28646_/Q
 _28647_/Q
 _28648_/Q
 _28649_/Q
 _28650_/Q
 _28651_/Q
 _28652_/Q
 _28653_/Q
 _28654_/Q
 _28655_/Q
 _28656_/Q
 _28657_/Q
 _28658_/Q
 _28659_/Q
 _28660_/Q
 _28661_/Q
 _28662_/Q
 _28663_/Q
 _28664_/Q
 _28665_/Q
 _28666_/Q
 _28667_/Q
 _28668_/Q
 _28669_/Q
 _28670_/Q
 _28671_/Q
 _28672_/Q
 _28673_/Q
 _28674_/Q
 _28675_/Q
 _28676_/Q
 _28677_/Q
 _28678_/Q
 _28679_/Q
 _28680_/Q
 _28681_/Q
 _28682_/Q
 _28683_/Q
 _28684_/Q
 _28685_/Q
 _28686_/Q
 _28687_/Q
 _28688_/Q
 _28689_/Q
 _28690_/Q
 _28691_/Q
 _28692_/Q
 _28693_/Q
 _28694_/Q
 _28695_/Q
 _28696_/Q
 _28697_/Q
 _28698_/Q
 _28699_/Q
 _28700_/Q
 _28701_/Q
 _28702_/Q
 _28703_/Q
 _28704_/Q
 _28705_/Q
 _28706_/Q
 _28707_/Q
 _28708_/Q
 _28709_/Q
 _28710_/Q
 _28711_/Q
 _28712_/Q
 _28713_/Q
 _28714_/Q
 _28715_/Q
 _28716_/Q
 _28717_/Q
 _28718_/Q
 _28719_/Q
 _28720_/Q
 _28721_/Q
 _28722_/Q
 _28723_/Q
 _28724_/Q
 _28725_/Q
 _28726_/Q
 _28727_/Q
 _28728_/Q
 _28729_/Q
 _28730_/Q
 _28731_/Q
 _28732_/Q
 _28733_/Q
 _28734_/Q
 _28735_/Q
 _28736_/Q
 _28737_/Q
 _28738_/Q
 _28739_/Q
 _28740_/Q
 _28741_/Q
 _28742_/Q
 _28743_/Q
 _28744_/Q
 _28745_/Q
 _28746_/Q
 _28747_/Q
 _28748_/Q
 _28749_/Q
 _28750_/Q
 _28751_/Q
 _28752_/Q
 _28753_/Q
 _28754_/Q
 _28755_/Q
 _28756_/Q
 _28757_/Q
 _28758_/Q
 _28759_/Q
 _28760_/Q
 _28761_/Q
 _28762_/Q
 _28763_/Q
 _28764_/Q
 _28765_/Q
 _28766_/Q
 _28767_/Q
 _28768_/Q
 _28769_/Q
 _28770_/Q
 _28771_/Q
 _28772_/Q
 _28773_/Q
 _28774_/Q
 _28775_/Q
 _28776_/Q
 _28777_/Q
 _28778_/Q
 _28779_/Q
 _28780_/Q
 _28781_/Q
 _28782_/Q
 _28783_/Q
 _28784_/Q
 _28785_/Q
 _28786_/Q
 _28787_/Q
 _28788_/Q
 _28789_/Q
 _28790_/Q
 _28791_/Q
 _28792_/Q
 _28793_/Q
 _28794_/Q
 _28795_/Q
 _28796_/Q
 _28797_/Q
 _28798_/Q
 _28799_/Q
 _28800_/Q
 _28801_/Q
 _28802_/Q
 _28803_/Q
 _28804_/Q
 _28805_/Q
 _28806_/Q
 _28807_/Q
 _28808_/Q
 _28809_/Q
 _28810_/Q
 _28811_/Q
 _28812_/Q
 _28813_/Q
 _28814_/Q
 _28815_/Q
 _28816_/Q
 _28817_/Q
 _28818_/Q
 _28819_/Q
 _28820_/Q
 _28821_/Q
 _28822_/Q
 _28823_/Q
 _28824_/Q
 _28825_/Q
 _28826_/Q
 _28827_/Q
 _28828_/Q
 _28829_/Q
 _28830_/Q
 _28831_/Q
 _28832_/Q
 _28833_/Q
 _28834_/Q
 _28835_/Q
 _28836_/Q
 _28837_/Q
 _28838_/Q
 _28839_/Q
 _28840_/Q
 _28841_/Q
 _28842_/Q
 _28843_/Q
 _28844_/Q
 _28845_/Q
 _28846_/Q
 _28847_/Q
 _28848_/Q
 _28849_/Q
 _28850_/Q
 _28851_/Q
 _28852_/Q
 _28853_/Q
 _28854_/Q
 _28855_/Q
 _28856_/Q
 _28857_/Q
 _28858_/Q
 _28859_/Q
 _28860_/Q
 _28861_/Q
 _28862_/Q
 _28863_/Q
 _28864_/Q
 _28865_/Q
 _28866_/Q
 _28867_/Q
 _28868_/Q
 _28869_/Q
 _28870_/Q
 _28871_/Q
 _28872_/Q
 _28873_/Q
 _28874_/Q
 _28875_/Q
 _28876_/Q
 _28877_/Q
 _28878_/Q
 _28879_/Q
 _28880_/Q
 _28881_/Q
 _28882_/Q
 _28883_/Q
 _28884_/Q
 _28885_/Q
 _28886_/Q
 _28887_/Q
 _28888_/Q
 _28889_/Q
 _28890_/Q
 _28891_/Q
 _28892_/Q
 _28893_/Q
 _28894_/Q
 _28895_/Q
 _28896_/Q
 _28897_/Q
 _28898_/Q
 _28899_/Q
 _28900_/Q
 _28901_/Q
 _28902_/Q
 _28903_/Q
 _28904_/Q
 _28905_/Q
 _28906_/Q
 _28907_/Q
 _28908_/Q
 _28909_/Q
 _28910_/Q
 _28911_/Q
 _28912_/Q
 _28913_/Q
 _28914_/Q
 _28915_/Q
 _28916_/Q
 _28917_/Q
 _28918_/Q
 _28919_/Q
 _28920_/Q
 _28921_/Q
 _28922_/Q
 _28923_/Q
 _28924_/Q
 _28925_/Q
 _28926_/Q
 _28927_/Q
 _28928_/Q
 _28929_/Q
 _28930_/Q
 _28931_/Q
 _28932_/Q
 _28933_/Q
 _28934_/Q
 _28935_/Q
 _28936_/Q
 _28937_/Q
 _28938_/Q
 _28939_/Q
 _28940_/Q
 _28941_/Q
 _28942_/Q
 _28943_/Q
 _28944_/Q
 _28945_/Q
 _28946_/Q
 _28947_/Q
 _28948_/Q
 _28949_/Q
 _28950_/Q
 _28951_/Q
 _28952_/Q
 _28953_/Q
 _28954_/Q
 _28955_/Q
 _28956_/Q
 _28957_/Q
 _28958_/Q
 _28959_/Q
 _28960_/Q
 _28961_/Q
 _28962_/Q
 _28963_/Q
 _28964_/Q
 _28965_/Q
 _28966_/Q
 _28967_/Q
 _28968_/Q
 _28969_/Q
 _28970_/Q
 _28971_/Q
 _28972_/Q
 _28973_/Q
 _28974_/Q
 _28975_/Q
 _28976_/Q
 _28977_/Q
 _28978_/Q
 _28979_/Q
 _28980_/Q
 _28981_/Q
 _28982_/Q
 _28983_/Q
 _28984_/Q
 _28985_/Q
 _28986_/Q
 _28987_/Q
 _28988_/Q
 _28989_/Q
 _28990_/Q
 _28991_/Q
 _28992_/Q
 _28993_/Q
 _28994_/Q
 _28995_/Q
 _28996_/Q
 _28997_/Q
 _28998_/Q
 _28999_/Q
 _29000_/Q
 _29001_/Q
 _29002_/Q
 _29003_/Q
 _29004_/Q
 _29005_/Q
 _29006_/Q
 _29007_/Q
 _29008_/Q
 _29009_/Q
 _29010_/Q
 _29011_/Q
 _29012_/Q
 _29013_/Q
 _29014_/Q
 _29015_/Q
 _29016_/Q
 _29017_/Q
 _29018_/Q
 _29019_/Q
 _29020_/Q
 _29021_/Q
 _29022_/Q
 _29023_/Q
 _29024_/Q
 _29025_/Q
 _29026_/Q
 _29027_/Q
 _29028_/Q
 _29029_/Q
 _29030_/Q
 _29031_/Q
 _29032_/Q
 _29033_/Q
 _29034_/Q
 _29035_/Q
 _29036_/Q
 _29037_/Q
 _29038_/Q
 _29039_/Q
 _29040_/Q
 _29041_/Q
 _29042_/Q
 _29043_/Q
 _29044_/Q
 _29045_/Q
 _29046_/Q
 _29047_/Q
 _29048_/Q
 _29049_/Q
 _29050_/Q
 _29051_/Q
 _29052_/Q
 _29053_/Q
 _29054_/Q
 _29055_/Q
 _29056_/Q
 _29057_/Q
 _29058_/Q
 _29059_/Q
 _29060_/Q
 _29061_/Q
 _29062_/Q
 _29063_/Q
 _29064_/Q
 _29065_/Q
 _29066_/Q
 _29067_/Q
 _29068_/Q
 _29069_/Q
 _29070_/Q
 _29071_/Q
 _29072_/Q
 _29073_/Q
 _29074_/Q
 _29075_/Q
 _29076_/Q
 _29077_/Q
 _29078_/Q
 _29079_/Q
 _29080_/Q
 _29081_/Q
 _29082_/Q
 _29083_/Q
 _29084_/Q
 _29085_/Q
 _29086_/Q
 _29087_/Q
 _29088_/Q
 _29089_/Q
 _29090_/Q
 _29091_/Q
 _29092_/Q
 _29093_/Q
 _29094_/Q
 _29095_/Q
 _29096_/Q
 _29097_/Q
 _29098_/Q
 _29099_/Q
 _29100_/Q
 _29101_/Q
 _29102_/Q
 _29103_/Q
 _29104_/Q
 _29105_/Q
 _29106_/Q
 _29107_/Q
 _29108_/Q
 _29109_/Q
 _29110_/Q
 _29111_/Q
 _29112_/Q
 _29113_/Q
 _29114_/Q
 _29115_/Q
 _29116_/Q
 _29117_/Q
 _29118_/Q
 _29119_/Q
 _29120_/Q
 _29121_/Q
 _29122_/Q
 _29123_/Q
 _29124_/Q
 _29125_/Q
 _29126_/Q
 _29127_/Q
 _29128_/Q
 _29129_/Q
 _29130_/Q
 _29131_/Q
 _29132_/Q
 _29133_/Q
 _29134_/Q
 _29135_/Q
 _29136_/Q
 _29137_/Q
 _29138_/Q
 _29139_/Q
 _29140_/Q
 _29141_/Q
 _29142_/Q
 _29143_/Q
 _29144_/Q
 _29145_/Q
 _29146_/Q
 _29147_/Q
 _29148_/Q
 _29149_/Q
 _29150_/Q
 _29151_/Q
 _29152_/Q
 _29153_/Q
 _29154_/Q
 _29155_/Q
 _29156_/Q
 _29157_/Q
 _29158_/Q
 _29159_/Q
 _29160_/Q
 _29161_/Q
 _29162_/Q
 _29163_/Q
 _29164_/Q
 _29165_/Q
 _29166_/Q
 _29167_/Q
 _29168_/Q
 _29169_/Q
 _29170_/Q
 _29171_/Q
 _29172_/Q
 _29173_/Q
 _29174_/Q
 _29175_/Q
 _29176_/Q
 _29177_/Q
 _29178_/Q
 _29179_/Q
 _29180_/Q
 _29181_/Q
 _29182_/Q
 _29183_/Q
 _29184_/Q
 _29185_/Q
 _29186_/Q
 _29187_/Q
 _29188_/Q
 _29189_/Q
 _29190_/Q
 _29191_/Q
 _29192_/Q
 _29193_/Q
 _29194_/Q
 _29195_/Q
 _29196_/Q
 _29197_/Q
 _29198_/Q
 _29199_/Q
 _29200_/Q
 _29201_/Q
 _29202_/Q
 _29203_/Q
 _29204_/Q
 _29205_/Q
 _29206_/Q
 _29207_/Q
 _29208_/Q
 _29209_/Q
 _29210_/Q
 _29211_/Q
 _29212_/Q
 _29213_/Q
 _29214_/Q
 _29215_/Q
 _29216_/Q
 _29217_/Q
 _29218_/Q
 _29219_/Q
 _29220_/Q
 _29221_/Q
 _29222_/Q
 _29223_/Q
 _29224_/Q
 _29225_/Q
 _29226_/Q
 _29227_/Q
 _29228_/Q
 _29229_/Q
 _29230_/Q
 _29231_/Q
 _29232_/Q
 _29233_/Q
 _29234_/Q
 _29235_/Q
 _29236_/Q
 _29237_/Q
 _29238_/Q
 _29239_/Q
 _29240_/Q
 _29241_/Q
 _29242_/Q
 _29243_/Q
 _29244_/Q
 _29245_/Q
 _29246_/Q
 _29247_/Q
 _29248_/Q
 _29249_/Q
 _29250_/Q
 _29251_/Q
 _29252_/Q
 _29253_/Q
 _29254_/Q
 _29255_/Q
 _29256_/Q
 _29257_/Q
 _29258_/Q
 _29259_/Q
 _29260_/Q
 _29261_/Q
 _29262_/Q
 _29263_/Q
 _29264_/Q
 _29265_/Q
 _29266_/Q
 _29267_/Q
 _29268_/Q
 _29269_/Q
 _29270_/Q
 _29271_/Q
 _29272_/Q
 _29273_/Q
 _29274_/Q
 _29275_/Q
 _29276_/Q
 _29277_/Q
 _29278_/Q
 _29279_/Q
 _29280_/Q
 _29281_/Q
 _29282_/Q
 _29283_/Q
 _29284_/Q
 _29285_/Q
 _29286_/Q
 _29287_/Q
 _29288_/Q
 _29289_/Q
 _29290_/Q
 _29291_/Q
 _29292_/Q
 _29293_/Q
 _29294_/Q
 _29295_/Q
 _29296_/Q
 _29297_/Q
 _29298_/Q
 _29299_/Q
 _29300_/Q
 _29301_/Q
 _29302_/Q
 _29303_/Q
 _29304_/Q
 _29305_/Q
 _29306_/Q
 _29307_/Q
 _29308_/Q
 _29309_/Q
 _29310_/Q
 _29311_/Q
 _29312_/Q
 _29313_/Q
 _29314_/Q
 _29315_/Q
 _29316_/Q
 _29317_/Q
 _29318_/Q
 _29319_/Q
 _29320_/Q
 _29321_/Q
 _29322_/Q
 _29323_/Q
 _29324_/Q
 _29325_/Q
 _29326_/Q
 _29327_/Q
 _29328_/Q
 _29329_/Q
 _29330_/Q
 _29331_/Q
 _29332_/Q
 _29333_/Q
 _29334_/Q
 _29335_/Q
 _29336_/Q
 _29337_/Q
 _29338_/Q
 _29339_/Q
 _29340_/Q
 _29341_/Q
 _29342_/Q
 _29343_/Q
 _29344_/Q
 _29345_/Q
 _29346_/Q
 _29347_/Q
 _29348_/Q
 _29349_/Q
 _29350_/Q
 _29351_/Q
 _29352_/Q
 _29353_/Q
 _29354_/Q
 _29355_/Q
 _29356_/Q
 _29357_/Q
 _29358_/Q
 _29359_/Q
 _29360_/Q
 _29361_/Q
 _29362_/Q
 _29363_/Q
 _29364_/Q
 _29365_/Q
 _29366_/Q
 _29367_/Q
 _29368_/Q
 _29369_/Q
 _29370_/Q
 _29371_/Q
 _29372_/Q
 _29373_/Q
 _29374_/Q
 _29375_/Q
 _29376_/Q
 _29377_/Q
 _29378_/Q
 _29379_/Q
 _29380_/Q
 _29381_/Q
 _29382_/Q
 _29383_/Q
 _29384_/Q
 _29385_/Q
 _29386_/Q
 _29387_/Q
 _29388_/Q
 _29389_/Q
 _29390_/Q
 _29391_/Q
 _29392_/Q
 _29393_/Q
 _29394_/Q
 _29395_/Q
 _29396_/Q
 _29397_/Q
 _29398_/Q
 _29399_/Q
 _29400_/Q
 _29401_/Q
 _29402_/Q
 _29403_/Q
 _29404_/Q
 _29405_/Q
 _29406_/Q
 _29407_/Q
 _29408_/Q
 _29409_/Q
 _29410_/Q
 _29411_/Q
 _29412_/Q
 _29413_/Q
 _29414_/Q
 _29415_/Q
 _29416_/Q
 _29417_/Q
 _29418_/Q
 _29419_/Q
 _29420_/Q
 _29421_/Q
 _29422_/Q
 _29423_/Q
 _29424_/Q
 _29425_/Q
 _29426_/Q
 _29427_/Q
 _29428_/Q
 _29429_/Q
 _29430_/Q
 _29431_/Q
 _29432_/Q
 _29433_/Q
 _29434_/Q
 _29435_/Q
 _29436_/Q
 _29437_/Q
 _29438_/Q
 _29439_/Q
 _29440_/Q
 _29441_/Q
 _29442_/Q
 _29443_/Q
 _29444_/Q
 _29445_/Q
 _29446_/Q
 _29447_/Q
 _29448_/Q
 _29449_/Q
 _29450_/Q
 _29451_/Q
 _29452_/Q
 _29453_/Q
 _29454_/Q
 _29455_/Q
 _29456_/Q
 _29457_/Q
 _29458_/Q
 _29459_/Q
 _29460_/Q
 _29461_/Q
 _29462_/Q
 _29463_/Q
 _29464_/Q
 _29465_/Q
 _29466_/Q
 _29467_/Q
 _29468_/Q
 _29469_/Q
 _29470_/Q
 _29471_/Q
 _29472_/Q
 _29473_/Q
 _29474_/Q
 _29475_/Q
 _29476_/Q
 _29477_/Q
 _29478_/Q
 _29479_/Q
 _29480_/Q
 _29481_/Q
 _29482_/Q
 _29483_/Q
 _29484_/Q
 _29485_/Q
 _29486_/Q
 _29487_/Q
 _29488_/Q
 _29489_/Q
 _29490_/Q
 _29491_/Q
 _29492_/Q
 _29493_/Q
 _29494_/Q
 _29495_/Q
 _29496_/Q
 _29497_/Q
 _29498_/Q
 _29499_/Q
 _29500_/Q
 _29501_/Q
 _29502_/Q
 _29503_/Q
 _29504_/Q
 _29505_/Q
 _29506_/Q
 _29507_/Q
 _29508_/Q
 _29509_/Q
 _29510_/Q
 _29511_/Q
 _29512_/Q
 _29513_/Q
 _29514_/Q
 _29515_/Q
 _29516_/Q
 _29517_/Q
 _29518_/Q
 _29519_/Q
 _29520_/Q
 _29521_/Q
 _29522_/Q
 _29523_/Q
 _29524_/Q
 _29525_/Q
 _29526_/Q
 _29527_/Q
 _29528_/Q
 _29529_/Q
 _29530_/Q
 _29531_/Q
 _29532_/Q
 _29533_/Q
 _29534_/Q
 _29535_/Q
 _29536_/Q
 _29537_/Q
 _29538_/Q
 _29539_/Q
 _29540_/Q
 _29541_/Q
 _29542_/Q
 _29543_/Q
 _29544_/Q
 _29545_/Q
 _29546_/Q
 _29547_/Q
 _29548_/Q
 _29549_/Q
 _29550_/Q
 _29551_/Q
 _29552_/Q
 _29553_/Q
 _29554_/Q
 _29555_/Q
 _29556_/Q
 _29557_/Q
 _29558_/Q
 _29559_/Q
 _29560_/Q
 _29561_/Q
 _29562_/Q
 _29563_/Q
 _29564_/Q
 _29565_/Q
 _29566_/Q
 _29567_/Q
 _29568_/Q
 _29569_/Q
 _29570_/Q
 _29571_/Q
 _29572_/Q
 _29573_/Q
 _29574_/Q
 _29575_/Q
 _29576_/Q
 _29577_/Q
 _29578_/Q
 _29579_/Q
 _29580_/Q
 _29581_/Q
 _29582_/Q
 _29583_/Q
 _29584_/Q
 _29585_/Q
 _29586_/Q
 _29587_/Q
 _29588_/Q
 _29589_/Q
 _29590_/Q
 _29591_/Q
 _29592_/Q
 _29593_/Q
 _29594_/Q
 _29595_/Q
 _29596_/Q
 _29597_/Q
 _29598_/Q
 _29599_/Q
 _29600_/Q
 _29601_/Q
 _29602_/Q
 _29603_/Q
 _29604_/Q
 _29605_/Q
 _29606_/Q
 _29607_/Q
 _29608_/Q
 _29609_/Q
 _29610_/Q
 _29611_/Q
 _29612_/Q
 _29613_/Q
 _29614_/Q
 _29615_/Q
 _29616_/Q
 _29617_/Q
 _29618_/Q
 _29619_/Q
 _29620_/Q
 _29621_/Q
 _29622_/Q
 _29623_/Q
 _29624_/Q
 _29625_/Q
 _29626_/Q
 _29627_/Q
 _29628_/Q
 _29629_/Q
 _29630_/Q
 _29631_/Q
 _29632_/Q
 _29633_/Q
 _29634_/Q
 _29635_/Q
 _29636_/Q
 _29637_/Q
 _29638_/Q
 _29639_/Q
 _29640_/Q
 _29641_/Q
 _29642_/Q
 _29643_/Q
 _29644_/Q
 _29645_/Q
 _29646_/Q
 _29647_/Q
 _29648_/Q
 _29649_/Q
 _29650_/Q
 _29651_/Q
 _29652_/Q
 _29653_/Q
 _29654_/Q
 _29655_/Q
 _29656_/Q
 _29657_/Q
 _29658_/Q
 _29659_/Q
 _29660_/Q
 _29661_/Q
 _29662_/Q
 _29663_/Q
 _29664_/Q
 _29665_/Q
 _29666_/Q
 _29667_/Q
 _29668_/Q
 _29669_/Q
 _29670_/Q
 _29671_/Q
 _29672_/Q
 _29673_/Q
 _29674_/Q
 _29675_/Q
 _29676_/Q
 _29677_/Q
 _29678_/Q
 _29679_/Q
 _29680_/Q
 _29681_/Q
 _29682_/Q
 _29683_/Q
 _29684_/Q
 _29685_/Q
 _29686_/Q
 _29687_/Q
 _29688_/Q
 _29689_/Q
 _29690_/Q
 _29691_/Q
 _29692_/Q
 _29693_/Q
 _29694_/Q
 _29695_/Q
 _29696_/Q
 _29697_/Q
 _29698_/Q
 _29699_/Q
 _29700_/Q
 _29701_/Q
 _29702_/Q
 _29703_/Q
 _29704_/Q
 _29705_/Q
 _29706_/Q
 _29707_/Q
 _29708_/Q
 _29709_/Q
 _29710_/Q
 _29711_/Q
 _29712_/Q
 _29713_/Q
 _29714_/Q
 _29715_/Q
 _29716_/Q
 _29717_/Q
 _29718_/Q
 _29719_/Q
 _29720_/Q
 _29721_/Q
 _29722_/Q
 _29723_/Q
 _29724_/Q
 _29725_/Q
 _29726_/Q
 _29727_/Q
 _29728_/Q
 _29729_/Q
 _29730_/Q
 _29731_/Q
 _29732_/Q
 _29733_/Q
 _29734_/Q
 _29735_/Q
 _29736_/Q
 _29737_/Q
 _29738_/Q
 _29739_/Q
 _29740_/Q
 _29741_/Q
 _29742_/Q
 _29743_/Q
 _29744_/Q
 _29745_/Q
 _29746_/Q
 _29747_/Q
 _29748_/Q
 _29749_/Q
 _29750_/Q
 _29751_/Q
 _29752_/Q
 _29753_/Q
 _29754_/Q
 _29755_/Q
 _29756_/Q
 _29757_/Q
 _29758_/Q
 _29759_/Q
 _29760_/Q
 _29761_/Q
 _29762_/Q
 _29763_/Q
 _29764_/Q
 _29765_/Q
 _29766_/Q
 _29767_/Q
 _29768_/Q
 _29769_/Q
 _29770_/Q
 _29771_/Q
 _29772_/Q
 _29773_/Q
 _29774_/Q
 _29775_/Q
 _29776_/Q
 _29777_/Q
 _29778_/Q
 _29779_/Q
 _29780_/Q
 _29781_/Q
 _29782_/Q
 _29783_/Q
 _29784_/Q
 _29785_/Q
 _29786_/Q
 _29787_/Q
 _29788_/Q
 _29789_/Q
 _29790_/Q
 _29791_/Q
 _29792_/Q
 _29793_/Q
 _29794_/Q
 _29795_/Q
 _29796_/Q
 _29797_/Q
 _29798_/Q
 _29799_/Q
 _29800_/Q
 _29801_/Q
 _29802_/Q
 _29803_/Q
 _29804_/Q
 _29805_/Q
 _29806_/Q
 _29807_/Q
 _29808_/Q
 _29809_/Q
 _29810_/Q
 _29811_/Q
 _29812_/Q
 _29813_/Q
 _29814_/Q
 _29815_/Q
 _29816_/Q
 _29817_/Q
 _29818_/Q
 _29819_/Q
 _29820_/Q
 _29821_/Q
 _29822_/Q
 _29823_/Q
 _29824_/Q
 _29825_/Q
 _29826_/Q
 _29827_/Q
 _29828_/Q
 _29829_/Q
 _29830_/Q
 _29831_/Q
 _29832_/Q
 _29833_/Q
 _29834_/Q
 _29835_/Q
 _29836_/Q
 _29837_/Q
 _29838_/Q
 _29839_/Q
 _29840_/Q
 _29841_/Q
 _29842_/Q
 _29843_/Q
 _29844_/Q
 _29845_/Q
 _29846_/Q
 _29847_/Q
 _29848_/Q
 _29849_/Q
 _29850_/Q
 _29851_/Q
 _29852_/Q
 _29853_/Q
 _29854_/Q
 _29855_/Q
 _29856_/Q
 _29857_/Q
 _29858_/Q
 _29859_/Q
 _29860_/Q
 _29861_/Q
 _29862_/Q
 _29863_/Q
 _29864_/Q
 _29865_/Q
 _29866_/Q
 _29867_/Q
 _29868_/Q
 _29869_/Q
 _29870_/Q
 _29871_/Q
 _29872_/Q
 _29873_/Q
 _29874_/Q
 _29875_/Q
 _29876_/Q
 _29877_/Q
 _29878_/Q
 _29879_/Q
 _29880_/Q
 _29881_/Q
 _29882_/Q
 _29883_/Q
 _29884_/Q
 _29885_/Q
 _29886_/Q
 _29887_/Q
 _29888_/Q
 _29889_/Q
 _29890_/Q
 _29891_/Q
 _29892_/Q
 _29893_/Q
 _29894_/Q
 _29895_/Q
 _29896_/Q
 _29897_/Q
 _29898_/Q
 _29899_/Q
 _29900_/Q
 _29901_/Q
 _29902_/Q
 _29903_/Q
 _29904_/Q
 _29905_/Q
 _29906_/Q
 _29907_/Q
 _29908_/Q
 _29909_/Q
 _29910_/Q
 _29911_/Q
 _29912_/Q
 _29913_/Q
 _29914_/Q
 _29915_/Q
 _29916_/Q
 _29917_/Q
 _29918_/Q
 _29919_/Q
 _29920_/Q
 _29921_/Q
 _29922_/Q
 _29923_/Q
 _29924_/Q
 _29925_/Q
 _29926_/Q
 _29927_/Q
 _29928_/Q
 _29929_/Q
 _29930_/Q
 _29931_/Q
 _29932_/Q
 _29933_/Q
 _29934_/Q
 _29935_/Q
 _29936_/Q
 _29937_/Q
 _29938_/Q
 _29939_/Q
 _29940_/Q
 _29941_/Q
 _29942_/Q
 _29943_/Q
 _29944_/Q
 _29945_/Q
 _29946_/Q
 _29947_/Q
 _29948_/Q
 _29949_/Q
 _29950_/Q
 _29951_/Q
 _29952_/Q
 _29953_/Q
 _29954_/Q
 _29955_/Q
 _29956_/Q
 _29957_/Q
 _29958_/Q
 _29959_/Q
 _29960_/Q
 _29961_/Q
 _29962_/Q
 _29963_/Q
 _29964_/Q
 _29965_/Q
 _29966_/Q
 _29967_/Q
 _29968_/Q
 _29969_/Q
 _29970_/Q
 _29971_/Q
 _29972_/Q
 _29973_/Q
 _29974_/Q
 _29975_/Q
 _29976_/Q
 _29977_/Q
 _29978_/Q
 _29979_/Q
 _29980_/Q
 _29981_/Q
 _29982_/Q
 _29983_/Q
 _29984_/Q
 _29985_/Q
 _29986_/Q
 _29987_/Q
 _29988_/Q
 _29989_/Q
 _29990_/Q
 _29991_/Q
 _29992_/Q
 _29993_/Q
 _29994_/Q
 _29995_/Q
 _29996_/Q
 _29997_/Q
 _29998_/Q
 _29999_/Q
 _30000_/Q
 _30001_/Q
 _30002_/Q
 _30003_/Q
 _30004_/Q
 _30005_/Q
 _30006_/Q
 _30007_/Q
 _30008_/Q
 _30009_/Q
 _30010_/Q
 _30011_/Q
 _30012_/Q
 _30013_/Q
 _30014_/Q
 _30015_/Q
 _30016_/Q
 _30017_/Q
 _30018_/Q
 _30019_/Q
 _30020_/Q
 _30021_/Q
 _30022_/Q
 _30023_/Q
 _30024_/Q
 _30025_/Q
 _30026_/Q
 _30027_/Q
 _30028_/Q
 _30029_/Q
 _30030_/Q
 _30031_/Q
 _30032_/Q
 _30033_/Q
 _30034_/Q
 _30035_/Q
 _30036_/Q
 _30037_/Q
 _30038_/Q
 _30039_/Q
 _30040_/Q
 _30041_/Q
 _30042_/Q
 _30043_/Q
 _30044_/Q
 _30045_/Q
 _30046_/Q
 _30047_/Q
 _30048_/Q
 _30049_/Q
 _30050_/Q
 _30051_/Q
 _30052_/Q
 _30053_/Q
 _30054_/Q
 _30055_/Q
 _30056_/Q
 _30057_/Q
 _30058_/Q
 _30059_/Q
 _30060_/Q
 _30061_/Q
 _30062_/Q
 _30063_/Q
 _30064_/Q
 _30065_/Q
 _30066_/Q
 _30067_/Q
 _30068_/Q
 _30069_/Q
 _30070_/Q
 _30071_/Q
 _30072_/Q
 _30073_/Q
 _30074_/Q
 _30075_/Q
 _30076_/Q
 _30077_/Q
 _30078_/Q
 _30079_/Q
 _30080_/Q
 _30081_/Q
 _30082_/Q
 _30083_/Q
 _30084_/Q
 _30085_/Q
 _30086_/Q
 _30087_/Q
 _30088_/Q
 _30089_/Q
 _30090_/Q
 _30091_/Q
 _30092_/Q
 _30093_/Q
 _30094_/Q
 _30095_/Q
 _30096_/Q
 _30097_/Q
 _30098_/Q
 _30099_/Q
 _30100_/Q
 _30101_/Q
 _30102_/Q
 _30103_/Q
 _30104_/Q
 _30105_/Q
 _30106_/Q
 _30107_/Q
 _30108_/Q
 _30109_/Q
 _30110_/Q
 _30111_/Q
 _30112_/Q
 _30113_/Q
 _30114_/Q
 _30115_/Q
 _30116_/Q
 _30117_/Q
 _30118_/Q
 _30119_/Q
 _30120_/Q
 _30121_/Q
 _30122_/Q
 _30123_/Q
 _30124_/Q
 _30125_/Q
 _30126_/Q
 _30127_/Q
 _30128_/Q
 _30129_/Q
 _30130_/Q
 _30131_/Q
 _30132_/Q
 _30133_/Q
 _30134_/Q
 _30135_/Q
 _30136_/Q
 _30137_/Q
 _30138_/Q
 _30139_/Q
 _30140_/Q
 _30141_/Q
 _30142_/Q
 _30143_/Q
 _30144_/Q
 _30145_/Q
 _30146_/Q
 _30147_/Q
 _30148_/Q
 _30149_/Q
 _30150_/Q
 _30151_/Q
 _30152_/Q
 _30153_/Q
 _30154_/Q
 _30155_/Q
 _30156_/Q
 _30157_/Q
 _30158_/Q
 _30159_/Q
 _30160_/Q
 _30161_/Q
 _30162_/Q
 _30163_/Q
 _30164_/Q
 _30165_/Q
 _30166_/Q
 _30167_/Q
 _30168_/Q
 _30169_/Q
 _30170_/Q
 _30171_/Q
 _30172_/Q
 _30173_/Q
 _30174_/Q
 _30175_/Q
 _30176_/Q
 _30177_/Q
 _30178_/Q
 _30179_/Q
 _30180_/Q
 _30181_/Q
 _30182_/Q
 _30183_/Q
 _30184_/Q
 _30185_/Q
 _30186_/Q
 _30187_/Q
 _30188_/Q
 _30189_/Q
 _30190_/Q
 _30191_/Q
 _30192_/Q
 _30193_/Q
 _30194_/Q
 _30195_/Q
 _30196_/Q
 _30197_/Q
 _30198_/Q
 _30199_/Q
 _30200_/Q
 _30201_/Q
 _30202_/Q
 _30203_/Q
 _30204_/Q
 _30205_/Q
 _30206_/Q
 _30207_/Q
 _30208_/Q
 _30209_/Q
 _30210_/Q
 _30211_/Q
 _30212_/Q
 _30213_/Q
 _30214_/Q
 _30215_/Q
 _30216_/Q
 _30217_/Q
 _30218_/Q
 _30219_/Q
 _30220_/Q
 _30221_/Q
 _30222_/Q
 _30223_/Q
 _30224_/Q
 _30225_/Q
 _30226_/Q
 _30227_/Q
 _30228_/Q
 _30229_/Q
 _30230_/Q
 _30231_/Q
 _30232_/Q
 _30233_/Q
 _30234_/Q
 _30235_/Q
 _30236_/Q
 _30237_/Q
 _30238_/Q
 _30239_/Q
 _30240_/Q
 _30241_/Q
 _30242_/Q
 _30243_/Q
 _30244_/Q
 _30245_/Q
 _30246_/Q
 _30247_/Q
 _30248_/Q
 _30249_/Q
 _30250_/Q
 _30251_/Q
 _30252_/Q
 _30253_/Q
 _30254_/Q
 _30255_/Q
 _30256_/Q
 _30257_/Q
 _30258_/Q
 _30259_/Q
 _30260_/Q
 _30261_/Q
 _30262_/Q
 _30263_/Q
 _30264_/Q
 _30265_/Q
 _30266_/Q
 _30267_/Q
 _30268_/Q
 _30269_/Q
 _30270_/Q
 _30271_/Q
 _30272_/Q
 _30273_/Q
 _30274_/Q
 _30275_/Q
 _30276_/Q
 _30277_/Q
 _30278_/Q
 _30279_/Q
 _30280_/Q
 _30281_/Q
 _30282_/Q
 _30283_/Q
 _30284_/Q
 _30285_/Q
 _30286_/Q
 _30287_/Q
 _30288_/Q
 _30289_/Q
 _30290_/Q
 _30291_/Q
 _30292_/Q
 _30293_/Q
 _30294_/Q
 _30295_/Q
 _30296_/Q
 _30297_/Q
 _30298_/Q
 _30299_/Q
 _30300_/Q
 _30301_/Q
 _30302_/Q
 _30303_/Q
 _30304_/Q
 _30305_/Q
 _30306_/Q
 _30307_/Q
 _30308_/Q
 _30309_/HI
 _30309_/LO
 _30310_/HI
 _30310_/LO
 _30311_/HI
 _30311_/LO
 _30312_/HI
 _30312_/LO
 _30313_/HI
 _30313_/LO
 _30314_/X
Found 0 partially unannotated drivers.

===========================================================================
max slew violation count 1468
max fanout violation count 6
max cap violation count 1
============================================================================

===========================================================================
check_setup -verbose -unconstrained_endpoints -multiple_clock -no_clock -no_input_delay -loops -generated_clocks
===========================================================================
