
===========================================================================
report_checks -unconstrained
===========================================================================
======================= min_ff_n40C_1v95 Corner ===================================

Startpoint: reset (input port clocked by clk)
Endpoint: _7215_ (recovery check against rising-edge clock clk)
Path Group: asynchronous
Path Type: max

Fanout         Cap        Slew       Delay        Time   Description
---------------------------------------------------------------------------------------------
                      0.150000    0.000000    0.000000   clock clk (rise edge)
                                  0.000000    0.000000   clock network delay (ideal)
                                  5.000000    5.000000 v input external delay
   428    1.833975    2.690581    2.024060    7.024061 v reset (in)
                                                         reset (net)
                      2.690581    0.000000    7.024061 v _6495_/A (sky130_fd_sc_hd__inv_2)
     1    0.018112    0.363004    0.621159    7.645220 ^ _6495_/Y (sky130_fd_sc_hd__inv_2)
                                                         _0236_ (net)
                      0.363004    0.000265    7.645484 ^ _7215_/RESET_B (sky130_fd_sc_hd__dfrtp_2)
                                              7.645484   data arrival time

                      0.150000   25.000000   25.000000   clock clk (rise edge)
                                  0.000000   25.000000   clock network delay (ideal)
                                 -0.250000   24.750000   clock uncertainty
                                  0.000000   24.750000   clock reconvergence pessimism
                                             24.750000 ^ _7215_/CLK (sky130_fd_sc_hd__dfrtp_2)
                                  0.068537   24.818537   library recovery time
                                             24.818537   data required time
---------------------------------------------------------------------------------------------
                                             24.818537   data required time
                                             -7.645484   data arrival time
---------------------------------------------------------------------------------------------
                                             17.173054   slack (MET)


Startpoint: _6980_ (rising edge-triggered flip-flop clocked by clk)
Endpoint: alu_result_out[0] (output port clocked by clk)
Path Group: clk
Path Type: max

Fanout         Cap        Slew       Delay        Time   Description
---------------------------------------------------------------------------------------------
                      0.150000    0.000000    0.000000   clock clk (rise edge)
                                  0.000000    0.000000   clock network delay (ideal)
                      0.150000    0.000000    0.000000 ^ _6980_/CLK (sky130_fd_sc_hd__dfrtp_2)
    20    0.112774    0.403764    0.509359    0.509359 ^ _6980_/Q (sky130_fd_sc_hd__dfrtp_2)
                                                         pc_out[3] (net)
                      0.403764    0.000000    0.509359 ^ _3316_/A (sky130_fd_sc_hd__nor2b_2)
     1    0.017157    0.095444    0.054539    0.563897 v _3316_/Y (sky130_fd_sc_hd__nor2b_2)
                                                         _1266_ (net)
                      0.095444    0.000000    0.563897 v _3317_/A (sky130_fd_sc_hd__buf_2)
     9    0.029914    0.056893    0.138611    0.702508 v _3317_/X (sky130_fd_sc_hd__buf_2)
                                                         _1267_ (net)
                      0.056893    0.000000    0.702508 v _3332_/B (sky130_fd_sc_hd__nand2_2)
     2    0.008784    0.057843    0.065994    0.768502 ^ _3332_/Y (sky130_fd_sc_hd__nand2_2)
                                                         _1281_ (net)
                      0.057843    0.000160    0.768663 ^ _3341_/A (sky130_fd_sc_hd__inv_2)
     4    0.022091    0.040232    0.045346    0.814009 v _3341_/Y (sky130_fd_sc_hd__inv_2)
                                                         _1289_ (net)
                      0.040232    0.000056    0.814064 v _3345_/A (sky130_fd_sc_hd__nor2_4)
     7    0.067895    0.305655    0.256331    1.070395 ^ _3345_/Y (sky130_fd_sc_hd__nor2_4)
                                                         _1293_ (net)
                      0.305656    0.000481    1.070876 ^ _3346_/A (sky130_fd_sc_hd__inv_2)
     6    0.047526    0.130567    0.119124    1.190000 v _3346_/Y (sky130_fd_sc_hd__inv_2)
                                                         instruction_out[2] (net)
                      0.130567    0.000000    1.190000 v _3347_/B (sky130_fd_sc_hd__or2_2)
     2    0.010895    0.052600    0.214332    1.404332 v _3347_/X (sky130_fd_sc_hd__or2_2)
                                                         _1294_ (net)
                      0.052600    0.000267    1.404599 v _3352_/A (sky130_fd_sc_hd__nor2_2)
     8    0.036563    0.289115    0.248434    1.653033 ^ _3352_/Y (sky130_fd_sc_hd__nor2_2)
                                                         _1299_ (net)
                      0.289125    0.001404    1.654437 ^ _3358_/A2 (sky130_fd_sc_hd__o211a_4)
     4    0.038282    0.097980    0.162471    1.816908 ^ _3358_/X (sky130_fd_sc_hd__o211a_4)
                                                         _1304_ (net)
                      0.097980    0.000000    1.816908 ^ _3431_/A (sky130_fd_sc_hd__buf_6)
    10    0.026591    0.048899    0.090285    1.907193 ^ _3431_/X (sky130_fd_sc_hd__buf_6)
                                                         _1371_ (net)
                      0.048899    0.000000    1.907193 ^ _3475_/A2 (sky130_fd_sc_hd__a211oi_2)
     4    0.017275    0.061681    0.067208    1.974401 v _3475_/Y (sky130_fd_sc_hd__a211oi_2)
                                                         _1415_ (net)
                      0.061688    0.000522    1.974923 v _3485_/A (sky130_fd_sc_hd__or3_4)
     4    0.017431    0.060343    0.262468    2.237391 v _3485_/X (sky130_fd_sc_hd__or3_4)
                                                         _1425_ (net)
                      0.060343    0.000159    2.237550 v _3501_/A1 (sky130_fd_sc_hd__a21o_2)
     3    0.010766    0.039209    0.142556    2.380107 v _3501_/X (sky130_fd_sc_hd__a21o_2)
                                                         _1441_ (net)
                      0.039209    0.000112    2.380218 v _3504_/A1 (sky130_fd_sc_hd__a21oi_2)
     3    0.012359    0.127685    0.132238    2.512456 ^ _3504_/Y (sky130_fd_sc_hd__a21oi_2)
                                                         _1444_ (net)
                      0.127685    0.000160    2.512616 ^ _3523_/A3 (sky130_fd_sc_hd__o311a_4)
     5    0.022124    0.062972    0.134261    2.646878 ^ _3523_/X (sky130_fd_sc_hd__o311a_4)
                                                         _1461_ (net)
                      0.062973    0.000433    2.647311 ^ _4299_/A1 (sky130_fd_sc_hd__a21o_2)
     5    0.029048    0.113475    0.141041    2.788352 ^ _4299_/X (sky130_fd_sc_hd__a21o_2)
                                                         _2167_ (net)
                      0.113522    0.000951    2.789303 ^ _4370_/A1 (sky130_fd_sc_hd__a211o_2)
     4    0.025256    0.094865    0.142404    2.931707 ^ _4370_/X (sky130_fd_sc_hd__a211o_2)
                                                         _2238_ (net)
                      0.094869    0.000741    2.932448 ^ _4378_/A3 (sky130_fd_sc_hd__a31o_4)
     5    0.029230    0.078445    0.137231    3.069679 ^ _4378_/X (sky130_fd_sc_hd__a31o_4)
                                                         _2246_ (net)
                      0.078473    0.001404    3.071083 ^ _4384_/B (sky130_fd_sc_hd__nand3_2)
     2    0.006115    0.041088    0.051261    3.122343 v _4384_/Y (sky130_fd_sc_hd__nand3_2)
                                                         _2252_ (net)
                      0.041088    0.000064    3.122407 v _4443_/A2 (sky130_fd_sc_hd__a2111o_2)
     3    0.016512    0.070960    0.319985    3.442392 v _4443_/X (sky130_fd_sc_hd__a2111o_2)
                                                         _2311_ (net)
                      0.070960    0.000502    3.442894 v _4454_/A1 (sky130_fd_sc_hd__a211o_2)
     2    0.008108    0.044166    0.203309    3.646203 v _4454_/X (sky130_fd_sc_hd__a211o_2)
                                                         _2322_ (net)
                      0.044166    0.000049    3.646251 v _4455_/C1 (sky130_fd_sc_hd__o211a_2)
     2    0.014281    0.049579    0.096167    3.742418 v _4455_/X (sky130_fd_sc_hd__o211a_2)
                                                         _2323_ (net)
                      0.049580    0.000252    3.742670 v _4457_/A2 (sky130_fd_sc_hd__o21a_2)
     3    0.010689    0.038337    0.140682    3.883352 v _4457_/X (sky130_fd_sc_hd__o21a_2)
                                                         _2325_ (net)
                      0.038337    0.000075    3.883427 v _4459_/A2 (sky130_fd_sc_hd__o211a_2)
     3    0.029275    0.072254    0.197985    4.081411 v _4459_/X (sky130_fd_sc_hd__o211a_2)
                                                         _2327_ (net)
                      0.072308    0.001820    4.083231 v _4465_/A (sky130_fd_sc_hd__nor2_2)
     2    0.024528    0.200915    0.192510    4.275742 ^ _4465_/Y (sky130_fd_sc_hd__nor2_2)
                                                         _2333_ (net)
                      0.200929    0.001410    4.277152 ^ _5650_/A (sky130_fd_sc_hd__inv_2)
     1    0.033442    0.086114    0.080538    4.357690 v _5650_/Y (sky130_fd_sc_hd__inv_2)
                                                         alu_result_out[0] (net)
                      0.086114    0.000000    4.357690 v alu_result_out[0] (out)
                                              4.357690   data arrival time

                      0.150000   25.000000   25.000000   clock clk (rise edge)
                                  0.000000   25.000000   clock network delay (ideal)
                                 -0.250000   24.750000   clock uncertainty
                                  0.000000   24.750000   clock reconvergence pessimism
                                 -5.000000   19.750000   output external delay
                                             19.750000   data required time
---------------------------------------------------------------------------------------------
                                             19.750000   data required time
                                             -4.357690   data arrival time
---------------------------------------------------------------------------------------------
                                             15.392310   slack (MET)




===========================================================================
report_checks --slack_max -0.01
============================================================================
======================= min_ff_n40C_1v95 Corner ===================================

No paths found.


===========================================================================
 report_check_types -max_slew -max_cap -max_fanout -violators
============================================================================
======================= min_ff_n40C_1v95 Corner ===================================

max slew

Pin                                        Limit        Slew       Slack
------------------------------------------------------------------------
reset                                   0.750000    6.662508   -5.912508 (VIOLATED)
_6259_/A                                0.750000    6.662508   -5.912508 (VIOLATED)
_6260_/A                                0.750000    6.662508   -5.912508 (VIOLATED)
_6261_/A                                0.750000    6.662508   -5.912508 (VIOLATED)
_6262_/A                                0.750000    6.662508   -5.912508 (VIOLATED)
_6263_/A                                0.750000    6.662508   -5.912508 (VIOLATED)
_6264_/A                                0.750000    6.662508   -5.912508 (VIOLATED)
_6265_/A                                0.750000    6.662508   -5.912508 (VIOLATED)
_6266_/A                                0.750000    6.662508   -5.912508 (VIOLATED)
_6267_/A                                0.750000    6.662508   -5.912508 (VIOLATED)
_6268_/A                                0.750000    6.662508   -5.912508 (VIOLATED)
_6269_/A                                0.750000    6.662508   -5.912508 (VIOLATED)
_6270_/A                                0.750000    6.662508   -5.912508 (VIOLATED)
_6271_/A                                0.750000    6.662508   -5.912508 (VIOLATED)
_6272_/A                                0.750000    6.662508   -5.912508 (VIOLATED)
_6273_/A                                0.750000    6.662508   -5.912508 (VIOLATED)
_6274_/A                                0.750000    6.662508   -5.912508 (VIOLATED)
_6275_/A                                0.750000    6.662508   -5.912508 (VIOLATED)
_6276_/A                                0.750000    6.662508   -5.912508 (VIOLATED)
_6277_/A                                0.750000    6.662508   -5.912508 (VIOLATED)
_6278_/A                                0.750000    6.662508   -5.912508 (VIOLATED)
_6279_/A                                0.750000    6.662508   -5.912508 (VIOLATED)
_6280_/A                                0.750000    6.662508   -5.912508 (VIOLATED)
_6281_/A                                0.750000    6.662508   -5.912508 (VIOLATED)
_6282_/A                                0.750000    6.662508   -5.912508 (VIOLATED)
_6283_/A                                0.750000    6.662508   -5.912508 (VIOLATED)
_6284_/A                                0.750000    6.662508   -5.912508 (VIOLATED)
_6285_/A                                0.750000    6.662508   -5.912508 (VIOLATED)
_6286_/A                                0.750000    6.662508   -5.912508 (VIOLATED)
_6287_/A                                0.750000    6.662508   -5.912508 (VIOLATED)
_6288_/A                                0.750000    6.662508   -5.912508 (VIOLATED)
_6289_/A                                0.750000    6.662508   -5.912508 (VIOLATED)
_6290_/A                                0.750000    6.662508   -5.912508 (VIOLATED)
_6291_/A                                0.750000    6.662508   -5.912508 (VIOLATED)
_6292_/A                                0.750000    6.662508   -5.912508 (VIOLATED)
_6293_/A                                0.750000    6.662508   -5.912508 (VIOLATED)
_6294_/A                                0.750000    6.662508   -5.912508 (VIOLATED)
_6295_/A                                0.750000    6.662508   -5.912508 (VIOLATED)
_6296_/A                                0.750000    6.662508   -5.912508 (VIOLATED)
_6297_/A                                0.750000    6.662508   -5.912508 (VIOLATED)
_6298_/A                                0.750000    6.662508   -5.912508 (VIOLATED)
_6299_/A                                0.750000    6.662508   -5.912508 (VIOLATED)
_6300_/A                                0.750000    6.662508   -5.912508 (VIOLATED)
_6301_/A                                0.750000    6.662508   -5.912508 (VIOLATED)
_6302_/A                                0.750000    6.662508   -5.912508 (VIOLATED)
_6303_/A                                0.750000    6.662508   -5.912508 (VIOLATED)
_6304_/A                                0.750000    6.662508   -5.912508 (VIOLATED)
_6305_/A                                0.750000    6.662508   -5.912508 (VIOLATED)
_6306_/A                                0.750000    6.662508   -5.912508 (VIOLATED)
_6307_/A                                0.750000    6.662508   -5.912508 (VIOLATED)
_6308_/A                                0.750000    6.662508   -5.912508 (VIOLATED)
_6309_/A                                0.750000    6.662508   -5.912508 (VIOLATED)
_6310_/A                                0.750000    6.662508   -5.912508 (VIOLATED)
_6311_/A                                0.750000    6.662508   -5.912508 (VIOLATED)
_6312_/A                                0.750000    6.662508   -5.912508 (VIOLATED)
_6313_/A                                0.750000    6.662508   -5.912508 (VIOLATED)
_6314_/A                                0.750000    6.662508   -5.912508 (VIOLATED)
_6315_/A                                0.750000    6.662508   -5.912508 (VIOLATED)
_6316_/A                                0.750000    6.662508   -5.912508 (VIOLATED)
_6317_/A                                0.750000    6.662508   -5.912508 (VIOLATED)
_6318_/A                                0.750000    6.662508   -5.912508 (VIOLATED)
_6319_/A                                0.750000    6.662508   -5.912508 (VIOLATED)
_6320_/A                                0.750000    6.662508   -5.912508 (VIOLATED)
_6321_/A                                0.750000    6.662508   -5.912508 (VIOLATED)
_6322_/A                                0.750000    6.662508   -5.912508 (VIOLATED)
_6323_/A                                0.750000    6.662508   -5.912508 (VIOLATED)
_6324_/A                                0.750000    6.662508   -5.912508 (VIOLATED)
_6325_/A                                0.750000    6.662508   -5.912508 (VIOLATED)
_6326_/A                                0.750000    6.662508   -5.912508 (VIOLATED)
_6327_/A                                0.750000    6.662508   -5.912508 (VIOLATED)
_6328_/A                                0.750000    6.662508   -5.912508 (VIOLATED)
_6329_/A                                0.750000    6.662508   -5.912508 (VIOLATED)
_6330_/A                                0.750000    6.662508   -5.912508 (VIOLATED)
_6331_/A                                0.750000    6.662508   -5.912508 (VIOLATED)
_6332_/A                                0.750000    6.662508   -5.912508 (VIOLATED)
_6333_/A                                0.750000    6.662508   -5.912508 (VIOLATED)
_6334_/A                                0.750000    6.662508   -5.912508 (VIOLATED)
_6335_/A                                0.750000    6.662508   -5.912508 (VIOLATED)
_6336_/A                                0.750000    6.662508   -5.912508 (VIOLATED)
_6337_/A                                0.750000    6.662508   -5.912508 (VIOLATED)
_6338_/A                                0.750000    6.662508   -5.912508 (VIOLATED)
_6339_/A                                0.750000    6.662508   -5.912508 (VIOLATED)
_6340_/A                                0.750000    6.662508   -5.912508 (VIOLATED)
_6341_/A                                0.750000    6.662508   -5.912508 (VIOLATED)
_6342_/A                                0.750000    6.662508   -5.912508 (VIOLATED)
_6343_/A                                0.750000    6.662508   -5.912508 (VIOLATED)
_6344_/A                                0.750000    6.662508   -5.912508 (VIOLATED)
_6345_/A                                0.750000    6.662508   -5.912508 (VIOLATED)
_6346_/A                                0.750000    6.662508   -5.912508 (VIOLATED)
_6347_/A                                0.750000    6.662508   -5.912508 (VIOLATED)
_6348_/A                                0.750000    6.662508   -5.912508 (VIOLATED)
_6349_/A                                0.750000    6.662508   -5.912508 (VIOLATED)
_6350_/A                                0.750000    6.662508   -5.912508 (VIOLATED)
_6351_/A                                0.750000    6.662508   -5.912508 (VIOLATED)
_6352_/A                                0.750000    6.662508   -5.912508 (VIOLATED)
_6353_/A                                0.750000    6.662508   -5.912508 (VIOLATED)
_6354_/A                                0.750000    6.662508   -5.912508 (VIOLATED)
_6355_/A                                0.750000    6.662508   -5.912508 (VIOLATED)
_6356_/A                                0.750000    6.662508   -5.912508 (VIOLATED)
_6357_/A                                0.750000    6.662508   -5.912508 (VIOLATED)
_6358_/A                                0.750000    6.662508   -5.912508 (VIOLATED)
_6359_/A                                0.750000    6.662508   -5.912508 (VIOLATED)
_6360_/A                                0.750000    6.662508   -5.912508 (VIOLATED)
_6361_/A                                0.750000    6.662508   -5.912508 (VIOLATED)
_6362_/A                                0.750000    6.662508   -5.912508 (VIOLATED)
_6363_/A                                0.750000    6.662508   -5.912508 (VIOLATED)
_6364_/A                                0.750000    6.662508   -5.912508 (VIOLATED)
_6365_/A                                0.750000    6.662508   -5.912508 (VIOLATED)
_6366_/A                                0.750000    6.662508   -5.912508 (VIOLATED)
_6367_/A                                0.750000    6.662508   -5.912508 (VIOLATED)
_6368_/A                                0.750000    6.662508   -5.912508 (VIOLATED)
_6369_/A                                0.750000    6.662508   -5.912508 (VIOLATED)
_6370_/A                                0.750000    6.662508   -5.912508 (VIOLATED)
_6371_/A                                0.750000    6.662508   -5.912508 (VIOLATED)
_6372_/A                                0.750000    6.662508   -5.912508 (VIOLATED)
_6373_/A                                0.750000    6.662508   -5.912508 (VIOLATED)
_6374_/A                                0.750000    6.662508   -5.912508 (VIOLATED)
_6375_/A                                0.750000    6.662508   -5.912508 (VIOLATED)
_6376_/A                                0.750000    6.662508   -5.912508 (VIOLATED)
_6377_/A                                0.750000    6.662508   -5.912508 (VIOLATED)
_6378_/A                                0.750000    6.662508   -5.912508 (VIOLATED)
_6379_/A                                0.750000    6.662508   -5.912508 (VIOLATED)
_6380_/A                                0.750000    6.662508   -5.912508 (VIOLATED)
_6381_/A                                0.750000    6.662508   -5.912508 (VIOLATED)
_6382_/A                                0.750000    6.662508   -5.912508 (VIOLATED)
_6383_/A                                0.750000    6.662508   -5.912508 (VIOLATED)
_6384_/A                                0.750000    6.662508   -5.912508 (VIOLATED)
_6385_/A                                0.750000    6.662508   -5.912508 (VIOLATED)
_6386_/A                                0.750000    6.662508   -5.912508 (VIOLATED)
_6387_/A                                0.750000    6.662508   -5.912508 (VIOLATED)
_6388_/A                                0.750000    6.662508   -5.912508 (VIOLATED)
_6389_/A                                0.750000    6.662508   -5.912508 (VIOLATED)
_6390_/A                                0.750000    6.662508   -5.912508 (VIOLATED)
_6391_/A                                0.750000    6.662508   -5.912508 (VIOLATED)
_6392_/A                                0.750000    6.662508   -5.912508 (VIOLATED)
_6393_/A                                0.750000    6.662508   -5.912508 (VIOLATED)
_6394_/A                                0.750000    6.662508   -5.912508 (VIOLATED)
_6395_/A                                0.750000    6.662508   -5.912508 (VIOLATED)
_6396_/A                                0.750000    6.662508   -5.912508 (VIOLATED)
_6397_/A                                0.750000    6.662508   -5.912508 (VIOLATED)
_6398_/A                                0.750000    6.662508   -5.912508 (VIOLATED)
_6399_/A                                0.750000    6.662508   -5.912508 (VIOLATED)
_6400_/A                                0.750000    6.662508   -5.912508 (VIOLATED)
_6401_/A                                0.750000    6.662508   -5.912508 (VIOLATED)
_6402_/A                                0.750000    6.662508   -5.912508 (VIOLATED)
_6403_/A                                0.750000    6.662508   -5.912508 (VIOLATED)
_6404_/A                                0.750000    6.662508   -5.912508 (VIOLATED)
_6405_/A                                0.750000    6.662508   -5.912508 (VIOLATED)
_6406_/A                                0.750000    6.662508   -5.912508 (VIOLATED)
_6407_/A                                0.750000    6.662508   -5.912508 (VIOLATED)
_6408_/A                                0.750000    6.662508   -5.912508 (VIOLATED)
_6409_/A                                0.750000    6.662508   -5.912508 (VIOLATED)
_6410_/A                                0.750000    6.662508   -5.912508 (VIOLATED)
_6411_/A                                0.750000    6.662508   -5.912508 (VIOLATED)
_6412_/A                                0.750000    6.662508   -5.912508 (VIOLATED)
_6413_/A                                0.750000    6.662508   -5.912508 (VIOLATED)
_6414_/A                                0.750000    6.662508   -5.912508 (VIOLATED)
_6415_/A                                0.750000    6.662508   -5.912508 (VIOLATED)
_6416_/A                                0.750000    6.662508   -5.912508 (VIOLATED)
_6417_/A                                0.750000    6.662508   -5.912508 (VIOLATED)
_6418_/A                                0.750000    6.662508   -5.912508 (VIOLATED)
_6419_/A                                0.750000    6.662508   -5.912508 (VIOLATED)
_6420_/A                                0.750000    6.662508   -5.912508 (VIOLATED)
_6421_/A                                0.750000    6.662508   -5.912508 (VIOLATED)
_6422_/A                                0.750000    6.662508   -5.912508 (VIOLATED)
_6423_/A                                0.750000    6.662508   -5.912508 (VIOLATED)
_6424_/A                                0.750000    6.662508   -5.912508 (VIOLATED)
_6425_/A                                0.750000    6.662508   -5.912508 (VIOLATED)
_6426_/A                                0.750000    6.662508   -5.912508 (VIOLATED)
_6427_/A                                0.750000    6.662508   -5.912508 (VIOLATED)
_6428_/A                                0.750000    6.662508   -5.912508 (VIOLATED)
_6429_/A                                0.750000    6.662508   -5.912508 (VIOLATED)
_6430_/A                                0.750000    6.662508   -5.912508 (VIOLATED)
_6431_/A                                0.750000    6.662508   -5.912508 (VIOLATED)
_6432_/A                                0.750000    6.662508   -5.912508 (VIOLATED)
_6433_/A                                0.750000    6.662508   -5.912508 (VIOLATED)
_6434_/A                                0.750000    6.662508   -5.912508 (VIOLATED)
_6435_/A                                0.750000    6.662508   -5.912508 (VIOLATED)
_6436_/A                                0.750000    6.662508   -5.912508 (VIOLATED)
_6437_/A                                0.750000    6.662508   -5.912508 (VIOLATED)
_6438_/A                                0.750000    6.662508   -5.912508 (VIOLATED)
_6439_/A                                0.750000    6.662508   -5.912508 (VIOLATED)
_6440_/A                                0.750000    6.662508   -5.912508 (VIOLATED)
_6441_/A                                0.750000    6.662508   -5.912508 (VIOLATED)
_6442_/A                                0.750000    6.662508   -5.912508 (VIOLATED)
_6443_/A                                0.750000    6.662508   -5.912508 (VIOLATED)
_6444_/A                                0.750000    6.662508   -5.912508 (VIOLATED)
_6445_/A                                0.750000    6.662508   -5.912508 (VIOLATED)
_6446_/A                                0.750000    6.662508   -5.912508 (VIOLATED)
_6447_/A                                0.750000    6.662508   -5.912508 (VIOLATED)
_6448_/A                                0.750000    6.662508   -5.912508 (VIOLATED)
_6449_/A                                0.750000    6.662508   -5.912508 (VIOLATED)
_6450_/A                                0.750000    6.662508   -5.912508 (VIOLATED)
_6451_/A                                0.750000    6.662508   -5.912508 (VIOLATED)
_6452_/A                                0.750000    6.662508   -5.912508 (VIOLATED)
_6453_/A                                0.750000    6.662508   -5.912508 (VIOLATED)
_6454_/A                                0.750000    6.662508   -5.912508 (VIOLATED)
_6455_/A                                0.750000    6.662508   -5.912508 (VIOLATED)
_6456_/A                                0.750000    6.662508   -5.912508 (VIOLATED)
_6457_/A                                0.750000    6.662508   -5.912508 (VIOLATED)
_6458_/A                                0.750000    6.662508   -5.912508 (VIOLATED)
_6459_/A                                0.750000    6.662508   -5.912508 (VIOLATED)
_6460_/A                                0.750000    6.662508   -5.912508 (VIOLATED)
_6461_/A                                0.750000    6.662508   -5.912508 (VIOLATED)
_6462_/A                                0.750000    6.662508   -5.912508 (VIOLATED)
_6463_/A                                0.750000    6.662508   -5.912508 (VIOLATED)
_6464_/A                                0.750000    6.662508   -5.912508 (VIOLATED)
_6465_/A                                0.750000    6.662508   -5.912508 (VIOLATED)
_6466_/A                                0.750000    6.662508   -5.912508 (VIOLATED)
_6467_/A                                0.750000    6.662508   -5.912508 (VIOLATED)
_6468_/A                                0.750000    6.662508   -5.912508 (VIOLATED)
_6469_/A                                0.750000    6.662508   -5.912508 (VIOLATED)
_6470_/A                                0.750000    6.662508   -5.912508 (VIOLATED)
_6471_/A                                0.750000    6.662508   -5.912508 (VIOLATED)
_6472_/A                                0.750000    6.662508   -5.912508 (VIOLATED)
_6473_/A                                0.750000    6.662508   -5.912508 (VIOLATED)
_6474_/A                                0.750000    6.662508   -5.912508 (VIOLATED)
_6475_/A                                0.750000    6.662508   -5.912508 (VIOLATED)
_6476_/A                                0.750000    6.662508   -5.912508 (VIOLATED)
_6477_/A                                0.750000    6.662508   -5.912508 (VIOLATED)
_6478_/A                                0.750000    6.662508   -5.912508 (VIOLATED)
_6479_/A                                0.750000    6.662508   -5.912508 (VIOLATED)
_6480_/A                                0.750000    6.662508   -5.912508 (VIOLATED)
_6481_/A                                0.750000    6.662508   -5.912508 (VIOLATED)
_6482_/A                                0.750000    6.662508   -5.912508 (VIOLATED)
_6483_/A                                0.750000    6.662508   -5.912508 (VIOLATED)
_6484_/A                                0.750000    6.662508   -5.912508 (VIOLATED)
_6485_/A                                0.750000    6.662508   -5.912508 (VIOLATED)
_6486_/A                                0.750000    6.662508   -5.912508 (VIOLATED)
_6487_/A                                0.750000    6.662508   -5.912508 (VIOLATED)
_6488_/A                                0.750000    6.662508   -5.912508 (VIOLATED)
_6489_/A                                0.750000    6.662508   -5.912508 (VIOLATED)
_6490_/A                                0.750000    6.662508   -5.912508 (VIOLATED)
_6491_/A                                0.750000    6.662508   -5.912508 (VIOLATED)
_6492_/A                                0.750000    6.662508   -5.912508 (VIOLATED)
_6493_/A                                0.750000    6.662508   -5.912508 (VIOLATED)
_6494_/A                                0.750000    6.662508   -5.912508 (VIOLATED)
_6495_/A                                0.750000    6.662508   -5.912508 (VIOLATED)
_6496_/A                                0.750000    6.662508   -5.912508 (VIOLATED)
_6497_/A                                0.750000    6.662508   -5.912508 (VIOLATED)
_6498_/A                                0.750000    6.662508   -5.912508 (VIOLATED)
_6499_/A                                0.750000    6.662508   -5.912508 (VIOLATED)
_6500_/A                                0.750000    6.662508   -5.912508 (VIOLATED)
_6501_/A                                0.750000    6.662508   -5.912508 (VIOLATED)
_6502_/A                                0.750000    6.662508   -5.912508 (VIOLATED)
_6503_/A                                0.750000    6.662508   -5.912508 (VIOLATED)
_6504_/A                                0.750000    6.662508   -5.912508 (VIOLATED)
_6505_/A                                0.750000    6.662508   -5.912508 (VIOLATED)
_6506_/A                                0.750000    6.662508   -5.912508 (VIOLATED)
_6507_/A                                0.750000    6.662508   -5.912508 (VIOLATED)
_6508_/A                                0.750000    6.662508   -5.912508 (VIOLATED)
_6509_/A                                0.750000    6.662508   -5.912508 (VIOLATED)
_6510_/A                                0.750000    6.662508   -5.912508 (VIOLATED)
_6511_/A                                0.750000    6.662508   -5.912508 (VIOLATED)
_6512_/A                                0.750000    6.662508   -5.912508 (VIOLATED)
_6513_/A                                0.750000    6.662508   -5.912508 (VIOLATED)
_6514_/A                                0.750000    6.662508   -5.912508 (VIOLATED)
_6515_/A                                0.750000    6.662508   -5.912508 (VIOLATED)
_6516_/A                                0.750000    6.662508   -5.912508 (VIOLATED)
_6517_/A                                0.750000    6.662508   -5.912508 (VIOLATED)
_6518_/A                                0.750000    6.662508   -5.912508 (VIOLATED)
_6519_/A                                0.750000    6.662508   -5.912508 (VIOLATED)
_6520_/A                                0.750000    6.662508   -5.912508 (VIOLATED)
_6521_/A                                0.750000    6.662508   -5.912508 (VIOLATED)
_6522_/A                                0.750000    6.662508   -5.912508 (VIOLATED)
_6523_/A                                0.750000    6.662508   -5.912508 (VIOLATED)
_6524_/A                                0.750000    6.662508   -5.912508 (VIOLATED)
_6525_/A                                0.750000    6.662508   -5.912508 (VIOLATED)
_6526_/A                                0.750000    6.662508   -5.912508 (VIOLATED)
_6527_/A                                0.750000    6.662508   -5.912508 (VIOLATED)
_6528_/A                                0.750000    6.662508   -5.912508 (VIOLATED)
_6529_/A                                0.750000    6.662508   -5.912508 (VIOLATED)
_6530_/A                                0.750000    6.662508   -5.912508 (VIOLATED)
_6531_/A                                0.750000    6.662508   -5.912508 (VIOLATED)
_6532_/A                                0.750000    6.662508   -5.912508 (VIOLATED)
_6533_/A                                0.750000    6.662508   -5.912508 (VIOLATED)
_6534_/A                                0.750000    6.662508   -5.912508 (VIOLATED)
_6535_/A                                0.750000    6.662508   -5.912508 (VIOLATED)
_6536_/A                                0.750000    6.662508   -5.912508 (VIOLATED)
_6537_/A                                0.750000    6.662508   -5.912508 (VIOLATED)
_6538_/A                                0.750000    6.662508   -5.912508 (VIOLATED)
_6539_/A                                0.750000    6.662508   -5.912508 (VIOLATED)
_6540_/A                                0.750000    6.662508   -5.912508 (VIOLATED)
_6541_/A                                0.750000    6.662508   -5.912508 (VIOLATED)
_6542_/A                                0.750000    6.662508   -5.912508 (VIOLATED)
_6543_/A                                0.750000    6.662508   -5.912508 (VIOLATED)
_6544_/A                                0.750000    6.662508   -5.912508 (VIOLATED)
_6545_/A                                0.750000    6.662508   -5.912508 (VIOLATED)
_6546_/A                                0.750000    6.662508   -5.912508 (VIOLATED)
_6547_/A                                0.750000    6.662508   -5.912508 (VIOLATED)
_6548_/A                                0.750000    6.662508   -5.912508 (VIOLATED)
_6549_/A                                0.750000    6.662508   -5.912508 (VIOLATED)
_6550_/A                                0.750000    6.662508   -5.912508 (VIOLATED)
_6551_/A                                0.750000    6.662508   -5.912508 (VIOLATED)
_6552_/A                                0.750000    6.662508   -5.912508 (VIOLATED)
_6553_/A                                0.750000    6.662508   -5.912508 (VIOLATED)
_6554_/A                                0.750000    6.662508   -5.912508 (VIOLATED)
_6555_/A                                0.750000    6.662508   -5.912508 (VIOLATED)
_6556_/A                                0.750000    6.662508   -5.912508 (VIOLATED)
_6557_/A                                0.750000    6.662508   -5.912508 (VIOLATED)
_6558_/A                                0.750000    6.662508   -5.912508 (VIOLATED)
_6559_/A                                0.750000    6.662508   -5.912508 (VIOLATED)
_6560_/A                                0.750000    6.662508   -5.912508 (VIOLATED)
_6561_/A                                0.750000    6.662508   -5.912508 (VIOLATED)
_6562_/A                                0.750000    6.662508   -5.912508 (VIOLATED)
_6563_/A                                0.750000    6.662508   -5.912508 (VIOLATED)
_6564_/A                                0.750000    6.662508   -5.912508 (VIOLATED)
_6565_/A                                0.750000    6.662508   -5.912508 (VIOLATED)
_6566_/A                                0.750000    6.662508   -5.912508 (VIOLATED)
_6567_/A                                0.750000    6.662508   -5.912508 (VIOLATED)
_6568_/A                                0.750000    6.662508   -5.912508 (VIOLATED)
_6569_/A                                0.750000    6.662508   -5.912508 (VIOLATED)
_6570_/A                                0.750000    6.662508   -5.912508 (VIOLATED)
_6571_/A                                0.750000    6.662508   -5.912508 (VIOLATED)
_6572_/A                                0.750000    6.662508   -5.912508 (VIOLATED)
_6573_/A                                0.750000    6.662508   -5.912508 (VIOLATED)
_6574_/A                                0.750000    6.662508   -5.912508 (VIOLATED)
_6575_/A                                0.750000    6.662508   -5.912508 (VIOLATED)
_6576_/A                                0.750000    6.662508   -5.912508 (VIOLATED)
_6577_/A                                0.750000    6.662508   -5.912508 (VIOLATED)
_6578_/A                                0.750000    6.662508   -5.912508 (VIOLATED)
_6579_/A                                0.750000    6.662508   -5.912508 (VIOLATED)
_6580_/A                                0.750000    6.662508   -5.912508 (VIOLATED)
_6581_/A                                0.750000    6.662508   -5.912508 (VIOLATED)
_6582_/A                                0.750000    6.662508   -5.912508 (VIOLATED)
_6583_/A                                0.750000    6.662508   -5.912508 (VIOLATED)
_6584_/A                                0.750000    6.662508   -5.912508 (VIOLATED)
_6585_/A                                0.750000    6.662508   -5.912508 (VIOLATED)
_6586_/A                                0.750000    6.662508   -5.912508 (VIOLATED)
_6587_/A                                0.750000    6.662508   -5.912508 (VIOLATED)
_6588_/A                                0.750000    6.662508   -5.912508 (VIOLATED)
_6589_/A                                0.750000    6.662508   -5.912508 (VIOLATED)
_6590_/A                                0.750000    6.662508   -5.912508 (VIOLATED)
_6591_/A                                0.750000    6.662508   -5.912508 (VIOLATED)
_6592_/A                                0.750000    6.662508   -5.912508 (VIOLATED)
_6593_/A                                0.750000    6.662508   -5.912508 (VIOLATED)
_6594_/A                                0.750000    6.662508   -5.912508 (VIOLATED)
_6595_/A                                0.750000    6.662508   -5.912508 (VIOLATED)
_6596_/A                                0.750000    6.662508   -5.912508 (VIOLATED)
_6597_/A                                0.750000    6.662508   -5.912508 (VIOLATED)
_6598_/A                                0.750000    6.662508   -5.912508 (VIOLATED)
_6599_/A                                0.750000    6.662508   -5.912508 (VIOLATED)
_6600_/A                                0.750000    6.662508   -5.912508 (VIOLATED)
_6601_/A                                0.750000    6.662508   -5.912508 (VIOLATED)
_6602_/A                                0.750000    6.662508   -5.912508 (VIOLATED)
_6603_/A                                0.750000    6.662508   -5.912508 (VIOLATED)
_6604_/A                                0.750000    6.662508   -5.912508 (VIOLATED)
_6605_/A                                0.750000    6.662508   -5.912508 (VIOLATED)
_6606_/A                                0.750000    6.662508   -5.912508 (VIOLATED)
_6607_/A                                0.750000    6.662508   -5.912508 (VIOLATED)
_6608_/A                                0.750000    6.662508   -5.912508 (VIOLATED)
_6609_/A                                0.750000    6.662508   -5.912508 (VIOLATED)
_6610_/A                                0.750000    6.662508   -5.912508 (VIOLATED)
_6611_/A                                0.750000    6.662508   -5.912508 (VIOLATED)
_6612_/A                                0.750000    6.662508   -5.912508 (VIOLATED)
_6613_/A                                0.750000    6.662508   -5.912508 (VIOLATED)
_6614_/A                                0.750000    6.662508   -5.912508 (VIOLATED)
_6615_/A                                0.750000    6.662508   -5.912508 (VIOLATED)
_6616_/A                                0.750000    6.662508   -5.912508 (VIOLATED)
_6617_/A                                0.750000    6.662508   -5.912508 (VIOLATED)
_6618_/A                                0.750000    6.662508   -5.912508 (VIOLATED)
_6619_/A                                0.750000    6.662508   -5.912508 (VIOLATED)
_6620_/A                                0.750000    6.662508   -5.912508 (VIOLATED)
_6621_/A                                0.750000    6.662508   -5.912508 (VIOLATED)
_6622_/A                                0.750000    6.662508   -5.912508 (VIOLATED)
_6623_/A                                0.750000    6.662508   -5.912508 (VIOLATED)
_6624_/A                                0.750000    6.662508   -5.912508 (VIOLATED)
_6625_/A                                0.750000    6.662508   -5.912508 (VIOLATED)
_6626_/A                                0.750000    6.662508   -5.912508 (VIOLATED)
_6627_/A                                0.750000    6.662508   -5.912508 (VIOLATED)
_6628_/A                                0.750000    6.662508   -5.912508 (VIOLATED)
_6629_/A                                0.750000    6.662508   -5.912508 (VIOLATED)
_6630_/A                                0.750000    6.662508   -5.912508 (VIOLATED)
_6631_/A                                0.750000    6.662508   -5.912508 (VIOLATED)
_6632_/A                                0.750000    6.662508   -5.912508 (VIOLATED)
_6633_/A                                0.750000    6.662508   -5.912508 (VIOLATED)
_6634_/A                                0.750000    6.662508   -5.912508 (VIOLATED)
_6635_/A                                0.750000    6.662508   -5.912508 (VIOLATED)
_6636_/A                                0.750000    6.662508   -5.912508 (VIOLATED)
_6637_/A                                0.750000    6.662508   -5.912508 (VIOLATED)
_6638_/A                                0.750000    6.662508   -5.912508 (VIOLATED)
_6639_/A                                0.750000    6.662508   -5.912508 (VIOLATED)
_6640_/A                                0.750000    6.662508   -5.912508 (VIOLATED)
_6641_/A                                0.750000    6.662508   -5.912508 (VIOLATED)
_6642_/A                                0.750000    6.662508   -5.912508 (VIOLATED)
_6643_/A                                0.750000    6.662508   -5.912508 (VIOLATED)
_6644_/A                                0.750000    6.662508   -5.912508 (VIOLATED)
_6645_/A                                0.750000    6.662508   -5.912508 (VIOLATED)
_6646_/A                                0.750000    6.662508   -5.912508 (VIOLATED)
_6647_/A                                0.750000    6.662508   -5.912508 (VIOLATED)
_6648_/A                                0.750000    6.662508   -5.912508 (VIOLATED)
_6649_/A                                0.750000    6.662508   -5.912508 (VIOLATED)
_6650_/A                                0.750000    6.662508   -5.912508 (VIOLATED)
_6651_/A                                0.750000    6.662508   -5.912508 (VIOLATED)
_6652_/A                                0.750000    6.662508   -5.912508 (VIOLATED)
_6653_/A                                0.750000    6.662508   -5.912508 (VIOLATED)
_6654_/A                                0.750000    6.662508   -5.912508 (VIOLATED)
_6655_/A                                0.750000    6.662508   -5.912508 (VIOLATED)
_6656_/A                                0.750000    6.662508   -5.912508 (VIOLATED)
_6657_/A                                0.750000    6.662508   -5.912508 (VIOLATED)
_6658_/A                                0.750000    6.662508   -5.912508 (VIOLATED)
_6659_/A                                0.750000    6.662508   -5.912508 (VIOLATED)
_6660_/A                                0.750000    6.662508   -5.912508 (VIOLATED)
_6661_/A                                0.750000    6.662508   -5.912508 (VIOLATED)
_6662_/A                                0.750000    6.662508   -5.912508 (VIOLATED)
_6663_/A                                0.750000    6.662508   -5.912508 (VIOLATED)
_6664_/A                                0.750000    6.662508   -5.912508 (VIOLATED)
_6665_/A                                0.750000    6.662508   -5.912508 (VIOLATED)
_6666_/A                                0.750000    6.662508   -5.912508 (VIOLATED)
_6667_/A                                0.750000    6.662508   -5.912508 (VIOLATED)
_6668_/A                                0.750000    6.662508   -5.912508 (VIOLATED)
_6669_/A                                0.750000    6.662508   -5.912508 (VIOLATED)
_6670_/A                                0.750000    6.662508   -5.912508 (VIOLATED)
_6671_/A                                0.750000    6.662508   -5.912508 (VIOLATED)
_6672_/A                                0.750000    6.662508   -5.912508 (VIOLATED)
_6673_/A                                0.750000    6.662508   -5.912508 (VIOLATED)
_6674_/A                                0.750000    6.662508   -5.912508 (VIOLATED)
_6675_/A                                0.750000    6.662508   -5.912508 (VIOLATED)
_6676_/A                                0.750000    6.662508   -5.912508 (VIOLATED)
_6677_/A                                0.750000    6.662508   -5.912508 (VIOLATED)
_6678_/A                                0.750000    6.662508   -5.912508 (VIOLATED)
_6679_/A                                0.750000    6.662508   -5.912508 (VIOLATED)
_6680_/A                                0.750000    6.662508   -5.912508 (VIOLATED)
_6681_/A                                0.750000    6.662508   -5.912508 (VIOLATED)
_6682_/A                                0.750000    6.662508   -5.912508 (VIOLATED)
_6683_/A                                0.750000    6.662508   -5.912508 (VIOLATED)
_6684_/A                                0.750000    6.662508   -5.912508 (VIOLATED)
_6685_/A                                0.750000    6.662508   -5.912508 (VIOLATED)
_6686_/A                                0.750000    6.662508   -5.912508 (VIOLATED)

max fanout

Pin                                   Limit Fanout  Slack
---------------------------------------------------------
reset                                    10    428   -418 (VIOLATED)
_6979_/Q                                 10     23    -13 (VIOLATED)
_6982_/Q                                 10     23    -13 (VIOLATED)
_6981_/Q                                 10     21    -11 (VIOLATED)
_6980_/Q                                 10     19     -9 (VIOLATED)
_6983_/Q                                 10     17     -7 (VIOLATED)

max capacitance

Pin                                        Limit         Cap       Slack
------------------------------------------------------------------------
reset                                   0.200000    1.991055   -1.791055 (VIOLATED)



===========================================================================
report_parasitic_annotation -report_unannotated
============================================================================
Found 1165 unannotated drivers.
 _3306_/X
 _3315_/X
 _3317_/X
 _3322_/X
 _3333_/X
 _3334_/Y
 _3336_/X
 _3337_/X
 _3338_/X
 _3343_/X
 _3367_/X
 _3368_/Y
 _3372_/X
 _3373_/X
 _3376_/Y
 _3381_/X
 _3382_/X
 _3393_/X
 _3396_/X
 _3397_/X
 _3404_/X
 _3408_/X
 _3411_/X
 _3416_/X
 _3422_/X
 _3428_/X
 _3430_/X
 _3431_/X
 _3432_/X
 _3433_/X
 _3435_/X
 _3436_/X
 _3437_/X
 _3443_/X
 _3444_/X
 _3445_/X
 _3446_/X
 _3450_/X
 _3451_/X
 _3452_/X
 _3464_/X
 _3511_/X
 _3512_/X
 _3513_/X
 _3514_/X
 _3517_/X
 _3524_/X
 _3529_/X
 _3530_/X
 _3531_/X
 _3533_/X
 _3542_/X
 _3549_/X
 _3562_/X
 _3588_/X
 _3608_/X
 _3623_/X
 _3628_/X
 _3640_/X
 _3643_/X
 _3646_/X
 _3647_/X
 _3648_/X
 _3649_/X
 _3652_/X
 _3653_/X
 _3654_/X
 _3655_/X
 _3657_/X
 _3658_/X
 _3659_/X
 _3660_/X
 _3662_/X
 _3663_/X
 _3664_/X
 _3666_/X
 _3667_/X
 _3675_/X
 _3678_/X
 _3685_/X
 _3686_/X
 _3687_/X
 _3688_/X
 _3689_/X
 _3690_/X
 _3694_/X
 _3706_/X
 _3715_/X
 _3716_/X
 _3717_/X
 _3718_/X
 _3719_/X
 _3722_/X
 _3736_/X
 _3758_/X
 _3761_/X
 _3834_/X
 _3861_/X
 _3865_/X
 _3916_/X
 _3929_/X
 _3930_/X
 _3932_/X
 _3934_/X
 _3936_/X
 _3938_/X
 _3940_/X
 _3942_/X
 _3944_/X
 _3946_/X
 _3948_/X
 _3950_/X
 _3951_/X
 _3953_/X
 _3955_/X
 _3957_/X
 _3959_/X
 _3961_/X
 _3963_/X
 _3965_/X
 _3967_/X
 _3969_/X
 _3971_/X
 _3972_/X
 _3974_/X
 _3976_/X
 _3978_/X
 _3980_/X
 _3982_/X
 _3984_/X
 _3986_/X
 _3988_/X
 _3990_/X
 _3995_/X
 _3997_/X
 _3998_/X
 _3999_/X
 _4000_/X
 _4001_/X
 _4002_/X
 _4003_/X
 _4004_/X
 _4005_/X
 _4006_/X
 _4007_/X
 _4008_/X
 _4009_/X
 _4010_/X
 _4012_/X
 _4013_/X
 _4014_/X
 _4015_/X
 _4016_/X
 _4021_/X
 _4022_/X
 _4023_/X
 _4024_/X
 _4025_/X
 _4026_/X
 _4027_/X
 _4028_/X
 _4029_/X
 _4030_/X
 _4031_/X
 _4051_/X
 _4097_/X
 _4127_/X
 _4242_/X
 _4259_/X
 _4276_/X
 _4427_/X
 _4461_/X
 _4472_/X
 _4473_/X
 _4475_/X
 _4477_/X
 _4479_/X
 _4481_/X
 _4483_/X
 _4485_/X
 _4487_/X
 _4489_/X
 _4490_/X
 _4492_/X
 _4494_/X
 _4496_/X
 _4498_/X
 _4500_/X
 _4502_/X
 _4504_/X
 _4506_/X
 _4508_/X
 _4511_/X
 _4512_/X
 _4514_/X
 _4516_/X
 _4518_/X
 _4521_/X
 _4523_/X
 _4525_/X
 _4527_/X
 _4529_/X
 _4531_/X
 _4533_/X
 _4535_/X
 _4538_/X
 _4539_/X
 _4541_/X
 _4543_/X
 _4545_/X
 _4547_/X
 _4549_/X
 _4551_/X
 _4553_/X
 _4555_/X
 _4557_/X
 _4558_/X
 _4560_/X
 _4562_/X
 _4564_/X
 _4566_/X
 _4568_/X
 _4570_/X
 _4572_/X
 _4574_/X
 _4576_/X
 _4578_/X
 _4580_/X
 _4582_/X
 _4584_/X
 _4586_/X
 _4588_/X
 _4590_/X
 _4592_/X
 _4594_/X
 _4596_/X
 _4598_/X
 _4600_/X
 _4602_/X
 _4604_/Y
 _4605_/X
 _4607_/X
 _4609_/X
 _4618_/X
 _4656_/X
 _4661_/X
 _4714_/X
 _4715_/X
 _4717_/X
 _4719_/X
 _4722_/X
 _4732_/X
 _4733_/X
 _4736_/X
 _4754_/X
 _4756_/X
 _4773_/X
 _4794_/X
 _4808_/X
 _4824_/X
 _4838_/X
 _4853_/X
 _4855_/X
 _4863_/X
 _4866_/X
 _4875_/X
 _4880_/X
 _4883_/X
 _4900_/X
 _4902_/X
 _4907_/Y
 _4915_/X
 _4926_/Y
 _4934_/X
 _4947_/X
 _4966_/X
 _4980_/X
 _4999_/X
 _5013_/X
 _5029_/X
 _5034_/X
 _5042_/X
 _5062_/X
 _5064_/X
 _5075_/X
 _5081_/X
 _5096_/X
 _5109_/X
 _5116_/Y
 _5123_/X
 _5127_/X
 _5133_/X
 _5137_/X
 _5141_/X
 _5143_/X
 _5158_/X
 _5160_/X
 _5162_/X
 _5164_/X
 _5166_/X
 _5168_/X
 _5170_/X
 _5172_/X
 _5174_/X
 _5176_/X
 _5178_/X
 _5180_/X
 _5181_/X
 _5183_/X
 _5185_/X
 _5187_/X
 _5189_/X
 _5191_/X
 _5193_/X
 _5195_/X
 _5197_/X
 _5199_/X
 _5201_/X
 _5202_/X
 _5204_/X
 _5206_/X
 _5208_/X
 _5210_/X
 _5212_/X
 _5214_/X
 _5216_/X
 _5218_/X
 _5220_/X
 _5222_/X
 _5224_/X
 _5226_/X
 _5230_/X
 _5231_/X
 _5233_/X
 _5235_/X
 _5237_/X
 _5242_/X
 _5244_/X
 _5246_/X
 _5248_/X
 _5250_/X
 _5252_/X
 _5254_/X
 _5255_/X
 _5257_/X
 _5259_/X
 _5261_/X
 _5263_/X
 _5265_/X
 _5267_/X
 _5269_/X
 _5271_/X
 _5273_/X
 _5275_/X
 _5277_/X
 _5279_/X
 _5281_/X
 _5285_/X
 _5287_/X
 _5289_/X
 _5291_/X
 _5293_/X
 _5295_/X
 _5297_/X
 _5299_/X
 _5301_/X
 _5303_/X
 _5305_/X
 _5307_/X
 _5309_/X
 _5311_/X
 _5313_/X
 _5314_/X
 _5316_/X
 _5318_/X
 _5320_/X
 _5322_/X
 _5324_/X
 _5326_/X
 _5328_/X
 _5330_/X
 _5332_/X
 _5334_/X
 _5335_/X
 _5337_/X
 _5339_/X
 _5341_/X
 _5343_/X
 _5345_/X
 _5347_/X
 _5349_/X
 _5351_/X
 _5353_/X
 _5355_/X
 _5357_/X
 _5359_/X
 _5361_/X
 _5363_/X
 _5364_/X
 _5366_/X
 _5368_/X
 _5370_/X
 _5372_/X
 _5374_/X
 _5376_/X
 _5378_/X
 _5380_/X
 _5382_/X
 _5384_/X
 _5385_/X
 _5387_/X
 _5389_/X
 _5391_/X
 _5393_/X
 _5395_/X
 _5397_/X
 _5399_/X
 _5401_/X
 _5403_/X
 _5405_/X
 _5406_/X
 _5408_/X
 _5410_/X
 _5412_/X
 _5414_/X
 _5416_/X
 _5418_/X
 _5420_/X
 _5422_/X
 _5424_/X
 _5426_/X
 _5428_/X
 _5430_/X
 _5431_/X
 _5432_/X
 _5433_/X
 _5434_/X
 _5435_/X
 _5436_/X
 _5437_/X
 _5438_/X
 _5439_/X
 _5440_/X
 _5441_/X
 _5442_/X
 _5443_/X
 _5444_/X
 _5445_/X
 _5446_/X
 _5447_/X
 _5448_/X
 _5449_/X
 _5450_/X
 _5451_/X
 _5452_/X
 _5453_/X
 _5454_/X
 _5455_/X
 _5456_/X
 _5457_/X
 _5458_/X
 _5459_/X
 _5460_/X
 _5461_/X
 _5462_/X
 _5463_/X
 _5464_/X
 _5465_/X
 _5466_/X
 _5467_/X
 _5468_/X
 _5469_/X
 _5470_/X
 _5471_/X
 _5472_/X
 _5473_/X
 _5474_/X
 _5475_/X
 _5476_/X
 _5477_/X
 _5478_/X
 _5479_/X
 _5480_/X
 _5481_/X
 _5482_/X
 _5483_/X
 _5484_/X
 _5485_/X
 _5486_/X
 _5487_/X
 _5488_/X
 _5489_/X
 _5490_/X
 _5491_/X
 _5492_/X
 _5493_/X
 _5494_/X
 _5495_/X
 _5496_/X
 _5497_/X
 _5498_/X
 _5499_/X
 _5500_/X
 _5501_/X
 _5502_/X
 _5503_/X
 _5504_/X
 _5505_/X
 _5506_/X
 _5507_/X
 _5508_/X
 _5509_/X
 _5510_/X
 _5511_/X
 _5512_/X
 _5513_/X
 _5514_/X
 _5515_/X
 _5516_/X
 _5517_/X
 _5518_/X
 _5519_/X
 _5520_/X
 _5521_/X
 _5522_/X
 _5523_/X
 _5524_/X
 _5525_/X
 _5526_/X
 _5527_/X
 _5528_/X
 _5529_/X
 _5530_/X
 _5531_/X
 _5532_/X
 _5533_/X
 _5534_/X
 _5535_/X
 _5536_/X
 _5537_/X
 _5538_/X
 _5539_/X
 _5540_/X
 _5541_/X
 _5542_/X
 _5543_/X
 _5544_/X
 _5545_/X
 _5546_/X
 _5547_/X
 _5548_/X
 _5549_/X
 _5550_/X
 _5551_/X
 _5552_/X
 _5553_/X
 _5554_/X
 _5555_/X
 _5556_/X
 _5557_/X
 _5558_/X
 _5559_/X
 _5560_/X
 _5562_/X
 _5565_/X
 _5578_/X
 _5580_/X
 _5582_/X
 _5584_/X
 _5588_/X
 _5590_/X
 _5592_/X
 _5594_/X
 _5596_/X
 _5599_/X
 _5601_/X
 _5603_/X
 _5606_/X
 _5608_/X
 _5610_/X
 _5612_/X
 _5614_/X
 _5616_/X
 _5618_/X
 _5620_/X
 _5623_/X
 _5625_/X
 _5627_/X
 _5629_/X
 _5631_/X
 _5635_/X
 _5636_/X
 _5637_/X
 _5638_/X
 _5639_/X
 _5669_/X
 _5672_/X
 _5673_/X
 _5675_/X
 _5677_/X
 _5679_/X
 _5681_/X
 _5683_/X
 _5685_/X
 _5687_/X
 _5689_/X
 _5691_/X
 _5692_/X
 _5694_/X
 _5696_/X
 _5698_/X
 _5700_/X
 _5702_/X
 _5704_/X
 _5707_/X
 _5709_/X
 _5711_/X
 _5713_/X
 _5714_/X
 _5716_/X
 _5718_/X
 _5720_/X
 _5722_/X
 _5724_/X
 _5726_/X
 _5728_/X
 _5730_/X
 _5732_/X
 _5734_/X
 _5736_/X
 _5738_/X
 _5739_/X
 _5740_/X
 _5741_/X
 _5742_/X
 _5743_/X
 _5744_/X
 _5745_/X
 _5746_/X
 _5747_/X
 _5748_/X
 _5749_/X
 _5750_/X
 _5751_/X
 _5752_/X
 _5753_/X
 _5754_/X
 _5755_/X
 _5756_/X
 _5757_/X
 _5758_/X
 _5759_/X
 _5760_/X
 _5761_/X
 _5762_/X
 _5763_/X
 _5764_/X
 _5765_/X
 _5766_/X
 _5767_/X
 _5768_/X
 _5769_/X
 _5770_/X
 _5771_/X
 _5772_/X
 _5773_/X
 _5774_/X
 _5775_/X
 _5776_/X
 _5777_/X
 _5778_/X
 _5779_/X
 _5780_/X
 _5781_/X
 _5782_/X
 _5783_/X
 _5784_/X
 _5785_/X
 _5786_/X
 _5787_/X
 _5788_/X
 _5789_/X
 _5790_/X
 _5791_/X
 _5792_/X
 _5793_/X
 _5794_/X
 _5795_/X
 _5796_/X
 _5797_/X
 _5798_/X
 _5799_/X
 _5800_/X
 _5801_/X
 _5802_/X
 _5803_/X
 _5804_/X
 _5805_/X
 _5806_/X
 _5807_/X
 _5808_/X
 _5809_/X
 _5810_/X
 _5811_/X
 _5812_/X
 _5813_/X
 _5814_/X
 _5815_/X
 _5816_/X
 _5817_/X
 _5818_/X
 _5819_/X
 _5820_/X
 _5821_/X
 _5822_/X
 _5823_/X
 _5824_/X
 _5825_/X
 _5826_/X
 _5827_/X
 _5828_/X
 _5829_/X
 _5830_/X
 _5831_/X
 _5832_/X
 _5833_/X
 _5834_/X
 _5835_/X
 _5836_/X
 _5837_/X
 _5838_/X
 _5839_/X
 _5840_/X
 _5841_/X
 _5842_/X
 _5843_/X
 _5844_/X
 _5845_/X
 _5846_/X
 _5847_/X
 _5848_/X
 _5849_/X
 _5850_/X
 _5851_/X
 _5852_/X
 _5853_/X
 _5854_/X
 _5855_/X
 _5856_/X
 _5857_/X
 _5858_/X
 _5859_/X
 _5860_/X
 _5861_/X
 _5862_/X
 _5863_/X
 _5864_/X
 _5865_/X
 _5866_/X
 _5867_/X
 _5868_/X
 _5869_/X
 _5870_/X
 _5871_/X
 _5872_/X
 _5873_/X
 _5874_/X
 _5875_/X
 _5876_/X
 _5877_/X
 _5878_/X
 _5879_/X
 _5880_/X
 _5881_/X
 _5882_/X
 _5883_/X
 _5884_/X
 _5885_/X
 _5886_/X
 _5887_/X
 _5888_/X
 _5889_/X
 _5890_/X
 _5891_/X
 _5892_/X
 _5893_/X
 _5894_/X
 _5895_/X
 _5896_/X
 _5897_/X
 _5898_/X
 _5899_/X
 _5900_/X
 _5901_/X
 _5902_/X
 _5903_/X
 _5904_/X
 _5905_/X
 _5906_/X
 _5907_/X
 _5908_/X
 _5909_/X
 _5910_/X
 _5911_/X
 _5912_/X
 _5913_/X
 _5914_/X
 _5915_/X
 _5916_/X
 _5917_/X
 _5918_/X
 _5919_/X
 _5920_/X
 _5921_/X
 _5922_/X
 _5923_/X
 _5924_/X
 _5925_/X
 _5926_/X
 _5927_/X
 _5928_/X
 _5929_/X
 _5930_/X
 _5931_/X
 _5932_/X
 _5933_/X
 _5934_/X
 _5935_/X
 _5936_/X
 _5937_/X
 _5938_/X
 _5939_/X
 _5940_/X
 _5941_/X
 _5942_/X
 _5943_/X
 _5944_/X
 _5945_/X
 _5946_/X
 _5947_/X
 _5948_/X
 _5949_/X
 _5950_/X
 _5951_/X
 _5952_/X
 _5953_/X
 _5954_/X
 _5955_/X
 _5956_/X
 _5957_/X
 _5958_/X
 _5959_/X
 _5960_/X
 _5961_/X
 _5962_/X
 _5963_/X
 _5964_/X
 _5965_/X
 _5966_/X
 _5967_/X
 _5968_/X
 _5969_/X
 _5970_/X
 _5971_/X
 _5972_/X
 _5973_/X
 _5974_/X
 _5975_/X
 _5976_/X
 _5977_/X
 _5978_/X
 _5979_/X
 _5980_/X
 _5981_/X
 _5982_/X
 _5983_/X
 _5984_/X
 _5985_/X
 _5986_/X
 _5987_/X
 _5988_/X
 _5989_/X
 _5990_/X
 _5991_/X
 _5992_/X
 _5993_/X
 _5994_/X
 _5995_/X
 _5996_/X
 _5997_/X
 _5998_/X
 _5999_/X
 _6000_/X
 _6001_/X
 _6002_/X
 _6003_/X
 _6004_/X
 _6005_/X
 _6006_/X
 _6007_/X
 _6008_/X
 _6009_/X
 _6010_/X
 _6011_/X
 _6012_/X
 _6013_/X
 _6014_/X
 _6015_/X
 _6016_/X
 _6017_/X
 _6018_/X
 _6019_/X
 _6020_/X
 _6021_/X
 _6022_/X
 _6023_/X
 _6024_/X
 _6025_/X
 _6026_/X
 _6027_/X
 _6028_/X
 _6029_/X
 _6030_/X
 _6031_/X
 _6032_/X
 _6033_/X
 _6034_/X
 _6035_/X
 _6036_/X
 _6037_/X
 _6038_/X
 _6039_/X
 _6040_/X
 _6041_/X
 _6042_/X
 _6043_/X
 _6044_/X
 _6045_/X
 _6046_/X
 _6047_/X
 _6048_/X
 _6049_/X
 _6050_/X
 _6051_/X
 _6052_/X
 _6053_/X
 _6054_/X
 _6055_/X
 _6056_/X
 _6057_/X
 _6058_/X
 _6059_/X
 _6060_/X
 _6061_/X
 _6062_/X
 _6063_/X
 _6064_/X
 _6065_/X
 _6066_/X
 _6067_/X
 _6068_/X
 _6069_/X
 _6070_/X
 _6071_/X
 _6072_/X
 _6073_/X
 _6074_/X
 _6075_/X
 _6076_/X
 _6077_/X
 _6078_/X
 _6079_/X
 _6080_/X
 _6081_/X
 _6082_/X
 _6083_/X
 _6084_/X
 _6085_/X
 _6086_/X
 _6087_/X
 _6088_/X
 _6089_/X
 _6090_/X
 _6091_/X
 _6092_/X
 _6093_/X
 _6094_/X
 _6095_/X
 _6096_/X
 _6097_/X
 _6098_/X
 _6099_/X
 _6100_/X
 _6101_/X
 _6102_/X
 _6103_/X
 _6104_/X
 _6105_/X
 _6106_/X
 _6107_/X
 _6108_/X
 _6109_/X
 _6110_/X
 _6111_/X
 _6112_/X
 _6113_/X
 _6114_/X
 _6115_/X
 _6116_/X
 _6117_/X
 _6118_/X
 _6119_/X
 _6120_/X
 _6121_/X
 _6122_/X
 _6123_/X
 _6124_/X
 _6125_/X
 _6126_/X
 _6127_/X
 _6128_/X
 _6129_/X
 _6130_/X
 _6131_/X
 _6132_/X
 _6133_/X
 _6134_/X
 _6135_/X
 _6136_/X
 _6137_/X
 _6138_/X
 _6139_/X
 _6140_/X
 _6141_/X
 _6142_/X
 _6143_/X
 _6144_/X
 _6145_/X
 _6146_/X
 _6147_/X
 _6148_/X
 _6149_/X
 _6150_/X
 _6151_/X
 _6152_/X
 _6153_/X
 _6154_/X
 _6155_/X
 _6156_/X
 _6157_/X
 _6158_/X
 _6159_/X
 _6160_/X
 _6161_/X
 _6162_/X
 _6163_/X
 _6164_/X
 _6165_/X
 _6166_/X
 _6167_/X
 _6168_/X
 _6169_/X
 _6170_/X
 _6171_/X
 _6172_/X
 _6173_/X
 _6174_/X
 _6175_/X
 _6176_/X
 _6177_/X
 _6178_/X
 _6179_/X
 _6180_/X
 _6181_/X
 _6182_/X
 _6183_/X
 _6184_/X
 _6185_/X
 _6186_/X
 _6187_/X
 _6188_/X
 _6189_/X
 _6190_/X
 _6191_/X
 _6192_/X
 _6193_/X
 _6194_/X
 _6195_/X
 _6196_/X
 _6197_/X
 _6198_/X
 _6199_/X
 _6200_/X
 _6201_/X
 _6202_/X
 _6203_/X
 _6204_/X
 _6205_/X
 _6206_/X
 _6207_/X
 _6208_/X
 _6209_/X
 _6210_/X
 _6211_/X
 _6212_/X
 _6213_/X
 _6214_/X
 _6215_/X
 _6216_/X
 _6217_/X
 _6218_/X
 _6219_/X
 _6220_/X
 _6221_/X
 _6222_/X
 _6223_/X
 _6224_/X
 _6225_/X
 _6226_/X
 _6227_/X
 _6228_/X
 _6229_/X
 _6230_/X
 _6231_/X
 _6232_/X
 _6233_/X
 _6234_/X
 _6235_/X
 _6236_/X
 _6237_/X
 _6238_/X
 _6239_/X
 _6240_/X
 _6241_/X
 _6242_/X
 _6243_/X
 _6244_/X
 _6245_/X
 _6246_/X
 _6247_/X
 _6248_/X
 _6249_/X
 _6250_/X
 _6251_/X
 _6252_/X
 _6253_/X
 _6254_/X
 _6255_/X
 _6256_/X
 _6257_/X
 _6258_/X
 _6980_/Q
 _6981_/Q
 _6982_/Q
 _6983_/Q
 _7407_/HI
 _7407_/LO
 _7408_/HI
 _7408_/LO
 _7409_/HI
 _7409_/LO
 _7410_/HI
 _7410_/LO
 _7411_/HI
 _7411_/LO
Found 1105 partially unannotated drivers.
 clk
  _6687_/CLK
  _6688_/CLK
  _6689_/CLK
  _6690_/CLK
  _6691_/CLK
  _6692_/CLK
  _6693_/CLK
  _6694_/CLK
  _6695_/CLK
  _6696_/CLK
  _6697_/CLK
  _6698_/CLK
  _6699_/CLK
  _6700_/CLK
  _6701_/CLK
  _6702_/CLK
  _6703_/CLK
  _6704_/CLK
  _6705_/CLK
  _6706_/CLK
  _6707_/CLK
  _6708_/CLK
  _6709_/CLK
  _6710_/CLK
  _6711_/CLK
  _6712_/CLK
  _6713_/CLK
  _6714_/CLK
  _6715_/CLK
  _6716_/CLK
  _6717_/CLK
  _6718_/CLK
  _6719_/CLK
  _6720_/CLK
  _6721_/CLK
  _6722_/CLK
  _6723_/CLK
  _6724_/CLK
  _6725_/CLK
  _6726_/CLK
  _6727_/CLK
  _6728_/CLK
  _6729_/CLK
  _6730_/CLK
  _6731_/CLK
  _6732_/CLK
  _6733_/CLK
  _6734_/CLK
  _6735_/CLK
  _6736_/CLK
  _6737_/CLK
  _6738_/CLK
  _6739_/CLK
  _6740_/CLK
  _6741_/CLK
  _6742_/CLK
  _6743_/CLK
  _6744_/CLK
  _6745_/CLK
  _6746_/CLK
  _6747_/CLK
  _6748_/CLK
  _6749_/CLK
  _6750_/CLK
  _6751_/CLK
  _6752_/CLK
  _6753_/CLK
  _6754_/CLK
  _6755_/CLK
  _6756_/CLK
  _6757_/CLK
  _6758_/CLK
  _6759_/CLK
  _6760_/CLK
  _6761_/CLK
  _6762_/CLK
  _6763_/CLK
  _6764_/CLK
  _6765_/CLK
  _6766_/CLK
  _6767_/CLK
  _6768_/CLK
  _6769_/CLK
  _6770_/CLK
  _6771_/CLK
  _6772_/CLK
  _6773_/CLK
  _6774_/CLK
  _6775_/CLK
  _6776_/CLK
  _6777_/CLK
  _6778_/CLK
  _6779_/CLK
  _6780_/CLK
  _6781_/CLK
  _6782_/CLK
  _6783_/CLK
  _6784_/CLK
  _6785_/CLK
  _6786_/CLK
  _6787_/CLK
  _6788_/CLK
  _6789_/CLK
  _6790_/CLK
  _6791_/CLK
  _6792_/CLK
  _6793_/CLK
  _6794_/CLK
  _6795_/CLK
  _6796_/CLK
  _6797_/CLK
  _6798_/CLK
  _6799_/CLK
  _6800_/CLK
  _6801_/CLK
  _6802_/CLK
  _6803_/CLK
  _6804_/CLK
  _6805_/CLK
  _6806_/CLK
  _6807_/CLK
  _6808_/CLK
  _6809_/CLK
  _6810_/CLK
  _6811_/CLK
  _6812_/CLK
  _6813_/CLK
  _6814_/CLK
  _6815_/CLK
  _6816_/CLK
  _6817_/CLK
  _6818_/CLK
  _6819_/CLK
  _6820_/CLK
  _6821_/CLK
  _6822_/CLK
  _6823_/CLK
  _6824_/CLK
  _6825_/CLK
  _6826_/CLK
  _6827_/CLK
  _6828_/CLK
  _6829_/CLK
  _6830_/CLK
  _6831_/CLK
  _6832_/CLK
  _6833_/CLK
  _6834_/CLK
  _6835_/CLK
  _6836_/CLK
  _6837_/CLK
  _6838_/CLK
  _6839_/CLK
  _6840_/CLK
  _6841_/CLK
  _6842_/CLK
  _6843_/CLK
  _6844_/CLK
  _6845_/CLK
  _6846_/CLK
  _6847_/CLK
  _6848_/CLK
  _6849_/CLK
  _6850_/CLK
  _6851_/CLK
  _6852_/CLK
  _6853_/CLK
  _6854_/CLK
  _6855_/CLK
  _6856_/CLK
  _6857_/CLK
  _6858_/CLK
  _6859_/CLK
  _6860_/CLK
  _6861_/CLK
  _6862_/CLK
  _6863_/CLK
  _6864_/CLK
  _6865_/CLK
  _6866_/CLK
  _6867_/CLK
  _6868_/CLK
  _6869_/CLK
  _6870_/CLK
  _6871_/CLK
  _6872_/CLK
  _6873_/CLK
  _6874_/CLK
  _6875_/CLK
  _6876_/CLK
  _6877_/CLK
  _6878_/CLK
  _6879_/CLK
  _6880_/CLK
  _6881_/CLK
  _6882_/CLK
  _6883_/CLK
  _6884_/CLK
  _6885_/CLK
  _6886_/CLK
  _6887_/CLK
  _6888_/CLK
  _6889_/CLK
  _6890_/CLK
  _6891_/CLK
  _6892_/CLK
  _6893_/CLK
  _6894_/CLK
  _6895_/CLK
  _6896_/CLK
  _6897_/CLK
  _6898_/CLK
  _6899_/CLK
  _6900_/CLK
  _6901_/CLK
  _6902_/CLK
  _6903_/CLK
  _6904_/CLK
  _6905_/CLK
  _6906_/CLK
  _6907_/CLK
  _6908_/CLK
  _6909_/CLK
  _6910_/CLK
  _6911_/CLK
  _6912_/CLK
  _6913_/CLK
  _6914_/CLK
  _6915_/CLK
  _6916_/CLK
  _6917_/CLK
  _6918_/CLK
  _6919_/CLK
  _6920_/CLK
  _6921_/CLK
  _6922_/CLK
  _6923_/CLK
  _6924_/CLK
  _6925_/CLK
  _6926_/CLK
  _6927_/CLK
  _6928_/CLK
  _6929_/CLK
  _6930_/CLK
  _6931_/CLK
  _6932_/CLK
  _6933_/CLK
  _6934_/CLK
  _6935_/CLK
  _6936_/CLK
  _6937_/CLK
  _6938_/CLK
  _6939_/CLK
  _6940_/CLK
  _6941_/CLK
  _6942_/CLK
  _6943_/CLK
  _6944_/CLK
  _6945_/CLK
  _6946_/CLK
  _6947_/CLK
  _6948_/CLK
  _6949_/CLK
  _6950_/CLK
  _6951_/CLK
  _6952_/CLK
  _6953_/CLK
  _6954_/CLK
  _6955_/CLK
  _6956_/CLK
  _6957_/CLK
  _6958_/CLK
  _6959_/CLK
  _6960_/CLK
  _6961_/CLK
  _6962_/CLK
  _6963_/CLK
  _6964_/CLK
  _6965_/CLK
  _6966_/CLK
  _6967_/CLK
  _6968_/CLK
  _6969_/CLK
  _6970_/CLK
  _6971_/CLK
  _6972_/CLK
  _6973_/CLK
  _6974_/CLK
  _6975_/CLK
  _6976_/CLK
  _6977_/CLK
  _6978_/CLK
  _6979_/CLK
  _6980_/CLK
  _6981_/CLK
  _6982_/CLK
  _6983_/CLK
  _6984_/CLK
  _6985_/CLK
  _6986_/CLK
  _6987_/CLK
  _6988_/CLK
  _6989_/CLK
  _6990_/CLK
  _6991_/CLK
  _6992_/CLK
  _6993_/CLK
  _6994_/CLK
  _6995_/CLK
  _6996_/CLK
  _6997_/CLK
  _6998_/CLK
  _6999_/CLK
  _7000_/CLK
  _7001_/CLK
  _7002_/CLK
  _7003_/CLK
  _7004_/CLK
  _7005_/CLK
  _7006_/CLK
  _7007_/CLK
  _7008_/CLK
  _7009_/CLK
  _7010_/CLK
  _7011_/CLK
  _7012_/CLK
  _7013_/CLK
  _7014_/CLK
  _7015_/CLK
  _7016_/CLK
  _7017_/CLK
  _7018_/CLK
  _7019_/CLK
  _7020_/CLK
  _7021_/CLK
  _7022_/CLK
  _7023_/CLK
  _7024_/CLK
  _7025_/CLK
  _7026_/CLK
  _7027_/CLK
  _7028_/CLK
  _7029_/CLK
  _7030_/CLK
  _7031_/CLK
  _7032_/CLK
  _7033_/CLK
  _7034_/CLK
  _7035_/CLK
  _7036_/CLK
  _7037_/CLK
  _7038_/CLK
  _7039_/CLK
  _7040_/CLK
  _7041_/CLK
  _7042_/CLK
  _7043_/CLK
  _7044_/CLK
  _7045_/CLK
  _7046_/CLK
  _7047_/CLK
  _7048_/CLK
  _7049_/CLK
  _7050_/CLK
  _7051_/CLK
  _7052_/CLK
  _7053_/CLK
  _7054_/CLK
  _7055_/CLK
  _7056_/CLK
  _7057_/CLK
  _7058_/CLK
  _7059_/CLK
  _7060_/CLK
  _7061_/CLK
  _7062_/CLK
  _7063_/CLK
  _7064_/CLK
  _7065_/CLK
  _7066_/CLK
  _7067_/CLK
  _7068_/CLK
  _7069_/CLK
  _7070_/CLK
  _7071_/CLK
  _7072_/CLK
  _7073_/CLK
  _7074_/CLK
  _7075_/CLK
  _7076_/CLK
  _7077_/CLK
  _7078_/CLK
  _7079_/CLK
  _7080_/CLK
  _7081_/CLK
  _7082_/CLK
  _7083_/CLK
  _7084_/CLK
  _7085_/CLK
  _7086_/CLK
  _7087_/CLK
  _7088_/CLK
  _7089_/CLK
  _7090_/CLK
  _7091_/CLK
  _7092_/CLK
  _7093_/CLK
  _7094_/CLK
  _7095_/CLK
  _7096_/CLK
  _7097_/CLK
  _7098_/CLK
  _7099_/CLK
  _7100_/CLK
  _7101_/CLK
  _7102_/CLK
  _7103_/CLK
  _7104_/CLK
  _7105_/CLK
  _7106_/CLK
  _7107_/CLK
  _7108_/CLK
  _7109_/CLK
  _7110_/CLK
  _7111_/CLK
  _7112_/CLK
  _7113_/CLK
  _7114_/CLK
  _7115_/CLK
  _7116_/CLK
  _7117_/CLK
  _7118_/CLK
  _7119_/CLK
  _7120_/CLK
  _7121_/CLK
  _7122_/CLK
  _7123_/CLK
  _7124_/CLK
  _7125_/CLK
  _7126_/CLK
  _7127_/CLK
  _7128_/CLK
  _7129_/CLK
  _7130_/CLK
  _7131_/CLK
  _7132_/CLK
  _7133_/CLK
  _7134_/CLK
  _7135_/CLK
  _7136_/CLK
  _7137_/CLK
  _7138_/CLK
  _7139_/CLK
  _7140_/CLK
  _7141_/CLK
  _7142_/CLK
  _7143_/CLK
  _7144_/CLK
  _7145_/CLK
  _7146_/CLK
  _7147_/CLK
  _7148_/CLK
  _7149_/CLK
  _7150_/CLK
  _7151_/CLK
  _7152_/CLK
  _7153_/CLK
  _7154_/CLK
  _7155_/CLK
  _7156_/CLK
  _7157_/CLK
  _7158_/CLK
  _7159_/CLK
  _7160_/CLK
  _7161_/CLK
  _7162_/CLK
  _7163_/CLK
  _7164_/CLK
  _7165_/CLK
  _7166_/CLK
  _7167_/CLK
  _7168_/CLK
  _7169_/CLK
  _7170_/CLK
  _7171_/CLK
  _7172_/CLK
  _7173_/CLK
  _7174_/CLK
  _7175_/CLK
  _7176_/CLK
  _7177_/CLK
  _7178_/CLK
  _7179_/CLK
  _7180_/CLK
  _7181_/CLK
  _7182_/CLK
  _7183_/CLK
  _7184_/CLK
  _7185_/CLK
  _7186_/CLK
  _7187_/CLK
  _7188_/CLK
  _7189_/CLK
  _7190_/CLK
  _7191_/CLK
  _7192_/CLK
  _7193_/CLK
  _7194_/CLK
  _7195_/CLK
  _7196_/CLK
  _7197_/CLK
  _7198_/CLK
  _7199_/CLK
  _7200_/CLK
  _7201_/CLK
  _7202_/CLK
  _7203_/CLK
  _7204_/CLK
  _7205_/CLK
  _7206_/CLK
  _7207_/CLK
  _7208_/CLK
  _7209_/CLK
  _7210_/CLK
  _7211_/CLK
  _7212_/CLK
  _7213_/CLK
  _7214_/CLK
  _7215_/CLK
  _7216_/CLK
  _7217_/CLK
  _7218_/CLK
  _7219_/CLK
  _7220_/CLK
  _7221_/CLK
  _7222_/CLK
  _7223_/CLK
  _7224_/CLK
  _7225_/CLK
  _7226_/CLK
  _7227_/CLK
  _7228_/CLK
  _7229_/CLK
  _7230_/CLK
  _7231_/CLK
  _7232_/CLK
  _7233_/CLK
  _7234_/CLK
  _7235_/CLK
  _7236_/CLK
  _7237_/CLK
  _7238_/CLK
  _7239_/CLK
  _7240_/CLK
  _7241_/CLK
  _7242_/CLK
  _7243_/CLK
  _7244_/CLK
  _7245_/CLK
  _7246_/CLK
  _7247_/CLK
  _7248_/CLK
  _7249_/CLK
  _7250_/CLK
  _7251_/CLK
  _7252_/CLK
  _7253_/CLK
  _7254_/CLK
  _7255_/CLK
  _7256_/CLK
  _7257_/CLK
  _7258_/CLK
  _7259_/CLK
  _7260_/CLK
  _7261_/CLK
  _7262_/CLK
  _7263_/CLK
  _7264_/CLK
  _7265_/CLK
  _7266_/CLK
  _7267_/CLK
  _7268_/CLK
  _7269_/CLK
  _7270_/CLK
  _7271_/CLK
  _7272_/CLK
  _7273_/CLK
  _7274_/CLK
  _7275_/CLK
  _7276_/CLK
  _7277_/CLK
  _7278_/CLK
  _7279_/CLK
  _7280_/CLK
  _7281_/CLK
  _7282_/CLK
  _7283_/CLK
  _7284_/CLK
  _7285_/CLK
  _7286_/CLK
  _7287_/CLK
  _7288_/CLK
  _7289_/CLK
  _7290_/CLK
  _7291_/CLK
  _7292_/CLK
  _7293_/CLK
  _7294_/CLK
  _7295_/CLK
  _7296_/CLK
  _7297_/CLK
  _7298_/CLK
  _7299_/CLK
  _7300_/CLK
  _7301_/CLK
  _7302_/CLK
  _7303_/CLK
  _7304_/CLK
  _7305_/CLK
  _7306_/CLK
  _7307_/CLK
  _7308_/CLK
  _7309_/CLK
  _7310_/CLK
  _7311_/CLK
  _7312_/CLK
  _7313_/CLK
  _7314_/CLK
  _7315_/CLK
  _7316_/CLK
  _7317_/CLK
  _7318_/CLK
  _7319_/CLK
  _7320_/CLK
  _7321_/CLK
  _7322_/CLK
  _7323_/CLK
  _7324_/CLK
  _7325_/CLK
  _7326_/CLK
  _7327_/CLK
  _7328_/CLK
  _7329_/CLK
  _7330_/CLK
  _7331_/CLK
  _7332_/CLK
  _7333_/CLK
  _7334_/CLK
  _7335_/CLK
  _7336_/CLK
  _7337_/CLK
  _7338_/CLK
  _7339_/CLK
  _7340_/CLK
  _7341_/CLK
  _7342_/CLK
  _7343_/CLK
  _7344_/CLK
  _7345_/CLK
  _7346_/CLK
  _7347_/CLK
  _7348_/CLK
  _7349_/CLK
  _7350_/CLK
  _7351_/CLK
  _7352_/CLK
  _7353_/CLK
  _7354_/CLK
  _7355_/CLK
  _7356_/CLK
  _7357_/CLK
  _7358_/CLK
  _7359_/CLK
  _7360_/CLK
  _7361_/CLK
  _7362_/CLK
  _7363_/CLK
  _7364_/CLK
  _7365_/CLK
  _7366_/CLK
  _7367_/CLK
  _7368_/CLK
  _7369_/CLK
  _7370_/CLK
  _7371_/CLK
  _7372_/CLK
  _7373_/CLK
  _7374_/CLK
  _7375_/CLK
  _7376_/CLK
  _7377_/CLK
  _7378_/CLK
  _7379_/CLK
  _7380_/CLK
  _7381_/CLK
  _7382_/CLK
  _7383_/CLK
  _7384_/CLK
  _7385_/CLK
  _7386_/CLK
  _7387_/CLK
  _7388_/CLK
  _7389_/CLK
  _7390_/CLK
  _7391_/CLK
  _7392_/CLK
  _7393_/CLK
  _7394_/CLK
  _7395_/CLK
  _7396_/CLK
  _7397_/CLK
  _7398_/CLK
  _7399_/CLK
  _7400_/CLK
  _7401_/CLK
  _7402_/CLK
  _7403_/CLK
  _7404_/CLK
  _7405_/CLK
  _7406_/CLK
 reset
  _6259_/A
  _6260_/A
  _6261_/A
  _6262_/A
  _6263_/A
  _6264_/A
  _6265_/A
  _6266_/A
  _6267_/A
  _6268_/A
  _6269_/A
  _6270_/A
  _6271_/A
  _6272_/A
  _6273_/A
  _6274_/A
  _6275_/A
  _6276_/A
  _6277_/A
  _6278_/A
  _6279_/A
  _6280_/A
  _6281_/A
  _6282_/A
  _6283_/A
  _6284_/A
  _6285_/A
  _6286_/A
  _6287_/A
  _6288_/A
  _6289_/A
  _6290_/A
  _6291_/A
  _6292_/A
  _6293_/A
  _6294_/A
  _6295_/A
  _6296_/A
  _6297_/A
  _6298_/A
  _6299_/A
  _6300_/A
  _6301_/A
  _6302_/A
  _6303_/A
  _6304_/A
  _6305_/A
  _6306_/A
  _6307_/A
  _6308_/A
  _6309_/A
  _6310_/A
  _6311_/A
  _6312_/A
  _6313_/A
  _6314_/A
  _6315_/A
  _6316_/A
  _6317_/A
  _6318_/A
  _6319_/A
  _6320_/A
  _6321_/A
  _6322_/A
  _6323_/A
  _6324_/A
  _6325_/A
  _6326_/A
  _6327_/A
  _6328_/A
  _6329_/A
  _6330_/A
  _6331_/A
  _6332_/A
  _6333_/A
  _6334_/A
  _6335_/A
  _6336_/A
  _6337_/A
  _6338_/A
  _6339_/A
  _6340_/A
  _6341_/A
  _6342_/A
  _6343_/A
  _6344_/A
  _6345_/A
  _6346_/A
  _6347_/A
  _6348_/A
  _6349_/A
  _6350_/A
  _6351_/A
  _6352_/A
  _6353_/A
  _6354_/A
  _6355_/A
  _6356_/A
  _6357_/A
  _6358_/A
  _6359_/A
  _6360_/A
  _6361_/A
  _6362_/A
  _6363_/A
  _6364_/A
  _6365_/A
  _6366_/A
  _6367_/A
  _6368_/A
  _6369_/A
  _6370_/A
  _6371_/A
  _6372_/A
  _6373_/A
  _6374_/A
  _6375_/A
  _6376_/A
  _6377_/A
  _6378_/A
  _6379_/A
  _6380_/A
  _6381_/A
  _6382_/A
  _6383_/A
  _6384_/A
  _6385_/A
  _6386_/A
  _6387_/A
  _6388_/A
  _6389_/A
  _6390_/A
  _6391_/A
  _6392_/A
  _6393_/A
  _6394_/A
  _6395_/A
  _6396_/A
  _6397_/A
  _6398_/A
  _6399_/A
  _6400_/A
  _6401_/A
  _6402_/A
  _6403_/A
  _6404_/A
  _6405_/A
  _6406_/A
  _6407_/A
  _6408_/A
  _6409_/A
  _6410_/A
  _6411_/A
  _6412_/A
  _6413_/A
  _6414_/A
  _6415_/A
  _6416_/A
  _6417_/A
  _6418_/A
  _6419_/A
  _6420_/A
  _6421_/A
  _6422_/A
  _6423_/A
  _6424_/A
  _6425_/A
  _6426_/A
  _6427_/A
  _6428_/A
  _6429_/A
  _6430_/A
  _6431_/A
  _6432_/A
  _6433_/A
  _6434_/A
  _6435_/A
  _6436_/A
  _6437_/A
  _6438_/A
  _6439_/A
  _6440_/A
  _6441_/A
  _6442_/A
  _6443_/A
  _6444_/A
  _6445_/A
  _6446_/A
  _6447_/A
  _6448_/A
  _6449_/A
  _6450_/A
  _6451_/A
  _6452_/A
  _6453_/A
  _6454_/A
  _6455_/A
  _6456_/A
  _6457_/A
  _6458_/A
  _6459_/A
  _6460_/A
  _6461_/A
  _6462_/A
  _6463_/A
  _6464_/A
  _6465_/A
  _6466_/A
  _6467_/A
  _6468_/A
  _6469_/A
  _6470_/A
  _6471_/A
  _6472_/A
  _6473_/A
  _6474_/A
  _6475_/A
  _6476_/A
  _6477_/A
  _6478_/A
  _6479_/A
  _6480_/A
  _6481_/A
  _6482_/A
  _6483_/A
  _6484_/A
  _6485_/A
  _6486_/A
  _6487_/A
  _6488_/A
  _6489_/A
  _6490_/A
  _6491_/A
  _6492_/A
  _6493_/A
  _6494_/A
  _6495_/A
  _6496_/A
  _6497_/A
  _6498_/A
  _6499_/A
  _6500_/A
  _6501_/A
  _6502_/A
  _6503_/A
  _6504_/A
  _6505_/A
  _6506_/A
  _6507_/A
  _6508_/A
  _6509_/A
  _6510_/A
  _6511_/A
  _6512_/A
  _6513_/A
  _6514_/A
  _6515_/A
  _6516_/A
  _6517_/A
  _6518_/A
  _6519_/A
  _6520_/A
  _6521_/A
  _6522_/A
  _6523_/A
  _6524_/A
  _6525_/A
  _6526_/A
  _6527_/A
  _6528_/A
  _6529_/A
  _6530_/A
  _6531_/A
  _6532_/A
  _6533_/A
  _6534_/A
  _6535_/A
  _6536_/A
  _6537_/A
  _6538_/A
  _6539_/A
  _6540_/A
  _6541_/A
  _6542_/A
  _6543_/A
  _6544_/A
  _6545_/A
  _6546_/A
  _6547_/A
  _6548_/A
  _6549_/A
  _6550_/A
  _6551_/A
  _6552_/A
  _6553_/A
  _6554_/A
  _6555_/A
  _6556_/A
  _6557_/A
  _6558_/A
  _6559_/A
  _6560_/A
  _6561_/A
  _6562_/A
  _6563_/A
  _6564_/A
  _6565_/A
  _6566_/A
  _6567_/A
  _6568_/A
  _6569_/A
  _6570_/A
  _6571_/A
  _6572_/A
  _6573_/A
  _6574_/A
  _6575_/A
  _6576_/A
  _6577_/A
  _6578_/A
  _6579_/A
  _6580_/A
  _6581_/A
  _6582_/A
  _6583_/A
  _6584_/A
  _6585_/A
  _6586_/A
  _6587_/A
  _6588_/A
  _6589_/A
  _6590_/A
  _6591_/A
  _6592_/A
  _6593_/A
  _6594_/A
  _6595_/A
  _6596_/A
  _6597_/A
  _6598_/A
  _6599_/A
  _6600_/A
  _6601_/A
  _6602_/A
  _6603_/A
  _6604_/A
  _6605_/A
  _6606_/A
  _6607_/A
  _6608_/A
  _6609_/A
  _6610_/A
  _6611_/A
  _6612_/A
  _6613_/A
  _6614_/A
  _6615_/A
  _6616_/A
  _6617_/A
  _6618_/A
  _6619_/A
  _6620_/A
  _6621_/A
  _6622_/A
  _6623_/A
  _6624_/A
  _6625_/A
  _6626_/A
  _6627_/A
  _6628_/A
  _6629_/A
  _6630_/A
  _6631_/A
  _6632_/A
  _6633_/A
  _6634_/A
  _6635_/A
  _6636_/A
  _6637_/A
  _6638_/A
  _6639_/A
  _6640_/A
  _6641_/A
  _6642_/A
  _6643_/A
  _6644_/A
  _6645_/A
  _6646_/A
  _6647_/A
  _6648_/A
  _6649_/A
  _6650_/A
  _6651_/A
  _6652_/A
  _6653_/A
  _6654_/A
  _6655_/A
  _6656_/A
  _6657_/A
  _6658_/A
  _6659_/A
  _6660_/A
  _6661_/A
  _6662_/A
  _6663_/A
  _6664_/A
  _6665_/A
  _6666_/A
  _6667_/A
  _6668_/A
  _6669_/A
  _6670_/A
  _6671_/A
  _6672_/A
  _6673_/A
  _6674_/A
  _6675_/A
  _6676_/A
  _6677_/A
  _6678_/A
  _6679_/A
  _6680_/A
  _6681_/A
  _6682_/A
  _6683_/A
  _6684_/A
  _6685_/A
  _6686_/A
 _3307_/X
  instruction_out[10]
  _3319_/A_N
  _3378_/A
  _5362_/A_N
 _3314_/X
  _3315_/A
 _3316_/Y
  _3317_/A
 _3318_/Y
  _5559_/A
 _3320_/Y
  instruction_out[27]
  _3326_/A
  _3571_/A1
  _4676_/A1
  _5067_/A
  _5648_/A
 _3321_/X
  _3322_/A
 _3332_/Y
  _3333_/A
 _3335_/X
  _3336_/A
 _3339_/Y
  _3358_/A1
  _3469_/A
  _3487_/A1
  _3553_/A1
  _3565_/A1
  _3570_/D1
  _3643_/A
  _4217_/A1
 _3341_/Y
  _4606_/A
  _4714_/A
  _5105_/B1
 _3342_/Y
  _3343_/A
 _3344_/Y
  _3345_/B
  _4674_/B
  _4677_/B
  _4803_/B1
  _4942_/B1
  _5039_/A1
  _5124_/B1
  _5128_/B1
  _5139_/A1
 _3346_/Y
  instruction_out[2]
  _3347_/B
  _3509_/B
  _4748_/B1
  _4770_/C1
  _4791_/C1
 _3357_/Y
  instruction_out[22]
  _3358_/B1
  _3409_/A
  _3449_/A
  _3487_/B1
  _3553_/B1
  _3565_/C1
  _4217_/B1
  _4675_/C1
 _3358_/X
  _3431_/A
 _3366_/X
  _3367_/A
  _4301_/B1
 _3371_/Y
  _3372_/A
 _3374_/X
  instruction_out[15]
  _3377_/B_N
  _3392_/A
  _3429_/A
 _3377_/X
  _3432_/A
  _4235_/A2
  _4280_/A2
 _3378_/Y
  _3379_/B1
  _3433_/A
  _3459_/B1
  _3490_/A2
  _3557_/B1
  _3575_/B1
  _4235_/B1
  _4279_/B1
 _3380_/Y
  _3381_/A
  _3489_/B1
 _3383_/Y
  _3384_/B1
  _3396_/A
  _3410_/B1
  _3488_/B
  _3495_/A2
  _3555_/A2
  _3562_/A
  _3573_/B1
  _3580_/A2
  _4331_/B1
 _3388_/Y
  _3437_/A
 _3392_/Y
  _3393_/A
  _3541_/A
 _3394_/X
  _3428_/A
 _3400_/Y
  instruction_out[20]
  _3407_/A
  _3421_/B
 _3403_/X
  _3404_/A
 _3406_/Y
  instruction_out[21]
  _3407_/C
  _3415_/C
  _3417_/C
 _3407_/X
  _3408_/A
 _3409_/X
  _3445_/A
  _3479_/A2
 _3414_/Y
  instruction_out[23]
  _3415_/B
  _3449_/C
  _3457_/A2
 _3415_/X
  _3416_/A
 _3417_/X
  _3446_/A
 _3421_/X
  _3422_/A
 _3423_/X
  _3443_/A
 _3429_/X
  _3430_/A
  _3463_/B1
 _3442_/Y
  _4037_/A
 _3449_/X
  _3450_/A
 _3469_/Y
  _3470_/B1
  _3538_/B1
  _4185_/A
  _4289_/A
 _3518_/X
  instruction_out[13]
  _3521_/A
  _3525_/A
 _3520_/X
  instruction_out[14]
  _3521_/B
  _3525_/B
 _3521_/Y
  _3522_/C
  _3524_/A
  _3535_/C
  _3618_/C
 _3522_/Y
  _3552_/A2
  _3595_/C1
  _3632_/C1
  _3639_/B2
  _4609_/A
  _5020_/A
  _5088_/D1
  _5115_/B2
 _3525_/X
  _3608_/A
 _3534_/Y
  _3535_/B
  _3609_/A
  _4721_/A1
  _5071_/A
  _5148_/A2
 _3541_/X
  _3542_/A
 _3548_/X
  _3549_/A
 _3560_/Y
  instruction_out[25]
  _3562_/B
 _3563_/X
  instruction_out[8]
  _3564_/B
  _5229_/A_N
  _5238_/A
  _5362_/C
 _3576_/Y
  _3585_/A2
  _3586_/B
  _3591_/B
 _3586_/Y
  _3587_/B
  _3599_/B
  _3600_/A
  _3624_/A2
  _5283_/A1
 _3605_/Y
  _3631_/B1
  _3637_/A2
  _4661_/A
  _5034_/A1
  _5074_/B2
  _5146_/B1
 _3618_/X
  _4461_/A
  _5034_/B2
 _3622_/Y
  _3623_/A
 _3627_/X
  _3628_/A
 _3634_/Y
  alu_result_out[2]
  _3642_/S0
  _3650_/A
  _3656_/A
  _3661_/A
  _3673_/S0
  _3764_/S0
  _3866_/S0
  _3991_/B
 _3641_/X
  alu_result_out[3]
  _3642_/S1
  _3651_/B
  _3656_/B
  _3661_/B
  _3665_/B
  _3673_/S1
  _3764_/S1
  _3866_/S1
  _5138_/A0
 _3651_/Y
  _3652_/A
  _3780_/B1
  _3782_/B1
  _3785_/A2
  _3787_/A2
  _3840_/A2
 _3656_/Y
  _3657_/A
  _3717_/A
  _3785_/B1
  _3786_/B1
  _3837_/A2
  _3850_/A2
 _3661_/X
  _3662_/A
  _3780_/A2
  _3782_/A2
  _3784_/A2
  _3786_/A2
  _3835_/A2
 _3665_/X
  _3666_/A
  _3685_/A
  _3784_/B1
  _3787_/B1
  _3840_/B1
  _3850_/B1
 _3693_/X
  _3694_/A
 _3705_/X
  _3706_/A
 _3711_/Y
  alu_result_out[4]
  _3714_/A
  _3725_/A
  _3735_/A
  _5134_/A1
 _3712_/Y
  alu_result_out[6]
  _3714_/B
  _3725_/B
  _3733_/B
  _3741_/B
 _3713_/Y
  alu_result_out[5]
  _3714_/C
  _3735_/C
  _3741_/C
  _3746_/C
  _3762_/A1
  _3769_/A1
  _3821_/A1
  _3899_/C1
 _3749_/Y
  _3750_/B1_N
  _4857_/C_N
 _3757_/X
  _3758_/A
 _3833_/X
  _3834_/A
 _3860_/X
  _3861_/A
 _3864_/X
  _3865_/A
 _3915_/X
  _3916_/A
 _3931_/X
  _3932_/A
 _3933_/X
  _3934_/A
 _3935_/X
  _3936_/A
 _3937_/X
  _3938_/A
 _3939_/X
  _3940_/A
 _3941_/X
  _3942_/A
 _3943_/X
  _3944_/A
 _3945_/X
  _3946_/A
 _3947_/X
  _3948_/A
 _3949_/X
  _3950_/A
 _3952_/X
  _3953_/A
 _3954_/X
  _3955_/A
 _3956_/X
  _3957_/A
 _3958_/X
  _3959_/A
 _3960_/X
  _3961_/A
 _3962_/X
  _3963_/A
 _3964_/X
  _3965_/A
 _3966_/X
  _3967_/A
 _3968_/X
  _3969_/A
 _3970_/X
  _3971_/A
 _3973_/X
  _3974_/A
 _3975_/X
  _3976_/A
 _3977_/X
  _3978_/A
 _3979_/X
  _3980_/A
 _3981_/X
  _3982_/A
 _3983_/X
  _3984_/A
 _3985_/X
  _3986_/A
 _3987_/X
  _3988_/A
 _3989_/X
  _3990_/A
 _3994_/X
  _3995_/A
 _3996_/X
  _3997_/A
 _4069_/Y
  _4455_/A1
  _4610_/A
  _4655_/A1
  _4739_/C1
  _4740_/A1
 _4126_/X
  _4127_/A
 _4186_/Y
  _4200_/A
  _4382_/A
  _4634_/D
  _4638_/A
  _4917_/B
  _4950_/A
  _4953_/A1
  _4954_/A1
  _4955_/B1
 _4241_/X
  _4242_/A
 _4258_/X
  _4259_/A
 _4275_/Y
  _4276_/A
 _4282_/Y
  _4291_/A
  _4612_/A
  _4615_/A1
 _4315_/Y
  _4361_/A
  _4618_/A
 _4397_/Y
  _4443_/B1
  _4447_/A
  _4647_/C
  _4780_/B1
  _4795_/A
  _4796_/A1
 _4426_/X
  _4427_/A
 _4467_/Y
  _4468_/B1
  _4607_/A
  _4727_/B1
  _4756_/A
  _4819_/C1
  _4833_/B1
  _4897_/C1
  _4927_/A
 _4471_/X
  _4472_/A
 _4474_/X
  _4475_/A
 _4476_/X
  _4477_/A
 _4478_/X
  _4479_/A
 _4480_/X
  _4481_/A
 _4482_/X
  _4483_/A
 _4484_/X
  _4485_/A
 _4486_/X
  _4487_/A
 _4488_/X
  _4489_/A
 _4491_/X
  _4492_/A
 _4493_/X
  _4494_/A
 _4495_/X
  _4496_/A
 _4497_/X
  _4498_/A
 _4499_/X
  _4500_/A
 _4501_/X
  _4502_/A
 _4503_/X
  _4504_/A
 _4505_/X
  _4506_/A
 _4507_/X
  _4508_/A
 _4510_/X
  _4511_/A
 _4513_/X
  _4514_/A
 _4515_/X
  _4516_/A
 _4517_/X
  _4518_/A
 _4520_/X
  _4521_/A
 _4522_/X
  _4523_/A
 _4524_/X
  _4525_/A
 _4526_/X
  _4527_/A
 _4528_/X
  _4529_/A
 _4530_/X
  _4531_/A
 _4532_/X
  _4533_/A
 _4534_/X
  _4535_/A
 _4537_/X
  _4538_/A
  _4558_/A
 _4540_/X
  _4541_/A
 _4542_/X
  _4543_/A
 _4544_/X
  _4545_/A
 _4546_/X
  _4547_/A
 _4548_/X
  _4549_/A
 _4550_/X
  _4551_/A
 _4552_/X
  _4553_/A
 _4554_/X
  _4555_/A
 _4556_/X
  _4557_/A
 _4559_/X
  _4560_/A
 _4561_/X
  _4562_/A
 _4563_/X
  _4564_/A
 _4565_/X
  _4566_/A
 _4567_/X
  _4568_/A
 _4569_/X
  _4570_/A
 _4571_/X
  _4572_/A
 _4573_/X
  _4574_/A
 _4575_/X
  _4576_/A
 _4577_/X
  _4578_/A
 _4579_/X
  _4580_/A
 _4581_/X
  _4582_/A
 _4583_/X
  _4584_/A
 _4585_/X
  _4586_/A
 _4587_/X
  _4588_/A
 _4589_/X
  _4590_/A
 _4591_/X
  _4592_/A
 _4593_/X
  _4594_/A
 _4595_/X
  _4596_/A
 _4597_/X
  _4598_/A
 _4599_/X
  _4600_/A
 _4601_/X
  _4602_/A
 _4606_/Y
  _4716_/A1
  _4864_/A1
  _4910_/A
  _4932_/A1
  _4964_/A1
  _4978_/A1
  _5027_/A1
  _5092_/C
  _5139_/B1
 _4619_/Y
  _4625_/A2
 _4718_/X
  _4719_/A
 _4725_/X
  alu_result_out[30]
  _4726_/A2
  _5655_/A
 _4731_/X
  _4732_/A
 _4735_/X
  _4736_/A
 _4753_/X
  _4754_/A
 _4769_/X
  alu_result_out[28]
  _4770_/B1
  _5663_/A
 _4772_/X
  _4773_/A
 _4793_/X
  _4794_/A
 _4798_/X
  alu_result_out[26]
  _4799_/B
  _5656_/A
 _4807_/X
  _4808_/A
 _4817_/X
  alu_result_out[25]
  _4822_/B1
  _5663_/B
 _4823_/X
  _4824_/A
 _4831_/X
  alu_result_out[24]
  _4832_/B
  _5657_/A
 _4837_/X
  _4838_/A
 _4852_/X
  _4853_/A
 _4856_/X
  alu_result_out[23]
  _4857_/B
  _5655_/D
 _4862_/X
  _4863_/A
 _4865_/X
  _4866_/A
 _4876_/X
  alu_result_out[22]
  _4877_/A2
  _5663_/C
 _4879_/X
  _4880_/A
 _4882_/X
  _4883_/A
 _4892_/X
  alu_result_out[21]
  _4899_/B1
  _5656_/B
 _4901_/X
  _4902_/A
 _4914_/X
  _4915_/A
 _4933_/X
  _4934_/A
 _4941_/X
  alu_result_out[18]
  _4945_/B1
  _5657_/C
 _4946_/X
  _4947_/A
 _4956_/X
  alu_result_out[17]
  _4961_/B
  _5662_/C
 _4965_/X
  _4966_/A
 _4972_/Y
  alu_result_out[16]
  _4973_/B
 _4979_/X
  _4980_/A
 _4995_/X
  alu_result_out[15]
  _4996_/A2
  _5657_/D
 _4998_/X
  _4999_/A
 _5007_/X
  alu_result_out[14]
  _5010_/B
  _5662_/A
 _5012_/X
  _5013_/A
 _5023_/Y
  alu_result_out[13]
  _5024_/C1
 _5028_/X
  _5029_/A
 _5035_/X
  alu_result_out[12]
  _5039_/A3
  _5658_/B
 _5041_/X
  _5042_/A
 _5047_/Y
  _5048_/A2
  _5084_/B
  _5085_/A2
 _5058_/X
  alu_result_out[11]
  _5059_/B1
  _5662_/B
 _5063_/X
  _5064_/A
 _5076_/X
  alu_result_out[10]
  _5077_/B1
  _5658_/A
 _5080_/X
  _5081_/A
 _5090_/X
  alu_result_out[9]
  _5093_/A3
  _5658_/C
 _5095_/X
  _5096_/A
 _5108_/X
  _5109_/A
 _5122_/X
  _5123_/A
 _5126_/X
  _5127_/A
 _5132_/X
  _5133_/A
 _5136_/X
  _5137_/A
 _5140_/X
  _5141_/A
 _5142_/X
  _5143_/A
 _5150_/X
  alu_result_out[1]
  _5151_/B
  _5659_/B
 _5157_/X
  _5158_/A
 _5159_/X
  _5160_/A
 _5161_/X
  _5162_/A
  _5181_/A
  _5202_/A
  _5223_/B
  _5225_/B
 _5163_/X
  _5164_/A
 _5165_/X
  _5166_/A
 _5167_/X
  _5168_/A
 _5169_/X
  _5170_/A
 _5171_/X
  _5172_/A
 _5173_/X
  _5174_/A
 _5175_/X
  _5176_/A
 _5177_/X
  _5178_/A
 _5179_/X
  _5180_/A
 _5182_/X
  _5183_/A
 _5184_/X
  _5185_/A
 _5186_/X
  _5187_/A
 _5188_/X
  _5189_/A
 _5190_/X
  _5191_/A
 _5192_/X
  _5193_/A
 _5194_/X
  _5195_/A
 _5196_/X
  _5197_/A
 _5198_/X
  _5199_/A
 _5200_/X
  _5201_/A
 _5203_/X
  _5204_/A
 _5205_/X
  _5206_/A
 _5207_/X
  _5208_/A
 _5209_/X
  _5210_/A
 _5211_/X
  _5212_/A
 _5213_/X
  _5214_/A
 _5215_/X
  _5216_/A
 _5217_/X
  _5218_/A
 _5219_/X
  _5220_/A
 _5221_/X
  _5222_/A
 _5223_/X
  _5224_/A
 _5225_/X
  _5226_/A
 _5228_/Y
  instruction_out[7]
  _5229_/B
 _5229_/X
  _5230_/A
 _5232_/X
  _5233_/A
 _5234_/X
  _5235_/A
 _5236_/X
  _5237_/A
 _5241_/X
  _5242_/A
 _5243_/X
  _5244_/A
 _5245_/X
  _5246_/A
 _5247_/X
  _5248_/A
 _5249_/X
  _5250_/A
 _5251_/X
  _5252_/A
 _5253_/X
  _5254_/A
 _5256_/X
  _5257_/A
 _5258_/X
  _5259_/A
 _5260_/X
  _5261_/A
 _5262_/X
  _5263_/A
 _5264_/X
  _5265_/A
 _5266_/X
  _5267_/A
 _5268_/X
  _5269_/A
 _5270_/X
  _5271_/A
 _5272_/X
  _5273_/A
 _5274_/X
  _5275_/A
 _5276_/X
  _5277_/A
 _5278_/X
  _5279_/A
 _5280_/X
  _5281_/A
 _5284_/X
  _5285_/A
 _5286_/X
  _5287_/A
 _5288_/X
  _5289_/A
 _5290_/X
  _5291_/A
 _5292_/X
  _5293_/A
 _5294_/Y
  _5295_/A
  _5314_/A
  _5335_/A
  _5356_/S
  _5358_/S
  _5360_/S
 _5296_/X
  _5297_/A
 _5298_/X
  _5299_/A
 _5300_/X
  _5301_/A
 _5302_/X
  _5303_/A
 _5304_/X
  _5305_/A
 _5306_/X
  _5307_/A
 _5308_/X
  _5309_/A
 _5310_/X
  _5311_/A
 _5312_/X
  _5313_/A
 _5315_/X
  _5316_/A
 _5317_/X
  _5318_/A
 _5319_/X
  _5320_/A
 _5321_/X
  _5322_/A
 _5323_/X
  _5324_/A
 _5325_/X
  _5326_/A
 _5327_/X
  _5328_/A
 _5329_/X
  _5330_/A
 _5331_/X
  _5332_/A
 _5333_/X
  _5334_/A
 _5336_/X
  _5337_/A
 _5338_/X
  _5339_/A
 _5340_/X
  _5341_/A
 _5342_/X
  _5343_/A
 _5344_/X
  _5345_/A
 _5346_/X
  _5347_/A
 _5348_/X
  _5349_/A
 _5350_/X
  _5351_/A
 _5352_/X
  _5353_/A
 _5354_/X
  _5355_/A
 _5356_/X
  _5357_/A
 _5358_/X
  _5359_/A
 _5360_/X
  _5361_/A
 _5362_/X
  _5363_/A
 _5365_/X
  _5366_/A
 _5367_/X
  _5368_/A
 _5369_/X
  _5370_/A
 _5371_/X
  _5372_/A
 _5373_/X
  _5374_/A
 _5375_/X
  _5376_/A
 _5377_/X
  _5378_/A
 _5379_/X
  _5380_/A
 _5381_/X
  _5382_/A
 _5383_/X
  _5384_/A
 _5386_/X
  _5387_/A
 _5388_/X
  _5389_/A
 _5390_/X
  _5391_/A
 _5392_/X
  _5393_/A
 _5394_/X
  _5395_/A
 _5396_/X
  _5397_/A
 _5398_/X
  _5399_/A
 _5400_/X
  _5401_/A
 _5402_/X
  _5403_/A
 _5404_/X
  _5405_/A
 _5407_/X
  _5408_/A
 _5409_/X
  _5410_/A
 _5411_/X
  _5412_/A
 _5413_/X
  _5414_/A
 _5415_/X
  _5416_/A
 _5417_/X
  _5418_/A
 _5419_/X
  _5420_/A
 _5421_/X
  _5422_/A
 _5423_/X
  _5424_/A
 _5425_/X
  _5426_/A
 _5427_/X
  _5428_/A
 _5429_/X
  _5430_/A
 _5577_/X
  _5578_/A
 _5579_/X
  _5580_/A
 _5581_/X
  _5582_/A
 _5583_/X
  _5584_/A
 _5587_/X
  _5588_/A
 _5589_/X
  _5590_/A
 _5591_/X
  _5592_/A
 _5593_/X
  _5594_/A
 _5595_/X
  _5596_/A
 _5600_/X
  _5601_/A
 _5602_/X
  _5603_/A
 _5604_/X
  instruction_out[28]
  _5605_/B
  _5609_/B
  _5613_/B
  _5615_/B
  _5619_/B
  _5622_/B
  _5624_/B
  _5628_/B
  _5633_/B
 _5605_/X
  _5606_/A
 _5607_/X
  _5608_/A
 _5609_/X
  _5610_/A
 _5611_/X
  _5612_/A
 _5613_/X
  _5614_/A
 _5615_/X
  _5616_/A
 _5617_/X
  _5618_/A
 _5619_/X
  _5620_/A
 _5624_/X
  _5625_/A
 _5626_/X
  _5627_/A
 _5628_/X
  _5629_/A
 _5630_/X
  _5631_/A
 _5634_/X
  _5635_/A
 _5640_/Y
  instruction_out[4]
 _5641_/Y
  instruction_out[17]
 _5643_/X
  instruction_out[5]
 _5645_/X
  instruction_out[12]
 _5646_/Y
  instruction_out[9]
 _5647_/Y
  instruction_out[11]
 _5649_/X
  instruction_out[26]
 _5650_/Y
  alu_result_out[0]
 _5651_/Y
  alu_result_out[8]
 _5652_/Y
  alu_result_out[27]
 _5653_/Y
  alu_result_out[29]
 _5654_/Y
  alu_result_out[31]
 _5668_/X
  _5669_/A
 _5671_/X
  _5672_/A
 _5674_/X
  _5675_/A
 _5676_/X
  _5677_/A
 _5678_/X
  _5679_/A
 _5680_/X
  _5681_/A
 _5682_/X
  _5683_/A
 _5684_/X
  _5685_/A
 _5686_/X
  _5687_/A
 _5688_/X
  _5689_/A
 _5690_/X
  _5691_/A
 _5693_/X
  _5694_/A
 _5695_/X
  _5696_/A
 _5697_/X
  _5698_/A
 _5699_/X
  _5700_/A
 _5701_/X
  _5702_/A
 _5703_/X
  _5704_/A
 _5706_/X
  _5707_/A
 _5708_/X
  _5709_/A
 _5710_/X
  _5711_/A
 _5712_/X
  _5713_/A
 _5715_/X
  _5716_/A
 _5717_/X
  _5718_/A
 _5719_/X
  _5720_/A
 _5721_/X
  _5722_/A
 _5723_/X
  _5724_/A
 _5725_/X
  _5726_/A
 _5727_/X
  _5728_/A
 _5729_/X
  _5730_/A
 _5731_/X
  _5732_/A
 _5733_/X
  _5734_/A
 _5735_/X
  _5736_/A
 _5737_/X
  _5738_/A
 _6687_/Q
  _5674_/A1
 _6688_/Q
  _5676_/A1
 _6689_/Q
  _5678_/A1
 _6690_/Q
  _5680_/A1
 _6691_/Q
  _5682_/A1
 _6692_/Q
  _5684_/A1
 _6693_/Q
  _5686_/A1
 _6694_/Q
  _5688_/A1
 _6695_/Q
  _5690_/A1
 _6696_/Q
  _3866_/A0
  _5693_/A1
 _6697_/Q
  _5695_/A1
 _6698_/Q
  _5697_/A1
 _6699_/Q
  _5699_/A1
 _6700_/Q
  _5701_/A1
 _6701_/Q
  _5703_/A1
 _6702_/Q
  _5705_/A1
 _6703_/Q
  _5706_/A1
 _6704_/Q
  _5708_/A1
 _6705_/Q
  _5710_/A1
 _6706_/Q
  _5712_/A1
 _6707_/Q
  _5715_/A1
 _6708_/Q
  _5717_/A1
 _6709_/Q
  _5719_/A1
 _6710_/Q
  _5721_/A1
 _6711_/Q
  _5723_/A1
 _6712_/Q
  _5725_/A1
 _6713_/Q
  _5727_/A1
 _6714_/Q
  _5729_/A1
 _6715_/Q
  _5731_/A1
 _6716_/Q
  _5733_/A1
 _6717_/Q
  _5735_/A1
 _6718_/Q
  _5737_/A1
 _6719_/Q
  _5739_/A
 _6720_/Q
  _5741_/A
 _6721_/Q
  _5743_/A
 _6722_/Q
  _5745_/A
 _6723_/Q
  _5747_/A
 _6724_/Q
  _5749_/A
 _6725_/Q
  _5751_/A
 _6726_/Q
  _5753_/A
 _6727_/Q
  _5755_/A
 _6728_/Q
  _5757_/A
 _6729_/Q
  _5759_/A
 _6730_/Q
  _5761_/A
 _6731_/Q
  _5763_/A
 _6732_/Q
  _5765_/A
 _6733_/Q
  _5767_/A
 _6734_/Q
  _5769_/A
 _6735_/Q
  _5771_/A
 _6736_/Q
  _5773_/A
 _6737_/Q
  _5775_/A
 _6738_/Q
  _5777_/A
 _6739_/Q
  _5779_/A
 _6740_/Q
  _5781_/A
 _6741_/Q
  _5783_/A
 _6742_/Q
  _5785_/A
 _6743_/Q
  _5787_/A
 _6744_/Q
  _5789_/A
 _6745_/Q
  _5791_/A
 _6746_/Q
  _5793_/A
 _6747_/Q
  _5795_/A
 _6748_/Q
  _5797_/A
 _6749_/Q
  _5799_/A
 _6750_/Q
  _5801_/A
 _6751_/Q
  _5803_/A
 _6752_/Q
  _5805_/A
 _6753_/Q
  _5807_/A
 _6754_/Q
  _5809_/A
 _6755_/Q
  _5811_/A
 _6756_/Q
  _5813_/A
 _6757_/Q
  _5815_/A
 _6758_/Q
  _5817_/A
 _6759_/Q
  _5819_/A
 _6760_/Q
  _5821_/A
 _6761_/Q
  _5823_/A
 _6762_/Q
  _5825_/A
 _6763_/Q
  _5827_/A
 _6764_/Q
  _5829_/A
 _6765_/Q
  _5831_/A
 _6766_/Q
  _5833_/A
 _6767_/Q
  _5835_/A
 _6768_/Q
  _5837_/A
 _6769_/Q
  _5839_/A
 _6770_/Q
  _5841_/A
 _6771_/Q
  _5843_/A
 _6772_/Q
  _5845_/A
 _6773_/Q
  _5847_/A
 _6774_/Q
  _5849_/A
 _6775_/Q
  _5851_/A
 _6776_/Q
  _5853_/A
 _6777_/Q
  _5855_/A
 _6778_/Q
  _5857_/A
 _6779_/Q
  _5859_/A
 _6780_/Q
  _5861_/A
 _6781_/Q
  _5863_/A
 _6782_/Q
  _5865_/A
 _6783_/Q
  _5867_/A
 _6784_/Q
  _5869_/A
 _6785_/Q
  _5871_/A
 _6786_/Q
  _5873_/A
 _6787_/Q
  _5875_/A
 _6788_/Q
  _5877_/A
 _6789_/Q
  _5879_/A
 _6790_/Q
  _5881_/A
 _6791_/Q
  _5883_/A
 _6792_/Q
  _5885_/A
 _6793_/Q
  _5887_/A
 _6794_/Q
  _5889_/A
 _6795_/Q
  _5891_/A
 _6796_/Q
  _5893_/A
 _6797_/Q
  _5895_/A
 _6798_/Q
  _5897_/A
 _6799_/Q
  _5899_/A
 _6800_/Q
  _5901_/A
 _6801_/Q
  _5903_/A
 _6802_/Q
  _5905_/A
 _6803_/Q
  _5907_/A
 _6804_/Q
  _5909_/A
 _6805_/Q
  _5911_/A
 _6806_/Q
  _5913_/A
 _6807_/Q
  _5915_/A
 _6808_/Q
  _5917_/A
 _6809_/Q
  _5919_/A
 _6810_/Q
  _5921_/A
 _6811_/Q
  _5923_/A
 _6812_/Q
  _5925_/A
 _6813_/Q
  _5927_/A
 _6814_/Q
  _5929_/A
 _6815_/Q
  _5931_/A
 _6816_/Q
  _5933_/A
 _6817_/Q
  _3782_/B2
  _5935_/A
 _6818_/Q
  _5937_/A
 _6819_/Q
  _5939_/A
 _6820_/Q
  _5941_/A
 _6821_/Q
  _5943_/A
 _6822_/Q
  _5945_/A
 _6823_/Q
  _5947_/A
 _6824_/Q
  _5949_/A
 _6825_/Q
  _5951_/A
 _6826_/Q
  _5953_/A
 _6827_/Q
  _5955_/A
 _6828_/Q
  _5957_/A
 _6829_/Q
  _5959_/A
 _6830_/Q
  _5961_/A
 _6831_/Q
  _5963_/A
 _6832_/Q
  _5965_/A
 _6833_/Q
  _5967_/A
 _6834_/Q
  _5969_/A
 _6835_/Q
  _5971_/A
 _6836_/Q
  _5973_/A
 _6837_/Q
  _5975_/A
 _6838_/Q
  _5977_/A
 _6839_/Q
  _5979_/A
 _6840_/Q
  _5981_/A
 _6841_/Q
  _5983_/A
 _6842_/Q
  _5985_/A
 _6843_/Q
  _5987_/A
 _6844_/Q
  _5989_/A
 _6845_/Q
  _5991_/A
 _6846_/Q
  _5993_/A
 _6847_/Q
  _5995_/A
 _6848_/Q
  _5997_/A
 _6849_/Q
  _5999_/A
 _6850_/Q
  _6001_/A
 _6851_/Q
  _6003_/A
 _6852_/Q
  _6005_/A
 _6853_/Q
  _6007_/A
 _6854_/Q
  _6009_/A
 _6855_/Q
  _6011_/A
 _6856_/Q
  _6013_/A
 _6857_/Q
  _6015_/A
 _6858_/Q
  _6017_/A
 _6859_/Q
  _6019_/A
 _6860_/Q
  _6021_/A
 _6861_/Q
  _6023_/A
 _6862_/Q
  _6025_/A
 _6863_/Q
  _6027_/A
 _6864_/Q
  _6029_/A
 _6865_/Q
  _6031_/A
 _6866_/Q
  _6033_/A
 _6867_/Q
  _6035_/A
 _6868_/Q
  _6037_/A
 _6869_/Q
  _6039_/A
 _6870_/Q
  _6041_/A
 _6871_/Q
  _6043_/A
 _6872_/Q
  _6045_/A
 _6873_/Q
  _6047_/A
 _6874_/Q
  _6049_/A
 _6875_/Q
  _6051_/A
 _6876_/Q
  _6053_/A
 _6877_/Q
  _6055_/A
 _6878_/Q
  _6057_/A
 _6879_/Q
  _6059_/A
 _6880_/Q
  _6061_/A
 _6881_/Q
  _6063_/A
 _6882_/Q
  _6065_/A
 _6883_/Q
  _6067_/A
 _6884_/Q
  _6069_/A
 _6885_/Q
  _6071_/A
 _6886_/Q
  _6073_/A
 _6887_/Q
  _6075_/A
 _6888_/Q
  _6077_/A
 _6889_/Q
  _6079_/A
 _6890_/Q
  _6081_/A
 _6891_/Q
  _6083_/A
 _6892_/Q
  _6085_/A
 _6893_/Q
  _6087_/A
 _6894_/Q
  _6089_/A
 _6895_/Q
  _6091_/A
 _6896_/Q
  _6093_/A
 _6897_/Q
  _6095_/A
 _6898_/Q
  _6097_/A
 _6899_/Q
  _6099_/A
 _6900_/Q
  _6101_/A
 _6901_/Q
  _6103_/A
 _6902_/Q
  _6105_/A
 _6903_/Q
  _6107_/A
 _6904_/Q
  _6109_/A
 _6905_/Q
  _6111_/A
 _6906_/Q
  _6113_/A
 _6907_/Q
  _6115_/A
 _6908_/Q
  _6117_/A
 _6909_/Q
  _6119_/A
 _6910_/Q
  _6121_/A
 _6911_/Q
  _6123_/A
 _6912_/Q
  _6125_/A
 _6913_/Q
  _6127_/A
 _6914_/Q
  _6129_/A
 _6915_/Q
  _6131_/A
 _6916_/Q
  _6133_/A
 _6917_/Q
  _6135_/A
 _6918_/Q
  _6137_/A
 _6919_/Q
  _6139_/A
 _6920_/Q
  _6141_/A
 _6921_/Q
  _6143_/A
 _6922_/Q
  _6145_/A
 _6923_/Q
  _6147_/A
 _6924_/Q
  _3859_/A1
  _6149_/A
 _6925_/Q
  _3842_/A1
  _6151_/A
 _6926_/Q
  _6153_/A
 _6927_/Q
  _6155_/A
 _6928_/Q
  _6157_/A
 _6929_/Q
  _6159_/A
 _6930_/Q
  _6161_/A
 _6931_/Q
  _6163_/A
 _6932_/Q
  _6165_/A
 _6933_/Q
  _6167_/A
 _6934_/Q
  _6169_/A
 _6935_/Q
  _6171_/A
 _6936_/Q
  _6173_/A
 _6937_/Q
  _6175_/A
 _6938_/Q
  _6177_/A
 _6939_/Q
  _6179_/A
 _6940_/Q
  _6181_/A
 _6941_/Q
  _6183_/A
 _6942_/Q
  _6185_/A
 _6943_/Q
  _6187_/A
 _6944_/Q
  _6189_/A
 _6945_/Q
  _6191_/A
 _6946_/Q
  _6193_/A
 _6947_/Q
  _6195_/A
 _6948_/Q
  _6197_/A
 _6949_/Q
  _6199_/A
 _6950_/Q
  _6201_/A
 _6951_/Q
  _6203_/A
 _6952_/Q
  _6205_/A
 _6953_/Q
  _6207_/A
 _6954_/Q
  _6209_/A
 _6955_/Q
  _6211_/A
 _6956_/Q
  _6213_/A
 _6957_/Q
  _6215_/A
 _6958_/Q
  _6217_/A
 _6959_/Q
  _6219_/A
 _6960_/Q
  _6221_/A
 _6961_/Q
  _6223_/A
 _6962_/Q
  _6225_/A
 _6963_/Q
  _6227_/A
 _6964_/Q
  _6229_/A
 _6965_/Q
  _6231_/A
 _6966_/Q
  _6233_/A
 _6967_/Q
  _6235_/A
 _6968_/Q
  _6237_/A
 _6969_/Q
  _6239_/A
 _6970_/Q
  _6241_/A
 _6971_/Q
  _6243_/A
 _6972_/Q
  _6245_/A
 _6973_/Q
  _6247_/A
 _6974_/Q
  _6249_/A
 _6975_/Q
  _6251_/A
 _6976_/Q
  _6253_/A
 _6977_/Q
  _6255_/A
 _6978_/Q
  _6257_/A
 _6979_/Q
  pc_out[2]
  _3299_/A2
  _3300_/A
  _3302_/A2
  _3308_/B
  _3309_/C
  _3318_/A
  _3323_/B1
  _3331_/B
  _3350_/A
  _3353_/B
  _3360_/A1
  _3362_/A
  _3363_/C_N
  _3371_/D_N
  _3403_/A
  _3510_/B2
  _3516_/A2
  _3519_/A
  _4803_/C1
  _4942_/C1
  _5129_/B
  _5645_/A2
  _5667_/A
 _6984_/Q
  pc_out[7]
  _4675_/D1
  _4697_/B
  _5118_/B
  _5119_/B1
 _6985_/Q
  pc_out[8]
  _4676_/B1
  _4698_/A
  _5068_/A
  _5091_/A1
  _5097_/A
  _5106_/A1
 _6986_/Q
  pc_out[9]
  _4676_/C1
  _4699_/A
  _5065_/A1
  _5068_/B
  _5082_/A
  _5091_/B1
 _6987_/Q
  pc_out[10]
  _4676_/D1
  _4699_/B
  _5065_/B1
  _5069_/A
 _6988_/Q
  pc_out[11]
  _4678_/A1
  _4700_/A
  _5037_/A
  _5043_/A
  _5045_/A
 _6989_/Q
  pc_out[12]
  _4674_/A
  _4677_/A
  _4701_/A
  _5025_/A1
  _5030_/A
 _6990_/Q
  pc_out[13]
  _4679_/A
  _4701_/B
  _5014_/A
  _5025_/B1
 _6991_/Q
  pc_out[14]
  _4671_/A
  _4672_/A
  _4702_/A
  _5000_/A
 _6992_/Q
  pc_out[15]
  _4681_/B1
  _4703_/A
  _4957_/B1
  _4976_/A1
  _4981_/A
  _4982_/A
 _6993_/Q
  pc_out[16]
  _4681_/C1
  _4703_/B
  _4959_/A1
  _4974_/A
  _4976_/B1
 _6994_/Q
  pc_out[17]
  _4681_/D1
  _4704_/A
  _4959_/B1
  _4962_/A
 _6995_/Q
  pc_out[18]
  _4669_/A
  _4670_/A
  _4705_/A
  _4930_/A1
  _4935_/A
  _4942_/A1
 _6996_/Q
  pc_out[19]
  _4684_/A1
  _4685_/A1
  _4705_/B
  _4893_/B1
  _4928_/A
  _4930_/B1
 _6997_/Q
  pc_out[20]
  _4666_/A
  _4683_/A1
  _4706_/A
  _4895_/A1
  _4911_/A
 _6998_/Q
  pc_out[21]
  _4667_/A
  _4683_/A2
  _4707_/A
  _4861_/A1
  _4867_/A
  _4881_/A
 _6999_/Q
  pc_out[22]
  _4686_/A
  _4707_/B
  _4858_/A
  _4861_/A2
  _4868_/A
  _4869_/A1
 _7000_/Q
  pc_out[23]
  _4686_/B
  _4707_/C
  _4859_/A
  _4861_/B1
 _7001_/Q
  pc_out[24]
  _4687_/A
  _4688_/A1
  _4708_/A
  _4825_/A
  _4833_/A1
 _7002_/Q
  pc_out[25]
  _4688_/A2
  _4689_/A1
  _4709_/A
  _4800_/A1
  _4802_/A1
  _4809_/A
  _4818_/A
  _4819_/A1
 _7003_/Q
  pc_out[26]
  _4689_/C1
  _4709_/B
  _4800_/B1
  _4803_/A1
 _7004_/Q
  pc_out[27]
  _4691_/A1
  _4710_/A
  _4758_/A
  _4774_/A
  _4776_/A
 _7005_/Q
  pc_out[28]
  _4665_/A
  _4690_/A
  _4711_/A
  _4737_/A1
  _4755_/A
 _7006_/Q
  pc_out[29]
  _4692_/A
  _4711_/B
  _4737_/B1
  _4749_/A
 _7007_/Q
  pc_out[30]
  _4693_/A
  _4712_/A
  _4727_/A1
  _4730_/A
 _7008_/Q
  pc_out[31]
  _4694_/A
  _4695_/A1
  _4713_/A
 _7009_/Q
  pc_out[0]
  _4468_/A1
  _4469_/A1
  _5152_/A
  _5638_/A
 _7010_/Q
  pc_out[1]
  _5153_/A
  _5156_/A0
  _5636_/A
 _7011_/Q
  _5634_/A
 _7012_/Q
  _5632_/A
 _7013_/Q
  _5630_/A
 _7014_/Q
  _5628_/A
 _7015_/Q
  _5626_/A
 _7016_/Q
  _5624_/A
 _7017_/Q
  _5621_/A
 _7018_/Q
  _5619_/A
 _7019_/Q
  _5617_/A
 _7020_/Q
  _5615_/A
 _7021_/Q
  _5613_/A
 _7022_/Q
  _5611_/A
 _7023_/Q
  _5609_/A
 _7024_/Q
  _5607_/A
 _7025_/Q
  _5605_/A
 _7026_/Q
  _5602_/A
 _7027_/Q
  _5600_/A
 _7028_/Q
  _5598_/A1
 _7029_/Q
  _5597_/A1
 _7030_/Q
  _5595_/A
 _7031_/Q
  _5593_/A
 _7032_/Q
  _5591_/A
 _7033_/Q
  _5589_/A
 _7034_/Q
  _5587_/A
 _7035_/Q
  _5586_/A1
 _7036_/Q
  _5585_/A1
 _7037_/Q
  _5583_/A0
 _7038_/Q
  _5581_/A0
 _7039_/Q
  _5579_/A0
 _7040_/Q
  _5577_/A0
 _7041_/Q
  _5576_/A1
 _7042_/Q
  _5575_/A1
 _7043_/Q
  _5574_/A1
 _7044_/Q
  _5573_/A1
 _7045_/Q
  _5572_/A1
 _7046_/Q
  _5571_/A1
 _7047_/Q
  _5570_/A1
 _7048_/Q
  _5569_/A1
 _7049_/Q
  _5568_/A1
 _7050_/Q
  _5567_/A1
 _7051_/Q
  _5566_/A1
 _7052_/Q
  _5564_/A1
 _7053_/Q
  _5563_/A1
 _7054_/Q
  _5561_/A1
 _7055_/Q
  _5557_/A
 _7056_/Q
  _5555_/A
 _7057_/Q
  _5553_/A
 _7058_/Q
  _5551_/A
 _7059_/Q
  _5549_/A
 _7060_/Q
  _5547_/A
 _7061_/Q
  _5545_/A
 _7062_/Q
  _5543_/A
 _7063_/Q
  _4342_/A1
  _5541_/A
 _7064_/Q
  _5539_/A
 _7065_/Q
  _5537_/A
 _7066_/Q
  _5535_/A
 _7067_/Q
  _5533_/A
 _7068_/Q
  _5531_/A
 _7069_/Q
  _4249_/A1
  _5529_/A
 _7070_/Q
  _5527_/A
 _7071_/Q
  _5525_/A
 _7072_/Q
  _5523_/A
 _7073_/Q
  _5521_/A
 _7074_/Q
  _5519_/A
 _7075_/Q
  _5517_/A
 _7076_/Q
  _5515_/A
 _7077_/Q
  _5513_/A
 _7078_/Q
  _5511_/A
 _7079_/Q
  _5509_/A
 _7080_/Q
  _5507_/A
 _7081_/Q
  _5505_/A
 _7082_/Q
  _5503_/A
 _7083_/Q
  _5501_/A
 _7084_/Q
  _5499_/A
 _7085_/Q
  _5497_/A
 _7086_/Q
  _5495_/A
 _7087_/Q
  _5493_/A
 _7088_/Q
  _5491_/A
 _7089_/Q
  _5489_/A
 _7090_/Q
  _5487_/A
 _7091_/Q
  _5485_/A
 _7092_/Q
  _5483_/A
 _7093_/Q
  _5481_/A
 _7094_/Q
  _5479_/A
 _7095_/Q
  _5477_/A
 _7096_/Q
  _5475_/A
 _7097_/Q
  _5473_/A
 _7098_/Q
  _5471_/A
 _7099_/Q
  _5469_/A
 _7100_/Q
  _5467_/A
 _7101_/Q
  _5465_/A
 _7102_/Q
  _5463_/A
 _7103_/Q
  _5461_/A
 _7104_/Q
  _5459_/A
 _7105_/Q
  _5457_/A
 _7106_/Q
  _5455_/A
 _7107_/Q
  _5453_/A
 _7108_/Q
  _5451_/A
 _7109_/Q
  _5449_/A
 _7110_/Q
  _5447_/A
 _7111_/Q
  _5445_/A
 _7112_/Q
  _5443_/A
 _7113_/Q
  _5441_/A
 _7114_/Q
  _5439_/A
 _7115_/Q
  _5437_/A
 _7116_/Q
  _5435_/A
 _7117_/Q
  _5433_/A
 _7118_/Q
  _5431_/A
 _7119_/Q
  _5429_/A0
 _7120_/Q
  _5427_/A0
 _7121_/Q
  _5425_/A0
 _7122_/Q
  _5423_/A0
 _7123_/Q
  _5421_/A0
 _7124_/Q
  _5419_/A0
 _7125_/Q
  _5417_/A0
 _7126_/Q
  _5415_/A0
 _7127_/Q
  _5413_/A0
 _7128_/Q
  _5411_/A0
 _7129_/Q
  _5409_/A0
 _7130_/Q
  _5407_/A0
 _7131_/Q
  _5404_/A0
 _7132_/Q
  _5402_/A0
 _7133_/Q
  _5400_/A0
 _7134_/Q
  _4263_/A1
  _5398_/A0
 _7135_/Q
  _5396_/A0
 _7136_/Q
  _5394_/A0
 _7137_/Q
  _5392_/A0
 _7138_/Q
  _5390_/A0
 _7139_/Q
  _5388_/A0
 _7140_/Q
  _5386_/A0
 _7142_/Q
  _5381_/A0
 _7143_/Q
  _5379_/A0
 _7144_/Q
  _5377_/A0
 _7145_/Q
  _4385_/B2
  _5375_/A0
 _7146_/Q
  _5373_/A0
 _7147_/Q
  _5371_/A0
 _7148_/Q
  _5369_/A0
 _7149_/Q
  _5367_/A0
 _7150_/Q
  _5365_/A0
 _7151_/Q
  _5360_/A0
 _7152_/Q
  _5358_/A0
 _7153_/Q
  _5356_/A0
 _7154_/Q
  _5354_/A0
 _7155_/Q
  _5352_/A0
 _7156_/Q
  _5350_/A0
 _7157_/Q
  _5348_/A0
 _7158_/Q
  _5346_/A0
 _7159_/Q
  _5344_/A0
 _7160_/Q
  _4301_/B2
  _4310_/B2
  _5342_/A0
 _7161_/Q
  _5340_/A0
 _7162_/Q
  _5338_/A0
 _7163_/Q
  _5336_/A0
 _7164_/Q
  _5333_/A0
 _7165_/Q
  _5331_/A0
 _7166_/Q
  _5329_/A0
 _7167_/Q
  _5327_/A0
 _7168_/Q
  _5325_/A0
 _7169_/Q
  _5323_/A0
 _7170_/Q
  _5321_/A0
 _7171_/Q
  _5319_/A0
 _7172_/Q
  _5317_/A0
 _7173_/Q
  _5315_/A0
 _7174_/Q
  _5312_/A0
 _7175_/Q
  _5310_/A0
 _7176_/Q
  _5308_/A0
 _7177_/Q
  _5306_/A0
 _7178_/Q
  _5304_/A0
 _7179_/Q
  _5302_/A0
 _7180_/Q
  _5300_/A0
 _7181_/Q
  _5298_/A0
 _7182_/Q
  _5296_/A0
 _7183_/Q
  _5292_/A0
 _7184_/Q
  _5290_/A0
 _7185_/Q
  _5288_/A0
 _7186_/Q
  _5286_/A0
 _7187_/Q
  _5284_/A0
 _7188_/Q
  _5283_/B2
 _7189_/Q
  _5282_/A1
 _7190_/Q
  _5280_/A0
 _7191_/Q
  _5278_/A0
 _7192_/Q
  _5276_/A0
 _7193_/Q
  _5274_/A0
 _7194_/Q
  _5272_/A0
 _7195_/Q
  _5270_/A0
 _7196_/Q
  _5268_/A0
 _7197_/Q
  _4252_/A1
  _5266_/A0
 _7198_/Q
  _5264_/A0
 _7199_/Q
  _5262_/A0
 _7200_/Q
  _5260_/A0
 _7201_/Q
  _5258_/A0
 _7202_/Q
  _5256_/A0
 _7203_/Q
  _5253_/A0
 _7204_/Q
  _5251_/A0
 _7205_/Q
  _5249_/A0
 _7206_/Q
  _5247_/A0
 _7207_/Q
  _4435_/A1
  _5245_/A0
 _7208_/Q
  _5243_/A0
 _7209_/Q
  _5241_/A0
 _7210_/Q
  _5240_/B2
 _7211_/Q
  _5239_/A1
 _7212_/Q
  _5236_/A0
 _7213_/Q
  _5234_/A0
 _7214_/Q
  _5232_/A0
 _7216_/Q
  _5225_/A
 _7217_/Q
  _5223_/A
 _7218_/Q
  _5221_/A
 _7219_/Q
  _5219_/A
 _7220_/Q
  _5217_/A
 _7221_/Q
  _5215_/A
 _7222_/Q
  _4280_/A1
  _4284_/A1
  _5213_/A
 _7223_/Q
  _5211_/A
 _7224_/Q
  _5209_/A
 _7225_/Q
  _5207_/A
 _7226_/Q
  _5205_/A
 _7227_/Q
  _5203_/A
 _7228_/Q
  _5200_/A
 _7229_/Q
  _5198_/A
 _7230_/Q
  _5196_/A
 _7231_/Q
  _5194_/A
 _7232_/Q
  _5192_/A
 _7233_/Q
  _5190_/A
 _7234_/Q
  _5188_/A
 _7235_/Q
  _5186_/A
 _7236_/Q
  _5184_/A
 _7237_/Q
  _5182_/A
 _7238_/Q
  _5179_/A
 _7239_/Q
  _5177_/A
 _7240_/Q
  _5175_/A
 _7241_/Q
  _4387_/A1
  _5173_/A
 _7242_/Q
  _5171_/A
 _7243_/Q
  _5169_/A
 _7244_/Q
  _4061_/A1
  _5167_/A
 _7245_/Q
  _5165_/A
 _7246_/Q
  _5163_/A
 _7247_/Q
  _5159_/A0
 _7248_/Q
  _4601_/A1
  _5157_/A0
 _7249_/Q
  _4599_/A1
  _5142_/A0
 _7250_/Q
  _4597_/A1
  _5140_/A0
 _7251_/Q
  _5136_/A0
 _7252_/Q
  _5132_/A0
 _7253_/Q
  _5126_/A0
 _7254_/Q
  _5122_/A0
 _7255_/Q
  _5108_/A0
 _7256_/Q
  _5095_/A0
 _7257_/Q
  _5080_/A0
 _7258_/Q
  _5063_/A0
 _7259_/Q
  _5041_/A0
 _7260_/Q
  _5028_/A0
 _7261_/Q
  _5012_/A0
 _7262_/Q
  _4998_/A0
 _7263_/Q
  _4979_/A0
 _7264_/Q
  _4965_/A0
 _7265_/Q
  _4946_/A0
 _7266_/Q
  _4933_/A0
 _7267_/Q
  _4914_/A0
 _7268_/Q
  _4901_/A0
 _7269_/Q
  _4879_/A0
 _7270_/Q
  _4865_/A0
 _7271_/Q
  _4837_/A0
 _7272_/Q
  _4823_/A0
 _7273_/Q
  _4807_/A0
 _7274_/Q
  _4793_/A0
 _7275_/Q
  _4772_/A0
 _7276_/Q
  _4753_/A0
 _7277_/Q
  _4735_/A0
 _7278_/Q
  _4718_/A0
 _7279_/Q
  _3488_/A
  _3496_/B2
  _4603_/A1
 _7280_/Q
  _4534_/A1
  _4601_/A0
 _7282_/Q
  _4530_/A1
 _7283_/Q
  _4595_/A
 _7284_/Q
  _4526_/A1
  _4593_/A
 _7285_/Q
  _4591_/A
 _7286_/Q
  _4522_/A1
  _4589_/A
 _7287_/Q
  _4587_/A
 _7288_/Q
  _4585_/A
 _7289_/Q
  _4583_/A
 _7290_/Q
  _4581_/A
 _7292_/Q
  _4577_/A
 _7293_/Q
  _4575_/A
 _7295_/Q
  _4571_/A
 _7296_/Q
  _4569_/A
 _7298_/Q
  _4565_/A
 _7299_/Q
  _4563_/A
 _7300_/Q
  _4561_/A
 _7303_/Q
  _4488_/A1
  _4554_/A
 _7304_/Q
  _4552_/A
 _7305_/Q
  _4484_/A1
  _4550_/A
 _7306_/Q
  _4482_/A1
  _4548_/A
 _7307_/Q
  _4546_/A
 _7308_/Q
  _4478_/A1
  _4544_/A
 _7309_/Q
  _4542_/A
 _7310_/Q
  _4474_/A1
  _4540_/A
 _7311_/Q
  _4536_/A1
 _7312_/Q
  _3996_/A1
  _4534_/A0
 _7313_/Q
  _4532_/A0
 _7314_/Q
  _3989_/A1
  _4530_/A0
 _7315_/Q
  _3987_/A1
  _4528_/A
 _7316_/Q
  _3985_/A1
  _4526_/A0
 _7317_/Q
  _3983_/A1
  _4524_/A0
 _7318_/Q
  _3981_/A1
  _4522_/A0
 _7319_/Q
  _3979_/A1
  _4520_/A0
 _7320_/Q
  _3977_/A1
  _4519_/A1
 _7321_/Q
  _3975_/A1
  _4517_/A0
 _7322_/Q
  _3973_/A1
  _4515_/A0
 _7323_/Q
  _3970_/A1
  _4513_/A0
 _7324_/Q
  _4510_/A0
 _7325_/Q
  _3966_/A1
  _4509_/A1
 _7327_/Q
  _3962_/A1
  _4505_/A0
 _7328_/Q
  _3960_/A1
  _4503_/A0
 _7329_/Q
  _3958_/A1
  _4501_/A0
 _7330_/Q
  _3956_/A1
  _4499_/A0
 _7331_/Q
  _3954_/A1
  _4497_/A0
 _7332_/Q
  _3952_/A1
  _4495_/A0
 _7333_/Q
  _3949_/A1
  _4098_/A1
  _4493_/A0
 _7335_/Q
  _3945_/A1
  _4488_/A0
 _7336_/Q
  _3943_/A1
  _4486_/A0
 _7337_/Q
  _3941_/A1
  _4484_/A0
 _7339_/Q
  _3937_/A1
  _4480_/A0
 _7340_/Q
  _3935_/A1
  _4478_/A0
 _7341_/Q
  _3933_/A1
  _4476_/A0
 _7342_/Q
  _3931_/A1
  _4474_/A0
 _7375_/Q
  _3928_/A1
 _7376_/Q
  _3924_/A1
 _7377_/Q
  _3920_/A1
 _7379_/Q
  _3909_/A1
 _7380_/Q
  _3905_/A1
 _7381_/Q
  _3901_/A1
 _7382_/Q
  _3897_/A1
 _7383_/Q
  _3875_/A1
 _7384_/Q
  _3868_/A1
 _7385_/Q
  _3864_/A0
 _7386_/Q
  _3860_/A0
 _7387_/Q
  _3857_/A1
 _7389_/Q
  _3822_/A1
 _7390_/Q
  _3818_/A1
 _7391_/Q
  _3814_/A1
 _7392_/Q
  _3792_/A1
 _7393_/Q
  _3770_/A1
 _7394_/Q
  _3766_/A1
 _7395_/Q
  _3763_/A1
 _7396_/Q
  _3757_/A0
 _7397_/Q
  _3754_/A1
 _7399_/Q
  _3710_/A1
 _7400_/Q
  _3705_/A0
 _7401_/Q
  _3702_/A1
 _7402_/Q
  _3698_/A1
 _7403_/Q
  _3693_/A0
 _7404_/Q
  _3684_/A1
 _7405_/Q
  _3671_/A1
 _7406_/Q
  _3645_/A1
 _7412_/X
  instruction_out[30]

===========================================================================
max slew violation count 429
max fanout violation count 6
max cap violation count 1
============================================================================

===========================================================================
check_setup -verbose -unconstrained_endpoints -multiple_clock -no_clock -no_input_delay -loops -generated_clocks
===========================================================================
