Reading timing models for corner nom_tt_025C_1v80…
Reading timing library for the 'nom_tt_025C_1v80' corner at '/home/cl4/.ciel/ciel/sky130/versions/8afc8346a57fe1ab7934ba5a6056ea8b43078e71/sky130A/libs.ref/sky130_fd_sc_hd/lib/sky130_fd_sc_hd__tt_025C_1v80.lib'…
Reading OpenROAD database at '/home/cl4/Desktop/training/single_cycle/runs/RUN_2026-08-24_12-01-43/39-openroad-globalrouting/single_cycle_cpu.odb'…
Reading design constraints file at '/home/cl4/Desktop/training/single_cycle/src/impl.sdc'…
[INFO] Using clock clk…
[INFO] Setting output delay to: 5.0
[INFO] Setting input delay to: 5.0
[INFO] Setting load to: 0.033442
[INFO] Setting clock uncertainty to: 0.25
[INFO] Setting clock transition to: 0.1499999999999999944488848768742172978818416595458984375
[INFO] Setting timing derate to: 5%
[INFO] No information on clock propagation in input SDC file-- propagating all clocks.
%OL_CREATE_REPORT /home/cl4/Desktop/training/single_cycle/runs/RUN_2026-08-24_12-01-43/40-openroad-checkantennas/reports/antenna.rpt
Net: RF.registers\[12\]\[20\]
  Pin:   _3954_/A0 (sky130_fd_sc_hd__mux2_2)
    Layer: mcon
      Partial area ratio:    0.18
      Required ratio:    3.00 (Gate area) 
      Cumulative area ratio:    0.18
      Required ratio:    0.00 (Cumulative area) 

    Layer: met1
      Partial area ratio:    4.37
      Required ratio:    0.00 (Gate area) 
      Cumulative area ratio:    4.37
      Required ratio:    0.00 (Cumulative area) 
      Partial area ratio:   20.68
      Required ratio:  400.00 (Side area) 
      Cumulative area ratio:   20.68
      Required ratio:    0.00 (Cumulative side area) 

    Layer: via
      Partial area ratio:    0.28
      Required ratio:    6.00 (Gate area) 
      Cumulative area ratio:    0.46
      Required ratio:    0.00 (Cumulative area) 

    Layer: met2
      Partial area ratio:    1.17
      Required ratio:    0.00 (Gate area) 
      Cumulative area ratio:    5.54
      Required ratio:    0.00 (Cumulative area) 
      Partial area ratio:    5.42
      Required ratio:  400.00 (Side area) 
      Cumulative area ratio:   26.09
      Required ratio:    0.00 (Cumulative side area) 

    Layer: via2
      Partial area ratio:    0.25
      Required ratio:    6.00 (Gate area) 
      Cumulative area ratio:    0.72
      Required ratio:    0.00 (Cumulative area) 

    Layer: met3
      Partial area ratio:    0.79
      Required ratio:    0.00 (Gate area) 
      Cumulative area ratio:    6.33
      Required ratio:    0.00 (Cumulative area) 
      Partial area ratio:    7.14
      Required ratio:  400.00 (Side area) 
      Cumulative area ratio:   33.24
      Required ratio:    0.00 (Cumulative side area) 

    Layer: via3
      Partial area ratio:    0.25
      Required ratio:    6.00 (Gate area) 
      Cumulative area ratio:    0.97
      Required ratio:    0.00 (Cumulative area) 

    Layer: met4
      Partial area ratio:   53.65
      Required ratio:    0.00 (Gate area) 
      Cumulative area ratio:   59.98
      Required ratio:    0.00 (Cumulative area) 
      Partial area ratio:  286.70
      Required ratio: 2778.20 (Side area) 
      Cumulative area ratio:  319.94
      Required ratio:    0.00 (Cumulative side area) 


  Pin:   _4129_/B2 (sky130_fd_sc_hd__a221o_2)
    Layer: mcon
      Partial area ratio:    0.12
      Required ratio:    3.00 (Gate area) 
      Cumulative area ratio:    0.12
      Required ratio:    0.00 (Cumulative area) 

    Layer: met1
      Partial area ratio:    2.42
      Required ratio:    0.00 (Gate area) 
      Cumulative area ratio:    2.42
      Required ratio:    0.00 (Cumulative area) 
      Partial area ratio:   11.43
      Required ratio:  400.00 (Side area) 
      Cumulative area ratio:   11.43
      Required ratio:    0.00 (Cumulative side area) 

    Layer: via
      Partial area ratio:    0.18
      Required ratio:    6.00 (Gate area) 
      Cumulative area ratio:    0.29
      Required ratio:    0.00 (Cumulative area) 

    Layer: met2
      Partial area ratio:    0.59
      Required ratio:    0.00 (Gate area) 
      Cumulative area ratio:    3.01
      Required ratio:    0.00 (Cumulative area) 
      Partial area ratio:    2.21
      Required ratio:  400.00 (Side area) 
      Cumulative area ratio:   13.65
      Required ratio:    0.00 (Cumulative side area) 

    Layer: via2
      Partial area ratio:    0.16
      Required ratio:    6.00 (Gate area) 
      Cumulative area ratio:    0.46
      Required ratio:    0.00 (Cumulative area) 

    Layer: met3
      Partial area ratio:    0.50
      Required ratio:    0.00 (Gate area) 
      Cumulative area ratio:    3.51
      Required ratio:    0.00 (Cumulative area) 
      Partial area ratio:    4.59
      Required ratio:  400.00 (Side area) 
      Cumulative area ratio:   18.24
      Required ratio:    0.00 (Cumulative side area) 

    Layer: via3
      Partial area ratio:    0.16
      Required ratio:    6.00 (Gate area) 
      Cumulative area ratio:    0.62
      Required ratio:    0.00 (Cumulative area) 

    Layer: met4
      Partial area ratio:   53.65
      Required ratio:    0.00 (Gate area) 
      Cumulative area ratio:   57.17
      Required ratio:    0.00 (Cumulative area) 
      Partial area ratio:  286.70
      Required ratio: 2778.20 (Side area) 
      Cumulative area ratio:  304.94
      Required ratio:    0.00 (Cumulative side area) 


  Pin:   _4133_/A1 (sky130_fd_sc_hd__a22o_2)
    Layer: mcon
      Partial area ratio:    0.12
      Required ratio:    3.00 (Gate area) 
      Cumulative area ratio:    0.12
      Required ratio:    0.00 (Cumulative area) 

    Layer: met1
      Partial area ratio:   10.67
      Required ratio:    0.00 (Gate area) 
      Cumulative area ratio:   10.67
      Required ratio:    0.00 (Cumulative area) 
      Partial area ratio:   52.62
      Required ratio:  400.00 (Side area) 
      Cumulative area ratio:   52.62
      Required ratio:    0.00 (Cumulative side area) 

    Layer: via
      Partial area ratio:    0.18
      Required ratio:    6.00 (Gate area) 
      Cumulative area ratio:    0.30
      Required ratio:    0.00 (Cumulative area) 

    Layer: met2
      Partial area ratio:    0.75
      Required ratio:    0.00 (Gate area) 
      Cumulative area ratio:   11.43
      Required ratio:    0.00 (Cumulative area) 
      Partial area ratio:    3.48
      Required ratio:  400.00 (Side area) 
      Cumulative area ratio:   56.10
      Required ratio:    0.00 (Cumulative side area) 

    Layer: via2
      Partial area ratio:    0.16
      Required ratio:    6.00 (Gate area) 
      Cumulative area ratio:    0.46
      Required ratio:    0.00 (Cumulative area) 

    Layer: met3
      Partial area ratio:    0.50
      Required ratio:    0.00 (Gate area) 
      Cumulative area ratio:   11.93
      Required ratio:    0.00 (Cumulative area) 
      Partial area ratio:    4.59
      Required ratio:  400.00 (Side area) 
      Cumulative area ratio:   60.69
      Required ratio:    0.00 (Cumulative side area) 

    Layer: via3
      Partial area ratio:    0.16
      Required ratio:    6.00 (Gate area) 
      Cumulative area ratio:    0.62
      Required ratio:    0.00 (Cumulative area) 

    Layer: met4
      Partial area ratio:   53.65
      Required ratio:    0.00 (Gate area) 
      Cumulative area ratio:   65.58
      Required ratio:    0.00 (Cumulative area) 
      Partial area ratio:  286.70
      Required ratio: 2778.20 (Side area) 
      Cumulative area ratio:  347.39
      Required ratio:    0.00 (Cumulative side area) 


  Pin:   _5715_/A0 (sky130_fd_sc_hd__mux2_2)
    Layer: mcon
      Partial area ratio:    0.18
      Required ratio:    3.00 (Gate area) 
      Cumulative area ratio:    0.18
      Required ratio:    0.00 (Cumulative area) 

    Layer: met1
      Partial area ratio:    2.71
      Required ratio:    0.00 (Gate area) 
      Cumulative area ratio:    2.71
      Required ratio:    0.00 (Cumulative area) 
      Partial area ratio:   12.38
      Required ratio:  400.00 (Side area) 
      Cumulative area ratio:   12.38
      Required ratio:    0.00 (Cumulative side area) 

    Layer: via
      Partial area ratio:    0.28
      Required ratio:    6.00 (Gate area) 
      Cumulative area ratio:    0.46
      Required ratio:    0.00 (Cumulative area) 

    Layer: met2
      Partial area ratio:    1.17
      Required ratio:    0.00 (Gate area) 
      Cumulative area ratio:    3.88
      Required ratio:    0.00 (Cumulative area) 
      Partial area ratio:    5.42
      Required ratio:  400.00 (Side area) 
      Cumulative area ratio:   17.79
      Required ratio:    0.00 (Cumulative side area) 

    Layer: via2
      Partial area ratio:    0.25
      Required ratio:    6.00 (Gate area) 
      Cumulative area ratio:    0.72
      Required ratio:    0.00 (Cumulative area) 

    Layer: met3
      Partial area ratio:  248.14
      Required ratio:    0.00 (Gate area) 
      Cumulative area ratio:  252.02
      Required ratio:    0.00 (Cumulative area) 
      Partial area ratio: 1326.34
      Required ratio:  400.00 (Side area) (VIOLATED)
      Cumulative area ratio: 1344.13
      Required ratio:    0.00 (Cumulative side area) 

    Layer: via3
      Partial area ratio:    0.25
      Required ratio:    6.00 (Gate area) 
      Cumulative area ratio:    0.97
      Required ratio:    0.00 (Cumulative area) 

    Layer: met4
      Partial area ratio:   53.65
      Required ratio:    0.00 (Gate area) 
      Cumulative area ratio:  305.67
      Required ratio:    0.00 (Cumulative area) 
      Partial area ratio:  286.70
      Required ratio: 2778.20 (Side area) 
      Cumulative area ratio: 1630.84
      Required ratio:    0.00 (Cumulative side area) 



Net: RF.registers\[12\]\[21\]
  Pin:   _3952_/A0 (sky130_fd_sc_hd__mux2_2)
    Layer: mcon
      Partial area ratio:    0.18
      Required ratio:    3.00 (Gate area) 
      Cumulative area ratio:    0.18
      Required ratio:    0.00 (Cumulative area) 

    Layer: met1
      Partial area ratio:   18.41
      Required ratio:    0.00 (Gate area) 
      Cumulative area ratio:   18.41
      Required ratio:    0.00 (Cumulative area) 
      Partial area ratio:   90.45
      Required ratio: 2778.20 (Side area) 
      Cumulative area ratio:   90.45
      Required ratio:    0.00 (Cumulative side area) 

    Layer: via
      Partial area ratio:    0.28
      Required ratio:   22.04 (Gate area) 
      Cumulative area ratio:    0.46
      Required ratio:    0.00 (Cumulative area) 

    Layer: met2
      Partial area ratio:    2.27
      Required ratio:    0.00 (Gate area) 
      Cumulative area ratio:   20.68
      Required ratio:    0.00 (Cumulative area) 
      Partial area ratio:   10.85
      Required ratio: 2778.20 (Side area) 
      Cumulative area ratio:  101.30
      Required ratio:    0.00 (Cumulative side area) 

    Layer: via2
      Partial area ratio:    0.06
      Required ratio:   22.04 (Gate area) 
      Cumulative area ratio:    0.52
      Required ratio:    0.00 (Cumulative area) 

    Layer: met3
      Partial area ratio:   22.35
      Required ratio:    0.00 (Gate area) 
      Cumulative area ratio:   43.03
      Required ratio:    0.00 (Cumulative area) 
      Partial area ratio:  119.89
      Required ratio: 2778.20 (Side area) 
      Cumulative area ratio:  221.19
      Required ratio:    0.00 (Cumulative side area) 

    Layer: via3
      Partial area ratio:    0.06
      Required ratio:   22.04 (Gate area) 
      Cumulative area ratio:    0.58
      Required ratio:    0.00 (Cumulative area) 

    Layer: met4
      Partial area ratio:   20.52
      Required ratio:    0.00 (Gate area) 
      Cumulative area ratio:   63.54
      Required ratio:    0.00 (Cumulative area) 
      Partial area ratio:  109.99
      Required ratio: 2778.20 (Side area) 
      Cumulative area ratio:  331.18
      Required ratio:    0.00 (Cumulative side area) 


  Pin:   _4113_/A1 (sky130_fd_sc_hd__a211o_2)
    Layer: mcon
      Partial area ratio:    0.12
      Required ratio:    3.00 (Gate area) 
      Cumulative area ratio:    0.12
      Required ratio:    0.00 (Cumulative area) 

    Layer: met1
      Partial area ratio:    0.87
      Required ratio:    0.00 (Gate area) 
      Cumulative area ratio:    0.87
      Required ratio:    0.00 (Cumulative area) 
      Partial area ratio:    3.71
      Required ratio:  400.00 (Side area) 
      Cumulative area ratio:    3.71
      Required ratio:    0.00 (Cumulative side area) 

    Layer: via
      Partial area ratio:    0.18
      Required ratio:    6.00 (Gate area) 
      Cumulative area ratio:    0.30
      Required ratio:    0.00 (Cumulative area) 

    Layer: met2
      Partial area ratio:    2.27
      Required ratio:    0.00 (Gate area) 
      Cumulative area ratio:    3.15
      Required ratio:    0.00 (Cumulative area) 
      Partial area ratio:   10.85
      Required ratio: 2778.20 (Side area) 
      Cumulative area ratio:   14.55
      Required ratio:    0.00 (Cumulative side area) 

    Layer: via2
      Partial area ratio:    0.06
      Required ratio:   22.04 (Gate area) 
      Cumulative area ratio:    0.36
      Required ratio:    0.00 (Cumulative area) 

    Layer: met3
      Partial area ratio:   22.35
      Required ratio:    0.00 (Gate area) 
      Cumulative area ratio:   25.49
      Required ratio:    0.00 (Cumulative area) 
      Partial area ratio:  119.89
      Required ratio: 2778.20 (Side area) 
      Cumulative area ratio:  134.44
      Required ratio:    0.00 (Cumulative side area) 

    Layer: via3
      Partial area ratio:    0.06
      Required ratio:   22.04 (Gate area) 
      Cumulative area ratio:    0.42
      Required ratio:    0.00 (Cumulative area) 

    Layer: met4
      Partial area ratio:   20.52
      Required ratio:    0.00 (Gate area) 
      Cumulative area ratio:   46.01
      Required ratio:    0.00 (Cumulative area) 
      Partial area ratio:  109.99
      Required ratio: 2778.20 (Side area) 
      Cumulative area ratio:  244.44
      Required ratio:    0.00 (Cumulative side area) 


  Pin:   _4118_/B2 (sky130_fd_sc_hd__a22o_2)
    Layer: mcon
      Partial area ratio:    0.12
      Required ratio:    3.00 (Gate area) 
      Cumulative area ratio:    0.12
      Required ratio:    0.00 (Cumulative area) 

    Layer: met1
      Partial area ratio:   18.41
      Required ratio:    0.00 (Gate area) 
      Cumulative area ratio:   18.41
      Required ratio:    0.00 (Cumulative area) 
      Partial area ratio:   90.45
      Required ratio: 2778.20 (Side area) 
      Cumulative area ratio:   90.45
      Required ratio:    0.00 (Cumulative side area) 

    Layer: via
      Partial area ratio:    0.28
      Required ratio:   22.04 (Gate area) 
      Cumulative area ratio:    0.39
      Required ratio:    0.00 (Cumulative area) 

    Layer: met2
      Partial area ratio:    2.27
      Required ratio:    0.00 (Gate area) 
      Cumulative area ratio:   20.68
      Required ratio:    0.00 (Cumulative area) 
      Partial area ratio:   10.85
      Required ratio: 2778.20 (Side area) 
      Cumulative area ratio:  101.30
      Required ratio:    0.00 (Cumulative side area) 

    Layer: via2
      Partial area ratio:    0.06
      Required ratio:   22.04 (Gate area) 
      Cumulative area ratio:    0.45
      Required ratio:    0.00 (Cumulative area) 

    Layer: met3
      Partial area ratio:   22.35
      Required ratio:    0.00 (Gate area) 
      Cumulative area ratio:   43.03
      Required ratio:    0.00 (Cumulative area) 
      Partial area ratio:  119.89
      Required ratio: 2778.20 (Side area) 
      Cumulative area ratio:  221.19
      Required ratio:    0.00 (Cumulative side area) 

    Layer: via3
      Partial area ratio:    0.06
      Required ratio:   22.04 (Gate area) 
      Cumulative area ratio:    0.52
      Required ratio:    0.00 (Cumulative area) 

    Layer: met4
      Partial area ratio:   20.52
      Required ratio:    0.00 (Gate area) 
      Cumulative area ratio:   63.54
      Required ratio:    0.00 (Cumulative area) 
      Partial area ratio:  109.99
      Required ratio: 2778.20 (Side area) 
      Cumulative area ratio:  331.18
      Required ratio:    0.00 (Cumulative side area) 


  Pin:   _5717_/A0 (sky130_fd_sc_hd__mux2_2)
    Layer: mcon
      Partial area ratio:    0.18
      Required ratio:    3.00 (Gate area) 
      Cumulative area ratio:    0.18
      Required ratio:    0.00 (Cumulative area) 

    Layer: met1
      Partial area ratio:    2.64
      Required ratio:    0.00 (Gate area) 
      Cumulative area ratio:    2.64
      Required ratio:    0.00 (Cumulative area) 
      Partial area ratio:   12.05
      Required ratio:  400.00 (Side area) 
      Cumulative area ratio:   12.05
      Required ratio:    0.00 (Cumulative side area) 

    Layer: via
      Partial area ratio:    0.28
      Required ratio:    6.00 (Gate area) 
      Cumulative area ratio:    0.46
      Required ratio:    0.00 (Cumulative area) 

    Layer: met2
      Partial area ratio:    7.47
      Required ratio:    0.00 (Gate area) 
      Cumulative area ratio:   10.11
      Required ratio:    0.00 (Cumulative area) 
      Partial area ratio:   36.21
      Required ratio:  400.00 (Side area) 
      Cumulative area ratio:   48.26
      Required ratio:    0.00 (Cumulative side area) 

    Layer: via2
      Partial area ratio:    0.25
      Required ratio:    6.00 (Gate area) 
      Cumulative area ratio:    0.72
      Required ratio:    0.00 (Cumulative area) 

    Layer: met3
      Partial area ratio:  143.99
      Required ratio:    0.00 (Gate area) 
      Cumulative area ratio:  154.10
      Required ratio:    0.00 (Cumulative area) 
      Partial area ratio:  770.87
      Required ratio:  400.00 (Side area) (VIOLATED)
      Cumulative area ratio:  819.13
      Required ratio:    0.00 (Cumulative side area) 

    Layer: via3
      Partial area ratio:    0.25
      Required ratio:    6.00 (Gate area) 
      Cumulative area ratio:    0.97
      Required ratio:    0.00 (Cumulative area) 

    Layer: met4
      Partial area ratio:   20.52
      Required ratio:    0.00 (Gate area) 
      Cumulative area ratio:  174.62
      Required ratio:    0.00 (Cumulative area) 
      Partial area ratio:  109.99
      Required ratio: 2778.20 (Side area) 
      Cumulative area ratio:  929.12
      Required ratio:    0.00 (Cumulative side area) 



Net: RF.registers\[12\]\[23\]
  Pin:   _3947_/A0 (sky130_fd_sc_hd__mux2_2)
    Layer: mcon
      Partial area ratio:    0.18
      Required ratio:    3.00 (Gate area) 
      Cumulative area ratio:    0.18
      Required ratio:    0.00 (Cumulative area) 

    Layer: met1
      Partial area ratio:    3.92
      Required ratio:    0.00 (Gate area) 
      Cumulative area ratio:    3.92
      Required ratio:    0.00 (Cumulative area) 
      Partial area ratio:   18.46
      Required ratio:  400.00 (Side area) 
      Cumulative area ratio:   18.46
      Required ratio:    0.00 (Cumulative side area) 

    Layer: via
      Partial area ratio:    0.28
      Required ratio:    6.00 (Gate area) 
      Cumulative area ratio:    0.46
      Required ratio:    0.00 (Cumulative area) 

    Layer: met2
      Partial area ratio:   14.74
      Required ratio:    0.00 (Gate area) 
      Cumulative area ratio:   18.66
      Required ratio:    0.00 (Cumulative area) 
      Partial area ratio:   70.57
      Required ratio: 2778.20 (Side area) 
      Cumulative area ratio:   89.03
      Required ratio:    0.00 (Cumulative side area) 

    Layer: via2
      Partial area ratio:    0.50
      Required ratio:   22.04 (Gate area) 
      Cumulative area ratio:    0.97
      Required ratio:    0.00 (Cumulative area) 

    Layer: met3
      Partial area ratio:   38.35
      Required ratio:    0.00 (Gate area) 
      Cumulative area ratio:   57.01
      Required ratio:    0.00 (Cumulative area) 
      Partial area ratio:  205.98
      Required ratio: 2778.20 (Side area) 
      Cumulative area ratio:  295.01
      Required ratio:    0.00 (Cumulative side area) 

    Layer: via3
      Partial area ratio:    0.06
      Required ratio:   22.04 (Gate area) 
      Cumulative area ratio:    1.03
      Required ratio:    0.00 (Cumulative area) 

    Layer: met4
      Partial area ratio:   38.34
      Required ratio:    0.00 (Gate area) 
      Cumulative area ratio:   95.35
      Required ratio:    0.00 (Cumulative area) 
      Partial area ratio:  205.05
      Required ratio: 2778.20 (Side area) 
      Cumulative area ratio:  500.06
      Required ratio:    0.00 (Cumulative side area) 


  Pin:   _4083_/A1 (sky130_fd_sc_hd__a22o_2)
    Layer: mcon
      Partial area ratio:    0.12
      Required ratio:    3.00 (Gate area) 
      Cumulative area ratio:    0.12
      Required ratio:    0.00 (Cumulative area) 

    Layer: met1
      Partial area ratio:    8.13
      Required ratio:    0.00 (Gate area) 
      Cumulative area ratio:    8.13
      Required ratio:    0.00 (Cumulative area) 
      Partial area ratio:   39.92
      Required ratio:  400.00 (Side area) 
      Cumulative area ratio:   39.92
      Required ratio:    0.00 (Cumulative side area) 

    Layer: via
      Partial area ratio:    0.14
      Required ratio:    6.00 (Gate area) 
      Cumulative area ratio:    0.25
      Required ratio:    0.00 (Cumulative area) 

    Layer: met2
      Partial area ratio:    0.55
      Required ratio:    0.00 (Gate area) 
      Cumulative area ratio:    8.68
      Required ratio:    0.00 (Cumulative area) 
      Partial area ratio:    2.56
      Required ratio:  400.00 (Side area) 
      Cumulative area ratio:   42.48
      Required ratio:    0.00 (Cumulative side area) 

    Layer: via2
      Partial area ratio:    0.08
      Required ratio:    6.00 (Gate area) 
      Cumulative area ratio:    0.33
      Required ratio:    0.00 (Cumulative area) 

    Layer: met3
      Partial area ratio:   38.35
      Required ratio:    0.00 (Gate area) 
      Cumulative area ratio:   47.03
      Required ratio:    0.00 (Cumulative area) 
      Partial area ratio:  205.98
      Required ratio: 2778.20 (Side area) 
      Cumulative area ratio:  248.47
      Required ratio:    0.00 (Cumulative side area) 

    Layer: via3
      Partial area ratio:    0.06
      Required ratio:   22.04 (Gate area) 
      Cumulative area ratio:    0.40
      Required ratio:    0.00 (Cumulative area) 

    Layer: met4
      Partial area ratio:   38.34
      Required ratio:    0.00 (Gate area) 
      Cumulative area ratio:   85.37
      Required ratio:    0.00 (Cumulative area) 
      Partial area ratio:  205.05
      Required ratio: 2778.20 (Side area) 
      Cumulative area ratio:  453.51
      Required ratio:    0.00 (Cumulative side area) 


  Pin:   _4092_/A1 (sky130_fd_sc_hd__a221o_2)
    Layer: mcon
      Partial area ratio:    0.12
      Required ratio:    3.00 (Gate area) 
      Cumulative area ratio:    0.12
      Required ratio:    0.00 (Cumulative area) 

    Layer: met1
      Partial area ratio:    8.13
      Required ratio:    0.00 (Gate area) 
      Cumulative area ratio:    8.13
      Required ratio:    0.00 (Cumulative area) 
      Partial area ratio:   39.92
      Required ratio:  400.00 (Side area) 
      Cumulative area ratio:   39.92
      Required ratio:    0.00 (Cumulative side area) 

    Layer: via
      Partial area ratio:    0.14
      Required ratio:    6.00 (Gate area) 
      Cumulative area ratio:    0.25
      Required ratio:    0.00 (Cumulative area) 

    Layer: met2
      Partial area ratio:    0.55
      Required ratio:    0.00 (Gate area) 
      Cumulative area ratio:    8.68
      Required ratio:    0.00 (Cumulative area) 
      Partial area ratio:    2.56
      Required ratio:  400.00 (Side area) 
      Cumulative area ratio:   42.48
      Required ratio:    0.00 (Cumulative side area) 

    Layer: via2
      Partial area ratio:    0.08
      Required ratio:    6.00 (Gate area) 
      Cumulative area ratio:    0.33
      Required ratio:    0.00 (Cumulative area) 

    Layer: met3
      Partial area ratio:   38.35
      Required ratio:    0.00 (Gate area) 
      Cumulative area ratio:   47.03
      Required ratio:    0.00 (Cumulative area) 
      Partial area ratio:  205.98
      Required ratio: 2778.20 (Side area) 
      Cumulative area ratio:  248.47
      Required ratio:    0.00 (Cumulative side area) 

    Layer: via3
      Partial area ratio:    0.06
      Required ratio:   22.04 (Gate area) 
      Cumulative area ratio:    0.40
      Required ratio:    0.00 (Cumulative area) 

    Layer: met4
      Partial area ratio:   38.34
      Required ratio:    0.00 (Gate area) 
      Cumulative area ratio:   85.37
      Required ratio:    0.00 (Cumulative area) 
      Partial area ratio:  205.05
      Required ratio: 2778.20 (Side area) 
      Cumulative area ratio:  453.51
      Required ratio:    0.00 (Cumulative side area) 


  Pin:   _5721_/A0 (sky130_fd_sc_hd__mux2_2)
    Layer: mcon
      Partial area ratio:    0.18
      Required ratio:    3.00 (Gate area) 
      Cumulative area ratio:    0.18
      Required ratio:    0.00 (Cumulative area) 

    Layer: met1
      Partial area ratio:    2.25
      Required ratio:    0.00 (Gate area) 
      Cumulative area ratio:    2.25
      Required ratio:    0.00 (Cumulative area) 
      Partial area ratio:   10.09
      Required ratio:  400.00 (Side area) 
      Cumulative area ratio:   10.09
      Required ratio:    0.00 (Cumulative side area) 

    Layer: via
      Partial area ratio:    0.28
      Required ratio:    6.00 (Gate area) 
      Cumulative area ratio:    0.46
      Required ratio:    0.00 (Cumulative area) 

    Layer: met2
      Partial area ratio:    1.17
      Required ratio:    0.00 (Gate area) 
      Cumulative area ratio:    3.43
      Required ratio:    0.00 (Cumulative area) 
      Partial area ratio:    5.42
      Required ratio:  400.00 (Side area) 
      Cumulative area ratio:   15.51
      Required ratio:    0.00 (Cumulative side area) 

    Layer: via2
      Partial area ratio:    0.25
      Required ratio:    6.00 (Gate area) 
      Cumulative area ratio:    0.72
      Required ratio:    0.00 (Cumulative area) 

    Layer: met3
      Partial area ratio:   91.91
      Required ratio:    0.00 (Gate area) 
      Cumulative area ratio:   95.34
      Required ratio:    0.00 (Cumulative area) 
      Partial area ratio:  493.13
      Required ratio:  400.00 (Side area) (VIOLATED)
      Cumulative area ratio:  508.64
      Required ratio:    0.00 (Cumulative side area) 

    Layer: via3
      Partial area ratio:    0.25
      Required ratio:    6.00 (Gate area) 
      Cumulative area ratio:    0.97
      Required ratio:    0.00 (Cumulative area) 

    Layer: met4
      Partial area ratio:   38.34
      Required ratio:    0.00 (Gate area) 
      Cumulative area ratio:  133.68
      Required ratio:    0.00 (Cumulative area) 
      Partial area ratio:  205.05
      Required ratio: 2778.20 (Side area) 
      Cumulative area ratio:  713.69
      Required ratio:    0.00 (Cumulative side area) 



Net: net263
  Pin:   place74/A (sky130_fd_sc_hd__buf_2)
    Layer: mcon
      Partial area ratio:    0.18
      Required ratio:    3.00 (Gate area) 
      Cumulative area ratio:    0.18
      Required ratio:    0.00 (Cumulative area) 

    Layer: met1
      Partial area ratio:   23.93
      Required ratio:    0.00 (Gate area) 
      Cumulative area ratio:   23.93
      Required ratio:    0.00 (Cumulative area) 
      Partial area ratio:  118.46
      Required ratio:  400.00 (Side area) 
      Cumulative area ratio:  118.46
      Required ratio:    0.00 (Cumulative side area) 

    Layer: via
      Partial area ratio:    0.28
      Required ratio:    6.00 (Gate area) 
      Cumulative area ratio:    0.46
      Required ratio:    0.00 (Cumulative area) 

    Layer: met2
      Partial area ratio:   13.55
      Required ratio:    0.00 (Gate area) 
      Cumulative area ratio:   37.47
      Required ratio:    0.00 (Cumulative area) 
      Partial area ratio:   66.59
      Required ratio:  400.00 (Side area) 
      Cumulative area ratio:  185.05
      Required ratio:    0.00 (Cumulative side area) 

    Layer: via2
      Partial area ratio:    0.25
      Required ratio:    6.00 (Gate area) 
      Cumulative area ratio:    0.72
      Required ratio:    0.00 (Cumulative area) 

    Layer: met3
      Partial area ratio:  203.82
      Required ratio:    0.00 (Gate area) 
      Cumulative area ratio:  241.29
      Required ratio:    0.00 (Cumulative area) 
      Partial area ratio: 1088.65
      Required ratio:  400.00 (Side area) (VIOLATED)
      Cumulative area ratio: 1273.70
      Required ratio:    0.00 (Cumulative side area) 

    Layer: via3
      Partial area ratio:    0.14
      Required ratio:    6.00 (Gate area) 
      Cumulative area ratio:    0.86
      Required ratio:    0.00 (Cumulative area) 

    Layer: met4
      Partial area ratio:   18.73
      Required ratio:    0.00 (Gate area) 
      Cumulative area ratio:  260.02
      Required ratio:    0.00 (Cumulative area) 
      Partial area ratio:  100.49
      Required ratio: 2778.20 (Side area) 
      Cumulative area ratio: 1374.19
      Required ratio:    0.00 (Cumulative side area) 


  Pin:   _4927_/C (sky130_fd_sc_hd__or3_2)
    Layer: mcon
      Partial area ratio:    0.23
      Required ratio:    3.00 (Gate area) 
      Cumulative area ratio:    0.23
      Required ratio:    0.00 (Cumulative area) 

    Layer: met1
      Partial area ratio:    3.78
      Required ratio:    0.00 (Gate area) 
      Cumulative area ratio:    3.78
      Required ratio:    0.00 (Cumulative area) 
      Partial area ratio:   17.42
      Required ratio:  400.00 (Side area) 
      Cumulative area ratio:   17.42
      Required ratio:    0.00 (Cumulative side area) 

    Layer: via
      Partial area ratio:    0.36
      Required ratio:    6.00 (Gate area) 
      Cumulative area ratio:    0.59
      Required ratio:    0.00 (Cumulative area) 

    Layer: met2
      Partial area ratio:    1.48
      Required ratio:    0.00 (Gate area) 
      Cumulative area ratio:    5.26
      Required ratio:    0.00 (Cumulative area) 
      Partial area ratio:    6.83
      Required ratio:  400.00 (Side area) 
      Cumulative area ratio:   24.25
      Required ratio:    0.00 (Cumulative side area) 

    Layer: via2
      Partial area ratio:    0.32
      Required ratio:    6.00 (Gate area) 
      Cumulative area ratio:    0.90
      Required ratio:    0.00 (Cumulative area) 

    Layer: met3
      Partial area ratio:  203.82
      Required ratio:    0.00 (Gate area) 
      Cumulative area ratio:  209.08
      Required ratio:    0.00 (Cumulative area) 
      Partial area ratio: 1088.65
      Required ratio:  400.00 (Side area) (VIOLATED)
      Cumulative area ratio: 1112.90
      Required ratio:    0.00 (Cumulative side area) 

    Layer: via3
      Partial area ratio:    0.14
      Required ratio:    6.00 (Gate area) 
      Cumulative area ratio:    1.04
      Required ratio:    0.00 (Cumulative area) 

    Layer: met4
      Partial area ratio:   18.73
      Required ratio:    0.00 (Gate area) 
      Cumulative area ratio:  227.80
      Required ratio:    0.00 (Cumulative area) 
      Partial area ratio:  100.49
      Required ratio: 2778.20 (Side area) 
      Cumulative area ratio: 1213.39
      Required ratio:    0.00 (Cumulative side area) 


  Pin:   _5656_/C (sky130_fd_sc_hd__nor3_2)
    Layer: mcon
      Partial area ratio:    0.06
      Required ratio:    3.00 (Gate area) 
      Cumulative area ratio:    0.06
      Required ratio:    0.00 (Cumulative area) 

    Layer: met1
      Partial area ratio:   12.58
      Required ratio:    0.00 (Gate area) 
      Cumulative area ratio:   12.58
      Required ratio:    0.00 (Cumulative area) 
      Partial area ratio:   62.18
      Required ratio: 2778.20 (Side area) 
      Cumulative area ratio:   62.18
      Required ratio:    0.00 (Cumulative side area) 

    Layer: via
      Partial area ratio:    0.14
      Required ratio:   22.04 (Gate area) 
      Cumulative area ratio:    0.19
      Required ratio:    0.00 (Cumulative area) 

    Layer: met2
      Partial area ratio:    0.55
      Required ratio:    0.00 (Gate area) 
      Cumulative area ratio:   13.13
      Required ratio:    0.00 (Cumulative area) 
      Partial area ratio:    2.56
      Required ratio: 2778.20 (Side area) 
      Cumulative area ratio:   64.74
      Required ratio:    0.00 (Cumulative side area) 

    Layer: via2
      Partial area ratio:    0.08
      Required ratio:   22.04 (Gate area) 
      Cumulative area ratio:    0.28
      Required ratio:    0.00 (Cumulative area) 

    Layer: met3
      Partial area ratio:    0.25
      Required ratio:    0.00 (Gate area) 
      Cumulative area ratio:   13.38
      Required ratio:    0.00 (Cumulative area) 
      Partial area ratio:    2.29
      Required ratio: 2778.20 (Side area) 
      Cumulative area ratio:   67.03
      Required ratio:    0.00 (Cumulative side area) 

    Layer: via3
      Partial area ratio:    0.08
      Required ratio:   22.04 (Gate area) 
      Cumulative area ratio:    0.36
      Required ratio:    0.00 (Cumulative area) 

    Layer: met4
      Partial area ratio:   18.73
      Required ratio:    0.00 (Gate area) 
      Cumulative area ratio:   32.11
      Required ratio:    0.00 (Cumulative area) 
      Partial area ratio:  100.49
      Required ratio: 2778.20 (Side area) 
      Cumulative area ratio:  167.53
      Required ratio:    0.00 (Cumulative side area) 



Net: net265
  Pin:   _5117_/B (sky130_fd_sc_hd__or3b_2)
    Layer: mcon
      Partial area ratio:    0.23
      Required ratio:    3.00 (Gate area) 
      Cumulative area ratio:    0.23
      Required ratio:    0.00 (Cumulative area) 

    Layer: met1
      Partial area ratio:    2.31
      Required ratio:    0.00 (Gate area) 
      Cumulative area ratio:    2.31
      Required ratio:    0.00 (Cumulative area) 
      Partial area ratio:   10.08
      Required ratio:  400.00 (Side area) 
      Cumulative area ratio:   10.08
      Required ratio:    0.00 (Cumulative side area) 

    Layer: via
      Partial area ratio:    0.36
      Required ratio:    6.00 (Gate area) 
      Cumulative area ratio:    0.59
      Required ratio:    0.00 (Cumulative area) 

    Layer: met2
      Partial area ratio:    1.48
      Required ratio:    0.00 (Gate area) 
      Cumulative area ratio:    3.79
      Required ratio:    0.00 (Cumulative area) 
      Partial area ratio:    6.83
      Required ratio:  400.00 (Side area) 
      Cumulative area ratio:   16.92
      Required ratio:    0.00 (Cumulative side area) 

    Layer: via2
      Partial area ratio:    0.32
      Required ratio:    6.00 (Gate area) 
      Cumulative area ratio:    0.90
      Required ratio:    0.00 (Cumulative area) 

    Layer: met3
      Partial area ratio:   83.25
      Required ratio:    0.00 (Gate area) 
      Cumulative area ratio:   87.04
      Required ratio:    0.00 (Cumulative area) 
      Partial area ratio:  447.62
      Required ratio:  400.00 (Side area) (VIOLATED)
      Cumulative area ratio:  464.54
      Required ratio:    0.00 (Cumulative side area) 

    Layer: via3
      Partial area ratio:    0.63
      Required ratio:    6.00 (Gate area) 
      Cumulative area ratio:    1.54
      Required ratio:    0.00 (Cumulative area) 

    Layer: met4
      Partial area ratio:   55.66
      Required ratio:    0.00 (Gate area) 
      Cumulative area ratio:  142.70
      Required ratio:    0.00 (Cumulative area) 
      Partial area ratio:  299.61
      Required ratio: 2778.20 (Side area) 
      Cumulative area ratio:  764.15
      Required ratio:    0.00 (Cumulative side area) 


  Pin:   output494/A (sky130_fd_sc_hd__clkdlybuf4s25_1)
    Layer: mcon
      Partial area ratio:    0.14
      Required ratio:    3.00 (Gate area) 
      Cumulative area ratio:    0.14
      Required ratio:    0.00 (Cumulative area) 

    Layer: met1
      Partial area ratio:    4.99
      Required ratio:    0.00 (Gate area) 
      Cumulative area ratio:    4.99
      Required ratio:    0.00 (Cumulative area) 
      Partial area ratio:   24.08
      Required ratio:  400.00 (Side area) 
      Cumulative area ratio:   24.08
      Required ratio:    0.00 (Cumulative side area) 

    Layer: via
      Partial area ratio:    0.21
      Required ratio:    6.00 (Gate area) 
      Cumulative area ratio:    0.35
      Required ratio:    0.00 (Cumulative area) 

    Layer: met2
      Partial area ratio:    5.58
      Required ratio:    0.00 (Gate area) 
      Cumulative area ratio:   10.57
      Required ratio:    0.00 (Cumulative area) 
      Partial area ratio:   27.03
      Required ratio:  400.00 (Side area) 
      Cumulative area ratio:   51.11
      Required ratio:    0.00 (Cumulative side area) 

    Layer: via2
      Partial area ratio:    0.19
      Required ratio:    6.00 (Gate area) 
      Cumulative area ratio:    0.53
      Required ratio:    0.00 (Cumulative area) 

    Layer: met3
      Partial area ratio:   78.33
      Required ratio:    0.00 (Gate area) 
      Cumulative area ratio:   88.90
      Required ratio:    0.00 (Cumulative area) 
      Partial area ratio:  419.94
      Required ratio:  400.00 (Side area) (VIOLATED)
      Cumulative area ratio:  471.06
      Required ratio:    0.00 (Cumulative side area) 

    Layer: via3
      Partial area ratio:    0.19
      Required ratio:    6.00 (Gate area) 
      Cumulative area ratio:    0.72
      Required ratio:    0.00 (Cumulative area) 

    Layer: met4
      Partial area ratio:   55.66
      Required ratio:    0.00 (Gate area) 
      Cumulative area ratio:  144.55
      Required ratio:    0.00 (Cumulative area) 
      Partial area ratio:  299.61
      Required ratio: 2778.20 (Side area) 
      Cumulative area ratio:  770.67
      Required ratio:    0.00 (Cumulative side area) 



Net: net502
  Pin:   _3392_/A (sky130_fd_sc_hd__nor2_2)
    Layer: mcon
      Partial area ratio:    0.06
      Required ratio:    3.00 (Gate area) 
      Cumulative area ratio:    0.06
      Required ratio:    0.00 (Cumulative area) 

    Layer: met1
      Partial area ratio:    1.89
      Required ratio:    0.00 (Gate area) 
      Cumulative area ratio:    1.89
      Required ratio:    0.00 (Cumulative area) 
      Partial area ratio:    9.05
      Required ratio:  400.00 (Side area) 
      Cumulative area ratio:    9.05
      Required ratio:    0.00 (Cumulative side area) 

    Layer: via
      Partial area ratio:    0.09
      Required ratio:    6.00 (Gate area) 
      Cumulative area ratio:    0.15
      Required ratio:    0.00 (Cumulative area) 

    Layer: met2
      Partial area ratio:    6.47
      Required ratio:    0.00 (Gate area) 
      Cumulative area ratio:    8.36
      Required ratio:    0.00 (Cumulative area) 
      Partial area ratio:   31.97
      Required ratio: 2778.20 (Side area) 
      Cumulative area ratio:   41.02
      Required ratio:    0.00 (Cumulative side area) 

    Layer: via2
      Partial area ratio:    0.08
      Required ratio:   22.04 (Gate area) 
      Cumulative area ratio:    0.23
      Required ratio:    0.00 (Cumulative area) 

    Layer: met3
      Partial area ratio:  114.19
      Required ratio:    0.00 (Gate area) 
      Cumulative area ratio:  122.55
      Required ratio:    0.00 (Cumulative area) 
      Partial area ratio:  609.69
      Required ratio: 2778.20 (Side area) 
      Cumulative area ratio:  650.71
      Required ratio:    0.00 (Cumulative side area) 


  Pin:   output502/A (sky130_fd_sc_hd__clkdlybuf4s25_1)
    Layer: mcon
      Partial area ratio:    0.14
      Required ratio:    3.00 (Gate area) 
      Cumulative area ratio:    0.14
      Required ratio:    0.00 (Cumulative area) 

    Layer: met1
      Partial area ratio:   15.94
      Required ratio:    0.00 (Gate area) 
      Cumulative area ratio:   15.94
      Required ratio:    0.00 (Cumulative area) 
      Partial area ratio:   78.85
      Required ratio:  400.00 (Side area) 
      Cumulative area ratio:   78.85
      Required ratio:    0.00 (Cumulative side area) 

    Layer: via
      Partial area ratio:    0.21
      Required ratio:    6.00 (Gate area) 
      Cumulative area ratio:    0.35
      Required ratio:    0.00 (Cumulative area) 

    Layer: met2
      Partial area ratio:  132.56
      Required ratio:    0.00 (Gate area) 
      Cumulative area ratio:  148.51
      Required ratio:    0.00 (Cumulative area) 
      Partial area ratio:  661.96
      Required ratio:  400.00 (Side area) (VIOLATED)
      Cumulative area ratio:  740.81
      Required ratio:    0.00 (Cumulative side area) 

    Layer: via2
      Partial area ratio:    0.19
      Required ratio:    6.00 (Gate area) 
      Cumulative area ratio:    0.53
      Required ratio:    0.00 (Cumulative area) 

    Layer: met3
      Partial area ratio:  114.19
      Required ratio:    0.00 (Gate area) 
      Cumulative area ratio:  262.70
      Required ratio:    0.00 (Cumulative area) 
      Partial area ratio:  609.69
      Required ratio: 2778.20 (Side area) 
      Cumulative area ratio: 1350.51
      Required ratio:    0.00 (Cumulative side area) 



Net: _1298_
  Pin:   _3352_/B (sky130_fd_sc_hd__nor2_2)
    Layer: mcon
      Partial area ratio:    0.06
      Required ratio:    3.00 (Gate area) 
      Cumulative area ratio:    0.06
      Required ratio:    0.00 (Cumulative area) 

    Layer: met1
      Partial area ratio:    1.22
      Required ratio:    0.00 (Gate area) 
      Cumulative area ratio:    1.22
      Required ratio:    0.00 (Cumulative area) 
      Partial area ratio:    5.58
      Required ratio:  400.00 (Side area) 
      Cumulative area ratio:    5.58
      Required ratio:    0.00 (Cumulative side area) 

    Layer: via
      Partial area ratio:    0.11
      Required ratio:    6.00 (Gate area) 
      Cumulative area ratio:    0.17
      Required ratio:    0.00 (Cumulative area) 

    Layer: met2
      Partial area ratio:    3.59
      Required ratio:    0.00 (Gate area) 
      Cumulative area ratio:    4.82
      Required ratio:    0.00 (Cumulative area) 
      Partial area ratio:   17.33
      Required ratio:  400.00 (Side area) 
      Cumulative area ratio:   22.91
      Required ratio:    0.00 (Cumulative side area) 

    Layer: via2
      Partial area ratio:    0.06
      Required ratio:    6.00 (Gate area) 
      Cumulative area ratio:    0.23
      Required ratio:    0.00 (Cumulative area) 

    Layer: met3
      Partial area ratio:   86.07
      Required ratio:    0.00 (Gate area) 
      Cumulative area ratio:   90.89
      Required ratio:    0.00 (Cumulative area) 
      Partial area ratio:  459.68
      Required ratio:  400.00 (Side area) (VIOLATED)
      Cumulative area ratio:  482.59
      Required ratio:    0.00 (Cumulative side area) 

    Layer: via3
      Partial area ratio:    0.05
      Required ratio:    6.00 (Gate area) 
      Cumulative area ratio:    0.29
      Required ratio:    0.00 (Cumulative area) 

    Layer: met4
      Partial area ratio:    4.40
      Required ratio:    0.00 (Gate area) 
      Cumulative area ratio:   95.29
      Required ratio:    0.00 (Cumulative area) 
      Partial area ratio:   24.42
      Required ratio: 2781.50 (Side area) 
      Cumulative area ratio:  507.01
      Required ratio:    0.00 (Cumulative side area) 


  Pin:   _3420_/B (sky130_fd_sc_hd__or2_2)
    Layer: mcon
      Partial area ratio:    0.23
      Required ratio:    3.00 (Gate area) 
      Cumulative area ratio:    0.23
      Required ratio:    0.00 (Cumulative area) 

    Layer: met1
      Partial area ratio:    1.22
      Required ratio:    0.00 (Gate area) 
      Cumulative area ratio:    1.22
      Required ratio:    0.00 (Cumulative area) 
      Partial area ratio:    5.58
      Required ratio:  400.00 (Side area) 
      Cumulative area ratio:    5.58
      Required ratio:    0.00 (Cumulative side area) 

    Layer: via
      Partial area ratio:    0.11
      Required ratio:    6.00 (Gate area) 
      Cumulative area ratio:    0.34
      Required ratio:    0.00 (Cumulative area) 

    Layer: met2
      Partial area ratio:    3.59
      Required ratio:    0.00 (Gate area) 
      Cumulative area ratio:    4.82
      Required ratio:    0.00 (Cumulative area) 
      Partial area ratio:   17.33
      Required ratio:  400.00 (Side area) 
      Cumulative area ratio:   22.91
      Required ratio:    0.00 (Cumulative side area) 

    Layer: via2
      Partial area ratio:    0.06
      Required ratio:    6.00 (Gate area) 
      Cumulative area ratio:    0.40
      Required ratio:    0.00 (Cumulative area) 

    Layer: met3
      Partial area ratio:   86.07
      Required ratio:    0.00 (Gate area) 
      Cumulative area ratio:   90.89
      Required ratio:    0.00 (Cumulative area) 
      Partial area ratio:  459.68
      Required ratio:  400.00 (Side area) (VIOLATED)
      Cumulative area ratio:  482.59
      Required ratio:    0.00 (Cumulative side area) 

    Layer: via3
      Partial area ratio:    0.05
      Required ratio:    6.00 (Gate area) 
      Cumulative area ratio:    0.46
      Required ratio:    0.00 (Cumulative area) 

    Layer: met4
      Partial area ratio:    4.40
      Required ratio:    0.00 (Gate area) 
      Cumulative area ratio:   95.29
      Required ratio:    0.00 (Cumulative area) 
      Partial area ratio:   24.42
      Required ratio: 2781.50 (Side area) 
      Cumulative area ratio:  507.01
      Required ratio:    0.00 (Cumulative side area) 


  Pin:   _3532_/A3 (sky130_fd_sc_hd__a41o_2)
    Layer: mcon
      Partial area ratio:    0.12
      Required ratio:    3.00 (Gate area) 
      Cumulative area ratio:    0.12
      Required ratio:    0.00 (Cumulative area) 

    Layer: met1
      Partial area ratio:    1.77
      Required ratio:    0.00 (Gate area) 
      Cumulative area ratio:    1.77
      Required ratio:    0.00 (Cumulative area) 
      Partial area ratio:    7.98
      Required ratio:  400.00 (Side area) 
      Cumulative area ratio:    7.98
      Required ratio:    0.00 (Cumulative side area) 

    Layer: via
      Partial area ratio:    0.18
      Required ratio:    6.00 (Gate area) 
      Cumulative area ratio:    0.30
      Required ratio:    0.00 (Cumulative area) 

    Layer: met2
      Partial area ratio:   13.39
      Required ratio:    0.00 (Gate area) 
      Cumulative area ratio:   15.17
      Required ratio:    0.00 (Cumulative area) 
      Partial area ratio:   64.92
      Required ratio: 2781.50 (Side area) 
      Cumulative area ratio:   72.90
      Required ratio:    0.00 (Cumulative side area) 

    Layer: via2
      Partial area ratio:    0.16
      Required ratio:   22.34 (Gate area) 
      Cumulative area ratio:    0.46
      Required ratio:    0.00 (Cumulative area) 

    Layer: met3
      Partial area ratio:    0.50
      Required ratio:    0.00 (Gate area) 
      Cumulative area ratio:   15.67
      Required ratio:    0.00 (Cumulative area) 
      Partial area ratio:    4.59
      Required ratio: 2781.50 (Side area) 
      Cumulative area ratio:   77.49
      Required ratio:    0.00 (Cumulative side area) 

    Layer: via3
      Partial area ratio:    0.16
      Required ratio:   22.34 (Gate area) 
      Cumulative area ratio:    0.62
      Required ratio:    0.00 (Cumulative area) 

    Layer: met4
      Partial area ratio:    4.40
      Required ratio:    0.00 (Gate area) 
      Cumulative area ratio:   20.07
      Required ratio:    0.00 (Cumulative area) 
      Partial area ratio:   24.42
      Required ratio: 2781.50 (Side area) 
      Cumulative area ratio:  101.91
      Required ratio:    0.00 (Cumulative side area) 


  Pin:   _5642_/B (sky130_fd_sc_hd__or2_2)
    Layer: mcon
      Partial area ratio:    0.23
      Required ratio:    3.00 (Gate area) 
      Cumulative area ratio:    0.23
      Required ratio:    0.00 (Cumulative area) 

    Layer: met1
      Partial area ratio:    6.01
      Required ratio:    0.00 (Gate area) 
      Cumulative area ratio:    6.01
      Required ratio:    0.00 (Cumulative area) 
      Partial area ratio:   28.59
      Required ratio:  400.00 (Side area) 
      Cumulative area ratio:   28.59
      Required ratio:    0.00 (Cumulative side area) 

    Layer: via
      Partial area ratio:    0.36
      Required ratio:    6.00 (Gate area) 
      Cumulative area ratio:    0.59
      Required ratio:    0.00 (Cumulative area) 

    Layer: met2
      Partial area ratio:    1.48
      Required ratio:    0.00 (Gate area) 
      Cumulative area ratio:    7.50
      Required ratio:    0.00 (Cumulative area) 
      Partial area ratio:    6.83
      Required ratio:  400.00 (Side area) 
      Cumulative area ratio:   35.43
      Required ratio:    0.00 (Cumulative side area) 

    Layer: via2
      Partial area ratio:    0.32
      Required ratio:    6.00 (Gate area) 
      Cumulative area ratio:    0.90
      Required ratio:    0.00 (Cumulative area) 

    Layer: met3
      Partial area ratio:   86.07
      Required ratio:    0.00 (Gate area) 
      Cumulative area ratio:   93.57
      Required ratio:    0.00 (Cumulative area) 
      Partial area ratio:  459.68
      Required ratio:  400.00 (Side area) (VIOLATED)
      Cumulative area ratio:  495.11
      Required ratio:    0.00 (Cumulative side area) 

    Layer: via3
      Partial area ratio:    0.05
      Required ratio:    6.00 (Gate area) 
      Cumulative area ratio:    0.96
      Required ratio:    0.00 (Cumulative area) 

    Layer: met4
      Partial area ratio:    4.40
      Required ratio:    0.00 (Gate area) 
      Cumulative area ratio:   97.97
      Required ratio:    0.00 (Cumulative area) 
      Partial area ratio:   24.42
      Required ratio: 2781.50 (Side area) 
      Cumulative area ratio:  519.53
      Required ratio:    0.00 (Cumulative side area) 



Net: _1516_
  Pin:   _3581_/C1 (sky130_fd_sc_hd__a211o_2)
    Layer: mcon
      Partial area ratio:    0.12
      Required ratio:    3.00 (Gate area) 
      Cumulative area ratio:    0.12
      Required ratio:    0.00 (Cumulative area) 

    Layer: met1
      Partial area ratio:    2.51
      Required ratio:    0.00 (Gate area) 
      Cumulative area ratio:    2.51
      Required ratio:    0.00 (Cumulative area) 
      Partial area ratio:   11.59
      Required ratio:  400.00 (Side area) 
      Cumulative area ratio:   11.59
      Required ratio:    0.00 (Cumulative side area) 

    Layer: via
      Partial area ratio:    0.18
      Required ratio:    6.00 (Gate area) 
      Cumulative area ratio:    0.30
      Required ratio:    0.00 (Cumulative area) 

    Layer: met2
      Partial area ratio:    0.75
      Required ratio:    0.00 (Gate area) 
      Cumulative area ratio:    3.26
      Required ratio:    0.00 (Cumulative area) 
      Partial area ratio:    3.48
      Required ratio:  400.00 (Side area) 
      Cumulative area ratio:   15.07
      Required ratio:    0.00 (Cumulative side area) 

    Layer: via2
      Partial area ratio:    0.16
      Required ratio:    6.00 (Gate area) 
      Cumulative area ratio:    0.46
      Required ratio:    0.00 (Cumulative area) 

    Layer: met3
      Partial area ratio:   84.14
      Required ratio:    0.00 (Gate area) 
      Cumulative area ratio:   87.40
      Required ratio:    0.00 (Cumulative area) 
      Partial area ratio:  450.62
      Required ratio:  400.00 (Side area) (VIOLATED)
      Cumulative area ratio:  465.69
      Required ratio:    0.00 (Cumulative side area) 

    Layer: via3
      Partial area ratio:    0.16
      Required ratio:    6.00 (Gate area) 
      Cumulative area ratio:    0.62
      Required ratio:    0.00 (Cumulative area) 

    Layer: met4
      Partial area ratio:   50.66
      Required ratio:    0.00 (Gate area) 
      Cumulative area ratio:  138.06
      Required ratio:    0.00 (Cumulative area) 
      Partial area ratio:  272.10
      Required ratio: 2778.20 (Side area) 
      Cumulative area ratio:  737.78
      Required ratio:    0.00 (Cumulative side area) 



Net: _1578_
  Pin:   _3645_/B1 (sky130_fd_sc_hd__a21o_2)
    Layer: mcon
      Partial area ratio:    0.12
      Required ratio:    3.00 (Gate area) 
      Cumulative area ratio:    0.12
      Required ratio:    0.00 (Cumulative area) 

    Layer: met1
      Partial area ratio:    3.84
      Required ratio:    0.00 (Gate area) 
      Cumulative area ratio:    3.84
      Required ratio:    0.00 (Cumulative area) 
      Partial area ratio:   18.45
      Required ratio:  400.00 (Side area) 
      Cumulative area ratio:   18.45
      Required ratio:    0.00 (Cumulative side area) 

    Layer: via
      Partial area ratio:    0.18
      Required ratio:    6.00 (Gate area) 
      Cumulative area ratio:    0.30
      Required ratio:    0.00 (Cumulative area) 

    Layer: met2
      Partial area ratio:    0.75
      Required ratio:    0.00 (Gate area) 
      Cumulative area ratio:    4.60
      Required ratio:    0.00 (Cumulative area) 
      Partial area ratio:    3.48
      Required ratio:  400.00 (Side area) 
      Cumulative area ratio:   21.93
      Required ratio:    0.00 (Cumulative side area) 

    Layer: via2
      Partial area ratio:    0.16
      Required ratio:    6.00 (Gate area) 
      Cumulative area ratio:    0.46
      Required ratio:    0.00 (Cumulative area) 

    Layer: met3
      Partial area ratio:    8.86
      Required ratio:    0.00 (Gate area) 
      Cumulative area ratio:   13.46
      Required ratio:    0.00 (Cumulative area) 
      Partial area ratio:   49.16
      Required ratio:  400.00 (Side area) 
      Cumulative area ratio:   71.10
      Required ratio:    0.00 (Cumulative side area) 

    Layer: via3
      Partial area ratio:    0.16
      Required ratio:    6.00 (Gate area) 
      Cumulative area ratio:    0.62
      Required ratio:    0.00 (Cumulative area) 

    Layer: met4
      Partial area ratio:   42.08
      Required ratio:    0.00 (Gate area) 
      Cumulative area ratio:   55.54
      Required ratio:    0.00 (Cumulative area) 
      Partial area ratio:  225.36
      Required ratio: 2781.50 (Side area) 
      Cumulative area ratio:  296.45
      Required ratio:    0.00 (Cumulative side area) 


  Pin:   _4664_/B (sky130_fd_sc_hd__or3b_4)
    Layer: mcon
      Partial area ratio:    0.12
      Required ratio:    3.00 (Gate area) 
      Cumulative area ratio:    0.12
      Required ratio:    0.00 (Cumulative area) 

    Layer: met1
      Partial area ratio:    3.47
      Required ratio:    0.00 (Gate area) 
      Cumulative area ratio:    3.47
      Required ratio:    0.00 (Cumulative area) 
      Partial area ratio:   16.58
      Required ratio:  400.00 (Side area) 
      Cumulative area ratio:   16.58
      Required ratio:    0.00 (Cumulative side area) 

    Layer: via
      Partial area ratio:    0.18
      Required ratio:    6.00 (Gate area) 
      Cumulative area ratio:    0.30
      Required ratio:    0.00 (Cumulative area) 

    Layer: met2
      Partial area ratio:    0.75
      Required ratio:    0.00 (Gate area) 
      Cumulative area ratio:    4.22
      Required ratio:    0.00 (Cumulative area) 
      Partial area ratio:    3.48
      Required ratio:  400.00 (Side area) 
      Cumulative area ratio:   20.06
      Required ratio:    0.00 (Cumulative side area) 

    Layer: via2
      Partial area ratio:    0.16
      Required ratio:    6.00 (Gate area) 
      Cumulative area ratio:    0.46
      Required ratio:    0.00 (Cumulative area) 

    Layer: met3
      Partial area ratio:  260.26
      Required ratio:    0.00 (Gate area) 
      Cumulative area ratio:  264.48
      Required ratio:    0.00 (Cumulative area) 
      Partial area ratio: 1391.84
      Required ratio:  400.00 (Side area) (VIOLATED)
      Cumulative area ratio: 1411.90
      Required ratio:    0.00 (Cumulative side area) 

    Layer: via3
      Partial area ratio:    0.16
      Required ratio:    6.00 (Gate area) 
      Cumulative area ratio:    0.62
      Required ratio:    0.00 (Cumulative area) 

    Layer: met4
      Partial area ratio:   42.08
      Required ratio:    0.00 (Gate area) 
      Cumulative area ratio:  306.56
      Required ratio:    0.00 (Cumulative area) 
      Partial area ratio:  225.36
      Required ratio: 2781.50 (Side area) 
      Cumulative area ratio: 1637.26
      Required ratio:    0.00 (Cumulative side area) 



Net: _1927_
  Pin:   _4060_/C1 (sky130_fd_sc_hd__o211a_2)
    Layer: mcon
      Partial area ratio:    0.12
      Required ratio:    3.00 (Gate area) 
      Cumulative area ratio:    0.12
      Required ratio:    0.00 (Cumulative area) 

    Layer: met1
      Partial area ratio:   14.12
      Required ratio:    0.00 (Gate area) 
      Cumulative area ratio:   14.12
      Required ratio:    0.00 (Cumulative area) 
      Partial area ratio:   69.85
      Required ratio:  400.00 (Side area) 
      Cumulative area ratio:   69.85
      Required ratio:    0.00 (Cumulative side area) 

    Layer: via
      Partial area ratio:    0.18
      Required ratio:    6.00 (Gate area) 
      Cumulative area ratio:    0.30
      Required ratio:    0.00 (Cumulative area) 

    Layer: met2
      Partial area ratio:    4.80
      Required ratio:    0.00 (Gate area) 
      Cumulative area ratio:   18.92
      Required ratio:    0.00 (Cumulative area) 
      Partial area ratio:   23.26
      Required ratio:  400.00 (Side area) 
      Cumulative area ratio:   93.12
      Required ratio:    0.00 (Cumulative side area) 

    Layer: via2
      Partial area ratio:    0.16
      Required ratio:    6.00 (Gate area) 
      Cumulative area ratio:    0.46
      Required ratio:    0.00 (Cumulative area) 

    Layer: met3
      Partial area ratio:  251.41
      Required ratio:    0.00 (Gate area) 
      Cumulative area ratio:  270.33
      Required ratio:    0.00 (Cumulative area) 
      Partial area ratio: 1342.74
      Required ratio:  400.00 (Side area) (VIOLATED)
      Cumulative area ratio: 1435.85
      Required ratio:    0.00 (Cumulative side area) 

    Layer: via3
      Partial area ratio:    0.16
      Required ratio:    6.00 (Gate area) 
      Cumulative area ratio:    0.62
      Required ratio:    0.00 (Cumulative area) 

    Layer: met4
      Partial area ratio:    8.84
      Required ratio:    0.00 (Gate area) 
      Cumulative area ratio:  279.17
      Required ratio:    0.00 (Cumulative area) 
      Partial area ratio:   49.07
      Required ratio: 2780.80 (Side area) 
      Cumulative area ratio: 1484.92
      Required ratio:    0.00 (Cumulative side area) 



Net: _1941_
  Pin:   _4074_/C1 (sky130_fd_sc_hd__o211ai_2)
    Layer: mcon
      Partial area ratio:    0.06
      Required ratio:    3.00 (Gate area) 
      Cumulative area ratio:    0.06
      Required ratio:    0.00 (Cumulative area) 

    Layer: met1
      Partial area ratio:    1.41
      Required ratio:    0.00 (Gate area) 
      Cumulative area ratio:    1.41
      Required ratio:    0.00 (Cumulative area) 
      Partial area ratio:    6.68
      Required ratio:  400.00 (Side area) 
      Cumulative area ratio:    6.68
      Required ratio:    0.00 (Cumulative side area) 

    Layer: via
      Partial area ratio:    0.09
      Required ratio:    6.00 (Gate area) 
      Cumulative area ratio:    0.15
      Required ratio:    0.00 (Cumulative area) 

    Layer: met2
      Partial area ratio:    0.38
      Required ratio:    0.00 (Gate area) 
      Cumulative area ratio:    1.79
      Required ratio:    0.00 (Cumulative area) 
      Partial area ratio:    1.74
      Required ratio:  400.00 (Side area) 
      Cumulative area ratio:    8.42
      Required ratio:    0.00 (Cumulative side area) 

    Layer: via2
      Partial area ratio:    0.08
      Required ratio:    6.00 (Gate area) 
      Cumulative area ratio:    0.23
      Required ratio:    0.00 (Cumulative area) 

    Layer: met3
      Partial area ratio:  121.52
      Required ratio:    0.00 (Gate area) 
      Cumulative area ratio:  123.31
      Required ratio:    0.00 (Cumulative area) 
      Partial area ratio:  649.07
      Required ratio:  400.00 (Side area) (VIOLATED)
      Cumulative area ratio:  657.49
      Required ratio:    0.00 (Cumulative side area) 

    Layer: via3
      Partial area ratio:    0.08
      Required ratio:    6.00 (Gate area) 
      Cumulative area ratio:    0.31
      Required ratio:    0.00 (Cumulative area) 

    Layer: met4
      Partial area ratio:    4.42
      Required ratio:    0.00 (Gate area) 
      Cumulative area ratio:  127.73
      Required ratio:    0.00 (Cumulative area) 
      Partial area ratio:   24.53
      Required ratio: 2780.80 (Side area) 
      Cumulative area ratio:  682.02
      Required ratio:    0.00 (Cumulative side area) 



Net: _2190_
  Pin:   _4326_/B1 (sky130_fd_sc_hd__a211o_2)
    Layer: mcon
      Partial area ratio:    0.12
      Required ratio:    3.00 (Gate area) 
      Cumulative area ratio:    0.12
      Required ratio:    0.00 (Cumulative area) 

    Layer: met1
      Partial area ratio:    2.11
      Required ratio:    0.00 (Gate area) 
      Cumulative area ratio:    2.11
      Required ratio:    0.00 (Cumulative area) 
      Partial area ratio:    9.87
      Required ratio:  400.00 (Side area) 
      Cumulative area ratio:    9.87
      Required ratio:    0.00 (Cumulative side area) 

    Layer: via
      Partial area ratio:    0.18
      Required ratio:    6.00 (Gate area) 
      Cumulative area ratio:    0.30
      Required ratio:    0.00 (Cumulative area) 

    Layer: met2
      Partial area ratio:    0.59
      Required ratio:    0.00 (Gate area) 
      Cumulative area ratio:    2.70
      Required ratio:    0.00 (Cumulative area) 
      Partial area ratio:    2.22
      Required ratio:  400.00 (Side area) 
      Cumulative area ratio:   12.09
      Required ratio:    0.00 (Cumulative side area) 

    Layer: via2
      Partial area ratio:    0.16
      Required ratio:    6.00 (Gate area) 
      Cumulative area ratio:    0.46
      Required ratio:    0.00 (Cumulative area) 

    Layer: met3
      Partial area ratio:   75.77
      Required ratio:    0.00 (Gate area) 
      Cumulative area ratio:   78.47
      Required ratio:    0.00 (Cumulative area) 
      Partial area ratio:  406.01
      Required ratio:  400.00 (Side area) (VIOLATED)
      Cumulative area ratio:  418.10
      Required ratio:    0.00 (Cumulative side area) 

    Layer: via3
      Partial area ratio:    0.16
      Required ratio:    6.00 (Gate area) 
      Cumulative area ratio:    0.62
      Required ratio:    0.00 (Cumulative area) 

    Layer: met4
      Partial area ratio:   33.93
      Required ratio:    0.00 (Gate area) 
      Cumulative area ratio:  112.41
      Required ratio:    0.00 (Cumulative area) 
      Partial area ratio:  182.88
      Required ratio: 2778.20 (Side area) 
      Cumulative area ratio:  600.99
      Required ratio:    0.00 (Cumulative side area) 



Net: _2200_
  Pin:   _4333_/B1 (sky130_fd_sc_hd__a21o_2)
    Layer: mcon
      Partial area ratio:    0.12
      Required ratio:    3.00 (Gate area) 
      Cumulative area ratio:    0.12
      Required ratio:    0.00 (Cumulative area) 

    Layer: met1
      Partial area ratio:    1.65
      Required ratio:    0.00 (Gate area) 
      Cumulative area ratio:    1.65
      Required ratio:    0.00 (Cumulative area) 
      Partial area ratio:    7.46
      Required ratio:  400.00 (Side area) 
      Cumulative area ratio:    7.46
      Required ratio:    0.00 (Cumulative side area) 

    Layer: via
      Partial area ratio:    0.18
      Required ratio:    6.00 (Gate area) 
      Cumulative area ratio:    0.30
      Required ratio:    0.00 (Cumulative area) 

    Layer: met2
      Partial area ratio:   20.41
      Required ratio:    0.00 (Gate area) 
      Cumulative area ratio:   22.07
      Required ratio:    0.00 (Cumulative area) 
      Partial area ratio:  101.32
      Required ratio:  400.00 (Side area) 
      Cumulative area ratio:  108.78
      Required ratio:    0.00 (Cumulative side area) 

    Layer: via2
      Partial area ratio:    0.16
      Required ratio:    6.00 (Gate area) 
      Cumulative area ratio:    0.46
      Required ratio:    0.00 (Cumulative area) 

    Layer: met3
      Partial area ratio:   84.14
      Required ratio:    0.00 (Gate area) 
      Cumulative area ratio:  106.20
      Required ratio:    0.00 (Cumulative area) 
      Partial area ratio:  450.62
      Required ratio:  400.00 (Side area) (VIOLATED)
      Cumulative area ratio:  559.40
      Required ratio:    0.00 (Cumulative side area) 

    Layer: via3
      Partial area ratio:    0.16
      Required ratio:    6.00 (Gate area) 
      Cumulative area ratio:    0.62
      Required ratio:    0.00 (Cumulative area) 

    Layer: met4
      Partial area ratio:   33.93
      Required ratio:    0.00 (Gate area) 
      Cumulative area ratio:  140.14
      Required ratio:    0.00 (Cumulative area) 
      Partial area ratio:  182.88
      Required ratio: 2778.20 (Side area) 
      Cumulative area ratio:  742.28
      Required ratio:    0.00 (Cumulative side area) 



Net: _2208_
  Pin:   _4341_/C1 (sky130_fd_sc_hd__a221o_2)
    Layer: mcon
      Partial area ratio:    0.12
      Required ratio:    3.00 (Gate area) 
      Cumulative area ratio:    0.12
      Required ratio:    0.00 (Cumulative area) 

    Layer: met1
      Partial area ratio:    2.37
      Required ratio:    0.00 (Gate area) 
      Cumulative area ratio:    2.37
      Required ratio:    0.00 (Cumulative area) 
      Partial area ratio:   11.48
      Required ratio:  400.00 (Side area) 
      Cumulative area ratio:   11.48
      Required ratio:    0.00 (Cumulative side area) 

    Layer: via
      Partial area ratio:    0.11
      Required ratio:    6.00 (Gate area) 
      Cumulative area ratio:    0.23
      Required ratio:    0.00 (Cumulative area) 

    Layer: met2
      Partial area ratio:    0.45
      Required ratio:    0.00 (Gate area) 
      Cumulative area ratio:    2.82
      Required ratio:    0.00 (Cumulative area) 
      Partial area ratio:    1.90
      Required ratio:  400.00 (Side area) 
      Cumulative area ratio:   13.38
      Required ratio:    0.00 (Cumulative side area) 

    Layer: via2
      Partial area ratio:    0.16
      Required ratio:    6.00 (Gate area) 
      Cumulative area ratio:    0.39
      Required ratio:    0.00 (Cumulative area) 

    Layer: met3
      Partial area ratio:  100.86
      Required ratio:    0.00 (Gate area) 
      Cumulative area ratio:  103.69
      Required ratio:    0.00 (Cumulative area) 
      Partial area ratio:  539.83
      Required ratio:  400.00 (Side area) (VIOLATED)
      Cumulative area ratio:  553.21
      Required ratio:    0.00 (Cumulative side area) 

    Layer: via3
      Partial area ratio:    0.16
      Required ratio:    6.00 (Gate area) 
      Cumulative area ratio:    0.55
      Required ratio:    0.00 (Cumulative area) 

    Layer: met4
      Partial area ratio:   50.66
      Required ratio:    0.00 (Gate area) 
      Cumulative area ratio:  154.35
      Required ratio:    0.00 (Cumulative area) 
      Partial area ratio:  272.10
      Required ratio: 2780.80 (Side area) 
      Cumulative area ratio:  825.31
      Required ratio:    0.00 (Cumulative side area) 



Net: _2466_
  Pin:   _4716_/A2 (sky130_fd_sc_hd__a32o_2)
    Layer: mcon
      Partial area ratio:    0.12
      Required ratio:    3.00 (Gate area) 
      Cumulative area ratio:    0.12
      Required ratio:    0.00 (Cumulative area) 

    Layer: met1
      Partial area ratio:  106.86
      Required ratio:    0.00 (Gate area) 
      Cumulative area ratio:  106.86
      Required ratio:    0.00 (Cumulative area) 
      Partial area ratio:  533.57
      Required ratio:  400.00 (Side area) (VIOLATED)
      Cumulative area ratio:  533.57
      Required ratio:    0.00 (Cumulative side area) 

    Layer: via
      Partial area ratio:    0.18
      Required ratio:    6.00 (Gate area) 
      Cumulative area ratio:    0.30
      Required ratio:    0.00 (Cumulative area) 

    Layer: met2
      Partial area ratio:    4.80
      Required ratio:    0.00 (Gate area) 
      Cumulative area ratio:  111.66
      Required ratio:    0.00 (Cumulative area) 
      Partial area ratio:   23.26
      Required ratio:  400.00 (Side area) 
      Cumulative area ratio:  556.83
      Required ratio:    0.00 (Cumulative side area) 

    Layer: via2
      Partial area ratio:    0.16
      Required ratio:    6.00 (Gate area) 
      Cumulative area ratio:    0.46
      Required ratio:    0.00 (Cumulative area) 

    Layer: met3
      Partial area ratio:   92.48
      Required ratio:    0.00 (Gate area) 
      Cumulative area ratio:  204.14
      Required ratio:    0.00 (Cumulative area) 
      Partial area ratio:  495.13
      Required ratio: 2956.40 (Side area) 
      Cumulative area ratio: 1051.96
      Required ratio:    0.00 (Cumulative side area) 



Net: _2682_
  Pin:   _4914_/A1 (sky130_fd_sc_hd__mux2_2)
    Layer: mcon
      Partial area ratio:    0.18
      Required ratio:    3.00 (Gate area) 
      Cumulative area ratio:    0.18
      Required ratio:    0.00 (Cumulative area) 

    Layer: met1
      Partial area ratio:   25.52
      Required ratio:    0.00 (Gate area) 
      Cumulative area ratio:   25.52
      Required ratio:    0.00 (Cumulative area) 
      Partial area ratio:  126.43
      Required ratio:  400.00 (Side area) 
      Cumulative area ratio:  126.43
      Required ratio:    0.00 (Cumulative side area) 

    Layer: via
      Partial area ratio:    0.28
      Required ratio:    6.00 (Gate area) 
      Cumulative area ratio:    0.46
      Required ratio:    0.00 (Cumulative area) 

    Layer: met2
      Partial area ratio:    1.17
      Required ratio:    0.00 (Gate area) 
      Cumulative area ratio:   26.69
      Required ratio:    0.00 (Cumulative area) 
      Partial area ratio:    5.42
      Required ratio:  400.00 (Side area) 
      Cumulative area ratio:  131.85
      Required ratio:    0.00 (Cumulative side area) 

    Layer: via2
      Partial area ratio:    0.25
      Required ratio:    6.00 (Gate area) 
      Cumulative area ratio:    0.72
      Required ratio:    0.00 (Cumulative area) 

    Layer: met3
      Partial area ratio:  144.04
      Required ratio:    0.00 (Gate area) 
      Cumulative area ratio:  170.74
      Required ratio:    0.00 (Cumulative area) 
      Partial area ratio:  771.12
      Required ratio:  400.00 (Side area) (VIOLATED)
      Cumulative area ratio:  902.97
      Required ratio:    0.00 (Cumulative side area) 

    Layer: via3
      Partial area ratio:    0.50
      Required ratio:    6.00 (Gate area) 
      Cumulative area ratio:    1.22
      Required ratio:    0.00 (Cumulative area) 

    Layer: met4
      Partial area ratio:   36.19
      Required ratio:    0.00 (Gate area) 
      Cumulative area ratio:  206.93
      Required ratio:    0.00 (Cumulative area) 
      Partial area ratio:  194.49
      Required ratio: 2778.20 (Side area) 
      Cumulative area ratio: 1097.46
      Required ratio:    0.00 (Cumulative side area) 


  Pin:   _5253_/A1 (sky130_fd_sc_hd__mux2_2)
    Layer: mcon
      Partial area ratio:    0.18
      Required ratio:    3.00 (Gate area) 
      Cumulative area ratio:    0.18
      Required ratio:    0.00 (Cumulative area) 

    Layer: met1
      Partial area ratio:    1.68
      Required ratio:    0.00 (Gate area) 
      Cumulative area ratio:    1.68
      Required ratio:    0.00 (Cumulative area) 
      Partial area ratio:    7.39
      Required ratio:  400.00 (Side area) 
      Cumulative area ratio:    7.39
      Required ratio:    0.00 (Cumulative side area) 

    Layer: via
      Partial area ratio:    0.28
      Required ratio:    6.00 (Gate area) 
      Cumulative area ratio:    0.46
      Required ratio:    0.00 (Cumulative area) 

    Layer: met2
      Partial area ratio:    1.17
      Required ratio:    0.00 (Gate area) 
      Cumulative area ratio:    2.85
      Required ratio:    0.00 (Cumulative area) 
      Partial area ratio:    5.42
      Required ratio:  400.00 (Side area) 
      Cumulative area ratio:   12.80
      Required ratio:    0.00 (Cumulative side area) 

    Layer: via2
      Partial area ratio:    0.25
      Required ratio:    6.00 (Gate area) 
      Cumulative area ratio:    0.72
      Required ratio:    0.00 (Cumulative area) 

    Layer: met3
      Partial area ratio:    0.79
      Required ratio:    0.00 (Gate area) 
      Cumulative area ratio:    3.64
      Required ratio:    0.00 (Cumulative area) 
      Partial area ratio:    7.14
      Required ratio:  400.00 (Side area) 
      Cumulative area ratio:   19.95
      Required ratio:    0.00 (Cumulative side area) 

    Layer: via3
      Partial area ratio:    0.25
      Required ratio:    6.00 (Gate area) 
      Cumulative area ratio:    0.97
      Required ratio:    0.00 (Cumulative area) 

    Layer: met4
      Partial area ratio:   36.19
      Required ratio:    0.00 (Gate area) 
      Cumulative area ratio:   39.83
      Required ratio:    0.00 (Cumulative area) 
      Partial area ratio:  194.49
      Required ratio: 2778.20 (Side area) 
      Cumulative area ratio:  214.44
      Required ratio:    0.00 (Cumulative side area) 


  Pin:   _5319_/A1 (sky130_fd_sc_hd__mux2_2)
    Layer: mcon
      Partial area ratio:    0.18
      Required ratio:    3.00 (Gate area) 
      Cumulative area ratio:    0.18
      Required ratio:    0.00 (Cumulative area) 

    Layer: met1
      Partial area ratio:    5.69
      Required ratio:    0.00 (Gate area) 
      Cumulative area ratio:    5.69
      Required ratio:    0.00 (Cumulative area) 
      Partial area ratio:   27.28
      Required ratio:  400.00 (Side area) 
      Cumulative area ratio:   27.28
      Required ratio:    0.00 (Cumulative side area) 

    Layer: via
      Partial area ratio:    0.28
      Required ratio:    6.00 (Gate area) 
      Cumulative area ratio:    0.46
      Required ratio:    0.00 (Cumulative area) 

    Layer: met2
      Partial area ratio:    1.17
      Required ratio:    0.00 (Gate area) 
      Cumulative area ratio:    6.86
      Required ratio:    0.00 (Cumulative area) 
      Partial area ratio:    5.42
      Required ratio:  400.00 (Side area) 
      Cumulative area ratio:   32.70
      Required ratio:    0.00 (Cumulative side area) 

    Layer: via2
      Partial area ratio:    0.25
      Required ratio:    6.00 (Gate area) 
      Cumulative area ratio:    0.72
      Required ratio:    0.00 (Cumulative area) 

    Layer: met3
      Partial area ratio:   19.93
      Required ratio:    0.00 (Gate area) 
      Cumulative area ratio:   26.79
      Required ratio:    0.00 (Cumulative area) 
      Partial area ratio:  107.75
      Required ratio:  400.00 (Side area) 
      Cumulative area ratio:  140.45
      Required ratio:    0.00 (Cumulative side area) 

    Layer: via3
      Partial area ratio:    0.13
      Required ratio:    6.00 (Gate area) 
      Cumulative area ratio:    0.84
      Required ratio:    0.00 (Cumulative area) 

    Layer: met4
      Partial area ratio:   36.19
      Required ratio:    0.00 (Gate area) 
      Cumulative area ratio:   62.98
      Required ratio:    0.00 (Cumulative area) 
      Partial area ratio:  194.49
      Required ratio: 2778.20 (Side area) 
      Cumulative area ratio:  334.94
      Required ratio:    0.00 (Cumulative side area) 


  Pin:   _5388_/A1 (sky130_fd_sc_hd__mux2_2)
    Layer: mcon
      Partial area ratio:    0.18
      Required ratio:    3.00 (Gate area) 
      Cumulative area ratio:    0.18
      Required ratio:    0.00 (Cumulative area) 

    Layer: met1
      Partial area ratio:    3.67
      Required ratio:    0.00 (Gate area) 
      Cumulative area ratio:    3.67
      Required ratio:    0.00 (Cumulative area) 
      Partial area ratio:   17.20
      Required ratio:  400.00 (Side area) 
      Cumulative area ratio:   17.20
      Required ratio:    0.00 (Cumulative side area) 

    Layer: via
      Partial area ratio:    0.28
      Required ratio:    6.00 (Gate area) 
      Cumulative area ratio:    0.46
      Required ratio:    0.00 (Cumulative area) 

    Layer: met2
      Partial area ratio:    1.17
      Required ratio:    0.00 (Gate area) 
      Cumulative area ratio:    4.85
      Required ratio:    0.00 (Cumulative area) 
      Partial area ratio:    5.42
      Required ratio:  400.00 (Side area) 
      Cumulative area ratio:   22.62
      Required ratio:    0.00 (Cumulative side area) 

    Layer: via2
      Partial area ratio:    0.25
      Required ratio:    6.00 (Gate area) 
      Cumulative area ratio:    0.72
      Required ratio:    0.00 (Cumulative area) 

    Layer: met3
      Partial area ratio:   19.93
      Required ratio:    0.00 (Gate area) 
      Cumulative area ratio:   24.78
      Required ratio:    0.00 (Cumulative area) 
      Partial area ratio:  107.75
      Required ratio:  400.00 (Side area) 
      Cumulative area ratio:  130.36
      Required ratio:    0.00 (Cumulative side area) 

    Layer: via3
      Partial area ratio:    0.13
      Required ratio:    6.00 (Gate area) 
      Cumulative area ratio:    0.84
      Required ratio:    0.00 (Cumulative area) 

    Layer: met4
      Partial area ratio:   36.19
      Required ratio:    0.00 (Gate area) 
      Cumulative area ratio:   60.97
      Required ratio:    0.00 (Cumulative area) 
      Partial area ratio:  194.49
      Required ratio: 2778.20 (Side area) 
      Cumulative area ratio:  324.85
      Required ratio:    0.00 (Cumulative side area) 



Net: _2751_
  Pin:   _4998_/A1 (sky130_fd_sc_hd__mux2_2)
    Layer: mcon
      Partial area ratio:    0.18
      Required ratio:    3.00 (Gate area) 
      Cumulative area ratio:    0.18
      Required ratio:    0.00 (Cumulative area) 

    Layer: met1
      Partial area ratio:    5.42
      Required ratio:    0.00 (Gate area) 
      Cumulative area ratio:    5.42
      Required ratio:    0.00 (Cumulative area) 
      Partial area ratio:   25.92
      Required ratio:  400.00 (Side area) 
      Cumulative area ratio:   25.92
      Required ratio:    0.00 (Cumulative side area) 

    Layer: via
      Partial area ratio:    0.28
      Required ratio:    6.00 (Gate area) 
      Cumulative area ratio:    0.46
      Required ratio:    0.00 (Cumulative area) 

    Layer: met2
      Partial area ratio:   19.62
      Required ratio:    0.00 (Gate area) 
      Cumulative area ratio:   25.04
      Required ratio:    0.00 (Cumulative area) 
      Partial area ratio:   96.97
      Required ratio:  400.00 (Side area) 
      Cumulative area ratio:  122.88
      Required ratio:    0.00 (Cumulative side area) 

    Layer: via2
      Partial area ratio:    0.25
      Required ratio:    6.00 (Gate area) 
      Cumulative area ratio:    0.72
      Required ratio:    0.00 (Cumulative area) 

    Layer: met3
      Partial area ratio:    6.70
      Required ratio:    0.00 (Gate area) 
      Cumulative area ratio:   31.73
      Required ratio:    0.00 (Cumulative area) 
      Partial area ratio:   36.45
      Required ratio: 2780.80 (Side area) 
      Cumulative area ratio:  159.34
      Required ratio:    0.00 (Cumulative side area) 


  Pin:   _5264_/A1 (sky130_fd_sc_hd__mux2_2)
    Layer: mcon
      Partial area ratio:    0.18
      Required ratio:    3.00 (Gate area) 
      Cumulative area ratio:    0.18
      Required ratio:    0.00 (Cumulative area) 

    Layer: met1
      Partial area ratio:    1.87
      Required ratio:    0.00 (Gate area) 
      Cumulative area ratio:    1.87
      Required ratio:    0.00 (Cumulative area) 
      Partial area ratio:    8.86
      Required ratio:  400.00 (Side area) 
      Cumulative area ratio:    8.86
      Required ratio:    0.00 (Cumulative side area) 

    Layer: via
      Partial area ratio:    0.15
      Required ratio:    6.00 (Gate area) 
      Cumulative area ratio:    0.33
      Required ratio:    0.00 (Cumulative area) 

    Layer: met2
      Partial area ratio:    9.25
      Required ratio:    0.00 (Gate area) 
      Cumulative area ratio:   11.13
      Required ratio:    0.00 (Cumulative area) 
      Partial area ratio:   45.36
      Required ratio: 2780.80 (Side area) 
      Cumulative area ratio:   54.22
      Required ratio:    0.00 (Cumulative side area) 

    Layer: via2
      Partial area ratio:    0.08
      Required ratio:   22.27 (Gate area) 
      Cumulative area ratio:    0.41
      Required ratio:    0.00 (Cumulative area) 

    Layer: met3
      Partial area ratio:    6.70
      Required ratio:    0.00 (Gate area) 
      Cumulative area ratio:   17.82
      Required ratio:    0.00 (Cumulative area) 
      Partial area ratio:   36.45
      Required ratio: 2780.80 (Side area) 
      Cumulative area ratio:   90.68
      Required ratio:    0.00 (Cumulative side area) 


  Pin:   _5329_/A1 (sky130_fd_sc_hd__mux2_2)
    Layer: mcon
      Partial area ratio:    0.18
      Required ratio:    3.00 (Gate area) 
      Cumulative area ratio:    0.18
      Required ratio:    0.00 (Cumulative area) 

    Layer: met1
      Partial area ratio:    6.17
      Required ratio:    0.00 (Gate area) 
      Cumulative area ratio:    6.17
      Required ratio:    0.00 (Cumulative area) 
      Partial area ratio:   29.66
      Required ratio:  400.00 (Side area) 
      Cumulative area ratio:   29.66
      Required ratio:    0.00 (Cumulative side area) 

    Layer: via
      Partial area ratio:    0.28
      Required ratio:    6.00 (Gate area) 
      Cumulative area ratio:    0.46
      Required ratio:    0.00 (Cumulative area) 

    Layer: met2
      Partial area ratio:    9.25
      Required ratio:    0.00 (Gate area) 
      Cumulative area ratio:   15.42
      Required ratio:    0.00 (Cumulative area) 
      Partial area ratio:   45.36
      Required ratio: 2780.80 (Side area) 
      Cumulative area ratio:   75.02
      Required ratio:    0.00 (Cumulative side area) 

    Layer: via2
      Partial area ratio:    0.08
      Required ratio:   22.27 (Gate area) 
      Cumulative area ratio:    0.55
      Required ratio:    0.00 (Cumulative area) 

    Layer: met3
      Partial area ratio:    6.70
      Required ratio:    0.00 (Gate area) 
      Cumulative area ratio:   22.11
      Required ratio:    0.00 (Cumulative area) 
      Partial area ratio:   36.45
      Required ratio: 2780.80 (Side area) 
      Cumulative area ratio:  111.47
      Required ratio:    0.00 (Cumulative side area) 


  Pin:   _5398_/A1 (sky130_fd_sc_hd__mux2_2)
    Layer: mcon
      Partial area ratio:    0.18
      Required ratio:    3.00 (Gate area) 
      Cumulative area ratio:    0.18
      Required ratio:    0.00 (Cumulative area) 

    Layer: met1
      Partial area ratio:   87.35
      Required ratio:    0.00 (Gate area) 
      Cumulative area ratio:   87.35
      Required ratio:    0.00 (Cumulative area) 
      Partial area ratio:  434.89
      Required ratio:  400.00 (Side area) (VIOLATED)
      Cumulative area ratio:  434.89
      Required ratio:    0.00 (Cumulative side area) 

    Layer: via
      Partial area ratio:    0.42
      Required ratio:    6.00 (Gate area) 
      Cumulative area ratio:    0.61
      Required ratio:    0.00 (Cumulative area) 

    Layer: met2
      Partial area ratio:    9.25
      Required ratio:    0.00 (Gate area) 
      Cumulative area ratio:   96.60
      Required ratio:    0.00 (Cumulative area) 
      Partial area ratio:   45.36
      Required ratio: 2780.80 (Side area) 
      Cumulative area ratio:  480.25
      Required ratio:    0.00 (Cumulative side area) 

    Layer: via2
      Partial area ratio:    0.08
      Required ratio:   22.27 (Gate area) 
      Cumulative area ratio:    0.69
      Required ratio:    0.00 (Cumulative area) 

    Layer: met3
      Partial area ratio:    6.70
      Required ratio:    0.00 (Gate area) 
      Cumulative area ratio:  103.30
      Required ratio:    0.00 (Cumulative area) 
      Partial area ratio:   36.45
      Required ratio: 2780.80 (Side area) 
      Cumulative area ratio:  516.70
      Required ratio:    0.00 (Cumulative side area) 



Net: _2785_
  Pin:   _5041_/A1 (sky130_fd_sc_hd__mux2_2)
    Layer: mcon
      Partial area ratio:    0.18
      Required ratio:    3.00 (Gate area) 
      Cumulative area ratio:    0.18
      Required ratio:    0.00 (Cumulative area) 

    Layer: met1
      Partial area ratio:   46.15
      Required ratio:    0.00 (Gate area) 
      Cumulative area ratio:   46.15
      Required ratio:    0.00 (Cumulative area) 
      Partial area ratio:  229.60
      Required ratio:  400.00 (Side area) 
      Cumulative area ratio:  229.60
      Required ratio:    0.00 (Cumulative side area) 

    Layer: via
      Partial area ratio:    0.28
      Required ratio:    6.00 (Gate area) 
      Cumulative area ratio:    0.46
      Required ratio:    0.00 (Cumulative area) 

    Layer: met2
      Partial area ratio:   15.09
      Required ratio:    0.00 (Gate area) 
      Cumulative area ratio:   61.24
      Required ratio:    0.00 (Cumulative area) 
      Partial area ratio:   74.62
      Required ratio: 2778.20 (Side area) 
      Cumulative area ratio:  304.23
      Required ratio:    0.00 (Cumulative side area) 


  Pin:   _5270_/A1 (sky130_fd_sc_hd__mux2_2)
    Layer: mcon
      Partial area ratio:    0.18
      Required ratio:    3.00 (Gate area) 
      Cumulative area ratio:    0.18
      Required ratio:    0.00 (Cumulative area) 

    Layer: met1
      Partial area ratio:   81.11
      Required ratio:    0.00 (Gate area) 
      Cumulative area ratio:   81.11
      Required ratio:    0.00 (Cumulative area) 
      Partial area ratio:  402.34
      Required ratio:  400.00 (Side area) (VIOLATED)
      Cumulative area ratio:  402.34
      Required ratio:    0.00 (Cumulative side area) 

    Layer: via
      Partial area ratio:    0.71
      Required ratio:    6.00 (Gate area) 
      Cumulative area ratio:    0.89
      Required ratio:    0.00 (Cumulative area) 

    Layer: met2
      Partial area ratio:   15.09
      Required ratio:    0.00 (Gate area) 
      Cumulative area ratio:   96.20
      Required ratio:    0.00 (Cumulative area) 
      Partial area ratio:   74.62
      Required ratio: 2778.20 (Side area) 
      Cumulative area ratio:  476.96
      Required ratio:    0.00 (Cumulative side area) 


  Pin:   _5336_/A1 (sky130_fd_sc_hd__mux2_2)
    Layer: mcon
      Partial area ratio:    0.18
      Required ratio:    3.00 (Gate area) 
      Cumulative area ratio:    0.18
      Required ratio:    0.00 (Cumulative area) 

    Layer: met1
      Partial area ratio:    4.68
      Required ratio:    0.00 (Gate area) 
      Cumulative area ratio:    4.68
      Required ratio:    0.00 (Cumulative area) 
      Partial area ratio:   22.22
      Required ratio:  400.00 (Side area) 
      Cumulative area ratio:   22.22
      Required ratio:    0.00 (Cumulative side area) 

    Layer: via
      Partial area ratio:    0.28
      Required ratio:    6.00 (Gate area) 
      Cumulative area ratio:    0.46
      Required ratio:    0.00 (Cumulative area) 

    Layer: met2
      Partial area ratio:   15.09
      Required ratio:    0.00 (Gate area) 
      Cumulative area ratio:   19.77
      Required ratio:    0.00 (Cumulative area) 
      Partial area ratio:   74.62
      Required ratio: 2778.20 (Side area) 
      Cumulative area ratio:   96.84
      Required ratio:    0.00 (Cumulative side area) 


  Pin:   _5404_/A1 (sky130_fd_sc_hd__mux2_2)
    Layer: mcon
      Partial area ratio:    0.18
      Required ratio:    3.00 (Gate area) 
      Cumulative area ratio:    0.18
      Required ratio:    0.00 (Cumulative area) 

    Layer: met1
      Partial area ratio:    3.84
      Required ratio:    0.00 (Gate area) 
      Cumulative area ratio:    3.84
      Required ratio:    0.00 (Cumulative area) 
      Partial area ratio:   18.04
      Required ratio:  400.00 (Side area) 
      Cumulative area ratio:   18.04
      Required ratio:    0.00 (Cumulative side area) 

    Layer: via
      Partial area ratio:    0.28
      Required ratio:    6.00 (Gate area) 
      Cumulative area ratio:    0.46
      Required ratio:    0.00 (Cumulative area) 

    Layer: met2
      Partial area ratio:   15.09
      Required ratio:    0.00 (Gate area) 
      Cumulative area ratio:   18.93
      Required ratio:    0.00 (Cumulative area) 
      Partial area ratio:   74.62
      Required ratio: 2778.20 (Side area) 
      Cumulative area ratio:   92.66
      Required ratio:    0.00 (Cumulative side area) 



Net: _2830_
  Pin:   _5095_/A1 (sky130_fd_sc_hd__mux2_2)
    Layer: mcon
      Partial area ratio:    0.18
      Required ratio:    3.00 (Gate area) 
      Cumulative area ratio:    0.18
      Required ratio:    0.00 (Cumulative area) 

    Layer: met1
      Partial area ratio:    2.63
      Required ratio:    0.00 (Gate area) 
      Cumulative area ratio:    2.63
      Required ratio:    0.00 (Cumulative area) 
      Partial area ratio:   12.01
      Required ratio:  400.00 (Side area) 
      Cumulative area ratio:   12.01
      Required ratio:    0.00 (Cumulative side area) 

    Layer: via
      Partial area ratio:    0.28
      Required ratio:    6.00 (Gate area) 
      Cumulative area ratio:    0.46
      Required ratio:    0.00 (Cumulative area) 

    Layer: met2
      Partial area ratio:    1.17
      Required ratio:    0.00 (Gate area) 
      Cumulative area ratio:    3.81
      Required ratio:    0.00 (Cumulative area) 
      Partial area ratio:    5.42
      Required ratio:  400.00 (Side area) 
      Cumulative area ratio:   17.42
      Required ratio:    0.00 (Cumulative side area) 

    Layer: via2
      Partial area ratio:    0.25
      Required ratio:    6.00 (Gate area) 
      Cumulative area ratio:    0.72
      Required ratio:    0.00 (Cumulative area) 

    Layer: met3
      Partial area ratio:    0.79
      Required ratio:    0.00 (Gate area) 
      Cumulative area ratio:    4.59
      Required ratio:    0.00 (Cumulative area) 
      Partial area ratio:    7.14
      Required ratio:  400.00 (Side area) 
      Cumulative area ratio:   24.57
      Required ratio:    0.00 (Cumulative side area) 

    Layer: via3
      Partial area ratio:    0.25
      Required ratio:    6.00 (Gate area) 
      Cumulative area ratio:    0.97
      Required ratio:    0.00 (Cumulative area) 

    Layer: met4
      Partial area ratio:   86.24
      Required ratio:    0.00 (Gate area) 
      Cumulative area ratio:   90.83
      Required ratio:    0.00 (Cumulative area) 
      Partial area ratio:  461.10
      Required ratio: 2784.80 (Side area) 
      Cumulative area ratio:  485.67
      Required ratio:    0.00 (Cumulative side area) 


  Pin:   _5276_/A1 (sky130_fd_sc_hd__mux2_2)
    Layer: mcon
      Partial area ratio:    0.18
      Required ratio:    3.00 (Gate area) 
      Cumulative area ratio:    0.18
      Required ratio:    0.00 (Cumulative area) 

    Layer: met1
      Partial area ratio:    5.13
      Required ratio:    0.00 (Gate area) 
      Cumulative area ratio:    5.13
      Required ratio:    0.00 (Cumulative area) 
      Partial area ratio:   24.50
      Required ratio:  400.00 (Side area) 
      Cumulative area ratio:   24.50
      Required ratio:    0.00 (Cumulative side area) 

    Layer: via
      Partial area ratio:    0.21
      Required ratio:    6.00 (Gate area) 
      Cumulative area ratio:    0.39
      Required ratio:    0.00 (Cumulative area) 

    Layer: met2
      Partial area ratio:    0.85
      Required ratio:    0.00 (Gate area) 
      Cumulative area ratio:    5.98
      Required ratio:    0.00 (Cumulative area) 
      Partial area ratio:    3.98
      Required ratio:  400.00 (Side area) 
      Cumulative area ratio:   28.48
      Required ratio:    0.00 (Cumulative side area) 

    Layer: via2
      Partial area ratio:    0.13
      Required ratio:    6.00 (Gate area) 
      Cumulative area ratio:    0.52
      Required ratio:    0.00 (Cumulative area) 

    Layer: met3
      Partial area ratio:    0.39
      Required ratio:    0.00 (Gate area) 
      Cumulative area ratio:    6.37
      Required ratio:    0.00 (Cumulative area) 
      Partial area ratio:    3.57
      Required ratio:  400.00 (Side area) 
      Cumulative area ratio:   32.06
      Required ratio:    0.00 (Cumulative side area) 

    Layer: via3
      Partial area ratio:    0.13
      Required ratio:    6.00 (Gate area) 
      Cumulative area ratio:    0.65
      Required ratio:    0.00 (Cumulative area) 

    Layer: met4
      Partial area ratio:   86.24
      Required ratio:    0.00 (Gate area) 
      Cumulative area ratio:   92.60
      Required ratio:    0.00 (Cumulative area) 
      Partial area ratio:  461.10
      Required ratio: 2784.80 (Side area) 
      Cumulative area ratio:  493.16
      Required ratio:    0.00 (Cumulative side area) 


  Pin:   _5342_/A1 (sky130_fd_sc_hd__mux2_2)
    Layer: mcon
      Partial area ratio:    0.18
      Required ratio:    3.00 (Gate area) 
      Cumulative area ratio:    0.18
      Required ratio:    0.00 (Cumulative area) 

    Layer: met1
      Partial area ratio:   23.47
      Required ratio:    0.00 (Gate area) 
      Cumulative area ratio:   23.47
      Required ratio:    0.00 (Cumulative area) 
      Partial area ratio:  115.49
      Required ratio:  400.00 (Side area) 
      Cumulative area ratio:  115.49
      Required ratio:    0.00 (Cumulative side area) 

    Layer: via
      Partial area ratio:    0.42
      Required ratio:    6.00 (Gate area) 
      Cumulative area ratio:    0.61
      Required ratio:    0.00 (Cumulative area) 

    Layer: met2
      Partial area ratio:    8.12
      Required ratio:    0.00 (Gate area) 
      Cumulative area ratio:   31.59
      Required ratio:    0.00 (Cumulative area) 
      Partial area ratio:   39.07
      Required ratio:  400.00 (Side area) 
      Cumulative area ratio:  154.56
      Required ratio:    0.00 (Cumulative side area) 

    Layer: via2
      Partial area ratio:    0.50
      Required ratio:    6.00 (Gate area) 
      Cumulative area ratio:    1.11
      Required ratio:    0.00 (Cumulative area) 

    Layer: met3
      Partial area ratio:   98.43
      Required ratio:    0.00 (Gate area) 
      Cumulative area ratio:  130.02
      Required ratio:    0.00 (Cumulative area) 
      Partial area ratio:  527.90
      Required ratio:  400.00 (Side area) (VIOLATED)
      Cumulative area ratio:  682.46
      Required ratio:    0.00 (Cumulative side area) 

    Layer: via3
      Partial area ratio:    0.25
      Required ratio:    6.00 (Gate area) 
      Cumulative area ratio:    1.36
      Required ratio:    0.00 (Cumulative area) 

    Layer: met4
      Partial area ratio:   86.24
      Required ratio:    0.00 (Gate area) 
      Cumulative area ratio:  216.26
      Required ratio:    0.00 (Cumulative area) 
      Partial area ratio:  461.10
      Required ratio: 2784.80 (Side area) 
      Cumulative area ratio: 1143.56
      Required ratio:    0.00 (Cumulative side area) 


  Pin:   _5411_/A1 (sky130_fd_sc_hd__mux2_2)
    Layer: mcon
      Partial area ratio:    0.18
      Required ratio:    3.00 (Gate area) 
      Cumulative area ratio:    0.18
      Required ratio:    0.00 (Cumulative area) 

    Layer: met1
      Partial area ratio:    5.00
      Required ratio:    0.00 (Gate area) 
      Cumulative area ratio:    5.00
      Required ratio:    0.00 (Cumulative area) 
      Partial area ratio:   23.83
      Required ratio:  400.00 (Side area) 
      Cumulative area ratio:   23.83
      Required ratio:    0.00 (Cumulative side area) 

    Layer: via
      Partial area ratio:    0.28
      Required ratio:    6.00 (Gate area) 
      Cumulative area ratio:    0.46
      Required ratio:    0.00 (Cumulative area) 

    Layer: met2
      Partial area ratio:    1.17
      Required ratio:    0.00 (Gate area) 
      Cumulative area ratio:    6.17
      Required ratio:    0.00 (Cumulative area) 
      Partial area ratio:    5.42
      Required ratio:  400.00 (Side area) 
      Cumulative area ratio:   29.25
      Required ratio:    0.00 (Cumulative side area) 

    Layer: via2
      Partial area ratio:    0.25
      Required ratio:    6.00 (Gate area) 
      Cumulative area ratio:    0.72
      Required ratio:    0.00 (Cumulative area) 

    Layer: met3
      Partial area ratio:   98.43
      Required ratio:    0.00 (Gate area) 
      Cumulative area ratio:  104.61
      Required ratio:    0.00 (Cumulative area) 
      Partial area ratio:  527.90
      Required ratio:  400.00 (Side area) (VIOLATED)
      Cumulative area ratio:  557.15
      Required ratio:    0.00 (Cumulative side area) 

    Layer: via3
      Partial area ratio:    0.25
      Required ratio:    6.00 (Gate area) 
      Cumulative area ratio:    0.97
      Required ratio:    0.00 (Cumulative area) 

    Layer: met4
      Partial area ratio:   86.24
      Required ratio:    0.00 (Gate area) 
      Cumulative area ratio:  190.84
      Required ratio:    0.00 (Cumulative area) 
      Partial area ratio:  461.10
      Required ratio: 2784.80 (Side area) 
      Cumulative area ratio: 1018.25
      Required ratio:    0.00 (Cumulative side area) 


  Pin:   _5583_/A1 (sky130_fd_sc_hd__mux2_2)
    Layer: mcon
      Partial area ratio:    0.18
      Required ratio:    3.00 (Gate area) 
      Cumulative area ratio:    0.18
      Required ratio:    0.00 (Cumulative area) 

    Layer: met1
      Partial area ratio:    5.13
      Required ratio:    0.00 (Gate area) 
      Cumulative area ratio:    5.13
      Required ratio:    0.00 (Cumulative area) 
      Partial area ratio:   24.50
      Required ratio:  400.00 (Side area) 
      Cumulative area ratio:   24.50
      Required ratio:    0.00 (Cumulative side area) 

    Layer: via
      Partial area ratio:    0.21
      Required ratio:    6.00 (Gate area) 
      Cumulative area ratio:    0.39
      Required ratio:    0.00 (Cumulative area) 

    Layer: met2
      Partial area ratio:    0.85
      Required ratio:    0.00 (Gate area) 
      Cumulative area ratio:    5.98
      Required ratio:    0.00 (Cumulative area) 
      Partial area ratio:    3.98
      Required ratio:  400.00 (Side area) 
      Cumulative area ratio:   28.48
      Required ratio:    0.00 (Cumulative side area) 

    Layer: via2
      Partial area ratio:    0.13
      Required ratio:    6.00 (Gate area) 
      Cumulative area ratio:    0.52
      Required ratio:    0.00 (Cumulative area) 

    Layer: met3
      Partial area ratio:    0.39
      Required ratio:    0.00 (Gate area) 
      Cumulative area ratio:    6.37
      Required ratio:    0.00 (Cumulative area) 
      Partial area ratio:    3.57
      Required ratio:  400.00 (Side area) 
      Cumulative area ratio:   32.06
      Required ratio:    0.00 (Cumulative side area) 

    Layer: via3
      Partial area ratio:    0.13
      Required ratio:    6.00 (Gate area) 
      Cumulative area ratio:    0.65
      Required ratio:    0.00 (Cumulative area) 

    Layer: met4
      Partial area ratio:   86.24
      Required ratio:    0.00 (Gate area) 
      Cumulative area ratio:   92.60
      Required ratio:    0.00 (Cumulative area) 
      Partial area ratio:  461.10
      Required ratio: 2784.80 (Side area) 
      Cumulative area ratio:  493.16
      Required ratio:    0.00 (Cumulative side area) 



Net: _2841_
  Pin:   _5108_/A1 (sky130_fd_sc_hd__mux2_2)
    Layer: mcon
      Partial area ratio:    0.18
      Required ratio:    3.00 (Gate area) 
      Cumulative area ratio:    0.18
      Required ratio:    0.00 (Cumulative area) 

    Layer: met1
      Partial area ratio:  113.06
      Required ratio:    0.00 (Gate area) 
      Cumulative area ratio:  113.06
      Required ratio:    0.00 (Cumulative area) 
      Partial area ratio:  563.44
      Required ratio:  400.00 (Side area) (VIOLATED)
      Cumulative area ratio:  563.44
      Required ratio:    0.00 (Cumulative side area) 

    Layer: via
      Partial area ratio:    0.42
      Required ratio:    6.00 (Gate area) 
      Cumulative area ratio:    0.61
      Required ratio:    0.00 (Cumulative area) 

    Layer: met2
      Partial area ratio:   19.32
      Required ratio:    0.00 (Gate area) 
      Cumulative area ratio:  132.38
      Required ratio:    0.00 (Cumulative area) 
      Partial area ratio:   96.00
      Required ratio: 2778.20 (Side area) 
      Cumulative area ratio:  659.44
      Required ratio:    0.00 (Cumulative side area) 


  Pin:   _5278_/A1 (sky130_fd_sc_hd__mux2_2)
    Layer: mcon
      Partial area ratio:    0.18
      Required ratio:    3.00 (Gate area) 
      Cumulative area ratio:    0.18
      Required ratio:    0.00 (Cumulative area) 

    Layer: met1
      Partial area ratio:    5.40
      Required ratio:    0.00 (Gate area) 
      Cumulative area ratio:    5.40
      Required ratio:    0.00 (Cumulative area) 
      Partial area ratio:   25.85
      Required ratio:  400.00 (Side area) 
      Cumulative area ratio:   25.85
      Required ratio:    0.00 (Cumulative side area) 

    Layer: via
      Partial area ratio:    0.28
      Required ratio:    6.00 (Gate area) 
      Cumulative area ratio:    0.46
      Required ratio:    0.00 (Cumulative area) 

    Layer: met2
      Partial area ratio:   19.32
      Required ratio:    0.00 (Gate area) 
      Cumulative area ratio:   24.73
      Required ratio:    0.00 (Cumulative area) 
      Partial area ratio:   96.00
      Required ratio: 2778.20 (Side area) 
      Cumulative area ratio:  121.85
      Required ratio:    0.00 (Cumulative side area) 


  Pin:   _5344_/A1 (sky130_fd_sc_hd__mux2_2)
    Layer: mcon
      Partial area ratio:    0.18
      Required ratio:    3.00 (Gate area) 
      Cumulative area ratio:    0.18
      Required ratio:    0.00 (Cumulative area) 

    Layer: met1
      Partial area ratio:    8.87
      Required ratio:    0.00 (Gate area) 
      Cumulative area ratio:    8.87
      Required ratio:    0.00 (Cumulative area) 
      Partial area ratio:   43.23
      Required ratio:  400.00 (Side area) 
      Cumulative area ratio:   43.23
      Required ratio:    0.00 (Cumulative side area) 

    Layer: via
      Partial area ratio:    0.21
      Required ratio:    6.00 (Gate area) 
      Cumulative area ratio:    0.39
      Required ratio:    0.00 (Cumulative area) 

    Layer: met2
      Partial area ratio:   19.32
      Required ratio:    0.00 (Gate area) 
      Cumulative area ratio:   28.20
      Required ratio:    0.00 (Cumulative area) 
      Partial area ratio:   96.00
      Required ratio: 2778.20 (Side area) 
      Cumulative area ratio:  139.23
      Required ratio:    0.00 (Cumulative side area) 


  Pin:   _5413_/A1 (sky130_fd_sc_hd__mux2_2)
    Layer: mcon
      Partial area ratio:    0.18
      Required ratio:    3.00 (Gate area) 
      Cumulative area ratio:    0.18
      Required ratio:    0.00 (Cumulative area) 

    Layer: met1
      Partial area ratio:    8.87
      Required ratio:    0.00 (Gate area) 
      Cumulative area ratio:    8.87
      Required ratio:    0.00 (Cumulative area) 
      Partial area ratio:   43.23
      Required ratio:  400.00 (Side area) 
      Cumulative area ratio:   43.23
      Required ratio:    0.00 (Cumulative side area) 

    Layer: via
      Partial area ratio:    0.21
      Required ratio:    6.00 (Gate area) 
      Cumulative area ratio:    0.39
      Required ratio:    0.00 (Cumulative area) 

    Layer: met2
      Partial area ratio:   19.32
      Required ratio:    0.00 (Gate area) 
      Cumulative area ratio:   28.20
      Required ratio:    0.00 (Cumulative area) 
      Partial area ratio:   96.00
      Required ratio: 2778.20 (Side area) 
      Cumulative area ratio:  139.23
      Required ratio:    0.00 (Cumulative side area) 



Net: _2859_
  Pin:   _5132_/A1 (sky130_fd_sc_hd__mux2_2)
    Layer: mcon
      Partial area ratio:    0.18
      Required ratio:    3.00 (Gate area) 
      Cumulative area ratio:    0.18
      Required ratio:    0.00 (Cumulative area) 

    Layer: met1
      Partial area ratio:   93.35
      Required ratio:    0.00 (Gate area) 
      Cumulative area ratio:   93.35
      Required ratio:    0.00 (Cumulative area) 
      Partial area ratio:  464.92
      Required ratio:  400.00 (Side area) (VIOLATED)
      Cumulative area ratio:  464.92
      Required ratio:    0.00 (Cumulative side area) 

    Layer: via
      Partial area ratio:    0.42
      Required ratio:    6.00 (Gate area) 
      Cumulative area ratio:    0.61
      Required ratio:    0.00 (Cumulative area) 

    Layer: met2
      Partial area ratio:   23.57
      Required ratio:    0.00 (Gate area) 
      Cumulative area ratio:  116.92
      Required ratio:    0.00 (Cumulative area) 
      Partial area ratio:  117.03
      Required ratio: 2778.20 (Side area) 
      Cumulative area ratio:  581.95
      Required ratio:    0.00 (Cumulative side area) 


  Pin:   _5350_/A1 (sky130_fd_sc_hd__mux2_2)
    Layer: mcon
      Partial area ratio:    0.18
      Required ratio:    3.00 (Gate area) 
      Cumulative area ratio:    0.18
      Required ratio:    0.00 (Cumulative area) 

    Layer: met1
      Partial area ratio:    9.68
      Required ratio:    0.00 (Gate area) 
      Cumulative area ratio:    9.68
      Required ratio:    0.00 (Cumulative area) 
      Partial area ratio:   47.26
      Required ratio:  400.00 (Side area) 
      Cumulative area ratio:   47.26
      Required ratio:    0.00 (Cumulative side area) 

    Layer: via
      Partial area ratio:    0.21
      Required ratio:    6.00 (Gate area) 
      Cumulative area ratio:    0.39
      Required ratio:    0.00 (Cumulative area) 

    Layer: met2
      Partial area ratio:   23.57
      Required ratio:    0.00 (Gate area) 
      Cumulative area ratio:   33.25
      Required ratio:    0.00 (Cumulative area) 
      Partial area ratio:  117.03
      Required ratio: 2778.20 (Side area) 
      Cumulative area ratio:  164.29
      Required ratio:    0.00 (Cumulative side area) 


  Pin:   _5419_/A1 (sky130_fd_sc_hd__mux2_2)
    Layer: mcon
      Partial area ratio:    0.18
      Required ratio:    3.00 (Gate area) 
      Cumulative area ratio:    0.18
      Required ratio:    0.00 (Cumulative area) 

    Layer: met1
      Partial area ratio:    9.68
      Required ratio:    0.00 (Gate area) 
      Cumulative area ratio:    9.68
      Required ratio:    0.00 (Cumulative area) 
      Partial area ratio:   47.26
      Required ratio:  400.00 (Side area) 
      Cumulative area ratio:   47.26
      Required ratio:    0.00 (Cumulative side area) 

    Layer: via
      Partial area ratio:    0.21
      Required ratio:    6.00 (Gate area) 
      Cumulative area ratio:    0.39
      Required ratio:    0.00 (Cumulative area) 

    Layer: met2
      Partial area ratio:   23.57
      Required ratio:    0.00 (Gate area) 
      Cumulative area ratio:   33.25
      Required ratio:    0.00 (Cumulative area) 
      Partial area ratio:  117.03
      Required ratio: 2778.20 (Side area) 
      Cumulative area ratio:  164.29
      Required ratio:    0.00 (Cumulative side area) 



Net: _2882_
  Pin:   place388/A (sky130_fd_sc_hd__buf_2)
    Layer: mcon
      Partial area ratio:    0.18
      Required ratio:    3.00 (Gate area) 
      Cumulative area ratio:    0.18
      Required ratio:    0.00 (Cumulative area) 

    Layer: met1
      Partial area ratio:    2.82
      Required ratio:    0.00 (Gate area) 
      Cumulative area ratio:    2.82
      Required ratio:    0.00 (Cumulative area) 
      Partial area ratio:   12.96
      Required ratio:  400.00 (Side area) 
      Cumulative area ratio:   12.96
      Required ratio:    0.00 (Cumulative side area) 

    Layer: via
      Partial area ratio:    0.28
      Required ratio:    6.00 (Gate area) 
      Cumulative area ratio:    0.46
      Required ratio:    0.00 (Cumulative area) 

    Layer: met2
      Partial area ratio:    1.17
      Required ratio:    0.00 (Gate area) 
      Cumulative area ratio:    4.00
      Required ratio:    0.00 (Cumulative area) 
      Partial area ratio:    5.42
      Required ratio:  400.00 (Side area) 
      Cumulative area ratio:   18.37
      Required ratio:    0.00 (Cumulative side area) 

    Layer: via2
      Partial area ratio:    0.25
      Required ratio:    6.00 (Gate area) 
      Cumulative area ratio:    0.72
      Required ratio:    0.00 (Cumulative area) 

    Layer: met3
      Partial area ratio:   56.00
      Required ratio:    0.00 (Gate area) 
      Cumulative area ratio:   60.00
      Required ratio:    0.00 (Cumulative area) 
      Partial area ratio:  300.94
      Required ratio:  400.00 (Side area) 
      Cumulative area ratio:  319.32
      Required ratio:    0.00 (Cumulative side area) 

    Layer: via3
      Partial area ratio:    0.10
      Required ratio:    6.00 (Gate area) 
      Cumulative area ratio:    0.81
      Required ratio:    0.00 (Cumulative area) 

    Layer: met4
      Partial area ratio:   34.58
      Required ratio:    0.00 (Gate area) 
      Cumulative area ratio:   94.58
      Required ratio:    0.00 (Cumulative area) 
      Partial area ratio:  185.40
      Required ratio: 2778.20 (Side area) 
      Cumulative area ratio:  504.72
      Required ratio:    0.00 (Cumulative side area) 


  Pin:   place390/A (sky130_fd_sc_hd__buf_2)
    Layer: mcon
      Partial area ratio:    0.18
      Required ratio:    3.00 (Gate area) 
      Cumulative area ratio:    0.18
      Required ratio:    0.00 (Cumulative area) 

    Layer: met1
      Partial area ratio:    5.93
      Required ratio:    0.00 (Gate area) 
      Cumulative area ratio:    5.93
      Required ratio:    0.00 (Cumulative area) 
      Partial area ratio:   28.47
      Required ratio:  400.00 (Side area) 
      Cumulative area ratio:   28.47
      Required ratio:    0.00 (Cumulative side area) 

    Layer: via
      Partial area ratio:    0.28
      Required ratio:    6.00 (Gate area) 
      Cumulative area ratio:    0.46
      Required ratio:    0.00 (Cumulative area) 

    Layer: met2
      Partial area ratio:    1.17
      Required ratio:    0.00 (Gate area) 
      Cumulative area ratio:    7.10
      Required ratio:    0.00 (Cumulative area) 
      Partial area ratio:    5.42
      Required ratio:  400.00 (Side area) 
      Cumulative area ratio:   33.89
      Required ratio:    0.00 (Cumulative side area) 

    Layer: via2
      Partial area ratio:    0.25
      Required ratio:    6.00 (Gate area) 
      Cumulative area ratio:    0.72
      Required ratio:    0.00 (Cumulative area) 

    Layer: met3
      Partial area ratio:    0.79
      Required ratio:    0.00 (Gate area) 
      Cumulative area ratio:    7.89
      Required ratio:    0.00 (Cumulative area) 
      Partial area ratio:    7.14
      Required ratio:  400.00 (Side area) 
      Cumulative area ratio:   41.03
      Required ratio:    0.00 (Cumulative side area) 

    Layer: via3
      Partial area ratio:    0.25
      Required ratio:    6.00 (Gate area) 
      Cumulative area ratio:    0.97
      Required ratio:    0.00 (Cumulative area) 

    Layer: met4
      Partial area ratio:   34.58
      Required ratio:    0.00 (Gate area) 
      Cumulative area ratio:   42.47
      Required ratio:    0.00 (Cumulative area) 
      Partial area ratio:  185.40
      Required ratio: 2778.20 (Side area) 
      Cumulative area ratio:  226.43
      Required ratio:    0.00 (Cumulative side area) 


  Pin:   _5196_/B (sky130_fd_sc_hd__and2_2)
    Layer: mcon
      Partial area ratio:    0.23
      Required ratio:    3.00 (Gate area) 
      Cumulative area ratio:    0.23
      Required ratio:    0.00 (Cumulative area) 

    Layer: met1
      Partial area ratio:   25.54
      Required ratio:    0.00 (Gate area) 
      Cumulative area ratio:   25.54
      Required ratio:    0.00 (Cumulative area) 
      Partial area ratio:  125.36
      Required ratio:  400.00 (Side area) 
      Cumulative area ratio:  125.36
      Required ratio:    0.00 (Cumulative side area) 

    Layer: via
      Partial area ratio:    0.54
      Required ratio:    6.00 (Gate area) 
      Cumulative area ratio:    0.77
      Required ratio:    0.00 (Cumulative area) 

    Layer: met2
      Partial area ratio:   12.95
      Required ratio:    0.00 (Gate area) 
      Cumulative area ratio:   38.49
      Required ratio:    0.00 (Cumulative area) 
      Partial area ratio:   63.31
      Required ratio:  400.00 (Side area) 
      Cumulative area ratio:  188.67
      Required ratio:    0.00 (Cumulative side area) 

    Layer: via2
      Partial area ratio:    0.32
      Required ratio:    6.00 (Gate area) 
      Cumulative area ratio:    1.08
      Required ratio:    0.00 (Cumulative area) 

    Layer: met3
      Partial area ratio:   40.30
      Required ratio:    0.00 (Gate area) 
      Cumulative area ratio:   78.80
      Required ratio:    0.00 (Cumulative area) 
      Partial area ratio:  217.20
      Required ratio:  400.00 (Side area) 
      Cumulative area ratio:  405.86
      Required ratio:    0.00 (Cumulative side area) 

    Layer: via3
      Partial area ratio:    0.13
      Required ratio:    6.00 (Gate area) 
      Cumulative area ratio:    1.21
      Required ratio:    0.00 (Cumulative area) 

    Layer: met4
      Partial area ratio:   34.58
      Required ratio:    0.00 (Gate area) 
      Cumulative area ratio:  113.38
      Required ratio:    0.00 (Cumulative area) 
      Partial area ratio:  185.40
      Required ratio: 2778.20 (Side area) 
      Cumulative area ratio:  591.26
      Required ratio:    0.00 (Cumulative side area) 


  Pin:   _5198_/B (sky130_fd_sc_hd__and2_2)
    Layer: mcon
      Partial area ratio:    0.23
      Required ratio:    3.00 (Gate area) 
      Cumulative area ratio:    0.23
      Required ratio:    0.00 (Cumulative area) 

    Layer: met1
      Partial area ratio:    7.57
      Required ratio:    0.00 (Gate area) 
      Cumulative area ratio:    7.57
      Required ratio:    0.00 (Cumulative area) 
      Partial area ratio:   36.36
      Required ratio:  400.00 (Side area) 
      Cumulative area ratio:   36.36
      Required ratio:    0.00 (Cumulative side area) 

    Layer: via
      Partial area ratio:    0.36
      Required ratio:    6.00 (Gate area) 
      Cumulative area ratio:    0.59
      Required ratio:    0.00 (Cumulative area) 

    Layer: met2
      Partial area ratio:    1.48
      Required ratio:    0.00 (Gate area) 
      Cumulative area ratio:    9.05
      Required ratio:    0.00 (Cumulative area) 
      Partial area ratio:    6.83
      Required ratio:  400.00 (Side area) 
      Cumulative area ratio:   43.19
      Required ratio:    0.00 (Cumulative side area) 

    Layer: via2
      Partial area ratio:    0.32
      Required ratio:    6.00 (Gate area) 
      Cumulative area ratio:    0.90
      Required ratio:    0.00 (Cumulative area) 

    Layer: met3
      Partial area ratio:   40.30
      Required ratio:    0.00 (Gate area) 
      Cumulative area ratio:   49.35
      Required ratio:    0.00 (Cumulative area) 
      Partial area ratio:  217.20
      Required ratio:  400.00 (Side area) 
      Cumulative area ratio:  260.39
      Required ratio:    0.00 (Cumulative side area) 

    Layer: via3
      Partial area ratio:    0.13
      Required ratio:    6.00 (Gate area) 
      Cumulative area ratio:    1.03
      Required ratio:    0.00 (Cumulative area) 

    Layer: met4
      Partial area ratio:   34.58
      Required ratio:    0.00 (Gate area) 
      Cumulative area ratio:   83.93
      Required ratio:    0.00 (Cumulative area) 
      Partial area ratio:  185.40
      Required ratio: 2778.20 (Side area) 
      Cumulative area ratio:  445.79
      Required ratio:    0.00 (Cumulative side area) 


  Pin:   _5200_/B (sky130_fd_sc_hd__and2_2)
    Layer: mcon
      Partial area ratio:    0.23
      Required ratio:    3.00 (Gate area) 
      Cumulative area ratio:    0.23
      Required ratio:    0.00 (Cumulative area) 

    Layer: met1
      Partial area ratio:    1.70
      Required ratio:    0.00 (Gate area) 
      Cumulative area ratio:    1.70
      Required ratio:    0.00 (Cumulative area) 
      Partial area ratio:    7.81
      Required ratio:  400.00 (Side area) 
      Cumulative area ratio:    7.81
      Required ratio:    0.00 (Cumulative side area) 

    Layer: via
      Partial area ratio:    0.20
      Required ratio:    6.00 (Gate area) 
      Cumulative area ratio:    0.43
      Required ratio:    0.00 (Cumulative area) 

    Layer: met2
      Partial area ratio:   12.95
      Required ratio:    0.00 (Gate area) 
      Cumulative area ratio:   14.66
      Required ratio:    0.00 (Cumulative area) 
      Partial area ratio:   63.31
      Required ratio:  400.00 (Side area) 
      Cumulative area ratio:   71.11
      Required ratio:    0.00 (Cumulative side area) 

    Layer: via2
      Partial area ratio:    0.32
      Required ratio:    6.00 (Gate area) 
      Cumulative area ratio:    0.75
      Required ratio:    0.00 (Cumulative area) 

    Layer: met3
      Partial area ratio:   40.30
      Required ratio:    0.00 (Gate area) 
      Cumulative area ratio:   54.96
      Required ratio:    0.00 (Cumulative area) 
      Partial area ratio:  217.20
      Required ratio:  400.00 (Side area) 
      Cumulative area ratio:  288.31
      Required ratio:    0.00 (Cumulative side area) 

    Layer: via3
      Partial area ratio:    0.13
      Required ratio:    6.00 (Gate area) 
      Cumulative area ratio:    0.88
      Required ratio:    0.00 (Cumulative area) 

    Layer: met4
      Partial area ratio:   34.58
      Required ratio:    0.00 (Gate area) 
      Cumulative area ratio:   89.54
      Required ratio:    0.00 (Cumulative area) 
      Partial area ratio:  185.40
      Required ratio: 2778.20 (Side area) 
      Cumulative area ratio:  473.71
      Required ratio:    0.00 (Cumulative side area) 


  Pin:   _5203_/B (sky130_fd_sc_hd__and2_2)
    Layer: mcon
      Partial area ratio:    0.23
      Required ratio:    3.00 (Gate area) 
      Cumulative area ratio:    0.23
      Required ratio:    0.00 (Cumulative area) 

    Layer: met1
      Partial area ratio:    5.41
      Required ratio:    0.00 (Gate area) 
      Cumulative area ratio:    5.41
      Required ratio:    0.00 (Cumulative area) 
      Partial area ratio:   25.58
      Required ratio:  400.00 (Side area) 
      Cumulative area ratio:   25.58
      Required ratio:    0.00 (Cumulative side area) 

    Layer: via
      Partial area ratio:    0.36
      Required ratio:    6.00 (Gate area) 
      Cumulative area ratio:    0.59
      Required ratio:    0.00 (Cumulative area) 

    Layer: met2
      Partial area ratio:   10.11
      Required ratio:    0.00 (Gate area) 
      Cumulative area ratio:   15.53
      Required ratio:    0.00 (Cumulative area) 
      Partial area ratio:   49.06
      Required ratio:  400.00 (Side area) 
      Cumulative area ratio:   74.64
      Required ratio:    0.00 (Cumulative side area) 

    Layer: via2
      Partial area ratio:    0.32
      Required ratio:    6.00 (Gate area) 
      Cumulative area ratio:    0.90
      Required ratio:    0.00 (Cumulative area) 

    Layer: met3
      Partial area ratio:   17.48
      Required ratio:    0.00 (Gate area) 
      Cumulative area ratio:   33.01
      Required ratio:    0.00 (Cumulative area) 
      Partial area ratio:   96.89
      Required ratio:  400.00 (Side area) 
      Cumulative area ratio:  171.53
      Required ratio:    0.00 (Cumulative side area) 

    Layer: via3
      Partial area ratio:    0.63
      Required ratio:    6.00 (Gate area) 
      Cumulative area ratio:    1.54
      Required ratio:    0.00 (Cumulative area) 

    Layer: met4
      Partial area ratio:   34.58
      Required ratio:    0.00 (Gate area) 
      Cumulative area ratio:   67.59
      Required ratio:    0.00 (Cumulative area) 
      Partial area ratio:  185.40
      Required ratio: 2778.20 (Side area) 
      Cumulative area ratio:  356.93
      Required ratio:    0.00 (Cumulative side area) 


  Pin:   _5207_/B (sky130_fd_sc_hd__and2_2)
    Layer: mcon
      Partial area ratio:    0.23
      Required ratio:    3.00 (Gate area) 
      Cumulative area ratio:    0.23
      Required ratio:    0.00 (Cumulative area) 

    Layer: met1
      Partial area ratio:    6.14
      Required ratio:    0.00 (Gate area) 
      Cumulative area ratio:    6.14
      Required ratio:    0.00 (Cumulative area) 
      Partial area ratio:   29.25
      Required ratio:  400.00 (Side area) 
      Cumulative area ratio:   29.25
      Required ratio:    0.00 (Cumulative side area) 

    Layer: via
      Partial area ratio:    0.36
      Required ratio:    6.00 (Gate area) 
      Cumulative area ratio:    0.59
      Required ratio:    0.00 (Cumulative area) 

    Layer: met2
      Partial area ratio:    1.48
      Required ratio:    0.00 (Gate area) 
      Cumulative area ratio:    7.63
      Required ratio:    0.00 (Cumulative area) 
      Partial area ratio:    6.83
      Required ratio:  400.00 (Side area) 
      Cumulative area ratio:   36.08
      Required ratio:    0.00 (Cumulative side area) 

    Layer: via2
      Partial area ratio:    0.32
      Required ratio:    6.00 (Gate area) 
      Cumulative area ratio:    0.90
      Required ratio:    0.00 (Cumulative area) 

    Layer: met3
      Partial area ratio:  198.13
      Required ratio:    0.00 (Gate area) 
      Cumulative area ratio:  205.75
      Required ratio:    0.00 (Cumulative area) 
      Partial area ratio: 1060.38
      Required ratio:  400.00 (Side area) (VIOLATED)
      Cumulative area ratio: 1096.46
      Required ratio:    0.00 (Cumulative side area) 

    Layer: via3
      Partial area ratio:    0.32
      Required ratio:    6.00 (Gate area) 
      Cumulative area ratio:    1.22
      Required ratio:    0.00 (Cumulative area) 

    Layer: met4
      Partial area ratio:   34.58
      Required ratio:    0.00 (Gate area) 
      Cumulative area ratio:  240.34
      Required ratio:    0.00 (Cumulative area) 
      Partial area ratio:  185.40
      Required ratio: 2778.20 (Side area) 
      Cumulative area ratio: 1281.87
      Required ratio:    0.00 (Cumulative side area) 


  Pin:   _5209_/B (sky130_fd_sc_hd__and2_2)
    Layer: mcon
      Partial area ratio:    0.23
      Required ratio:    3.00 (Gate area) 
      Cumulative area ratio:    0.23
      Required ratio:    0.00 (Cumulative area) 

    Layer: met1
      Partial area ratio:    3.03
      Required ratio:    0.00 (Gate area) 
      Cumulative area ratio:    3.03
      Required ratio:    0.00 (Cumulative area) 
      Partial area ratio:   13.69
      Required ratio:  400.00 (Side area) 
      Cumulative area ratio:   13.69
      Required ratio:    0.00 (Cumulative side area) 

    Layer: via
      Partial area ratio:    0.36
      Required ratio:    6.00 (Gate area) 
      Cumulative area ratio:    0.59
      Required ratio:    0.00 (Cumulative area) 

    Layer: met2
      Partial area ratio:   48.86
      Required ratio:    0.00 (Gate area) 
      Cumulative area ratio:   51.89
      Required ratio:    0.00 (Cumulative area) 
      Partial area ratio:  241.50
      Required ratio:  400.00 (Side area) 
      Cumulative area ratio:  255.19
      Required ratio:    0.00 (Cumulative side area) 

    Layer: via2
      Partial area ratio:    0.63
      Required ratio:    6.00 (Gate area) 
      Cumulative area ratio:    1.22
      Required ratio:    0.00 (Cumulative area) 

    Layer: met3
      Partial area ratio:   56.00
      Required ratio:    0.00 (Gate area) 
      Cumulative area ratio:  107.89
      Required ratio:    0.00 (Cumulative area) 
      Partial area ratio:  300.94
      Required ratio:  400.00 (Side area) 
      Cumulative area ratio:  556.14
      Required ratio:    0.00 (Cumulative side area) 

    Layer: via3
      Partial area ratio:    0.10
      Required ratio:    6.00 (Gate area) 
      Cumulative area ratio:    1.32
      Required ratio:    0.00 (Cumulative area) 

    Layer: met4
      Partial area ratio:   34.58
      Required ratio:    0.00 (Gate area) 
      Cumulative area ratio:  142.47
      Required ratio:    0.00 (Cumulative area) 
      Partial area ratio:  185.40
      Required ratio: 2778.20 (Side area) 
      Cumulative area ratio:  741.54
      Required ratio:    0.00 (Cumulative side area) 


  Pin:   _5217_/B (sky130_fd_sc_hd__and2_2)
    Layer: mcon
      Partial area ratio:    0.23
      Required ratio:    3.00 (Gate area) 
      Cumulative area ratio:    0.23
      Required ratio:    0.00 (Cumulative area) 

    Layer: met1
      Partial area ratio:   57.19
      Required ratio:    0.00 (Gate area) 
      Cumulative area ratio:   57.19
      Required ratio:    0.00 (Cumulative area) 
      Partial area ratio:  284.47
      Required ratio:  400.00 (Side area) 
      Cumulative area ratio:  284.47
      Required ratio:    0.00 (Cumulative side area) 

    Layer: via
      Partial area ratio:    0.36
      Required ratio:    6.00 (Gate area) 
      Cumulative area ratio:    0.59
      Required ratio:    0.00 (Cumulative area) 

    Layer: met2
      Partial area ratio:    9.43
      Required ratio:    0.00 (Gate area) 
      Cumulative area ratio:   66.62
      Required ratio:    0.00 (Cumulative area) 
      Partial area ratio:   45.69
      Required ratio:  400.00 (Side area) 
      Cumulative area ratio:  330.17
      Required ratio:    0.00 (Cumulative side area) 

    Layer: via2
      Partial area ratio:    0.32
      Required ratio:    6.00 (Gate area) 
      Cumulative area ratio:    0.90
      Required ratio:    0.00 (Cumulative area) 

    Layer: met3
      Partial area ratio:   56.00
      Required ratio:    0.00 (Gate area) 
      Cumulative area ratio:  122.62
      Required ratio:    0.00 (Cumulative area) 
      Partial area ratio:  300.94
      Required ratio:  400.00 (Side area) 
      Cumulative area ratio:  631.11
      Required ratio:    0.00 (Cumulative side area) 

    Layer: via3
      Partial area ratio:    0.10
      Required ratio:    6.00 (Gate area) 
      Cumulative area ratio:    1.00
      Required ratio:    0.00 (Cumulative area) 

    Layer: met4
      Partial area ratio:   34.58
      Required ratio:    0.00 (Gate area) 
      Cumulative area ratio:  157.20
      Required ratio:    0.00 (Cumulative area) 
      Partial area ratio:  185.40
      Required ratio: 2778.20 (Side area) 
      Cumulative area ratio:  816.51
      Required ratio:    0.00 (Cumulative side area) 


  Pin:   _5227_/A2 (sky130_fd_sc_hd__a21o_2)
    Layer: mcon
      Partial area ratio:    0.12
      Required ratio:    3.00 (Gate area) 
      Cumulative area ratio:    0.12
      Required ratio:    0.00 (Cumulative area) 

    Layer: met1
      Partial area ratio:    6.46
      Required ratio:    0.00 (Gate area) 
      Cumulative area ratio:    6.46
      Required ratio:    0.00 (Cumulative area) 
      Partial area ratio:   31.12
      Required ratio:  400.00 (Side area) 
      Cumulative area ratio:   31.12
      Required ratio:    0.00 (Cumulative side area) 

    Layer: via
      Partial area ratio:    0.27
      Required ratio:    6.00 (Gate area) 
      Cumulative area ratio:    0.39
      Required ratio:    0.00 (Cumulative area) 

    Layer: met2
      Partial area ratio:    1.17
      Required ratio:    0.00 (Gate area) 
      Cumulative area ratio:    7.63
      Required ratio:    0.00 (Cumulative area) 
      Partial area ratio:    5.32
      Required ratio:  400.00 (Side area) 
      Cumulative area ratio:   36.43
      Required ratio:    0.00 (Cumulative side area) 

    Layer: via2
      Partial area ratio:    0.32
      Required ratio:    6.00 (Gate area) 
      Cumulative area ratio:    0.71
      Required ratio:    0.00 (Cumulative area) 

    Layer: met3
      Partial area ratio:   40.30
      Required ratio:    0.00 (Gate area) 
      Cumulative area ratio:   47.94
      Required ratio:    0.00 (Cumulative area) 
      Partial area ratio:  217.20
      Required ratio:  400.00 (Side area) 
      Cumulative area ratio:  253.63
      Required ratio:    0.00 (Cumulative side area) 

    Layer: via3
      Partial area ratio:    0.13
      Required ratio:    6.00 (Gate area) 
      Cumulative area ratio:    0.84
      Required ratio:    0.00 (Cumulative area) 

    Layer: met4
      Partial area ratio:   34.58
      Required ratio:    0.00 (Gate area) 
      Cumulative area ratio:   82.52
      Required ratio:    0.00 (Cumulative area) 
      Partial area ratio:  185.40
      Required ratio: 2778.20 (Side area) 
      Cumulative area ratio:  439.03
      Required ratio:    0.00 (Cumulative side area) 



Net: _3128_
  Pin:   _5661_/D (sky130_fd_sc_hd__and4_2)
    Layer: mcon
      Partial area ratio:    0.23
      Required ratio:    3.00 (Gate area) 
      Cumulative area ratio:    0.23
      Required ratio:    0.00 (Cumulative area) 

    Layer: met1
      Partial area ratio:    7.42
      Required ratio:    0.00 (Gate area) 
      Cumulative area ratio:    7.42
      Required ratio:    0.00 (Cumulative area) 
      Partial area ratio:   35.64
      Required ratio:  400.00 (Side area) 
      Cumulative area ratio:   35.64
      Required ratio:    0.00 (Cumulative side area) 

    Layer: via
      Partial area ratio:    0.36
      Required ratio:    6.00 (Gate area) 
      Cumulative area ratio:    0.59
      Required ratio:    0.00 (Cumulative area) 

    Layer: met2
      Partial area ratio:    1.48
      Required ratio:    0.00 (Gate area) 
      Cumulative area ratio:    8.90
      Required ratio:    0.00 (Cumulative area) 
      Partial area ratio:    6.83
      Required ratio:  400.00 (Side area) 
      Cumulative area ratio:   42.47
      Required ratio:    0.00 (Cumulative side area) 

    Layer: via2
      Partial area ratio:    0.32
      Required ratio:    6.00 (Gate area) 
      Cumulative area ratio:    0.90
      Required ratio:    0.00 (Cumulative area) 

    Layer: met3
      Partial area ratio:  395.27
      Required ratio:    0.00 (Gate area) 
      Cumulative area ratio:  404.17
      Required ratio:    0.00 (Cumulative area) 
      Partial area ratio: 2111.81
      Required ratio:  400.00 (Side area) (VIOLATED)
      Cumulative area ratio: 2154.28
      Required ratio:    0.00 (Cumulative side area) 

    Layer: via3
      Partial area ratio:    0.32
      Required ratio:    6.00 (Gate area) 
      Cumulative area ratio:    1.22
      Required ratio:    0.00 (Cumulative area) 

    Layer: met4
      Partial area ratio:   83.09
      Required ratio:    0.00 (Gate area) 
      Cumulative area ratio:  487.26
      Required ratio:    0.00 (Cumulative area) 
      Partial area ratio:  446.86
      Required ratio: 2817.80 (Side area) 
      Cumulative area ratio: 2601.14
      Required ratio:    0.00 (Cumulative side area) 



Net: net485
  Pin:   _4770_/B1 (sky130_fd_sc_hd__a211o_2)
    Layer: mcon
      Partial area ratio:    0.12
      Required ratio:    3.00 (Gate area) 
      Cumulative area ratio:    0.12
      Required ratio:    0.00 (Cumulative area) 

    Layer: met1
      Partial area ratio:  142.22
      Required ratio:    0.00 (Gate area) 
      Cumulative area ratio:  142.22
      Required ratio:    0.00 (Cumulative area) 
      Partial area ratio:  710.34
      Required ratio:  400.00 (Side area) (VIOLATED)
      Cumulative area ratio:  710.34
      Required ratio:    0.00 (Cumulative side area) 

    Layer: via
      Partial area ratio:    0.18
      Required ratio:    6.00 (Gate area) 
      Cumulative area ratio:    0.30
      Required ratio:    0.00 (Cumulative area) 

    Layer: met2
      Partial area ratio:   15.79
      Required ratio:    0.00 (Gate area) 
      Cumulative area ratio:  158.01
      Required ratio:    0.00 (Cumulative area) 
      Partial area ratio:   78.60
      Required ratio:  400.00 (Side area) 
      Cumulative area ratio:  788.94
      Required ratio:    0.00 (Cumulative side area) 

    Layer: via2
      Partial area ratio:    0.04
      Required ratio:    6.00 (Gate area) 
      Cumulative area ratio:    0.34
      Required ratio:    0.00 (Cumulative area) 

    Layer: met3
      Partial area ratio:    6.63
      Required ratio:    0.00 (Gate area) 
      Cumulative area ratio:  164.64
      Required ratio:    0.00 (Cumulative area) 
      Partial area ratio:   35.84
      Required ratio:  400.00 (Side area) 
      Cumulative area ratio:  824.78
      Required ratio:    0.00 (Cumulative side area) 

    Layer: via3
      Partial area ratio:    0.04
      Required ratio:    6.00 (Gate area) 
      Cumulative area ratio:    0.38
      Required ratio:    0.00 (Cumulative area) 

    Layer: met4
      Partial area ratio:    2.29
      Required ratio:    0.00 (Gate area) 
      Cumulative area ratio:  166.93
      Required ratio:    0.00 (Cumulative area) 
      Partial area ratio:   12.71
      Required ratio: 2778.20 (Side area) 
      Cumulative area ratio:  837.49
      Required ratio:    0.00 (Cumulative side area) 


  Pin:   _5663_/A (sky130_fd_sc_hd__nor4_2)
    Layer: mcon
      Partial area ratio:    0.06
      Required ratio:    3.00 (Gate area) 
      Cumulative area ratio:    0.06
      Required ratio:    0.00 (Cumulative area) 

    Layer: met1
      Partial area ratio:   10.87
      Required ratio:    0.00 (Gate area) 
      Cumulative area ratio:   10.87
      Required ratio:    0.00 (Cumulative area) 
      Partial area ratio:   53.74
      Required ratio:  400.00 (Side area) 
      Cumulative area ratio:   53.74
      Required ratio:    0.00 (Cumulative side area) 

    Layer: via
      Partial area ratio:    0.14
      Required ratio:    6.00 (Gate area) 
      Cumulative area ratio:    0.19
      Required ratio:    0.00 (Cumulative area) 

    Layer: met2
      Partial area ratio:   15.79
      Required ratio:    0.00 (Gate area) 
      Cumulative area ratio:   26.66
      Required ratio:    0.00 (Cumulative area) 
      Partial area ratio:   78.60
      Required ratio:  400.00 (Side area) 
      Cumulative area ratio:  132.35
      Required ratio:    0.00 (Cumulative side area) 

    Layer: via2
      Partial area ratio:    0.04
      Required ratio:    6.00 (Gate area) 
      Cumulative area ratio:    0.24
      Required ratio:    0.00 (Cumulative area) 

    Layer: met3
      Partial area ratio:    6.63
      Required ratio:    0.00 (Gate area) 
      Cumulative area ratio:   33.29
      Required ratio:    0.00 (Cumulative area) 
      Partial area ratio:   35.84
      Required ratio:  400.00 (Side area) 
      Cumulative area ratio:  168.19
      Required ratio:    0.00 (Cumulative side area) 

    Layer: via3
      Partial area ratio:    0.04
      Required ratio:    6.00 (Gate area) 
      Cumulative area ratio:    0.28
      Required ratio:    0.00 (Cumulative area) 

    Layer: met4
      Partial area ratio:    2.29
      Required ratio:    0.00 (Gate area) 
      Cumulative area ratio:   35.58
      Required ratio:    0.00 (Cumulative area) 
      Partial area ratio:   12.71
      Required ratio: 2778.20 (Side area) 
      Cumulative area ratio:  180.90
      Required ratio:    0.00 (Cumulative side area) 


  Pin:   output485/A (sky130_fd_sc_hd__clkdlybuf4s25_1)
    Layer: mcon
      Partial area ratio:    0.14
      Required ratio:    3.00 (Gate area) 
      Cumulative area ratio:    0.14
      Required ratio:    0.00 (Cumulative area) 

    Layer: met1
      Partial area ratio:    8.42
      Required ratio:    0.00 (Gate area) 
      Cumulative area ratio:    8.42
      Required ratio:    0.00 (Cumulative area) 
      Partial area ratio:   40.72
      Required ratio:  400.00 (Side area) 
      Cumulative area ratio:   40.72
      Required ratio:    0.00 (Cumulative side area) 

    Layer: via
      Partial area ratio:    0.32
      Required ratio:    6.00 (Gate area) 
      Cumulative area ratio:    0.45
      Required ratio:    0.00 (Cumulative area) 

    Layer: met2
      Partial area ratio:   15.79
      Required ratio:    0.00 (Gate area) 
      Cumulative area ratio:   24.21
      Required ratio:    0.00 (Cumulative area) 
      Partial area ratio:   78.60
      Required ratio:  400.00 (Side area) 
      Cumulative area ratio:  119.33
      Required ratio:    0.00 (Cumulative side area) 

    Layer: via2
      Partial area ratio:    0.04
      Required ratio:    6.00 (Gate area) 
      Cumulative area ratio:    0.49
      Required ratio:    0.00 (Cumulative area) 

    Layer: met3
      Partial area ratio:    6.63
      Required ratio:    0.00 (Gate area) 
      Cumulative area ratio:   30.84
      Required ratio:    0.00 (Cumulative area) 
      Partial area ratio:   35.84
      Required ratio:  400.00 (Side area) 
      Cumulative area ratio:  155.17
      Required ratio:    0.00 (Cumulative side area) 

    Layer: via3
      Partial area ratio:    0.04
      Required ratio:    6.00 (Gate area) 
      Cumulative area ratio:    0.54
      Required ratio:    0.00 (Cumulative area) 

    Layer: met4
      Partial area ratio:    2.29
      Required ratio:    0.00 (Gate area) 
      Cumulative area ratio:   33.13
      Required ratio:    0.00 (Cumulative area) 
      Partial area ratio:   12.71
      Required ratio: 2778.20 (Side area) 
      Cumulative area ratio:  167.88
      Required ratio:    0.00 (Cumulative side area) 



Net: net609
  Pin:   _6728_/D (sky130_fd_sc_hd__dfxtp_2)
    Layer: mcon
      Partial area ratio:    0.23
      Required ratio:    3.00 (Gate area) 
      Cumulative area ratio:    0.23
      Required ratio:    0.00 (Cumulative area) 

    Layer: met1
      Partial area ratio:    4.49
      Required ratio:    0.00 (Gate area) 
      Cumulative area ratio:    4.49
      Required ratio:    0.00 (Cumulative area) 
      Partial area ratio:   20.97
      Required ratio:  400.00 (Side area) 
      Cumulative area ratio:   20.97
      Required ratio:    0.00 (Cumulative side area) 

    Layer: via
      Partial area ratio:    0.36
      Required ratio:    6.00 (Gate area) 
      Cumulative area ratio:    0.59
      Required ratio:    0.00 (Cumulative area) 

    Layer: met2
      Partial area ratio:    1.48
      Required ratio:    0.00 (Gate area) 
      Cumulative area ratio:    5.97
      Required ratio:    0.00 (Cumulative area) 
      Partial area ratio:    6.83
      Required ratio:  400.00 (Side area) 
      Cumulative area ratio:   27.81
      Required ratio:    0.00 (Cumulative side area) 

    Layer: via2
      Partial area ratio:    0.32
      Required ratio:    6.00 (Gate area) 
      Cumulative area ratio:    0.90
      Required ratio:    0.00 (Cumulative area) 

    Layer: met3
      Partial area ratio:   83.13
      Required ratio:    0.00 (Gate area) 
      Cumulative area ratio:   89.10
      Required ratio:    0.00 (Cumulative area) 
      Partial area ratio:  447.05
      Required ratio:  400.00 (Side area) (VIOLATED)
      Cumulative area ratio:  474.85
      Required ratio:    0.00 (Cumulative side area) 

    Layer: via3
      Partial area ratio:    0.32
      Required ratio:    6.00 (Gate area) 
      Cumulative area ratio:    1.22
      Required ratio:    0.00 (Cumulative area) 

    Layer: met4
      Partial area ratio:   99.51
      Required ratio:    0.00 (Gate area) 
      Cumulative area ratio:  188.61
      Required ratio:    0.00 (Cumulative area) 
      Partial area ratio:  534.48
      Required ratio: 2771.60 (Side area) 
      Cumulative area ratio: 1009.33
      Required ratio:    0.00 (Cumulative side area) 



Net: net468
  Pin:   output468/A (sky130_fd_sc_hd__clkdlybuf4s25_1)
    Layer: mcon
      Partial area ratio:    0.14
      Required ratio:    3.00 (Gate area) 
      Cumulative area ratio:    0.14
      Required ratio:    0.00 (Cumulative area) 

    Layer: met1
      Partial area ratio:    4.43
      Required ratio:    0.00 (Gate area) 
      Cumulative area ratio:    4.43
      Required ratio:    0.00 (Cumulative area) 
      Partial area ratio:   21.26
      Required ratio:  400.00 (Side area) 
      Cumulative area ratio:   21.26
      Required ratio:    0.00 (Cumulative side area) 

    Layer: via
      Partial area ratio:    0.21
      Required ratio:    6.00 (Gate area) 
      Cumulative area ratio:    0.35
      Required ratio:    0.00 (Cumulative area) 

    Layer: met2
      Partial area ratio:   15.73
      Required ratio:    0.00 (Gate area) 
      Cumulative area ratio:   20.15
      Required ratio:    0.00 (Cumulative area) 
      Partial area ratio:   78.19
      Required ratio: 2778.20 (Side area) 
      Cumulative area ratio:   99.45
      Required ratio:    0.00 (Cumulative side area) 

    Layer: via2
      Partial area ratio:    0.06
      Required ratio:   22.04 (Gate area) 
      Cumulative area ratio:    0.40
      Required ratio:    0.00 (Cumulative area) 

    Layer: met3
      Partial area ratio:    3.10
      Required ratio:    0.00 (Gate area) 
      Cumulative area ratio:   23.25
      Required ratio:    0.00 (Cumulative area) 
      Partial area ratio:   17.19
      Required ratio: 2778.20 (Side area) 
      Cumulative area ratio:  116.63
      Required ratio:    0.00 (Cumulative side area) 

    Layer: via3
      Partial area ratio:    0.06
      Required ratio:   22.04 (Gate area) 
      Cumulative area ratio:    0.46
      Required ratio:    0.00 (Cumulative area) 

    Layer: met4
      Partial area ratio:    2.29
      Required ratio:    0.00 (Gate area) 
      Cumulative area ratio:   25.54
      Required ratio:    0.00 (Cumulative area) 
      Partial area ratio:   12.71
      Required ratio: 2778.20 (Side area) 
      Cumulative area ratio:  129.34
      Required ratio:    0.00 (Cumulative side area) 


  Pin:   _5039_/A3 (sky130_fd_sc_hd__o32a_2)
    Layer: mcon
      Partial area ratio:    0.12
      Required ratio:    3.00 (Gate area) 
      Cumulative area ratio:    0.12
      Required ratio:    0.00 (Cumulative area) 

    Layer: met1
      Partial area ratio:    4.18
      Required ratio:    0.00 (Gate area) 
      Cumulative area ratio:    4.18
      Required ratio:    0.00 (Cumulative area) 
      Partial area ratio:   20.15
      Required ratio:  400.00 (Side area) 
      Cumulative area ratio:   20.15
      Required ratio:    0.00 (Cumulative side area) 

    Layer: via
      Partial area ratio:    0.18
      Required ratio:    6.00 (Gate area) 
      Cumulative area ratio:    0.30
      Required ratio:    0.00 (Cumulative area) 

    Layer: met2
      Partial area ratio:    4.80
      Required ratio:    0.00 (Gate area) 
      Cumulative area ratio:    8.98
      Required ratio:    0.00 (Cumulative area) 
      Partial area ratio:   23.26
      Required ratio:  400.00 (Side area) 
      Cumulative area ratio:   43.41
      Required ratio:    0.00 (Cumulative side area) 

    Layer: via2
      Partial area ratio:    0.16
      Required ratio:    6.00 (Gate area) 
      Cumulative area ratio:    0.46
      Required ratio:    0.00 (Cumulative area) 

    Layer: met3
      Partial area ratio:  217.96
      Required ratio:    0.00 (Gate area) 
      Cumulative area ratio:  226.93
      Required ratio:    0.00 (Cumulative area) 
      Partial area ratio: 1164.32
      Required ratio:  400.00 (Side area) (VIOLATED)
      Cumulative area ratio: 1207.73
      Required ratio:    0.00 (Cumulative side area) 

    Layer: via3
      Partial area ratio:    0.16
      Required ratio:    6.00 (Gate area) 
      Cumulative area ratio:    0.62
      Required ratio:    0.00 (Cumulative area) 

    Layer: met4
      Partial area ratio:    2.29
      Required ratio:    0.00 (Gate area) 
      Cumulative area ratio:  229.23
      Required ratio:    0.00 (Cumulative area) 
      Partial area ratio:   12.71
      Required ratio: 2778.20 (Side area) 
      Cumulative area ratio: 1220.44
      Required ratio:    0.00 (Cumulative side area) 


  Pin:   _5658_/B (sky130_fd_sc_hd__nor4_2)
    Layer: mcon
      Partial area ratio:    0.06
      Required ratio:    3.00 (Gate area) 
      Cumulative area ratio:    0.06
      Required ratio:    0.00 (Cumulative area) 

    Layer: met1
      Partial area ratio:    4.37
      Required ratio:    0.00 (Gate area) 
      Cumulative area ratio:    4.37
      Required ratio:    0.00 (Cumulative area) 
      Partial area ratio:   21.25
      Required ratio:  400.00 (Side area) 
      Cumulative area ratio:   21.25
      Required ratio:    0.00 (Cumulative side area) 

    Layer: via
      Partial area ratio:    0.14
      Required ratio:    6.00 (Gate area) 
      Cumulative area ratio:    0.19
      Required ratio:    0.00 (Cumulative area) 

    Layer: met2
      Partial area ratio:   15.73
      Required ratio:    0.00 (Gate area) 
      Cumulative area ratio:   20.10
      Required ratio:    0.00 (Cumulative area) 
      Partial area ratio:   78.19
      Required ratio: 2778.20 (Side area) 
      Cumulative area ratio:   99.44
      Required ratio:    0.00 (Cumulative side area) 

    Layer: via2
      Partial area ratio:    0.06
      Required ratio:   22.04 (Gate area) 
      Cumulative area ratio:    0.25
      Required ratio:    0.00 (Cumulative area) 

    Layer: met3
      Partial area ratio:    3.10
      Required ratio:    0.00 (Gate area) 
      Cumulative area ratio:   23.20
      Required ratio:    0.00 (Cumulative area) 
      Partial area ratio:   17.19
      Required ratio: 2778.20 (Side area) 
      Cumulative area ratio:  116.63
      Required ratio:    0.00 (Cumulative side area) 

    Layer: via3
      Partial area ratio:    0.06
      Required ratio:   22.04 (Gate area) 
      Cumulative area ratio:    0.31
      Required ratio:    0.00 (Cumulative area) 

    Layer: met4
      Partial area ratio:    2.29
      Required ratio:    0.00 (Gate area) 
      Cumulative area ratio:   25.49
      Required ratio:    0.00 (Cumulative area) 
      Partial area ratio:   12.71
      Required ratio: 2778.20 (Side area) 
      Cumulative area ratio:  129.33
      Required ratio:    0.00 (Cumulative side area) 



Net: net473
  Pin:   output473/A (sky130_fd_sc_hd__clkdlybuf4s25_1)
    Layer: mcon
      Partial area ratio:    0.14
      Required ratio:    3.00 (Gate area) 
      Cumulative area ratio:    0.14
      Required ratio:    0.00 (Cumulative area) 

    Layer: met1
      Partial area ratio:    2.13
      Required ratio:    0.00 (Gate area) 
      Cumulative area ratio:    2.13
      Required ratio:    0.00 (Cumulative area) 
      Partial area ratio:    9.77
      Required ratio:  400.00 (Side area) 
      Cumulative area ratio:    9.77
      Required ratio:    0.00 (Cumulative side area) 

    Layer: via
      Partial area ratio:    0.15
      Required ratio:    6.00 (Gate area) 
      Cumulative area ratio:    0.28
      Required ratio:    0.00 (Cumulative area) 

    Layer: met2
      Partial area ratio:    6.94
      Required ratio:    0.00 (Gate area) 
      Cumulative area ratio:    9.07
      Required ratio:    0.00 (Cumulative area) 
      Partial area ratio:   33.85
      Required ratio:  400.00 (Side area) 
      Cumulative area ratio:   43.62
      Required ratio:    0.00 (Cumulative side area) 

    Layer: via2
      Partial area ratio:    0.09
      Required ratio:    6.00 (Gate area) 
      Cumulative area ratio:    0.37
      Required ratio:    0.00 (Cumulative area) 

    Layer: met3
      Partial area ratio:   13.75
      Required ratio:    0.00 (Gate area) 
      Cumulative area ratio:   22.83
      Required ratio:    0.00 (Cumulative area) 
      Partial area ratio:   74.37
      Required ratio:  400.00 (Side area) 
      Cumulative area ratio:  117.99
      Required ratio:    0.00 (Cumulative side area) 

    Layer: via3
      Partial area ratio:    0.09
      Required ratio:    6.00 (Gate area) 
      Cumulative area ratio:    0.46
      Required ratio:    0.00 (Cumulative area) 

    Layer: met4
      Partial area ratio:   20.65
      Required ratio:    0.00 (Gate area) 
      Cumulative area ratio:   43.47
      Required ratio:    0.00 (Cumulative area) 
      Partial area ratio:  110.78
      Required ratio: 2780.80 (Side area) 
      Cumulative area ratio:  228.77
      Required ratio:    0.00 (Cumulative side area) 


  Pin:   _4961_/B (sky130_fd_sc_hd__or3_4)
    Layer: mcon
      Partial area ratio:    0.12
      Required ratio:    3.00 (Gate area) 
      Cumulative area ratio:    0.12
      Required ratio:    0.00 (Cumulative area) 

    Layer: met1
      Partial area ratio:    2.33
      Required ratio:    0.00 (Gate area) 
      Cumulative area ratio:    2.33
      Required ratio:    0.00 (Cumulative area) 
      Partial area ratio:   10.92
      Required ratio:  400.00 (Side area) 
      Cumulative area ratio:   10.92
      Required ratio:    0.00 (Cumulative side area) 

    Layer: via
      Partial area ratio:    0.18
      Required ratio:    6.00 (Gate area) 
      Cumulative area ratio:    0.30
      Required ratio:    0.00 (Cumulative area) 

    Layer: met2
      Partial area ratio:    0.75
      Required ratio:    0.00 (Gate area) 
      Cumulative area ratio:    3.09
      Required ratio:    0.00 (Cumulative area) 
      Partial area ratio:    3.48
      Required ratio:  400.00 (Side area) 
      Cumulative area ratio:   14.40
      Required ratio:    0.00 (Cumulative side area) 

    Layer: via2
      Partial area ratio:    0.16
      Required ratio:    6.00 (Gate area) 
      Cumulative area ratio:    0.46
      Required ratio:    0.00 (Cumulative area) 

    Layer: met3
      Partial area ratio:  243.05
      Required ratio:    0.00 (Gate area) 
      Cumulative area ratio:  246.13
      Required ratio:    0.00 (Cumulative area) 
      Partial area ratio: 1298.13
      Required ratio:  400.00 (Side area) (VIOLATED)
      Cumulative area ratio: 1312.53
      Required ratio:    0.00 (Cumulative side area) 

    Layer: via3
      Partial area ratio:    0.16
      Required ratio:    6.00 (Gate area) 
      Cumulative area ratio:    0.62
      Required ratio:    0.00 (Cumulative area) 

    Layer: met4
      Partial area ratio:   20.65
      Required ratio:    0.00 (Gate area) 
      Cumulative area ratio:  266.78
      Required ratio:    0.00 (Cumulative area) 
      Partial area ratio:  110.78
      Required ratio: 2780.80 (Side area) 
      Cumulative area ratio: 1423.31
      Required ratio:    0.00 (Cumulative side area) 


  Pin:   _5662_/C (sky130_fd_sc_hd__or4b_4)
    Layer: mcon
      Partial area ratio:    0.12
      Required ratio:    3.00 (Gate area) 
      Cumulative area ratio:    0.12
      Required ratio:    0.00 (Cumulative area) 

    Layer: met1
      Partial area ratio:    2.13
      Required ratio:    0.00 (Gate area) 
      Cumulative area ratio:    2.13
      Required ratio:    0.00 (Cumulative area) 
      Partial area ratio:    9.77
      Required ratio:  400.00 (Side area) 
      Cumulative area ratio:    9.77
      Required ratio:    0.00 (Cumulative side area) 

    Layer: via
      Partial area ratio:    0.15
      Required ratio:    6.00 (Gate area) 
      Cumulative area ratio:    0.26
      Required ratio:    0.00 (Cumulative area) 

    Layer: met2
      Partial area ratio:    6.94
      Required ratio:    0.00 (Gate area) 
      Cumulative area ratio:    9.07
      Required ratio:    0.00 (Cumulative area) 
      Partial area ratio:   33.85
      Required ratio:  400.00 (Side area) 
      Cumulative area ratio:   43.62
      Required ratio:    0.00 (Cumulative side area) 

    Layer: via2
      Partial area ratio:    0.09
      Required ratio:    6.00 (Gate area) 
      Cumulative area ratio:    0.35
      Required ratio:    0.00 (Cumulative area) 

    Layer: met3
      Partial area ratio:   13.75
      Required ratio:    0.00 (Gate area) 
      Cumulative area ratio:   22.83
      Required ratio:    0.00 (Cumulative area) 
      Partial area ratio:   74.37
      Required ratio:  400.00 (Side area) 
      Cumulative area ratio:  117.99
      Required ratio:    0.00 (Cumulative side area) 

    Layer: via3
      Partial area ratio:    0.09
      Required ratio:    6.00 (Gate area) 
      Cumulative area ratio:    0.44
      Required ratio:    0.00 (Cumulative area) 

    Layer: met4
      Partial area ratio:   20.65
      Required ratio:    0.00 (Gate area) 
      Cumulative area ratio:   43.47
      Required ratio:    0.00 (Cumulative area) 
      Partial area ratio:  110.78
      Required ratio: 2780.80 (Side area) 
      Cumulative area ratio:  228.77
      Required ratio:    0.00 (Cumulative side area) 



Net: net478
  Pin:   _4899_/B1 (sky130_fd_sc_hd__o22a_2)
    Layer: mcon
      Partial area ratio:    0.12
      Required ratio:    3.00 (Gate area) 
      Cumulative area ratio:    0.12
      Required ratio:    0.00 (Cumulative area) 

    Layer: met1
      Partial area ratio:   99.12
      Required ratio:    0.00 (Gate area) 
      Cumulative area ratio:   99.12
      Required ratio:    0.00 (Cumulative area) 
      Partial area ratio:  494.40
      Required ratio:  400.00 (Side area) (VIOLATED)
      Cumulative area ratio:  494.40
      Required ratio:    0.00 (Cumulative side area) 

    Layer: via
      Partial area ratio:    0.27
      Required ratio:    6.00 (Gate area) 
      Cumulative area ratio:    0.39
      Required ratio:    0.00 (Cumulative area) 

    Layer: met2
      Partial area ratio:    7.36
      Required ratio:    0.00 (Gate area) 
      Cumulative area ratio:  106.47
      Required ratio:    0.00 (Cumulative area) 
      Partial area ratio:   36.19
      Required ratio: 2778.20 (Side area) 
      Cumulative area ratio:  530.59
      Required ratio:    0.00 (Cumulative side area) 

    Layer: via2
      Partial area ratio:    0.05
      Required ratio:   22.04 (Gate area) 
      Cumulative area ratio:    0.44
      Required ratio:    0.00 (Cumulative area) 

    Layer: met3
      Partial area ratio:    8.79
      Required ratio:    0.00 (Gate area) 
      Cumulative area ratio:  115.26
      Required ratio:    0.00 (Cumulative area) 
      Partial area ratio:   47.37
      Required ratio: 2778.20 (Side area) 
      Cumulative area ratio:  577.96
      Required ratio:    0.00 (Cumulative side area) 


  Pin:   _5656_/B (sky130_fd_sc_hd__nor3_2)
    Layer: mcon
      Partial area ratio:    0.06
      Required ratio:    3.00 (Gate area) 
      Cumulative area ratio:    0.06
      Required ratio:    0.00 (Cumulative area) 

    Layer: met1
      Partial area ratio:    5.89
      Required ratio:    0.00 (Gate area) 
      Cumulative area ratio:    5.89
      Required ratio:    0.00 (Cumulative area) 
      Partial area ratio:   28.87
      Required ratio:  400.00 (Side area) 
      Cumulative area ratio:   28.87
      Required ratio:    0.00 (Cumulative side area) 

    Layer: via
      Partial area ratio:    0.14
      Required ratio:    6.00 (Gate area) 
      Cumulative area ratio:    0.19
      Required ratio:    0.00 (Cumulative area) 

    Layer: met2
      Partial area ratio:    7.36
      Required ratio:    0.00 (Gate area) 
      Cumulative area ratio:   13.25
      Required ratio:    0.00 (Cumulative area) 
      Partial area ratio:   36.19
      Required ratio: 2778.20 (Side area) 
      Cumulative area ratio:   65.06
      Required ratio:    0.00 (Cumulative side area) 

    Layer: via2
      Partial area ratio:    0.05
      Required ratio:   22.04 (Gate area) 
      Cumulative area ratio:    0.25
      Required ratio:    0.00 (Cumulative area) 

    Layer: met3
      Partial area ratio:    8.79
      Required ratio:    0.00 (Gate area) 
      Cumulative area ratio:   22.04
      Required ratio:    0.00 (Cumulative area) 
      Partial area ratio:   47.37
      Required ratio: 2778.20 (Side area) 
      Cumulative area ratio:  112.43
      Required ratio:    0.00 (Cumulative side area) 


  Pin:   output478/A (sky130_fd_sc_hd__clkdlybuf4s25_1)
    Layer: mcon
      Partial area ratio:    0.14
      Required ratio:    3.00 (Gate area) 
      Cumulative area ratio:    0.14
      Required ratio:    0.00 (Cumulative area) 

    Layer: met1
      Partial area ratio:    3.21
      Required ratio:    0.00 (Gate area) 
      Cumulative area ratio:    3.21
      Required ratio:    0.00 (Cumulative area) 
      Partial area ratio:   15.16
      Required ratio:  400.00 (Side area) 
      Cumulative area ratio:   15.16
      Required ratio:    0.00 (Cumulative side area) 

    Layer: via
      Partial area ratio:    0.21
      Required ratio:    6.00 (Gate area) 
      Cumulative area ratio:    0.35
      Required ratio:    0.00 (Cumulative area) 

    Layer: met2
      Partial area ratio:   10.11
      Required ratio:    0.00 (Gate area) 
      Cumulative area ratio:   13.32
      Required ratio:    0.00 (Cumulative area) 
      Partial area ratio:   49.71
      Required ratio:  400.00 (Side area) 
      Cumulative area ratio:   64.87
      Required ratio:    0.00 (Cumulative side area) 

    Layer: via2
      Partial area ratio:    0.19
      Required ratio:    6.00 (Gate area) 
      Cumulative area ratio:    0.53
      Required ratio:    0.00 (Cumulative area) 

    Layer: met3
      Partial area ratio:    8.79
      Required ratio:    0.00 (Gate area) 
      Cumulative area ratio:   22.11
      Required ratio:    0.00 (Cumulative area) 
      Partial area ratio:   47.37
      Required ratio: 2778.20 (Side area) 
      Cumulative area ratio:  112.24
      Required ratio:    0.00 (Cumulative side area) 



Net: net482
  Pin:   _4822_/B1 (sky130_fd_sc_hd__o22a_2)
    Layer: mcon
      Partial area ratio:    0.12
      Required ratio:    3.00 (Gate area) 
      Cumulative area ratio:    0.12
      Required ratio:    0.00 (Cumulative area) 

    Layer: met1
      Partial area ratio:  120.65
      Required ratio:    0.00 (Gate area) 
      Cumulative area ratio:  120.65
      Required ratio:    0.00 (Cumulative area) 
      Partial area ratio:  602.50
      Required ratio:  400.00 (Side area) (VIOLATED)
      Cumulative area ratio:  602.50
      Required ratio:    0.00 (Cumulative side area) 

    Layer: via
      Partial area ratio:    0.18
      Required ratio:    6.00 (Gate area) 
      Cumulative area ratio:    0.30
      Required ratio:    0.00 (Cumulative area) 

    Layer: met2
      Partial area ratio:   13.91
      Required ratio:    0.00 (Gate area) 
      Cumulative area ratio:  134.56
      Required ratio:    0.00 (Cumulative area) 
      Partial area ratio:   69.04
      Required ratio: 2780.80 (Side area) 
      Cumulative area ratio:  671.54
      Required ratio:    0.00 (Cumulative side area) 


  Pin:   _5663_/B (sky130_fd_sc_hd__nor4_2)
    Layer: mcon
      Partial area ratio:    0.06
      Required ratio:    3.00 (Gate area) 
      Cumulative area ratio:    0.06
      Required ratio:    0.00 (Cumulative area) 

    Layer: met1
      Partial area ratio:   14.77
      Required ratio:    0.00 (Gate area) 
      Cumulative area ratio:   14.77
      Required ratio:    0.00 (Cumulative area) 
      Partial area ratio:   73.26
      Required ratio:  400.00 (Side area) 
      Cumulative area ratio:   73.26
      Required ratio:    0.00 (Cumulative side area) 

    Layer: via
      Partial area ratio:    0.14
      Required ratio:    6.00 (Gate area) 
      Cumulative area ratio:    0.19
      Required ratio:    0.00 (Cumulative area) 

    Layer: met2
      Partial area ratio:   13.91
      Required ratio:    0.00 (Gate area) 
      Cumulative area ratio:   28.68
      Required ratio:    0.00 (Cumulative area) 
      Partial area ratio:   69.04
      Required ratio: 2780.80 (Side area) 
      Cumulative area ratio:  142.30
      Required ratio:    0.00 (Cumulative side area) 


  Pin:   output482/A (sky130_fd_sc_hd__clkdlybuf4s25_1)
    Layer: mcon
      Partial area ratio:    0.14
      Required ratio:    3.00 (Gate area) 
      Cumulative area ratio:    0.14
      Required ratio:    0.00 (Cumulative area) 

    Layer: met1
      Partial area ratio:    4.69
      Required ratio:    0.00 (Gate area) 
      Cumulative area ratio:    4.69
      Required ratio:    0.00 (Cumulative area) 
      Partial area ratio:   22.59
      Required ratio:  400.00 (Side area) 
      Cumulative area ratio:   22.59
      Required ratio:    0.00 (Cumulative side area) 

    Layer: via
      Partial area ratio:    0.21
      Required ratio:    6.00 (Gate area) 
      Cumulative area ratio:    0.35
      Required ratio:    0.00 (Cumulative area) 

    Layer: met2
      Partial area ratio:   13.91
      Required ratio:    0.00 (Gate area) 
      Cumulative area ratio:   18.60
      Required ratio:    0.00 (Cumulative area) 
      Partial area ratio:   69.04
      Required ratio: 2780.80 (Side area) 
      Cumulative area ratio:   91.63
      Required ratio:    0.00 (Cumulative side area) 



Net: net483
  Pin:   _4799_/B (sky130_fd_sc_hd__or2_2)
    Layer: mcon
      Partial area ratio:    0.23
      Required ratio:    3.00 (Gate area) 
      Cumulative area ratio:    0.23
      Required ratio:    0.00 (Cumulative area) 

    Layer: met1
      Partial area ratio:    3.08
      Required ratio:    0.00 (Gate area) 
      Cumulative area ratio:    3.08
      Required ratio:    0.00 (Cumulative area) 
      Partial area ratio:   13.91
      Required ratio:  400.00 (Side area) 
      Cumulative area ratio:   13.91
      Required ratio:    0.00 (Cumulative side area) 

    Layer: via
      Partial area ratio:    0.36
      Required ratio:    6.00 (Gate area) 
      Cumulative area ratio:    0.59
      Required ratio:    0.00 (Cumulative area) 

    Layer: met2
      Partial area ratio:    1.48
      Required ratio:    0.00 (Gate area) 
      Cumulative area ratio:    4.56
      Required ratio:    0.00 (Cumulative area) 
      Partial area ratio:    6.83
      Required ratio:  400.00 (Side area) 
      Cumulative area ratio:   20.74
      Required ratio:    0.00 (Cumulative side area) 

    Layer: via2
      Partial area ratio:    0.32
      Required ratio:    6.00 (Gate area) 
      Cumulative area ratio:    0.90
      Required ratio:    0.00 (Cumulative area) 

    Layer: met3
      Partial area ratio:   33.84
      Required ratio:    0.00 (Gate area) 
      Cumulative area ratio:   38.40
      Required ratio:    0.00 (Cumulative area) 
      Partial area ratio:  184.19
      Required ratio:  400.00 (Side area) 
      Cumulative area ratio:  204.93
      Required ratio:    0.00 (Cumulative side area) 

    Layer: via3
      Partial area ratio:    0.32
      Required ratio:    6.00 (Gate area) 
      Cumulative area ratio:    1.22
      Required ratio:    0.00 (Cumulative area) 

    Layer: met4
      Partial area ratio:   22.62
      Required ratio:    0.00 (Gate area) 
      Cumulative area ratio:   61.02
      Required ratio:    0.00 (Cumulative area) 
      Partial area ratio:  121.78
      Required ratio: 2780.80 (Side area) 
      Cumulative area ratio:  326.71
      Required ratio:    0.00 (Cumulative side area) 


  Pin:   _5656_/A (sky130_fd_sc_hd__nor3_2)
    Layer: mcon
      Partial area ratio:    0.06
      Required ratio:    3.00 (Gate area) 
      Cumulative area ratio:    0.06
      Required ratio:    0.00 (Cumulative area) 

    Layer: met1
      Partial area ratio:    1.76
      Required ratio:    0.00 (Gate area) 
      Cumulative area ratio:    1.76
      Required ratio:    0.00 (Cumulative area) 
      Partial area ratio:    8.41
      Required ratio:  400.00 (Side area) 
      Cumulative area ratio:    8.41
      Required ratio:    0.00 (Cumulative side area) 

    Layer: via
      Partial area ratio:    0.09
      Required ratio:    6.00 (Gate area) 
      Cumulative area ratio:    0.15
      Required ratio:    0.00 (Cumulative area) 

    Layer: met2
      Partial area ratio:    4.39
      Required ratio:    0.00 (Gate area) 
      Cumulative area ratio:    6.14
      Required ratio:    0.00 (Cumulative area) 
      Partial area ratio:   21.45
      Required ratio:  400.00 (Side area) 
      Cumulative area ratio:   29.86
      Required ratio:    0.00 (Cumulative side area) 

    Layer: via2
      Partial area ratio:    0.16
      Required ratio:    6.00 (Gate area) 
      Cumulative area ratio:    0.31
      Required ratio:    0.00 (Cumulative area) 

    Layer: met3
      Partial area ratio:  109.23
      Required ratio:    0.00 (Gate area) 
      Cumulative area ratio:  115.37
      Required ratio:    0.00 (Cumulative area) 
      Partial area ratio:  584.44
      Required ratio:  400.00 (Side area) (VIOLATED)
      Cumulative area ratio:  614.30
      Required ratio:    0.00 (Cumulative side area) 

    Layer: via3
      Partial area ratio:    0.16
      Required ratio:    6.00 (Gate area) 
      Cumulative area ratio:    0.47
      Required ratio:    0.00 (Cumulative area) 

    Layer: met4
      Partial area ratio:   22.62
      Required ratio:    0.00 (Gate area) 
      Cumulative area ratio:  137.99
      Required ratio:    0.00 (Cumulative area) 
      Partial area ratio:  121.78
      Required ratio: 2780.80 (Side area) 
      Cumulative area ratio:  736.08
      Required ratio:    0.00 (Cumulative side area) 


  Pin:   output483/A (sky130_fd_sc_hd__clkdlybuf4s25_1)
    Layer: mcon
      Partial area ratio:    0.14
      Required ratio:    3.00 (Gate area) 
      Cumulative area ratio:    0.14
      Required ratio:    0.00 (Cumulative area) 

    Layer: met1
      Partial area ratio:   10.27
      Required ratio:    0.00 (Gate area) 
      Cumulative area ratio:   10.27
      Required ratio:    0.00 (Cumulative area) 
      Partial area ratio:   50.47
      Required ratio:  400.00 (Side area) 
      Cumulative area ratio:   50.47
      Required ratio:    0.00 (Cumulative side area) 

    Layer: via
      Partial area ratio:    0.21
      Required ratio:    6.00 (Gate area) 
      Cumulative area ratio:    0.35
      Required ratio:    0.00 (Cumulative area) 

    Layer: met2
      Partial area ratio:   10.50
      Required ratio:    0.00 (Gate area) 
      Cumulative area ratio:   20.77
      Required ratio:    0.00 (Cumulative area) 
      Partial area ratio:   51.61
      Required ratio: 2780.80 (Side area) 
      Cumulative area ratio:  102.08
      Required ratio:    0.00 (Cumulative side area) 

    Layer: via2
      Partial area ratio:    0.19
      Required ratio:   22.27 (Gate area) 
      Cumulative area ratio:    0.53
      Required ratio:    0.00 (Cumulative area) 

    Layer: met3
      Partial area ratio:   20.02
      Required ratio:    0.00 (Gate area) 
      Cumulative area ratio:   40.79
      Required ratio:    0.00 (Cumulative area) 
      Partial area ratio:  108.96
      Required ratio: 2780.80 (Side area) 
      Cumulative area ratio:  211.04
      Required ratio:    0.00 (Cumulative side area) 

    Layer: via3
      Partial area ratio:    0.19
      Required ratio:   22.27 (Gate area) 
      Cumulative area ratio:    0.72
      Required ratio:    0.00 (Cumulative area) 

    Layer: met4
      Partial area ratio:   22.62
      Required ratio:    0.00 (Gate area) 
      Cumulative area ratio:   63.41
      Required ratio:    0.00 (Cumulative area) 
      Partial area ratio:  121.78
      Required ratio: 2780.80 (Side area) 
      Cumulative area ratio:  332.83
      Required ratio:    0.00 (Cumulative side area) 



Net: net497
  Pin:   _3319_/A_N (sky130_fd_sc_hd__and4b_4)
    Layer: mcon
      Partial area ratio:    0.23
      Required ratio:    3.00 (Gate area) 
      Cumulative area ratio:    0.23
      Required ratio:    0.00 (Cumulative area) 

    Layer: met1
      Partial area ratio:    8.65
      Required ratio:    0.00 (Gate area) 
      Cumulative area ratio:    8.65
      Required ratio:    0.00 (Cumulative area) 
      Partial area ratio:   42.39
      Required ratio: 2778.20 (Side area) 
      Cumulative area ratio:   42.39
      Required ratio:    0.00 (Cumulative side area) 

    Layer: via
      Partial area ratio:    0.14
      Required ratio:   22.04 (Gate area) 
      Cumulative area ratio:    0.37
      Required ratio:    0.00 (Cumulative area) 

    Layer: met2
      Partial area ratio:    1.92
      Required ratio:    0.00 (Gate area) 
      Cumulative area ratio:   10.58
      Required ratio:    0.00 (Cumulative area) 
      Partial area ratio:    9.34
      Required ratio: 2778.20 (Side area) 
      Cumulative area ratio:   51.73
      Required ratio:    0.00 (Cumulative side area) 

    Layer: via2
      Partial area ratio:    0.05
      Required ratio:   22.04 (Gate area) 
      Cumulative area ratio:    0.43
      Required ratio:    0.00 (Cumulative area) 

    Layer: met3
      Partial area ratio:    5.71
      Required ratio:    0.00 (Gate area) 
      Cumulative area ratio:   16.28
      Required ratio:    0.00 (Cumulative area) 
      Partial area ratio:   31.07
      Required ratio: 2778.20 (Side area) 
      Cumulative area ratio:   82.80
      Required ratio:    0.00 (Cumulative side area) 

    Layer: via3
      Partial area ratio:    0.05
      Required ratio:   22.04 (Gate area) 
      Cumulative area ratio:    0.48
      Required ratio:    0.00 (Cumulative area) 

    Layer: met4
      Partial area ratio:   15.22
      Required ratio:    0.00 (Gate area) 
      Cumulative area ratio:   31.50
      Required ratio:    0.00 (Cumulative area) 
      Partial area ratio:   81.65
      Required ratio: 2778.20 (Side area) 
      Cumulative area ratio:  164.45
      Required ratio:    0.00 (Cumulative side area) 


  Pin:   _3378_/A (sky130_fd_sc_hd__nor2_2)
    Layer: mcon
      Partial area ratio:    0.06
      Required ratio:    3.00 (Gate area) 
      Cumulative area ratio:    0.06
      Required ratio:    0.00 (Cumulative area) 

    Layer: met1
      Partial area ratio:    8.65
      Required ratio:    0.00 (Gate area) 
      Cumulative area ratio:    8.65
      Required ratio:    0.00 (Cumulative area) 
      Partial area ratio:   42.39
      Required ratio: 2778.20 (Side area) 
      Cumulative area ratio:   42.39
      Required ratio:    0.00 (Cumulative side area) 

    Layer: via
      Partial area ratio:    0.14
      Required ratio:   22.04 (Gate area) 
      Cumulative area ratio:    0.20
      Required ratio:    0.00 (Cumulative area) 

    Layer: met2
      Partial area ratio:    1.92
      Required ratio:    0.00 (Gate area) 
      Cumulative area ratio:   10.58
      Required ratio:    0.00 (Cumulative area) 
      Partial area ratio:    9.34
      Required ratio: 2778.20 (Side area) 
      Cumulative area ratio:   51.73
      Required ratio:    0.00 (Cumulative side area) 

    Layer: via2
      Partial area ratio:    0.05
      Required ratio:   22.04 (Gate area) 
      Cumulative area ratio:    0.26
      Required ratio:    0.00 (Cumulative area) 

    Layer: met3
      Partial area ratio:    5.71
      Required ratio:    0.00 (Gate area) 
      Cumulative area ratio:   16.28
      Required ratio:    0.00 (Cumulative area) 
      Partial area ratio:   31.07
      Required ratio: 2778.20 (Side area) 
      Cumulative area ratio:   82.80
      Required ratio:    0.00 (Cumulative side area) 

    Layer: via3
      Partial area ratio:    0.05
      Required ratio:   22.04 (Gate area) 
      Cumulative area ratio:    0.31
      Required ratio:    0.00 (Cumulative area) 

    Layer: met4
      Partial area ratio:   15.22
      Required ratio:    0.00 (Gate area) 
      Cumulative area ratio:   31.50
      Required ratio:    0.00 (Cumulative area) 
      Partial area ratio:   81.65
      Required ratio: 2778.20 (Side area) 
      Cumulative area ratio:  164.45
      Required ratio:    0.00 (Cumulative side area) 


  Pin:   _5362_/A_N (sky130_fd_sc_hd__and3b_2)
    Layer: mcon
      Partial area ratio:    0.23
      Required ratio:    3.00 (Gate area) 
      Cumulative area ratio:    0.23
      Required ratio:    0.00 (Cumulative area) 

    Layer: met1
      Partial area ratio:    6.20
      Required ratio:    0.00 (Gate area) 
      Cumulative area ratio:    6.20
      Required ratio:    0.00 (Cumulative area) 
      Partial area ratio:   29.54
      Required ratio:  400.00 (Side area) 
      Cumulative area ratio:   29.54
      Required ratio:    0.00 (Cumulative side area) 

    Layer: via
      Partial area ratio:    0.36
      Required ratio:    6.00 (Gate area) 
      Cumulative area ratio:    0.59
      Required ratio:    0.00 (Cumulative area) 

    Layer: met2
      Partial area ratio:    1.92
      Required ratio:    0.00 (Gate area) 
      Cumulative area ratio:    8.13
      Required ratio:    0.00 (Cumulative area) 
      Partial area ratio:    9.34
      Required ratio: 2778.20 (Side area) 
      Cumulative area ratio:   38.88
      Required ratio:    0.00 (Cumulative side area) 

    Layer: via2
      Partial area ratio:    0.05
      Required ratio:   22.04 (Gate area) 
      Cumulative area ratio:    0.64
      Required ratio:    0.00 (Cumulative area) 

    Layer: met3
      Partial area ratio:    5.71
      Required ratio:    0.00 (Gate area) 
      Cumulative area ratio:   13.84
      Required ratio:    0.00 (Cumulative area) 
      Partial area ratio:   31.07
      Required ratio: 2778.20 (Side area) 
      Cumulative area ratio:   69.95
      Required ratio:    0.00 (Cumulative side area) 

    Layer: via3
      Partial area ratio:    0.05
      Required ratio:   22.04 (Gate area) 
      Cumulative area ratio:    0.69
      Required ratio:    0.00 (Cumulative area) 

    Layer: met4
      Partial area ratio:   15.22
      Required ratio:    0.00 (Gate area) 
      Cumulative area ratio:   29.05
      Required ratio:    0.00 (Cumulative area) 
      Partial area ratio:   81.65
      Required ratio: 2778.20 (Side area) 
      Cumulative area ratio:  151.60
      Required ratio:    0.00 (Cumulative side area) 


  Pin:   output497/A (sky130_fd_sc_hd__clkdlybuf4s25_1)
    Layer: mcon
      Partial area ratio:    0.14
      Required ratio:    3.00 (Gate area) 
      Cumulative area ratio:    0.14
      Required ratio:    0.00 (Cumulative area) 

    Layer: met1
      Partial area ratio:    3.50
      Required ratio:    0.00 (Gate area) 
      Cumulative area ratio:    3.50
      Required ratio:    0.00 (Cumulative area) 
      Partial area ratio:   16.64
      Required ratio:  400.00 (Side area) 
      Cumulative area ratio:   16.64
      Required ratio:    0.00 (Cumulative side area) 

    Layer: via
      Partial area ratio:    0.21
      Required ratio:    6.00 (Gate area) 
      Cumulative area ratio:    0.35
      Required ratio:    0.00 (Cumulative area) 

    Layer: met2
      Partial area ratio:    0.88
      Required ratio:    0.00 (Gate area) 
      Cumulative area ratio:    4.38
      Required ratio:    0.00 (Cumulative area) 
      Partial area ratio:    4.04
      Required ratio:  400.00 (Side area) 
      Cumulative area ratio:   20.68
      Required ratio:    0.00 (Cumulative side area) 

    Layer: via2
      Partial area ratio:    0.19
      Required ratio:    6.00 (Gate area) 
      Cumulative area ratio:    0.53
      Required ratio:    0.00 (Cumulative area) 

    Layer: met3
      Partial area ratio:  282.41
      Required ratio:    0.00 (Gate area) 
      Cumulative area ratio:  286.79
      Required ratio:    0.00 (Cumulative area) 
      Partial area ratio: 1508.39
      Required ratio:  400.00 (Side area) (VIOLATED)
      Cumulative area ratio: 1529.08
      Required ratio:    0.00 (Cumulative side area) 

    Layer: via3
      Partial area ratio:    0.19
      Required ratio:    6.00 (Gate area) 
      Cumulative area ratio:    0.72
      Required ratio:    0.00 (Cumulative area) 

    Layer: met4
      Partial area ratio:   15.22
      Required ratio:    0.00 (Gate area) 
      Cumulative area ratio:  302.01
      Required ratio:    0.00 (Cumulative area) 
      Partial area ratio:   81.65
      Required ratio: 2778.20 (Side area) 
      Cumulative area ratio: 1610.73
      Required ratio:    0.00 (Cumulative side area) 



Net: net498
  Pin:   output498/A (sky130_fd_sc_hd__clkdlybuf4s25_1)
    Layer: mcon
      Partial area ratio:    0.14
      Required ratio:    3.00 (Gate area) 
      Cumulative area ratio:    0.14
      Required ratio:    0.00 (Cumulative area) 

    Layer: met1
      Partial area ratio:    2.81
      Required ratio:    0.00 (Gate area) 
      Cumulative area ratio:    2.81
      Required ratio:    0.00 (Cumulative area) 
      Partial area ratio:   13.16
      Required ratio:  400.00 (Side area) 
      Cumulative area ratio:   13.16
      Required ratio:    0.00 (Cumulative side area) 

    Layer: via
      Partial area ratio:    0.21
      Required ratio:    6.00 (Gate area) 
      Cumulative area ratio:    0.35
      Required ratio:    0.00 (Cumulative area) 

    Layer: met2
      Partial area ratio:    0.88
      Required ratio:    0.00 (Gate area) 
      Cumulative area ratio:    3.68
      Required ratio:    0.00 (Cumulative area) 
      Partial area ratio:    4.04
      Required ratio:  400.00 (Side area) 
      Cumulative area ratio:   17.20
      Required ratio:    0.00 (Cumulative side area) 

    Layer: via2
      Partial area ratio:    0.19
      Required ratio:    6.00 (Gate area) 
      Cumulative area ratio:    0.53
      Required ratio:    0.00 (Cumulative area) 

    Layer: met3
      Partial area ratio:  146.36
      Required ratio:    0.00 (Gate area) 
      Cumulative area ratio:  150.04
      Required ratio:    0.00 (Cumulative area) 
      Partial area ratio:  782.76
      Required ratio:  400.00 (Side area) (VIOLATED)
      Cumulative area ratio:  799.96
      Required ratio:    0.00 (Cumulative side area) 

    Layer: via3
      Partial area ratio:    0.19
      Required ratio:    6.00 (Gate area) 
      Cumulative area ratio:    0.72
      Required ratio:    0.00 (Cumulative area) 

    Layer: met4
      Partial area ratio:   69.14
      Required ratio:    0.00 (Gate area) 
      Cumulative area ratio:  219.18
      Required ratio:    0.00 (Cumulative area) 
      Partial area ratio:  373.18
      Required ratio: 2886.20 (Side area) 
      Cumulative area ratio: 1173.14
      Required ratio:    0.00 (Cumulative side area) 



Net: net500
  Pin:   _3521_/A (sky130_fd_sc_hd__nand2_2)
    Layer: mcon
      Partial area ratio:    0.06
      Required ratio:    3.00 (Gate area) 
      Cumulative area ratio:    0.06
      Required ratio:    0.00 (Cumulative area) 

    Layer: met1
      Partial area ratio:    4.70
      Required ratio:    0.00 (Gate area) 
      Cumulative area ratio:    4.70
      Required ratio:    0.00 (Cumulative area) 
      Partial area ratio:   23.11
      Required ratio:  400.00 (Side area) 
      Cumulative area ratio:   23.11
      Required ratio:    0.00 (Cumulative side area) 

    Layer: via
      Partial area ratio:    0.09
      Required ratio:    6.00 (Gate area) 
      Cumulative area ratio:    0.15
      Required ratio:    0.00 (Cumulative area) 

    Layer: met2
      Partial area ratio:    0.38
      Required ratio:    0.00 (Gate area) 
      Cumulative area ratio:    5.08
      Required ratio:    0.00 (Cumulative area) 
      Partial area ratio:    1.74
      Required ratio:  400.00 (Side area) 
      Cumulative area ratio:   24.85
      Required ratio:    0.00 (Cumulative side area) 

    Layer: via2
      Partial area ratio:    0.08
      Required ratio:    6.00 (Gate area) 
      Cumulative area ratio:    0.23
      Required ratio:    0.00 (Cumulative area) 

    Layer: met3
      Partial area ratio:    0.25
      Required ratio:    0.00 (Gate area) 
      Cumulative area ratio:    5.33
      Required ratio:    0.00 (Cumulative area) 
      Partial area ratio:    2.29
      Required ratio:  400.00 (Side area) 
      Cumulative area ratio:   27.15
      Required ratio:    0.00 (Cumulative side area) 

    Layer: via3
      Partial area ratio:    0.08
      Required ratio:    6.00 (Gate area) 
      Cumulative area ratio:    0.31
      Required ratio:    0.00 (Cumulative area) 

    Layer: met4
      Partial area ratio:   47.32
      Required ratio:    0.00 (Gate area) 
      Cumulative area ratio:   52.65
      Required ratio:    0.00 (Cumulative area) 
      Partial area ratio:  252.95
      Required ratio: 2784.80 (Side area) 
      Cumulative area ratio:  280.10
      Required ratio:    0.00 (Cumulative side area) 


  Pin:   _3525_/A (sky130_fd_sc_hd__and2_2)
    Layer: mcon
      Partial area ratio:    0.23
      Required ratio:    3.00 (Gate area) 
      Cumulative area ratio:    0.23
      Required ratio:    0.00 (Cumulative area) 

    Layer: met1
      Partial area ratio:   19.27
      Required ratio:    0.00 (Gate area) 
      Cumulative area ratio:   19.27
      Required ratio:    0.00 (Cumulative area) 
      Partial area ratio:   94.86
      Required ratio:  400.00 (Side area) 
      Cumulative area ratio:   94.86
      Required ratio:    0.00 (Cumulative side area) 

    Layer: via
      Partial area ratio:    0.36
      Required ratio:    6.00 (Gate area) 
      Cumulative area ratio:    0.59
      Required ratio:    0.00 (Cumulative area) 

    Layer: met2
      Partial area ratio:    1.48
      Required ratio:    0.00 (Gate area) 
      Cumulative area ratio:   20.75
      Required ratio:    0.00 (Cumulative area) 
      Partial area ratio:    6.83
      Required ratio:  400.00 (Side area) 
      Cumulative area ratio:  101.69
      Required ratio:    0.00 (Cumulative side area) 

    Layer: via2
      Partial area ratio:    0.32
      Required ratio:    6.00 (Gate area) 
      Cumulative area ratio:    0.90
      Required ratio:    0.00 (Cumulative area) 

    Layer: met3
      Partial area ratio:    0.99
      Required ratio:    0.00 (Gate area) 
      Cumulative area ratio:   21.74
      Required ratio:    0.00 (Cumulative area) 
      Partial area ratio:    9.02
      Required ratio:  400.00 (Side area) 
      Cumulative area ratio:  110.71
      Required ratio:    0.00 (Cumulative side area) 

    Layer: via3
      Partial area ratio:    0.32
      Required ratio:    6.00 (Gate area) 
      Cumulative area ratio:    1.22
      Required ratio:    0.00 (Cumulative area) 

    Layer: met4
      Partial area ratio:   47.32
      Required ratio:    0.00 (Gate area) 
      Cumulative area ratio:   69.06
      Required ratio:    0.00 (Cumulative area) 
      Partial area ratio:  252.95
      Required ratio: 2784.80 (Side area) 
      Cumulative area ratio:  363.66
      Required ratio:    0.00 (Cumulative side area) 


  Pin:   output500/A (sky130_fd_sc_hd__clkdlybuf4s25_1)
    Layer: mcon
      Partial area ratio:    0.14
      Required ratio:    3.00 (Gate area) 
      Cumulative area ratio:    0.14
      Required ratio:    0.00 (Cumulative area) 

    Layer: met1
      Partial area ratio:    3.68
      Required ratio:    0.00 (Gate area) 
      Cumulative area ratio:    3.68
      Required ratio:    0.00 (Cumulative area) 
      Partial area ratio:   17.54
      Required ratio:  400.00 (Side area) 
      Cumulative area ratio:   17.54
      Required ratio:    0.00 (Cumulative side area) 

    Layer: via
      Partial area ratio:    0.21
      Required ratio:    6.00 (Gate area) 
      Cumulative area ratio:    0.35
      Required ratio:    0.00 (Cumulative area) 

    Layer: met2
      Partial area ratio:    0.88
      Required ratio:    0.00 (Gate area) 
      Cumulative area ratio:    4.56
      Required ratio:    0.00 (Cumulative area) 
      Partial area ratio:    4.04
      Required ratio:  400.00 (Side area) 
      Cumulative area ratio:   21.58
      Required ratio:    0.00 (Cumulative side area) 

    Layer: via2
      Partial area ratio:    0.19
      Required ratio:    6.00 (Gate area) 
      Cumulative area ratio:    0.53
      Required ratio:    0.00 (Cumulative area) 

    Layer: met3
      Partial area ratio:  360.16
      Required ratio:    0.00 (Gate area) 
      Cumulative area ratio:  364.72
      Required ratio:    0.00 (Cumulative area) 
      Partial area ratio: 1923.04
      Required ratio:  400.00 (Side area) (VIOLATED)
      Cumulative area ratio: 1944.63
      Required ratio:    0.00 (Cumulative side area) 

    Layer: via3
      Partial area ratio:    0.19
      Required ratio:    6.00 (Gate area) 
      Cumulative area ratio:    0.72
      Required ratio:    0.00 (Cumulative area) 

    Layer: met4
      Partial area ratio:   47.32
      Required ratio:    0.00 (Gate area) 
      Cumulative area ratio:  412.04
      Required ratio:    0.00 (Cumulative area) 
      Partial area ratio:  252.95
      Required ratio: 2784.80 (Side area) 
      Cumulative area ratio: 2197.58
      Required ratio:    0.00 (Cumulative side area) 



Net: net514
  Pin:   place392/A (sky130_fd_sc_hd__buf_2)
    Layer: mcon
      Partial area ratio:    0.18
      Required ratio:    3.00 (Gate area) 
      Cumulative area ratio:    0.18
      Required ratio:    0.00 (Cumulative area) 

    Layer: met1
      Partial area ratio:    5.70
      Required ratio:    0.00 (Gate area) 
      Cumulative area ratio:    5.70
      Required ratio:    0.00 (Cumulative area) 
      Partial area ratio:   27.31
      Required ratio:  400.00 (Side area) 
      Cumulative area ratio:   27.31
      Required ratio:    0.00 (Cumulative side area) 

    Layer: via
      Partial area ratio:    0.28
      Required ratio:    6.00 (Gate area) 
      Cumulative area ratio:    0.46
      Required ratio:    0.00 (Cumulative area) 

    Layer: met2
      Partial area ratio:    1.17
      Required ratio:    0.00 (Gate area) 
      Cumulative area ratio:    6.87
      Required ratio:    0.00 (Cumulative area) 
      Partial area ratio:    5.42
      Required ratio:  400.00 (Side area) 
      Cumulative area ratio:   32.72
      Required ratio:    0.00 (Cumulative side area) 

    Layer: via2
      Partial area ratio:    0.25
      Required ratio:    6.00 (Gate area) 
      Cumulative area ratio:    0.72
      Required ratio:    0.00 (Cumulative area) 

    Layer: met3
      Partial area ratio:  104.93
      Required ratio:    0.00 (Gate area) 
      Cumulative area ratio:  111.80
      Required ratio:    0.00 (Cumulative area) 
      Partial area ratio:  562.57
      Required ratio:  400.00 (Side area) (VIOLATED)
      Cumulative area ratio:  595.29
      Required ratio:    0.00 (Cumulative side area) 

    Layer: via3
      Partial area ratio:    0.25
      Required ratio:    6.00 (Gate area) 
      Cumulative area ratio:    0.97
      Required ratio:    0.00 (Cumulative area) 

    Layer: met4
      Partial area ratio:  112.73
      Required ratio:    0.00 (Gate area) 
      Cumulative area ratio:  224.53
      Required ratio:    0.00 (Cumulative area) 
      Partial area ratio:  603.08
      Required ratio: 2778.20 (Side area) 
      Cumulative area ratio: 1198.37
      Required ratio:    0.00 (Cumulative side area) 


  Pin:   _4671_/B (sky130_fd_sc_hd__and2_2)
    Layer: mcon
      Partial area ratio:    0.23
      Required ratio:    3.00 (Gate area) 
      Cumulative area ratio:    0.23
      Required ratio:    0.00 (Cumulative area) 

    Layer: met1
      Partial area ratio:    3.94
      Required ratio:    0.00 (Gate area) 
      Cumulative area ratio:    3.94
      Required ratio:    0.00 (Cumulative area) 
      Partial area ratio:   18.25
      Required ratio:  400.00 (Side area) 
      Cumulative area ratio:   18.25
      Required ratio:    0.00 (Cumulative side area) 

    Layer: via
      Partial area ratio:    0.36
      Required ratio:    6.00 (Gate area) 
      Cumulative area ratio:    0.59
      Required ratio:    0.00 (Cumulative area) 

    Layer: met2
      Partial area ratio:    1.48
      Required ratio:    0.00 (Gate area) 
      Cumulative area ratio:    5.43
      Required ratio:    0.00 (Cumulative area) 
      Partial area ratio:    6.83
      Required ratio:  400.00 (Side area) 
      Cumulative area ratio:   25.08
      Required ratio:    0.00 (Cumulative side area) 

    Layer: via2
      Partial area ratio:    0.32
      Required ratio:    6.00 (Gate area) 
      Cumulative area ratio:    0.90
      Required ratio:    0.00 (Cumulative area) 

    Layer: met3
      Partial area ratio:    0.99
      Required ratio:    0.00 (Gate area) 
      Cumulative area ratio:    6.42
      Required ratio:    0.00 (Cumulative area) 
      Partial area ratio:    9.02
      Required ratio:  400.00 (Side area) 
      Cumulative area ratio:   34.10
      Required ratio:    0.00 (Cumulative side area) 

    Layer: via3
      Partial area ratio:    0.32
      Required ratio:    6.00 (Gate area) 
      Cumulative area ratio:    1.22
      Required ratio:    0.00 (Cumulative area) 

    Layer: met4
      Partial area ratio:  112.73
      Required ratio:    0.00 (Gate area) 
      Cumulative area ratio:  119.14
      Required ratio:    0.00 (Cumulative area) 
      Partial area ratio:  603.08
      Required ratio: 2778.20 (Side area) 
      Cumulative area ratio:  637.18
      Required ratio:    0.00 (Cumulative side area) 


  Pin:   output514/A (sky130_fd_sc_hd__clkdlybuf4s25_1)
    Layer: mcon
      Partial area ratio:    0.14
      Required ratio:    3.00 (Gate area) 
      Cumulative area ratio:    0.14
      Required ratio:    0.00 (Cumulative area) 

    Layer: met1
      Partial area ratio:    1.24
      Required ratio:    0.00 (Gate area) 
      Cumulative area ratio:    1.24
      Required ratio:    0.00 (Cumulative area) 
      Partial area ratio:    5.31
      Required ratio:  400.00 (Side area) 
      Cumulative area ratio:    5.31
      Required ratio:    0.00 (Cumulative side area) 

    Layer: via
      Partial area ratio:    0.21
      Required ratio:    6.00 (Gate area) 
      Cumulative area ratio:    0.35
      Required ratio:    0.00 (Cumulative area) 

    Layer: met2
      Partial area ratio:    0.88
      Required ratio:    0.00 (Gate area) 
      Cumulative area ratio:    2.11
      Required ratio:    0.00 (Cumulative area) 
      Partial area ratio:    4.04
      Required ratio:  400.00 (Side area) 
      Cumulative area ratio:    9.36
      Required ratio:    0.00 (Cumulative side area) 

    Layer: via2
      Partial area ratio:    0.19
      Required ratio:    6.00 (Gate area) 
      Cumulative area ratio:    0.53
      Required ratio:    0.00 (Cumulative area) 

    Layer: met3
      Partial area ratio:    0.59
      Required ratio:    0.00 (Gate area) 
      Cumulative area ratio:    2.70
      Required ratio:    0.00 (Cumulative area) 
      Partial area ratio:    5.33
      Required ratio:  400.00 (Side area) 
      Cumulative area ratio:   14.69
      Required ratio:    0.00 (Cumulative side area) 

    Layer: via3
      Partial area ratio:    0.19
      Required ratio:    6.00 (Gate area) 
      Cumulative area ratio:    0.72
      Required ratio:    0.00 (Cumulative area) 

    Layer: met4
      Partial area ratio:  112.73
      Required ratio:    0.00 (Gate area) 
      Cumulative area ratio:  115.43
      Required ratio:    0.00 (Cumulative area) 
      Partial area ratio:  603.08
      Required ratio: 2778.20 (Side area) 
      Cumulative area ratio:  617.77
      Required ratio:    0.00 (Cumulative side area) 



Net: net522
  Pin:   _3564_/B (sky130_fd_sc_hd__and2_2)
    Layer: mcon
      Partial area ratio:    0.23
      Required ratio:    3.00 (Gate area) 
      Cumulative area ratio:    0.23
      Required ratio:    0.00 (Cumulative area) 

    Layer: met1
      Partial area ratio:   24.62
      Required ratio:    0.00 (Gate area) 
      Cumulative area ratio:   24.62
      Required ratio:    0.00 (Cumulative area) 
      Partial area ratio:  120.25
      Required ratio: 2778.20 (Side area) 
      Cumulative area ratio:  120.25
      Required ratio:    0.00 (Cumulative side area) 

    Layer: via
      Partial area ratio:    0.54
      Required ratio:   22.04 (Gate area) 
      Cumulative area ratio:    0.77
      Required ratio:    0.00 (Cumulative area) 

    Layer: met2
      Partial area ratio:   14.78
      Required ratio:    0.00 (Gate area) 
      Cumulative area ratio:   39.41
      Required ratio:    0.00 (Cumulative area) 
      Partial area ratio:   73.05
      Required ratio: 2778.20 (Side area) 
      Cumulative area ratio:  193.30
      Required ratio:    0.00 (Cumulative side area) 


  Pin:   _5229_/A_N (sky130_fd_sc_hd__and3b_2)
    Layer: mcon
      Partial area ratio:    0.23
      Required ratio:    3.00 (Gate area) 
      Cumulative area ratio:    0.23
      Required ratio:    0.00 (Cumulative area) 

    Layer: met1
      Partial area ratio:  165.99
      Required ratio:    0.00 (Gate area) 
      Cumulative area ratio:  165.99
      Required ratio:    0.00 (Cumulative area) 
      Partial area ratio:  827.62
      Required ratio:  400.00 (Side area) (VIOLATED)
      Cumulative area ratio:  827.62
      Required ratio:    0.00 (Cumulative side area) 

    Layer: via
      Partial area ratio:    0.54
      Required ratio:    6.00 (Gate area) 
      Cumulative area ratio:    0.77
      Required ratio:    0.00 (Cumulative area) 

    Layer: met2
      Partial area ratio:   14.78
      Required ratio:    0.00 (Gate area) 
      Cumulative area ratio:  180.78
      Required ratio:    0.00 (Cumulative area) 
      Partial area ratio:   73.05
      Required ratio: 2778.20 (Side area) 
      Cumulative area ratio:  900.67
      Required ratio:    0.00 (Cumulative side area) 


  Pin:   _5238_/A (sky130_fd_sc_hd__or3b_2)
    Layer: mcon
      Partial area ratio:    0.23
      Required ratio:    3.00 (Gate area) 
      Cumulative area ratio:    0.23
      Required ratio:    0.00 (Cumulative area) 

    Layer: met1
      Partial area ratio:   12.18
      Required ratio:    0.00 (Gate area) 
      Cumulative area ratio:   12.18
      Required ratio:    0.00 (Cumulative area) 
      Partial area ratio:   59.44
      Required ratio:  400.00 (Side area) 
      Cumulative area ratio:   59.44
      Required ratio:    0.00 (Cumulative side area) 

    Layer: via
      Partial area ratio:    0.36
      Required ratio:    6.00 (Gate area) 
      Cumulative area ratio:    0.59
      Required ratio:    0.00 (Cumulative area) 

    Layer: met2
      Partial area ratio:   14.78
      Required ratio:    0.00 (Gate area) 
      Cumulative area ratio:   26.97
      Required ratio:    0.00 (Cumulative area) 
      Partial area ratio:   73.05
      Required ratio: 2778.20 (Side area) 
      Cumulative area ratio:  132.49
      Required ratio:    0.00 (Cumulative side area) 


  Pin:   _5362_/C (sky130_fd_sc_hd__and3b_2)
    Layer: mcon
      Partial area ratio:    0.23
      Required ratio:    3.00 (Gate area) 
      Cumulative area ratio:    0.23
      Required ratio:    0.00 (Cumulative area) 

    Layer: met1
      Partial area ratio:    7.17
      Required ratio:    0.00 (Gate area) 
      Cumulative area ratio:    7.17
      Required ratio:    0.00 (Cumulative area) 
      Partial area ratio:   34.36
      Required ratio:  400.00 (Side area) 
      Cumulative area ratio:   34.36
      Required ratio:    0.00 (Cumulative side area) 

    Layer: via
      Partial area ratio:    0.36
      Required ratio:    6.00 (Gate area) 
      Cumulative area ratio:    0.59
      Required ratio:    0.00 (Cumulative area) 

    Layer: met2
      Partial area ratio:   14.78
      Required ratio:    0.00 (Gate area) 
      Cumulative area ratio:   21.95
      Required ratio:    0.00 (Cumulative area) 
      Partial area ratio:   73.05
      Required ratio: 2778.20 (Side area) 
      Cumulative area ratio:  107.41
      Required ratio:    0.00 (Cumulative side area) 


  Pin:   output522/A (sky130_fd_sc_hd__clkdlybuf4s25_1)
    Layer: mcon
      Partial area ratio:    0.14
      Required ratio:    3.00 (Gate area) 
      Cumulative area ratio:    0.14
      Required ratio:    0.00 (Cumulative area) 

    Layer: met1
      Partial area ratio:   12.37
      Required ratio:    0.00 (Gate area) 
      Cumulative area ratio:   12.37
      Required ratio:    0.00 (Cumulative area) 
      Partial area ratio:   61.00
      Required ratio:  400.00 (Side area) 
      Cumulative area ratio:   61.00
      Required ratio:    0.00 (Cumulative side area) 

    Layer: via
      Partial area ratio:    0.21
      Required ratio:    6.00 (Gate area) 
      Cumulative area ratio:    0.35
      Required ratio:    0.00 (Cumulative area) 

    Layer: met2
      Partial area ratio:   14.78
      Required ratio:    0.00 (Gate area) 
      Cumulative area ratio:   27.16
      Required ratio:    0.00 (Cumulative area) 
      Partial area ratio:   73.05
      Required ratio: 2778.20 (Side area) 
      Cumulative area ratio:  134.05
      Required ratio:    0.00 (Cumulative side area) 



Net: net523
  Pin:   output523/A (sky130_fd_sc_hd__clkdlybuf4s25_1)
    Layer: mcon
      Partial area ratio:    0.14
      Required ratio:    3.00 (Gate area) 
      Cumulative area ratio:    0.14
      Required ratio:    0.00 (Cumulative area) 

    Layer: met1
      Partial area ratio:    3.16
      Required ratio:    0.00 (Gate area) 
      Cumulative area ratio:    3.16
      Required ratio:    0.00 (Cumulative area) 
      Partial area ratio:   14.91
      Required ratio:  400.00 (Side area) 
      Cumulative area ratio:   14.91
      Required ratio:    0.00 (Cumulative side area) 

    Layer: via
      Partial area ratio:    0.21
      Required ratio:    6.00 (Gate area) 
      Cumulative area ratio:    0.35
      Required ratio:    0.00 (Cumulative area) 

    Layer: met2
      Partial area ratio:    0.88
      Required ratio:    0.00 (Gate area) 
      Cumulative area ratio:    4.03
      Required ratio:    0.00 (Cumulative area) 
      Partial area ratio:    4.04
      Required ratio:  400.00 (Side area) 
      Cumulative area ratio:   18.96
      Required ratio:    0.00 (Cumulative side area) 

    Layer: via2
      Partial area ratio:    0.19
      Required ratio:    6.00 (Gate area) 
      Cumulative area ratio:    0.53
      Required ratio:    0.00 (Cumulative area) 

    Layer: met3
      Partial area ratio:  272.69
      Required ratio:    0.00 (Gate area) 
      Cumulative area ratio:  276.73
      Required ratio:    0.00 (Cumulative area) 
      Partial area ratio: 1456.56
      Required ratio:  400.00 (Side area) (VIOLATED)
      Cumulative area ratio: 1475.52
      Required ratio:    0.00 (Cumulative side area) 

    Layer: via3
      Partial area ratio:    0.19
      Required ratio:    6.00 (Gate area) 
      Cumulative area ratio:    0.72
      Required ratio:    0.00 (Cumulative area) 

    Layer: met4
      Partial area ratio:   49.15
      Required ratio:    0.00 (Gate area) 
      Cumulative area ratio:  325.88
      Required ratio:    0.00 (Cumulative area) 
      Partial area ratio:  264.34
      Required ratio: 2778.20 (Side area) 
      Cumulative area ratio: 1739.86
      Required ratio:    0.00 (Cumulative side area) 



Net: next_pc\[7\]
  Pin:   _5121_/B1 (sky130_fd_sc_hd__a32o_2)
    Layer: mcon
      Partial area ratio:    0.12
      Required ratio:    3.00 (Gate area) 
      Cumulative area ratio:    0.12
      Required ratio:    0.00 (Cumulative area) 

    Layer: met1
      Partial area ratio:    4.31
      Required ratio:    0.00 (Gate area) 
      Cumulative area ratio:    4.31
      Required ratio:    0.00 (Cumulative area) 
      Partial area ratio:   20.79
      Required ratio:  400.00 (Side area) 
      Cumulative area ratio:   20.79
      Required ratio:    0.00 (Cumulative side area) 

    Layer: via
      Partial area ratio:    0.18
      Required ratio:    6.00 (Gate area) 
      Cumulative area ratio:    0.30
      Required ratio:    0.00 (Cumulative area) 

    Layer: met2
      Partial area ratio:    0.75
      Required ratio:    0.00 (Gate area) 
      Cumulative area ratio:    5.06
      Required ratio:    0.00 (Cumulative area) 
      Partial area ratio:    3.48
      Required ratio:  400.00 (Side area) 
      Cumulative area ratio:   24.27
      Required ratio:    0.00 (Cumulative side area) 

    Layer: via2
      Partial area ratio:    0.16
      Required ratio:    6.00 (Gate area) 
      Cumulative area ratio:    0.46
      Required ratio:    0.00 (Cumulative area) 

    Layer: met3
      Partial area ratio:   84.14
      Required ratio:    0.00 (Gate area) 
      Cumulative area ratio:   89.20
      Required ratio:    0.00 (Cumulative area) 
      Partial area ratio:  450.62
      Required ratio:  400.00 (Side area) (VIOLATED)
      Cumulative area ratio:  474.88
      Required ratio:    0.00 (Cumulative side area) 

    Layer: via3
      Partial area ratio:    0.16
      Required ratio:    6.00 (Gate area) 
      Cumulative area ratio:    0.62
      Required ratio:    0.00 (Cumulative area) 

    Layer: met4
      Partial area ratio:   94.53
      Required ratio:    0.00 (Gate area) 
      Cumulative area ratio:  183.73
      Required ratio:    0.00 (Cumulative area) 
      Partial area ratio:  505.45
      Required ratio: 2848.40 (Side area) 
      Cumulative area ratio:  980.33
      Required ratio:    0.00 (Cumulative side area) 


  Pin:   _6984_/D (sky130_fd_sc_hd__dfrtp_2)
    Layer: mcon
      Partial area ratio:    0.23
      Required ratio:    3.00 (Gate area) 
      Cumulative area ratio:    0.23
      Required ratio:    0.00 (Cumulative area) 

    Layer: met1
      Partial area ratio:   13.71
      Required ratio:    0.00 (Gate area) 
      Cumulative area ratio:   13.71
      Required ratio:    0.00 (Cumulative area) 
      Partial area ratio:   67.06
      Required ratio:  400.00 (Side area) 
      Cumulative area ratio:   67.06
      Required ratio:    0.00 (Cumulative side area) 

    Layer: via
      Partial area ratio:    0.36
      Required ratio:    6.00 (Gate area) 
      Cumulative area ratio:    0.59
      Required ratio:    0.00 (Cumulative area) 

    Layer: met2
      Partial area ratio:   17.09
      Required ratio:    0.00 (Gate area) 
      Cumulative area ratio:   30.80
      Required ratio:    0.00 (Cumulative area) 
      Partial area ratio:   84.03
      Required ratio: 2848.40 (Side area) 
      Cumulative area ratio:  151.08
      Required ratio:    0.00 (Cumulative side area) 

    Layer: via2
      Partial area ratio:    0.32
      Required ratio:   28.36 (Gate area) 
      Cumulative area ratio:    0.90
      Required ratio:    0.00 (Cumulative area) 

    Layer: met3
      Partial area ratio:  132.41
      Required ratio:    0.00 (Gate area) 
      Cumulative area ratio:  163.21
      Required ratio:    0.00 (Cumulative area) 
      Partial area ratio:  709.90
      Required ratio: 2848.40 (Side area) 
      Cumulative area ratio:  860.99
      Required ratio:    0.00 (Cumulative side area) 

    Layer: via3
      Partial area ratio:    0.32
      Required ratio:   28.36 (Gate area) 
      Cumulative area ratio:    1.22
      Required ratio:    0.00 (Cumulative area) 

    Layer: met4
      Partial area ratio:   94.53
      Required ratio:    0.00 (Gate area) 
      Cumulative area ratio:  257.75
      Required ratio:    0.00 (Cumulative area) 
      Partial area ratio:  505.45
      Required ratio: 2848.40 (Side area) 
      Cumulative area ratio: 1366.43
      Required ratio:    0.00 (Cumulative side area) 



[INFO ANT-0002] Found 37 net violations.
[INFO ANT-0001] Found 42 pin violations.
%OL_END_REPORT
