
===========================================================================
report_checks -unconstrained
===========================================================================
======================= nom_ss_100C_1v60 Corner ===================================

Startpoint: reset (input port clocked by clk)
Endpoint: _8099_ (recovery check against rising-edge clock clk)
Path Group: asynchronous
Path Type: max

Fanout         Cap        Slew       Delay        Time   Description
---------------------------------------------------------------------------------------------
                      0.150000    0.000000    0.000000   clock clk (rise edge)
                                  0.000000    0.000000   clock network delay (ideal)
                                  2.000000    2.000000 v input external delay
   443    1.904887    7.768360    5.707680    7.707680 v reset (in)
                                                         reset (net)
                      7.768360    0.000000    7.707680 v _7340_/A (sky130_fd_sc_hd__inv_2)
     1    0.003263    0.749833    0.650444    8.358124 ^ _7340_/Y (sky130_fd_sc_hd__inv_2)
                                                         _0000_ (net)
                      0.749833    0.000000    8.358124 ^ _8099_/RESET_B (sky130_fd_sc_hd__dfrtp_2)
                                              8.358124   data arrival time

                      0.150000   10.000000   10.000000   clock clk (rise edge)
                                  0.000000   10.000000   clock network delay (ideal)
                                 -0.250000    9.750000   clock uncertainty
                                  0.000000    9.750000   clock reconvergence pessimism
                                              9.750000 ^ _8099_/CLK (sky130_fd_sc_hd__dfrtp_2)
                                  0.182363    9.932363   library recovery time
                                              9.932363   data required time
---------------------------------------------------------------------------------------------
                                              9.932363   data required time
                                             -8.358124   data arrival time
---------------------------------------------------------------------------------------------
                                              1.574239   slack (MET)


Startpoint: _8100_ (rising edge-triggered flip-flop clocked by clk)
Endpoint: alu_result_out[31] (output port clocked by clk)
Path Group: clk
Path Type: max

Fanout         Cap        Slew       Delay        Time   Description
---------------------------------------------------------------------------------------------
                      0.150000    0.000000    0.000000   clock clk (rise edge)
                                  0.000000    0.000000   clock network delay (ideal)
                      0.150000    0.000000    0.000000 ^ _8100_/CLK (sky130_fd_sc_hd__dfrtp_2)
    92    0.293563    2.149844    2.241746    2.241746 ^ _8100_/Q (sky130_fd_sc_hd__dfrtp_2)
                                                         pc_out[3] (net)
                      2.149844    0.000000    2.241746 ^ _3853_/B (sky130_fd_sc_hd__nand3b_2)
     4    0.014567    0.463850    0.778409    3.020155 v _3853_/Y (sky130_fd_sc_hd__nand3b_2)
                                                         _1359_ (net)
                      0.463850    0.000000    3.020155 v _3854_/B1 (sky130_fd_sc_hd__o21ai_2)
     2    0.009595    0.318087    0.282112    3.302267 ^ _3854_/Y (sky130_fd_sc_hd__o21ai_2)
                                                         _1360_ (net)
                      0.318087    0.000000    3.302267 ^ _3933_/B2 (sky130_fd_sc_hd__a22oi_2)
     2    0.005925    0.332392    0.201384    3.503651 v _3933_/Y (sky130_fd_sc_hd__a22oi_2)
                                                         _1436_ (net)
                      0.332392    0.000000    3.503651 v _3941_/A (sky130_fd_sc_hd__buf_2)
    10    0.039152    0.188047    0.486011    3.989662 v _3941_/X (sky130_fd_sc_hd__buf_2)
                                                         _1444_ (net)
                      0.188047    0.000000    3.989662 v _4189_/A (sky130_fd_sc_hd__buf_4)
    10    0.037340    0.112173    0.366129    4.355791 v _4189_/X (sky130_fd_sc_hd__buf_4)
                                                         _1684_ (net)
                      0.112173    0.000000    4.355791 v _4920_/C (sky130_fd_sc_hd__or4b_2)
     1    0.004312    0.232916    1.478713    5.834503 v _4920_/X (sky130_fd_sc_hd__or4b_2)
                                                         _2396_ (net)
                      0.232916    0.000000    5.834503 v _4925_/B (sky130_fd_sc_hd__nand4_2)
     4    0.011920    0.175552    0.258964    6.093468 ^ _4925_/Y (sky130_fd_sc_hd__nand4_2)
                                                         _2401_ (net)
                      0.175552    0.000000    6.093468 ^ _4933_/A2 (sky130_fd_sc_hd__a31o_2)
     5    0.017996    0.195477    0.463614    6.557081 ^ _4933_/X (sky130_fd_sc_hd__a31o_2)
                                                         _2409_ (net)
                      0.195477    0.000000    6.557081 ^ _4935_/A (sky130_fd_sc_hd__and2_2)
     1    0.001753    0.061019    0.292926    6.850007 ^ _4935_/X (sky130_fd_sc_hd__and2_2)
                                                         _2411_ (net)
                      0.061019    0.000000    6.850007 ^ _4936_/A (sky130_fd_sc_hd__buf_2)
     7    0.029100    0.237694    0.312439    7.162446 ^ _4936_/X (sky130_fd_sc_hd__buf_2)
                                                         _2412_ (net)
                      0.237694    0.000000    7.162446 ^ _5102_/A1 (sky130_fd_sc_hd__o21ai_2)
     1    0.002274    0.067274    0.167721    7.330168 v _5102_/Y (sky130_fd_sc_hd__o21ai_2)
                                                         _2578_ (net)
                      0.067274    0.000000    7.330168 v _5104_/B1 (sky130_fd_sc_hd__a221o_2)
     2    0.006466    0.112867    0.647995    7.978163 v _5104_/X (sky130_fd_sc_hd__a221o_2)
                                                         _2580_ (net)
                      0.112867    0.000000    7.978163 v _5105_/B1_N (sky130_fd_sc_hd__o21bai_4)
     3    0.017010    0.136498    0.369647    8.347810 v _5105_/Y (sky130_fd_sc_hd__o21bai_4)
                                                         _2581_ (net)
                      0.136498    0.000000    8.347810 v _5512_/A1 (sky130_fd_sc_hd__a21oi_4)
     5    0.023432    0.330990    0.360506    8.708316 ^ _5512_/Y (sky130_fd_sc_hd__a21oi_4)
                                                         _2927_ (net)
                      0.330990    0.000000    8.708316 ^ _5689_/A2 (sky130_fd_sc_hd__o21bai_2)
     2    0.008329    0.137704    0.223404    8.931720 v _5689_/Y (sky130_fd_sc_hd__o21bai_2)
                                                         _3037_ (net)
                      0.137704    0.000000    8.931720 v _5690_/B1 (sky130_fd_sc_hd__a32oi_2)
     1    0.004525    0.240691    0.272254    9.203974 ^ _5690_/Y (sky130_fd_sc_hd__a32oi_2)
                                                         _3038_ (net)
                      0.240691    0.000000    9.203974 ^ _5693_/B2 (sky130_fd_sc_hd__o221ai_2)
     1    0.004670    0.195401    0.248161    9.452135 v _5693_/Y (sky130_fd_sc_hd__o221ai_2)
                                                         _3041_ (net)
                      0.195401    0.000000    9.452135 v _5705_/A2 (sky130_fd_sc_hd__a21oi_2)
     2    0.009155    0.240443    0.342849    9.794985 ^ _5705_/Y (sky130_fd_sc_hd__a21oi_2)
                                                         _3053_ (net)
                      0.240443    0.000000    9.794985 ^ _6673_/A (sky130_fd_sc_hd__inv_2)
     1    0.033442    0.158521    0.228577   10.023561 v _6673_/Y (sky130_fd_sc_hd__inv_2)
                                                         alu_result_out[31] (net)
                      0.158521    0.000000   10.023561 v alu_result_out[31] (out)
                                             10.023561   data arrival time

                      0.150000   10.000000   10.000000   clock clk (rise edge)
                                  0.000000   10.000000   clock network delay (ideal)
                                 -0.250000    9.750000   clock uncertainty
                                  0.000000    9.750000   clock reconvergence pessimism
                                 -2.000000    7.750000   output external delay
                                              7.750000   data required time
---------------------------------------------------------------------------------------------
                                              7.750000   data required time
                                            -10.023561   data arrival time
---------------------------------------------------------------------------------------------
                                             -2.273562   slack (VIOLATED)




===========================================================================
report_checks --slack_max -0.01
============================================================================
======================= nom_ss_100C_1v60 Corner ===================================

Startpoint: _8100_ (rising edge-triggered flip-flop clocked by clk)
Endpoint: alu_result_out[31] (output port clocked by clk)
Path Group: clk
Path Type: max

Fanout         Cap        Slew       Delay        Time   Description
---------------------------------------------------------------------------------------------
                      0.150000    0.000000    0.000000   clock clk (rise edge)
                                  0.000000    0.000000   clock network delay (ideal)
                      0.150000    0.000000    0.000000 ^ _8100_/CLK (sky130_fd_sc_hd__dfrtp_2)
    92    0.293563    2.149844    2.241746    2.241746 ^ _8100_/Q (sky130_fd_sc_hd__dfrtp_2)
                                                         pc_out[3] (net)
                      2.149844    0.000000    2.241746 ^ _3853_/B (sky130_fd_sc_hd__nand3b_2)
     4    0.014567    0.463850    0.778409    3.020155 v _3853_/Y (sky130_fd_sc_hd__nand3b_2)
                                                         _1359_ (net)
                      0.463850    0.000000    3.020155 v _3854_/B1 (sky130_fd_sc_hd__o21ai_2)
     2    0.009595    0.318087    0.282112    3.302267 ^ _3854_/Y (sky130_fd_sc_hd__o21ai_2)
                                                         _1360_ (net)
                      0.318087    0.000000    3.302267 ^ _3933_/B2 (sky130_fd_sc_hd__a22oi_2)
     2    0.005925    0.332392    0.201384    3.503651 v _3933_/Y (sky130_fd_sc_hd__a22oi_2)
                                                         _1436_ (net)
                      0.332392    0.000000    3.503651 v _3941_/A (sky130_fd_sc_hd__buf_2)
    10    0.039152    0.188047    0.486011    3.989662 v _3941_/X (sky130_fd_sc_hd__buf_2)
                                                         _1444_ (net)
                      0.188047    0.000000    3.989662 v _4189_/A (sky130_fd_sc_hd__buf_4)
    10    0.037340    0.112173    0.366129    4.355791 v _4189_/X (sky130_fd_sc_hd__buf_4)
                                                         _1684_ (net)
                      0.112173    0.000000    4.355791 v _4920_/C (sky130_fd_sc_hd__or4b_2)
     1    0.004312    0.232916    1.478713    5.834503 v _4920_/X (sky130_fd_sc_hd__or4b_2)
                                                         _2396_ (net)
                      0.232916    0.000000    5.834503 v _4925_/B (sky130_fd_sc_hd__nand4_2)
     4    0.011920    0.175552    0.258964    6.093468 ^ _4925_/Y (sky130_fd_sc_hd__nand4_2)
                                                         _2401_ (net)
                      0.175552    0.000000    6.093468 ^ _4933_/A2 (sky130_fd_sc_hd__a31o_2)
     5    0.017996    0.195477    0.463614    6.557081 ^ _4933_/X (sky130_fd_sc_hd__a31o_2)
                                                         _2409_ (net)
                      0.195477    0.000000    6.557081 ^ _4935_/A (sky130_fd_sc_hd__and2_2)
     1    0.001753    0.061019    0.292926    6.850007 ^ _4935_/X (sky130_fd_sc_hd__and2_2)
                                                         _2411_ (net)
                      0.061019    0.000000    6.850007 ^ _4936_/A (sky130_fd_sc_hd__buf_2)
     7    0.029100    0.237694    0.312439    7.162446 ^ _4936_/X (sky130_fd_sc_hd__buf_2)
                                                         _2412_ (net)
                      0.237694    0.000000    7.162446 ^ _5102_/A1 (sky130_fd_sc_hd__o21ai_2)
     1    0.002274    0.067274    0.167721    7.330168 v _5102_/Y (sky130_fd_sc_hd__o21ai_2)
                                                         _2578_ (net)
                      0.067274    0.000000    7.330168 v _5104_/B1 (sky130_fd_sc_hd__a221o_2)
     2    0.006466    0.112867    0.647995    7.978163 v _5104_/X (sky130_fd_sc_hd__a221o_2)
                                                         _2580_ (net)
                      0.112867    0.000000    7.978163 v _5105_/B1_N (sky130_fd_sc_hd__o21bai_4)
     3    0.017010    0.136498    0.369647    8.347810 v _5105_/Y (sky130_fd_sc_hd__o21bai_4)
                                                         _2581_ (net)
                      0.136498    0.000000    8.347810 v _5512_/A1 (sky130_fd_sc_hd__a21oi_4)
     5    0.023432    0.330990    0.360506    8.708316 ^ _5512_/Y (sky130_fd_sc_hd__a21oi_4)
                                                         _2927_ (net)
                      0.330990    0.000000    8.708316 ^ _5689_/A2 (sky130_fd_sc_hd__o21bai_2)
     2    0.008329    0.137704    0.223404    8.931720 v _5689_/Y (sky130_fd_sc_hd__o21bai_2)
                                                         _3037_ (net)
                      0.137704    0.000000    8.931720 v _5690_/B1 (sky130_fd_sc_hd__a32oi_2)
     1    0.004525    0.240691    0.272254    9.203974 ^ _5690_/Y (sky130_fd_sc_hd__a32oi_2)
                                                         _3038_ (net)
                      0.240691    0.000000    9.203974 ^ _5693_/B2 (sky130_fd_sc_hd__o221ai_2)
     1    0.004670    0.195401    0.248161    9.452135 v _5693_/Y (sky130_fd_sc_hd__o221ai_2)
                                                         _3041_ (net)
                      0.195401    0.000000    9.452135 v _5705_/A2 (sky130_fd_sc_hd__a21oi_2)
     2    0.009155    0.240443    0.342849    9.794985 ^ _5705_/Y (sky130_fd_sc_hd__a21oi_2)
                                                         _3053_ (net)
                      0.240443    0.000000    9.794985 ^ _6673_/A (sky130_fd_sc_hd__inv_2)
     1    0.033442    0.158521    0.228577   10.023561 v _6673_/Y (sky130_fd_sc_hd__inv_2)
                                                         alu_result_out[31] (net)
                      0.158521    0.000000   10.023561 v alu_result_out[31] (out)
                                             10.023561   data arrival time

                      0.150000   10.000000   10.000000   clock clk (rise edge)
                                  0.000000   10.000000   clock network delay (ideal)
                                 -0.250000    9.750000   clock uncertainty
                                  0.000000    9.750000   clock reconvergence pessimism
                                 -2.000000    7.750000   output external delay
                                              7.750000   data required time
---------------------------------------------------------------------------------------------
                                              7.750000   data required time
                                            -10.023561   data arrival time
---------------------------------------------------------------------------------------------
                                             -2.273562   slack (VIOLATED)




===========================================================================
 report_check_types -max_slew -max_cap -max_fanout -violators
============================================================================
======================= nom_ss_100C_1v60 Corner ===================================

max slew

Pin                                        Limit        Slew       Slack
------------------------------------------------------------------------
reset                                   0.750000   14.288798  -13.538798 (VIOLATED)
_7340_/A                                0.750000   14.288798  -13.538798 (VIOLATED)
_7341_/A                                0.750000   14.288798  -13.538798 (VIOLATED)
_7342_/A                                0.750000   14.288798  -13.538798 (VIOLATED)
_7343_/A                                0.750000   14.288798  -13.538798 (VIOLATED)
_7344_/A                                0.750000   14.288798  -13.538798 (VIOLATED)
_7345_/A                                0.750000   14.288798  -13.538798 (VIOLATED)
_7346_/A                                0.750000   14.288798  -13.538798 (VIOLATED)
_7347_/A                                0.750000   14.288798  -13.538798 (VIOLATED)
_7348_/A                                0.750000   14.288798  -13.538798 (VIOLATED)
_7349_/A                                0.750000   14.288798  -13.538798 (VIOLATED)
_7350_/A                                0.750000   14.288798  -13.538798 (VIOLATED)
_7351_/A                                0.750000   14.288798  -13.538798 (VIOLATED)
_7352_/A                                0.750000   14.288798  -13.538798 (VIOLATED)
_7353_/A                                0.750000   14.288798  -13.538798 (VIOLATED)
_7354_/A                                0.750000   14.288798  -13.538798 (VIOLATED)
_7355_/A                                0.750000   14.288798  -13.538798 (VIOLATED)
_7356_/A                                0.750000   14.288798  -13.538798 (VIOLATED)
_7357_/A                                0.750000   14.288798  -13.538798 (VIOLATED)
_7358_/A                                0.750000   14.288798  -13.538798 (VIOLATED)
_7359_/A                                0.750000   14.288798  -13.538798 (VIOLATED)
_7360_/A                                0.750000   14.288798  -13.538798 (VIOLATED)
_7361_/A                                0.750000   14.288798  -13.538798 (VIOLATED)
_7362_/A                                0.750000   14.288798  -13.538798 (VIOLATED)
_7363_/A                                0.750000   14.288798  -13.538798 (VIOLATED)
_7364_/A                                0.750000   14.288798  -13.538798 (VIOLATED)
_7365_/A                                0.750000   14.288798  -13.538798 (VIOLATED)
_7366_/A                                0.750000   14.288798  -13.538798 (VIOLATED)
_7367_/A                                0.750000   14.288798  -13.538798 (VIOLATED)
_7368_/A                                0.750000   14.288798  -13.538798 (VIOLATED)
_7369_/A                                0.750000   14.288798  -13.538798 (VIOLATED)
_7370_/A                                0.750000   14.288798  -13.538798 (VIOLATED)
_7371_/A                                0.750000   14.288798  -13.538798 (VIOLATED)
_7372_/A                                0.750000   14.288798  -13.538798 (VIOLATED)
_7373_/A                                0.750000   14.288798  -13.538798 (VIOLATED)
_7374_/A                                0.750000   14.288798  -13.538798 (VIOLATED)
_7375_/A                                0.750000   14.288798  -13.538798 (VIOLATED)
_7376_/A                                0.750000   14.288798  -13.538798 (VIOLATED)
_7377_/A                                0.750000   14.288798  -13.538798 (VIOLATED)
_7378_/A                                0.750000   14.288798  -13.538798 (VIOLATED)
_7379_/A                                0.750000   14.288798  -13.538798 (VIOLATED)
_7380_/A                                0.750000   14.288798  -13.538798 (VIOLATED)
_7381_/A                                0.750000   14.288798  -13.538798 (VIOLATED)
_7382_/A                                0.750000   14.288798  -13.538798 (VIOLATED)
_7383_/A                                0.750000   14.288798  -13.538798 (VIOLATED)
_7384_/A                                0.750000   14.288798  -13.538798 (VIOLATED)
_7385_/A                                0.750000   14.288798  -13.538798 (VIOLATED)
_7386_/A                                0.750000   14.288798  -13.538798 (VIOLATED)
_7387_/A                                0.750000   14.288798  -13.538798 (VIOLATED)
_7388_/A                                0.750000   14.288798  -13.538798 (VIOLATED)
_7389_/A                                0.750000   14.288798  -13.538798 (VIOLATED)
_7390_/A                                0.750000   14.288798  -13.538798 (VIOLATED)
_7391_/A                                0.750000   14.288798  -13.538798 (VIOLATED)
_7392_/A                                0.750000   14.288798  -13.538798 (VIOLATED)
_7393_/A                                0.750000   14.288798  -13.538798 (VIOLATED)
_7394_/A                                0.750000   14.288798  -13.538798 (VIOLATED)
_7395_/A                                0.750000   14.288798  -13.538798 (VIOLATED)
_7396_/A                                0.750000   14.288798  -13.538798 (VIOLATED)
_7397_/A                                0.750000   14.288798  -13.538798 (VIOLATED)
_7398_/A                                0.750000   14.288798  -13.538798 (VIOLATED)
_7399_/A                                0.750000   14.288798  -13.538798 (VIOLATED)
_7400_/A                                0.750000   14.288798  -13.538798 (VIOLATED)
_7401_/A                                0.750000   14.288798  -13.538798 (VIOLATED)
_7402_/A                                0.750000   14.288798  -13.538798 (VIOLATED)
_7403_/A                                0.750000   14.288798  -13.538798 (VIOLATED)
_7404_/A                                0.750000   14.288798  -13.538798 (VIOLATED)
_7405_/A                                0.750000   14.288798  -13.538798 (VIOLATED)
_7406_/A                                0.750000   14.288798  -13.538798 (VIOLATED)
_7407_/A                                0.750000   14.288798  -13.538798 (VIOLATED)
_7408_/A                                0.750000   14.288798  -13.538798 (VIOLATED)
_7409_/A                                0.750000   14.288798  -13.538798 (VIOLATED)
_7410_/A                                0.750000   14.288798  -13.538798 (VIOLATED)
_7411_/A                                0.750000   14.288798  -13.538798 (VIOLATED)
_7412_/A                                0.750000   14.288798  -13.538798 (VIOLATED)
_7413_/A                                0.750000   14.288798  -13.538798 (VIOLATED)
_7414_/A                                0.750000   14.288798  -13.538798 (VIOLATED)
_7415_/A                                0.750000   14.288798  -13.538798 (VIOLATED)
_7416_/A                                0.750000   14.288798  -13.538798 (VIOLATED)
_7417_/A                                0.750000   14.288798  -13.538798 (VIOLATED)
_7418_/A                                0.750000   14.288798  -13.538798 (VIOLATED)
_7419_/A                                0.750000   14.288798  -13.538798 (VIOLATED)
_7420_/A                                0.750000   14.288798  -13.538798 (VIOLATED)
_7421_/A                                0.750000   14.288798  -13.538798 (VIOLATED)
_7422_/A                                0.750000   14.288798  -13.538798 (VIOLATED)
_7423_/A                                0.750000   14.288798  -13.538798 (VIOLATED)
_7424_/A                                0.750000   14.288798  -13.538798 (VIOLATED)
_7425_/A                                0.750000   14.288798  -13.538798 (VIOLATED)
_7426_/A                                0.750000   14.288798  -13.538798 (VIOLATED)
_7427_/A                                0.750000   14.288798  -13.538798 (VIOLATED)
_7428_/A                                0.750000   14.288798  -13.538798 (VIOLATED)
_7429_/A                                0.750000   14.288798  -13.538798 (VIOLATED)
_7430_/A                                0.750000   14.288798  -13.538798 (VIOLATED)
_7431_/A                                0.750000   14.288798  -13.538798 (VIOLATED)
_7432_/A                                0.750000   14.288798  -13.538798 (VIOLATED)
_7433_/A                                0.750000   14.288798  -13.538798 (VIOLATED)
_7434_/A                                0.750000   14.288798  -13.538798 (VIOLATED)
_7435_/A                                0.750000   14.288798  -13.538798 (VIOLATED)
_7436_/A                                0.750000   14.288798  -13.538798 (VIOLATED)
_7437_/A                                0.750000   14.288798  -13.538798 (VIOLATED)
_7438_/A                                0.750000   14.288798  -13.538798 (VIOLATED)
_7439_/A                                0.750000   14.288798  -13.538798 (VIOLATED)
_7440_/A                                0.750000   14.288798  -13.538798 (VIOLATED)
_7441_/A                                0.750000   14.288798  -13.538798 (VIOLATED)
_7442_/A                                0.750000   14.288798  -13.538798 (VIOLATED)
_7443_/A                                0.750000   14.288798  -13.538798 (VIOLATED)
_7444_/A                                0.750000   14.288798  -13.538798 (VIOLATED)
_7445_/A                                0.750000   14.288798  -13.538798 (VIOLATED)
_7446_/A                                0.750000   14.288798  -13.538798 (VIOLATED)
_7447_/A                                0.750000   14.288798  -13.538798 (VIOLATED)
_7448_/A                                0.750000   14.288798  -13.538798 (VIOLATED)
_7449_/A                                0.750000   14.288798  -13.538798 (VIOLATED)
_7450_/A                                0.750000   14.288798  -13.538798 (VIOLATED)
_7451_/A                                0.750000   14.288798  -13.538798 (VIOLATED)
_7452_/A                                0.750000   14.288798  -13.538798 (VIOLATED)
_7453_/A                                0.750000   14.288798  -13.538798 (VIOLATED)
_7454_/A                                0.750000   14.288798  -13.538798 (VIOLATED)
_7455_/A                                0.750000   14.288798  -13.538798 (VIOLATED)
_7456_/A                                0.750000   14.288798  -13.538798 (VIOLATED)
_7457_/A                                0.750000   14.288798  -13.538798 (VIOLATED)
_7458_/A                                0.750000   14.288798  -13.538798 (VIOLATED)
_7459_/A                                0.750000   14.288798  -13.538798 (VIOLATED)
_7460_/A                                0.750000   14.288798  -13.538798 (VIOLATED)
_7461_/A                                0.750000   14.288798  -13.538798 (VIOLATED)
_7462_/A                                0.750000   14.288798  -13.538798 (VIOLATED)
_7463_/A                                0.750000   14.288798  -13.538798 (VIOLATED)
_7464_/A                                0.750000   14.288798  -13.538798 (VIOLATED)
_7465_/A                                0.750000   14.288798  -13.538798 (VIOLATED)
_7466_/A                                0.750000   14.288798  -13.538798 (VIOLATED)
_7467_/A                                0.750000   14.288798  -13.538798 (VIOLATED)
_7468_/A                                0.750000   14.288798  -13.538798 (VIOLATED)
_7469_/A                                0.750000   14.288798  -13.538798 (VIOLATED)
_7470_/A                                0.750000   14.288798  -13.538798 (VIOLATED)
_7471_/A                                0.750000   14.288798  -13.538798 (VIOLATED)
_7472_/A                                0.750000   14.288798  -13.538798 (VIOLATED)
_7473_/A                                0.750000   14.288798  -13.538798 (VIOLATED)
_7474_/A                                0.750000   14.288798  -13.538798 (VIOLATED)
_7475_/A                                0.750000   14.288798  -13.538798 (VIOLATED)
_7476_/A                                0.750000   14.288798  -13.538798 (VIOLATED)
_7477_/A                                0.750000   14.288798  -13.538798 (VIOLATED)
_7478_/A                                0.750000   14.288798  -13.538798 (VIOLATED)
_7479_/A                                0.750000   14.288798  -13.538798 (VIOLATED)
_7480_/A                                0.750000   14.288798  -13.538798 (VIOLATED)
_7481_/A                                0.750000   14.288798  -13.538798 (VIOLATED)
_7482_/A                                0.750000   14.288798  -13.538798 (VIOLATED)
_7483_/A                                0.750000   14.288798  -13.538798 (VIOLATED)
_7484_/A                                0.750000   14.288798  -13.538798 (VIOLATED)
_7485_/A                                0.750000   14.288798  -13.538798 (VIOLATED)
_7486_/A                                0.750000   14.288798  -13.538798 (VIOLATED)
_7487_/A                                0.750000   14.288798  -13.538798 (VIOLATED)
_7488_/A                                0.750000   14.288798  -13.538798 (VIOLATED)
_7489_/A                                0.750000   14.288798  -13.538798 (VIOLATED)
_7490_/A                                0.750000   14.288798  -13.538798 (VIOLATED)
_7491_/A                                0.750000   14.288798  -13.538798 (VIOLATED)
_7492_/A                                0.750000   14.288798  -13.538798 (VIOLATED)
_7493_/A                                0.750000   14.288798  -13.538798 (VIOLATED)
_7494_/A                                0.750000   14.288798  -13.538798 (VIOLATED)
_7495_/A                                0.750000   14.288798  -13.538798 (VIOLATED)
_7496_/A                                0.750000   14.288798  -13.538798 (VIOLATED)
_7497_/A                                0.750000   14.288798  -13.538798 (VIOLATED)
_7498_/A                                0.750000   14.288798  -13.538798 (VIOLATED)
_7499_/A                                0.750000   14.288798  -13.538798 (VIOLATED)
_7500_/A                                0.750000   14.288798  -13.538798 (VIOLATED)
_7501_/A                                0.750000   14.288798  -13.538798 (VIOLATED)
_7502_/A                                0.750000   14.288798  -13.538798 (VIOLATED)
_7503_/A                                0.750000   14.288798  -13.538798 (VIOLATED)
_7504_/A                                0.750000   14.288798  -13.538798 (VIOLATED)
_7505_/A                                0.750000   14.288798  -13.538798 (VIOLATED)
_7506_/A                                0.750000   14.288798  -13.538798 (VIOLATED)
_7507_/A                                0.750000   14.288798  -13.538798 (VIOLATED)
_7508_/A                                0.750000   14.288798  -13.538798 (VIOLATED)
_7509_/A                                0.750000   14.288798  -13.538798 (VIOLATED)
_7510_/A                                0.750000   14.288798  -13.538798 (VIOLATED)
_7511_/A                                0.750000   14.288798  -13.538798 (VIOLATED)
_7512_/A                                0.750000   14.288798  -13.538798 (VIOLATED)
_7513_/A                                0.750000   14.288798  -13.538798 (VIOLATED)
_7514_/A                                0.750000   14.288798  -13.538798 (VIOLATED)
_7515_/A                                0.750000   14.288798  -13.538798 (VIOLATED)
_7516_/A                                0.750000   14.288798  -13.538798 (VIOLATED)
_7517_/A                                0.750000   14.288798  -13.538798 (VIOLATED)
_7518_/A                                0.750000   14.288798  -13.538798 (VIOLATED)
_7519_/A                                0.750000   14.288798  -13.538798 (VIOLATED)
_7520_/A                                0.750000   14.288798  -13.538798 (VIOLATED)
_7521_/A                                0.750000   14.288798  -13.538798 (VIOLATED)
_7522_/A                                0.750000   14.288798  -13.538798 (VIOLATED)
_7523_/A                                0.750000   14.288798  -13.538798 (VIOLATED)
_7524_/A                                0.750000   14.288798  -13.538798 (VIOLATED)
_7525_/A                                0.750000   14.288798  -13.538798 (VIOLATED)
_7526_/A                                0.750000   14.288798  -13.538798 (VIOLATED)
_7527_/A                                0.750000   14.288798  -13.538798 (VIOLATED)
_7528_/A                                0.750000   14.288798  -13.538798 (VIOLATED)
_7529_/A                                0.750000   14.288798  -13.538798 (VIOLATED)
_7530_/A                                0.750000   14.288798  -13.538798 (VIOLATED)
_7531_/A                                0.750000   14.288798  -13.538798 (VIOLATED)
_7532_/A                                0.750000   14.288798  -13.538798 (VIOLATED)
_7533_/A                                0.750000   14.288798  -13.538798 (VIOLATED)
_7534_/A                                0.750000   14.288798  -13.538798 (VIOLATED)
_7535_/A                                0.750000   14.288798  -13.538798 (VIOLATED)
_7536_/A                                0.750000   14.288798  -13.538798 (VIOLATED)
_7537_/A                                0.750000   14.288798  -13.538798 (VIOLATED)
_7538_/A                                0.750000   14.288798  -13.538798 (VIOLATED)
_7539_/A                                0.750000   14.288798  -13.538798 (VIOLATED)
_7540_/A                                0.750000   14.288798  -13.538798 (VIOLATED)
_7541_/A                                0.750000   14.288798  -13.538798 (VIOLATED)
_7542_/A                                0.750000   14.288798  -13.538798 (VIOLATED)
_7543_/A                                0.750000   14.288798  -13.538798 (VIOLATED)
_7544_/A                                0.750000   14.288798  -13.538798 (VIOLATED)
_7545_/A                                0.750000   14.288798  -13.538798 (VIOLATED)
_7546_/A                                0.750000   14.288798  -13.538798 (VIOLATED)
_7547_/A                                0.750000   14.288798  -13.538798 (VIOLATED)
_7548_/A                                0.750000   14.288798  -13.538798 (VIOLATED)
_7549_/A                                0.750000   14.288798  -13.538798 (VIOLATED)
_7550_/A                                0.750000   14.288798  -13.538798 (VIOLATED)
_7551_/A                                0.750000   14.288798  -13.538798 (VIOLATED)
_7552_/A                                0.750000   14.288798  -13.538798 (VIOLATED)
_7553_/A                                0.750000   14.288798  -13.538798 (VIOLATED)
_7554_/A                                0.750000   14.288798  -13.538798 (VIOLATED)
_7555_/A                                0.750000   14.288798  -13.538798 (VIOLATED)
_7556_/A                                0.750000   14.288798  -13.538798 (VIOLATED)
_7557_/A                                0.750000   14.288798  -13.538798 (VIOLATED)
_7558_/A                                0.750000   14.288798  -13.538798 (VIOLATED)
_7559_/A                                0.750000   14.288798  -13.538798 (VIOLATED)
_7560_/A                                0.750000   14.288798  -13.538798 (VIOLATED)
_7561_/A                                0.750000   14.288798  -13.538798 (VIOLATED)
_7562_/A                                0.750000   14.288798  -13.538798 (VIOLATED)
_7563_/A                                0.750000   14.288798  -13.538798 (VIOLATED)
_7564_/A                                0.750000   14.288798  -13.538798 (VIOLATED)
_7565_/A                                0.750000   14.288798  -13.538798 (VIOLATED)
_7566_/A                                0.750000   14.288798  -13.538798 (VIOLATED)
_7567_/A                                0.750000   14.288798  -13.538798 (VIOLATED)
_7568_/A                                0.750000   14.288798  -13.538798 (VIOLATED)
_7569_/A                                0.750000   14.288798  -13.538798 (VIOLATED)
_7570_/A                                0.750000   14.288798  -13.538798 (VIOLATED)
_7571_/A                                0.750000   14.288798  -13.538798 (VIOLATED)
_7572_/A                                0.750000   14.288798  -13.538798 (VIOLATED)
_7573_/A                                0.750000   14.288798  -13.538798 (VIOLATED)
_7574_/A                                0.750000   14.288798  -13.538798 (VIOLATED)
_7575_/A                                0.750000   14.288798  -13.538798 (VIOLATED)
_7576_/A                                0.750000   14.288798  -13.538798 (VIOLATED)
_7577_/A                                0.750000   14.288798  -13.538798 (VIOLATED)
_7578_/A                                0.750000   14.288798  -13.538798 (VIOLATED)
_7579_/A                                0.750000   14.288798  -13.538798 (VIOLATED)
_7580_/A                                0.750000   14.288798  -13.538798 (VIOLATED)
_7581_/A                                0.750000   14.288798  -13.538798 (VIOLATED)
_7582_/A                                0.750000   14.288798  -13.538798 (VIOLATED)
_7583_/A                                0.750000   14.288798  -13.538798 (VIOLATED)
_7584_/A                                0.750000   14.288798  -13.538798 (VIOLATED)
_7585_/A                                0.750000   14.288798  -13.538798 (VIOLATED)
_7586_/A                                0.750000   14.288798  -13.538798 (VIOLATED)
_7587_/A                                0.750000   14.288798  -13.538798 (VIOLATED)
_7588_/A                                0.750000   14.288798  -13.538798 (VIOLATED)
_7589_/A                                0.750000   14.288798  -13.538798 (VIOLATED)
_7590_/A                                0.750000   14.288798  -13.538798 (VIOLATED)
_7591_/A                                0.750000   14.288798  -13.538798 (VIOLATED)
_7592_/A                                0.750000   14.288798  -13.538798 (VIOLATED)
_7593_/A                                0.750000   14.288798  -13.538798 (VIOLATED)
_7594_/A                                0.750000   14.288798  -13.538798 (VIOLATED)
_7595_/A                                0.750000   14.288798  -13.538798 (VIOLATED)
_7596_/A                                0.750000   14.288798  -13.538798 (VIOLATED)
_7597_/A                                0.750000   14.288798  -13.538798 (VIOLATED)
_7598_/A                                0.750000   14.288798  -13.538798 (VIOLATED)
_7599_/A                                0.750000   14.288798  -13.538798 (VIOLATED)
_7600_/A                                0.750000   14.288798  -13.538798 (VIOLATED)
_7601_/A                                0.750000   14.288798  -13.538798 (VIOLATED)
_7602_/A                                0.750000   14.288798  -13.538798 (VIOLATED)
_7603_/A                                0.750000   14.288798  -13.538798 (VIOLATED)
_7604_/A                                0.750000   14.288798  -13.538798 (VIOLATED)
_7605_/A                                0.750000   14.288798  -13.538798 (VIOLATED)
_7606_/A                                0.750000   14.288798  -13.538798 (VIOLATED)
_7607_/A                                0.750000   14.288798  -13.538798 (VIOLATED)
_7608_/A                                0.750000   14.288798  -13.538798 (VIOLATED)
_7609_/A                                0.750000   14.288798  -13.538798 (VIOLATED)
_7610_/A                                0.750000   14.288798  -13.538798 (VIOLATED)
_7611_/A                                0.750000   14.288798  -13.538798 (VIOLATED)
_7612_/A                                0.750000   14.288798  -13.538798 (VIOLATED)
_7613_/A                                0.750000   14.288798  -13.538798 (VIOLATED)
_7614_/A                                0.750000   14.288798  -13.538798 (VIOLATED)
_7615_/A                                0.750000   14.288798  -13.538798 (VIOLATED)
_7616_/A                                0.750000   14.288798  -13.538798 (VIOLATED)
_7617_/A                                0.750000   14.288798  -13.538798 (VIOLATED)
_7618_/A                                0.750000   14.288798  -13.538798 (VIOLATED)
_7619_/A                                0.750000   14.288798  -13.538798 (VIOLATED)
_7620_/A                                0.750000   14.288798  -13.538798 (VIOLATED)
_7621_/A                                0.750000   14.288798  -13.538798 (VIOLATED)
_7622_/A                                0.750000   14.288798  -13.538798 (VIOLATED)
_7623_/A                                0.750000   14.288798  -13.538798 (VIOLATED)
_7624_/A                                0.750000   14.288798  -13.538798 (VIOLATED)
_7625_/A                                0.750000   14.288798  -13.538798 (VIOLATED)
_7626_/A                                0.750000   14.288798  -13.538798 (VIOLATED)
_7627_/A                                0.750000   14.288798  -13.538798 (VIOLATED)
_7628_/A                                0.750000   14.288798  -13.538798 (VIOLATED)
_7629_/A                                0.750000   14.288798  -13.538798 (VIOLATED)
_7630_/A                                0.750000   14.288798  -13.538798 (VIOLATED)
_7631_/A                                0.750000   14.288798  -13.538798 (VIOLATED)
_7632_/A                                0.750000   14.288798  -13.538798 (VIOLATED)
_7633_/A                                0.750000   14.288798  -13.538798 (VIOLATED)
_7634_/A                                0.750000   14.288798  -13.538798 (VIOLATED)
_7635_/A                                0.750000   14.288798  -13.538798 (VIOLATED)
_7636_/A                                0.750000   14.288798  -13.538798 (VIOLATED)
_7637_/A                                0.750000   14.288798  -13.538798 (VIOLATED)
_7638_/A                                0.750000   14.288798  -13.538798 (VIOLATED)
_7639_/A                                0.750000   14.288798  -13.538798 (VIOLATED)
_7640_/A                                0.750000   14.288798  -13.538798 (VIOLATED)
_7641_/A                                0.750000   14.288798  -13.538798 (VIOLATED)
_7642_/A                                0.750000   14.288798  -13.538798 (VIOLATED)
_7643_/A                                0.750000   14.288798  -13.538798 (VIOLATED)
_7644_/A                                0.750000   14.288798  -13.538798 (VIOLATED)
_7645_/A                                0.750000   14.288798  -13.538798 (VIOLATED)
_7646_/A                                0.750000   14.288798  -13.538798 (VIOLATED)
_7647_/A                                0.750000   14.288798  -13.538798 (VIOLATED)
_7648_/A                                0.750000   14.288798  -13.538798 (VIOLATED)
_7649_/A                                0.750000   14.288798  -13.538798 (VIOLATED)
_7650_/A                                0.750000   14.288798  -13.538798 (VIOLATED)
_7651_/A                                0.750000   14.288798  -13.538798 (VIOLATED)
_7652_/A                                0.750000   14.288798  -13.538798 (VIOLATED)
_7653_/A                                0.750000   14.288798  -13.538798 (VIOLATED)
_7654_/A                                0.750000   14.288798  -13.538798 (VIOLATED)
_7655_/A                                0.750000   14.288798  -13.538798 (VIOLATED)
_7656_/A                                0.750000   14.288798  -13.538798 (VIOLATED)
_7657_/A                                0.750000   14.288798  -13.538798 (VIOLATED)
_7658_/A                                0.750000   14.288798  -13.538798 (VIOLATED)
_7659_/A                                0.750000   14.288798  -13.538798 (VIOLATED)
_7660_/A                                0.750000   14.288798  -13.538798 (VIOLATED)
_7661_/A                                0.750000   14.288798  -13.538798 (VIOLATED)
_7662_/A                                0.750000   14.288798  -13.538798 (VIOLATED)
_7663_/A                                0.750000   14.288798  -13.538798 (VIOLATED)
_7664_/A                                0.750000   14.288798  -13.538798 (VIOLATED)
_7665_/A                                0.750000   14.288798  -13.538798 (VIOLATED)
_7666_/A                                0.750000   14.288798  -13.538798 (VIOLATED)
_7667_/A                                0.750000   14.288798  -13.538798 (VIOLATED)
_7668_/A                                0.750000   14.288798  -13.538798 (VIOLATED)
_7669_/A                                0.750000   14.288798  -13.538798 (VIOLATED)
_7670_/A                                0.750000   14.288798  -13.538798 (VIOLATED)
_7671_/A                                0.750000   14.288798  -13.538798 (VIOLATED)
_7672_/A                                0.750000   14.288798  -13.538798 (VIOLATED)
_7673_/A                                0.750000   14.288798  -13.538798 (VIOLATED)
_7674_/A                                0.750000   14.288798  -13.538798 (VIOLATED)
_7675_/A                                0.750000   14.288798  -13.538798 (VIOLATED)
_7676_/A                                0.750000   14.288798  -13.538798 (VIOLATED)
_7677_/A                                0.750000   14.288798  -13.538798 (VIOLATED)
_7678_/A                                0.750000   14.288798  -13.538798 (VIOLATED)
_7679_/A                                0.750000   14.288798  -13.538798 (VIOLATED)
_7680_/A                                0.750000   14.288798  -13.538798 (VIOLATED)
_7681_/A                                0.750000   14.288798  -13.538798 (VIOLATED)
_7682_/A                                0.750000   14.288798  -13.538798 (VIOLATED)
_7683_/A                                0.750000   14.288798  -13.538798 (VIOLATED)
_7684_/A                                0.750000   14.288798  -13.538798 (VIOLATED)
_7685_/A                                0.750000   14.288798  -13.538798 (VIOLATED)
_7686_/A                                0.750000   14.288798  -13.538798 (VIOLATED)
_7687_/A                                0.750000   14.288798  -13.538798 (VIOLATED)
_7688_/A                                0.750000   14.288798  -13.538798 (VIOLATED)
_7689_/A                                0.750000   14.288798  -13.538798 (VIOLATED)
_7690_/A                                0.750000   14.288798  -13.538798 (VIOLATED)
_7691_/A                                0.750000   14.288798  -13.538798 (VIOLATED)
_7692_/A                                0.750000   14.288798  -13.538798 (VIOLATED)
_7693_/A                                0.750000   14.288798  -13.538798 (VIOLATED)
_7694_/A                                0.750000   14.288798  -13.538798 (VIOLATED)
_7695_/A                                0.750000   14.288798  -13.538798 (VIOLATED)
_7696_/A                                0.750000   14.288798  -13.538798 (VIOLATED)
_7697_/A                                0.750000   14.288798  -13.538798 (VIOLATED)
_7698_/A                                0.750000   14.288798  -13.538798 (VIOLATED)
_7699_/A                                0.750000   14.288798  -13.538798 (VIOLATED)
_7700_/A                                0.750000   14.288798  -13.538798 (VIOLATED)
_7701_/A                                0.750000   14.288798  -13.538798 (VIOLATED)
_7702_/A                                0.750000   14.288798  -13.538798 (VIOLATED)
_7703_/A                                0.750000   14.288798  -13.538798 (VIOLATED)
_7704_/A                                0.750000   14.288798  -13.538798 (VIOLATED)
_7705_/A                                0.750000   14.288798  -13.538798 (VIOLATED)
_7706_/A                                0.750000   14.288798  -13.538798 (VIOLATED)
_7707_/A                                0.750000   14.288798  -13.538798 (VIOLATED)
_7708_/A                                0.750000   14.288798  -13.538798 (VIOLATED)
_7709_/A                                0.750000   14.288798  -13.538798 (VIOLATED)
_7710_/A                                0.750000   14.288798  -13.538798 (VIOLATED)
_7711_/A                                0.750000   14.288798  -13.538798 (VIOLATED)
_7712_/A                                0.750000   14.288798  -13.538798 (VIOLATED)
_7713_/A                                0.750000   14.288798  -13.538798 (VIOLATED)
_7714_/A                                0.750000   14.288798  -13.538798 (VIOLATED)
_7715_/A                                0.750000   14.288798  -13.538798 (VIOLATED)
_7716_/A                                0.750000   14.288798  -13.538798 (VIOLATED)
_7717_/A                                0.750000   14.288798  -13.538798 (VIOLATED)
_7718_/A                                0.750000   14.288798  -13.538798 (VIOLATED)
_7719_/A                                0.750000   14.288798  -13.538798 (VIOLATED)
_7720_/A                                0.750000   14.288798  -13.538798 (VIOLATED)
_7721_/A                                0.750000   14.288798  -13.538798 (VIOLATED)
_7722_/A                                0.750000   14.288798  -13.538798 (VIOLATED)
_7723_/A                                0.750000   14.288798  -13.538798 (VIOLATED)
_7724_/A                                0.750000   14.288798  -13.538798 (VIOLATED)
_7725_/A                                0.750000   14.288798  -13.538798 (VIOLATED)
_7726_/A                                0.750000   14.288798  -13.538798 (VIOLATED)
_7727_/A                                0.750000   14.288798  -13.538798 (VIOLATED)
_7728_/A                                0.750000   14.288798  -13.538798 (VIOLATED)
_7729_/A                                0.750000   14.288798  -13.538798 (VIOLATED)
_7730_/A                                0.750000   14.288798  -13.538798 (VIOLATED)
_7731_/A                                0.750000   14.288798  -13.538798 (VIOLATED)
_7732_/A                                0.750000   14.288798  -13.538798 (VIOLATED)
_7733_/A                                0.750000   14.288798  -13.538798 (VIOLATED)
_7734_/A                                0.750000   14.288798  -13.538798 (VIOLATED)
_7735_/A                                0.750000   14.288798  -13.538798 (VIOLATED)
_7736_/A                                0.750000   14.288798  -13.538798 (VIOLATED)
_7737_/A                                0.750000   14.288798  -13.538798 (VIOLATED)
_7738_/A                                0.750000   14.288798  -13.538798 (VIOLATED)
_7739_/A                                0.750000   14.288798  -13.538798 (VIOLATED)
_7740_/A                                0.750000   14.288798  -13.538798 (VIOLATED)
_7741_/A                                0.750000   14.288798  -13.538798 (VIOLATED)
_7742_/A                                0.750000   14.288798  -13.538798 (VIOLATED)
_7743_/A                                0.750000   14.288798  -13.538798 (VIOLATED)
_7744_/A                                0.750000   14.288798  -13.538798 (VIOLATED)
_7745_/A                                0.750000   14.288798  -13.538798 (VIOLATED)
_7746_/A                                0.750000   14.288798  -13.538798 (VIOLATED)
_7747_/A                                0.750000   14.288798  -13.538798 (VIOLATED)
_7748_/A                                0.750000   14.288798  -13.538798 (VIOLATED)
_7749_/A                                0.750000   14.288798  -13.538798 (VIOLATED)
_7750_/A                                0.750000   14.288798  -13.538798 (VIOLATED)
_7751_/A                                0.750000   14.288798  -13.538798 (VIOLATED)
_7752_/A                                0.750000   14.288798  -13.538798 (VIOLATED)
_7753_/A                                0.750000   14.288798  -13.538798 (VIOLATED)
_7754_/A                                0.750000   14.288798  -13.538798 (VIOLATED)
_7755_/A                                0.750000   14.288798  -13.538798 (VIOLATED)
_7756_/A                                0.750000   14.288798  -13.538798 (VIOLATED)
_7757_/A                                0.750000   14.288798  -13.538798 (VIOLATED)
_7758_/A                                0.750000   14.288798  -13.538798 (VIOLATED)
_7759_/A                                0.750000   14.288798  -13.538798 (VIOLATED)
_7760_/A                                0.750000   14.288798  -13.538798 (VIOLATED)
_7761_/A                                0.750000   14.288798  -13.538798 (VIOLATED)
_7762_/A                                0.750000   14.288798  -13.538798 (VIOLATED)
_7763_/A                                0.750000   14.288798  -13.538798 (VIOLATED)
_7764_/A                                0.750000   14.288798  -13.538798 (VIOLATED)
_7765_/A                                0.750000   14.288798  -13.538798 (VIOLATED)
_7766_/A                                0.750000   14.288798  -13.538798 (VIOLATED)
_7767_/A                                0.750000   14.288798  -13.538798 (VIOLATED)
_7768_/A                                0.750000   14.288798  -13.538798 (VIOLATED)
_7769_/A                                0.750000   14.288798  -13.538798 (VIOLATED)
_7770_/A                                0.750000   14.288798  -13.538798 (VIOLATED)
_7771_/A                                0.750000   14.288798  -13.538798 (VIOLATED)
_7772_/A                                0.750000   14.288798  -13.538798 (VIOLATED)
_7773_/A                                0.750000   14.288798  -13.538798 (VIOLATED)
_7774_/A                                0.750000   14.288798  -13.538798 (VIOLATED)
_7775_/A                                0.750000   14.288798  -13.538798 (VIOLATED)
_7776_/A                                0.750000   14.288798  -13.538798 (VIOLATED)
_7777_/A                                0.750000   14.288798  -13.538798 (VIOLATED)
_7778_/A                                0.750000   14.288798  -13.538798 (VIOLATED)
_7779_/A                                0.750000   14.288798  -13.538798 (VIOLATED)
_7780_/A                                0.750000   14.288798  -13.538798 (VIOLATED)
_7781_/A                                0.750000   14.288798  -13.538798 (VIOLATED)
_7782_/A                                0.750000   14.288798  -13.538798 (VIOLATED)
pc_out[3]                               0.750000    2.149844   -1.399844 (VIOLATED)
_3847_/B                                0.750000    2.149844   -1.399844 (VIOLATED)
_3848_/A                                0.750000    2.149844   -1.399844 (VIOLATED)
_3850_/A1                               0.750000    2.149844   -1.399844 (VIOLATED)
_3853_/B                                0.750000    2.149844   -1.399844 (VIOLATED)
_3857_/A2                               0.750000    2.149844   -1.399844 (VIOLATED)
_3858_/A3                               0.750000    2.149844   -1.399844 (VIOLATED)
_3860_/A1                               0.750000    2.149844   -1.399844 (VIOLATED)
_3861_/B                                0.750000    2.149844   -1.399844 (VIOLATED)
_3866_/B                                0.750000    2.149844   -1.399844 (VIOLATED)
_3867_/A2                               0.750000    2.149844   -1.399844 (VIOLATED)
_3868_/B                                0.750000    2.149844   -1.399844 (VIOLATED)
_3875_/B                                0.750000    2.149844   -1.399844 (VIOLATED)
_3879_/A1                               0.750000    2.149844   -1.399844 (VIOLATED)
_3880_/A                                0.750000    2.149844   -1.399844 (VIOLATED)
_3882_/A                                0.750000    2.149844   -1.399844 (VIOLATED)
_3903_/A2                               0.750000    2.149844   -1.399844 (VIOLATED)
_3907_/A1                               0.750000    2.149844   -1.399844 (VIOLATED)
_3908_/A2                               0.750000    2.149844   -1.399844 (VIOLATED)
_3909_/B                                0.750000    2.149844   -1.399844 (VIOLATED)
_3911_/B                                0.750000    2.149844   -1.399844 (VIOLATED)
_3917_/A1                               0.750000    2.149844   -1.399844 (VIOLATED)
_3924_/B                                0.750000    2.149844   -1.399844 (VIOLATED)
_3928_/A2                               0.750000    2.149844   -1.399844 (VIOLATED)
_3944_/B                                0.750000    2.149844   -1.399844 (VIOLATED)
_3956_/A2                               0.750000    2.149844   -1.399844 (VIOLATED)
_3957_/A2                               0.750000    2.149844   -1.399844 (VIOLATED)
_3960_/A_N                              0.750000    2.149844   -1.399844 (VIOLATED)
_3963_/A2                               0.750000    2.149844   -1.399844 (VIOLATED)
_3966_/A                                0.750000    2.149844   -1.399844 (VIOLATED)
_3976_/A1                               0.750000    2.149844   -1.399844 (VIOLATED)
_3982_/A1                               0.750000    2.149844   -1.399844 (VIOLATED)
_3996_/B                                0.750000    2.149844   -1.399844 (VIOLATED)
_4008_/A                                0.750000    2.149844   -1.399844 (VIOLATED)
_4053_/A                                0.750000    2.149844   -1.399844 (VIOLATED)
_4080_/A_N                              0.750000    2.149844   -1.399844 (VIOLATED)
_4109_/B                                0.750000    2.149844   -1.399844 (VIOLATED)
_4116_/A1                               0.750000    2.149844   -1.399844 (VIOLATED)
_4185_/A                                0.750000    2.149844   -1.399844 (VIOLATED)
_4186_/A                                0.750000    2.149844   -1.399844 (VIOLATED)
_4272_/A                                0.750000    2.149844   -1.399844 (VIOLATED)
_4275_/A1                               0.750000    2.149844   -1.399844 (VIOLATED)
_4320_/A1                               0.750000    2.149844   -1.399844 (VIOLATED)
_4485_/C                                0.750000    2.149844   -1.399844 (VIOLATED)
_4508_/D                                0.750000    2.149844   -1.399844 (VIOLATED)
_4535_/A1                               0.750000    2.149844   -1.399844 (VIOLATED)
_4628_/A                                0.750000    2.149844   -1.399844 (VIOLATED)
_4652_/A                                0.750000    2.149844   -1.399844 (VIOLATED)
_4672_/A                                0.750000    2.149844   -1.399844 (VIOLATED)
_4673_/A                                0.750000    2.149844   -1.399844 (VIOLATED)
_4702_/A                                0.750000    2.149844   -1.399844 (VIOLATED)
_4807_/A2                               0.750000    2.149844   -1.399844 (VIOLATED)
_4863_/A                                0.750000    2.149844   -1.399844 (VIOLATED)
_4883_/A                                0.750000    2.149844   -1.399844 (VIOLATED)
_4944_/A                                0.750000    2.149844   -1.399844 (VIOLATED)
_4968_/A                                0.750000    2.149844   -1.399844 (VIOLATED)
_5001_/A                                0.750000    2.149844   -1.399844 (VIOLATED)
_5546_/B                                0.750000    2.149844   -1.399844 (VIOLATED)
_5717_/A1                               0.750000    2.149844   -1.399844 (VIOLATED)
_6174_/A                                0.750000    2.149844   -1.399844 (VIOLATED)
_6214_/A1                               0.750000    2.149844   -1.399844 (VIOLATED)
_6215_/A1                               0.750000    2.149844   -1.399844 (VIOLATED)
_6216_/A1                               0.750000    2.149844   -1.399844 (VIOLATED)
_6217_/A1                               0.750000    2.149844   -1.399844 (VIOLATED)
_6218_/A1                               0.750000    2.149844   -1.399844 (VIOLATED)
_6219_/A1                               0.750000    2.149844   -1.399844 (VIOLATED)
_6220_/A1                               0.750000    2.149844   -1.399844 (VIOLATED)
_6221_/A1                               0.750000    2.149844   -1.399844 (VIOLATED)
_6222_/A1                               0.750000    2.149844   -1.399844 (VIOLATED)
_6223_/A1                               0.750000    2.149844   -1.399844 (VIOLATED)
_6226_/A1                               0.750000    2.149844   -1.399844 (VIOLATED)
_6227_/A1                               0.750000    2.149844   -1.399844 (VIOLATED)
_6228_/A1                               0.750000    2.149844   -1.399844 (VIOLATED)
_6229_/A1                               0.750000    2.149844   -1.399844 (VIOLATED)
_6230_/A1                               0.750000    2.149844   -1.399844 (VIOLATED)
_6231_/A1                               0.750000    2.149844   -1.399844 (VIOLATED)
_6232_/A1                               0.750000    2.149844   -1.399844 (VIOLATED)
_6233_/A1                               0.750000    2.149844   -1.399844 (VIOLATED)
_6234_/A1                               0.750000    2.149844   -1.399844 (VIOLATED)
_6235_/A1                               0.750000    2.149844   -1.399844 (VIOLATED)
_6238_/A1                               0.750000    2.149844   -1.399844 (VIOLATED)
_6239_/A1                               0.750000    2.149844   -1.399844 (VIOLATED)
_6240_/A1                               0.750000    2.149844   -1.399844 (VIOLATED)
_6241_/A1                               0.750000    2.149844   -1.399844 (VIOLATED)
_6242_/A1                               0.750000    2.149844   -1.399844 (VIOLATED)
_6243_/A1                               0.750000    2.149844   -1.399844 (VIOLATED)
_6244_/A1                               0.750000    2.149844   -1.399844 (VIOLATED)
_6245_/A1                               0.750000    2.149844   -1.399844 (VIOLATED)
_6246_/A1                               0.750000    2.149844   -1.399844 (VIOLATED)
_6247_/A1                               0.750000    2.149844   -1.399844 (VIOLATED)
_6248_/A1                               0.750000    2.149844   -1.399844 (VIOLATED)
_6703_/B                                0.750000    2.149844   -1.399844 (VIOLATED)
_8100_/Q                                0.750000    2.149844   -1.399844 (VIOLATED)
pc_out[6]                               0.750000    1.727292   -0.977292 (VIOLATED)
_3853_/A_N                              0.750000    1.727292   -0.977292 (VIOLATED)
_3854_/A1                               0.750000    1.727292   -0.977292 (VIOLATED)
_3855_/A                                0.750000    1.727292   -0.977292 (VIOLATED)
_3858_/B1                               0.750000    1.727292   -0.977292 (VIOLATED)
_3871_/A                                0.750000    1.727292   -0.977292 (VIOLATED)
_3877_/A_N                              0.750000    1.727292   -0.977292 (VIOLATED)
_3884_/B                                0.750000    1.727292   -0.977292 (VIOLATED)
_3886_/A                                0.750000    1.727292   -0.977292 (VIOLATED)
_3907_/B1                               0.750000    1.727292   -0.977292 (VIOLATED)
_3911_/A_N                              0.750000    1.727292   -0.977292 (VIOLATED)
_3912_/A1                               0.750000    1.727292   -0.977292 (VIOLATED)
_3933_/A1                               0.750000    1.727292   -0.977292 (VIOLATED)
_3939_/B                                0.750000    1.727292   -0.977292 (VIOLATED)
_3946_/B1                               0.750000    1.727292   -0.977292 (VIOLATED)
_3958_/A                                0.750000    1.727292   -0.977292 (VIOLATED)
_3960_/B                                0.750000    1.727292   -0.977292 (VIOLATED)
_3977_/A3                               0.750000    1.727292   -0.977292 (VIOLATED)
_3980_/B                                0.750000    1.727292   -0.977292 (VIOLATED)
_3986_/C1                               0.750000    1.727292   -0.977292 (VIOLATED)
_3996_/C                                0.750000    1.727292   -0.977292 (VIOLATED)
_4010_/B                                0.750000    1.727292   -0.977292 (VIOLATED)
_4112_/B                                0.750000    1.727292   -0.977292 (VIOLATED)
_4283_/B                                0.750000    1.727292   -0.977292 (VIOLATED)
_4346_/A3                               0.750000    1.727292   -0.977292 (VIOLATED)
_4472_/A                                0.750000    1.727292   -0.977292 (VIOLATED)
_4486_/A                                0.750000    1.727292   -0.977292 (VIOLATED)
_4501_/C                                0.750000    1.727292   -0.977292 (VIOLATED)
_4507_/A2                               0.750000    1.727292   -0.977292 (VIOLATED)
_4528_/C                                0.750000    1.727292   -0.977292 (VIOLATED)
_4706_/B                                0.750000    1.727292   -0.977292 (VIOLATED)
_4824_/A3                               0.750000    1.727292   -0.977292 (VIOLATED)
_4959_/A2                               0.750000    1.727292   -0.977292 (VIOLATED)
_5367_/C1                               0.750000    1.727292   -0.977292 (VIOLATED)
_5515_/A3                               0.750000    1.727292   -0.977292 (VIOLATED)
_5546_/C                                0.750000    1.727292   -0.977292 (VIOLATED)
_5708_/C                                0.750000    1.727292   -0.977292 (VIOLATED)
_5735_/A_N                              0.750000    1.727292   -0.977292 (VIOLATED)
_5742_/A                                0.750000    1.727292   -0.977292 (VIOLATED)
_5757_/A1                               0.750000    1.727292   -0.977292 (VIOLATED)
_5869_/A1                               0.750000    1.727292   -0.977292 (VIOLATED)
_5947_/A_N                              0.750000    1.727292   -0.977292 (VIOLATED)
_5999_/A_N                              0.750000    1.727292   -0.977292 (VIOLATED)
_6037_/A_N                              0.750000    1.727292   -0.977292 (VIOLATED)
_6067_/A                                0.750000    1.727292   -0.977292 (VIOLATED)
_6084_/A                                0.750000    1.727292   -0.977292 (VIOLATED)
_6142_/A1                               0.750000    1.727292   -0.977292 (VIOLATED)
_6145_/A                                0.750000    1.727292   -0.977292 (VIOLATED)
_6180_/A                                0.750000    1.727292   -0.977292 (VIOLATED)
_6185_/B1                               0.750000    1.727292   -0.977292 (VIOLATED)
_6312_/B                                0.750000    1.727292   -0.977292 (VIOLATED)
_6315_/A2                               0.750000    1.727292   -0.977292 (VIOLATED)
_6607_/A1                               0.750000    1.727292   -0.977292 (VIOLATED)
_6618_/A2                               0.750000    1.727292   -0.977292 (VIOLATED)
_6619_/A2                               0.750000    1.727292   -0.977292 (VIOLATED)
_6620_/A2                               0.750000    1.727292   -0.977292 (VIOLATED)
_6622_/A2                               0.750000    1.727292   -0.977292 (VIOLATED)
_6623_/A2                               0.750000    1.727292   -0.977292 (VIOLATED)
_6625_/A2                               0.750000    1.727292   -0.977292 (VIOLATED)
_6626_/A2                               0.750000    1.727292   -0.977292 (VIOLATED)
_6627_/A2                               0.750000    1.727292   -0.977292 (VIOLATED)
_6630_/A2                               0.750000    1.727292   -0.977292 (VIOLATED)
_6632_/A2                               0.750000    1.727292   -0.977292 (VIOLATED)
_6635_/A2                               0.750000    1.727292   -0.977292 (VIOLATED)
_6636_/A2                               0.750000    1.727292   -0.977292 (VIOLATED)
_6638_/A2                               0.750000    1.727292   -0.977292 (VIOLATED)
_6640_/A2                               0.750000    1.727292   -0.977292 (VIOLATED)
_6641_/A2                               0.750000    1.727292   -0.977292 (VIOLATED)
_6642_/A2                               0.750000    1.727292   -0.977292 (VIOLATED)
_6643_/A2                               0.750000    1.727292   -0.977292 (VIOLATED)
_6644_/A2                               0.750000    1.727292   -0.977292 (VIOLATED)
_6645_/A2                               0.750000    1.727292   -0.977292 (VIOLATED)
_6646_/A2                               0.750000    1.727292   -0.977292 (VIOLATED)
_6647_/A2                               0.750000    1.727292   -0.977292 (VIOLATED)
_6648_/A2                               0.750000    1.727292   -0.977292 (VIOLATED)
_6649_/A2                               0.750000    1.727292   -0.977292 (VIOLATED)
_6650_/A2                               0.750000    1.727292   -0.977292 (VIOLATED)
_6651_/A2                               0.750000    1.727292   -0.977292 (VIOLATED)
_6656_/A3                               0.750000    1.727292   -0.977292 (VIOLATED)
_8103_/Q                                0.750000    1.727292   -0.977292 (VIOLATED)
pc_out[2]                               0.750000    1.679768   -0.929768 (VIOLATED)
_3849_/B                                0.750000    1.679768   -0.929768 (VIOLATED)
_3850_/A2                               0.750000    1.679768   -0.929768 (VIOLATED)
_3857_/B1                               0.750000    1.679768   -0.929768 (VIOLATED)
_3858_/A4                               0.750000    1.679768   -0.929768 (VIOLATED)
_3860_/A2                               0.750000    1.679768   -0.929768 (VIOLATED)
_3861_/C                                0.750000    1.679768   -0.929768 (VIOLATED)
_3866_/C                                0.750000    1.679768   -0.929768 (VIOLATED)
_3870_/B1                               0.750000    1.679768   -0.929768 (VIOLATED)
_3875_/C_N                              0.750000    1.679768   -0.929768 (VIOLATED)
_3879_/A2                               0.750000    1.679768   -0.929768 (VIOLATED)
_3880_/B                                0.750000    1.679768   -0.929768 (VIOLATED)
_3882_/B                                0.750000    1.679768   -0.929768 (VIOLATED)
_3907_/A2                               0.750000    1.679768   -0.929768 (VIOLATED)
_3910_/A1                               0.750000    1.679768   -0.929768 (VIOLATED)
_3917_/A2                               0.750000    1.679768   -0.929768 (VIOLATED)
_3923_/A2                               0.750000    1.679768   -0.929768 (VIOLATED)
_3925_/A                                0.750000    1.679768   -0.929768 (VIOLATED)
_3926_/A2                               0.750000    1.679768   -0.929768 (VIOLATED)
_3927_/A                                0.750000    1.679768   -0.929768 (VIOLATED)
_3944_/C_N                              0.750000    1.679768   -0.929768 (VIOLATED)
_3946_/A2                               0.750000    1.679768   -0.929768 (VIOLATED)
_3952_/A1                               0.750000    1.679768   -0.929768 (VIOLATED)
_3956_/B1                               0.750000    1.679768   -0.929768 (VIOLATED)
_3964_/A1                               0.750000    1.679768   -0.929768 (VIOLATED)
_3965_/B1                               0.750000    1.679768   -0.929768 (VIOLATED)
_3966_/B                                0.750000    1.679768   -0.929768 (VIOLATED)
_3971_/D                                0.750000    1.679768   -0.929768 (VIOLATED)
_3982_/A2                               0.750000    1.679768   -0.929768 (VIOLATED)
_3985_/A_N                              0.750000    1.679768   -0.929768 (VIOLATED)
_4002_/A2                               0.750000    1.679768   -0.929768 (VIOLATED)
_4008_/B                                0.750000    1.679768   -0.929768 (VIOLATED)
_4010_/A                                0.750000    1.679768   -0.929768 (VIOLATED)
_4012_/D                                0.750000    1.679768   -0.929768 (VIOLATED)
_4080_/B                                0.750000    1.679768   -0.929768 (VIOLATED)
_4109_/A_N                              0.750000    1.679768   -0.929768 (VIOLATED)
_4111_/A                                0.750000    1.679768   -0.929768 (VIOLATED)
_4117_/B2                               0.750000    1.679768   -0.929768 (VIOLATED)
_4143_/A2                               0.750000    1.679768   -0.929768 (VIOLATED)
_4346_/A2                               0.750000    1.679768   -0.929768 (VIOLATED)
_4361_/A1                               0.750000    1.679768   -0.929768 (VIOLATED)
_4485_/D                                0.750000    1.679768   -0.929768 (VIOLATED)
_4518_/C                                0.750000    1.679768   -0.929768 (VIOLATED)
_4824_/A2                               0.750000    1.679768   -0.929768 (VIOLATED)
_5130_/A1                               0.750000    1.679768   -0.929768 (VIOLATED)
_5366_/B                                0.750000    1.679768   -0.929768 (VIOLATED)
_5553_/A3                               0.750000    1.679768   -0.929768 (VIOLATED)
_5717_/A2                               0.750000    1.679768   -0.929768 (VIOLATED)
_5808_/A                                0.750000    1.679768   -0.929768 (VIOLATED)
_5830_/A1                               0.750000    1.679768   -0.929768 (VIOLATED)
_5920_/A1                               0.750000    1.679768   -0.929768 (VIOLATED)
_6108_/A1                               0.750000    1.679768   -0.929768 (VIOLATED)
_6157_/A1                               0.750000    1.679768   -0.929768 (VIOLATED)
_6161_/A1                               0.750000    1.679768   -0.929768 (VIOLATED)
_6191_/A2                               0.750000    1.679768   -0.929768 (VIOLATED)
_6199_/B1                               0.750000    1.679768   -0.929768 (VIOLATED)
_6204_/A1                               0.750000    1.679768   -0.929768 (VIOLATED)
_6207_/A2                               0.750000    1.679768   -0.929768 (VIOLATED)
_6609_/A4                               0.750000    1.679768   -0.929768 (VIOLATED)
_6610_/A4                               0.750000    1.679768   -0.929768 (VIOLATED)
_6611_/A4                               0.750000    1.679768   -0.929768 (VIOLATED)
_6612_/A4                               0.750000    1.679768   -0.929768 (VIOLATED)
_6656_/A2                               0.750000    1.679768   -0.929768 (VIOLATED)
_6699_/C1                               0.750000    1.679768   -0.929768 (VIOLATED)
_6703_/C                                0.750000    1.679768   -0.929768 (VIOLATED)
_8099_/Q                                0.750000    1.679768   -0.929768 (VIOLATED)
pc_out[4]                               0.750000    1.242987   -0.492987 (VIOLATED)
_3849_/A                                0.750000    1.242987   -0.492987 (VIOLATED)
_3850_/B1                               0.750000    1.242987   -0.492987 (VIOLATED)
_3853_/C                                0.750000    1.242987   -0.492987 (VIOLATED)
_3857_/A1                               0.750000    1.242987   -0.492987 (VIOLATED)
_3858_/A2                               0.750000    1.242987   -0.492987 (VIOLATED)
_3860_/B1                               0.750000    1.242987   -0.492987 (VIOLATED)
_3861_/A                                0.750000    1.242987   -0.492987 (VIOLATED)
_3865_/A                                0.750000    1.242987   -0.492987 (VIOLATED)
_3867_/A1                               0.750000    1.242987   -0.492987 (VIOLATED)
_3868_/A                                0.750000    1.242987   -0.492987 (VIOLATED)
_3903_/A1                               0.750000    1.242987   -0.492987 (VIOLATED)
_3905_/B1_N                             0.750000    1.242987   -0.492987 (VIOLATED)
_3908_/A1                               0.750000    1.242987   -0.492987 (VIOLATED)
_3909_/A                                0.750000    1.242987   -0.492987 (VIOLATED)
_3911_/C                                0.750000    1.242987   -0.492987 (VIOLATED)
_3917_/B1                               0.750000    1.242987   -0.492987 (VIOLATED)
_3923_/A1                               0.750000    1.242987   -0.492987 (VIOLATED)
_3924_/A                                0.750000    1.242987   -0.492987 (VIOLATED)
_3928_/A1                               0.750000    1.242987   -0.492987 (VIOLATED)
_3944_/A                                0.750000    1.242987   -0.492987 (VIOLATED)
_3956_/A1                               0.750000    1.242987   -0.492987 (VIOLATED)
_3957_/A1                               0.750000    1.242987   -0.492987 (VIOLATED)
_3963_/A1                               0.750000    1.242987   -0.492987 (VIOLATED)
_3966_/C_N                              0.750000    1.242987   -0.492987 (VIOLATED)
_3985_/B                                0.750000    1.242987   -0.492987 (VIOLATED)
_3998_/D                                0.750000    1.242987   -0.492987 (VIOLATED)
_4012_/C                                0.750000    1.242987   -0.492987 (VIOLATED)
_4082_/B                                0.750000    1.242987   -0.492987 (VIOLATED)
_4109_/C                                0.750000    1.242987   -0.492987 (VIOLATED)
_4111_/B_N                              0.750000    1.242987   -0.492987 (VIOLATED)
_4113_/A1                               0.750000    1.242987   -0.492987 (VIOLATED)
_4143_/A1                               0.750000    1.242987   -0.492987 (VIOLATED)
_4164_/A4                               0.750000    1.242987   -0.492987 (VIOLATED)
_4485_/B                                0.750000    1.242987   -0.492987 (VIOLATED)
_5553_/A1                               0.750000    1.242987   -0.492987 (VIOLATED)
_6195_/A1                               0.750000    1.242987   -0.492987 (VIOLATED)
_6703_/A                                0.750000    1.242987   -0.492987 (VIOLATED)
_8101_/Q                                0.750000    1.242987   -0.492987 (VIOLATED)
pc_out[5]                               0.750000    1.231222   -0.481222 (VIOLATED)
_3847_/A                                0.750000    1.231222   -0.481222 (VIOLATED)
_3852_/A                                0.750000    1.231222   -0.481222 (VIOLATED)
_3858_/A1                               0.750000    1.231222   -0.481222 (VIOLATED)
_3862_/B1_N                             0.750000    1.231222   -0.481222 (VIOLATED)
_3866_/D                                0.750000    1.231222   -0.481222 (VIOLATED)
_3867_/B1                               0.750000    1.231222   -0.481222 (VIOLATED)
_3877_/B                                0.750000    1.231222   -0.481222 (VIOLATED)
_3884_/A                                0.750000    1.231222   -0.481222 (VIOLATED)
_3886_/B_N                              0.750000    1.231222   -0.481222 (VIOLATED)
_3904_/A1                               0.750000    1.231222   -0.481222 (VIOLATED)
_3908_/B1                               0.750000    1.231222   -0.481222 (VIOLATED)
_3910_/B2                               0.750000    1.231222   -0.481222 (VIOLATED)
_3911_/D                                0.750000    1.231222   -0.481222 (VIOLATED)
_3921_/B2                               0.750000    1.231222   -0.481222 (VIOLATED)
_3926_/B1                               0.750000    1.231222   -0.481222 (VIOLATED)
_3932_/B1                               0.750000    1.231222   -0.481222 (VIOLATED)
_3946_/A1                               0.750000    1.231222   -0.481222 (VIOLATED)
_3952_/B1                               0.750000    1.231222   -0.481222 (VIOLATED)
_3959_/A1_N                             0.750000    1.231222   -0.481222 (VIOLATED)
_3963_/B1                               0.750000    1.231222   -0.481222 (VIOLATED)
_3967_/A                                0.750000    1.231222   -0.481222 (VIOLATED)
_3971_/C                                0.750000    1.231222   -0.481222 (VIOLATED)
_3980_/A                                0.750000    1.231222   -0.481222 (VIOLATED)
_3996_/A                                0.750000    1.231222   -0.481222 (VIOLATED)
_3998_/C                                0.750000    1.231222   -0.481222 (VIOLATED)
_4002_/A1                               0.750000    1.231222   -0.481222 (VIOLATED)
_4088_/D                                0.750000    1.231222   -0.481222 (VIOLATED)
_4102_/A                                0.750000    1.231222   -0.481222 (VIOLATED)
_4112_/A                                0.750000    1.231222   -0.481222 (VIOLATED)
_4117_/A1                               0.750000    1.231222   -0.481222 (VIOLATED)
_4195_/A1                               0.750000    1.231222   -0.481222 (VIOLATED)
_4304_/A1                               0.750000    1.231222   -0.481222 (VIOLATED)
_4485_/A                                0.750000    1.231222   -0.481222 (VIOLATED)
_4959_/A1                               0.750000    1.231222   -0.481222 (VIOLATED)
_5366_/A                                0.750000    1.231222   -0.481222 (VIOLATED)
_5546_/A                                0.750000    1.231222   -0.481222 (VIOLATED)
_6191_/A1                               0.750000    1.231222   -0.481222 (VIOLATED)
_6312_/A                                0.750000    1.231222   -0.481222 (VIOLATED)
_6315_/A1                               0.750000    1.231222   -0.481222 (VIOLATED)
_6609_/A3                               0.750000    1.231222   -0.481222 (VIOLATED)
_6610_/A3                               0.750000    1.231222   -0.481222 (VIOLATED)
_6611_/A3                               0.750000    1.231222   -0.481222 (VIOLATED)
_6612_/A3                               0.750000    1.231222   -0.481222 (VIOLATED)
_6657_/A                                0.750000    1.231222   -0.481222 (VIOLATED)
_6704_/A1                               0.750000    1.231222   -0.481222 (VIOLATED)
_8102_/Q                                0.750000    1.231222   -0.481222 (VIOLATED)
instruction_out[3]                      0.750000    1.226530   -0.476530 (VIOLATED)
_5558_/X                                0.750000    1.226530   -0.476530 (VIOLATED)
_5561_/A1                               0.750000    1.226530   -0.476530 (VIOLATED)
_5718_/A1                               0.750000    1.226530   -0.476530 (VIOLATED)
_5736_/A1                               0.750000    1.226530   -0.476530 (VIOLATED)
_5993_/B2                               0.750000    1.226530   -0.476530 (VIOLATED)
_6033_/A1                               0.750000    1.226530   -0.476530 (VIOLATED)
_6092_/B1                               0.750000    1.226530   -0.476530 (VIOLATED)
_6190_/B1                               0.750000    1.226530   -0.476530 (VIOLATED)
_6195_/A2                               0.750000    1.226530   -0.476530 (VIOLATED)
_6699_/B1                               0.750000    1.226530   -0.476530 (VIOLATED)
_7340_/Y                                0.750000    1.148792   -0.398792 (VIOLATED)
_7341_/Y                                0.750000    1.148792   -0.398792 (VIOLATED)
_7342_/Y                                0.750000    1.148792   -0.398792 (VIOLATED)
_7343_/Y                                0.750000    1.148792   -0.398792 (VIOLATED)
_7344_/Y                                0.750000    1.148792   -0.398792 (VIOLATED)
_7345_/Y                                0.750000    1.148792   -0.398792 (VIOLATED)
_7346_/Y                                0.750000    1.148792   -0.398792 (VIOLATED)
_7347_/Y                                0.750000    1.148792   -0.398792 (VIOLATED)
_7348_/Y                                0.750000    1.148792   -0.398792 (VIOLATED)
_7349_/Y                                0.750000    1.148792   -0.398792 (VIOLATED)
_7350_/Y                                0.750000    1.148792   -0.398792 (VIOLATED)
_7351_/Y                                0.750000    1.148792   -0.398792 (VIOLATED)
_7352_/Y                                0.750000    1.148792   -0.398792 (VIOLATED)
_7353_/Y                                0.750000    1.148792   -0.398792 (VIOLATED)
_7354_/Y                                0.750000    1.148792   -0.398792 (VIOLATED)
_7355_/Y                                0.750000    1.148792   -0.398792 (VIOLATED)
_7356_/Y                                0.750000    1.148792   -0.398792 (VIOLATED)
_7357_/Y                                0.750000    1.148792   -0.398792 (VIOLATED)
_7358_/Y                                0.750000    1.148792   -0.398792 (VIOLATED)
_7359_/Y                                0.750000    1.148792   -0.398792 (VIOLATED)
_7360_/Y                                0.750000    1.148792   -0.398792 (VIOLATED)
_7361_/Y                                0.750000    1.148792   -0.398792 (VIOLATED)
_7362_/Y                                0.750000    1.148792   -0.398792 (VIOLATED)
_7363_/Y                                0.750000    1.148792   -0.398792 (VIOLATED)
_7364_/Y                                0.750000    1.148792   -0.398792 (VIOLATED)
_7365_/Y                                0.750000    1.148792   -0.398792 (VIOLATED)
_7366_/Y                                0.750000    1.148792   -0.398792 (VIOLATED)
_7367_/Y                                0.750000    1.148792   -0.398792 (VIOLATED)
_7368_/Y                                0.750000    1.148792   -0.398792 (VIOLATED)
_7369_/Y                                0.750000    1.148792   -0.398792 (VIOLATED)
_7370_/Y                                0.750000    1.148792   -0.398792 (VIOLATED)
_7371_/Y                                0.750000    1.148792   -0.398792 (VIOLATED)
_7372_/Y                                0.750000    1.148792   -0.398792 (VIOLATED)
_7373_/Y                                0.750000    1.148792   -0.398792 (VIOLATED)
_7374_/Y                                0.750000    1.148792   -0.398792 (VIOLATED)
_7375_/Y                                0.750000    1.148792   -0.398792 (VIOLATED)
_7376_/Y                                0.750000    1.148792   -0.398792 (VIOLATED)
_7377_/Y                                0.750000    1.148792   -0.398792 (VIOLATED)
_7378_/Y                                0.750000    1.148792   -0.398792 (VIOLATED)
_7379_/Y                                0.750000    1.148792   -0.398792 (VIOLATED)
_7380_/Y                                0.750000    1.148792   -0.398792 (VIOLATED)
_7381_/Y                                0.750000    1.148792   -0.398792 (VIOLATED)
_7382_/Y                                0.750000    1.148792   -0.398792 (VIOLATED)
_7383_/Y                                0.750000    1.148792   -0.398792 (VIOLATED)
_7384_/Y                                0.750000    1.148792   -0.398792 (VIOLATED)
_7385_/Y                                0.750000    1.148792   -0.398792 (VIOLATED)
_7386_/Y                                0.750000    1.148792   -0.398792 (VIOLATED)
_7387_/Y                                0.750000    1.148792   -0.398792 (VIOLATED)
_7388_/Y                                0.750000    1.148792   -0.398792 (VIOLATED)
_7389_/Y                                0.750000    1.148792   -0.398792 (VIOLATED)
_7390_/Y                                0.750000    1.148792   -0.398792 (VIOLATED)
_7391_/Y                                0.750000    1.148792   -0.398792 (VIOLATED)
_7392_/Y                                0.750000    1.148792   -0.398792 (VIOLATED)
_7393_/Y                                0.750000    1.148792   -0.398792 (VIOLATED)
_7394_/Y                                0.750000    1.148792   -0.398792 (VIOLATED)
_7395_/Y                                0.750000    1.148792   -0.398792 (VIOLATED)
_7396_/Y                                0.750000    1.148792   -0.398792 (VIOLATED)
_7397_/Y                                0.750000    1.148792   -0.398792 (VIOLATED)
_7398_/Y                                0.750000    1.148792   -0.398792 (VIOLATED)
_7399_/Y                                0.750000    1.148792   -0.398792 (VIOLATED)
_7400_/Y                                0.750000    1.148792   -0.398792 (VIOLATED)
_7401_/Y                                0.750000    1.148792   -0.398792 (VIOLATED)
_7402_/Y                                0.750000    1.148792   -0.398792 (VIOLATED)
_7403_/Y                                0.750000    1.148792   -0.398792 (VIOLATED)
_7404_/Y                                0.750000    1.148792   -0.398792 (VIOLATED)
_7405_/Y                                0.750000    1.148792   -0.398792 (VIOLATED)
_7406_/Y                                0.750000    1.148792   -0.398792 (VIOLATED)
_7407_/Y                                0.750000    1.148792   -0.398792 (VIOLATED)
_7408_/Y                                0.750000    1.148792   -0.398792 (VIOLATED)
_7409_/Y                                0.750000    1.148792   -0.398792 (VIOLATED)
_7410_/Y                                0.750000    1.148792   -0.398792 (VIOLATED)
_7411_/Y                                0.750000    1.148792   -0.398792 (VIOLATED)
_7412_/Y                                0.750000    1.148792   -0.398792 (VIOLATED)
_7413_/Y                                0.750000    1.148792   -0.398792 (VIOLATED)
_7414_/Y                                0.750000    1.148792   -0.398792 (VIOLATED)
_7415_/Y                                0.750000    1.148792   -0.398792 (VIOLATED)
_7416_/Y                                0.750000    1.148792   -0.398792 (VIOLATED)
_7417_/Y                                0.750000    1.148792   -0.398792 (VIOLATED)
_7418_/Y                                0.750000    1.148792   -0.398792 (VIOLATED)
_7419_/Y                                0.750000    1.148792   -0.398792 (VIOLATED)
_7420_/Y                                0.750000    1.148792   -0.398792 (VIOLATED)
_7421_/Y                                0.750000    1.148792   -0.398792 (VIOLATED)
_7422_/Y                                0.750000    1.148792   -0.398792 (VIOLATED)
_7423_/Y                                0.750000    1.148792   -0.398792 (VIOLATED)
_7424_/Y                                0.750000    1.148792   -0.398792 (VIOLATED)
_7425_/Y                                0.750000    1.148792   -0.398792 (VIOLATED)
_7426_/Y                                0.750000    1.148792   -0.398792 (VIOLATED)
_7427_/Y                                0.750000    1.148792   -0.398792 (VIOLATED)
_7428_/Y                                0.750000    1.148792   -0.398792 (VIOLATED)
_7429_/Y                                0.750000    1.148792   -0.398792 (VIOLATED)
_7430_/Y                                0.750000    1.148792   -0.398792 (VIOLATED)
_7431_/Y                                0.750000    1.148792   -0.398792 (VIOLATED)
_7433_/Y                                0.750000    1.148792   -0.398792 (VIOLATED)
_7435_/Y                                0.750000    1.148792   -0.398792 (VIOLATED)
_7436_/Y                                0.750000    1.148792   -0.398792 (VIOLATED)
_7437_/Y                                0.750000    1.148792   -0.398792 (VIOLATED)
_7438_/Y                                0.750000    1.148792   -0.398792 (VIOLATED)
_7439_/Y                                0.750000    1.148792   -0.398792 (VIOLATED)
_7440_/Y                                0.750000    1.148792   -0.398792 (VIOLATED)
_7441_/Y                                0.750000    1.148792   -0.398792 (VIOLATED)
_7442_/Y                                0.750000    1.148792   -0.398792 (VIOLATED)
_7443_/Y                                0.750000    1.148792   -0.398792 (VIOLATED)
_7444_/Y                                0.750000    1.148792   -0.398792 (VIOLATED)
_7445_/Y                                0.750000    1.148792   -0.398792 (VIOLATED)
_7446_/Y                                0.750000    1.148792   -0.398792 (VIOLATED)
_7447_/Y                                0.750000    1.148792   -0.398792 (VIOLATED)
_7448_/Y                                0.750000    1.148792   -0.398792 (VIOLATED)
_7449_/Y                                0.750000    1.148792   -0.398792 (VIOLATED)
_7450_/Y                                0.750000    1.148792   -0.398792 (VIOLATED)
_7451_/Y                                0.750000    1.148792   -0.398792 (VIOLATED)
_7452_/Y                                0.750000    1.148792   -0.398792 (VIOLATED)
_7453_/Y                                0.750000    1.148792   -0.398792 (VIOLATED)
_7454_/Y                                0.750000    1.148792   -0.398792 (VIOLATED)
_7455_/Y                                0.750000    1.148792   -0.398792 (VIOLATED)
_7456_/Y                                0.750000    1.148792   -0.398792 (VIOLATED)
_7457_/Y                                0.750000    1.148792   -0.398792 (VIOLATED)
_7458_/Y                                0.750000    1.148792   -0.398792 (VIOLATED)
_7459_/Y                                0.750000    1.148792   -0.398792 (VIOLATED)
_7460_/Y                                0.750000    1.148792   -0.398792 (VIOLATED)
_7461_/Y                                0.750000    1.148792   -0.398792 (VIOLATED)
_7462_/Y                                0.750000    1.148792   -0.398792 (VIOLATED)
_7464_/Y                                0.750000    1.148792   -0.398792 (VIOLATED)
_7466_/Y                                0.750000    1.148792   -0.398792 (VIOLATED)
_7467_/Y                                0.750000    1.148792   -0.398792 (VIOLATED)
_7468_/Y                                0.750000    1.148792   -0.398792 (VIOLATED)
_7469_/Y                                0.750000    1.148792   -0.398792 (VIOLATED)
_7470_/Y                                0.750000    1.148792   -0.398792 (VIOLATED)
_7471_/Y                                0.750000    1.148792   -0.398792 (VIOLATED)
_7472_/Y                                0.750000    1.148792   -0.398792 (VIOLATED)
_7473_/Y                                0.750000    1.148792   -0.398792 (VIOLATED)
_7474_/Y                                0.750000    1.148792   -0.398792 (VIOLATED)
_7475_/Y                                0.750000    1.148792   -0.398792 (VIOLATED)
_7476_/Y                                0.750000    1.148792   -0.398792 (VIOLATED)
_7477_/Y                                0.750000    1.148792   -0.398792 (VIOLATED)
_7478_/Y                                0.750000    1.148792   -0.398792 (VIOLATED)
_7479_/Y                                0.750000    1.148792   -0.398792 (VIOLATED)
_7480_/Y                                0.750000    1.148792   -0.398792 (VIOLATED)
_7481_/Y                                0.750000    1.148792   -0.398792 (VIOLATED)
_7482_/Y                                0.750000    1.148792   -0.398792 (VIOLATED)
_7483_/Y                                0.750000    1.148792   -0.398792 (VIOLATED)
_7484_/Y                                0.750000    1.148792   -0.398792 (VIOLATED)
_7485_/Y                                0.750000    1.148792   -0.398792 (VIOLATED)
_7486_/Y                                0.750000    1.148792   -0.398792 (VIOLATED)
_7487_/Y                                0.750000    1.148792   -0.398792 (VIOLATED)
_7488_/Y                                0.750000    1.148792   -0.398792 (VIOLATED)
_7489_/Y                                0.750000    1.148792   -0.398792 (VIOLATED)
_7490_/Y                                0.750000    1.148792   -0.398792 (VIOLATED)
_7491_/Y                                0.750000    1.148792   -0.398792 (VIOLATED)
_7492_/Y                                0.750000    1.148792   -0.398792 (VIOLATED)
_7493_/Y                                0.750000    1.148792   -0.398792 (VIOLATED)
_7494_/Y                                0.750000    1.148792   -0.398792 (VIOLATED)
_7495_/Y                                0.750000    1.148792   -0.398792 (VIOLATED)
_7496_/Y                                0.750000    1.148792   -0.398792 (VIOLATED)
_7497_/Y                                0.750000    1.148792   -0.398792 (VIOLATED)
_7498_/Y                                0.750000    1.148792   -0.398792 (VIOLATED)
_7499_/Y                                0.750000    1.148792   -0.398792 (VIOLATED)
_7500_/Y                                0.750000    1.148792   -0.398792 (VIOLATED)
_7501_/Y                                0.750000    1.148792   -0.398792 (VIOLATED)
_7502_/Y                                0.750000    1.148792   -0.398792 (VIOLATED)
_7503_/Y                                0.750000    1.148792   -0.398792 (VIOLATED)
_7504_/Y                                0.750000    1.148792   -0.398792 (VIOLATED)
_7505_/Y                                0.750000    1.148792   -0.398792 (VIOLATED)
_7506_/Y                                0.750000    1.148792   -0.398792 (VIOLATED)
_7507_/Y                                0.750000    1.148792   -0.398792 (VIOLATED)
_7508_/Y                                0.750000    1.148792   -0.398792 (VIOLATED)
_7509_/Y                                0.750000    1.148792   -0.398792 (VIOLATED)
_7510_/Y                                0.750000    1.148792   -0.398792 (VIOLATED)
_7511_/Y                                0.750000    1.148792   -0.398792 (VIOLATED)
_7512_/Y                                0.750000    1.148792   -0.398792 (VIOLATED)
_7513_/Y                                0.750000    1.148792   -0.398792 (VIOLATED)
_7514_/Y                                0.750000    1.148792   -0.398792 (VIOLATED)
_7515_/Y                                0.750000    1.148792   -0.398792 (VIOLATED)
_7516_/Y                                0.750000    1.148792   -0.398792 (VIOLATED)
_7517_/Y                                0.750000    1.148792   -0.398792 (VIOLATED)
_7518_/Y                                0.750000    1.148792   -0.398792 (VIOLATED)
_7519_/Y                                0.750000    1.148792   -0.398792 (VIOLATED)
_7520_/Y                                0.750000    1.148792   -0.398792 (VIOLATED)
_7521_/Y                                0.750000    1.148792   -0.398792 (VIOLATED)
_7522_/Y                                0.750000    1.148792   -0.398792 (VIOLATED)
_7523_/Y                                0.750000    1.148792   -0.398792 (VIOLATED)
_7524_/Y                                0.750000    1.148792   -0.398792 (VIOLATED)
_7525_/Y                                0.750000    1.148792   -0.398792 (VIOLATED)
_7526_/Y                                0.750000    1.148792   -0.398792 (VIOLATED)
_7527_/Y                                0.750000    1.148792   -0.398792 (VIOLATED)
_7528_/Y                                0.750000    1.148792   -0.398792 (VIOLATED)
_7529_/Y                                0.750000    1.148792   -0.398792 (VIOLATED)
_7530_/Y                                0.750000    1.148792   -0.398792 (VIOLATED)
_7531_/Y                                0.750000    1.148792   -0.398792 (VIOLATED)
_7532_/Y                                0.750000    1.148792   -0.398792 (VIOLATED)
_7533_/Y                                0.750000    1.148792   -0.398792 (VIOLATED)
_7534_/Y                                0.750000    1.148792   -0.398792 (VIOLATED)
_7535_/Y                                0.750000    1.148792   -0.398792 (VIOLATED)
_7536_/Y                                0.750000    1.148792   -0.398792 (VIOLATED)
_7537_/Y                                0.750000    1.148792   -0.398792 (VIOLATED)
_7538_/Y                                0.750000    1.148792   -0.398792 (VIOLATED)
_7539_/Y                                0.750000    1.148792   -0.398792 (VIOLATED)
_7540_/Y                                0.750000    1.148792   -0.398792 (VIOLATED)
_7541_/Y                                0.750000    1.148792   -0.398792 (VIOLATED)
_7542_/Y                                0.750000    1.148792   -0.398792 (VIOLATED)
_7543_/Y                                0.750000    1.148792   -0.398792 (VIOLATED)
_7544_/Y                                0.750000    1.148792   -0.398792 (VIOLATED)
_7545_/Y                                0.750000    1.148792   -0.398792 (VIOLATED)
_7546_/Y                                0.750000    1.148792   -0.398792 (VIOLATED)
_7547_/Y                                0.750000    1.148792   -0.398792 (VIOLATED)
_7548_/Y                                0.750000    1.148792   -0.398792 (VIOLATED)
_7549_/Y                                0.750000    1.148792   -0.398792 (VIOLATED)
_7550_/Y                                0.750000    1.148792   -0.398792 (VIOLATED)
_7551_/Y                                0.750000    1.148792   -0.398792 (VIOLATED)
_7552_/Y                                0.750000    1.148792   -0.398792 (VIOLATED)
_7553_/Y                                0.750000    1.148792   -0.398792 (VIOLATED)
_7554_/Y                                0.750000    1.148792   -0.398792 (VIOLATED)
_7555_/Y                                0.750000    1.148792   -0.398792 (VIOLATED)
_7556_/Y                                0.750000    1.148792   -0.398792 (VIOLATED)
_7557_/Y                                0.750000    1.148792   -0.398792 (VIOLATED)
_7558_/Y                                0.750000    1.148792   -0.398792 (VIOLATED)
_7559_/Y                                0.750000    1.148792   -0.398792 (VIOLATED)
_7560_/Y                                0.750000    1.148792   -0.398792 (VIOLATED)
_7561_/Y                                0.750000    1.148792   -0.398792 (VIOLATED)
_7562_/Y                                0.750000    1.148792   -0.398792 (VIOLATED)
_7563_/Y                                0.750000    1.148792   -0.398792 (VIOLATED)
_7564_/Y                                0.750000    1.148792   -0.398792 (VIOLATED)
_7565_/Y                                0.750000    1.148792   -0.398792 (VIOLATED)
_7566_/Y                                0.750000    1.148792   -0.398792 (VIOLATED)
_7567_/Y                                0.750000    1.148792   -0.398792 (VIOLATED)
_7568_/Y                                0.750000    1.148792   -0.398792 (VIOLATED)
_7569_/Y                                0.750000    1.148792   -0.398792 (VIOLATED)
_7570_/Y                                0.750000    1.148792   -0.398792 (VIOLATED)
_7571_/Y                                0.750000    1.148792   -0.398792 (VIOLATED)
_7572_/Y                                0.750000    1.148792   -0.398792 (VIOLATED)
_7573_/Y                                0.750000    1.148792   -0.398792 (VIOLATED)
_7574_/Y                                0.750000    1.148792   -0.398792 (VIOLATED)
_7575_/Y                                0.750000    1.148792   -0.398792 (VIOLATED)
_7576_/Y                                0.750000    1.148792   -0.398792 (VIOLATED)
_7577_/Y                                0.750000    1.148792   -0.398792 (VIOLATED)
_7578_/Y                                0.750000    1.148792   -0.398792 (VIOLATED)
_7579_/Y                                0.750000    1.148792   -0.398792 (VIOLATED)
_7580_/Y                                0.750000    1.148792   -0.398792 (VIOLATED)
_7581_/Y                                0.750000    1.148792   -0.398792 (VIOLATED)
_7582_/Y                                0.750000    1.148792   -0.398792 (VIOLATED)
_7583_/Y                                0.750000    1.148792   -0.398792 (VIOLATED)
_7584_/Y                                0.750000    1.148792   -0.398792 (VIOLATED)
_7585_/Y                                0.750000    1.148792   -0.398792 (VIOLATED)
_7586_/Y                                0.750000    1.148792   -0.398792 (VIOLATED)
_7587_/Y                                0.750000    1.148792   -0.398792 (VIOLATED)
_7588_/Y                                0.750000    1.148792   -0.398792 (VIOLATED)
_7589_/Y                                0.750000    1.148792   -0.398792 (VIOLATED)
_7590_/Y                                0.750000    1.148792   -0.398792 (VIOLATED)
_7591_/Y                                0.750000    1.148792   -0.398792 (VIOLATED)
_7592_/Y                                0.750000    1.148792   -0.398792 (VIOLATED)
_7593_/Y                                0.750000    1.148792   -0.398792 (VIOLATED)
_7594_/Y                                0.750000    1.148792   -0.398792 (VIOLATED)
_7595_/Y                                0.750000    1.148792   -0.398792 (VIOLATED)
_7596_/Y                                0.750000    1.148792   -0.398792 (VIOLATED)
_7597_/Y                                0.750000    1.148792   -0.398792 (VIOLATED)
_7598_/Y                                0.750000    1.148792   -0.398792 (VIOLATED)
_7599_/Y                                0.750000    1.148792   -0.398792 (VIOLATED)
_7600_/Y                                0.750000    1.148792   -0.398792 (VIOLATED)
_7601_/Y                                0.750000    1.148792   -0.398792 (VIOLATED)
_7602_/Y                                0.750000    1.148792   -0.398792 (VIOLATED)
_7603_/Y                                0.750000    1.148792   -0.398792 (VIOLATED)
_7604_/Y                                0.750000    1.148792   -0.398792 (VIOLATED)
_7605_/Y                                0.750000    1.148792   -0.398792 (VIOLATED)
_7606_/Y                                0.750000    1.148792   -0.398792 (VIOLATED)
_7607_/Y                                0.750000    1.148792   -0.398792 (VIOLATED)
_7608_/Y                                0.750000    1.148792   -0.398792 (VIOLATED)
_7609_/Y                                0.750000    1.148792   -0.398792 (VIOLATED)
_7610_/Y                                0.750000    1.148792   -0.398792 (VIOLATED)
_7611_/Y                                0.750000    1.148792   -0.398792 (VIOLATED)
_7612_/Y                                0.750000    1.148792   -0.398792 (VIOLATED)
_7613_/Y                                0.750000    1.148792   -0.398792 (VIOLATED)
_7614_/Y                                0.750000    1.148792   -0.398792 (VIOLATED)
_7615_/Y                                0.750000    1.148792   -0.398792 (VIOLATED)
_7616_/Y                                0.750000    1.148792   -0.398792 (VIOLATED)
_7617_/Y                                0.750000    1.148792   -0.398792 (VIOLATED)
_7618_/Y                                0.750000    1.148792   -0.398792 (VIOLATED)
_7619_/Y                                0.750000    1.148792   -0.398792 (VIOLATED)
_7620_/Y                                0.750000    1.148792   -0.398792 (VIOLATED)
_7621_/Y                                0.750000    1.148792   -0.398792 (VIOLATED)
_7622_/Y                                0.750000    1.148792   -0.398792 (VIOLATED)
_7623_/Y                                0.750000    1.148792   -0.398792 (VIOLATED)
_7624_/Y                                0.750000    1.148792   -0.398792 (VIOLATED)
_7625_/Y                                0.750000    1.148792   -0.398792 (VIOLATED)
_7626_/Y                                0.750000    1.148792   -0.398792 (VIOLATED)
_7627_/Y                                0.750000    1.148792   -0.398792 (VIOLATED)
_7628_/Y                                0.750000    1.148792   -0.398792 (VIOLATED)
_7629_/Y                                0.750000    1.148792   -0.398792 (VIOLATED)
_7630_/Y                                0.750000    1.148792   -0.398792 (VIOLATED)
_7631_/Y                                0.750000    1.148792   -0.398792 (VIOLATED)
_7632_/Y                                0.750000    1.148792   -0.398792 (VIOLATED)
_7633_/Y                                0.750000    1.148792   -0.398792 (VIOLATED)
_7634_/Y                                0.750000    1.148792   -0.398792 (VIOLATED)
_7635_/Y                                0.750000    1.148792   -0.398792 (VIOLATED)
_7636_/Y                                0.750000    1.148792   -0.398792 (VIOLATED)
_7637_/Y                                0.750000    1.148792   -0.398792 (VIOLATED)
_7638_/Y                                0.750000    1.148792   -0.398792 (VIOLATED)
_7639_/Y                                0.750000    1.148792   -0.398792 (VIOLATED)
_7640_/Y                                0.750000    1.148792   -0.398792 (VIOLATED)
_7641_/Y                                0.750000    1.148792   -0.398792 (VIOLATED)
_7642_/Y                                0.750000    1.148792   -0.398792 (VIOLATED)
_7643_/Y                                0.750000    1.148792   -0.398792 (VIOLATED)
_7644_/Y                                0.750000    1.148792   -0.398792 (VIOLATED)
_7645_/Y                                0.750000    1.148792   -0.398792 (VIOLATED)
_7646_/Y                                0.750000    1.148792   -0.398792 (VIOLATED)
_7647_/Y                                0.750000    1.148792   -0.398792 (VIOLATED)
_7648_/Y                                0.750000    1.148792   -0.398792 (VIOLATED)
_7649_/Y                                0.750000    1.148792   -0.398792 (VIOLATED)
_7650_/Y                                0.750000    1.148792   -0.398792 (VIOLATED)
_7651_/Y                                0.750000    1.148792   -0.398792 (VIOLATED)
_7652_/Y                                0.750000    1.148792   -0.398792 (VIOLATED)
_7653_/Y                                0.750000    1.148792   -0.398792 (VIOLATED)
_7654_/Y                                0.750000    1.148792   -0.398792 (VIOLATED)
_7655_/Y                                0.750000    1.148792   -0.398792 (VIOLATED)
_7656_/Y                                0.750000    1.148792   -0.398792 (VIOLATED)
_7657_/Y                                0.750000    1.148792   -0.398792 (VIOLATED)
_7658_/Y                                0.750000    1.148792   -0.398792 (VIOLATED)
_7659_/Y                                0.750000    1.148792   -0.398792 (VIOLATED)
_7660_/Y                                0.750000    1.148792   -0.398792 (VIOLATED)
_7661_/Y                                0.750000    1.148792   -0.398792 (VIOLATED)
_7662_/Y                                0.750000    1.148792   -0.398792 (VIOLATED)
_7663_/Y                                0.750000    1.148792   -0.398792 (VIOLATED)
_7664_/Y                                0.750000    1.148792   -0.398792 (VIOLATED)
_7665_/Y                                0.750000    1.148792   -0.398792 (VIOLATED)
_7666_/Y                                0.750000    1.148792   -0.398792 (VIOLATED)
_7667_/Y                                0.750000    1.148792   -0.398792 (VIOLATED)
_7668_/Y                                0.750000    1.148792   -0.398792 (VIOLATED)
_7669_/Y                                0.750000    1.148792   -0.398792 (VIOLATED)
_7670_/Y                                0.750000    1.148792   -0.398792 (VIOLATED)
_7671_/Y                                0.750000    1.148792   -0.398792 (VIOLATED)
_7672_/Y                                0.750000    1.148792   -0.398792 (VIOLATED)
_7673_/Y                                0.750000    1.148792   -0.398792 (VIOLATED)
_7674_/Y                                0.750000    1.148792   -0.398792 (VIOLATED)
_7675_/Y                                0.750000    1.148792   -0.398792 (VIOLATED)
_7676_/Y                                0.750000    1.148792   -0.398792 (VIOLATED)
_7677_/Y                                0.750000    1.148792   -0.398792 (VIOLATED)
_7678_/Y                                0.750000    1.148792   -0.398792 (VIOLATED)
_7679_/Y                                0.750000    1.148792   -0.398792 (VIOLATED)
_7680_/Y                                0.750000    1.148792   -0.398792 (VIOLATED)
_7681_/Y                                0.750000    1.148792   -0.398792 (VIOLATED)
_7682_/Y                                0.750000    1.148792   -0.398792 (VIOLATED)
_7683_/Y                                0.750000    1.148792   -0.398792 (VIOLATED)
_7684_/Y                                0.750000    1.148792   -0.398792 (VIOLATED)
_7685_/Y                                0.750000    1.148792   -0.398792 (VIOLATED)
_7686_/Y                                0.750000    1.148792   -0.398792 (VIOLATED)
_7687_/Y                                0.750000    1.148792   -0.398792 (VIOLATED)
_7688_/Y                                0.750000    1.148792   -0.398792 (VIOLATED)
_7689_/Y                                0.750000    1.148792   -0.398792 (VIOLATED)
_7690_/Y                                0.750000    1.148792   -0.398792 (VIOLATED)
_7691_/Y                                0.750000    1.148792   -0.398792 (VIOLATED)
_7692_/Y                                0.750000    1.148792   -0.398792 (VIOLATED)
_7693_/Y                                0.750000    1.148792   -0.398792 (VIOLATED)
_7694_/Y                                0.750000    1.148792   -0.398792 (VIOLATED)
_7695_/Y                                0.750000    1.148792   -0.398792 (VIOLATED)
_7696_/Y                                0.750000    1.148792   -0.398792 (VIOLATED)
_7697_/Y                                0.750000    1.148792   -0.398792 (VIOLATED)
_7698_/Y                                0.750000    1.148792   -0.398792 (VIOLATED)
_7699_/Y                                0.750000    1.148792   -0.398792 (VIOLATED)
_7700_/Y                                0.750000    1.148792   -0.398792 (VIOLATED)
_7701_/Y                                0.750000    1.148792   -0.398792 (VIOLATED)
_7702_/Y                                0.750000    1.148792   -0.398792 (VIOLATED)
_7703_/Y                                0.750000    1.148792   -0.398792 (VIOLATED)
_7704_/Y                                0.750000    1.148792   -0.398792 (VIOLATED)
_7705_/Y                                0.750000    1.148792   -0.398792 (VIOLATED)
_7706_/Y                                0.750000    1.148792   -0.398792 (VIOLATED)
_7707_/Y                                0.750000    1.148792   -0.398792 (VIOLATED)
_7708_/Y                                0.750000    1.148792   -0.398792 (VIOLATED)
_7709_/Y                                0.750000    1.148792   -0.398792 (VIOLATED)
_7710_/Y                                0.750000    1.148792   -0.398792 (VIOLATED)
_7711_/Y                                0.750000    1.148792   -0.398792 (VIOLATED)
_7712_/Y                                0.750000    1.148792   -0.398792 (VIOLATED)
_7713_/Y                                0.750000    1.148792   -0.398792 (VIOLATED)
_7714_/Y                                0.750000    1.148792   -0.398792 (VIOLATED)
_7715_/Y                                0.750000    1.148792   -0.398792 (VIOLATED)
_7716_/Y                                0.750000    1.148792   -0.398792 (VIOLATED)
_7717_/Y                                0.750000    1.148792   -0.398792 (VIOLATED)
_7718_/Y                                0.750000    1.148792   -0.398792 (VIOLATED)
_7719_/Y                                0.750000    1.148792   -0.398792 (VIOLATED)
_7720_/Y                                0.750000    1.148792   -0.398792 (VIOLATED)
_7721_/Y                                0.750000    1.148792   -0.398792 (VIOLATED)
_7722_/Y                                0.750000    1.148792   -0.398792 (VIOLATED)
_7723_/Y                                0.750000    1.148792   -0.398792 (VIOLATED)
_7724_/Y                                0.750000    1.148792   -0.398792 (VIOLATED)
_7725_/Y                                0.750000    1.148792   -0.398792 (VIOLATED)
_7726_/Y                                0.750000    1.148792   -0.398792 (VIOLATED)
_7727_/Y                                0.750000    1.148792   -0.398792 (VIOLATED)
_7728_/Y                                0.750000    1.148792   -0.398792 (VIOLATED)
_7729_/Y                                0.750000    1.148792   -0.398792 (VIOLATED)
_7730_/Y                                0.750000    1.148792   -0.398792 (VIOLATED)
_7731_/Y                                0.750000    1.148792   -0.398792 (VIOLATED)
_7732_/Y                                0.750000    1.148792   -0.398792 (VIOLATED)
_7733_/Y                                0.750000    1.148792   -0.398792 (VIOLATED)
_7734_/Y                                0.750000    1.148792   -0.398792 (VIOLATED)
_7735_/Y                                0.750000    1.148792   -0.398792 (VIOLATED)
_7736_/Y                                0.750000    1.148792   -0.398792 (VIOLATED)
_7737_/Y                                0.750000    1.148792   -0.398792 (VIOLATED)
_7738_/Y                                0.750000    1.148792   -0.398792 (VIOLATED)
_7739_/Y                                0.750000    1.148792   -0.398792 (VIOLATED)
_7740_/Y                                0.750000    1.148792   -0.398792 (VIOLATED)
_7741_/Y                                0.750000    1.148792   -0.398792 (VIOLATED)
_7742_/Y                                0.750000    1.148792   -0.398792 (VIOLATED)
_7743_/Y                                0.750000    1.148792   -0.398792 (VIOLATED)
_7744_/Y                                0.750000    1.148792   -0.398792 (VIOLATED)
_7745_/Y                                0.750000    1.148792   -0.398792 (VIOLATED)
_7746_/Y                                0.750000    1.148792   -0.398792 (VIOLATED)
_7747_/Y                                0.750000    1.148792   -0.398792 (VIOLATED)
_7748_/Y                                0.750000    1.148792   -0.398792 (VIOLATED)
_7749_/Y                                0.750000    1.148792   -0.398792 (VIOLATED)
_7750_/Y                                0.750000    1.148792   -0.398792 (VIOLATED)
_7751_/Y                                0.750000    1.148792   -0.398792 (VIOLATED)
_7752_/Y                                0.750000    1.148792   -0.398792 (VIOLATED)
_7753_/Y                                0.750000    1.148792   -0.398792 (VIOLATED)
_7754_/Y                                0.750000    1.148792   -0.398792 (VIOLATED)
_7755_/Y                                0.750000    1.148792   -0.398792 (VIOLATED)
_7756_/Y                                0.750000    1.148792   -0.398792 (VIOLATED)
_7757_/Y                                0.750000    1.148792   -0.398792 (VIOLATED)
_7758_/Y                                0.750000    1.148792   -0.398792 (VIOLATED)
_7759_/Y                                0.750000    1.148792   -0.398792 (VIOLATED)
_7760_/Y                                0.750000    1.148792   -0.398792 (VIOLATED)
_7761_/Y                                0.750000    1.148792   -0.398792 (VIOLATED)
_7762_/Y                                0.750000    1.148792   -0.398792 (VIOLATED)
_7763_/Y                                0.750000    1.148792   -0.398792 (VIOLATED)
_7764_/Y                                0.750000    1.148792   -0.398792 (VIOLATED)
_7765_/Y                                0.750000    1.148792   -0.398792 (VIOLATED)
_7766_/Y                                0.750000    1.148792   -0.398792 (VIOLATED)
_7767_/Y                                0.750000    1.148792   -0.398792 (VIOLATED)
_7768_/Y                                0.750000    1.148792   -0.398792 (VIOLATED)
_7769_/Y                                0.750000    1.148792   -0.398792 (VIOLATED)
_7770_/Y                                0.750000    1.148792   -0.398792 (VIOLATED)
_7771_/Y                                0.750000    1.148792   -0.398792 (VIOLATED)
_7772_/Y                                0.750000    1.148792   -0.398792 (VIOLATED)
_7773_/Y                                0.750000    1.148792   -0.398792 (VIOLATED)
_7774_/Y                                0.750000    1.148792   -0.398792 (VIOLATED)
_7775_/Y                                0.750000    1.148792   -0.398792 (VIOLATED)
_7776_/Y                                0.750000    1.148792   -0.398792 (VIOLATED)
_7777_/Y                                0.750000    1.148792   -0.398792 (VIOLATED)
_7778_/Y                                0.750000    1.148792   -0.398792 (VIOLATED)
_7779_/Y                                0.750000    1.148792   -0.398792 (VIOLATED)
_7780_/Y                                0.750000    1.148792   -0.398792 (VIOLATED)
_7781_/Y                                0.750000    1.148792   -0.398792 (VIOLATED)
_7782_/Y                                0.750000    1.148792   -0.398792 (VIOLATED)
_8099_/RESET_B                          0.750000    1.148792   -0.398792 (VIOLATED)
_8100_/RESET_B                          0.750000    1.148792   -0.398792 (VIOLATED)
_8101_/RESET_B                          0.750000    1.148792   -0.398792 (VIOLATED)
_8102_/RESET_B                          0.750000    1.148792   -0.398792 (VIOLATED)
_8103_/RESET_B                          0.750000    1.148792   -0.398792 (VIOLATED)
_8104_/RESET_B                          0.750000    1.148792   -0.398792 (VIOLATED)
_8105_/RESET_B                          0.750000    1.148792   -0.398792 (VIOLATED)
_8106_/RESET_B                          0.750000    1.148792   -0.398792 (VIOLATED)
_8107_/RESET_B                          0.750000    1.148792   -0.398792 (VIOLATED)
_8108_/RESET_B                          0.750000    1.148792   -0.398792 (VIOLATED)
_8109_/RESET_B                          0.750000    1.148792   -0.398792 (VIOLATED)
_8110_/RESET_B                          0.750000    1.148792   -0.398792 (VIOLATED)
_8111_/RESET_B                          0.750000    1.148792   -0.398792 (VIOLATED)
_8112_/RESET_B                          0.750000    1.148792   -0.398792 (VIOLATED)
_8113_/RESET_B                          0.750000    1.148792   -0.398792 (VIOLATED)
_8114_/RESET_B                          0.750000    1.148792   -0.398792 (VIOLATED)
_8115_/RESET_B                          0.750000    1.148792   -0.398792 (VIOLATED)
_8116_/RESET_B                          0.750000    1.148792   -0.398792 (VIOLATED)
_8117_/RESET_B                          0.750000    1.148792   -0.398792 (VIOLATED)
_8118_/RESET_B                          0.750000    1.148792   -0.398792 (VIOLATED)
_8119_/RESET_B                          0.750000    1.148792   -0.398792 (VIOLATED)
_8120_/RESET_B                          0.750000    1.148792   -0.398792 (VIOLATED)
_8121_/RESET_B                          0.750000    1.148792   -0.398792 (VIOLATED)
_8122_/RESET_B                          0.750000    1.148792   -0.398792 (VIOLATED)
_8123_/RESET_B                          0.750000    1.148792   -0.398792 (VIOLATED)
_8124_/RESET_B                          0.750000    1.148792   -0.398792 (VIOLATED)
_8125_/RESET_B                          0.750000    1.148792   -0.398792 (VIOLATED)
_8126_/RESET_B                          0.750000    1.148792   -0.398792 (VIOLATED)
_8127_/RESET_B                          0.750000    1.148792   -0.398792 (VIOLATED)
_8128_/RESET_B                          0.750000    1.148792   -0.398792 (VIOLATED)
_8129_/RESET_B                          0.750000    1.148792   -0.398792 (VIOLATED)
_8130_/RESET_B                          0.750000    1.148792   -0.398792 (VIOLATED)
_8131_/RESET_B                          0.750000    1.148792   -0.398792 (VIOLATED)
_8132_/RESET_B                          0.750000    1.148792   -0.398792 (VIOLATED)
_8133_/RESET_B                          0.750000    1.148792   -0.398792 (VIOLATED)
_8134_/RESET_B                          0.750000    1.148792   -0.398792 (VIOLATED)
_8135_/RESET_B                          0.750000    1.148792   -0.398792 (VIOLATED)
_8136_/RESET_B                          0.750000    1.148792   -0.398792 (VIOLATED)
_8137_/RESET_B                          0.750000    1.148792   -0.398792 (VIOLATED)
_8138_/RESET_B                          0.750000    1.148792   -0.398792 (VIOLATED)
_8139_/RESET_B                          0.750000    1.148792   -0.398792 (VIOLATED)
_8140_/RESET_B                          0.750000    1.148792   -0.398792 (VIOLATED)
_8141_/RESET_B                          0.750000    1.148792   -0.398792 (VIOLATED)
_8142_/RESET_B                          0.750000    1.148792   -0.398792 (VIOLATED)
_8143_/RESET_B                          0.750000    1.148792   -0.398792 (VIOLATED)
_8144_/RESET_B                          0.750000    1.148792   -0.398792 (VIOLATED)
_8145_/RESET_B                          0.750000    1.148792   -0.398792 (VIOLATED)
_8146_/RESET_B                          0.750000    1.148792   -0.398792 (VIOLATED)
_8147_/RESET_B                          0.750000    1.148792   -0.398792 (VIOLATED)
_8148_/RESET_B                          0.750000    1.148792   -0.398792 (VIOLATED)
_8149_/RESET_B                          0.750000    1.148792   -0.398792 (VIOLATED)
_8150_/RESET_B                          0.750000    1.148792   -0.398792 (VIOLATED)
_8151_/RESET_B                          0.750000    1.148792   -0.398792 (VIOLATED)
_8152_/RESET_B                          0.750000    1.148792   -0.398792 (VIOLATED)
_8153_/RESET_B                          0.750000    1.148792   -0.398792 (VIOLATED)
_8154_/RESET_B                          0.750000    1.148792   -0.398792 (VIOLATED)
_8155_/RESET_B                          0.750000    1.148792   -0.398792 (VIOLATED)
_8156_/RESET_B                          0.750000    1.148792   -0.398792 (VIOLATED)
_8157_/RESET_B                          0.750000    1.148792   -0.398792 (VIOLATED)
_8158_/RESET_B                          0.750000    1.148792   -0.398792 (VIOLATED)
_8159_/RESET_B                          0.750000    1.148792   -0.398792 (VIOLATED)
_8160_/RESET_B                          0.750000    1.148792   -0.398792 (VIOLATED)
_8161_/RESET_B                          0.750000    1.148792   -0.398792 (VIOLATED)
_8162_/RESET_B                          0.750000    1.148792   -0.398792 (VIOLATED)
_8163_/RESET_B                          0.750000    1.148792   -0.398792 (VIOLATED)
_8164_/RESET_B                          0.750000    1.148792   -0.398792 (VIOLATED)
_8165_/RESET_B                          0.750000    1.148792   -0.398792 (VIOLATED)
_8166_/RESET_B                          0.750000    1.148792   -0.398792 (VIOLATED)
_8167_/RESET_B                          0.750000    1.148792   -0.398792 (VIOLATED)
_8168_/RESET_B                          0.750000    1.148792   -0.398792 (VIOLATED)
_8169_/RESET_B                          0.750000    1.148792   -0.398792 (VIOLATED)
_8170_/RESET_B                          0.750000    1.148792   -0.398792 (VIOLATED)
_8171_/RESET_B                          0.750000    1.148792   -0.398792 (VIOLATED)
_8172_/RESET_B                          0.750000    1.148792   -0.398792 (VIOLATED)
_8173_/RESET_B                          0.750000    1.148792   -0.398792 (VIOLATED)
_8174_/RESET_B                          0.750000    1.148792   -0.398792 (VIOLATED)
_8175_/RESET_B                          0.750000    1.148792   -0.398792 (VIOLATED)
_8176_/RESET_B                          0.750000    1.148792   -0.398792 (VIOLATED)
_8177_/RESET_B                          0.750000    1.148792   -0.398792 (VIOLATED)
_8178_/RESET_B                          0.750000    1.148792   -0.398792 (VIOLATED)
_8179_/RESET_B                          0.750000    1.148792   -0.398792 (VIOLATED)
_8180_/RESET_B                          0.750000    1.148792   -0.398792 (VIOLATED)
_8181_/RESET_B                          0.750000    1.148792   -0.398792 (VIOLATED)
_8182_/RESET_B                          0.750000    1.148792   -0.398792 (VIOLATED)
_8183_/RESET_B                          0.750000    1.148792   -0.398792 (VIOLATED)
_8184_/RESET_B                          0.750000    1.148792   -0.398792 (VIOLATED)
_8185_/RESET_B                          0.750000    1.148792   -0.398792 (VIOLATED)
_8186_/RESET_B                          0.750000    1.148792   -0.398792 (VIOLATED)
_8187_/RESET_B                          0.750000    1.148792   -0.398792 (VIOLATED)
_8188_/RESET_B                          0.750000    1.148792   -0.398792 (VIOLATED)
_8189_/RESET_B                          0.750000    1.148792   -0.398792 (VIOLATED)
_8190_/RESET_B                          0.750000    1.148792   -0.398792 (VIOLATED)
_8192_/RESET_B                          0.750000    1.148792   -0.398792 (VIOLATED)
_8194_/RESET_B                          0.750000    1.148792   -0.398792 (VIOLATED)
_8195_/RESET_B                          0.750000    1.148792   -0.398792 (VIOLATED)
_8196_/RESET_B                          0.750000    1.148792   -0.398792 (VIOLATED)
_8197_/RESET_B                          0.750000    1.148792   -0.398792 (VIOLATED)
_8198_/RESET_B                          0.750000    1.148792   -0.398792 (VIOLATED)
_8199_/RESET_B                          0.750000    1.148792   -0.398792 (VIOLATED)
_8200_/RESET_B                          0.750000    1.148792   -0.398792 (VIOLATED)
_8201_/RESET_B                          0.750000    1.148792   -0.398792 (VIOLATED)
_8202_/RESET_B                          0.750000    1.148792   -0.398792 (VIOLATED)
_8203_/RESET_B                          0.750000    1.148792   -0.398792 (VIOLATED)
_8204_/RESET_B                          0.750000    1.148792   -0.398792 (VIOLATED)
_8205_/RESET_B                          0.750000    1.148792   -0.398792 (VIOLATED)
_8206_/RESET_B                          0.750000    1.148792   -0.398792 (VIOLATED)
_8207_/RESET_B                          0.750000    1.148792   -0.398792 (VIOLATED)
_8208_/RESET_B                          0.750000    1.148792   -0.398792 (VIOLATED)
_8209_/RESET_B                          0.750000    1.148792   -0.398792 (VIOLATED)
_8210_/RESET_B                          0.750000    1.148792   -0.398792 (VIOLATED)
_8211_/RESET_B                          0.750000    1.148792   -0.398792 (VIOLATED)
_8212_/RESET_B                          0.750000    1.148792   -0.398792 (VIOLATED)
_8213_/RESET_B                          0.750000    1.148792   -0.398792 (VIOLATED)
_8214_/RESET_B                          0.750000    1.148792   -0.398792 (VIOLATED)
_8215_/RESET_B                          0.750000    1.148792   -0.398792 (VIOLATED)
_8216_/RESET_B                          0.750000    1.148792   -0.398792 (VIOLATED)
_8217_/RESET_B                          0.750000    1.148792   -0.398792 (VIOLATED)
_8218_/RESET_B                          0.750000    1.148792   -0.398792 (VIOLATED)
_8219_/RESET_B                          0.750000    1.148792   -0.398792 (VIOLATED)
_8220_/RESET_B                          0.750000    1.148792   -0.398792 (VIOLATED)
_8221_/RESET_B                          0.750000    1.148792   -0.398792 (VIOLATED)
_8223_/RESET_B                          0.750000    1.148792   -0.398792 (VIOLATED)
_8225_/RESET_B                          0.750000    1.148792   -0.398792 (VIOLATED)
_8226_/RESET_B                          0.750000    1.148792   -0.398792 (VIOLATED)
_8227_/RESET_B                          0.750000    1.148792   -0.398792 (VIOLATED)
_8228_/RESET_B                          0.750000    1.148792   -0.398792 (VIOLATED)
_8229_/RESET_B                          0.750000    1.148792   -0.398792 (VIOLATED)
_8230_/RESET_B                          0.750000    1.148792   -0.398792 (VIOLATED)
_8231_/RESET_B                          0.750000    1.148792   -0.398792 (VIOLATED)
_8232_/RESET_B                          0.750000    1.148792   -0.398792 (VIOLATED)
_8233_/RESET_B                          0.750000    1.148792   -0.398792 (VIOLATED)
_8234_/RESET_B                          0.750000    1.148792   -0.398792 (VIOLATED)
_8235_/RESET_B                          0.750000    1.148792   -0.398792 (VIOLATED)
_8236_/RESET_B                          0.750000    1.148792   -0.398792 (VIOLATED)
_8237_/RESET_B                          0.750000    1.148792   -0.398792 (VIOLATED)
_8238_/RESET_B                          0.750000    1.148792   -0.398792 (VIOLATED)
_8239_/RESET_B                          0.750000    1.148792   -0.398792 (VIOLATED)
_8240_/RESET_B                          0.750000    1.148792   -0.398792 (VIOLATED)
_8241_/RESET_B                          0.750000    1.148792   -0.398792 (VIOLATED)
_8242_/RESET_B                          0.750000    1.148792   -0.398792 (VIOLATED)
_8243_/RESET_B                          0.750000    1.148792   -0.398792 (VIOLATED)
_8244_/RESET_B                          0.750000    1.148792   -0.398792 (VIOLATED)
_8245_/RESET_B                          0.750000    1.148792   -0.398792 (VIOLATED)
_8246_/RESET_B                          0.750000    1.148792   -0.398792 (VIOLATED)
_8247_/RESET_B                          0.750000    1.148792   -0.398792 (VIOLATED)
_8248_/RESET_B                          0.750000    1.148792   -0.398792 (VIOLATED)
_8249_/RESET_B                          0.750000    1.148792   -0.398792 (VIOLATED)
_8250_/RESET_B                          0.750000    1.148792   -0.398792 (VIOLATED)
_8251_/RESET_B                          0.750000    1.148792   -0.398792 (VIOLATED)
_8252_/RESET_B                          0.750000    1.148792   -0.398792 (VIOLATED)
_8253_/RESET_B                          0.750000    1.148792   -0.398792 (VIOLATED)
_8254_/RESET_B                          0.750000    1.148792   -0.398792 (VIOLATED)
_8255_/RESET_B                          0.750000    1.148792   -0.398792 (VIOLATED)
_8256_/RESET_B                          0.750000    1.148792   -0.398792 (VIOLATED)
_8257_/RESET_B                          0.750000    1.148792   -0.398792 (VIOLATED)
_8258_/RESET_B                          0.750000    1.148792   -0.398792 (VIOLATED)
_8259_/RESET_B                          0.750000    1.148792   -0.398792 (VIOLATED)
_8260_/RESET_B                          0.750000    1.148792   -0.398792 (VIOLATED)
_8261_/RESET_B                          0.750000    1.148792   -0.398792 (VIOLATED)
_8262_/RESET_B                          0.750000    1.148792   -0.398792 (VIOLATED)
_8263_/RESET_B                          0.750000    1.148792   -0.398792 (VIOLATED)
_8264_/RESET_B                          0.750000    1.148792   -0.398792 (VIOLATED)
_8265_/RESET_B                          0.750000    1.148792   -0.398792 (VIOLATED)
_8266_/RESET_B                          0.750000    1.148792   -0.398792 (VIOLATED)
_8267_/RESET_B                          0.750000    1.148792   -0.398792 (VIOLATED)
_8268_/RESET_B                          0.750000    1.148792   -0.398792 (VIOLATED)
_8269_/RESET_B                          0.750000    1.148792   -0.398792 (VIOLATED)
_8270_/RESET_B                          0.750000    1.148792   -0.398792 (VIOLATED)
_8271_/RESET_B                          0.750000    1.148792   -0.398792 (VIOLATED)
_8272_/RESET_B                          0.750000    1.148792   -0.398792 (VIOLATED)
_8273_/RESET_B                          0.750000    1.148792   -0.398792 (VIOLATED)
_8274_/RESET_B                          0.750000    1.148792   -0.398792 (VIOLATED)
_8275_/RESET_B                          0.750000    1.148792   -0.398792 (VIOLATED)
_8276_/RESET_B                          0.750000    1.148792   -0.398792 (VIOLATED)
_8277_/RESET_B                          0.750000    1.148792   -0.398792 (VIOLATED)
_8278_/RESET_B                          0.750000    1.148792   -0.398792 (VIOLATED)
_8279_/RESET_B                          0.750000    1.148792   -0.398792 (VIOLATED)
_8280_/RESET_B                          0.750000    1.148792   -0.398792 (VIOLATED)
_8281_/RESET_B                          0.750000    1.148792   -0.398792 (VIOLATED)
_8282_/RESET_B                          0.750000    1.148792   -0.398792 (VIOLATED)
_8283_/RESET_B                          0.750000    1.148792   -0.398792 (VIOLATED)
_8284_/RESET_B                          0.750000    1.148792   -0.398792 (VIOLATED)
_8285_/RESET_B                          0.750000    1.148792   -0.398792 (VIOLATED)
_8286_/RESET_B                          0.750000    1.148792   -0.398792 (VIOLATED)
_8287_/RESET_B                          0.750000    1.148792   -0.398792 (VIOLATED)
_8288_/RESET_B                          0.750000    1.148792   -0.398792 (VIOLATED)
_8289_/RESET_B                          0.750000    1.148792   -0.398792 (VIOLATED)
_8290_/RESET_B                          0.750000    1.148792   -0.398792 (VIOLATED)
_8291_/RESET_B                          0.750000    1.148792   -0.398792 (VIOLATED)
_8292_/RESET_B                          0.750000    1.148792   -0.398792 (VIOLATED)
_8293_/RESET_B                          0.750000    1.148792   -0.398792 (VIOLATED)
_8294_/RESET_B                          0.750000    1.148792   -0.398792 (VIOLATED)
_8295_/RESET_B                          0.750000    1.148792   -0.398792 (VIOLATED)
_8296_/RESET_B                          0.750000    1.148792   -0.398792 (VIOLATED)
_8297_/RESET_B                          0.750000    1.148792   -0.398792 (VIOLATED)
_8298_/RESET_B                          0.750000    1.148792   -0.398792 (VIOLATED)
_8299_/RESET_B                          0.750000    1.148792   -0.398792 (VIOLATED)
_8300_/RESET_B                          0.750000    1.148792   -0.398792 (VIOLATED)
_8301_/RESET_B                          0.750000    1.148792   -0.398792 (VIOLATED)
_8302_/RESET_B                          0.750000    1.148792   -0.398792 (VIOLATED)
_8303_/RESET_B                          0.750000    1.148792   -0.398792 (VIOLATED)
_8304_/RESET_B                          0.750000    1.148792   -0.398792 (VIOLATED)
_8305_/RESET_B                          0.750000    1.148792   -0.398792 (VIOLATED)
_8306_/RESET_B                          0.750000    1.148792   -0.398792 (VIOLATED)
_8307_/RESET_B                          0.750000    1.148792   -0.398792 (VIOLATED)
_8308_/RESET_B                          0.750000    1.148792   -0.398792 (VIOLATED)
_8309_/RESET_B                          0.750000    1.148792   -0.398792 (VIOLATED)
_8310_/RESET_B                          0.750000    1.148792   -0.398792 (VIOLATED)
_8311_/RESET_B                          0.750000    1.148792   -0.398792 (VIOLATED)
_8312_/RESET_B                          0.750000    1.148792   -0.398792 (VIOLATED)
_8313_/RESET_B                          0.750000    1.148792   -0.398792 (VIOLATED)
_8314_/RESET_B                          0.750000    1.148792   -0.398792 (VIOLATED)
_8315_/RESET_B                          0.750000    1.148792   -0.398792 (VIOLATED)
_8316_/RESET_B                          0.750000    1.148792   -0.398792 (VIOLATED)
_8317_/RESET_B                          0.750000    1.148792   -0.398792 (VIOLATED)
_8318_/RESET_B                          0.750000    1.148792   -0.398792 (VIOLATED)
_8319_/RESET_B                          0.750000    1.148792   -0.398792 (VIOLATED)
_8320_/RESET_B                          0.750000    1.148792   -0.398792 (VIOLATED)
_8321_/RESET_B                          0.750000    1.148792   -0.398792 (VIOLATED)
_8322_/RESET_B                          0.750000    1.148792   -0.398792 (VIOLATED)
_8323_/RESET_B                          0.750000    1.148792   -0.398792 (VIOLATED)
_8324_/RESET_B                          0.750000    1.148792   -0.398792 (VIOLATED)
_8325_/RESET_B                          0.750000    1.148792   -0.398792 (VIOLATED)
_8326_/RESET_B                          0.750000    1.148792   -0.398792 (VIOLATED)
_8327_/RESET_B                          0.750000    1.148792   -0.398792 (VIOLATED)
_8328_/RESET_B                          0.750000    1.148792   -0.398792 (VIOLATED)
_8329_/RESET_B                          0.750000    1.148792   -0.398792 (VIOLATED)
_8330_/RESET_B                          0.750000    1.148792   -0.398792 (VIOLATED)
_8331_/RESET_B                          0.750000    1.148792   -0.398792 (VIOLATED)
_8332_/RESET_B                          0.750000    1.148792   -0.398792 (VIOLATED)
_8333_/RESET_B                          0.750000    1.148792   -0.398792 (VIOLATED)
_8334_/RESET_B                          0.750000    1.148792   -0.398792 (VIOLATED)
_8335_/RESET_B                          0.750000    1.148792   -0.398792 (VIOLATED)
_8336_/RESET_B                          0.750000    1.148792   -0.398792 (VIOLATED)
_8337_/RESET_B                          0.750000    1.148792   -0.398792 (VIOLATED)
_8338_/RESET_B                          0.750000    1.148792   -0.398792 (VIOLATED)
_8339_/RESET_B                          0.750000    1.148792   -0.398792 (VIOLATED)
_8340_/RESET_B                          0.750000    1.148792   -0.398792 (VIOLATED)
_8341_/RESET_B                          0.750000    1.148792   -0.398792 (VIOLATED)
_8342_/RESET_B                          0.750000    1.148792   -0.398792 (VIOLATED)
_8343_/RESET_B                          0.750000    1.148792   -0.398792 (VIOLATED)
_8344_/RESET_B                          0.750000    1.148792   -0.398792 (VIOLATED)
_8345_/RESET_B                          0.750000    1.148792   -0.398792 (VIOLATED)
_8346_/RESET_B                          0.750000    1.148792   -0.398792 (VIOLATED)
_8347_/RESET_B                          0.750000    1.148792   -0.398792 (VIOLATED)
_8348_/RESET_B                          0.750000    1.148792   -0.398792 (VIOLATED)
_8349_/RESET_B                          0.750000    1.148792   -0.398792 (VIOLATED)
_8350_/RESET_B                          0.750000    1.148792   -0.398792 (VIOLATED)
_8351_/RESET_B                          0.750000    1.148792   -0.398792 (VIOLATED)
_8352_/RESET_B                          0.750000    1.148792   -0.398792 (VIOLATED)
_8353_/RESET_B                          0.750000    1.148792   -0.398792 (VIOLATED)
_8354_/RESET_B                          0.750000    1.148792   -0.398792 (VIOLATED)
_8355_/RESET_B                          0.750000    1.148792   -0.398792 (VIOLATED)
_8356_/RESET_B                          0.750000    1.148792   -0.398792 (VIOLATED)
_8357_/RESET_B                          0.750000    1.148792   -0.398792 (VIOLATED)
_8358_/RESET_B                          0.750000    1.148792   -0.398792 (VIOLATED)
_8359_/RESET_B                          0.750000    1.148792   -0.398792 (VIOLATED)
_8360_/RESET_B                          0.750000    1.148792   -0.398792 (VIOLATED)
_8361_/RESET_B                          0.750000    1.148792   -0.398792 (VIOLATED)
_8362_/RESET_B                          0.750000    1.148792   -0.398792 (VIOLATED)
_8363_/RESET_B                          0.750000    1.148792   -0.398792 (VIOLATED)
_8364_/RESET_B                          0.750000    1.148792   -0.398792 (VIOLATED)
_8365_/RESET_B                          0.750000    1.148792   -0.398792 (VIOLATED)
_8366_/RESET_B                          0.750000    1.148792   -0.398792 (VIOLATED)
_8367_/RESET_B                          0.750000    1.148792   -0.398792 (VIOLATED)
_8368_/RESET_B                          0.750000    1.148792   -0.398792 (VIOLATED)
_8369_/RESET_B                          0.750000    1.148792   -0.398792 (VIOLATED)
_8370_/RESET_B                          0.750000    1.148792   -0.398792 (VIOLATED)
_8371_/RESET_B                          0.750000    1.148792   -0.398792 (VIOLATED)
_8372_/RESET_B                          0.750000    1.148792   -0.398792 (VIOLATED)
_8373_/RESET_B                          0.750000    1.148792   -0.398792 (VIOLATED)
_8374_/RESET_B                          0.750000    1.148792   -0.398792 (VIOLATED)
_8375_/RESET_B                          0.750000    1.148792   -0.398792 (VIOLATED)
_8376_/RESET_B                          0.750000    1.148792   -0.398792 (VIOLATED)
_8377_/RESET_B                          0.750000    1.148792   -0.398792 (VIOLATED)
_8378_/RESET_B                          0.750000    1.148792   -0.398792 (VIOLATED)
_8379_/RESET_B                          0.750000    1.148792   -0.398792 (VIOLATED)
_8380_/RESET_B                          0.750000    1.148792   -0.398792 (VIOLATED)
_8381_/RESET_B                          0.750000    1.148792   -0.398792 (VIOLATED)
_8382_/RESET_B                          0.750000    1.148792   -0.398792 (VIOLATED)
_8383_/RESET_B                          0.750000    1.148792   -0.398792 (VIOLATED)
_8384_/RESET_B                          0.750000    1.148792   -0.398792 (VIOLATED)
_8385_/RESET_B                          0.750000    1.148792   -0.398792 (VIOLATED)
_8386_/RESET_B                          0.750000    1.148792   -0.398792 (VIOLATED)
_8387_/RESET_B                          0.750000    1.148792   -0.398792 (VIOLATED)
_8388_/RESET_B                          0.750000    1.148792   -0.398792 (VIOLATED)
_8389_/RESET_B                          0.750000    1.148792   -0.398792 (VIOLATED)
_8390_/RESET_B                          0.750000    1.148792   -0.398792 (VIOLATED)
_8391_/RESET_B                          0.750000    1.148792   -0.398792 (VIOLATED)
_8392_/RESET_B                          0.750000    1.148792   -0.398792 (VIOLATED)
_8393_/RESET_B                          0.750000    1.148792   -0.398792 (VIOLATED)
_8394_/RESET_B                          0.750000    1.148792   -0.398792 (VIOLATED)
_8395_/RESET_B                          0.750000    1.148792   -0.398792 (VIOLATED)
_8396_/RESET_B                          0.750000    1.148792   -0.398792 (VIOLATED)
_8397_/RESET_B                          0.750000    1.148792   -0.398792 (VIOLATED)
_8398_/RESET_B                          0.750000    1.148792   -0.398792 (VIOLATED)
_8399_/RESET_B                          0.750000    1.148792   -0.398792 (VIOLATED)
_8400_/RESET_B                          0.750000    1.148792   -0.398792 (VIOLATED)
_8401_/RESET_B                          0.750000    1.148792   -0.398792 (VIOLATED)
_8402_/RESET_B                          0.750000    1.148792   -0.398792 (VIOLATED)
_8403_/RESET_B                          0.750000    1.148792   -0.398792 (VIOLATED)
_8404_/RESET_B                          0.750000    1.148792   -0.398792 (VIOLATED)
_8405_/RESET_B                          0.750000    1.148792   -0.398792 (VIOLATED)
_8406_/RESET_B                          0.750000    1.148792   -0.398792 (VIOLATED)
_8407_/RESET_B                          0.750000    1.148792   -0.398792 (VIOLATED)
_8408_/RESET_B                          0.750000    1.148792   -0.398792 (VIOLATED)
_8409_/RESET_B                          0.750000    1.148792   -0.398792 (VIOLATED)
_8410_/RESET_B                          0.750000    1.148792   -0.398792 (VIOLATED)
_8411_/RESET_B                          0.750000    1.148792   -0.398792 (VIOLATED)
_8412_/RESET_B                          0.750000    1.148792   -0.398792 (VIOLATED)
_8413_/RESET_B                          0.750000    1.148792   -0.398792 (VIOLATED)
_8414_/RESET_B                          0.750000    1.148792   -0.398792 (VIOLATED)
_8415_/RESET_B                          0.750000    1.148792   -0.398792 (VIOLATED)
_8416_/RESET_B                          0.750000    1.148792   -0.398792 (VIOLATED)
_8417_/RESET_B                          0.750000    1.148792   -0.398792 (VIOLATED)
_8418_/RESET_B                          0.750000    1.148792   -0.398792 (VIOLATED)
_8419_/RESET_B                          0.750000    1.148792   -0.398792 (VIOLATED)
_8420_/RESET_B                          0.750000    1.148792   -0.398792 (VIOLATED)
_8421_/RESET_B                          0.750000    1.148792   -0.398792 (VIOLATED)
_8422_/RESET_B                          0.750000    1.148792   -0.398792 (VIOLATED)
_8423_/RESET_B                          0.750000    1.148792   -0.398792 (VIOLATED)
_8424_/RESET_B                          0.750000    1.148792   -0.398792 (VIOLATED)
_8425_/RESET_B                          0.750000    1.148792   -0.398792 (VIOLATED)
_8426_/RESET_B                          0.750000    1.148792   -0.398792 (VIOLATED)
_8427_/RESET_B                          0.750000    1.148792   -0.398792 (VIOLATED)
_8428_/RESET_B                          0.750000    1.148792   -0.398792 (VIOLATED)
_8429_/RESET_B                          0.750000    1.148792   -0.398792 (VIOLATED)
_8430_/RESET_B                          0.750000    1.148792   -0.398792 (VIOLATED)
_8431_/RESET_B                          0.750000    1.148792   -0.398792 (VIOLATED)
_8432_/RESET_B                          0.750000    1.148792   -0.398792 (VIOLATED)
_8433_/RESET_B                          0.750000    1.148792   -0.398792 (VIOLATED)
_8434_/RESET_B                          0.750000    1.148792   -0.398792 (VIOLATED)
_8435_/RESET_B                          0.750000    1.148792   -0.398792 (VIOLATED)
_8436_/RESET_B                          0.750000    1.148792   -0.398792 (VIOLATED)
_8437_/RESET_B                          0.750000    1.148792   -0.398792 (VIOLATED)
_8438_/RESET_B                          0.750000    1.148792   -0.398792 (VIOLATED)
_8439_/RESET_B                          0.750000    1.148792   -0.398792 (VIOLATED)
_8440_/RESET_B                          0.750000    1.148792   -0.398792 (VIOLATED)
_8441_/RESET_B                          0.750000    1.148792   -0.398792 (VIOLATED)
_8442_/RESET_B                          0.750000    1.148792   -0.398792 (VIOLATED)
_8443_/RESET_B                          0.750000    1.148792   -0.398792 (VIOLATED)
_8444_/RESET_B                          0.750000    1.148792   -0.398792 (VIOLATED)
_8445_/RESET_B                          0.750000    1.148792   -0.398792 (VIOLATED)
_8446_/RESET_B                          0.750000    1.148792   -0.398792 (VIOLATED)
_8447_/RESET_B                          0.750000    1.148792   -0.398792 (VIOLATED)
_8448_/RESET_B                          0.750000    1.148792   -0.398792 (VIOLATED)
_8449_/RESET_B                          0.750000    1.148792   -0.398792 (VIOLATED)
_8450_/RESET_B                          0.750000    1.148792   -0.398792 (VIOLATED)
_8451_/RESET_B                          0.750000    1.148792   -0.398792 (VIOLATED)
_8452_/RESET_B                          0.750000    1.148792   -0.398792 (VIOLATED)
_8453_/RESET_B                          0.750000    1.148792   -0.398792 (VIOLATED)
_8454_/RESET_B                          0.750000    1.148792   -0.398792 (VIOLATED)
_8455_/RESET_B                          0.750000    1.148792   -0.398792 (VIOLATED)
_8456_/RESET_B                          0.750000    1.148792   -0.398792 (VIOLATED)
_8457_/RESET_B                          0.750000    1.148792   -0.398792 (VIOLATED)
_8458_/RESET_B                          0.750000    1.148792   -0.398792 (VIOLATED)
_8459_/RESET_B                          0.750000    1.148792   -0.398792 (VIOLATED)
_8460_/RESET_B                          0.750000    1.148792   -0.398792 (VIOLATED)
_8461_/RESET_B                          0.750000    1.148792   -0.398792 (VIOLATED)
_8462_/RESET_B                          0.750000    1.148792   -0.398792 (VIOLATED)
_8463_/RESET_B                          0.750000    1.148792   -0.398792 (VIOLATED)
_8464_/RESET_B                          0.750000    1.148792   -0.398792 (VIOLATED)
_8465_/RESET_B                          0.750000    1.148792   -0.398792 (VIOLATED)
_8466_/RESET_B                          0.750000    1.148792   -0.398792 (VIOLATED)
_8467_/RESET_B                          0.750000    1.148792   -0.398792 (VIOLATED)
_8468_/RESET_B                          0.750000    1.148792   -0.398792 (VIOLATED)
_8469_/RESET_B                          0.750000    1.148792   -0.398792 (VIOLATED)
_8470_/RESET_B                          0.750000    1.148792   -0.398792 (VIOLATED)
_8471_/RESET_B                          0.750000    1.148792   -0.398792 (VIOLATED)
_8472_/RESET_B                          0.750000    1.148792   -0.398792 (VIOLATED)
_8473_/RESET_B                          0.750000    1.148792   -0.398792 (VIOLATED)
_8474_/RESET_B                          0.750000    1.148792   -0.398792 (VIOLATED)
_8475_/RESET_B                          0.750000    1.148792   -0.398792 (VIOLATED)
_8476_/RESET_B                          0.750000    1.148792   -0.398792 (VIOLATED)
_8477_/RESET_B                          0.750000    1.148792   -0.398792 (VIOLATED)
_8478_/RESET_B                          0.750000    1.148792   -0.398792 (VIOLATED)
_8479_/RESET_B                          0.750000    1.148792   -0.398792 (VIOLATED)
_8480_/RESET_B                          0.750000    1.148792   -0.398792 (VIOLATED)
_8481_/RESET_B                          0.750000    1.148792   -0.398792 (VIOLATED)
_8482_/RESET_B                          0.750000    1.148792   -0.398792 (VIOLATED)
_8483_/RESET_B                          0.750000    1.148792   -0.398792 (VIOLATED)
_8484_/RESET_B                          0.750000    1.148792   -0.398792 (VIOLATED)
_8485_/RESET_B                          0.750000    1.148792   -0.398792 (VIOLATED)
_8486_/RESET_B                          0.750000    1.148792   -0.398792 (VIOLATED)
_8487_/RESET_B                          0.750000    1.148792   -0.398792 (VIOLATED)
_8488_/RESET_B                          0.750000    1.148792   -0.398792 (VIOLATED)
_8489_/RESET_B                          0.750000    1.148792   -0.398792 (VIOLATED)
_8490_/RESET_B                          0.750000    1.148792   -0.398792 (VIOLATED)
_8491_/RESET_B                          0.750000    1.148792   -0.398792 (VIOLATED)
_8492_/RESET_B                          0.750000    1.148792   -0.398792 (VIOLATED)
_8493_/RESET_B                          0.750000    1.148792   -0.398792 (VIOLATED)
_8494_/RESET_B                          0.750000    1.148792   -0.398792 (VIOLATED)
_8495_/RESET_B                          0.750000    1.148792   -0.398792 (VIOLATED)
_8496_/RESET_B                          0.750000    1.148792   -0.398792 (VIOLATED)
_8497_/RESET_B                          0.750000    1.148792   -0.398792 (VIOLATED)
_8498_/RESET_B                          0.750000    1.148792   -0.398792 (VIOLATED)
_8499_/RESET_B                          0.750000    1.148792   -0.398792 (VIOLATED)
_8500_/RESET_B                          0.750000    1.148792   -0.398792 (VIOLATED)
_8501_/RESET_B                          0.750000    1.148792   -0.398792 (VIOLATED)
_8502_/RESET_B                          0.750000    1.148792   -0.398792 (VIOLATED)
_8503_/RESET_B                          0.750000    1.148792   -0.398792 (VIOLATED)
_8504_/RESET_B                          0.750000    1.148792   -0.398792 (VIOLATED)
_8505_/RESET_B                          0.750000    1.148792   -0.398792 (VIOLATED)
_8506_/RESET_B                          0.750000    1.148792   -0.398792 (VIOLATED)
_8507_/RESET_B                          0.750000    1.148792   -0.398792 (VIOLATED)
_8508_/RESET_B                          0.750000    1.148792   -0.398792 (VIOLATED)
_8509_/RESET_B                          0.750000    1.148792   -0.398792 (VIOLATED)
_8510_/RESET_B                          0.750000    1.148792   -0.398792 (VIOLATED)
_8511_/RESET_B                          0.750000    1.148792   -0.398792 (VIOLATED)
_8512_/RESET_B                          0.750000    1.148792   -0.398792 (VIOLATED)
_8513_/RESET_B                          0.750000    1.148792   -0.398792 (VIOLATED)
_8514_/RESET_B                          0.750000    1.148792   -0.398792 (VIOLATED)
_8515_/RESET_B                          0.750000    1.148792   -0.398792 (VIOLATED)
_8516_/RESET_B                          0.750000    1.148792   -0.398792 (VIOLATED)
_8517_/RESET_B                          0.750000    1.148792   -0.398792 (VIOLATED)
_8518_/RESET_B                          0.750000    1.148792   -0.398792 (VIOLATED)
_8519_/RESET_B                          0.750000    1.148792   -0.398792 (VIOLATED)
_8520_/RESET_B                          0.750000    1.148792   -0.398792 (VIOLATED)
_8521_/RESET_B                          0.750000    1.148792   -0.398792 (VIOLATED)
_8522_/RESET_B                          0.750000    1.148792   -0.398792 (VIOLATED)
_8523_/RESET_B                          0.750000    1.148792   -0.398792 (VIOLATED)
_8524_/RESET_B                          0.750000    1.148792   -0.398792 (VIOLATED)
_8525_/RESET_B                          0.750000    1.148792   -0.398792 (VIOLATED)
_8526_/RESET_B                          0.750000    1.148792   -0.398792 (VIOLATED)
_8527_/RESET_B                          0.750000    1.148792   -0.398792 (VIOLATED)
_8528_/RESET_B                          0.750000    1.148792   -0.398792 (VIOLATED)
_8529_/RESET_B                          0.750000    1.148792   -0.398792 (VIOLATED)
_8530_/RESET_B                          0.750000    1.148792   -0.398792 (VIOLATED)
_8531_/RESET_B                          0.750000    1.148792   -0.398792 (VIOLATED)
_8532_/RESET_B                          0.750000    1.148792   -0.398792 (VIOLATED)
_8533_/RESET_B                          0.750000    1.148792   -0.398792 (VIOLATED)
_8534_/RESET_B                          0.750000    1.148792   -0.398792 (VIOLATED)
_8535_/RESET_B                          0.750000    1.148792   -0.398792 (VIOLATED)
_8536_/RESET_B                          0.750000    1.148792   -0.398792 (VIOLATED)
_8537_/RESET_B                          0.750000    1.148792   -0.398792 (VIOLATED)
_8538_/RESET_B                          0.750000    1.148792   -0.398792 (VIOLATED)
_8539_/RESET_B                          0.750000    1.148792   -0.398792 (VIOLATED)
_8540_/RESET_B                          0.750000    1.148792   -0.398792 (VIOLATED)
_8541_/RESET_B                          0.750000    1.148792   -0.398792 (VIOLATED)
_7432_/Y                                0.750000    1.136486   -0.386486 (VIOLATED)
_7434_/Y                                0.750000    1.136486   -0.386486 (VIOLATED)
_7463_/Y                                0.750000    1.136486   -0.386486 (VIOLATED)
_7465_/Y                                0.750000    1.136486   -0.386486 (VIOLATED)
_8191_/SET_B                            0.750000    1.136486   -0.386486 (VIOLATED)
_8193_/SET_B                            0.750000    1.136486   -0.386486 (VIOLATED)
_8222_/SET_B                            0.750000    1.136486   -0.386486 (VIOLATED)
_8224_/SET_B                            0.750000    1.136486   -0.386486 (VIOLATED)
instruction_out[12]                     0.750000    1.125380   -0.375380 (VIOLATED)
_5367_/Y                                0.750000    1.125380   -0.375380 (VIOLATED)
_5368_/D_N                              0.750000    1.125380   -0.375380 (VIOLATED)
_3996_/Y                                0.750000    1.018869   -0.268869 (VIOLATED)
_4001_/A2                               0.750000    1.018869   -0.268869 (VIOLATED)
_4032_/B1                               0.750000    1.018869   -0.268869 (VIOLATED)
_4075_/B1                               0.750000    1.018869   -0.268869 (VIOLATED)
_4173_/B1                               0.750000    1.018869   -0.268869 (VIOLATED)
_4251_/A                                0.750000    1.018869   -0.268869 (VIOLATED)
_4309_/B1                               0.750000    1.018869   -0.268869 (VIOLATED)
instruction_out[17]                     0.750000    0.902187   -0.152187 (VIOLATED)
_4083_/X                                0.750000    0.902187   -0.152187 (VIOLATED)
_4084_/A3                               0.750000    0.902187   -0.152187 (VIOLATED)
_4667_/A3                               0.750000    0.902187   -0.152187 (VIOLATED)
_4746_/A3                               0.750000    0.902187   -0.152187 (VIOLATED)
_4769_/A3                               0.750000    0.902187   -0.152187 (VIOLATED)
_4791_/A3                               0.750000    0.902187   -0.152187 (VIOLATED)
_5687_/A3                               0.750000    0.902187   -0.152187 (VIOLATED)
_4118_/Y                                0.750000    0.880860   -0.130860 (VIOLATED)
_4119_/C                                0.750000    0.880860   -0.130860 (VIOLATED)
_4202_/B                                0.750000    0.880860   -0.130860 (VIOLATED)
_4232_/B1                               0.750000    0.880860   -0.130860 (VIOLATED)
_4233_/B                                0.750000    0.880860   -0.130860 (VIOLATED)
_4386_/A3                               0.750000    0.880860   -0.130860 (VIOLATED)
_4409_/A2                               0.750000    0.880860   -0.130860 (VIOLATED)
_5122_/A                                0.750000    0.880860   -0.130860 (VIOLATED)
_5354_/A1                               0.750000    0.880860   -0.130860 (VIOLATED)
_5356_/C                                0.750000    0.880860   -0.130860 (VIOLATED)
_6148_/A1                               0.750000    0.880860   -0.130860 (VIOLATED)
_5702_/X                                0.750000    0.865947   -0.115947 (VIOLATED)
_5703_/B1                               0.750000    0.865947   -0.115947 (VIOLATED)
_5726_/A3                               0.750000    0.865947   -0.115947 (VIOLATED)
_5764_/B1                               0.750000    0.865947   -0.115947 (VIOLATED)
_5787_/A2                               0.750000    0.865947   -0.115947 (VIOLATED)
_5858_/B1                               0.750000    0.865947   -0.115947 (VIOLATED)
_5912_/C                                0.750000    0.865947   -0.115947 (VIOLATED)
_5939_/C                                0.750000    0.865947   -0.115947 (VIOLATED)
_6013_/B1                               0.750000    0.865947   -0.115947 (VIOLATED)
_6670_/B                                0.750000    0.865947   -0.115947 (VIOLATED)
_6696_/B1                               0.750000    0.865947   -0.115947 (VIOLATED)
alu_result_out[14]                      0.750000    0.853791   -0.103791 (VIOLATED)
_6043_/Y                                0.750000    0.853791   -0.103791 (VIOLATED)
_6044_/A2                               0.750000    0.853791   -0.103791 (VIOLATED)
_6675_/A                                0.750000    0.853791   -0.103791 (VIOLATED)
alu_result_out[13]                      0.750000    0.849325   -0.099325 (VIOLATED)
_6058_/Y                                0.750000    0.849325   -0.099325 (VIOLATED)
_6059_/A2                               0.750000    0.849325   -0.099325 (VIOLATED)
_6675_/B                                0.750000    0.849325   -0.099325 (VIOLATED)
_5032_/X                                0.750000    0.820941   -0.070941 (VIOLATED)
_5033_/C1                               0.750000    0.820941   -0.070941 (VIOLATED)
_5696_/B1                               0.750000    0.820941   -0.070941 (VIOLATED)
_5751_/B1                               0.750000    0.820941   -0.070941 (VIOLATED)
_5768_/A3                               0.750000    0.820941   -0.070941 (VIOLATED)
_5792_/B                                0.750000    0.820941   -0.070941 (VIOLATED)
_5876_/A2                               0.750000    0.820941   -0.070941 (VIOLATED)
_5893_/A3                               0.750000    0.820941   -0.070941 (VIOLATED)
_5932_/B                                0.750000    0.820941   -0.070941 (VIOLATED)
_6030_/A3                               0.750000    0.820941   -0.070941 (VIOLATED)
_6122_/A3                               0.750000    0.820941   -0.070941 (VIOLATED)
_4365_/X                                0.750000    0.810141   -0.060141 (VIOLATED)
_4368_/B                                0.750000    0.810141   -0.060141 (VIOLATED)
_4400_/A1                               0.750000    0.810141   -0.060141 (VIOLATED)
_4544_/C                                0.750000    0.810141   -0.060141 (VIOLATED)
_5702_/A                                0.750000    0.810141   -0.060141 (VIOLATED)
_5818_/B1                               0.750000    0.810141   -0.060141 (VIOLATED)
_5984_/B1                               0.750000    0.810141   -0.060141 (VIOLATED)
_6072_/B1                               0.750000    0.810141   -0.060141 (VIOLATED)
_6097_/B1                               0.750000    0.810141   -0.060141 (VIOLATED)
_6133_/D                                0.750000    0.810141   -0.060141 (VIOLATED)
_6165_/B1                               0.750000    0.810141   -0.060141 (VIOLATED)
alu_result_out[1]                       0.750000    0.803916   -0.053916 (VIOLATED)
_5359_/X                                0.750000    0.803916   -0.053916 (VIOLATED)
_5360_/B                                0.750000    0.803916   -0.053916 (VIOLATED)
_6681_/B                                0.750000    0.803916   -0.053916 (VIOLATED)
alu_result_out[24]                      0.750000    0.795814   -0.045814 (VIOLATED)
_5825_/Y                                0.750000    0.795814   -0.045814 (VIOLATED)
_5826_/A2                               0.750000    0.795814   -0.045814 (VIOLATED)
_6679_/A_N                              0.750000    0.795814   -0.045814 (VIOLATED)
_4432_/X                                0.750000    0.790268   -0.040268 (VIOLATED)
_4433_/A                                0.750000    0.790268   -0.040268 (VIOLATED)
_5129_/A1                               0.750000    0.790268   -0.040268 (VIOLATED)
_5260_/B                                0.750000    0.790268   -0.040268 (VIOLATED)
_5314_/B                                0.750000    0.790268   -0.040268 (VIOLATED)
_5331_/A                                0.750000    0.790268   -0.040268 (VIOLATED)
_5729_/A1                               0.750000    0.790268   -0.040268 (VIOLATED)
_5804_/A1                               0.750000    0.790268   -0.040268 (VIOLATED)
_6059_/A1                               0.750000    0.790268   -0.040268 (VIOLATED)
_6125_/A2                               0.750000    0.790268   -0.040268 (VIOLATED)
_6184_/A1                               0.750000    0.790268   -0.040268 (VIOLATED)
alu_result_out[22]                      0.750000    0.777310   -0.027310 (VIOLATED)
_5877_/Y                                0.750000    0.777310   -0.027310 (VIOLATED)
_5878_/A2                               0.750000    0.777310   -0.027310 (VIOLATED)
_6678_/A                                0.750000    0.777310   -0.027310 (VIOLATED)
_5396_/X                                0.750000    0.762817   -0.012817 (VIOLATED)
_5397_/A2                               0.750000    0.762817   -0.012817 (VIOLATED)
_5398_/A2                               0.750000    0.762817   -0.012817 (VIOLATED)
_5406_/A2                               0.750000    0.762817   -0.012817 (VIOLATED)
_5407_/B                                0.750000    0.762817   -0.012817 (VIOLATED)
_5418_/A2                               0.750000    0.762817   -0.012817 (VIOLATED)
_5421_/A2                               0.750000    0.762817   -0.012817 (VIOLATED)
_5422_/A2                               0.750000    0.762817   -0.012817 (VIOLATED)
_5450_/A2                               0.750000    0.762817   -0.012817 (VIOLATED)
_5457_/A2                               0.750000    0.762817   -0.012817 (VIOLATED)
_5517_/B2                               0.750000    0.762817   -0.012817 (VIOLATED)
_5118_/X                                0.750000    0.760540   -0.010540 (VIOLATED)
_5119_/B1                               0.750000    0.760540   -0.010540 (VIOLATED)
_5693_/B1                               0.750000    0.760540   -0.010540 (VIOLATED)
_5743_/B1                               0.750000    0.760540   -0.010540 (VIOLATED)
_5798_/B1                               0.750000    0.760540   -0.010540 (VIOLATED)
_5870_/B1                               0.750000    0.760540   -0.010540 (VIOLATED)
_5895_/C1                               0.750000    0.760540   -0.010540 (VIOLATED)
_6043_/A1                               0.750000    0.760540   -0.010540 (VIOLATED)
_6057_/B1                               0.750000    0.760540   -0.010540 (VIOLATED)
_6104_/A1                               0.750000    0.760540   -0.010540 (VIOLATED)
_6123_/A1                               0.750000    0.760540   -0.010540 (VIOLATED)

max fanout

Pin                                   Limit Fanout  Slack
---------------------------------------------------------
reset                                    10    443   -433 (VIOLATED)
_8100_/Q                                 10     91    -81 (VIOLATED)
_8103_/Q                                 10     78    -68 (VIOLATED)
_8099_/Q                                 10     64    -54 (VIOLATED)
_8102_/Q                                 10     45    -35 (VIOLATED)
_8101_/Q                                 10     37    -27 (VIOLATED)

max capacitance

Pin                                        Limit         Cap       Slack
------------------------------------------------------------------------
reset                                   0.200000    2.041794   -1.841794 (VIOLATED)
_8100_/Q                                0.200000    0.293563   -0.093563 (VIOLATED)
_8103_/Q                                0.200000    0.235015   -0.035015 (VIOLATED)
_8099_/Q                                0.200000    0.228430   -0.028430 (VIOLATED)



===========================================================================
report_parasitic_annotation -report_unannotated
============================================================================
Found 4708 unannotated drivers.
 clk
 reset
 _3847_/X
 _3848_/Y
 _3849_/Y
 _3850_/X
 _3851_/Y
 _3852_/Y
 _3853_/Y
 _3854_/Y
 _3855_/Y
 _3856_/Y
 _3857_/X
 _3858_/Y
 _3859_/X
 _3860_/X
 _3861_/Y
 _3862_/Y
 _3863_/Y
 _3864_/X
 _3865_/Y
 _3866_/X
 _3867_/X
 _3868_/Y
 _3869_/X
 _3870_/Y
 _3871_/Y
 _3872_/X
 _3873_/X
 _3874_/Y
 _3875_/X
 _3876_/X
 _3877_/Y
 _3878_/X
 _3879_/X
 _3880_/Y
 _3881_/X
 _3882_/X
 _3883_/X
 _3884_/Y
 _3885_/Y
 _3886_/Y
 _3887_/X
 _3888_/Y
 _3889_/X
 _3890_/Y
 _3891_/X
 _3892_/X
 _3893_/X
 _3894_/X
 _3895_/X
 _3896_/Y
 _3897_/X
 _3898_/X
 _3899_/Y
 _3900_/X
 _3901_/X
 _3902_/X
 _3903_/X
 _3904_/X
 _3905_/Y
 _3906_/X
 _3907_/X
 _3908_/Y
 _3909_/X
 _3910_/X
 _3911_/Y
 _3912_/Y
 _3913_/X
 _3914_/X
 _3915_/X
 _3916_/X
 _3917_/Y
 _3918_/Y
 _3919_/X
 _3920_/Y
 _3921_/X
 _3922_/Y
 _3923_/X
 _3924_/Y
 _3925_/Y
 _3926_/Y
 _3927_/Y
 _3928_/Y
 _3929_/Y
 _3930_/Y
 _3931_/Y
 _3932_/Y
 _3933_/Y
 _3934_/Y
 _3935_/X
 _3936_/X
 _3937_/Y
 _3938_/X
 _3939_/X
 _3940_/Y
 _3941_/X
 _3942_/Y
 _3943_/Y
 _3944_/Y
 _3945_/Y
 _3946_/X
 _3947_/Y
 _3948_/X
 _3949_/Y
 _3950_/Y
 _3951_/Y
 _3952_/Y
 _3953_/Y
 _3954_/Y
 _3955_/X
 _3956_/Y
 _3957_/Y
 _3958_/Y
 _3959_/Y
 _3960_/Y
 _3961_/Y
 _3962_/Y
 _3963_/Y
 _3964_/Y
 _3965_/Y
 _3966_/Y
 _3967_/Y
 _3968_/Y
 _3969_/Y
 _3970_/X
 _3971_/X
 _3972_/X
 _3973_/Y
 _3974_/Y
 _3975_/Y
 _3976_/Y
 _3977_/X
 _3978_/Y
 _3979_/Y
 _3980_/X
 _3981_/X
 _3982_/Y
 _3983_/X
 _3984_/Y
 _3985_/Y
 _3986_/X
 _3987_/Y
 _3988_/X
 _3989_/X
 _3990_/X
 _3991_/X
 _3992_/Y
 _3993_/Y
 _3994_/X
 _3995_/Y
 _3996_/Y
 _3997_/Y
 _3998_/X
 _3999_/X
 _4000_/X
 _4001_/Y
 _4002_/Y
 _4003_/X
 _4004_/Y
 _4005_/Y
 _4006_/Y
 _4007_/Y
 _4008_/X
 _4009_/Y
 _4010_/X
 _4011_/Y
 _4012_/X
 _4013_/X
 _4014_/X
 _4015_/X
 _4016_/Y
 _4017_/Y
 _4018_/X
 _4019_/X
 _4020_/X
 _4021_/Y
 _4022_/X
 _4023_/X
 _4024_/Y
 _4025_/X
 _4026_/X
 _4027_/Y
 _4028_/Y
 _4029_/Y
 _4030_/X
 _4031_/X
 _4032_/Y
 _4033_/X
 _4034_/Y
 _4035_/Y
 _4036_/Y
 _4037_/Y
 _4038_/X
 _4039_/X
 _4040_/Y
 _4041_/Y
 _4042_/X
 _4043_/Y
 _4044_/Y
 _4045_/X
 _4046_/Y
 _4047_/Y
 _4048_/Y
 _4049_/Y
 _4050_/X
 _4051_/Y
 _4052_/Y
 _4053_/Y
 _4054_/Y
 _4055_/Y
 _4056_/Y
 _4057_/X
 _4058_/X
 _4059_/Y
 _4060_/Y
 _4061_/X
 _4062_/Y
 _4063_/Y
 _4064_/X
 _4065_/Y
 _4066_/Y
 _4067_/Y
 _4068_/Y
 _4069_/Y
 _4070_/Y
 _4071_/X
 _4072_/X
 _4073_/X
 _4074_/X
 _4075_/Y
 _4076_/Y
 _4077_/Y
 _4078_/Y
 _4079_/X
 _4080_/X
 _4081_/X
 _4082_/X
 _4083_/X
 _4084_/X
 _4085_/Y
 _4086_/Y
 _4087_/Y
 _4088_/Y
 _4089_/Y
 _4090_/Y
 _4091_/Y
 _4092_/X
 _4093_/Y
 _4094_/X
 _4095_/Y
 _4096_/Y
 _4097_/X
 _4098_/Y
 _4099_/Y
 _4100_/X
 _4101_/X
 _4102_/X
 _4103_/X
 _4104_/Y
 _4105_/X
 _4106_/X
 _4107_/X
 _4108_/Y
 _4109_/Y
 _4110_/X
 _4111_/Y
 _4112_/X
 _4113_/X
 _4114_/X
 _4115_/X
 _4116_/X
 _4117_/Y
 _4118_/Y
 _4119_/X
 _4120_/X
 _4121_/Y
 _4122_/X
 _4123_/X
 _4124_/Y
 _4125_/Y
 _4126_/Y
 _4127_/X
 _4128_/Y
 _4129_/X
 _4130_/Y
 _4131_/X
 _4132_/X
 _4133_/Y
 _4134_/Y
 _4135_/Y
 _4136_/Y
 _4137_/Y
 _4138_/Y
 _4139_/X
 _4140_/Y
 _4141_/Y
 _4142_/X
 _4143_/X
 _4144_/X
 _4145_/X
 _4146_/X
 _4147_/X
 _4148_/X
 _4149_/X
 _4150_/X
 _4151_/X
 _4152_/X
 _4153_/Y
 _4154_/Y
 _4155_/Y
 _4156_/Y
 _4157_/X
 _4158_/Y
 _4159_/Y
 _4160_/Y
 _4161_/Y
 _4162_/X
 _4163_/X
 _4164_/Y
 _4165_/X
 _4166_/X
 _4167_/X
 _4168_/X
 _4169_/X
 _4170_/X
 _4171_/X
 _4172_/X
 _4173_/X
 _4174_/X
 _4175_/X
 _4176_/Y
 _4177_/X
 _4178_/Y
 _4179_/Y
 _4180_/Y
 _4181_/Y
 _4182_/X
 _4183_/Y
 _4184_/Y
 _4185_/X
 _4186_/X
 _4187_/Y
 _4188_/X
 _4189_/X
 _4190_/X
 _4191_/Y
 _4192_/Y
 _4193_/Y
 _4194_/Y
 _4195_/X
 _4196_/X
 _4197_/Y
 _4198_/Y
 _4199_/X
 _4200_/X
 _4201_/Y
 _4202_/X
 _4203_/Y
 _4204_/Y
 _4205_/Y
 _4206_/X
 _4207_/Y
 _4208_/Y
 _4209_/Y
 _4210_/X
 _4211_/X
 _4212_/X
 _4213_/X
 _4214_/X
 _4215_/X
 _4216_/X
 _4217_/Y
 _4218_/Y
 _4219_/Y
 _4220_/X
 _4221_/Y
 _4222_/Y
 _4223_/X
 _4224_/X
 _4225_/X
 _4226_/Y
 _4227_/Y
 _4228_/Y
 _4229_/Y
 _4230_/X
 _4231_/Y
 _4232_/Y
 _4233_/Y
 _4234_/Y
 _4235_/Y
 _4236_/Y
 _4237_/Y
 _4238_/X
 _4239_/X
 _4240_/X
 _4241_/X
 _4242_/Y
 _4243_/Y
 _4244_/Y
 _4245_/Y
 _4246_/X
 _4247_/X
 _4248_/Y
 _4249_/Y
 _4250_/X
 _4251_/X
 _4252_/Y
 _4253_/Y
 _4254_/Y
 _4255_/X
 _4256_/X
 _4257_/Y
 _4258_/Y
 _4259_/Y
 _4260_/X
 _4261_/Y
 _4262_/Y
 _4263_/Y
 _4264_/Y
 _4265_/X
 _4266_/X
 _4267_/Y
 _4268_/X
 _4269_/Y
 _4270_/Y
 _4271_/Y
 _4272_/X
 _4273_/X
 _4274_/Y
 _4275_/X
 _4276_/X
 _4277_/Y
 _4278_/Y
 _4279_/Y
 _4280_/X
 _4281_/X
 _4282_/X
 _4283_/X
 _4284_/Y
 _4285_/Y
 _4286_/X
 _4287_/Y
 _4288_/X
 _4289_/Y
 _4290_/Y
 _4291_/Y
 _4292_/Y
 _4293_/X
 _4294_/Y
 _4295_/Y
 _4296_/Y
 _4297_/X
 _4298_/Y
 _4299_/Y
 _4300_/Y
 _4301_/X
 _4302_/Y
 _4303_/X
 _4304_/X
 _4305_/Y
 _4306_/X
 _4307_/Y
 _4308_/X
 _4309_/Y
 _4310_/Y
 _4311_/Y
 _4312_/X
 _4313_/Y
 _4314_/Y
 _4315_/Y
 _4316_/Y
 _4317_/X
 _4318_/Y
 _4319_/X
 _4320_/X
 _4321_/Y
 _4322_/Y
 _4323_/Y
 _4324_/X
 _4325_/Y
 _4326_/Y
 _4327_/X
 _4328_/X
 _4329_/X
 _4330_/X
 _4331_/Y
 _4332_/X
 _4333_/Y
 _4334_/X
 _4335_/Y
 _4336_/Y
 _4337_/X
 _4338_/Y
 _4339_/X
 _4340_/Y
 _4341_/X
 _4342_/Y
 _4343_/Y
 _4344_/Y
 _4345_/X
 _4346_/X
 _4347_/X
 _4348_/X
 _4349_/Y
 _4350_/X
 _4351_/X
 _4352_/X
 _4353_/Y
 _4354_/Y
 _4355_/X
 _4356_/X
 _4357_/X
 _4358_/Y
 _4359_/Y
 _4360_/X
 _4361_/Y
 _4362_/Y
 _4363_/Y
 _4364_/Y
 _4365_/X
 _4366_/Y
 _4367_/Y
 _4368_/Y
 _4369_/X
 _4370_/X
 _4371_/X
 _4372_/X
 _4373_/Y
 _4374_/X
 _4375_/Y
 _4376_/Y
 _4377_/Y
 _4378_/Y
 _4379_/Y
 _4380_/X
 _4381_/Y
 _4382_/X
 _4383_/Y
 _4384_/Y
 _4385_/Y
 _4386_/X
 _4387_/X
 _4388_/Y
 _4389_/Y
 _4390_/Y
 _4391_/X
 _4392_/X
 _4393_/Y
 _4394_/Y
 _4395_/X
 _4396_/Y
 _4397_/Y
 _4398_/X
 _4399_/X
 _4400_/Y
 _4401_/X
 _4402_/X
 _4403_/Y
 _4404_/Y
 _4405_/Y
 _4406_/Y
 _4407_/Y
 _4408_/X
 _4409_/X
 _4410_/X
 _4411_/X
 _4412_/Y
 _4413_/Y
 _4414_/X
 _4415_/Y
 _4416_/X
 _4417_/X
 _4418_/Y
 _4419_/Y
 _4420_/X
 _4421_/Y
 _4422_/Y
 _4423_/X
 _4424_/Y
 _4425_/X
 _4426_/X
 _4427_/X
 _4428_/X
 _4429_/X
 _4430_/X
 _4431_/X
 _4432_/X
 _4433_/X
 _4434_/X
 _4435_/X
 _4436_/X
 _4437_/X
 _4438_/X
 _4439_/X
 _4440_/X
 _4441_/X
 _4442_/X
 _4443_/X
 _4444_/X
 _4445_/Y
 _4446_/Y
 _4447_/X
 _4448_/X
 _4449_/X
 _4450_/X
 _4451_/X
 _4452_/X
 _4453_/X
 _4454_/Y
 _4455_/X
 _4456_/X
 _4457_/Y
 _4458_/X
 _4459_/Y
 _4460_/Y
 _4461_/Y
 _4462_/Y
 _4463_/X
 _4464_/X
 _4465_/X
 _4466_/X
 _4467_/X
 _4468_/X
 _4469_/X
 _4470_/X
 _4471_/X
 _4472_/X
 _4473_/X
 _4474_/X
 _4475_/X
 _4476_/X
 _4477_/X
 _4478_/X
 _4479_/X
 _4480_/X
 _4481_/X
 _4482_/X
 _4483_/X
 _4484_/X
 _4485_/X
 _4486_/X
 _4487_/X
 _4488_/X
 _4489_/X
 _4490_/X
 _4491_/X
 _4492_/X
 _4493_/X
 _4494_/X
 _4495_/X
 _4496_/X
 _4497_/X
 _4498_/X
 _4499_/X
 _4500_/Y
 _4501_/X
 _4502_/X
 _4503_/Y
 _4504_/Y
 _4505_/X
 _4506_/X
 _4507_/X
 _4508_/X
 _4509_/Y
 _4510_/Y
 _4511_/Y
 _4512_/X
 _4513_/Y
 _4514_/X
 _4515_/Y
 _4516_/X
 _4517_/X
 _4518_/X
 _4519_/X
 _4520_/X
 _4521_/X
 _4522_/X
 _4523_/Y
 _4524_/Y
 _4525_/X
 _4526_/X
 _4527_/X
 _4528_/X
 _4529_/Y
 _4530_/Y
 _4531_/X
 _4532_/Y
 _4533_/X
 _4534_/X
 _4535_/X
 _4536_/X
 _4537_/X
 _4538_/X
 _4539_/X
 _4540_/X
 _4541_/X
 _4542_/X
 _4543_/X
 _4544_/Y
 _4545_/Y
 _4546_/Y
 _4547_/X
 _4548_/X
 _4549_/Y
 _4550_/X
 _4551_/X
 _4552_/X
 _4553_/Y
 _4554_/X
 _4555_/X
 _4556_/X
 _4557_/X
 _4558_/X
 _4559_/X
 _4560_/X
 _4561_/X
 _4562_/X
 _4563_/X
 _4564_/X
 _4565_/X
 _4566_/X
 _4567_/X
 _4568_/X
 _4569_/X
 _4570_/X
 _4571_/Y
 _4572_/X
 _4573_/X
 _4574_/X
 _4575_/X
 _4576_/X
 _4577_/X
 _4578_/X
 _4579_/X
 _4580_/X
 _4581_/X
 _4582_/X
 _4583_/X
 _4584_/X
 _4585_/Y
 _4586_/X
 _4587_/X
 _4588_/X
 _4589_/X
 _4590_/X
 _4591_/X
 _4592_/X
 _4593_/X
 _4594_/X
 _4595_/X
 _4596_/Y
 _4597_/X
 _4598_/Y
 _4599_/Y
 _4600_/X
 _4601_/Y
 _4602_/Y
 _4603_/Y
 _4604_/Y
 _4605_/X
 _4606_/X
 _4607_/Y
 _4608_/Y
 _4609_/X
 _4610_/Y
 _4611_/X
 _4612_/Y
 _4613_/X
 _4614_/X
 _4615_/Y
 _4616_/Y
 _4617_/X
 _4618_/Y
 _4619_/X
 _4620_/Y
 _4621_/X
 _4622_/X
 _4623_/Y
 _4624_/X
 _4625_/Y
 _4626_/Y
 _4627_/Y
 _4628_/X
 _4629_/Y
 _4630_/X
 _4631_/X
 _4632_/Y
 _4633_/Y
 _4634_/X
 _4635_/X
 _4636_/X
 _4637_/Y
 _4638_/Y
 _4639_/X
 _4640_/Y
 _4641_/Y
 _4642_/X
 _4643_/Y
 _4644_/X
 _4645_/Y
 _4646_/Y
 _4647_/Y
 _4648_/Y
 _4649_/Y
 _4650_/X
 _4651_/Y
 _4652_/X
 _4653_/Y
 _4654_/Y
 _4655_/X
 _4656_/Y
 _4657_/X
 _4658_/Y
 _4659_/X
 _4660_/Y
 _4661_/Y
 _4662_/Y
 _4663_/Y
 _4664_/X
 _4665_/Y
 _4666_/Y
 _4667_/X
 _4668_/X
 _4669_/Y
 _4670_/Y
 _4671_/Y
 _4672_/X
 _4673_/X
 _4674_/X
 _4675_/Y
 _4676_/Y
 _4677_/Y
 _4678_/X
 _4679_/Y
 _4680_/Y
 _4681_/Y
 _4682_/Y
 _4683_/Y
 _4684_/X
 _4685_/X
 _4686_/Y
 _4687_/Y
 _4688_/X
 _4689_/Y
 _4690_/Y
 _4691_/Y
 _4692_/X
 _4693_/Y
 _4694_/Y
 _4695_/X
 _4696_/X
 _4697_/Y
 _4698_/Y
 _4699_/X
 _4700_/Y
 _4701_/Y
 _4702_/X
 _4703_/Y
 _4704_/Y
 _4705_/Y
 _4706_/X
 _4707_/Y
 _4708_/Y
 _4709_/Y
 _4710_/Y
 _4711_/Y
 _4712_/Y
 _4713_/X
 _4714_/Y
 _4715_/Y
 _4716_/Y
 _4717_/Y
 _4718_/Y
 _4719_/Y
 _4720_/X
 _4721_/Y
 _4722_/Y
 _4723_/Y
 _4724_/X
 _4725_/Y
 _4726_/X
 _4727_/Y
 _4728_/Y
 _4729_/Y
 _4730_/X
 _4731_/Y
 _4732_/Y
 _4733_/Y
 _4734_/Y
 _4735_/Y
 _4736_/X
 _4737_/X
 _4738_/Y
 _4739_/Y
 _4740_/Y
 _4741_/Y
 _4742_/Y
 _4743_/Y
 _4744_/Y
 _4745_/Y
 _4746_/X
 _4747_/X
 _4748_/Y
 _4749_/Y
 _4750_/Y
 _4751_/Y
 _4752_/Y
 _4753_/Y
 _4754_/X
 _4755_/Y
 _4756_/Y
 _4757_/X
 _4758_/X
 _4759_/X
 _4760_/X
 _4761_/X
 _4762_/Y
 _4763_/Y
 _4764_/X
 _4765_/Y
 _4766_/Y
 _4767_/Y
 _4768_/Y
 _4769_/X
 _4770_/Y
 _4771_/Y
 _4772_/Y
 _4773_/Y
 _4774_/Y
 _4775_/Y
 _4776_/Y
 _4777_/Y
 _4778_/Y
 _4779_/Y
 _4780_/Y
 _4781_/Y
 _4782_/X
 _4783_/Y
 _4784_/Y
 _4785_/X
 _4786_/Y
 _4787_/X
 _4788_/X
 _4789_/Y
 _4790_/Y
 _4791_/X
 _4792_/X
 _4793_/Y
 _4794_/Y
 _4795_/Y
 _4796_/Y
 _4797_/Y
 _4798_/X
 _4799_/Y
 _4800_/Y
 _4801_/Y
 _4802_/Y
 _4803_/Y
 _4804_/Y
 _4805_/X
 _4806_/Y
 _4807_/X
 _4808_/Y
 _4809_/Y
 _4810_/X
 _4811_/Y
 _4812_/Y
 _4813_/Y
 _4814_/Y
 _4815_/Y
 _4816_/Y
 _4817_/Y
 _4818_/Y
 _4819_/Y
 _4820_/X
 _4821_/X
 _4822_/Y
 _4823_/Y
 _4824_/X
 _4825_/X
 _4826_/Y
 _4827_/Y
 _4828_/Y
 _4829_/Y
 _4830_/X
 _4831_/Y
 _4832_/X
 _4833_/Y
 _4834_/Y
 _4835_/Y
 _4836_/Y
 _4837_/Y
 _4838_/Y
 _4839_/Y
 _4840_/X
 _4841_/Y
 _4842_/Y
 _4843_/Y
 _4844_/X
 _4845_/Y
 _4846_/Y
 _4847_/Y
 _4848_/Y
 _4849_/Y
 _4850_/Y
 _4851_/X
 _4852_/X
 _4853_/Y
 _4854_/X
 _4855_/Y
 _4856_/Y
 _4857_/Y
 _4858_/Y
 _4859_/Y
 _4860_/Y
 _4861_/Y
 _4862_/Y
 _4863_/X
 _4864_/Y
 _4865_/X
 _4866_/Y
 _4867_/Y
 _4868_/Y
 _4869_/Y
 _4870_/X
 _4871_/X
 _4872_/Y
 _4873_/Y
 _4874_/X
 _4875_/Y
 _4876_/Y
 _4877_/X
 _4878_/Y
 _4879_/Y
 _4880_/Y
 _4881_/Y
 _4882_/Y
 _4883_/X
 _4884_/Y
 _4885_/Y
 _4886_/Y
 _4887_/Y
 _4888_/Y
 _4889_/Y
 _4890_/Y
 _4891_/X
 _4892_/Y
 _4893_/X
 _4894_/Y
 _4895_/Y
 _4896_/Y
 _4897_/X
 _4898_/Y
 _4899_/Y
 _4900_/X
 _4901_/Y
 _4902_/X
 _4903_/X
 _4904_/X
 _4905_/Y
 _4906_/Y
 _4907_/X
 _4908_/Y
 _4909_/Y
 _4910_/X
 _4911_/X
 _4912_/Y
 _4913_/Y
 _4914_/Y
 _4915_/Y
 _4916_/Y
 _4917_/Y
 _4918_/Y
 _4919_/Y
 _4920_/X
 _4921_/X
 _4922_/Y
 _4923_/X
 _4924_/Y
 _4925_/Y
 _4926_/X
 _4927_/X
 _4928_/X
 _4929_/X
 _4930_/Y
 _4931_/Y
 _4932_/X
 _4933_/X
 _4934_/Y
 _4935_/X
 _4936_/X
 _4937_/Y
 _4938_/Y
 _4939_/Y
 _4940_/Y
 _4941_/Y
 _4942_/Y
 _4943_/Y
 _4944_/X
 _4945_/Y
 _4946_/Y
 _4947_/Y
 _4948_/X
 _4949_/X
 _4950_/X
 _4951_/X
 _4952_/Y
 _4953_/X
 _4954_/Y
 _4955_/Y
 _4956_/X
 _4957_/Y
 _4958_/X
 _4959_/X
 _4960_/Y
 _4961_/X
 _4962_/Y
 _4963_/Y
 _4964_/Y
 _4965_/Y
 _4966_/Y
 _4967_/Y
 _4968_/X
 _4969_/Y
 _4970_/Y
 _4971_/Y
 _4972_/Y
 _4973_/X
 _4974_/Y
 _4975_/X
 _4976_/Y
 _4977_/Y
 _4978_/Y
 _4979_/X
 _4980_/X
 _4981_/Y
 _4982_/Y
 _4983_/Y
 _4984_/Y
 _4985_/X
 _4986_/X
 _4987_/Y
 _4988_/X
 _4989_/Y
 _4990_/Y
 _4991_/Y
 _4992_/X
 _4993_/Y
 _4994_/Y
 _4995_/Y
 _4996_/X
 _4997_/X
 _4998_/X
 _4999_/Y
 _5000_/Y
 _5001_/X
 _5002_/Y
 _5003_/X
 _5004_/X
 _5005_/Y
 _5006_/X
 _5007_/Y
 _5008_/Y
 _5009_/Y
 _5010_/X
 _5011_/Y
 _5012_/Y
 _5013_/Y
 _5014_/X
 _5015_/X
 _5016_/Y
 _5017_/Y
 _5018_/X
 _5019_/Y
 _5020_/Y
 _5021_/X
 _5022_/X
 _5023_/Y
 _5024_/Y
 _5025_/Y
 _5026_/X
 _5027_/Y
 _5028_/X
 _5029_/X
 _5030_/Y
 _5031_/Y
 _5032_/X
 _5033_/X
 _5034_/Y
 _5035_/Y
 _5036_/Y
 _5037_/Y
 _5038_/Y
 _5039_/X
 _5040_/X
 _5041_/X
 _5042_/Y
 _5043_/Y
 _5044_/X
 _5045_/Y
 _5046_/X
 _5047_/X
 _5048_/Y
 _5049_/Y
 _5050_/Y
 _5051_/Y
 _5052_/Y
 _5053_/Y
 _5054_/Y
 _5055_/X
 _5056_/Y
 _5057_/X
 _5058_/X
 _5059_/Y
 _5060_/Y
 _5061_/Y
 _5062_/X
 _5063_/X
 _5064_/Y
 _5065_/Y
 _5066_/Y
 _5067_/Y
 _5068_/Y
 _5069_/Y
 _5070_/Y
 _5071_/Y
 _5072_/Y
 _5073_/X
 _5074_/X
 _5075_/X
 _5076_/Y
 _5077_/Y
 _5078_/Y
 _5079_/Y
 _5080_/Y
 _5081_/Y
 _5082_/X
 _5083_/X
 _5084_/Y
 _5085_/Y
 _5086_/Y
 _5087_/Y
 _5088_/Y
 _5089_/Y
 _5090_/Y
 _5091_/X
 _5092_/Y
 _5093_/X
 _5094_/Y
 _5095_/Y
 _5096_/Y
 _5097_/Y
 _5098_/X
 _5099_/X
 _5100_/Y
 _5101_/X
 _5102_/Y
 _5103_/X
 _5104_/X
 _5105_/Y
 _5106_/X
 _5107_/Y
 _5108_/Y
 _5109_/X
 _5110_/X
 _5111_/Y
 _5112_/Y
 _5113_/Y
 _5114_/X
 _5115_/Y
 _5116_/Y
 _5117_/Y
 _5118_/X
 _5119_/Y
 _5120_/Y
 _5121_/X
 _5122_/X
 _5123_/X
 _5124_/Y
 _5125_/X
 _5126_/X
 _5127_/Y
 _5128_/Y
 _5129_/Y
 _5130_/X
 _5131_/X
 _5132_/X
 _5133_/X
 _5134_/X
 _5135_/Y
 _5136_/Y
 _5137_/Y
 _5138_/Y
 _5139_/X
 _5140_/Y
 _5141_/X
 _5142_/X
 _5143_/Y
 _5144_/X
 _5145_/X
 _5146_/X
 _5147_/X
 _5148_/X
 _5149_/X
 _5150_/X
 _5151_/Y
 _5152_/X
 _5153_/Y
 _5154_/Y
 _5155_/Y
 _5156_/Y
 _5157_/Y
 _5158_/Y
 _5159_/X
 _5160_/X
 _5161_/Y
 _5162_/X
 _5163_/Y
 _5164_/Y
 _5165_/Y
 _5166_/X
 _5167_/X
 _5168_/X
 _5169_/X
 _5170_/X
 _5171_/X
 _5172_/X
 _5173_/Y
 _5174_/Y
 _5175_/Y
 _5176_/X
 _5177_/Y
 _5178_/X
 _5179_/X
 _5180_/X
 _5181_/Y
 _5182_/X
 _5183_/Y
 _5184_/Y
 _5185_/X
 _5186_/Y
 _5187_/Y
 _5188_/Y
 _5189_/Y
 _5190_/Y
 _5191_/Y
 _5192_/Y
 _5193_/Y
 _5194_/Y
 _5195_/Y
 _5196_/Y
 _5197_/Y
 _5198_/Y
 _5199_/Y
 _5200_/Y
 _5201_/Y
 _5202_/Y
 _5203_/X
 _5204_/Y
 _5205_/Y
 _5206_/Y
 _5207_/X
 _5208_/X
 _5209_/Y
 _5210_/Y
 _5211_/Y
 _5212_/Y
 _5213_/Y
 _5214_/Y
 _5215_/Y
 _5216_/X
 _5217_/Y
 _5218_/X
 _5219_/Y
 _5220_/Y
 _5221_/X
 _5222_/X
 _5223_/X
 _5224_/X
 _5225_/X
 _5226_/X
 _5227_/X
 _5228_/X
 _5229_/X
 _5230_/X
 _5231_/X
 _5232_/Y
 _5233_/X
 _5234_/Y
 _5235_/Y
 _5236_/Y
 _5237_/Y
 _5238_/X
 _5239_/X
 _5240_/Y
 _5241_/Y
 _5242_/X
 _5243_/X
 _5244_/X
 _5245_/X
 _5246_/Y
 _5247_/Y
 _5248_/Y
 _5249_/X
 _5250_/Y
 _5251_/Y
 _5252_/Y
 _5253_/Y
 _5254_/X
 _5255_/Y
 _5256_/X
 _5257_/X
 _5258_/Y
 _5259_/Y
 _5260_/Y
 _5261_/X
 _5262_/X
 _5263_/X
 _5264_/X
 _5265_/X
 _5266_/X
 _5267_/X
 _5268_/Y
 _5269_/X
 _5270_/Y
 _5271_/Y
 _5272_/X
 _5273_/X
 _5274_/Y
 _5275_/Y
 _5276_/X
 _5277_/X
 _5278_/Y
 _5279_/X
 _5280_/X
 _5281_/X
 _5282_/X
 _5283_/Y
 _5284_/X
 _5285_/X
 _5286_/X
 _5287_/X
 _5288_/X
 _5289_/Y
 _5290_/Y
 _5291_/Y
 _5292_/X
 _5293_/X
 _5294_/Y
 _5295_/X
 _5296_/Y
 _5297_/Y
 _5298_/Y
 _5299_/Y
 _5300_/Y
 _5301_/X
 _5302_/Y
 _5303_/Y
 _5304_/Y
 _5305_/X
 _5306_/X
 _5307_/X
 _5308_/Y
 _5309_/Y
 _5310_/Y
 _5311_/X
 _5312_/X
 _5313_/Y
 _5314_/Y
 _5315_/X
 _5316_/X
 _5317_/X
 _5318_/X
 _5319_/X
 _5320_/X
 _5321_/X
 _5322_/X
 _5323_/X
 _5324_/X
 _5325_/X
 _5326_/X
 _5327_/X
 _5328_/X
 _5329_/Y
 _5330_/X
 _5331_/Y
 _5332_/X
 _5333_/X
 _5334_/X
 _5335_/Y
 _5336_/X
 _5337_/X
 _5338_/X
 _5339_/X
 _5340_/X
 _5341_/X
 _5342_/X
 _5343_/X
 _5344_/X
 _5345_/X
 _5346_/X
 _5347_/X
 _5348_/X
 _5349_/Y
 _5350_/X
 _5351_/Y
 _5352_/X
 _5353_/X
 _5354_/X
 _5355_/X
 _5356_/X
 _5357_/X
 _5358_/X
 _5359_/X
 _5360_/Y
 _5361_/X
 _5362_/X
 _5363_/X
 _5364_/Y
 _5365_/X
 _5366_/X
 _5367_/Y
 _5368_/X
 _5369_/Y
 _5370_/X
 _5371_/X
 _5372_/X
 _5373_/X
 _5374_/X
 _5375_/X
 _5376_/X
 _5377_/X
 _5378_/X
 _5379_/X
 _5380_/X
 _5381_/X
 _5382_/X
 _5383_/X
 _5384_/X
 _5385_/X
 _5386_/X
 _5387_/X
 _5388_/X
 _5389_/X
 _5390_/X
 _5391_/X
 _5392_/X
 _5393_/X
 _5394_/X
 _5395_/X
 _5396_/X
 _5397_/Y
 _5398_/Y
 _5399_/X
 _5400_/X
 _5401_/X
 _5402_/X
 _5403_/X
 _5404_/X
 _5405_/X
 _5406_/Y
 _5407_/Y
 _5408_/X
 _5409_/X
 _5410_/X
 _5411_/X
 _5412_/X
 _5413_/X
 _5414_/X
 _5415_/X
 _5416_/X
 _5417_/X
 _5418_/Y
 _5419_/X
 _5420_/X
 _5421_/X
 _5422_/Y
 _5423_/X
 _5424_/X
 _5425_/X
 _5426_/X
 _5427_/X
 _5428_/X
 _5429_/Y
 _5430_/X
 _5431_/X
 _5432_/X
 _5433_/X
 _5434_/X
 _5435_/X
 _5436_/X
 _5437_/X
 _5438_/Y
 _5439_/Y
 _5440_/X
 _5441_/X
 _5442_/X
 _5443_/X
 _5444_/X
 _5445_/Y
 _5446_/X
 _5447_/Y
 _5448_/X
 _5449_/X
 _5450_/Y
 _5451_/Y
 _5452_/Y
 _5453_/Y
 _5454_/X
 _5455_/X
 _5456_/X
 _5457_/X
 _5458_/X
 _5459_/X
 _5460_/X
 _5461_/X
 _5462_/X
 _5463_/X
 _5464_/X
 _5465_/X
 _5466_/X
 _5467_/Y
 _5468_/X
 _5469_/Y
 _5470_/Y
 _5471_/X
 _5472_/X
 _5473_/X
 _5474_/X
 _5475_/X
 _5476_/Y
 _5477_/X
 _5478_/X
 _5479_/X
 _5480_/X
 _5481_/X
 _5482_/X
 _5483_/Y
 _5484_/Y
 _5485_/Y
 _5486_/X
 _5487_/X
 _5488_/Y
 _5489_/Y
 _5490_/Y
 _5491_/Y
 _5492_/Y
 _5493_/X
 _5494_/Y
 _5495_/X
 _5496_/X
 _5497_/Y
 _5498_/X
 _5499_/Y
 _5500_/X
 _5501_/Y
 _5502_/X
 _5503_/X
 _5504_/X
 _5505_/Y
 _5506_/Y
 _5507_/Y
 _5508_/X
 _5509_/Y
 _5510_/X
 _5511_/X
 _5512_/Y
 _5513_/Y
 _5514_/X
 _5515_/X
 _5516_/X
 _5517_/X
 _5518_/X
 _5519_/X
 _5520_/X
 _5521_/X
 _5522_/X
 _5523_/X
 _5524_/X
 _5525_/X
 _5526_/Y
 _5527_/X
 _5528_/X
 _5529_/X
 _5530_/X
 _5531_/Y
 _5532_/X
 _5533_/Y
 _5534_/X
 _5535_/Y
 _5536_/X
 _5537_/X
 _5538_/X
 _5539_/X
 _5540_/X
 _5541_/X
 _5542_/X
 _5543_/X
 _5544_/X
 _5545_/Y
 _5546_/X
 _5547_/Y
 _5548_/X
 _5549_/X
 _5550_/X
 _5551_/X
 _5552_/X
 _5553_/X
 _5554_/X
 _5555_/X
 _5556_/Y
 _5557_/Y
 _5558_/X
 _5559_/X
 _5560_/X
 _5561_/X
 _5562_/X
 _5563_/X
 _5564_/X
 _5565_/X
 _5566_/X
 _5567_/X
 _5568_/X
 _5569_/X
 _5570_/X
 _5571_/X
 _5572_/X
 _5573_/X
 _5574_/X
 _5575_/X
 _5576_/X
 _5577_/X
 _5578_/X
 _5579_/Y
 _5580_/X
 _5581_/X
 _5582_/X
 _5583_/X
 _5584_/X
 _5585_/X
 _5586_/X
 _5587_/X
 _5588_/X
 _5589_/X
 _5590_/X
 _5591_/X
 _5592_/X
 _5593_/X
 _5594_/X
 _5595_/X
 _5596_/X
 _5597_/X
 _5598_/X
 _5599_/X
 _5600_/X
 _5601_/Y
 _5602_/X
 _5603_/X
 _5604_/X
 _5605_/X
 _5606_/X
 _5607_/X
 _5608_/X
 _5609_/X
 _5610_/X
 _5611_/X
 _5612_/X
 _5613_/X
 _5614_/X
 _5615_/X
 _5616_/X
 _5617_/X
 _5618_/X
 _5619_/X
 _5620_/X
 _5621_/X
 _5622_/X
 _5623_/X
 _5624_/X
 _5625_/X
 _5626_/X
 _5627_/X
 _5628_/X
 _5629_/X
 _5630_/X
 _5631_/X
 _5632_/X
 _5633_/X
 _5634_/X
 _5635_/X
 _5636_/X
 _5637_/X
 _5638_/X
 _5639_/X
 _5640_/X
 _5641_/X
 _5642_/X
 _5643_/X
 _5644_/X
 _5645_/X
 _5646_/X
 _5647_/X
 _5648_/X
 _5649_/X
 _5650_/X
 _5651_/X
 _5652_/X
 _5653_/X
 _5654_/X
 _5655_/X
 _5656_/X
 _5657_/X
 _5658_/X
 _5659_/X
 _5660_/X
 _5661_/X
 _5662_/X
 _5663_/X
 _5664_/Y
 _5665_/X
 _5666_/X
 _5667_/X
 _5668_/X
 _5669_/X
 _5670_/X
 _5671_/Y
 _5672_/Y
 _5673_/Y
 _5674_/X
 _5675_/X
 _5676_/X
 _5677_/X
 _5678_/Y
 _5679_/X
 _5680_/X
 _5681_/Y
 _5682_/Y
 _5683_/X
 _5684_/X
 _5685_/Y
 _5686_/Y
 _5687_/X
 _5688_/X
 _5689_/Y
 _5690_/Y
 _5691_/Y
 _5692_/X
 _5693_/Y
 _5694_/Y
 _5695_/Y
 _5696_/Y
 _5697_/Y
 _5698_/Y
 _5699_/Y
 _5700_/X
 _5701_/Y
 _5702_/X
 _5703_/Y
 _5704_/Y
 _5705_/Y
 _5706_/Y
 _5707_/Y
 _5708_/X
 _5709_/Y
 _5710_/Y
 _5711_/X
 _5712_/Y
 _5713_/Y
 _5714_/X
 _5715_/Y
 _5716_/Y
 _5717_/X
 _5718_/Y
 _5719_/X
 _5720_/Y
 _5721_/Y
 _5722_/Y
 _5723_/X
 _5724_/X
 _5725_/Y
 _5726_/Y
 _5727_/X
 _5728_/Y
 _5729_/Y
 _5730_/X
 _5731_/X
 _5732_/X
 _5733_/Y
 _5734_/Y
 _5735_/X
 _5736_/Y
 _5737_/Y
 _5738_/X
 _5739_/X
 _5740_/X
 _5741_/Y
 _5742_/Y
 _5743_/X
 _5744_/Y
 _5745_/Y
 _5746_/Y
 _5747_/Y
 _5748_/X
 _5749_/Y
 _5750_/Y
 _5751_/Y
 _5752_/X
 _5753_/X
 _5754_/X
 _5755_/Y
 _5756_/X
 _5757_/X
 _5758_/X
 _5759_/X
 _5760_/X
 _5761_/X
 _5762_/Y
 _5763_/Y
 _5764_/Y
 _5765_/Y
 _5766_/X
 _5767_/Y
 _5768_/Y
 _5769_/Y
 _5770_/X
 _5771_/Y
 _5772_/Y
 _5773_/X
 _5774_/X
 _5775_/X
 _5776_/X
 _5777_/Y
 _5778_/X
 _5779_/Y
 _5780_/Y
 _5781_/Y
 _5782_/Y
 _5783_/Y
 _5784_/Y
 _5785_/X
 _5786_/Y
 _5787_/Y
 _5788_/Y
 _5789_/Y
 _5790_/Y
 _5791_/X
 _5792_/Y
 _5793_/Y
 _5794_/Y
 _5795_/Y
 _5796_/X
 _5797_/X
 _5798_/X
 _5799_/X
 _5800_/X
 _5801_/X
 _5802_/X
 _5803_/Y
 _5804_/Y
 _5805_/X
 _5806_/X
 _5807_/Y
 _5808_/X
 _5809_/Y
 _5810_/X
 _5811_/X
 _5812_/X
 _5813_/X
 _5814_/X
 _5815_/Y
 _5816_/Y
 _5817_/X
 _5818_/Y
 _5819_/Y
 _5820_/X
 _5821_/X
 _5822_/Y
 _5823_/Y
 _5824_/Y
 _5825_/Y
 _5826_/Y
 _5827_/X
 _5828_/Y
 _5829_/Y
 _5830_/X
 _5831_/X
 _5832_/X
 _5833_/Y
 _5834_/Y
 _5835_/X
 _5836_/Y
 _5837_/Y
 _5838_/Y
 _5839_/X
 _5840_/X
 _5841_/Y
 _5842_/Y
 _5843_/Y
 _5844_/X
 _5845_/Y
 _5846_/X
 _5847_/X
 _5848_/Y
 _5849_/Y
 _5850_/Y
 _5851_/Y
 _5852_/Y
 _5853_/Y
 _5854_/Y
 _5855_/Y
 _5856_/Y
 _5857_/Y
 _5858_/Y
 _5859_/Y
 _5860_/Y
 _5861_/Y
 _5862_/X
 _5863_/Y
 _5864_/Y
 _5865_/X
 _5866_/X
 _5867_/X
 _5868_/X
 _5869_/X
 _5870_/X
 _5871_/Y
 _5872_/Y
 _5873_/Y
 _5874_/X
 _5875_/X
 _5876_/Y
 _5877_/Y
 _5878_/X
 _5879_/X
 _5880_/X
 _5881_/X
 _5882_/X
 _5883_/X
 _5884_/X
 _5885_/Y
 _5886_/Y
 _5887_/Y
 _5888_/X
 _5889_/Y
 _5890_/Y
 _5891_/Y
 _5892_/X
 _5893_/Y
 _5894_/X
 _5895_/Y
 _5896_/Y
 _5897_/Y
 _5898_/X
 _5899_/Y
 _5900_/Y
 _5901_/X
 _5902_/X
 _5903_/X
 _5904_/X
 _5905_/X
 _5906_/X
 _5907_/X
 _5908_/Y
 _5909_/X
 _5910_/Y
 _5911_/X
 _5912_/Y
 _5913_/X
 _5914_/Y
 _5915_/X
 _5916_/X
 _5917_/X
 _5918_/X
 _5919_/Y
 _5920_/X
 _5921_/X
 _5922_/X
 _5923_/Y
 _5924_/X
 _5925_/Y
 _5926_/Y
 _5927_/X
 _5928_/Y
 _5929_/Y
 _5930_/Y
 _5931_/X
 _5932_/Y
 _5933_/Y
 _5934_/X
 _5935_/Y
 _5936_/Y
 _5937_/Y
 _5938_/Y
 _5939_/Y
 _5940_/X
 _5941_/Y
 _5942_/X
 _5943_/Y
 _5944_/X
 _5945_/X
 _5946_/X
 _5947_/X
 _5948_/X
 _5949_/X
 _5950_/Y
 _5951_/X
 _5952_/X
 _5953_/Y
 _5954_/X
 _5955_/Y
 _5956_/Y
 _5957_/X
 _5958_/X
 _5959_/X
 _5960_/Y
 _5961_/Y
 _5962_/Y
 _5963_/Y
 _5964_/Y
 _5965_/X
 _5966_/Y
 _5967_/X
 _5968_/Y
 _5969_/Y
 _5970_/X
 _5971_/X
 _5972_/Y
 _5973_/Y
 _5974_/X
 _5975_/X
 _5976_/X
 _5977_/X
 _5978_/X
 _5979_/X
 _5980_/X
 _5981_/X
 _5982_/Y
 _5983_/X
 _5984_/Y
 _5985_/X
 _5986_/Y
 _5987_/X
 _5988_/Y
 _5989_/Y
 _5990_/X
 _5991_/X
 _5992_/X
 _5993_/X
 _5994_/X
 _5995_/X
 _5996_/Y
 _5997_/Y
 _5998_/X
 _5999_/X
 _6000_/Y
 _6001_/X
 _6002_/Y
 _6003_/Y
 _6004_/Y
 _6005_/X
 _6006_/Y
 _6007_/Y
 _6008_/Y
 _6009_/X
 _6010_/Y
 _6011_/X
 _6012_/Y
 _6013_/Y
 _6014_/X
 _6015_/X
 _6016_/X
 _6017_/Y
 _6018_/Y
 _6019_/X
 _6020_/Y
 _6021_/Y
 _6022_/X
 _6023_/Y
 _6024_/Y
 _6025_/Y
 _6026_/Y
 _6027_/Y
 _6028_/Y
 _6029_/X
 _6030_/Y
 _6031_/Y
 _6032_/X
 _6033_/X
 _6034_/X
 _6035_/X
 _6036_/X
 _6037_/X
 _6038_/X
 _6039_/X
 _6040_/X
 _6041_/X
 _6042_/X
 _6043_/Y
 _6044_/X
 _6045_/Y
 _6046_/Y
 _6047_/X
 _6048_/X
 _6049_/X
 _6050_/Y
 _6051_/Y
 _6052_/X
 _6053_/Y
 _6054_/X
 _6055_/Y
 _6056_/X
 _6057_/X
 _6058_/Y
 _6059_/Y
 _6060_/Y
 _6061_/Y
 _6062_/Y
 _6063_/X
 _6064_/X
 _6065_/Y
 _6066_/Y
 _6067_/X
 _6068_/X
 _6069_/X
 _6070_/X
 _6071_/X
 _6072_/X
 _6073_/X
 _6074_/X
 _6075_/X
 _6076_/X
 _6077_/X
 _6078_/X
 _6079_/Y
 _6080_/Y
 _6081_/X
 _6082_/Y
 _6083_/X
 _6084_/X
 _6085_/X
 _6086_/X
 _6087_/X
 _6088_/X
 _6089_/Y
 _6090_/Y
 _6091_/X
 _6092_/X
 _6093_/Y
 _6094_/Y
 _6095_/Y
 _6096_/Y
 _6097_/Y
 _6098_/X
 _6099_/X
 _6100_/Y
 _6101_/Y
 _6102_/Y
 _6103_/X
 _6104_/Y
 _6105_/Y
 _6106_/Y
 _6107_/X
 _6108_/X
 _6109_/X
 _6110_/X
 _6111_/X
 _6112_/Y
 _6113_/Y
 _6114_/X
 _6115_/Y
 _6116_/X
 _6117_/X
 _6118_/X
 _6119_/Y
 _6120_/X
 _6121_/X
 _6122_/Y
 _6123_/X
 _6124_/Y
 _6125_/X
 _6126_/X
 _6127_/X
 _6128_/X
 _6129_/X
 _6130_/Y
 _6131_/X
 _6132_/X
 _6133_/Y
 _6134_/X
 _6135_/Y
 _6136_/X
 _6137_/X
 _6138_/Y
 _6139_/Y
 _6140_/Y
 _6141_/X
 _6142_/X
 _6143_/X
 _6144_/X
 _6145_/X
 _6146_/Y
 _6147_/Y
 _6148_/X
 _6149_/X
 _6150_/Y
 _6151_/X
 _6152_/Y
 _6153_/Y
 _6154_/X
 _6155_/X
 _6156_/X
 _6157_/X
 _6158_/Y
 _6159_/X
 _6160_/Y
 _6161_/X
 _6162_/X
 _6163_/X
 _6164_/X
 _6165_/X
 _6166_/Y
 _6167_/Y
 _6168_/X
 _6169_/X
 _6170_/X
 _6171_/Y
 _6172_/Y
 _6173_/Y
 _6174_/X
 _6175_/X
 _6176_/X
 _6177_/X
 _6178_/X
 _6179_/Y
 _6180_/X
 _6181_/X
 _6182_/X
 _6183_/X
 _6184_/Y
 _6185_/X
 _6186_/X
 _6187_/X
 _6188_/X
 _6189_/X
 _6190_/X
 _6191_/X
 _6192_/X
 _6193_/X
 _6194_/Y
 _6195_/X
 _6196_/X
 _6197_/X
 _6198_/X
 _6199_/X
 _6200_/X
 _6201_/X
 _6202_/X
 _6203_/Y
 _6204_/Y
 _6205_/X
 _6206_/X
 _6207_/X
 _6208_/X
 _6209_/X
 _6210_/X
 _6211_/X
 _6212_/X
 _6213_/X
 _6214_/X
 _6215_/X
 _6216_/X
 _6217_/X
 _6218_/X
 _6219_/X
 _6220_/X
 _6221_/X
 _6222_/X
 _6223_/X
 _6224_/X
 _6225_/X
 _6226_/X
 _6227_/X
 _6228_/X
 _6229_/X
 _6230_/X
 _6231_/X
 _6232_/X
 _6233_/X
 _6234_/X
 _6235_/X
 _6236_/X
 _6237_/X
 _6238_/X
 _6239_/X
 _6240_/X
 _6241_/X
 _6242_/X
 _6243_/X
 _6244_/X
 _6245_/X
 _6246_/X
 _6247_/X
 _6248_/X
 _6249_/X
 _6250_/X
 _6251_/X
 _6252_/X
 _6253_/X
 _6254_/X
 _6255_/X
 _6256_/X
 _6257_/X
 _6258_/X
 _6259_/X
 _6260_/X
 _6261_/X
 _6262_/X
 _6263_/X
 _6264_/X
 _6265_/X
 _6266_/X
 _6267_/X
 _6268_/X
 _6269_/X
 _6270_/X
 _6271_/X
 _6272_/X
 _6273_/X
 _6274_/X
 _6275_/X
 _6276_/X
 _6277_/X
 _6278_/X
 _6279_/X
 _6280_/X
 _6281_/X
 _6282_/X
 _6283_/X
 _6284_/X
 _6285_/X
 _6286_/X
 _6287_/X
 _6288_/X
 _6289_/X
 _6290_/X
 _6291_/X
 _6292_/X
 _6293_/X
 _6294_/X
 _6295_/X
 _6296_/X
 _6297_/X
 _6298_/X
 _6299_/X
 _6300_/X
 _6301_/X
 _6302_/X
 _6303_/X
 _6304_/X
 _6305_/X
 _6306_/X
 _6307_/X
 _6308_/X
 _6309_/X
 _6310_/X
 _6311_/X
 _6312_/X
 _6313_/X
 _6314_/X
 _6315_/X
 _6316_/Y
 _6317_/X
 _6318_/X
 _6319_/X
 _6320_/X
 _6321_/X
 _6322_/X
 _6323_/X
 _6324_/X
 _6325_/X
 _6326_/X
 _6327_/X
 _6328_/X
 _6329_/X
 _6330_/X
 _6331_/X
 _6332_/X
 _6333_/X
 _6334_/X
 _6335_/X
 _6336_/X
 _6337_/X
 _6338_/X
 _6339_/X
 _6340_/X
 _6341_/X
 _6342_/X
 _6343_/X
 _6344_/X
 _6345_/X
 _6346_/X
 _6347_/X
 _6348_/X
 _6349_/X
 _6350_/X
 _6351_/X
 _6352_/X
 _6353_/X
 _6354_/X
 _6355_/X
 _6356_/X
 _6357_/X
 _6358_/X
 _6359_/X
 _6360_/X
 _6361_/X
 _6362_/X
 _6363_/X
 _6364_/X
 _6365_/X
 _6366_/X
 _6367_/X
 _6368_/X
 _6369_/X
 _6370_/X
 _6371_/X
 _6372_/X
 _6373_/X
 _6374_/X
 _6375_/X
 _6376_/X
 _6377_/X
 _6378_/X
 _6379_/X
 _6380_/X
 _6381_/X
 _6382_/Y
 _6383_/X
 _6384_/X
 _6385_/Y
 _6386_/X
 _6387_/X
 _6388_/X
 _6389_/X
 _6390_/X
 _6391_/X
 _6392_/X
 _6393_/X
 _6394_/X
 _6395_/X
 _6396_/X
 _6397_/X
 _6398_/X
 _6399_/X
 _6400_/X
 _6401_/X
 _6402_/X
 _6403_/X
 _6404_/X
 _6405_/X
 _6406_/X
 _6407_/X
 _6408_/X
 _6409_/X
 _6410_/X
 _6411_/X
 _6412_/X
 _6413_/X
 _6414_/X
 _6415_/X
 _6416_/X
 _6417_/X
 _6418_/X
 _6419_/X
 _6420_/X
 _6421_/X
 _6422_/X
 _6423_/X
 _6424_/X
 _6425_/X
 _6426_/X
 _6427_/X
 _6428_/X
 _6429_/X
 _6430_/X
 _6431_/X
 _6432_/X
 _6433_/X
 _6434_/X
 _6435_/X
 _6436_/X
 _6437_/X
 _6438_/X
 _6439_/X
 _6440_/X
 _6441_/X
 _6442_/X
 _6443_/X
 _6444_/X
 _6445_/X
 _6446_/X
 _6447_/X
 _6448_/X
 _6449_/X
 _6450_/X
 _6451_/X
 _6452_/X
 _6453_/X
 _6454_/X
 _6455_/X
 _6456_/X
 _6457_/X
 _6458_/X
 _6459_/X
 _6460_/X
 _6461_/X
 _6462_/X
 _6463_/X
 _6464_/X
 _6465_/X
 _6466_/X
 _6467_/X
 _6468_/X
 _6469_/X
 _6470_/X
 _6471_/X
 _6472_/X
 _6473_/X
 _6474_/X
 _6475_/X
 _6476_/X
 _6477_/X
 _6478_/X
 _6479_/X
 _6480_/X
 _6481_/X
 _6482_/X
 _6483_/X
 _6484_/X
 _6485_/X
 _6486_/X
 _6487_/X
 _6488_/X
 _6489_/X
 _6490_/X
 _6491_/X
 _6492_/X
 _6493_/X
 _6494_/X
 _6495_/X
 _6496_/X
 _6497_/X
 _6498_/X
 _6499_/X
 _6500_/X
 _6501_/X
 _6502_/X
 _6503_/X
 _6504_/X
 _6505_/X
 _6506_/X
 _6507_/X
 _6508_/X
 _6509_/X
 _6510_/X
 _6511_/X
 _6512_/X
 _6513_/X
 _6514_/X
 _6515_/X
 _6516_/X
 _6517_/X
 _6518_/X
 _6519_/X
 _6520_/X
 _6521_/X
 _6522_/X
 _6523_/X
 _6524_/X
 _6525_/X
 _6526_/X
 _6527_/X
 _6528_/X
 _6529_/X
 _6530_/X
 _6531_/X
 _6532_/X
 _6533_/X
 _6534_/X
 _6535_/X
 _6536_/X
 _6537_/X
 _6538_/X
 _6539_/X
 _6540_/X
 _6541_/X
 _6542_/X
 _6543_/X
 _6544_/X
 _6545_/X
 _6546_/X
 _6547_/X
 _6548_/X
 _6549_/X
 _6550_/X
 _6551_/X
 _6552_/X
 _6553_/X
 _6554_/X
 _6555_/X
 _6556_/X
 _6557_/X
 _6558_/X
 _6559_/X
 _6560_/X
 _6561_/X
 _6562_/X
 _6563_/X
 _6564_/X
 _6565_/X
 _6566_/X
 _6567_/X
 _6568_/X
 _6569_/X
 _6570_/X
 _6571_/X
 _6572_/X
 _6573_/X
 _6574_/X
 _6575_/X
 _6576_/X
 _6577_/X
 _6578_/X
 _6579_/X
 _6580_/X
 _6581_/X
 _6582_/X
 _6583_/X
 _6584_/X
 _6585_/X
 _6586_/X
 _6587_/X
 _6588_/X
 _6589_/X
 _6590_/X
 _6591_/X
 _6592_/X
 _6593_/X
 _6594_/X
 _6595_/X
 _6596_/X
 _6597_/X
 _6598_/X
 _6599_/X
 _6600_/X
 _6601_/X
 _6602_/X
 _6603_/X
 _6604_/X
 _6605_/X
 _6606_/X
 _6607_/X
 _6608_/X
 _6609_/X
 _6610_/X
 _6611_/X
 _6612_/X
 _6613_/X
 _6614_/X
 _6615_/X
 _6616_/X
 _6617_/X
 _6618_/X
 _6619_/X
 _6620_/X
 _6621_/X
 _6622_/X
 _6623_/X
 _6624_/X
 _6625_/X
 _6626_/X
 _6627_/X
 _6628_/X
 _6629_/X
 _6630_/X
 _6631_/X
 _6632_/X
 _6633_/X
 _6634_/X
 _6635_/X
 _6636_/X
 _6637_/X
 _6638_/X
 _6639_/X
 _6640_/X
 _6641_/X
 _6642_/X
 _6643_/X
 _6644_/X
 _6645_/X
 _6646_/X
 _6647_/X
 _6648_/X
 _6649_/X
 _6650_/X
 _6651_/X
 _6652_/X
 _6653_/X
 _6654_/X
 _6655_/X
 _6656_/X
 _6657_/X
 _6658_/X
 _6659_/Y
 _6660_/Y
 _6661_/Y
 _6662_/Y
 _6663_/Y
 _6664_/Y
 _6665_/Y
 _6666_/Y
 _6667_/Y
 _6668_/X
 _6669_/Y
 _6670_/Y
 _6671_/X
 _6672_/Y
 _6673_/Y
 _6674_/Y
 _6675_/Y
 _6676_/Y
 _6677_/Y
 _6678_/Y
 _6679_/X
 _6680_/Y
 _6681_/Y
 _6682_/Y
 _6683_/Y
 _6684_/Y
 _6685_/Y
 _6686_/X
 _6687_/Y
 _6688_/Y
 _6689_/Y
 _6690_/Y
 _6691_/Y
 _6692_/X
 _6693_/Y
 _6694_/X
 _6695_/Y
 _6696_/Y
 _6697_/Y
 _6698_/Y
 _6699_/Y
 _6700_/Y
 _6701_/Y
 _6702_/Y
 _6703_/X
 _6704_/X
 _6705_/X
 _6706_/X
 _6707_/X
 _6708_/X
 _6709_/X
 _6710_/Y
 _6711_/Y
 _6712_/Y
 _6713_/Y
 _6714_/X
 _6715_/X
 _6716_/X
 _6717_/X
 _6718_/X
 _6719_/X
 _6720_/X
 _6721_/X
 _6722_/X
 _6723_/X
 _6724_/X
 _6725_/X
 _6726_/X
 _6727_/X
 _6728_/X
 _6729_/X
 _6730_/X
 _6731_/X
 _6732_/X
 _6733_/X
 _6734_/X
 _6735_/X
 _6736_/X
 _6737_/X
 _6738_/X
 _6739_/X
 _6740_/X
 _6741_/X
 _6742_/X
 _6743_/X
 _6744_/X
 _6745_/X
 _6746_/X
 _6747_/X
 _6748_/X
 _6749_/X
 _6750_/X
 _6751_/X
 _6752_/X
 _6753_/X
 _6754_/X
 _6755_/X
 _6756_/X
 _6757_/X
 _6758_/X
 _6759_/X
 _6760_/X
 _6761_/X
 _6762_/X
 _6763_/X
 _6764_/X
 _6765_/X
 _6766_/X
 _6767_/X
 _6768_/X
 _6769_/X
 _6770_/X
 _6771_/X
 _6772_/X
 _6773_/X
 _6774_/X
 _6775_/X
 _6776_/X
 _6777_/X
 _6778_/X
 _6779_/X
 _6780_/X
 _6781_/X
 _6782_/X
 _6783_/X
 _6784_/X
 _6785_/X
 _6786_/X
 _6787_/X
 _6788_/X
 _6789_/X
 _6790_/X
 _6791_/X
 _6792_/X
 _6793_/X
 _6794_/X
 _6795_/X
 _6796_/X
 _6797_/X
 _6798_/X
 _6799_/X
 _6800_/X
 _6801_/X
 _6802_/X
 _6803_/X
 _6804_/X
 _6805_/X
 _6806_/X
 _6807_/X
 _6808_/X
 _6809_/X
 _6810_/X
 _6811_/X
 _6812_/X
 _6813_/X
 _6814_/X
 _6815_/X
 _6816_/X
 _6817_/X
 _6818_/X
 _6819_/X
 _6820_/X
 _6821_/X
 _6822_/X
 _6823_/X
 _6824_/X
 _6825_/X
 _6826_/X
 _6827_/X
 _6828_/X
 _6829_/X
 _6830_/X
 _6831_/X
 _6832_/X
 _6833_/X
 _6834_/X
 _6835_/X
 _6836_/X
 _6837_/X
 _6838_/X
 _6839_/X
 _6840_/X
 _6841_/X
 _6842_/X
 _6843_/X
 _6844_/X
 _6845_/X
 _6846_/X
 _6847_/X
 _6848_/X
 _6849_/X
 _6850_/X
 _6851_/X
 _6852_/X
 _6853_/X
 _6854_/X
 _6855_/X
 _6856_/X
 _6857_/X
 _6858_/X
 _6859_/X
 _6860_/X
 _6861_/X
 _6862_/X
 _6863_/X
 _6864_/X
 _6865_/X
 _6866_/X
 _6867_/X
 _6868_/X
 _6869_/X
 _6870_/X
 _6871_/X
 _6872_/X
 _6873_/X
 _6874_/X
 _6875_/X
 _6876_/X
 _6877_/X
 _6878_/X
 _6879_/X
 _6880_/X
 _6881_/X
 _6882_/X
 _6883_/X
 _6884_/X
 _6885_/X
 _6886_/X
 _6887_/X
 _6888_/X
 _6889_/X
 _6890_/X
 _6891_/X
 _6892_/X
 _6893_/X
 _6894_/X
 _6895_/X
 _6896_/X
 _6897_/X
 _6898_/X
 _6899_/X
 _6900_/X
 _6901_/X
 _6902_/X
 _6903_/X
 _6904_/X
 _6905_/X
 _6906_/X
 _6907_/X
 _6908_/X
 _6909_/X
 _6910_/X
 _6911_/X
 _6912_/X
 _6913_/X
 _6914_/X
 _6915_/X
 _6916_/X
 _6917_/X
 _6918_/X
 _6919_/X
 _6920_/X
 _6921_/X
 _6922_/X
 _6923_/X
 _6924_/X
 _6925_/X
 _6926_/X
 _6927_/X
 _6928_/X
 _6929_/X
 _6930_/X
 _6931_/X
 _6932_/X
 _6933_/X
 _6934_/X
 _6935_/X
 _6936_/X
 _6937_/X
 _6938_/X
 _6939_/X
 _6940_/X
 _6941_/X
 _6942_/X
 _6943_/X
 _6944_/X
 _6945_/X
 _6946_/X
 _6947_/X
 _6948_/X
 _6949_/X
 _6950_/X
 _6951_/X
 _6952_/X
 _6953_/X
 _6954_/X
 _6955_/X
 _6956_/X
 _6957_/X
 _6958_/X
 _6959_/X
 _6960_/X
 _6961_/X
 _6962_/X
 _6963_/X
 _6964_/X
 _6965_/X
 _6966_/X
 _6967_/X
 _6968_/X
 _6969_/X
 _6970_/X
 _6971_/X
 _6972_/X
 _6973_/X
 _6974_/X
 _6975_/X
 _6976_/X
 _6977_/X
 _6978_/X
 _6979_/X
 _6980_/X
 _6981_/X
 _6982_/X
 _6983_/X
 _6984_/X
 _6985_/X
 _6986_/X
 _6987_/X
 _6988_/X
 _6989_/X
 _6990_/X
 _6991_/X
 _6992_/X
 _6993_/X
 _6994_/X
 _6995_/X
 _6996_/X
 _6997_/X
 _6998_/X
 _6999_/X
 _7000_/X
 _7001_/X
 _7002_/X
 _7003_/X
 _7004_/X
 _7005_/X
 _7006_/X
 _7007_/X
 _7008_/X
 _7009_/X
 _7010_/X
 _7011_/X
 _7012_/X
 _7013_/X
 _7014_/X
 _7015_/X
 _7016_/X
 _7017_/X
 _7018_/X
 _7019_/X
 _7020_/X
 _7021_/X
 _7022_/X
 _7023_/X
 _7024_/X
 _7025_/X
 _7026_/X
 _7027_/X
 _7028_/X
 _7029_/X
 _7030_/X
 _7031_/X
 _7032_/X
 _7033_/X
 _7034_/X
 _7035_/X
 _7036_/X
 _7037_/X
 _7038_/X
 _7039_/X
 _7040_/X
 _7041_/X
 _7042_/X
 _7043_/X
 _7044_/X
 _7045_/X
 _7046_/X
 _7047_/X
 _7048_/X
 _7049_/X
 _7050_/X
 _7051_/X
 _7052_/X
 _7053_/X
 _7054_/X
 _7055_/X
 _7056_/X
 _7057_/X
 _7058_/X
 _7059_/X
 _7060_/X
 _7061_/X
 _7062_/X
 _7063_/X
 _7064_/X
 _7065_/X
 _7066_/X
 _7067_/X
 _7068_/X
 _7069_/X
 _7070_/X
 _7071_/X
 _7072_/X
 _7073_/X
 _7074_/X
 _7075_/X
 _7076_/X
 _7077_/X
 _7078_/X
 _7079_/X
 _7080_/X
 _7081_/X
 _7082_/X
 _7083_/X
 _7084_/X
 _7085_/X
 _7086_/X
 _7087_/X
 _7088_/X
 _7089_/X
 _7090_/X
 _7091_/X
 _7092_/X
 _7093_/X
 _7094_/X
 _7095_/X
 _7096_/X
 _7097_/X
 _7098_/X
 _7099_/X
 _7100_/X
 _7101_/X
 _7102_/X
 _7103_/X
 _7104_/X
 _7105_/X
 _7106_/X
 _7107_/X
 _7108_/X
 _7109_/X
 _7110_/X
 _7111_/X
 _7112_/X
 _7113_/X
 _7114_/X
 _7115_/X
 _7116_/X
 _7117_/X
 _7118_/X
 _7119_/X
 _7120_/X
 _7121_/X
 _7122_/X
 _7123_/X
 _7124_/X
 _7125_/X
 _7126_/X
 _7127_/X
 _7128_/X
 _7129_/X
 _7130_/X
 _7131_/X
 _7132_/X
 _7133_/X
 _7134_/X
 _7135_/X
 _7136_/X
 _7137_/X
 _7138_/X
 _7139_/X
 _7140_/X
 _7141_/X
 _7142_/X
 _7143_/X
 _7144_/X
 _7145_/X
 _7146_/X
 _7147_/X
 _7148_/X
 _7149_/X
 _7150_/X
 _7151_/X
 _7152_/X
 _7153_/X
 _7154_/X
 _7155_/X
 _7156_/X
 _7157_/X
 _7158_/X
 _7159_/X
 _7160_/X
 _7161_/X
 _7162_/X
 _7163_/X
 _7164_/X
 _7165_/X
 _7166_/X
 _7167_/X
 _7168_/X
 _7169_/X
 _7170_/X
 _7171_/X
 _7172_/X
 _7173_/X
 _7174_/X
 _7175_/X
 _7176_/X
 _7177_/X
 _7178_/X
 _7179_/X
 _7180_/X
 _7181_/X
 _7182_/X
 _7183_/X
 _7184_/X
 _7185_/X
 _7186_/X
 _7187_/X
 _7188_/X
 _7189_/X
 _7190_/X
 _7191_/X
 _7192_/X
 _7193_/X
 _7194_/X
 _7195_/X
 _7196_/X
 _7197_/X
 _7198_/X
 _7199_/X
 _7200_/X
 _7201_/X
 _7202_/X
 _7203_/X
 _7204_/X
 _7205_/X
 _7206_/X
 _7207_/X
 _7208_/X
 _7209_/X
 _7210_/X
 _7211_/X
 _7212_/X
 _7213_/X
 _7214_/X
 _7215_/X
 _7216_/X
 _7217_/X
 _7218_/X
 _7219_/X
 _7220_/X
 _7221_/X
 _7222_/X
 _7223_/X
 _7224_/X
 _7225_/X
 _7226_/X
 _7227_/X
 _7228_/X
 _7229_/X
 _7230_/X
 _7231_/X
 _7232_/X
 _7233_/X
 _7234_/X
 _7235_/X
 _7236_/X
 _7237_/X
 _7238_/X
 _7239_/X
 _7240_/X
 _7241_/X
 _7242_/X
 _7243_/X
 _7244_/X
 _7245_/X
 _7246_/X
 _7247_/X
 _7248_/X
 _7249_/X
 _7250_/X
 _7251_/X
 _7252_/X
 _7253_/X
 _7254_/X
 _7255_/X
 _7256_/X
 _7257_/X
 _7258_/X
 _7259_/X
 _7260_/X
 _7261_/X
 _7262_/X
 _7263_/X
 _7264_/X
 _7265_/X
 _7266_/X
 _7267_/X
 _7268_/X
 _7269_/X
 _7270_/X
 _7271_/X
 _7272_/X
 _7273_/X
 _7274_/X
 _7275_/X
 _7276_/X
 _7277_/X
 _7278_/X
 _7279_/X
 _7280_/X
 _7281_/X
 _7282_/X
 _7283_/X
 _7284_/X
 _7285_/X
 _7286_/X
 _7287_/X
 _7288_/X
 _7289_/X
 _7290_/X
 _7291_/X
 _7292_/X
 _7293_/X
 _7294_/X
 _7295_/X
 _7296_/X
 _7297_/X
 _7298_/X
 _7299_/X
 _7300_/X
 _7301_/X
 _7302_/X
 _7303_/X
 _7304_/X
 _7305_/X
 _7306_/X
 _7307_/X
 _7308_/X
 _7309_/X
 _7310_/X
 _7311_/X
 _7312_/X
 _7313_/X
 _7314_/X
 _7315_/X
 _7316_/X
 _7317_/X
 _7318_/X
 _7319_/X
 _7320_/X
 _7321_/X
 _7322_/X
 _7323_/X
 _7324_/X
 _7325_/X
 _7326_/X
 _7327_/X
 _7328_/X
 _7329_/X
 _7330_/X
 _7331_/X
 _7332_/X
 _7333_/X
 _7334_/X
 _7335_/X
 _7336_/X
 _7337_/X
 _7338_/X
 _7339_/X
 _7340_/Y
 _7341_/Y
 _7342_/Y
 _7343_/Y
 _7344_/Y
 _7345_/Y
 _7346_/Y
 _7347_/Y
 _7348_/Y
 _7349_/Y
 _7350_/Y
 _7351_/Y
 _7352_/Y
 _7353_/Y
 _7354_/Y
 _7355_/Y
 _7356_/Y
 _7357_/Y
 _7358_/Y
 _7359_/Y
 _7360_/Y
 _7361_/Y
 _7362_/Y
 _7363_/Y
 _7364_/Y
 _7365_/Y
 _7366_/Y
 _7367_/Y
 _7368_/Y
 _7369_/Y
 _7370_/Y
 _7371_/Y
 _7372_/Y
 _7373_/Y
 _7374_/Y
 _7375_/Y
 _7376_/Y
 _7377_/Y
 _7378_/Y
 _7379_/Y
 _7380_/Y
 _7381_/Y
 _7382_/Y
 _7383_/Y
 _7384_/Y
 _7385_/Y
 _7386_/Y
 _7387_/Y
 _7388_/Y
 _7389_/Y
 _7390_/Y
 _7391_/Y
 _7392_/Y
 _7393_/Y
 _7394_/Y
 _7395_/Y
 _7396_/Y
 _7397_/Y
 _7398_/Y
 _7399_/Y
 _7400_/Y
 _7401_/Y
 _7402_/Y
 _7403_/Y
 _7404_/Y
 _7405_/Y
 _7406_/Y
 _7407_/Y
 _7408_/Y
 _7409_/Y
 _7410_/Y
 _7411_/Y
 _7412_/Y
 _7413_/Y
 _7414_/Y
 _7415_/Y
 _7416_/Y
 _7417_/Y
 _7418_/Y
 _7419_/Y
 _7420_/Y
 _7421_/Y
 _7422_/Y
 _7423_/Y
 _7424_/Y
 _7425_/Y
 _7426_/Y
 _7427_/Y
 _7428_/Y
 _7429_/Y
 _7430_/Y
 _7431_/Y
 _7432_/Y
 _7433_/Y
 _7434_/Y
 _7435_/Y
 _7436_/Y
 _7437_/Y
 _7438_/Y
 _7439_/Y
 _7440_/Y
 _7441_/Y
 _7442_/Y
 _7443_/Y
 _7444_/Y
 _7445_/Y
 _7446_/Y
 _7447_/Y
 _7448_/Y
 _7449_/Y
 _7450_/Y
 _7451_/Y
 _7452_/Y
 _7453_/Y
 _7454_/Y
 _7455_/Y
 _7456_/Y
 _7457_/Y
 _7458_/Y
 _7459_/Y
 _7460_/Y
 _7461_/Y
 _7462_/Y
 _7463_/Y
 _7464_/Y
 _7465_/Y
 _7466_/Y
 _7467_/Y
 _7468_/Y
 _7469_/Y
 _7470_/Y
 _7471_/Y
 _7472_/Y
 _7473_/Y
 _7474_/Y
 _7475_/Y
 _7476_/Y
 _7477_/Y
 _7478_/Y
 _7479_/Y
 _7480_/Y
 _7481_/Y
 _7482_/Y
 _7483_/Y
 _7484_/Y
 _7485_/Y
 _7486_/Y
 _7487_/Y
 _7488_/Y
 _7489_/Y
 _7490_/Y
 _7491_/Y
 _7492_/Y
 _7493_/Y
 _7494_/Y
 _7495_/Y
 _7496_/Y
 _7497_/Y
 _7498_/Y
 _7499_/Y
 _7500_/Y
 _7501_/Y
 _7502_/Y
 _7503_/Y
 _7504_/Y
 _7505_/Y
 _7506_/Y
 _7507_/Y
 _7508_/Y
 _7509_/Y
 _7510_/Y
 _7511_/Y
 _7512_/Y
 _7513_/Y
 _7514_/Y
 _7515_/Y
 _7516_/Y
 _7517_/Y
 _7518_/Y
 _7519_/Y
 _7520_/Y
 _7521_/Y
 _7522_/Y
 _7523_/Y
 _7524_/Y
 _7525_/Y
 _7526_/Y
 _7527_/Y
 _7528_/Y
 _7529_/Y
 _7530_/Y
 _7531_/Y
 _7532_/Y
 _7533_/Y
 _7534_/Y
 _7535_/Y
 _7536_/Y
 _7537_/Y
 _7538_/Y
 _7539_/Y
 _7540_/Y
 _7541_/Y
 _7542_/Y
 _7543_/Y
 _7544_/Y
 _7545_/Y
 _7546_/Y
 _7547_/Y
 _7548_/Y
 _7549_/Y
 _7550_/Y
 _7551_/Y
 _7552_/Y
 _7553_/Y
 _7554_/Y
 _7555_/Y
 _7556_/Y
 _7557_/Y
 _7558_/Y
 _7559_/Y
 _7560_/Y
 _7561_/Y
 _7562_/Y
 _7563_/Y
 _7564_/Y
 _7565_/Y
 _7566_/Y
 _7567_/Y
 _7568_/Y
 _7569_/Y
 _7570_/Y
 _7571_/Y
 _7572_/Y
 _7573_/Y
 _7574_/Y
 _7575_/Y
 _7576_/Y
 _7577_/Y
 _7578_/Y
 _7579_/Y
 _7580_/Y
 _7581_/Y
 _7582_/Y
 _7583_/Y
 _7584_/Y
 _7585_/Y
 _7586_/Y
 _7587_/Y
 _7588_/Y
 _7589_/Y
 _7590_/Y
 _7591_/Y
 _7592_/Y
 _7593_/Y
 _7594_/Y
 _7595_/Y
 _7596_/Y
 _7597_/Y
 _7598_/Y
 _7599_/Y
 _7600_/Y
 _7601_/Y
 _7602_/Y
 _7603_/Y
 _7604_/Y
 _7605_/Y
 _7606_/Y
 _7607_/Y
 _7608_/Y
 _7609_/Y
 _7610_/Y
 _7611_/Y
 _7612_/Y
 _7613_/Y
 _7614_/Y
 _7615_/Y
 _7616_/Y
 _7617_/Y
 _7618_/Y
 _7619_/Y
 _7620_/Y
 _7621_/Y
 _7622_/Y
 _7623_/Y
 _7624_/Y
 _7625_/Y
 _7626_/Y
 _7627_/Y
 _7628_/Y
 _7629_/Y
 _7630_/Y
 _7631_/Y
 _7632_/Y
 _7633_/Y
 _7634_/Y
 _7635_/Y
 _7636_/Y
 _7637_/Y
 _7638_/Y
 _7639_/Y
 _7640_/Y
 _7641_/Y
 _7642_/Y
 _7643_/Y
 _7644_/Y
 _7645_/Y
 _7646_/Y
 _7647_/Y
 _7648_/Y
 _7649_/Y
 _7650_/Y
 _7651_/Y
 _7652_/Y
 _7653_/Y
 _7654_/Y
 _7655_/Y
 _7656_/Y
 _7657_/Y
 _7658_/Y
 _7659_/Y
 _7660_/Y
 _7661_/Y
 _7662_/Y
 _7663_/Y
 _7664_/Y
 _7665_/Y
 _7666_/Y
 _7667_/Y
 _7668_/Y
 _7669_/Y
 _7670_/Y
 _7671_/Y
 _7672_/Y
 _7673_/Y
 _7674_/Y
 _7675_/Y
 _7676_/Y
 _7677_/Y
 _7678_/Y
 _7679_/Y
 _7680_/Y
 _7681_/Y
 _7682_/Y
 _7683_/Y
 _7684_/Y
 _7685_/Y
 _7686_/Y
 _7687_/Y
 _7688_/Y
 _7689_/Y
 _7690_/Y
 _7691_/Y
 _7692_/Y
 _7693_/Y
 _7694_/Y
 _7695_/Y
 _7696_/Y
 _7697_/Y
 _7698_/Y
 _7699_/Y
 _7700_/Y
 _7701_/Y
 _7702_/Y
 _7703_/Y
 _7704_/Y
 _7705_/Y
 _7706_/Y
 _7707_/Y
 _7708_/Y
 _7709_/Y
 _7710_/Y
 _7711_/Y
 _7712_/Y
 _7713_/Y
 _7714_/Y
 _7715_/Y
 _7716_/Y
 _7717_/Y
 _7718_/Y
 _7719_/Y
 _7720_/Y
 _7721_/Y
 _7722_/Y
 _7723_/Y
 _7724_/Y
 _7725_/Y
 _7726_/Y
 _7727_/Y
 _7728_/Y
 _7729_/Y
 _7730_/Y
 _7731_/Y
 _7732_/Y
 _7733_/Y
 _7734_/Y
 _7735_/Y
 _7736_/Y
 _7737_/Y
 _7738_/Y
 _7739_/Y
 _7740_/Y
 _7741_/Y
 _7742_/Y
 _7743_/Y
 _7744_/Y
 _7745_/Y
 _7746_/Y
 _7747_/Y
 _7748_/Y
 _7749_/Y
 _7750_/Y
 _7751_/Y
 _7752_/Y
 _7753_/Y
 _7754_/Y
 _7755_/Y
 _7756_/Y
 _7757_/Y
 _7758_/Y
 _7759_/Y
 _7760_/Y
 _7761_/Y
 _7762_/Y
 _7763_/Y
 _7764_/Y
 _7765_/Y
 _7766_/Y
 _7767_/Y
 _7768_/Y
 _7769_/Y
 _7770_/Y
 _7771_/Y
 _7772_/Y
 _7773_/Y
 _7774_/Y
 _7775_/Y
 _7776_/Y
 _7777_/Y
 _7778_/Y
 _7779_/Y
 _7780_/Y
 _7781_/Y
 _7782_/Y
 _7783_/Q
 _7784_/Q
 _7785_/Q
 _7786_/Q
 _7787_/Q
 _7788_/Q
 _7789_/Q
 _7790_/Q
 _7791_/Q
 _7792_/Q
 _7793_/Q
 _7794_/Q
 _7795_/Q
 _7796_/Q
 _7797_/Q
 _7798_/Q
 _7799_/Q
 _7800_/Q
 _7801_/Q
 _7802_/Q
 _7803_/Q
 _7804_/Q
 _7805_/Q
 _7806_/Q
 _7807_/Q
 _7808_/Q
 _7809_/Q
 _7810_/Q
 _7811_/Q
 _7812_/Q
 _7813_/Q
 _7814_/Q
 _7815_/Q
 _7816_/Q
 _7817_/Q
 _7818_/Q
 _7819_/Q
 _7820_/Q
 _7821_/Q
 _7822_/Q
 _7823_/Q
 _7824_/Q
 _7825_/Q
 _7826_/Q
 _7827_/Q
 _7828_/Q
 _7829_/Q
 _7830_/Q
 _7831_/Q
 _7832_/Q
 _7833_/Q
 _7834_/Q
 _7835_/Q
 _7836_/Q
 _7837_/Q
 _7838_/Q
 _7839_/Q
 _7840_/Q
 _7841_/Q
 _7842_/Q
 _7843_/Q
 _7844_/Q
 _7845_/Q
 _7846_/Q
 _7847_/Q
 _7848_/Q
 _7849_/Q
 _7850_/Q
 _7851_/Q
 _7852_/Q
 _7853_/Q
 _7854_/Q
 _7855_/Q
 _7856_/Q
 _7857_/Q
 _7858_/Q
 _7859_/Q
 _7860_/Q
 _7861_/Q
 _7862_/Q
 _7863_/Q
 _7864_/Q
 _7865_/Q
 _7866_/Q
 _7867_/Q
 _7868_/Q
 _7869_/Q
 _7870_/Q
 _7871_/Q
 _7872_/Q
 _7873_/Q
 _7874_/Q
 _7875_/Q
 _7876_/Q
 _7877_/Q
 _7878_/Q
 _7879_/Q
 _7880_/Q
 _7881_/Q
 _7882_/Q
 _7883_/Q
 _7884_/Q
 _7885_/Q
 _7886_/Q
 _7887_/Q
 _7888_/Q
 _7889_/Q
 _7890_/Q
 _7891_/Q
 _7892_/Q
 _7893_/Q
 _7894_/Q
 _7895_/Q
 _7896_/Q
 _7897_/Q
 _7898_/Q
 _7899_/Q
 _7900_/Q
 _7901_/Q
 _7902_/Q
 _7903_/Q
 _7904_/Q
 _7905_/Q
 _7906_/Q
 _7907_/Q
 _7908_/Q
 _7909_/Q
 _7910_/Q
 _7911_/Q
 _7912_/Q
 _7913_/Q
 _7914_/Q
 _7915_/Q
 _7916_/Q
 _7917_/Q
 _7918_/Q
 _7919_/Q
 _7920_/Q
 _7921_/Q
 _7922_/Q
 _7923_/Q
 _7924_/Q
 _7925_/Q
 _7926_/Q
 _7927_/Q
 _7928_/Q
 _7929_/Q
 _7930_/Q
 _7931_/Q
 _7932_/Q
 _7933_/Q
 _7934_/Q
 _7935_/Q
 _7936_/Q
 _7937_/Q
 _7938_/Q
 _7939_/Q
 _7940_/Q
 _7941_/Q
 _7942_/Q
 _7943_/Q
 _7944_/Q
 _7945_/Q
 _7946_/Q
 _7947_/Q
 _7948_/Q
 _7949_/Q
 _7950_/Q
 _7951_/Q
 _7952_/Q
 _7953_/Q
 _7954_/Q
 _7955_/Q
 _7956_/Q
 _7957_/Q
 _7958_/Q
 _7959_/Q
 _7960_/Q
 _7961_/Q
 _7962_/Q
 _7963_/Q
 _7964_/Q
 _7965_/Q
 _7966_/Q
 _7967_/Q
 _7968_/Q
 _7969_/Q
 _7970_/Q
 _7971_/Q
 _7972_/Q
 _7973_/Q
 _7974_/Q
 _7975_/Q
 _7976_/Q
 _7977_/Q
 _7978_/Q
 _7979_/Q
 _7980_/Q
 _7981_/Q
 _7982_/Q
 _7983_/Q
 _7984_/Q
 _7985_/Q
 _7986_/Q
 _7987_/Q
 _7988_/Q
 _7989_/Q
 _7990_/Q
 _7991_/Q
 _7992_/Q
 _7993_/Q
 _7994_/Q
 _7995_/Q
 _7996_/Q
 _7997_/Q
 _7998_/Q
 _7999_/Q
 _8000_/Q
 _8001_/Q
 _8002_/Q
 _8003_/Q
 _8004_/Q
 _8005_/Q
 _8006_/Q
 _8007_/Q
 _8008_/Q
 _8009_/Q
 _8010_/Q
 _8011_/Q
 _8012_/Q
 _8013_/Q
 _8014_/Q
 _8015_/Q
 _8016_/Q
 _8017_/Q
 _8018_/Q
 _8019_/Q
 _8020_/Q
 _8021_/Q
 _8022_/Q
 _8023_/Q
 _8024_/Q
 _8025_/Q
 _8026_/Q
 _8027_/Q
 _8028_/Q
 _8029_/Q
 _8030_/Q
 _8031_/Q
 _8032_/Q
 _8033_/Q
 _8034_/Q
 _8035_/Q
 _8036_/Q
 _8037_/Q
 _8038_/Q
 _8039_/Q
 _8040_/Q
 _8041_/Q
 _8042_/Q
 _8043_/Q
 _8044_/Q
 _8045_/Q
 _8046_/Q
 _8047_/Q
 _8048_/Q
 _8049_/Q
 _8050_/Q
 _8051_/Q
 _8052_/Q
 _8053_/Q
 _8054_/Q
 _8055_/Q
 _8056_/Q
 _8057_/Q
 _8058_/Q
 _8059_/Q
 _8060_/Q
 _8061_/Q
 _8062_/Q
 _8063_/Q
 _8064_/Q
 _8065_/Q
 _8066_/Q
 _8067_/Q
 _8068_/Q
 _8069_/Q
 _8070_/Q
 _8071_/Q
 _8072_/Q
 _8073_/Q
 _8074_/Q
 _8075_/Q
 _8076_/Q
 _8077_/Q
 _8078_/Q
 _8079_/Q
 _8080_/Q
 _8081_/Q
 _8082_/Q
 _8083_/Q
 _8084_/Q
 _8085_/Q
 _8086_/Q
 _8087_/Q
 _8088_/Q
 _8089_/Q
 _8090_/Q
 _8091_/Q
 _8092_/Q
 _8093_/Q
 _8094_/Q
 _8095_/Q
 _8096_/Q
 _8097_/Q
 _8098_/Q
 _8099_/Q
 _8100_/Q
 _8101_/Q
 _8102_/Q
 _8103_/Q
 _8104_/Q
 _8105_/Q
 _8106_/Q
 _8107_/Q
 _8108_/Q
 _8109_/Q
 _8110_/Q
 _8111_/Q
 _8112_/Q
 _8113_/Q
 _8114_/Q
 _8115_/Q
 _8116_/Q
 _8117_/Q
 _8118_/Q
 _8119_/Q
 _8120_/Q
 _8121_/Q
 _8122_/Q
 _8123_/Q
 _8124_/Q
 _8125_/Q
 _8126_/Q
 _8127_/Q
 _8128_/Q
 _8129_/Q
 _8130_/Q
 _8131_/Q
 _8132_/Q
 _8133_/Q
 _8134_/Q
 _8135_/Q
 _8136_/Q
 _8137_/Q
 _8138_/Q
 _8139_/Q
 _8140_/Q
 _8141_/Q
 _8142_/Q
 _8143_/Q
 _8144_/Q
 _8145_/Q
 _8146_/Q
 _8147_/Q
 _8148_/Q
 _8149_/Q
 _8150_/Q
 _8151_/Q
 _8152_/Q
 _8153_/Q
 _8154_/Q
 _8155_/Q
 _8156_/Q
 _8157_/Q
 _8158_/Q
 _8159_/Q
 _8160_/Q
 _8161_/Q
 _8162_/Q
 _8163_/Q
 _8164_/Q
 _8165_/Q
 _8166_/Q
 _8167_/Q
 _8168_/Q
 _8169_/Q
 _8170_/Q
 _8171_/Q
 _8172_/Q
 _8173_/Q
 _8174_/Q
 _8175_/Q
 _8176_/Q
 _8177_/Q
 _8178_/Q
 _8179_/Q
 _8180_/Q
 _8181_/Q
 _8182_/Q
 _8183_/Q
 _8184_/Q
 _8185_/Q
 _8186_/Q
 _8187_/Q
 _8188_/Q
 _8189_/Q
 _8190_/Q
 _8191_/Q
 _8192_/Q
 _8193_/Q
 _8194_/Q
 _8195_/Q
 _8196_/Q
 _8197_/Q
 _8198_/Q
 _8199_/Q
 _8200_/Q
 _8201_/Q
 _8202_/Q
 _8203_/Q
 _8204_/Q
 _8205_/Q
 _8206_/Q
 _8207_/Q
 _8208_/Q
 _8209_/Q
 _8210_/Q
 _8211_/Q
 _8212_/Q
 _8213_/Q
 _8214_/Q
 _8215_/Q
 _8216_/Q
 _8217_/Q
 _8218_/Q
 _8219_/Q
 _8220_/Q
 _8221_/Q
 _8222_/Q
 _8223_/Q
 _8224_/Q
 _8225_/Q
 _8226_/Q
 _8227_/Q
 _8228_/Q
 _8229_/Q
 _8230_/Q
 _8231_/Q
 _8232_/Q
 _8233_/Q
 _8234_/Q
 _8235_/Q
 _8236_/Q
 _8237_/Q
 _8238_/Q
 _8239_/Q
 _8240_/Q
 _8241_/Q
 _8242_/Q
 _8243_/Q
 _8244_/Q
 _8245_/Q
 _8246_/Q
 _8247_/Q
 _8248_/Q
 _8249_/Q
 _8250_/Q
 _8251_/Q
 _8252_/Q
 _8253_/Q
 _8254_/Q
 _8255_/Q
 _8256_/Q
 _8257_/Q
 _8258_/Q
 _8259_/Q
 _8260_/Q
 _8261_/Q
 _8262_/Q
 _8263_/Q
 _8264_/Q
 _8265_/Q
 _8266_/Q
 _8267_/Q
 _8268_/Q
 _8269_/Q
 _8270_/Q
 _8271_/Q
 _8272_/Q
 _8273_/Q
 _8274_/Q
 _8275_/Q
 _8276_/Q
 _8277_/Q
 _8278_/Q
 _8279_/Q
 _8280_/Q
 _8281_/Q
 _8282_/Q
 _8283_/Q
 _8284_/Q
 _8285_/Q
 _8286_/Q
 _8287_/Q
 _8288_/Q
 _8289_/Q
 _8290_/Q
 _8291_/Q
 _8292_/Q
 _8293_/Q
 _8294_/Q
 _8295_/Q
 _8296_/Q
 _8297_/Q
 _8298_/Q
 _8299_/Q
 _8300_/Q
 _8301_/Q
 _8302_/Q
 _8303_/Q
 _8304_/Q
 _8305_/Q
 _8306_/Q
 _8307_/Q
 _8308_/Q
 _8309_/Q
 _8310_/Q
 _8311_/Q
 _8312_/Q
 _8313_/Q
 _8314_/Q
 _8315_/Q
 _8316_/Q
 _8317_/Q
 _8318_/Q
 _8319_/Q
 _8320_/Q
 _8321_/Q
 _8322_/Q
 _8323_/Q
 _8324_/Q
 _8325_/Q
 _8326_/Q
 _8327_/Q
 _8328_/Q
 _8329_/Q
 _8330_/Q
 _8331_/Q
 _8332_/Q
 _8333_/Q
 _8334_/Q
 _8335_/Q
 _8336_/Q
 _8337_/Q
 _8338_/Q
 _8339_/Q
 _8340_/Q
 _8341_/Q
 _8342_/Q
 _8343_/Q
 _8344_/Q
 _8345_/Q
 _8346_/Q
 _8347_/Q
 _8348_/Q
 _8349_/Q
 _8350_/Q
 _8351_/Q
 _8352_/Q
 _8353_/Q
 _8354_/Q
 _8355_/Q
 _8356_/Q
 _8357_/Q
 _8358_/Q
 _8359_/Q
 _8360_/Q
 _8361_/Q
 _8362_/Q
 _8363_/Q
 _8364_/Q
 _8365_/Q
 _8366_/Q
 _8367_/Q
 _8368_/Q
 _8369_/Q
 _8370_/Q
 _8371_/Q
 _8372_/Q
 _8373_/Q
 _8374_/Q
 _8375_/Q
 _8376_/Q
 _8377_/Q
 _8378_/Q
 _8379_/Q
 _8380_/Q
 _8381_/Q
 _8382_/Q
 _8383_/Q
 _8384_/Q
 _8385_/Q
 _8386_/Q
 _8387_/Q
 _8388_/Q
 _8389_/Q
 _8390_/Q
 _8391_/Q
 _8392_/Q
 _8393_/Q
 _8394_/Q
 _8395_/Q
 _8396_/Q
 _8397_/Q
 _8398_/Q
 _8399_/Q
 _8400_/Q
 _8401_/Q
 _8402_/Q
 _8403_/Q
 _8404_/Q
 _8405_/Q
 _8406_/Q
 _8407_/Q
 _8408_/Q
 _8409_/Q
 _8410_/Q
 _8411_/Q
 _8412_/Q
 _8413_/Q
 _8414_/Q
 _8415_/Q
 _8416_/Q
 _8417_/Q
 _8418_/Q
 _8419_/Q
 _8420_/Q
 _8421_/Q
 _8422_/Q
 _8423_/Q
 _8424_/Q
 _8425_/Q
 _8426_/Q
 _8427_/Q
 _8428_/Q
 _8429_/Q
 _8430_/Q
 _8431_/Q
 _8432_/Q
 _8433_/Q
 _8434_/Q
 _8435_/Q
 _8436_/Q
 _8437_/Q
 _8438_/Q
 _8439_/Q
 _8440_/Q
 _8441_/Q
 _8442_/Q
 _8443_/Q
 _8444_/Q
 _8445_/Q
 _8446_/Q
 _8447_/Q
 _8448_/Q
 _8449_/Q
 _8450_/Q
 _8451_/Q
 _8452_/Q
 _8453_/Q
 _8454_/Q
 _8455_/Q
 _8456_/Q
 _8457_/Q
 _8458_/Q
 _8459_/Q
 _8460_/Q
 _8461_/Q
 _8462_/Q
 _8463_/Q
 _8464_/Q
 _8465_/Q
 _8466_/Q
 _8467_/Q
 _8468_/Q
 _8469_/Q
 _8470_/Q
 _8471_/Q
 _8472_/Q
 _8473_/Q
 _8474_/Q
 _8475_/Q
 _8476_/Q
 _8477_/Q
 _8478_/Q
 _8479_/Q
 _8480_/Q
 _8481_/Q
 _8482_/Q
 _8483_/Q
 _8484_/Q
 _8485_/Q
 _8486_/Q
 _8487_/Q
 _8488_/Q
 _8489_/Q
 _8490_/Q
 _8491_/Q
 _8492_/Q
 _8493_/Q
 _8494_/Q
 _8495_/Q
 _8496_/Q
 _8497_/Q
 _8498_/Q
 _8499_/Q
 _8500_/Q
 _8501_/Q
 _8502_/Q
 _8503_/Q
 _8504_/Q
 _8505_/Q
 _8506_/Q
 _8507_/Q
 _8508_/Q
 _8509_/Q
 _8510_/Q
 _8511_/Q
 _8512_/Q
 _8513_/Q
 _8514_/Q
 _8515_/Q
 _8516_/Q
 _8517_/Q
 _8518_/Q
 _8519_/Q
 _8520_/Q
 _8521_/Q
 _8522_/Q
 _8523_/Q
 _8524_/Q
 _8525_/Q
 _8526_/Q
 _8527_/Q
 _8528_/Q
 _8529_/Q
 _8530_/Q
 _8531_/Q
 _8532_/Q
 _8533_/Q
 _8534_/Q
 _8535_/Q
 _8536_/Q
 _8537_/Q
 _8538_/Q
 _8539_/Q
 _8540_/Q
 _8541_/Q
 _8542_/HI
 _8542_/LO
 _8543_/HI
 _8543_/LO
 _8544_/HI
 _8544_/LO
 _8545_/HI
 _8545_/LO
 _8546_/HI
 _8546_/LO
 _8547_/X
Found 0 partially unannotated drivers.

===========================================================================
max slew violation count 1781
max fanout violation count 6
max cap violation count 4
============================================================================

===========================================================================
check_setup -verbose -unconstrained_endpoints -multiple_clock -no_clock -no_input_delay -loops -generated_clocks
===========================================================================
