
===========================================================================
report_checks -unconstrained
===========================================================================
======================= nom_ss_100C_1v60 Corner ===================================

Startpoint: reset (input port clocked by clk)
Endpoint: _6979_ (recovery check against rising-edge clock clk)
Path Group: asynchronous
Path Type: max

Fanout         Cap        Slew       Delay        Time   Description
---------------------------------------------------------------------------------------------
                      0.150000    0.000000    0.000000   clock clk (rise edge)
                                  0.000000    0.000000   clock network delay (ideal)
                                  5.000000    5.000000 v input external delay
   428    1.840388    7.505802    5.514771   10.514771 v reset (in)
                                                         reset (net)
                      7.505802    0.000000   10.514771 v _6259_/A (sky130_fd_sc_hd__inv_2)
     1    0.003263    0.728907    0.636603   11.151375 ^ _6259_/Y (sky130_fd_sc_hd__inv_2)
                                                         _0000_ (net)
                      0.728907    0.000000   11.151375 ^ _6979_/RESET_B (sky130_fd_sc_hd__dfrtp_2)
                                             11.151375   data arrival time

                      0.150000   25.000000   25.000000   clock clk (rise edge)
                                  0.000000   25.000000   clock network delay (ideal)
                                 -0.250000   24.750000   clock uncertainty
                                  0.000000   24.750000   clock reconvergence pessimism
                                             24.750000 ^ _6979_/CLK (sky130_fd_sc_hd__dfrtp_2)
                                  0.191256   24.941256   library recovery time
                                             24.941256   data required time
---------------------------------------------------------------------------------------------
                                             24.941256   data required time
                                            -11.151375   data arrival time
---------------------------------------------------------------------------------------------
                                             13.789881   slack (MET)


Startpoint: _6982_ (rising edge-triggered flip-flop clocked by clk)
Endpoint: alu_result_out[31] (output port clocked by clk)
Path Group: clk
Path Type: max

Fanout         Cap        Slew       Delay        Time   Description
---------------------------------------------------------------------------------------------
                      0.150000    0.000000    0.000000   clock clk (rise edge)
                                  0.000000    0.000000   clock network delay (ideal)
                      0.150000    0.000000    0.000000 ^ _6982_/CLK (sky130_fd_sc_hd__dfrtp_2)
    24    0.125271    0.934473    1.382380    1.382380 ^ _6982_/Q (sky130_fd_sc_hd__dfrtp_2)
                                                         pc_out[5] (net)
                      0.934473    0.000000    1.382380 ^ _3362_/C_N (sky130_fd_sc_hd__or3b_2)
     1    0.004332    0.174726    1.247784    2.630164 v _3362_/X (sky130_fd_sc_hd__or3b_2)
                                                         _1308_ (net)
                      0.174726    0.000000    2.630164 v _3364_/A1 (sky130_fd_sc_hd__a21boi_2)
     4    0.018753    0.402137    0.444325    3.074489 ^ _3364_/Y (sky130_fd_sc_hd__a21boi_2)
                                                         _1310_ (net)
                      0.402137    0.000000    3.074489 ^ _3399_/B (sky130_fd_sc_hd__nor2_4)
     6    0.015164    0.101438    0.175548    3.250036 v _3399_/Y (sky130_fd_sc_hd__nor2_4)
                                                         _1342_ (net)
                      0.101438    0.000000    3.250036 v _3400_/A (sky130_fd_sc_hd__inv_2)
     3    0.037334    0.276700    0.255291    3.505327 ^ _3400_/Y (sky130_fd_sc_hd__inv_2)
                                                         instruction_out[20] (net)
                      0.276700    0.000000    3.505327 ^ _3407_/A (sky130_fd_sc_hd__and3_2)
     5    0.011741    0.148688    0.483668    3.988996 ^ _3407_/X (sky130_fd_sc_hd__and3_2)
                                                         _1348_ (net)
                      0.148688    0.000000    3.988996 ^ _3408_/A (sky130_fd_sc_hd__buf_2)
    10    0.027043    0.222537    0.342419    4.331414 ^ _3408_/X (sky130_fd_sc_hd__buf_2)
                                                         _1349_ (net)
                      0.222537    0.000000    4.331414 ^ _4028_/A (sky130_fd_sc_hd__buf_4)
    10    0.024207    0.128044    0.321618    4.653032 ^ _4028_/X (sky130_fd_sc_hd__buf_4)
                                                         _1896_ (net)
                      0.128044    0.000000    4.653032 ^ _4029_/A (sky130_fd_sc_hd__buf_2)
    10    0.024971    0.207131    0.321750    4.974782 ^ _4029_/X (sky130_fd_sc_hd__buf_2)
                                                         _1897_ (net)
                      0.207131    0.000000    4.974782 ^ _4106_/A2 (sky130_fd_sc_hd__a211o_2)
     1    0.002446    0.054130    0.292883    5.267665 ^ _4106_/X (sky130_fd_sc_hd__a211o_2)
                                                         _1974_ (net)
                      0.054130    0.000000    5.267665 ^ _4107_/C1 (sky130_fd_sc_hd__a221o_2)
     1    0.001483    0.063005    0.156766    5.424431 ^ _4107_/X (sky130_fd_sc_hd__a221o_2)
                                                         _1975_ (net)
                      0.063005    0.000000    5.424431 ^ _4108_/C_N (sky130_fd_sc_hd__or3b_2)
     3    0.005836    0.187282    1.060327    6.484757 v _4108_/X (sky130_fd_sc_hd__or3b_2)
                                                         _1976_ (net)
                      0.187282    0.000000    6.484757 v _4110_/D (sky130_fd_sc_hd__or4_4)
     5    0.017342    0.202370    0.953289    7.438046 v _4110_/X (sky130_fd_sc_hd__or4_4)
                                                         _1978_ (net)
                      0.202370    0.000000    7.438046 v _4111_/B (sky130_fd_sc_hd__nand2b_2)
     7    0.019695    0.186175    0.247279    7.685326 ^ _4111_/Y (sky130_fd_sc_hd__nand2b_2)
                                                         _1979_ (net)
                      0.186175    0.000000    7.685326 ^ _4209_/C (sky130_fd_sc_hd__and4_2)
     2    0.009507    0.155350    0.556346    8.241672 ^ _4209_/X (sky130_fd_sc_hd__and4_2)
                                                         _2077_ (net)
                      0.155350    0.000000    8.241672 ^ _4384_/A (sky130_fd_sc_hd__nand3_2)
     2    0.003675    0.103974    0.143677    8.385348 v _4384_/Y (sky130_fd_sc_hd__nand3_2)
                                                         _2252_ (net)
                      0.103974    0.000000    8.385348 v _4443_/A2 (sky130_fd_sc_hd__a2111o_2)
     3    0.008984    0.148267    0.946756    9.332105 v _4443_/X (sky130_fd_sc_hd__a2111o_2)
                                                         _2311_ (net)
                      0.148267    0.000000    9.332105 v _4454_/A1 (sky130_fd_sc_hd__a211o_2)
     2    0.006631    0.105602    0.620011    9.952116 v _4454_/X (sky130_fd_sc_hd__a211o_2)
                                                         _2322_ (net)
                      0.105602    0.000000    9.952116 v _4455_/C1 (sky130_fd_sc_hd__o211a_2)
     2    0.010307    0.107096    0.262999   10.215116 v _4455_/X (sky130_fd_sc_hd__o211a_2)
                                                         _2323_ (net)
                      0.107096    0.000000   10.215116 v _4457_/A2 (sky130_fd_sc_hd__o21a_2)
     3    0.009073    0.090427    0.407851   10.622966 v _4457_/X (sky130_fd_sc_hd__o21a_2)
                                                         _2325_ (net)
                      0.090427    0.000000   10.622966 v _4659_/A2 (sky130_fd_sc_hd__o2111a_2)
     1    0.002250    0.065815    0.448080   11.071046 v _4659_/X (sky130_fd_sc_hd__o2111a_2)
                                                         _2461_ (net)
                      0.065815    0.000000   11.071046 v _4663_/B1 (sky130_fd_sc_hd__o32a_2)
     3    0.007109    0.132607    0.390425   11.461471 v _4663_/X (sky130_fd_sc_hd__o32a_2)
                                                         _2465_ (net)
                      0.132607    0.000000   11.461471 v _5654_/A (sky130_fd_sc_hd__inv_2)
     1    0.033442    0.250534    0.250624   11.712094 ^ _5654_/Y (sky130_fd_sc_hd__inv_2)
                                                         alu_result_out[31] (net)
                      0.250534    0.000000   11.712094 ^ alu_result_out[31] (out)
                                             11.712094   data arrival time

                      0.150000   25.000000   25.000000   clock clk (rise edge)
                                  0.000000   25.000000   clock network delay (ideal)
                                 -0.250000   24.750000   clock uncertainty
                                  0.000000   24.750000   clock reconvergence pessimism
                                 -5.000000   19.750000   output external delay
                                             19.750000   data required time
---------------------------------------------------------------------------------------------
                                             19.750000   data required time
                                            -11.712094   data arrival time
---------------------------------------------------------------------------------------------
                                              8.037906   slack (MET)




===========================================================================
report_checks --slack_max -0.01
============================================================================
======================= nom_ss_100C_1v60 Corner ===================================

No paths found.


===========================================================================
 report_check_types -max_slew -max_cap -max_fanout -violators
============================================================================
======================= nom_ss_100C_1v60 Corner ===================================

max slew

Pin                                        Limit        Slew       Slack
------------------------------------------------------------------------
reset                                   0.750000   13.806440  -13.056440 (VIOLATED)
_6259_/A                                0.750000   13.806440  -13.056440 (VIOLATED)
_6260_/A                                0.750000   13.806440  -13.056440 (VIOLATED)
_6261_/A                                0.750000   13.806440  -13.056440 (VIOLATED)
_6262_/A                                0.750000   13.806440  -13.056440 (VIOLATED)
_6263_/A                                0.750000   13.806440  -13.056440 (VIOLATED)
_6264_/A                                0.750000   13.806440  -13.056440 (VIOLATED)
_6265_/A                                0.750000   13.806440  -13.056440 (VIOLATED)
_6266_/A                                0.750000   13.806440  -13.056440 (VIOLATED)
_6267_/A                                0.750000   13.806440  -13.056440 (VIOLATED)
_6268_/A                                0.750000   13.806440  -13.056440 (VIOLATED)
_6269_/A                                0.750000   13.806440  -13.056440 (VIOLATED)
_6270_/A                                0.750000   13.806440  -13.056440 (VIOLATED)
_6271_/A                                0.750000   13.806440  -13.056440 (VIOLATED)
_6272_/A                                0.750000   13.806440  -13.056440 (VIOLATED)
_6273_/A                                0.750000   13.806440  -13.056440 (VIOLATED)
_6274_/A                                0.750000   13.806440  -13.056440 (VIOLATED)
_6275_/A                                0.750000   13.806440  -13.056440 (VIOLATED)
_6276_/A                                0.750000   13.806440  -13.056440 (VIOLATED)
_6277_/A                                0.750000   13.806440  -13.056440 (VIOLATED)
_6278_/A                                0.750000   13.806440  -13.056440 (VIOLATED)
_6279_/A                                0.750000   13.806440  -13.056440 (VIOLATED)
_6280_/A                                0.750000   13.806440  -13.056440 (VIOLATED)
_6281_/A                                0.750000   13.806440  -13.056440 (VIOLATED)
_6282_/A                                0.750000   13.806440  -13.056440 (VIOLATED)
_6283_/A                                0.750000   13.806440  -13.056440 (VIOLATED)
_6284_/A                                0.750000   13.806440  -13.056440 (VIOLATED)
_6285_/A                                0.750000   13.806440  -13.056440 (VIOLATED)
_6286_/A                                0.750000   13.806440  -13.056440 (VIOLATED)
_6287_/A                                0.750000   13.806440  -13.056440 (VIOLATED)
_6288_/A                                0.750000   13.806440  -13.056440 (VIOLATED)
_6289_/A                                0.750000   13.806440  -13.056440 (VIOLATED)
_6290_/A                                0.750000   13.806440  -13.056440 (VIOLATED)
_6291_/A                                0.750000   13.806440  -13.056440 (VIOLATED)
_6292_/A                                0.750000   13.806440  -13.056440 (VIOLATED)
_6293_/A                                0.750000   13.806440  -13.056440 (VIOLATED)
_6294_/A                                0.750000   13.806440  -13.056440 (VIOLATED)
_6295_/A                                0.750000   13.806440  -13.056440 (VIOLATED)
_6296_/A                                0.750000   13.806440  -13.056440 (VIOLATED)
_6297_/A                                0.750000   13.806440  -13.056440 (VIOLATED)
_6298_/A                                0.750000   13.806440  -13.056440 (VIOLATED)
_6299_/A                                0.750000   13.806440  -13.056440 (VIOLATED)
_6300_/A                                0.750000   13.806440  -13.056440 (VIOLATED)
_6301_/A                                0.750000   13.806440  -13.056440 (VIOLATED)
_6302_/A                                0.750000   13.806440  -13.056440 (VIOLATED)
_6303_/A                                0.750000   13.806440  -13.056440 (VIOLATED)
_6304_/A                                0.750000   13.806440  -13.056440 (VIOLATED)
_6305_/A                                0.750000   13.806440  -13.056440 (VIOLATED)
_6306_/A                                0.750000   13.806440  -13.056440 (VIOLATED)
_6307_/A                                0.750000   13.806440  -13.056440 (VIOLATED)
_6308_/A                                0.750000   13.806440  -13.056440 (VIOLATED)
_6309_/A                                0.750000   13.806440  -13.056440 (VIOLATED)
_6310_/A                                0.750000   13.806440  -13.056440 (VIOLATED)
_6311_/A                                0.750000   13.806440  -13.056440 (VIOLATED)
_6312_/A                                0.750000   13.806440  -13.056440 (VIOLATED)
_6313_/A                                0.750000   13.806440  -13.056440 (VIOLATED)
_6314_/A                                0.750000   13.806440  -13.056440 (VIOLATED)
_6315_/A                                0.750000   13.806440  -13.056440 (VIOLATED)
_6316_/A                                0.750000   13.806440  -13.056440 (VIOLATED)
_6317_/A                                0.750000   13.806440  -13.056440 (VIOLATED)
_6318_/A                                0.750000   13.806440  -13.056440 (VIOLATED)
_6319_/A                                0.750000   13.806440  -13.056440 (VIOLATED)
_6320_/A                                0.750000   13.806440  -13.056440 (VIOLATED)
_6321_/A                                0.750000   13.806440  -13.056440 (VIOLATED)
_6322_/A                                0.750000   13.806440  -13.056440 (VIOLATED)
_6323_/A                                0.750000   13.806440  -13.056440 (VIOLATED)
_6324_/A                                0.750000   13.806440  -13.056440 (VIOLATED)
_6325_/A                                0.750000   13.806440  -13.056440 (VIOLATED)
_6326_/A                                0.750000   13.806440  -13.056440 (VIOLATED)
_6327_/A                                0.750000   13.806440  -13.056440 (VIOLATED)
_6328_/A                                0.750000   13.806440  -13.056440 (VIOLATED)
_6329_/A                                0.750000   13.806440  -13.056440 (VIOLATED)
_6330_/A                                0.750000   13.806440  -13.056440 (VIOLATED)
_6331_/A                                0.750000   13.806440  -13.056440 (VIOLATED)
_6332_/A                                0.750000   13.806440  -13.056440 (VIOLATED)
_6333_/A                                0.750000   13.806440  -13.056440 (VIOLATED)
_6334_/A                                0.750000   13.806440  -13.056440 (VIOLATED)
_6335_/A                                0.750000   13.806440  -13.056440 (VIOLATED)
_6336_/A                                0.750000   13.806440  -13.056440 (VIOLATED)
_6337_/A                                0.750000   13.806440  -13.056440 (VIOLATED)
_6338_/A                                0.750000   13.806440  -13.056440 (VIOLATED)
_6339_/A                                0.750000   13.806440  -13.056440 (VIOLATED)
_6340_/A                                0.750000   13.806440  -13.056440 (VIOLATED)
_6341_/A                                0.750000   13.806440  -13.056440 (VIOLATED)
_6342_/A                                0.750000   13.806440  -13.056440 (VIOLATED)
_6343_/A                                0.750000   13.806440  -13.056440 (VIOLATED)
_6344_/A                                0.750000   13.806440  -13.056440 (VIOLATED)
_6345_/A                                0.750000   13.806440  -13.056440 (VIOLATED)
_6346_/A                                0.750000   13.806440  -13.056440 (VIOLATED)
_6347_/A                                0.750000   13.806440  -13.056440 (VIOLATED)
_6348_/A                                0.750000   13.806440  -13.056440 (VIOLATED)
_6349_/A                                0.750000   13.806440  -13.056440 (VIOLATED)
_6350_/A                                0.750000   13.806440  -13.056440 (VIOLATED)
_6351_/A                                0.750000   13.806440  -13.056440 (VIOLATED)
_6352_/A                                0.750000   13.806440  -13.056440 (VIOLATED)
_6353_/A                                0.750000   13.806440  -13.056440 (VIOLATED)
_6354_/A                                0.750000   13.806440  -13.056440 (VIOLATED)
_6355_/A                                0.750000   13.806440  -13.056440 (VIOLATED)
_6356_/A                                0.750000   13.806440  -13.056440 (VIOLATED)
_6357_/A                                0.750000   13.806440  -13.056440 (VIOLATED)
_6358_/A                                0.750000   13.806440  -13.056440 (VIOLATED)
_6359_/A                                0.750000   13.806440  -13.056440 (VIOLATED)
_6360_/A                                0.750000   13.806440  -13.056440 (VIOLATED)
_6361_/A                                0.750000   13.806440  -13.056440 (VIOLATED)
_6362_/A                                0.750000   13.806440  -13.056440 (VIOLATED)
_6363_/A                                0.750000   13.806440  -13.056440 (VIOLATED)
_6364_/A                                0.750000   13.806440  -13.056440 (VIOLATED)
_6365_/A                                0.750000   13.806440  -13.056440 (VIOLATED)
_6366_/A                                0.750000   13.806440  -13.056440 (VIOLATED)
_6367_/A                                0.750000   13.806440  -13.056440 (VIOLATED)
_6368_/A                                0.750000   13.806440  -13.056440 (VIOLATED)
_6369_/A                                0.750000   13.806440  -13.056440 (VIOLATED)
_6370_/A                                0.750000   13.806440  -13.056440 (VIOLATED)
_6371_/A                                0.750000   13.806440  -13.056440 (VIOLATED)
_6372_/A                                0.750000   13.806440  -13.056440 (VIOLATED)
_6373_/A                                0.750000   13.806440  -13.056440 (VIOLATED)
_6374_/A                                0.750000   13.806440  -13.056440 (VIOLATED)
_6375_/A                                0.750000   13.806440  -13.056440 (VIOLATED)
_6376_/A                                0.750000   13.806440  -13.056440 (VIOLATED)
_6377_/A                                0.750000   13.806440  -13.056440 (VIOLATED)
_6378_/A                                0.750000   13.806440  -13.056440 (VIOLATED)
_6379_/A                                0.750000   13.806440  -13.056440 (VIOLATED)
_6380_/A                                0.750000   13.806440  -13.056440 (VIOLATED)
_6381_/A                                0.750000   13.806440  -13.056440 (VIOLATED)
_6382_/A                                0.750000   13.806440  -13.056440 (VIOLATED)
_6383_/A                                0.750000   13.806440  -13.056440 (VIOLATED)
_6384_/A                                0.750000   13.806440  -13.056440 (VIOLATED)
_6385_/A                                0.750000   13.806440  -13.056440 (VIOLATED)
_6386_/A                                0.750000   13.806440  -13.056440 (VIOLATED)
_6387_/A                                0.750000   13.806440  -13.056440 (VIOLATED)
_6388_/A                                0.750000   13.806440  -13.056440 (VIOLATED)
_6389_/A                                0.750000   13.806440  -13.056440 (VIOLATED)
_6390_/A                                0.750000   13.806440  -13.056440 (VIOLATED)
_6391_/A                                0.750000   13.806440  -13.056440 (VIOLATED)
_6392_/A                                0.750000   13.806440  -13.056440 (VIOLATED)
_6393_/A                                0.750000   13.806440  -13.056440 (VIOLATED)
_6394_/A                                0.750000   13.806440  -13.056440 (VIOLATED)
_6395_/A                                0.750000   13.806440  -13.056440 (VIOLATED)
_6396_/A                                0.750000   13.806440  -13.056440 (VIOLATED)
_6397_/A                                0.750000   13.806440  -13.056440 (VIOLATED)
_6398_/A                                0.750000   13.806440  -13.056440 (VIOLATED)
_6399_/A                                0.750000   13.806440  -13.056440 (VIOLATED)
_6400_/A                                0.750000   13.806440  -13.056440 (VIOLATED)
_6401_/A                                0.750000   13.806440  -13.056440 (VIOLATED)
_6402_/A                                0.750000   13.806440  -13.056440 (VIOLATED)
_6403_/A                                0.750000   13.806440  -13.056440 (VIOLATED)
_6404_/A                                0.750000   13.806440  -13.056440 (VIOLATED)
_6405_/A                                0.750000   13.806440  -13.056440 (VIOLATED)
_6406_/A                                0.750000   13.806440  -13.056440 (VIOLATED)
_6407_/A                                0.750000   13.806440  -13.056440 (VIOLATED)
_6408_/A                                0.750000   13.806440  -13.056440 (VIOLATED)
_6409_/A                                0.750000   13.806440  -13.056440 (VIOLATED)
_6410_/A                                0.750000   13.806440  -13.056440 (VIOLATED)
_6411_/A                                0.750000   13.806440  -13.056440 (VIOLATED)
_6412_/A                                0.750000   13.806440  -13.056440 (VIOLATED)
_6413_/A                                0.750000   13.806440  -13.056440 (VIOLATED)
_6414_/A                                0.750000   13.806440  -13.056440 (VIOLATED)
_6415_/A                                0.750000   13.806440  -13.056440 (VIOLATED)
_6416_/A                                0.750000   13.806440  -13.056440 (VIOLATED)
_6417_/A                                0.750000   13.806440  -13.056440 (VIOLATED)
_6418_/A                                0.750000   13.806440  -13.056440 (VIOLATED)
_6419_/A                                0.750000   13.806440  -13.056440 (VIOLATED)
_6420_/A                                0.750000   13.806440  -13.056440 (VIOLATED)
_6421_/A                                0.750000   13.806440  -13.056440 (VIOLATED)
_6422_/A                                0.750000   13.806440  -13.056440 (VIOLATED)
_6423_/A                                0.750000   13.806440  -13.056440 (VIOLATED)
_6424_/A                                0.750000   13.806440  -13.056440 (VIOLATED)
_6425_/A                                0.750000   13.806440  -13.056440 (VIOLATED)
_6426_/A                                0.750000   13.806440  -13.056440 (VIOLATED)
_6427_/A                                0.750000   13.806440  -13.056440 (VIOLATED)
_6428_/A                                0.750000   13.806440  -13.056440 (VIOLATED)
_6429_/A                                0.750000   13.806440  -13.056440 (VIOLATED)
_6430_/A                                0.750000   13.806440  -13.056440 (VIOLATED)
_6431_/A                                0.750000   13.806440  -13.056440 (VIOLATED)
_6432_/A                                0.750000   13.806440  -13.056440 (VIOLATED)
_6433_/A                                0.750000   13.806440  -13.056440 (VIOLATED)
_6434_/A                                0.750000   13.806440  -13.056440 (VIOLATED)
_6435_/A                                0.750000   13.806440  -13.056440 (VIOLATED)
_6436_/A                                0.750000   13.806440  -13.056440 (VIOLATED)
_6437_/A                                0.750000   13.806440  -13.056440 (VIOLATED)
_6438_/A                                0.750000   13.806440  -13.056440 (VIOLATED)
_6439_/A                                0.750000   13.806440  -13.056440 (VIOLATED)
_6440_/A                                0.750000   13.806440  -13.056440 (VIOLATED)
_6441_/A                                0.750000   13.806440  -13.056440 (VIOLATED)
_6442_/A                                0.750000   13.806440  -13.056440 (VIOLATED)
_6443_/A                                0.750000   13.806440  -13.056440 (VIOLATED)
_6444_/A                                0.750000   13.806440  -13.056440 (VIOLATED)
_6445_/A                                0.750000   13.806440  -13.056440 (VIOLATED)
_6446_/A                                0.750000   13.806440  -13.056440 (VIOLATED)
_6447_/A                                0.750000   13.806440  -13.056440 (VIOLATED)
_6448_/A                                0.750000   13.806440  -13.056440 (VIOLATED)
_6449_/A                                0.750000   13.806440  -13.056440 (VIOLATED)
_6450_/A                                0.750000   13.806440  -13.056440 (VIOLATED)
_6451_/A                                0.750000   13.806440  -13.056440 (VIOLATED)
_6452_/A                                0.750000   13.806440  -13.056440 (VIOLATED)
_6453_/A                                0.750000   13.806440  -13.056440 (VIOLATED)
_6454_/A                                0.750000   13.806440  -13.056440 (VIOLATED)
_6455_/A                                0.750000   13.806440  -13.056440 (VIOLATED)
_6456_/A                                0.750000   13.806440  -13.056440 (VIOLATED)
_6457_/A                                0.750000   13.806440  -13.056440 (VIOLATED)
_6458_/A                                0.750000   13.806440  -13.056440 (VIOLATED)
_6459_/A                                0.750000   13.806440  -13.056440 (VIOLATED)
_6460_/A                                0.750000   13.806440  -13.056440 (VIOLATED)
_6461_/A                                0.750000   13.806440  -13.056440 (VIOLATED)
_6462_/A                                0.750000   13.806440  -13.056440 (VIOLATED)
_6463_/A                                0.750000   13.806440  -13.056440 (VIOLATED)
_6464_/A                                0.750000   13.806440  -13.056440 (VIOLATED)
_6465_/A                                0.750000   13.806440  -13.056440 (VIOLATED)
_6466_/A                                0.750000   13.806440  -13.056440 (VIOLATED)
_6467_/A                                0.750000   13.806440  -13.056440 (VIOLATED)
_6468_/A                                0.750000   13.806440  -13.056440 (VIOLATED)
_6469_/A                                0.750000   13.806440  -13.056440 (VIOLATED)
_6470_/A                                0.750000   13.806440  -13.056440 (VIOLATED)
_6471_/A                                0.750000   13.806440  -13.056440 (VIOLATED)
_6472_/A                                0.750000   13.806440  -13.056440 (VIOLATED)
_6473_/A                                0.750000   13.806440  -13.056440 (VIOLATED)
_6474_/A                                0.750000   13.806440  -13.056440 (VIOLATED)
_6475_/A                                0.750000   13.806440  -13.056440 (VIOLATED)
_6476_/A                                0.750000   13.806440  -13.056440 (VIOLATED)
_6477_/A                                0.750000   13.806440  -13.056440 (VIOLATED)
_6478_/A                                0.750000   13.806440  -13.056440 (VIOLATED)
_6479_/A                                0.750000   13.806440  -13.056440 (VIOLATED)
_6480_/A                                0.750000   13.806440  -13.056440 (VIOLATED)
_6481_/A                                0.750000   13.806440  -13.056440 (VIOLATED)
_6482_/A                                0.750000   13.806440  -13.056440 (VIOLATED)
_6483_/A                                0.750000   13.806440  -13.056440 (VIOLATED)
_6484_/A                                0.750000   13.806440  -13.056440 (VIOLATED)
_6485_/A                                0.750000   13.806440  -13.056440 (VIOLATED)
_6486_/A                                0.750000   13.806440  -13.056440 (VIOLATED)
_6487_/A                                0.750000   13.806440  -13.056440 (VIOLATED)
_6488_/A                                0.750000   13.806440  -13.056440 (VIOLATED)
_6489_/A                                0.750000   13.806440  -13.056440 (VIOLATED)
_6490_/A                                0.750000   13.806440  -13.056440 (VIOLATED)
_6491_/A                                0.750000   13.806440  -13.056440 (VIOLATED)
_6492_/A                                0.750000   13.806440  -13.056440 (VIOLATED)
_6493_/A                                0.750000   13.806440  -13.056440 (VIOLATED)
_6494_/A                                0.750000   13.806440  -13.056440 (VIOLATED)
_6495_/A                                0.750000   13.806440  -13.056440 (VIOLATED)
_6496_/A                                0.750000   13.806440  -13.056440 (VIOLATED)
_6497_/A                                0.750000   13.806440  -13.056440 (VIOLATED)
_6498_/A                                0.750000   13.806440  -13.056440 (VIOLATED)
_6499_/A                                0.750000   13.806440  -13.056440 (VIOLATED)
_6500_/A                                0.750000   13.806440  -13.056440 (VIOLATED)
_6501_/A                                0.750000   13.806440  -13.056440 (VIOLATED)
_6502_/A                                0.750000   13.806440  -13.056440 (VIOLATED)
_6503_/A                                0.750000   13.806440  -13.056440 (VIOLATED)
_6504_/A                                0.750000   13.806440  -13.056440 (VIOLATED)
_6505_/A                                0.750000   13.806440  -13.056440 (VIOLATED)
_6506_/A                                0.750000   13.806440  -13.056440 (VIOLATED)
_6507_/A                                0.750000   13.806440  -13.056440 (VIOLATED)
_6508_/A                                0.750000   13.806440  -13.056440 (VIOLATED)
_6509_/A                                0.750000   13.806440  -13.056440 (VIOLATED)
_6510_/A                                0.750000   13.806440  -13.056440 (VIOLATED)
_6511_/A                                0.750000   13.806440  -13.056440 (VIOLATED)
_6512_/A                                0.750000   13.806440  -13.056440 (VIOLATED)
_6513_/A                                0.750000   13.806440  -13.056440 (VIOLATED)
_6514_/A                                0.750000   13.806440  -13.056440 (VIOLATED)
_6515_/A                                0.750000   13.806440  -13.056440 (VIOLATED)
_6516_/A                                0.750000   13.806440  -13.056440 (VIOLATED)
_6517_/A                                0.750000   13.806440  -13.056440 (VIOLATED)
_6518_/A                                0.750000   13.806440  -13.056440 (VIOLATED)
_6519_/A                                0.750000   13.806440  -13.056440 (VIOLATED)
_6520_/A                                0.750000   13.806440  -13.056440 (VIOLATED)
_6521_/A                                0.750000   13.806440  -13.056440 (VIOLATED)
_6522_/A                                0.750000   13.806440  -13.056440 (VIOLATED)
_6523_/A                                0.750000   13.806440  -13.056440 (VIOLATED)
_6524_/A                                0.750000   13.806440  -13.056440 (VIOLATED)
_6525_/A                                0.750000   13.806440  -13.056440 (VIOLATED)
_6526_/A                                0.750000   13.806440  -13.056440 (VIOLATED)
_6527_/A                                0.750000   13.806440  -13.056440 (VIOLATED)
_6528_/A                                0.750000   13.806440  -13.056440 (VIOLATED)
_6529_/A                                0.750000   13.806440  -13.056440 (VIOLATED)
_6530_/A                                0.750000   13.806440  -13.056440 (VIOLATED)
_6531_/A                                0.750000   13.806440  -13.056440 (VIOLATED)
_6532_/A                                0.750000   13.806440  -13.056440 (VIOLATED)
_6533_/A                                0.750000   13.806440  -13.056440 (VIOLATED)
_6534_/A                                0.750000   13.806440  -13.056440 (VIOLATED)
_6535_/A                                0.750000   13.806440  -13.056440 (VIOLATED)
_6536_/A                                0.750000   13.806440  -13.056440 (VIOLATED)
_6537_/A                                0.750000   13.806440  -13.056440 (VIOLATED)
_6538_/A                                0.750000   13.806440  -13.056440 (VIOLATED)
_6539_/A                                0.750000   13.806440  -13.056440 (VIOLATED)
_6540_/A                                0.750000   13.806440  -13.056440 (VIOLATED)
_6541_/A                                0.750000   13.806440  -13.056440 (VIOLATED)
_6542_/A                                0.750000   13.806440  -13.056440 (VIOLATED)
_6543_/A                                0.750000   13.806440  -13.056440 (VIOLATED)
_6544_/A                                0.750000   13.806440  -13.056440 (VIOLATED)
_6545_/A                                0.750000   13.806440  -13.056440 (VIOLATED)
_6546_/A                                0.750000   13.806440  -13.056440 (VIOLATED)
_6547_/A                                0.750000   13.806440  -13.056440 (VIOLATED)
_6548_/A                                0.750000   13.806440  -13.056440 (VIOLATED)
_6549_/A                                0.750000   13.806440  -13.056440 (VIOLATED)
_6550_/A                                0.750000   13.806440  -13.056440 (VIOLATED)
_6551_/A                                0.750000   13.806440  -13.056440 (VIOLATED)
_6552_/A                                0.750000   13.806440  -13.056440 (VIOLATED)
_6553_/A                                0.750000   13.806440  -13.056440 (VIOLATED)
_6554_/A                                0.750000   13.806440  -13.056440 (VIOLATED)
_6555_/A                                0.750000   13.806440  -13.056440 (VIOLATED)
_6556_/A                                0.750000   13.806440  -13.056440 (VIOLATED)
_6557_/A                                0.750000   13.806440  -13.056440 (VIOLATED)
_6558_/A                                0.750000   13.806440  -13.056440 (VIOLATED)
_6559_/A                                0.750000   13.806440  -13.056440 (VIOLATED)
_6560_/A                                0.750000   13.806440  -13.056440 (VIOLATED)
_6561_/A                                0.750000   13.806440  -13.056440 (VIOLATED)
_6562_/A                                0.750000   13.806440  -13.056440 (VIOLATED)
_6563_/A                                0.750000   13.806440  -13.056440 (VIOLATED)
_6564_/A                                0.750000   13.806440  -13.056440 (VIOLATED)
_6565_/A                                0.750000   13.806440  -13.056440 (VIOLATED)
_6566_/A                                0.750000   13.806440  -13.056440 (VIOLATED)
_6567_/A                                0.750000   13.806440  -13.056440 (VIOLATED)
_6568_/A                                0.750000   13.806440  -13.056440 (VIOLATED)
_6569_/A                                0.750000   13.806440  -13.056440 (VIOLATED)
_6570_/A                                0.750000   13.806440  -13.056440 (VIOLATED)
_6571_/A                                0.750000   13.806440  -13.056440 (VIOLATED)
_6572_/A                                0.750000   13.806440  -13.056440 (VIOLATED)
_6573_/A                                0.750000   13.806440  -13.056440 (VIOLATED)
_6574_/A                                0.750000   13.806440  -13.056440 (VIOLATED)
_6575_/A                                0.750000   13.806440  -13.056440 (VIOLATED)
_6576_/A                                0.750000   13.806440  -13.056440 (VIOLATED)
_6577_/A                                0.750000   13.806440  -13.056440 (VIOLATED)
_6578_/A                                0.750000   13.806440  -13.056440 (VIOLATED)
_6579_/A                                0.750000   13.806440  -13.056440 (VIOLATED)
_6580_/A                                0.750000   13.806440  -13.056440 (VIOLATED)
_6581_/A                                0.750000   13.806440  -13.056440 (VIOLATED)
_6582_/A                                0.750000   13.806440  -13.056440 (VIOLATED)
_6583_/A                                0.750000   13.806440  -13.056440 (VIOLATED)
_6584_/A                                0.750000   13.806440  -13.056440 (VIOLATED)
_6585_/A                                0.750000   13.806440  -13.056440 (VIOLATED)
_6586_/A                                0.750000   13.806440  -13.056440 (VIOLATED)
_6587_/A                                0.750000   13.806440  -13.056440 (VIOLATED)
_6588_/A                                0.750000   13.806440  -13.056440 (VIOLATED)
_6589_/A                                0.750000   13.806440  -13.056440 (VIOLATED)
_6590_/A                                0.750000   13.806440  -13.056440 (VIOLATED)
_6591_/A                                0.750000   13.806440  -13.056440 (VIOLATED)
_6592_/A                                0.750000   13.806440  -13.056440 (VIOLATED)
_6593_/A                                0.750000   13.806440  -13.056440 (VIOLATED)
_6594_/A                                0.750000   13.806440  -13.056440 (VIOLATED)
_6595_/A                                0.750000   13.806440  -13.056440 (VIOLATED)
_6596_/A                                0.750000   13.806440  -13.056440 (VIOLATED)
_6597_/A                                0.750000   13.806440  -13.056440 (VIOLATED)
_6598_/A                                0.750000   13.806440  -13.056440 (VIOLATED)
_6599_/A                                0.750000   13.806440  -13.056440 (VIOLATED)
_6600_/A                                0.750000   13.806440  -13.056440 (VIOLATED)
_6601_/A                                0.750000   13.806440  -13.056440 (VIOLATED)
_6602_/A                                0.750000   13.806440  -13.056440 (VIOLATED)
_6603_/A                                0.750000   13.806440  -13.056440 (VIOLATED)
_6604_/A                                0.750000   13.806440  -13.056440 (VIOLATED)
_6605_/A                                0.750000   13.806440  -13.056440 (VIOLATED)
_6606_/A                                0.750000   13.806440  -13.056440 (VIOLATED)
_6607_/A                                0.750000   13.806440  -13.056440 (VIOLATED)
_6608_/A                                0.750000   13.806440  -13.056440 (VIOLATED)
_6609_/A                                0.750000   13.806440  -13.056440 (VIOLATED)
_6610_/A                                0.750000   13.806440  -13.056440 (VIOLATED)
_6611_/A                                0.750000   13.806440  -13.056440 (VIOLATED)
_6612_/A                                0.750000   13.806440  -13.056440 (VIOLATED)
_6613_/A                                0.750000   13.806440  -13.056440 (VIOLATED)
_6614_/A                                0.750000   13.806440  -13.056440 (VIOLATED)
_6615_/A                                0.750000   13.806440  -13.056440 (VIOLATED)
_6616_/A                                0.750000   13.806440  -13.056440 (VIOLATED)
_6617_/A                                0.750000   13.806440  -13.056440 (VIOLATED)
_6618_/A                                0.750000   13.806440  -13.056440 (VIOLATED)
_6619_/A                                0.750000   13.806440  -13.056440 (VIOLATED)
_6620_/A                                0.750000   13.806440  -13.056440 (VIOLATED)
_6621_/A                                0.750000   13.806440  -13.056440 (VIOLATED)
_6622_/A                                0.750000   13.806440  -13.056440 (VIOLATED)
_6623_/A                                0.750000   13.806440  -13.056440 (VIOLATED)
_6624_/A                                0.750000   13.806440  -13.056440 (VIOLATED)
_6625_/A                                0.750000   13.806440  -13.056440 (VIOLATED)
_6626_/A                                0.750000   13.806440  -13.056440 (VIOLATED)
_6627_/A                                0.750000   13.806440  -13.056440 (VIOLATED)
_6628_/A                                0.750000   13.806440  -13.056440 (VIOLATED)
_6629_/A                                0.750000   13.806440  -13.056440 (VIOLATED)
_6630_/A                                0.750000   13.806440  -13.056440 (VIOLATED)
_6631_/A                                0.750000   13.806440  -13.056440 (VIOLATED)
_6632_/A                                0.750000   13.806440  -13.056440 (VIOLATED)
_6633_/A                                0.750000   13.806440  -13.056440 (VIOLATED)
_6634_/A                                0.750000   13.806440  -13.056440 (VIOLATED)
_6635_/A                                0.750000   13.806440  -13.056440 (VIOLATED)
_6636_/A                                0.750000   13.806440  -13.056440 (VIOLATED)
_6637_/A                                0.750000   13.806440  -13.056440 (VIOLATED)
_6638_/A                                0.750000   13.806440  -13.056440 (VIOLATED)
_6639_/A                                0.750000   13.806440  -13.056440 (VIOLATED)
_6640_/A                                0.750000   13.806440  -13.056440 (VIOLATED)
_6641_/A                                0.750000   13.806440  -13.056440 (VIOLATED)
_6642_/A                                0.750000   13.806440  -13.056440 (VIOLATED)
_6643_/A                                0.750000   13.806440  -13.056440 (VIOLATED)
_6644_/A                                0.750000   13.806440  -13.056440 (VIOLATED)
_6645_/A                                0.750000   13.806440  -13.056440 (VIOLATED)
_6646_/A                                0.750000   13.806440  -13.056440 (VIOLATED)
_6647_/A                                0.750000   13.806440  -13.056440 (VIOLATED)
_6648_/A                                0.750000   13.806440  -13.056440 (VIOLATED)
_6649_/A                                0.750000   13.806440  -13.056440 (VIOLATED)
_6650_/A                                0.750000   13.806440  -13.056440 (VIOLATED)
_6651_/A                                0.750000   13.806440  -13.056440 (VIOLATED)
_6652_/A                                0.750000   13.806440  -13.056440 (VIOLATED)
_6653_/A                                0.750000   13.806440  -13.056440 (VIOLATED)
_6654_/A                                0.750000   13.806440  -13.056440 (VIOLATED)
_6655_/A                                0.750000   13.806440  -13.056440 (VIOLATED)
_6656_/A                                0.750000   13.806440  -13.056440 (VIOLATED)
_6657_/A                                0.750000   13.806440  -13.056440 (VIOLATED)
_6658_/A                                0.750000   13.806440  -13.056440 (VIOLATED)
_6659_/A                                0.750000   13.806440  -13.056440 (VIOLATED)
_6660_/A                                0.750000   13.806440  -13.056440 (VIOLATED)
_6661_/A                                0.750000   13.806440  -13.056440 (VIOLATED)
_6662_/A                                0.750000   13.806440  -13.056440 (VIOLATED)
_6663_/A                                0.750000   13.806440  -13.056440 (VIOLATED)
_6664_/A                                0.750000   13.806440  -13.056440 (VIOLATED)
_6665_/A                                0.750000   13.806440  -13.056440 (VIOLATED)
_6666_/A                                0.750000   13.806440  -13.056440 (VIOLATED)
_6667_/A                                0.750000   13.806440  -13.056440 (VIOLATED)
_6668_/A                                0.750000   13.806440  -13.056440 (VIOLATED)
_6669_/A                                0.750000   13.806440  -13.056440 (VIOLATED)
_6670_/A                                0.750000   13.806440  -13.056440 (VIOLATED)
_6671_/A                                0.750000   13.806440  -13.056440 (VIOLATED)
_6672_/A                                0.750000   13.806440  -13.056440 (VIOLATED)
_6673_/A                                0.750000   13.806440  -13.056440 (VIOLATED)
_6674_/A                                0.750000   13.806440  -13.056440 (VIOLATED)
_6675_/A                                0.750000   13.806440  -13.056440 (VIOLATED)
_6676_/A                                0.750000   13.806440  -13.056440 (VIOLATED)
_6677_/A                                0.750000   13.806440  -13.056440 (VIOLATED)
_6678_/A                                0.750000   13.806440  -13.056440 (VIOLATED)
_6679_/A                                0.750000   13.806440  -13.056440 (VIOLATED)
_6680_/A                                0.750000   13.806440  -13.056440 (VIOLATED)
_6681_/A                                0.750000   13.806440  -13.056440 (VIOLATED)
_6682_/A                                0.750000   13.806440  -13.056440 (VIOLATED)
_6683_/A                                0.750000   13.806440  -13.056440 (VIOLATED)
_6684_/A                                0.750000   13.806440  -13.056440 (VIOLATED)
_6685_/A                                0.750000   13.806440  -13.056440 (VIOLATED)
_6686_/A                                0.750000   13.806440  -13.056440 (VIOLATED)
alu_result_out[20]                      0.750000    1.273371   -0.523371 (VIOLATED)
_4907_/Y                                0.750000    1.273371   -0.523371 (VIOLATED)
_4913_/A1                               0.750000    1.273371   -0.523371 (VIOLATED)
_5657_/B                                0.750000    1.273371   -0.523371 (VIOLATED)
instruction_out[24]                     0.750000    1.128027   -0.378027 (VIOLATED)
_4473_/X                                0.750000    1.128027   -0.378027 (VIOLATED)
_4474_/S                                0.750000    1.128027   -0.378027 (VIOLATED)
_4476_/S                                0.750000    1.128027   -0.378027 (VIOLATED)
_4478_/S                                0.750000    1.128027   -0.378027 (VIOLATED)
_4480_/S                                0.750000    1.128027   -0.378027 (VIOLATED)
_4482_/S                                0.750000    1.128027   -0.378027 (VIOLATED)
_4484_/S                                0.750000    1.128027   -0.378027 (VIOLATED)
_4486_/S                                0.750000    1.128027   -0.378027 (VIOLATED)
_4488_/S                                0.750000    1.128027   -0.378027 (VIOLATED)
_4528_/B                                0.750000    1.128027   -0.378027 (VIOLATED)
_6259_/Y                                0.750000    1.113176   -0.363176 (VIOLATED)
_6260_/Y                                0.750000    1.113176   -0.363176 (VIOLATED)
_6261_/Y                                0.750000    1.113176   -0.363176 (VIOLATED)
_6262_/Y                                0.750000    1.113176   -0.363176 (VIOLATED)
_6263_/Y                                0.750000    1.113176   -0.363176 (VIOLATED)
_6264_/Y                                0.750000    1.113176   -0.363176 (VIOLATED)
_6265_/Y                                0.750000    1.113176   -0.363176 (VIOLATED)
_6266_/Y                                0.750000    1.113176   -0.363176 (VIOLATED)
_6267_/Y                                0.750000    1.113176   -0.363176 (VIOLATED)
_6268_/Y                                0.750000    1.113176   -0.363176 (VIOLATED)
_6269_/Y                                0.750000    1.113176   -0.363176 (VIOLATED)
_6270_/Y                                0.750000    1.113176   -0.363176 (VIOLATED)
_6271_/Y                                0.750000    1.113176   -0.363176 (VIOLATED)
_6272_/Y                                0.750000    1.113176   -0.363176 (VIOLATED)
_6273_/Y                                0.750000    1.113176   -0.363176 (VIOLATED)
_6274_/Y                                0.750000    1.113176   -0.363176 (VIOLATED)
_6275_/Y                                0.750000    1.113176   -0.363176 (VIOLATED)
_6276_/Y                                0.750000    1.113176   -0.363176 (VIOLATED)
_6277_/Y                                0.750000    1.113176   -0.363176 (VIOLATED)
_6278_/Y                                0.750000    1.113176   -0.363176 (VIOLATED)
_6279_/Y                                0.750000    1.113176   -0.363176 (VIOLATED)
_6280_/Y                                0.750000    1.113176   -0.363176 (VIOLATED)
_6281_/Y                                0.750000    1.113176   -0.363176 (VIOLATED)
_6282_/Y                                0.750000    1.113176   -0.363176 (VIOLATED)
_6283_/Y                                0.750000    1.113176   -0.363176 (VIOLATED)
_6284_/Y                                0.750000    1.113176   -0.363176 (VIOLATED)
_6285_/Y                                0.750000    1.113176   -0.363176 (VIOLATED)
_6286_/Y                                0.750000    1.113176   -0.363176 (VIOLATED)
_6287_/Y                                0.750000    1.113176   -0.363176 (VIOLATED)
_6288_/Y                                0.750000    1.113176   -0.363176 (VIOLATED)
_6289_/Y                                0.750000    1.113176   -0.363176 (VIOLATED)
_6290_/Y                                0.750000    1.113176   -0.363176 (VIOLATED)
_6291_/Y                                0.750000    1.113176   -0.363176 (VIOLATED)
_6292_/Y                                0.750000    1.113176   -0.363176 (VIOLATED)
_6293_/Y                                0.750000    1.113176   -0.363176 (VIOLATED)
_6294_/Y                                0.750000    1.113176   -0.363176 (VIOLATED)
_6295_/Y                                0.750000    1.113176   -0.363176 (VIOLATED)
_6296_/Y                                0.750000    1.113176   -0.363176 (VIOLATED)
_6297_/Y                                0.750000    1.113176   -0.363176 (VIOLATED)
_6298_/Y                                0.750000    1.113176   -0.363176 (VIOLATED)
_6299_/Y                                0.750000    1.113176   -0.363176 (VIOLATED)
_6300_/Y                                0.750000    1.113176   -0.363176 (VIOLATED)
_6301_/Y                                0.750000    1.113176   -0.363176 (VIOLATED)
_6302_/Y                                0.750000    1.113176   -0.363176 (VIOLATED)
_6303_/Y                                0.750000    1.113176   -0.363176 (VIOLATED)
_6304_/Y                                0.750000    1.113176   -0.363176 (VIOLATED)
_6305_/Y                                0.750000    1.113176   -0.363176 (VIOLATED)
_6306_/Y                                0.750000    1.113176   -0.363176 (VIOLATED)
_6307_/Y                                0.750000    1.113176   -0.363176 (VIOLATED)
_6308_/Y                                0.750000    1.113176   -0.363176 (VIOLATED)
_6309_/Y                                0.750000    1.113176   -0.363176 (VIOLATED)
_6310_/Y                                0.750000    1.113176   -0.363176 (VIOLATED)
_6311_/Y                                0.750000    1.113176   -0.363176 (VIOLATED)
_6312_/Y                                0.750000    1.113176   -0.363176 (VIOLATED)
_6313_/Y                                0.750000    1.113176   -0.363176 (VIOLATED)
_6314_/Y                                0.750000    1.113176   -0.363176 (VIOLATED)
_6315_/Y                                0.750000    1.113176   -0.363176 (VIOLATED)
_6316_/Y                                0.750000    1.113176   -0.363176 (VIOLATED)
_6317_/Y                                0.750000    1.113176   -0.363176 (VIOLATED)
_6318_/Y                                0.750000    1.113176   -0.363176 (VIOLATED)
_6319_/Y                                0.750000    1.113176   -0.363176 (VIOLATED)
_6320_/Y                                0.750000    1.113176   -0.363176 (VIOLATED)
_6321_/Y                                0.750000    1.113176   -0.363176 (VIOLATED)
_6322_/Y                                0.750000    1.113176   -0.363176 (VIOLATED)
_6323_/Y                                0.750000    1.113176   -0.363176 (VIOLATED)
_6324_/Y                                0.750000    1.113176   -0.363176 (VIOLATED)
_6325_/Y                                0.750000    1.113176   -0.363176 (VIOLATED)
_6326_/Y                                0.750000    1.113176   -0.363176 (VIOLATED)
_6327_/Y                                0.750000    1.113176   -0.363176 (VIOLATED)
_6328_/Y                                0.750000    1.113176   -0.363176 (VIOLATED)
_6329_/Y                                0.750000    1.113176   -0.363176 (VIOLATED)
_6330_/Y                                0.750000    1.113176   -0.363176 (VIOLATED)
_6331_/Y                                0.750000    1.113176   -0.363176 (VIOLATED)
_6332_/Y                                0.750000    1.113176   -0.363176 (VIOLATED)
_6333_/Y                                0.750000    1.113176   -0.363176 (VIOLATED)
_6334_/Y                                0.750000    1.113176   -0.363176 (VIOLATED)
_6335_/Y                                0.750000    1.113176   -0.363176 (VIOLATED)
_6337_/Y                                0.750000    1.113176   -0.363176 (VIOLATED)
_6339_/Y                                0.750000    1.113176   -0.363176 (VIOLATED)
_6340_/Y                                0.750000    1.113176   -0.363176 (VIOLATED)
_6341_/Y                                0.750000    1.113176   -0.363176 (VIOLATED)
_6342_/Y                                0.750000    1.113176   -0.363176 (VIOLATED)
_6343_/Y                                0.750000    1.113176   -0.363176 (VIOLATED)
_6344_/Y                                0.750000    1.113176   -0.363176 (VIOLATED)
_6345_/Y                                0.750000    1.113176   -0.363176 (VIOLATED)
_6346_/Y                                0.750000    1.113176   -0.363176 (VIOLATED)
_6347_/Y                                0.750000    1.113176   -0.363176 (VIOLATED)
_6348_/Y                                0.750000    1.113176   -0.363176 (VIOLATED)
_6349_/Y                                0.750000    1.113176   -0.363176 (VIOLATED)
_6350_/Y                                0.750000    1.113176   -0.363176 (VIOLATED)
_6351_/Y                                0.750000    1.113176   -0.363176 (VIOLATED)
_6352_/Y                                0.750000    1.113176   -0.363176 (VIOLATED)
_6353_/Y                                0.750000    1.113176   -0.363176 (VIOLATED)
_6354_/Y                                0.750000    1.113176   -0.363176 (VIOLATED)
_6355_/Y                                0.750000    1.113176   -0.363176 (VIOLATED)
_6356_/Y                                0.750000    1.113176   -0.363176 (VIOLATED)
_6357_/Y                                0.750000    1.113176   -0.363176 (VIOLATED)
_6358_/Y                                0.750000    1.113176   -0.363176 (VIOLATED)
_6359_/Y                                0.750000    1.113176   -0.363176 (VIOLATED)
_6360_/Y                                0.750000    1.113176   -0.363176 (VIOLATED)
_6361_/Y                                0.750000    1.113176   -0.363176 (VIOLATED)
_6362_/Y                                0.750000    1.113176   -0.363176 (VIOLATED)
_6363_/Y                                0.750000    1.113176   -0.363176 (VIOLATED)
_6364_/Y                                0.750000    1.113176   -0.363176 (VIOLATED)
_6365_/Y                                0.750000    1.113176   -0.363176 (VIOLATED)
_6366_/Y                                0.750000    1.113176   -0.363176 (VIOLATED)
_6368_/Y                                0.750000    1.113176   -0.363176 (VIOLATED)
_6370_/Y                                0.750000    1.113176   -0.363176 (VIOLATED)
_6371_/Y                                0.750000    1.113176   -0.363176 (VIOLATED)
_6372_/Y                                0.750000    1.113176   -0.363176 (VIOLATED)
_6373_/Y                                0.750000    1.113176   -0.363176 (VIOLATED)
_6374_/Y                                0.750000    1.113176   -0.363176 (VIOLATED)
_6375_/Y                                0.750000    1.113176   -0.363176 (VIOLATED)
_6376_/Y                                0.750000    1.113176   -0.363176 (VIOLATED)
_6377_/Y                                0.750000    1.113176   -0.363176 (VIOLATED)
_6378_/Y                                0.750000    1.113176   -0.363176 (VIOLATED)
_6379_/Y                                0.750000    1.113176   -0.363176 (VIOLATED)
_6380_/Y                                0.750000    1.113176   -0.363176 (VIOLATED)
_6381_/Y                                0.750000    1.113176   -0.363176 (VIOLATED)
_6382_/Y                                0.750000    1.113176   -0.363176 (VIOLATED)
_6383_/Y                                0.750000    1.113176   -0.363176 (VIOLATED)
_6384_/Y                                0.750000    1.113176   -0.363176 (VIOLATED)
_6385_/Y                                0.750000    1.113176   -0.363176 (VIOLATED)
_6386_/Y                                0.750000    1.113176   -0.363176 (VIOLATED)
_6387_/Y                                0.750000    1.113176   -0.363176 (VIOLATED)
_6388_/Y                                0.750000    1.113176   -0.363176 (VIOLATED)
_6389_/Y                                0.750000    1.113176   -0.363176 (VIOLATED)
_6390_/Y                                0.750000    1.113176   -0.363176 (VIOLATED)
_6391_/Y                                0.750000    1.113176   -0.363176 (VIOLATED)
_6392_/Y                                0.750000    1.113176   -0.363176 (VIOLATED)
_6393_/Y                                0.750000    1.113176   -0.363176 (VIOLATED)
_6394_/Y                                0.750000    1.113176   -0.363176 (VIOLATED)
_6395_/Y                                0.750000    1.113176   -0.363176 (VIOLATED)
_6396_/Y                                0.750000    1.113176   -0.363176 (VIOLATED)
_6397_/Y                                0.750000    1.113176   -0.363176 (VIOLATED)
_6398_/Y                                0.750000    1.113176   -0.363176 (VIOLATED)
_6399_/Y                                0.750000    1.113176   -0.363176 (VIOLATED)
_6400_/Y                                0.750000    1.113176   -0.363176 (VIOLATED)
_6401_/Y                                0.750000    1.113176   -0.363176 (VIOLATED)
_6402_/Y                                0.750000    1.113176   -0.363176 (VIOLATED)
_6403_/Y                                0.750000    1.113176   -0.363176 (VIOLATED)
_6404_/Y                                0.750000    1.113176   -0.363176 (VIOLATED)
_6405_/Y                                0.750000    1.113176   -0.363176 (VIOLATED)
_6406_/Y                                0.750000    1.113176   -0.363176 (VIOLATED)
_6407_/Y                                0.750000    1.113176   -0.363176 (VIOLATED)
_6408_/Y                                0.750000    1.113176   -0.363176 (VIOLATED)
_6409_/Y                                0.750000    1.113176   -0.363176 (VIOLATED)
_6410_/Y                                0.750000    1.113176   -0.363176 (VIOLATED)
_6411_/Y                                0.750000    1.113176   -0.363176 (VIOLATED)
_6412_/Y                                0.750000    1.113176   -0.363176 (VIOLATED)
_6413_/Y                                0.750000    1.113176   -0.363176 (VIOLATED)
_6414_/Y                                0.750000    1.113176   -0.363176 (VIOLATED)
_6415_/Y                                0.750000    1.113176   -0.363176 (VIOLATED)
_6416_/Y                                0.750000    1.113176   -0.363176 (VIOLATED)
_6417_/Y                                0.750000    1.113176   -0.363176 (VIOLATED)
_6418_/Y                                0.750000    1.113176   -0.363176 (VIOLATED)
_6419_/Y                                0.750000    1.113176   -0.363176 (VIOLATED)
_6420_/Y                                0.750000    1.113176   -0.363176 (VIOLATED)
_6421_/Y                                0.750000    1.113176   -0.363176 (VIOLATED)
_6422_/Y                                0.750000    1.113176   -0.363176 (VIOLATED)
_6423_/Y                                0.750000    1.113176   -0.363176 (VIOLATED)
_6424_/Y                                0.750000    1.113176   -0.363176 (VIOLATED)
_6425_/Y                                0.750000    1.113176   -0.363176 (VIOLATED)
_6426_/Y                                0.750000    1.113176   -0.363176 (VIOLATED)
_6427_/Y                                0.750000    1.113176   -0.363176 (VIOLATED)
_6428_/Y                                0.750000    1.113176   -0.363176 (VIOLATED)
_6429_/Y                                0.750000    1.113176   -0.363176 (VIOLATED)
_6430_/Y                                0.750000    1.113176   -0.363176 (VIOLATED)
_6431_/Y                                0.750000    1.113176   -0.363176 (VIOLATED)
_6432_/Y                                0.750000    1.113176   -0.363176 (VIOLATED)
_6433_/Y                                0.750000    1.113176   -0.363176 (VIOLATED)
_6434_/Y                                0.750000    1.113176   -0.363176 (VIOLATED)
_6435_/Y                                0.750000    1.113176   -0.363176 (VIOLATED)
_6436_/Y                                0.750000    1.113176   -0.363176 (VIOLATED)
_6437_/Y                                0.750000    1.113176   -0.363176 (VIOLATED)
_6438_/Y                                0.750000    1.113176   -0.363176 (VIOLATED)
_6439_/Y                                0.750000    1.113176   -0.363176 (VIOLATED)
_6440_/Y                                0.750000    1.113176   -0.363176 (VIOLATED)
_6441_/Y                                0.750000    1.113176   -0.363176 (VIOLATED)
_6442_/Y                                0.750000    1.113176   -0.363176 (VIOLATED)
_6443_/Y                                0.750000    1.113176   -0.363176 (VIOLATED)
_6444_/Y                                0.750000    1.113176   -0.363176 (VIOLATED)
_6445_/Y                                0.750000    1.113176   -0.363176 (VIOLATED)
_6446_/Y                                0.750000    1.113176   -0.363176 (VIOLATED)
_6447_/Y                                0.750000    1.113176   -0.363176 (VIOLATED)
_6448_/Y                                0.750000    1.113176   -0.363176 (VIOLATED)
_6449_/Y                                0.750000    1.113176   -0.363176 (VIOLATED)
_6450_/Y                                0.750000    1.113176   -0.363176 (VIOLATED)
_6451_/Y                                0.750000    1.113176   -0.363176 (VIOLATED)
_6452_/Y                                0.750000    1.113176   -0.363176 (VIOLATED)
_6453_/Y                                0.750000    1.113176   -0.363176 (VIOLATED)
_6454_/Y                                0.750000    1.113176   -0.363176 (VIOLATED)
_6455_/Y                                0.750000    1.113176   -0.363176 (VIOLATED)
_6456_/Y                                0.750000    1.113176   -0.363176 (VIOLATED)
_6457_/Y                                0.750000    1.113176   -0.363176 (VIOLATED)
_6458_/Y                                0.750000    1.113176   -0.363176 (VIOLATED)
_6459_/Y                                0.750000    1.113176   -0.363176 (VIOLATED)
_6460_/Y                                0.750000    1.113176   -0.363176 (VIOLATED)
_6461_/Y                                0.750000    1.113176   -0.363176 (VIOLATED)
_6462_/Y                                0.750000    1.113176   -0.363176 (VIOLATED)
_6463_/Y                                0.750000    1.113176   -0.363176 (VIOLATED)
_6464_/Y                                0.750000    1.113176   -0.363176 (VIOLATED)
_6465_/Y                                0.750000    1.113176   -0.363176 (VIOLATED)
_6466_/Y                                0.750000    1.113176   -0.363176 (VIOLATED)
_6467_/Y                                0.750000    1.113176   -0.363176 (VIOLATED)
_6468_/Y                                0.750000    1.113176   -0.363176 (VIOLATED)
_6469_/Y                                0.750000    1.113176   -0.363176 (VIOLATED)
_6470_/Y                                0.750000    1.113176   -0.363176 (VIOLATED)
_6471_/Y                                0.750000    1.113176   -0.363176 (VIOLATED)
_6472_/Y                                0.750000    1.113176   -0.363176 (VIOLATED)
_6473_/Y                                0.750000    1.113176   -0.363176 (VIOLATED)
_6474_/Y                                0.750000    1.113176   -0.363176 (VIOLATED)
_6475_/Y                                0.750000    1.113176   -0.363176 (VIOLATED)
_6476_/Y                                0.750000    1.113176   -0.363176 (VIOLATED)
_6477_/Y                                0.750000    1.113176   -0.363176 (VIOLATED)
_6478_/Y                                0.750000    1.113176   -0.363176 (VIOLATED)
_6479_/Y                                0.750000    1.113176   -0.363176 (VIOLATED)
_6480_/Y                                0.750000    1.113176   -0.363176 (VIOLATED)
_6481_/Y                                0.750000    1.113176   -0.363176 (VIOLATED)
_6482_/Y                                0.750000    1.113176   -0.363176 (VIOLATED)
_6483_/Y                                0.750000    1.113176   -0.363176 (VIOLATED)
_6484_/Y                                0.750000    1.113176   -0.363176 (VIOLATED)
_6485_/Y                                0.750000    1.113176   -0.363176 (VIOLATED)
_6486_/Y                                0.750000    1.113176   -0.363176 (VIOLATED)
_6487_/Y                                0.750000    1.113176   -0.363176 (VIOLATED)
_6488_/Y                                0.750000    1.113176   -0.363176 (VIOLATED)
_6489_/Y                                0.750000    1.113176   -0.363176 (VIOLATED)
_6490_/Y                                0.750000    1.113176   -0.363176 (VIOLATED)
_6491_/Y                                0.750000    1.113176   -0.363176 (VIOLATED)
_6492_/Y                                0.750000    1.113176   -0.363176 (VIOLATED)
_6493_/Y                                0.750000    1.113176   -0.363176 (VIOLATED)
_6494_/Y                                0.750000    1.113176   -0.363176 (VIOLATED)
_6495_/Y                                0.750000    1.113176   -0.363176 (VIOLATED)
_6496_/Y                                0.750000    1.113176   -0.363176 (VIOLATED)
_6497_/Y                                0.750000    1.113176   -0.363176 (VIOLATED)
_6498_/Y                                0.750000    1.113176   -0.363176 (VIOLATED)
_6499_/Y                                0.750000    1.113176   -0.363176 (VIOLATED)
_6500_/Y                                0.750000    1.113176   -0.363176 (VIOLATED)
_6501_/Y                                0.750000    1.113176   -0.363176 (VIOLATED)
_6502_/Y                                0.750000    1.113176   -0.363176 (VIOLATED)
_6503_/Y                                0.750000    1.113176   -0.363176 (VIOLATED)
_6504_/Y                                0.750000    1.113176   -0.363176 (VIOLATED)
_6505_/Y                                0.750000    1.113176   -0.363176 (VIOLATED)
_6506_/Y                                0.750000    1.113176   -0.363176 (VIOLATED)
_6507_/Y                                0.750000    1.113176   -0.363176 (VIOLATED)
_6508_/Y                                0.750000    1.113176   -0.363176 (VIOLATED)
_6509_/Y                                0.750000    1.113176   -0.363176 (VIOLATED)
_6510_/Y                                0.750000    1.113176   -0.363176 (VIOLATED)
_6511_/Y                                0.750000    1.113176   -0.363176 (VIOLATED)
_6512_/Y                                0.750000    1.113176   -0.363176 (VIOLATED)
_6513_/Y                                0.750000    1.113176   -0.363176 (VIOLATED)
_6514_/Y                                0.750000    1.113176   -0.363176 (VIOLATED)
_6515_/Y                                0.750000    1.113176   -0.363176 (VIOLATED)
_6516_/Y                                0.750000    1.113176   -0.363176 (VIOLATED)
_6517_/Y                                0.750000    1.113176   -0.363176 (VIOLATED)
_6518_/Y                                0.750000    1.113176   -0.363176 (VIOLATED)
_6519_/Y                                0.750000    1.113176   -0.363176 (VIOLATED)
_6520_/Y                                0.750000    1.113176   -0.363176 (VIOLATED)
_6521_/Y                                0.750000    1.113176   -0.363176 (VIOLATED)
_6522_/Y                                0.750000    1.113176   -0.363176 (VIOLATED)
_6523_/Y                                0.750000    1.113176   -0.363176 (VIOLATED)
_6524_/Y                                0.750000    1.113176   -0.363176 (VIOLATED)
_6525_/Y                                0.750000    1.113176   -0.363176 (VIOLATED)
_6526_/Y                                0.750000    1.113176   -0.363176 (VIOLATED)
_6527_/Y                                0.750000    1.113176   -0.363176 (VIOLATED)
_6528_/Y                                0.750000    1.113176   -0.363176 (VIOLATED)
_6529_/Y                                0.750000    1.113176   -0.363176 (VIOLATED)
_6530_/Y                                0.750000    1.113176   -0.363176 (VIOLATED)
_6531_/Y                                0.750000    1.113176   -0.363176 (VIOLATED)
_6532_/Y                                0.750000    1.113176   -0.363176 (VIOLATED)
_6533_/Y                                0.750000    1.113176   -0.363176 (VIOLATED)
_6534_/Y                                0.750000    1.113176   -0.363176 (VIOLATED)
_6535_/Y                                0.750000    1.113176   -0.363176 (VIOLATED)
_6536_/Y                                0.750000    1.113176   -0.363176 (VIOLATED)
_6537_/Y                                0.750000    1.113176   -0.363176 (VIOLATED)
_6538_/Y                                0.750000    1.113176   -0.363176 (VIOLATED)
_6539_/Y                                0.750000    1.113176   -0.363176 (VIOLATED)
_6540_/Y                                0.750000    1.113176   -0.363176 (VIOLATED)
_6541_/Y                                0.750000    1.113176   -0.363176 (VIOLATED)
_6542_/Y                                0.750000    1.113176   -0.363176 (VIOLATED)
_6543_/Y                                0.750000    1.113176   -0.363176 (VIOLATED)
_6544_/Y                                0.750000    1.113176   -0.363176 (VIOLATED)
_6545_/Y                                0.750000    1.113176   -0.363176 (VIOLATED)
_6546_/Y                                0.750000    1.113176   -0.363176 (VIOLATED)
_6547_/Y                                0.750000    1.113176   -0.363176 (VIOLATED)
_6548_/Y                                0.750000    1.113176   -0.363176 (VIOLATED)
_6549_/Y                                0.750000    1.113176   -0.363176 (VIOLATED)
_6550_/Y                                0.750000    1.113176   -0.363176 (VIOLATED)
_6551_/Y                                0.750000    1.113176   -0.363176 (VIOLATED)
_6552_/Y                                0.750000    1.113176   -0.363176 (VIOLATED)
_6553_/Y                                0.750000    1.113176   -0.363176 (VIOLATED)
_6554_/Y                                0.750000    1.113176   -0.363176 (VIOLATED)
_6555_/Y                                0.750000    1.113176   -0.363176 (VIOLATED)
_6556_/Y                                0.750000    1.113176   -0.363176 (VIOLATED)
_6557_/Y                                0.750000    1.113176   -0.363176 (VIOLATED)
_6558_/Y                                0.750000    1.113176   -0.363176 (VIOLATED)
_6559_/Y                                0.750000    1.113176   -0.363176 (VIOLATED)
_6560_/Y                                0.750000    1.113176   -0.363176 (VIOLATED)
_6561_/Y                                0.750000    1.113176   -0.363176 (VIOLATED)
_6562_/Y                                0.750000    1.113176   -0.363176 (VIOLATED)
_6563_/Y                                0.750000    1.113176   -0.363176 (VIOLATED)
_6564_/Y                                0.750000    1.113176   -0.363176 (VIOLATED)
_6565_/Y                                0.750000    1.113176   -0.363176 (VIOLATED)
_6566_/Y                                0.750000    1.113176   -0.363176 (VIOLATED)
_6567_/Y                                0.750000    1.113176   -0.363176 (VIOLATED)
_6568_/Y                                0.750000    1.113176   -0.363176 (VIOLATED)
_6569_/Y                                0.750000    1.113176   -0.363176 (VIOLATED)
_6570_/Y                                0.750000    1.113176   -0.363176 (VIOLATED)
_6571_/Y                                0.750000    1.113176   -0.363176 (VIOLATED)
_6572_/Y                                0.750000    1.113176   -0.363176 (VIOLATED)
_6573_/Y                                0.750000    1.113176   -0.363176 (VIOLATED)
_6574_/Y                                0.750000    1.113176   -0.363176 (VIOLATED)
_6575_/Y                                0.750000    1.113176   -0.363176 (VIOLATED)
_6576_/Y                                0.750000    1.113176   -0.363176 (VIOLATED)
_6577_/Y                                0.750000    1.113176   -0.363176 (VIOLATED)
_6578_/Y                                0.750000    1.113176   -0.363176 (VIOLATED)
_6579_/Y                                0.750000    1.113176   -0.363176 (VIOLATED)
_6580_/Y                                0.750000    1.113176   -0.363176 (VIOLATED)
_6581_/Y                                0.750000    1.113176   -0.363176 (VIOLATED)
_6582_/Y                                0.750000    1.113176   -0.363176 (VIOLATED)
_6583_/Y                                0.750000    1.113176   -0.363176 (VIOLATED)
_6584_/Y                                0.750000    1.113176   -0.363176 (VIOLATED)
_6585_/Y                                0.750000    1.113176   -0.363176 (VIOLATED)
_6586_/Y                                0.750000    1.113176   -0.363176 (VIOLATED)
_6587_/Y                                0.750000    1.113176   -0.363176 (VIOLATED)
_6588_/Y                                0.750000    1.113176   -0.363176 (VIOLATED)
_6589_/Y                                0.750000    1.113176   -0.363176 (VIOLATED)
_6590_/Y                                0.750000    1.113176   -0.363176 (VIOLATED)
_6591_/Y                                0.750000    1.113176   -0.363176 (VIOLATED)
_6592_/Y                                0.750000    1.113176   -0.363176 (VIOLATED)
_6593_/Y                                0.750000    1.113176   -0.363176 (VIOLATED)
_6594_/Y                                0.750000    1.113176   -0.363176 (VIOLATED)
_6595_/Y                                0.750000    1.113176   -0.363176 (VIOLATED)
_6596_/Y                                0.750000    1.113176   -0.363176 (VIOLATED)
_6597_/Y                                0.750000    1.113176   -0.363176 (VIOLATED)
_6598_/Y                                0.750000    1.113176   -0.363176 (VIOLATED)
_6599_/Y                                0.750000    1.113176   -0.363176 (VIOLATED)
_6600_/Y                                0.750000    1.113176   -0.363176 (VIOLATED)
_6601_/Y                                0.750000    1.113176   -0.363176 (VIOLATED)
_6602_/Y                                0.750000    1.113176   -0.363176 (VIOLATED)
_6603_/Y                                0.750000    1.113176   -0.363176 (VIOLATED)
_6604_/Y                                0.750000    1.113176   -0.363176 (VIOLATED)
_6605_/Y                                0.750000    1.113176   -0.363176 (VIOLATED)
_6606_/Y                                0.750000    1.113176   -0.363176 (VIOLATED)
_6607_/Y                                0.750000    1.113176   -0.363176 (VIOLATED)
_6608_/Y                                0.750000    1.113176   -0.363176 (VIOLATED)
_6609_/Y                                0.750000    1.113176   -0.363176 (VIOLATED)
_6610_/Y                                0.750000    1.113176   -0.363176 (VIOLATED)
_6611_/Y                                0.750000    1.113176   -0.363176 (VIOLATED)
_6612_/Y                                0.750000    1.113176   -0.363176 (VIOLATED)
_6613_/Y                                0.750000    1.113176   -0.363176 (VIOLATED)
_6614_/Y                                0.750000    1.113176   -0.363176 (VIOLATED)
_6615_/Y                                0.750000    1.113176   -0.363176 (VIOLATED)
_6616_/Y                                0.750000    1.113176   -0.363176 (VIOLATED)
_6617_/Y                                0.750000    1.113176   -0.363176 (VIOLATED)
_6618_/Y                                0.750000    1.113176   -0.363176 (VIOLATED)
_6619_/Y                                0.750000    1.113176   -0.363176 (VIOLATED)
_6620_/Y                                0.750000    1.113176   -0.363176 (VIOLATED)
_6621_/Y                                0.750000    1.113176   -0.363176 (VIOLATED)
_6622_/Y                                0.750000    1.113176   -0.363176 (VIOLATED)
_6623_/Y                                0.750000    1.113176   -0.363176 (VIOLATED)
_6624_/Y                                0.750000    1.113176   -0.363176 (VIOLATED)
_6625_/Y                                0.750000    1.113176   -0.363176 (VIOLATED)
_6626_/Y                                0.750000    1.113176   -0.363176 (VIOLATED)
_6627_/Y                                0.750000    1.113176   -0.363176 (VIOLATED)
_6628_/Y                                0.750000    1.113176   -0.363176 (VIOLATED)
_6629_/Y                                0.750000    1.113176   -0.363176 (VIOLATED)
_6630_/Y                                0.750000    1.113176   -0.363176 (VIOLATED)
_6631_/Y                                0.750000    1.113176   -0.363176 (VIOLATED)
_6632_/Y                                0.750000    1.113176   -0.363176 (VIOLATED)
_6633_/Y                                0.750000    1.113176   -0.363176 (VIOLATED)
_6634_/Y                                0.750000    1.113176   -0.363176 (VIOLATED)
_6635_/Y                                0.750000    1.113176   -0.363176 (VIOLATED)
_6636_/Y                                0.750000    1.113176   -0.363176 (VIOLATED)
_6637_/Y                                0.750000    1.113176   -0.363176 (VIOLATED)
_6638_/Y                                0.750000    1.113176   -0.363176 (VIOLATED)
_6639_/Y                                0.750000    1.113176   -0.363176 (VIOLATED)
_6640_/Y                                0.750000    1.113176   -0.363176 (VIOLATED)
_6641_/Y                                0.750000    1.113176   -0.363176 (VIOLATED)
_6642_/Y                                0.750000    1.113176   -0.363176 (VIOLATED)
_6643_/Y                                0.750000    1.113176   -0.363176 (VIOLATED)
_6644_/Y                                0.750000    1.113176   -0.363176 (VIOLATED)
_6645_/Y                                0.750000    1.113176   -0.363176 (VIOLATED)
_6646_/Y                                0.750000    1.113176   -0.363176 (VIOLATED)
_6647_/Y                                0.750000    1.113176   -0.363176 (VIOLATED)
_6648_/Y                                0.750000    1.113176   -0.363176 (VIOLATED)
_6649_/Y                                0.750000    1.113176   -0.363176 (VIOLATED)
_6650_/Y                                0.750000    1.113176   -0.363176 (VIOLATED)
_6651_/Y                                0.750000    1.113176   -0.363176 (VIOLATED)
_6652_/Y                                0.750000    1.113176   -0.363176 (VIOLATED)
_6653_/Y                                0.750000    1.113176   -0.363176 (VIOLATED)
_6654_/Y                                0.750000    1.113176   -0.363176 (VIOLATED)
_6655_/Y                                0.750000    1.113176   -0.363176 (VIOLATED)
_6656_/Y                                0.750000    1.113176   -0.363176 (VIOLATED)
_6657_/Y                                0.750000    1.113176   -0.363176 (VIOLATED)
_6658_/Y                                0.750000    1.113176   -0.363176 (VIOLATED)
_6659_/Y                                0.750000    1.113176   -0.363176 (VIOLATED)
_6660_/Y                                0.750000    1.113176   -0.363176 (VIOLATED)
_6661_/Y                                0.750000    1.113176   -0.363176 (VIOLATED)
_6662_/Y                                0.750000    1.113176   -0.363176 (VIOLATED)
_6663_/Y                                0.750000    1.113176   -0.363176 (VIOLATED)
_6664_/Y                                0.750000    1.113176   -0.363176 (VIOLATED)
_6665_/Y                                0.750000    1.113176   -0.363176 (VIOLATED)
_6666_/Y                                0.750000    1.113176   -0.363176 (VIOLATED)
_6667_/Y                                0.750000    1.113176   -0.363176 (VIOLATED)
_6668_/Y                                0.750000    1.113176   -0.363176 (VIOLATED)
_6669_/Y                                0.750000    1.113176   -0.363176 (VIOLATED)
_6670_/Y                                0.750000    1.113176   -0.363176 (VIOLATED)
_6671_/Y                                0.750000    1.113176   -0.363176 (VIOLATED)
_6672_/Y                                0.750000    1.113176   -0.363176 (VIOLATED)
_6673_/Y                                0.750000    1.113176   -0.363176 (VIOLATED)
_6674_/Y                                0.750000    1.113176   -0.363176 (VIOLATED)
_6675_/Y                                0.750000    1.113176   -0.363176 (VIOLATED)
_6676_/Y                                0.750000    1.113176   -0.363176 (VIOLATED)
_6677_/Y                                0.750000    1.113176   -0.363176 (VIOLATED)
_6678_/Y                                0.750000    1.113176   -0.363176 (VIOLATED)
_6679_/Y                                0.750000    1.113176   -0.363176 (VIOLATED)
_6680_/Y                                0.750000    1.113176   -0.363176 (VIOLATED)
_6681_/Y                                0.750000    1.113176   -0.363176 (VIOLATED)
_6682_/Y                                0.750000    1.113176   -0.363176 (VIOLATED)
_6683_/Y                                0.750000    1.113176   -0.363176 (VIOLATED)
_6684_/Y                                0.750000    1.113176   -0.363176 (VIOLATED)
_6685_/Y                                0.750000    1.113176   -0.363176 (VIOLATED)
_6686_/Y                                0.750000    1.113176   -0.363176 (VIOLATED)
_6979_/RESET_B                          0.750000    1.113176   -0.363176 (VIOLATED)
_6980_/RESET_B                          0.750000    1.113176   -0.363176 (VIOLATED)
_6981_/RESET_B                          0.750000    1.113176   -0.363176 (VIOLATED)
_6982_/RESET_B                          0.750000    1.113176   -0.363176 (VIOLATED)
_6983_/RESET_B                          0.750000    1.113176   -0.363176 (VIOLATED)
_6984_/RESET_B                          0.750000    1.113176   -0.363176 (VIOLATED)
_6985_/RESET_B                          0.750000    1.113176   -0.363176 (VIOLATED)
_6986_/RESET_B                          0.750000    1.113176   -0.363176 (VIOLATED)
_6987_/RESET_B                          0.750000    1.113176   -0.363176 (VIOLATED)
_6988_/RESET_B                          0.750000    1.113176   -0.363176 (VIOLATED)
_6989_/RESET_B                          0.750000    1.113176   -0.363176 (VIOLATED)
_6990_/RESET_B                          0.750000    1.113176   -0.363176 (VIOLATED)
_6991_/RESET_B                          0.750000    1.113176   -0.363176 (VIOLATED)
_6992_/RESET_B                          0.750000    1.113176   -0.363176 (VIOLATED)
_6993_/RESET_B                          0.750000    1.113176   -0.363176 (VIOLATED)
_6994_/RESET_B                          0.750000    1.113176   -0.363176 (VIOLATED)
_6995_/RESET_B                          0.750000    1.113176   -0.363176 (VIOLATED)
_6996_/RESET_B                          0.750000    1.113176   -0.363176 (VIOLATED)
_6997_/RESET_B                          0.750000    1.113176   -0.363176 (VIOLATED)
_6998_/RESET_B                          0.750000    1.113176   -0.363176 (VIOLATED)
_6999_/RESET_B                          0.750000    1.113176   -0.363176 (VIOLATED)
_7000_/RESET_B                          0.750000    1.113176   -0.363176 (VIOLATED)
_7001_/RESET_B                          0.750000    1.113176   -0.363176 (VIOLATED)
_7002_/RESET_B                          0.750000    1.113176   -0.363176 (VIOLATED)
_7003_/RESET_B                          0.750000    1.113176   -0.363176 (VIOLATED)
_7004_/RESET_B                          0.750000    1.113176   -0.363176 (VIOLATED)
_7005_/RESET_B                          0.750000    1.113176   -0.363176 (VIOLATED)
_7006_/RESET_B                          0.750000    1.113176   -0.363176 (VIOLATED)
_7007_/RESET_B                          0.750000    1.113176   -0.363176 (VIOLATED)
_7008_/RESET_B                          0.750000    1.113176   -0.363176 (VIOLATED)
_7009_/RESET_B                          0.750000    1.113176   -0.363176 (VIOLATED)
_7010_/RESET_B                          0.750000    1.113176   -0.363176 (VIOLATED)
_7011_/RESET_B                          0.750000    1.113176   -0.363176 (VIOLATED)
_7012_/RESET_B                          0.750000    1.113176   -0.363176 (VIOLATED)
_7013_/RESET_B                          0.750000    1.113176   -0.363176 (VIOLATED)
_7014_/RESET_B                          0.750000    1.113176   -0.363176 (VIOLATED)
_7015_/RESET_B                          0.750000    1.113176   -0.363176 (VIOLATED)
_7016_/RESET_B                          0.750000    1.113176   -0.363176 (VIOLATED)
_7017_/RESET_B                          0.750000    1.113176   -0.363176 (VIOLATED)
_7018_/RESET_B                          0.750000    1.113176   -0.363176 (VIOLATED)
_7019_/RESET_B                          0.750000    1.113176   -0.363176 (VIOLATED)
_7020_/RESET_B                          0.750000    1.113176   -0.363176 (VIOLATED)
_7021_/RESET_B                          0.750000    1.113176   -0.363176 (VIOLATED)
_7022_/RESET_B                          0.750000    1.113176   -0.363176 (VIOLATED)
_7023_/RESET_B                          0.750000    1.113176   -0.363176 (VIOLATED)
_7024_/RESET_B                          0.750000    1.113176   -0.363176 (VIOLATED)
_7025_/RESET_B                          0.750000    1.113176   -0.363176 (VIOLATED)
_7026_/RESET_B                          0.750000    1.113176   -0.363176 (VIOLATED)
_7027_/RESET_B                          0.750000    1.113176   -0.363176 (VIOLATED)
_7028_/RESET_B                          0.750000    1.113176   -0.363176 (VIOLATED)
_7029_/RESET_B                          0.750000    1.113176   -0.363176 (VIOLATED)
_7030_/RESET_B                          0.750000    1.113176   -0.363176 (VIOLATED)
_7031_/RESET_B                          0.750000    1.113176   -0.363176 (VIOLATED)
_7032_/RESET_B                          0.750000    1.113176   -0.363176 (VIOLATED)
_7033_/RESET_B                          0.750000    1.113176   -0.363176 (VIOLATED)
_7034_/RESET_B                          0.750000    1.113176   -0.363176 (VIOLATED)
_7035_/RESET_B                          0.750000    1.113176   -0.363176 (VIOLATED)
_7036_/RESET_B                          0.750000    1.113176   -0.363176 (VIOLATED)
_7037_/RESET_B                          0.750000    1.113176   -0.363176 (VIOLATED)
_7038_/RESET_B                          0.750000    1.113176   -0.363176 (VIOLATED)
_7039_/RESET_B                          0.750000    1.113176   -0.363176 (VIOLATED)
_7040_/RESET_B                          0.750000    1.113176   -0.363176 (VIOLATED)
_7041_/RESET_B                          0.750000    1.113176   -0.363176 (VIOLATED)
_7042_/RESET_B                          0.750000    1.113176   -0.363176 (VIOLATED)
_7043_/RESET_B                          0.750000    1.113176   -0.363176 (VIOLATED)
_7044_/RESET_B                          0.750000    1.113176   -0.363176 (VIOLATED)
_7045_/RESET_B                          0.750000    1.113176   -0.363176 (VIOLATED)
_7046_/RESET_B                          0.750000    1.113176   -0.363176 (VIOLATED)
_7047_/RESET_B                          0.750000    1.113176   -0.363176 (VIOLATED)
_7048_/RESET_B                          0.750000    1.113176   -0.363176 (VIOLATED)
_7049_/RESET_B                          0.750000    1.113176   -0.363176 (VIOLATED)
_7050_/RESET_B                          0.750000    1.113176   -0.363176 (VIOLATED)
_7051_/RESET_B                          0.750000    1.113176   -0.363176 (VIOLATED)
_7052_/RESET_B                          0.750000    1.113176   -0.363176 (VIOLATED)
_7053_/RESET_B                          0.750000    1.113176   -0.363176 (VIOLATED)
_7054_/RESET_B                          0.750000    1.113176   -0.363176 (VIOLATED)
_7055_/RESET_B                          0.750000    1.113176   -0.363176 (VIOLATED)
_7057_/RESET_B                          0.750000    1.113176   -0.363176 (VIOLATED)
_7059_/RESET_B                          0.750000    1.113176   -0.363176 (VIOLATED)
_7060_/RESET_B                          0.750000    1.113176   -0.363176 (VIOLATED)
_7061_/RESET_B                          0.750000    1.113176   -0.363176 (VIOLATED)
_7062_/RESET_B                          0.750000    1.113176   -0.363176 (VIOLATED)
_7063_/RESET_B                          0.750000    1.113176   -0.363176 (VIOLATED)
_7064_/RESET_B                          0.750000    1.113176   -0.363176 (VIOLATED)
_7065_/RESET_B                          0.750000    1.113176   -0.363176 (VIOLATED)
_7066_/RESET_B                          0.750000    1.113176   -0.363176 (VIOLATED)
_7067_/RESET_B                          0.750000    1.113176   -0.363176 (VIOLATED)
_7068_/RESET_B                          0.750000    1.113176   -0.363176 (VIOLATED)
_7069_/RESET_B                          0.750000    1.113176   -0.363176 (VIOLATED)
_7070_/RESET_B                          0.750000    1.113176   -0.363176 (VIOLATED)
_7071_/RESET_B                          0.750000    1.113176   -0.363176 (VIOLATED)
_7072_/RESET_B                          0.750000    1.113176   -0.363176 (VIOLATED)
_7073_/RESET_B                          0.750000    1.113176   -0.363176 (VIOLATED)
_7074_/RESET_B                          0.750000    1.113176   -0.363176 (VIOLATED)
_7075_/RESET_B                          0.750000    1.113176   -0.363176 (VIOLATED)
_7076_/RESET_B                          0.750000    1.113176   -0.363176 (VIOLATED)
_7077_/RESET_B                          0.750000    1.113176   -0.363176 (VIOLATED)
_7078_/RESET_B                          0.750000    1.113176   -0.363176 (VIOLATED)
_7079_/RESET_B                          0.750000    1.113176   -0.363176 (VIOLATED)
_7080_/RESET_B                          0.750000    1.113176   -0.363176 (VIOLATED)
_7081_/RESET_B                          0.750000    1.113176   -0.363176 (VIOLATED)
_7082_/RESET_B                          0.750000    1.113176   -0.363176 (VIOLATED)
_7083_/RESET_B                          0.750000    1.113176   -0.363176 (VIOLATED)
_7084_/RESET_B                          0.750000    1.113176   -0.363176 (VIOLATED)
_7085_/RESET_B                          0.750000    1.113176   -0.363176 (VIOLATED)
_7086_/RESET_B                          0.750000    1.113176   -0.363176 (VIOLATED)
_7088_/RESET_B                          0.750000    1.113176   -0.363176 (VIOLATED)
_7090_/RESET_B                          0.750000    1.113176   -0.363176 (VIOLATED)
_7091_/RESET_B                          0.750000    1.113176   -0.363176 (VIOLATED)
_7092_/RESET_B                          0.750000    1.113176   -0.363176 (VIOLATED)
_7093_/RESET_B                          0.750000    1.113176   -0.363176 (VIOLATED)
_7094_/RESET_B                          0.750000    1.113176   -0.363176 (VIOLATED)
_7095_/RESET_B                          0.750000    1.113176   -0.363176 (VIOLATED)
_7096_/RESET_B                          0.750000    1.113176   -0.363176 (VIOLATED)
_7097_/RESET_B                          0.750000    1.113176   -0.363176 (VIOLATED)
_7098_/RESET_B                          0.750000    1.113176   -0.363176 (VIOLATED)
_7099_/RESET_B                          0.750000    1.113176   -0.363176 (VIOLATED)
_7100_/RESET_B                          0.750000    1.113176   -0.363176 (VIOLATED)
_7101_/RESET_B                          0.750000    1.113176   -0.363176 (VIOLATED)
_7102_/RESET_B                          0.750000    1.113176   -0.363176 (VIOLATED)
_7103_/RESET_B                          0.750000    1.113176   -0.363176 (VIOLATED)
_7104_/RESET_B                          0.750000    1.113176   -0.363176 (VIOLATED)
_7105_/RESET_B                          0.750000    1.113176   -0.363176 (VIOLATED)
_7106_/RESET_B                          0.750000    1.113176   -0.363176 (VIOLATED)
_7107_/RESET_B                          0.750000    1.113176   -0.363176 (VIOLATED)
_7108_/RESET_B                          0.750000    1.113176   -0.363176 (VIOLATED)
_7109_/RESET_B                          0.750000    1.113176   -0.363176 (VIOLATED)
_7110_/RESET_B                          0.750000    1.113176   -0.363176 (VIOLATED)
_7111_/RESET_B                          0.750000    1.113176   -0.363176 (VIOLATED)
_7112_/RESET_B                          0.750000    1.113176   -0.363176 (VIOLATED)
_7113_/RESET_B                          0.750000    1.113176   -0.363176 (VIOLATED)
_7114_/RESET_B                          0.750000    1.113176   -0.363176 (VIOLATED)
_7115_/RESET_B                          0.750000    1.113176   -0.363176 (VIOLATED)
_7116_/RESET_B                          0.750000    1.113176   -0.363176 (VIOLATED)
_7117_/RESET_B                          0.750000    1.113176   -0.363176 (VIOLATED)
_7118_/RESET_B                          0.750000    1.113176   -0.363176 (VIOLATED)
_7119_/RESET_B                          0.750000    1.113176   -0.363176 (VIOLATED)
_7120_/RESET_B                          0.750000    1.113176   -0.363176 (VIOLATED)
_7121_/RESET_B                          0.750000    1.113176   -0.363176 (VIOLATED)
_7122_/RESET_B                          0.750000    1.113176   -0.363176 (VIOLATED)
_7123_/RESET_B                          0.750000    1.113176   -0.363176 (VIOLATED)
_7124_/RESET_B                          0.750000    1.113176   -0.363176 (VIOLATED)
_7125_/RESET_B                          0.750000    1.113176   -0.363176 (VIOLATED)
_7126_/RESET_B                          0.750000    1.113176   -0.363176 (VIOLATED)
_7127_/RESET_B                          0.750000    1.113176   -0.363176 (VIOLATED)
_7128_/RESET_B                          0.750000    1.113176   -0.363176 (VIOLATED)
_7129_/RESET_B                          0.750000    1.113176   -0.363176 (VIOLATED)
_7130_/RESET_B                          0.750000    1.113176   -0.363176 (VIOLATED)
_7131_/RESET_B                          0.750000    1.113176   -0.363176 (VIOLATED)
_7132_/RESET_B                          0.750000    1.113176   -0.363176 (VIOLATED)
_7133_/RESET_B                          0.750000    1.113176   -0.363176 (VIOLATED)
_7134_/RESET_B                          0.750000    1.113176   -0.363176 (VIOLATED)
_7135_/RESET_B                          0.750000    1.113176   -0.363176 (VIOLATED)
_7136_/RESET_B                          0.750000    1.113176   -0.363176 (VIOLATED)
_7137_/RESET_B                          0.750000    1.113176   -0.363176 (VIOLATED)
_7138_/RESET_B                          0.750000    1.113176   -0.363176 (VIOLATED)
_7139_/RESET_B                          0.750000    1.113176   -0.363176 (VIOLATED)
_7140_/RESET_B                          0.750000    1.113176   -0.363176 (VIOLATED)
_7141_/RESET_B                          0.750000    1.113176   -0.363176 (VIOLATED)
_7142_/RESET_B                          0.750000    1.113176   -0.363176 (VIOLATED)
_7143_/RESET_B                          0.750000    1.113176   -0.363176 (VIOLATED)
_7144_/RESET_B                          0.750000    1.113176   -0.363176 (VIOLATED)
_7145_/RESET_B                          0.750000    1.113176   -0.363176 (VIOLATED)
_7146_/RESET_B                          0.750000    1.113176   -0.363176 (VIOLATED)
_7147_/RESET_B                          0.750000    1.113176   -0.363176 (VIOLATED)
_7148_/RESET_B                          0.750000    1.113176   -0.363176 (VIOLATED)
_7149_/RESET_B                          0.750000    1.113176   -0.363176 (VIOLATED)
_7150_/RESET_B                          0.750000    1.113176   -0.363176 (VIOLATED)
_7151_/RESET_B                          0.750000    1.113176   -0.363176 (VIOLATED)
_7152_/RESET_B                          0.750000    1.113176   -0.363176 (VIOLATED)
_7153_/RESET_B                          0.750000    1.113176   -0.363176 (VIOLATED)
_7154_/RESET_B                          0.750000    1.113176   -0.363176 (VIOLATED)
_7155_/RESET_B                          0.750000    1.113176   -0.363176 (VIOLATED)
_7156_/RESET_B                          0.750000    1.113176   -0.363176 (VIOLATED)
_7157_/RESET_B                          0.750000    1.113176   -0.363176 (VIOLATED)
_7158_/RESET_B                          0.750000    1.113176   -0.363176 (VIOLATED)
_7159_/RESET_B                          0.750000    1.113176   -0.363176 (VIOLATED)
_7160_/RESET_B                          0.750000    1.113176   -0.363176 (VIOLATED)
_7161_/RESET_B                          0.750000    1.113176   -0.363176 (VIOLATED)
_7162_/RESET_B                          0.750000    1.113176   -0.363176 (VIOLATED)
_7163_/RESET_B                          0.750000    1.113176   -0.363176 (VIOLATED)
_7164_/RESET_B                          0.750000    1.113176   -0.363176 (VIOLATED)
_7165_/RESET_B                          0.750000    1.113176   -0.363176 (VIOLATED)
_7166_/RESET_B                          0.750000    1.113176   -0.363176 (VIOLATED)
_7167_/RESET_B                          0.750000    1.113176   -0.363176 (VIOLATED)
_7168_/RESET_B                          0.750000    1.113176   -0.363176 (VIOLATED)
_7169_/RESET_B                          0.750000    1.113176   -0.363176 (VIOLATED)
_7170_/RESET_B                          0.750000    1.113176   -0.363176 (VIOLATED)
_7171_/RESET_B                          0.750000    1.113176   -0.363176 (VIOLATED)
_7172_/RESET_B                          0.750000    1.113176   -0.363176 (VIOLATED)
_7173_/RESET_B                          0.750000    1.113176   -0.363176 (VIOLATED)
_7174_/RESET_B                          0.750000    1.113176   -0.363176 (VIOLATED)
_7175_/RESET_B                          0.750000    1.113176   -0.363176 (VIOLATED)
_7176_/RESET_B                          0.750000    1.113176   -0.363176 (VIOLATED)
_7177_/RESET_B                          0.750000    1.113176   -0.363176 (VIOLATED)
_7178_/RESET_B                          0.750000    1.113176   -0.363176 (VIOLATED)
_7179_/RESET_B                          0.750000    1.113176   -0.363176 (VIOLATED)
_7180_/RESET_B                          0.750000    1.113176   -0.363176 (VIOLATED)
_7181_/RESET_B                          0.750000    1.113176   -0.363176 (VIOLATED)
_7182_/RESET_B                          0.750000    1.113176   -0.363176 (VIOLATED)
_7183_/RESET_B                          0.750000    1.113176   -0.363176 (VIOLATED)
_7184_/RESET_B                          0.750000    1.113176   -0.363176 (VIOLATED)
_7185_/RESET_B                          0.750000    1.113176   -0.363176 (VIOLATED)
_7186_/RESET_B                          0.750000    1.113176   -0.363176 (VIOLATED)
_7187_/RESET_B                          0.750000    1.113176   -0.363176 (VIOLATED)
_7188_/RESET_B                          0.750000    1.113176   -0.363176 (VIOLATED)
_7189_/RESET_B                          0.750000    1.113176   -0.363176 (VIOLATED)
_7190_/RESET_B                          0.750000    1.113176   -0.363176 (VIOLATED)
_7191_/RESET_B                          0.750000    1.113176   -0.363176 (VIOLATED)
_7192_/RESET_B                          0.750000    1.113176   -0.363176 (VIOLATED)
_7193_/RESET_B                          0.750000    1.113176   -0.363176 (VIOLATED)
_7194_/RESET_B                          0.750000    1.113176   -0.363176 (VIOLATED)
_7195_/RESET_B                          0.750000    1.113176   -0.363176 (VIOLATED)
_7196_/RESET_B                          0.750000    1.113176   -0.363176 (VIOLATED)
_7197_/RESET_B                          0.750000    1.113176   -0.363176 (VIOLATED)
_7198_/RESET_B                          0.750000    1.113176   -0.363176 (VIOLATED)
_7199_/RESET_B                          0.750000    1.113176   -0.363176 (VIOLATED)
_7200_/RESET_B                          0.750000    1.113176   -0.363176 (VIOLATED)
_7201_/RESET_B                          0.750000    1.113176   -0.363176 (VIOLATED)
_7202_/RESET_B                          0.750000    1.113176   -0.363176 (VIOLATED)
_7203_/RESET_B                          0.750000    1.113176   -0.363176 (VIOLATED)
_7204_/RESET_B                          0.750000    1.113176   -0.363176 (VIOLATED)
_7205_/RESET_B                          0.750000    1.113176   -0.363176 (VIOLATED)
_7206_/RESET_B                          0.750000    1.113176   -0.363176 (VIOLATED)
_7207_/RESET_B                          0.750000    1.113176   -0.363176 (VIOLATED)
_7208_/RESET_B                          0.750000    1.113176   -0.363176 (VIOLATED)
_7209_/RESET_B                          0.750000    1.113176   -0.363176 (VIOLATED)
_7210_/RESET_B                          0.750000    1.113176   -0.363176 (VIOLATED)
_7211_/RESET_B                          0.750000    1.113176   -0.363176 (VIOLATED)
_7212_/RESET_B                          0.750000    1.113176   -0.363176 (VIOLATED)
_7213_/RESET_B                          0.750000    1.113176   -0.363176 (VIOLATED)
_7214_/RESET_B                          0.750000    1.113176   -0.363176 (VIOLATED)
_7215_/RESET_B                          0.750000    1.113176   -0.363176 (VIOLATED)
_7216_/RESET_B                          0.750000    1.113176   -0.363176 (VIOLATED)
_7217_/RESET_B                          0.750000    1.113176   -0.363176 (VIOLATED)
_7218_/RESET_B                          0.750000    1.113176   -0.363176 (VIOLATED)
_7219_/RESET_B                          0.750000    1.113176   -0.363176 (VIOLATED)
_7220_/RESET_B                          0.750000    1.113176   -0.363176 (VIOLATED)
_7221_/RESET_B                          0.750000    1.113176   -0.363176 (VIOLATED)
_7222_/RESET_B                          0.750000    1.113176   -0.363176 (VIOLATED)
_7223_/RESET_B                          0.750000    1.113176   -0.363176 (VIOLATED)
_7224_/RESET_B                          0.750000    1.113176   -0.363176 (VIOLATED)
_7225_/RESET_B                          0.750000    1.113176   -0.363176 (VIOLATED)
_7226_/RESET_B                          0.750000    1.113176   -0.363176 (VIOLATED)
_7227_/RESET_B                          0.750000    1.113176   -0.363176 (VIOLATED)
_7228_/RESET_B                          0.750000    1.113176   -0.363176 (VIOLATED)
_7229_/RESET_B                          0.750000    1.113176   -0.363176 (VIOLATED)
_7230_/RESET_B                          0.750000    1.113176   -0.363176 (VIOLATED)
_7231_/RESET_B                          0.750000    1.113176   -0.363176 (VIOLATED)
_7232_/RESET_B                          0.750000    1.113176   -0.363176 (VIOLATED)
_7233_/RESET_B                          0.750000    1.113176   -0.363176 (VIOLATED)
_7234_/RESET_B                          0.750000    1.113176   -0.363176 (VIOLATED)
_7235_/RESET_B                          0.750000    1.113176   -0.363176 (VIOLATED)
_7236_/RESET_B                          0.750000    1.113176   -0.363176 (VIOLATED)
_7237_/RESET_B                          0.750000    1.113176   -0.363176 (VIOLATED)
_7238_/RESET_B                          0.750000    1.113176   -0.363176 (VIOLATED)
_7239_/RESET_B                          0.750000    1.113176   -0.363176 (VIOLATED)
_7240_/RESET_B                          0.750000    1.113176   -0.363176 (VIOLATED)
_7241_/RESET_B                          0.750000    1.113176   -0.363176 (VIOLATED)
_7242_/RESET_B                          0.750000    1.113176   -0.363176 (VIOLATED)
_7243_/RESET_B                          0.750000    1.113176   -0.363176 (VIOLATED)
_7244_/RESET_B                          0.750000    1.113176   -0.363176 (VIOLATED)
_7245_/RESET_B                          0.750000    1.113176   -0.363176 (VIOLATED)
_7246_/RESET_B                          0.750000    1.113176   -0.363176 (VIOLATED)
_7247_/RESET_B                          0.750000    1.113176   -0.363176 (VIOLATED)
_7248_/RESET_B                          0.750000    1.113176   -0.363176 (VIOLATED)
_7249_/RESET_B                          0.750000    1.113176   -0.363176 (VIOLATED)
_7250_/RESET_B                          0.750000    1.113176   -0.363176 (VIOLATED)
_7251_/RESET_B                          0.750000    1.113176   -0.363176 (VIOLATED)
_7252_/RESET_B                          0.750000    1.113176   -0.363176 (VIOLATED)
_7253_/RESET_B                          0.750000    1.113176   -0.363176 (VIOLATED)
_7254_/RESET_B                          0.750000    1.113176   -0.363176 (VIOLATED)
_7255_/RESET_B                          0.750000    1.113176   -0.363176 (VIOLATED)
_7256_/RESET_B                          0.750000    1.113176   -0.363176 (VIOLATED)
_7257_/RESET_B                          0.750000    1.113176   -0.363176 (VIOLATED)
_7258_/RESET_B                          0.750000    1.113176   -0.363176 (VIOLATED)
_7259_/RESET_B                          0.750000    1.113176   -0.363176 (VIOLATED)
_7260_/RESET_B                          0.750000    1.113176   -0.363176 (VIOLATED)
_7261_/RESET_B                          0.750000    1.113176   -0.363176 (VIOLATED)
_7262_/RESET_B                          0.750000    1.113176   -0.363176 (VIOLATED)
_7263_/RESET_B                          0.750000    1.113176   -0.363176 (VIOLATED)
_7264_/RESET_B                          0.750000    1.113176   -0.363176 (VIOLATED)
_7265_/RESET_B                          0.750000    1.113176   -0.363176 (VIOLATED)
_7266_/RESET_B                          0.750000    1.113176   -0.363176 (VIOLATED)
_7267_/RESET_B                          0.750000    1.113176   -0.363176 (VIOLATED)
_7268_/RESET_B                          0.750000    1.113176   -0.363176 (VIOLATED)
_7269_/RESET_B                          0.750000    1.113176   -0.363176 (VIOLATED)
_7270_/RESET_B                          0.750000    1.113176   -0.363176 (VIOLATED)
_7271_/RESET_B                          0.750000    1.113176   -0.363176 (VIOLATED)
_7272_/RESET_B                          0.750000    1.113176   -0.363176 (VIOLATED)
_7273_/RESET_B                          0.750000    1.113176   -0.363176 (VIOLATED)
_7274_/RESET_B                          0.750000    1.113176   -0.363176 (VIOLATED)
_7275_/RESET_B                          0.750000    1.113176   -0.363176 (VIOLATED)
_7276_/RESET_B                          0.750000    1.113176   -0.363176 (VIOLATED)
_7277_/RESET_B                          0.750000    1.113176   -0.363176 (VIOLATED)
_7278_/RESET_B                          0.750000    1.113176   -0.363176 (VIOLATED)
_7279_/RESET_B                          0.750000    1.113176   -0.363176 (VIOLATED)
_7280_/RESET_B                          0.750000    1.113176   -0.363176 (VIOLATED)
_7281_/RESET_B                          0.750000    1.113176   -0.363176 (VIOLATED)
_7282_/RESET_B                          0.750000    1.113176   -0.363176 (VIOLATED)
_7283_/RESET_B                          0.750000    1.113176   -0.363176 (VIOLATED)
_7284_/RESET_B                          0.750000    1.113176   -0.363176 (VIOLATED)
_7285_/RESET_B                          0.750000    1.113176   -0.363176 (VIOLATED)
_7286_/RESET_B                          0.750000    1.113176   -0.363176 (VIOLATED)
_7287_/RESET_B                          0.750000    1.113176   -0.363176 (VIOLATED)
_7288_/RESET_B                          0.750000    1.113176   -0.363176 (VIOLATED)
_7289_/RESET_B                          0.750000    1.113176   -0.363176 (VIOLATED)
_7290_/RESET_B                          0.750000    1.113176   -0.363176 (VIOLATED)
_7291_/RESET_B                          0.750000    1.113176   -0.363176 (VIOLATED)
_7292_/RESET_B                          0.750000    1.113176   -0.363176 (VIOLATED)
_7293_/RESET_B                          0.750000    1.113176   -0.363176 (VIOLATED)
_7294_/RESET_B                          0.750000    1.113176   -0.363176 (VIOLATED)
_7295_/RESET_B                          0.750000    1.113176   -0.363176 (VIOLATED)
_7296_/RESET_B                          0.750000    1.113176   -0.363176 (VIOLATED)
_7297_/RESET_B                          0.750000    1.113176   -0.363176 (VIOLATED)
_7298_/RESET_B                          0.750000    1.113176   -0.363176 (VIOLATED)
_7299_/RESET_B                          0.750000    1.113176   -0.363176 (VIOLATED)
_7300_/RESET_B                          0.750000    1.113176   -0.363176 (VIOLATED)
_7301_/RESET_B                          0.750000    1.113176   -0.363176 (VIOLATED)
_7302_/RESET_B                          0.750000    1.113176   -0.363176 (VIOLATED)
_7303_/RESET_B                          0.750000    1.113176   -0.363176 (VIOLATED)
_7304_/RESET_B                          0.750000    1.113176   -0.363176 (VIOLATED)
_7305_/RESET_B                          0.750000    1.113176   -0.363176 (VIOLATED)
_7306_/RESET_B                          0.750000    1.113176   -0.363176 (VIOLATED)
_7307_/RESET_B                          0.750000    1.113176   -0.363176 (VIOLATED)
_7308_/RESET_B                          0.750000    1.113176   -0.363176 (VIOLATED)
_7309_/RESET_B                          0.750000    1.113176   -0.363176 (VIOLATED)
_7310_/RESET_B                          0.750000    1.113176   -0.363176 (VIOLATED)
_7311_/RESET_B                          0.750000    1.113176   -0.363176 (VIOLATED)
_7312_/RESET_B                          0.750000    1.113176   -0.363176 (VIOLATED)
_7313_/RESET_B                          0.750000    1.113176   -0.363176 (VIOLATED)
_7314_/RESET_B                          0.750000    1.113176   -0.363176 (VIOLATED)
_7315_/RESET_B                          0.750000    1.113176   -0.363176 (VIOLATED)
_7316_/RESET_B                          0.750000    1.113176   -0.363176 (VIOLATED)
_7317_/RESET_B                          0.750000    1.113176   -0.363176 (VIOLATED)
_7318_/RESET_B                          0.750000    1.113176   -0.363176 (VIOLATED)
_7319_/RESET_B                          0.750000    1.113176   -0.363176 (VIOLATED)
_7320_/RESET_B                          0.750000    1.113176   -0.363176 (VIOLATED)
_7321_/RESET_B                          0.750000    1.113176   -0.363176 (VIOLATED)
_7322_/RESET_B                          0.750000    1.113176   -0.363176 (VIOLATED)
_7323_/RESET_B                          0.750000    1.113176   -0.363176 (VIOLATED)
_7324_/RESET_B                          0.750000    1.113176   -0.363176 (VIOLATED)
_7325_/RESET_B                          0.750000    1.113176   -0.363176 (VIOLATED)
_7326_/RESET_B                          0.750000    1.113176   -0.363176 (VIOLATED)
_7327_/RESET_B                          0.750000    1.113176   -0.363176 (VIOLATED)
_7328_/RESET_B                          0.750000    1.113176   -0.363176 (VIOLATED)
_7329_/RESET_B                          0.750000    1.113176   -0.363176 (VIOLATED)
_7330_/RESET_B                          0.750000    1.113176   -0.363176 (VIOLATED)
_7331_/RESET_B                          0.750000    1.113176   -0.363176 (VIOLATED)
_7332_/RESET_B                          0.750000    1.113176   -0.363176 (VIOLATED)
_7333_/RESET_B                          0.750000    1.113176   -0.363176 (VIOLATED)
_7334_/RESET_B                          0.750000    1.113176   -0.363176 (VIOLATED)
_7335_/RESET_B                          0.750000    1.113176   -0.363176 (VIOLATED)
_7336_/RESET_B                          0.750000    1.113176   -0.363176 (VIOLATED)
_7337_/RESET_B                          0.750000    1.113176   -0.363176 (VIOLATED)
_7338_/RESET_B                          0.750000    1.113176   -0.363176 (VIOLATED)
_7339_/RESET_B                          0.750000    1.113176   -0.363176 (VIOLATED)
_7340_/RESET_B                          0.750000    1.113176   -0.363176 (VIOLATED)
_7341_/RESET_B                          0.750000    1.113176   -0.363176 (VIOLATED)
_7342_/RESET_B                          0.750000    1.113176   -0.363176 (VIOLATED)
_7343_/RESET_B                          0.750000    1.113176   -0.363176 (VIOLATED)
_7344_/RESET_B                          0.750000    1.113176   -0.363176 (VIOLATED)
_7345_/RESET_B                          0.750000    1.113176   -0.363176 (VIOLATED)
_7346_/RESET_B                          0.750000    1.113176   -0.363176 (VIOLATED)
_7347_/RESET_B                          0.750000    1.113176   -0.363176 (VIOLATED)
_7348_/RESET_B                          0.750000    1.113176   -0.363176 (VIOLATED)
_7349_/RESET_B                          0.750000    1.113176   -0.363176 (VIOLATED)
_7350_/RESET_B                          0.750000    1.113176   -0.363176 (VIOLATED)
_7351_/RESET_B                          0.750000    1.113176   -0.363176 (VIOLATED)
_7352_/RESET_B                          0.750000    1.113176   -0.363176 (VIOLATED)
_7353_/RESET_B                          0.750000    1.113176   -0.363176 (VIOLATED)
_7354_/RESET_B                          0.750000    1.113176   -0.363176 (VIOLATED)
_7355_/RESET_B                          0.750000    1.113176   -0.363176 (VIOLATED)
_7356_/RESET_B                          0.750000    1.113176   -0.363176 (VIOLATED)
_7357_/RESET_B                          0.750000    1.113176   -0.363176 (VIOLATED)
_7358_/RESET_B                          0.750000    1.113176   -0.363176 (VIOLATED)
_7359_/RESET_B                          0.750000    1.113176   -0.363176 (VIOLATED)
_7360_/RESET_B                          0.750000    1.113176   -0.363176 (VIOLATED)
_7361_/RESET_B                          0.750000    1.113176   -0.363176 (VIOLATED)
_7362_/RESET_B                          0.750000    1.113176   -0.363176 (VIOLATED)
_7363_/RESET_B                          0.750000    1.113176   -0.363176 (VIOLATED)
_7364_/RESET_B                          0.750000    1.113176   -0.363176 (VIOLATED)
_7365_/RESET_B                          0.750000    1.113176   -0.363176 (VIOLATED)
_7366_/RESET_B                          0.750000    1.113176   -0.363176 (VIOLATED)
_7367_/RESET_B                          0.750000    1.113176   -0.363176 (VIOLATED)
_7368_/RESET_B                          0.750000    1.113176   -0.363176 (VIOLATED)
_7369_/RESET_B                          0.750000    1.113176   -0.363176 (VIOLATED)
_7370_/RESET_B                          0.750000    1.113176   -0.363176 (VIOLATED)
_7371_/RESET_B                          0.750000    1.113176   -0.363176 (VIOLATED)
_7372_/RESET_B                          0.750000    1.113176   -0.363176 (VIOLATED)
_7373_/RESET_B                          0.750000    1.113176   -0.363176 (VIOLATED)
_7374_/RESET_B                          0.750000    1.113176   -0.363176 (VIOLATED)
_7375_/RESET_B                          0.750000    1.113176   -0.363176 (VIOLATED)
_7376_/RESET_B                          0.750000    1.113176   -0.363176 (VIOLATED)
_7377_/RESET_B                          0.750000    1.113176   -0.363176 (VIOLATED)
_7378_/RESET_B                          0.750000    1.113176   -0.363176 (VIOLATED)
_7379_/RESET_B                          0.750000    1.113176   -0.363176 (VIOLATED)
_7380_/RESET_B                          0.750000    1.113176   -0.363176 (VIOLATED)
_7381_/RESET_B                          0.750000    1.113176   -0.363176 (VIOLATED)
_7382_/RESET_B                          0.750000    1.113176   -0.363176 (VIOLATED)
_7383_/RESET_B                          0.750000    1.113176   -0.363176 (VIOLATED)
_7384_/RESET_B                          0.750000    1.113176   -0.363176 (VIOLATED)
_7385_/RESET_B                          0.750000    1.113176   -0.363176 (VIOLATED)
_7386_/RESET_B                          0.750000    1.113176   -0.363176 (VIOLATED)
_7387_/RESET_B                          0.750000    1.113176   -0.363176 (VIOLATED)
_7388_/RESET_B                          0.750000    1.113176   -0.363176 (VIOLATED)
_7389_/RESET_B                          0.750000    1.113176   -0.363176 (VIOLATED)
_7390_/RESET_B                          0.750000    1.113176   -0.363176 (VIOLATED)
_7391_/RESET_B                          0.750000    1.113176   -0.363176 (VIOLATED)
_7392_/RESET_B                          0.750000    1.113176   -0.363176 (VIOLATED)
_7393_/RESET_B                          0.750000    1.113176   -0.363176 (VIOLATED)
_7394_/RESET_B                          0.750000    1.113176   -0.363176 (VIOLATED)
_7395_/RESET_B                          0.750000    1.113176   -0.363176 (VIOLATED)
_7396_/RESET_B                          0.750000    1.113176   -0.363176 (VIOLATED)
_7397_/RESET_B                          0.750000    1.113176   -0.363176 (VIOLATED)
_7398_/RESET_B                          0.750000    1.113176   -0.363176 (VIOLATED)
_7399_/RESET_B                          0.750000    1.113176   -0.363176 (VIOLATED)
_7400_/RESET_B                          0.750000    1.113176   -0.363176 (VIOLATED)
_7401_/RESET_B                          0.750000    1.113176   -0.363176 (VIOLATED)
_7402_/RESET_B                          0.750000    1.113176   -0.363176 (VIOLATED)
_7403_/RESET_B                          0.750000    1.113176   -0.363176 (VIOLATED)
_7404_/RESET_B                          0.750000    1.113176   -0.363176 (VIOLATED)
_7405_/RESET_B                          0.750000    1.113176   -0.363176 (VIOLATED)
_7406_/RESET_B                          0.750000    1.113176   -0.363176 (VIOLATED)
_6336_/Y                                0.750000    1.101245   -0.351245 (VIOLATED)
_6338_/Y                                0.750000    1.101245   -0.351245 (VIOLATED)
_6367_/Y                                0.750000    1.101245   -0.351245 (VIOLATED)
_6369_/Y                                0.750000    1.101245   -0.351245 (VIOLATED)
_7056_/SET_B                            0.750000    1.101245   -0.351245 (VIOLATED)
_7058_/SET_B                            0.750000    1.101245   -0.351245 (VIOLATED)
_7087_/SET_B                            0.750000    1.101245   -0.351245 (VIOLATED)
_7089_/SET_B                            0.750000    1.101245   -0.351245 (VIOLATED)
instruction_out[3]                      0.750000    1.047174   -0.297175 (VIOLATED)
_4715_/X                                0.750000    1.047174   -0.297175 (VIOLATED)
_4716_/B2                               0.750000    1.047174   -0.297175 (VIOLATED)
_4752_/A1                               0.750000    1.047174   -0.297175 (VIOLATED)
_4864_/B2                               0.750000    1.047174   -0.297175 (VIOLATED)
_4932_/B2                               0.750000    1.047174   -0.297175 (VIOLATED)
_4978_/B2                               0.750000    1.047174   -0.297175 (VIOLATED)
_5094_/A1                               0.750000    1.047174   -0.297175 (VIOLATED)
_5640_/A                                0.750000    1.047174   -0.297175 (VIOLATED)
_5642_/A                                0.750000    1.047174   -0.297175 (VIOLATED)
_5666_/A                                0.750000    1.047174   -0.297175 (VIOLATED)
instruction_out[28]                     0.750000    0.979447   -0.229447 (VIOLATED)
_5604_/X                                0.750000    0.979447   -0.229447 (VIOLATED)
_5605_/B                                0.750000    0.979447   -0.229447 (VIOLATED)
_5609_/B                                0.750000    0.979447   -0.229447 (VIOLATED)
_5613_/B                                0.750000    0.979447   -0.229447 (VIOLATED)
_5615_/B                                0.750000    0.979447   -0.229447 (VIOLATED)
_5619_/B                                0.750000    0.979447   -0.229447 (VIOLATED)
_5622_/B                                0.750000    0.979447   -0.229447 (VIOLATED)
_5624_/B                                0.750000    0.979447   -0.229447 (VIOLATED)
_5628_/B                                0.750000    0.979447   -0.229447 (VIOLATED)
_5633_/B                                0.750000    0.979447   -0.229447 (VIOLATED)
pc_out[5]                               0.750000    0.934473   -0.184473 (VIOLATED)
_3304_/A                                0.750000    0.934473   -0.184473 (VIOLATED)
_3306_/A1                               0.750000    0.934473   -0.184473 (VIOLATED)
_3310_/B1                               0.750000    0.934473   -0.184473 (VIOLATED)
_3312_/A1                               0.750000    0.934473   -0.184473 (VIOLATED)
_3313_/D                                0.750000    0.934473   -0.184473 (VIOLATED)
_3323_/A1                               0.750000    0.934473   -0.184473 (VIOLATED)
_3329_/A                                0.750000    0.934473   -0.184473 (VIOLATED)
_3330_/A                                0.750000    0.934473   -0.184473 (VIOLATED)
_3340_/A                                0.750000    0.934473   -0.184473 (VIOLATED)
_3342_/B                                0.750000    0.934473   -0.184473 (VIOLATED)
_3348_/B1                               0.750000    0.934473   -0.184473 (VIOLATED)
_3349_/A                                0.750000    0.934473   -0.184473 (VIOLATED)
_3356_/B2                               0.750000    0.934473   -0.184473 (VIOLATED)
_3361_/A                                0.750000    0.934473   -0.184473 (VIOLATED)
_3362_/C_N                              0.750000    0.934473   -0.184473 (VIOLATED)
_3363_/A                                0.750000    0.934473   -0.184473 (VIOLATED)
_3368_/A1                               0.750000    0.934473   -0.184473 (VIOLATED)
_3370_/A                                0.750000    0.934473   -0.184473 (VIOLATED)
_3386_/A                                0.750000    0.934473   -0.184473 (VIOLATED)
_3405_/A1                               0.750000    0.934473   -0.184473 (VIOLATED)
_3561_/A                                0.750000    0.934473   -0.184473 (VIOLATED)
_5129_/A                                0.750000    0.934473   -0.184473 (VIOLATED)
_5645_/A1                               0.750000    0.934473   -0.184473 (VIOLATED)
_6982_/Q                                0.750000    0.934473   -0.184473 (VIOLATED)
instruction_out[6]                      0.750000    0.856457   -0.106457 (VIOLATED)
_3334_/Y                                0.750000    0.856457   -0.106457 (VIOLATED)
_3335_/C1                               0.750000    0.856457   -0.106457 (VIOLATED)
_3339_/C1                               0.750000    0.856457   -0.106457 (VIOLATED)
alu_result_out[2]                       0.750000    0.855367   -0.105367 (VIOLATED)
_3634_/Y                                0.750000    0.855367   -0.105367 (VIOLATED)
_3642_/S0                               0.750000    0.855367   -0.105367 (VIOLATED)
_3650_/A                                0.750000    0.855367   -0.105367 (VIOLATED)
_3656_/A                                0.750000    0.855367   -0.105367 (VIOLATED)
_3661_/A                                0.750000    0.855367   -0.105367 (VIOLATED)
_3673_/S0                               0.750000    0.855367   -0.105367 (VIOLATED)
_3764_/S0                               0.750000    0.855367   -0.105367 (VIOLATED)
_3866_/S0                               0.750000    0.855367   -0.105367 (VIOLATED)
_3991_/B                                0.750000    0.855367   -0.105367 (VIOLATED)
pc_out[3]                               0.750000    0.838999   -0.088999 (VIOLATED)
_3299_/A1                               0.750000    0.838999   -0.088999 (VIOLATED)
_3301_/B                                0.750000    0.838999   -0.088999 (VIOLATED)
_3302_/A1                               0.750000    0.838999   -0.088999 (VIOLATED)
_3304_/B                                0.750000    0.838999   -0.088999 (VIOLATED)
_3309_/B                                0.750000    0.838999   -0.088999 (VIOLATED)
_3313_/B                                0.750000    0.838999   -0.088999 (VIOLATED)
_3316_/A                                0.750000    0.838999   -0.088999 (VIOLATED)
_3321_/B                                0.750000    0.838999   -0.088999 (VIOLATED)
_3327_/B                                0.750000    0.838999   -0.088999 (VIOLATED)
_3331_/A                                0.750000    0.838999   -0.088999 (VIOLATED)
_3348_/A2                               0.750000    0.838999   -0.088999 (VIOLATED)
_3353_/A                                0.750000    0.838999   -0.088999 (VIOLATED)
_3358_/C1                               0.750000    0.838999   -0.088999 (VIOLATED)
_3360_/A0                               0.750000    0.838999   -0.088999 (VIOLATED)
_3365_/A                                0.750000    0.838999   -0.088999 (VIOLATED)
_3487_/D1                               0.750000    0.838999   -0.088999 (VIOLATED)
_3553_/D1                               0.750000    0.838999   -0.088999 (VIOLATED)
_4217_/D1                               0.750000    0.838999   -0.088999 (VIOLATED)
_5644_/C1                               0.750000    0.838999   -0.088999 (VIOLATED)
_6980_/Q                                0.750000    0.838999   -0.088999 (VIOLATED)
pc_out[2]                               0.750000    0.825333   -0.075334 (VIOLATED)
_3299_/A2                               0.750000    0.825333   -0.075334 (VIOLATED)
_3300_/A                                0.750000    0.825333   -0.075334 (VIOLATED)
_3302_/A2                               0.750000    0.825333   -0.075334 (VIOLATED)
_3308_/B                                0.750000    0.825333   -0.075334 (VIOLATED)
_3309_/C                                0.750000    0.825333   -0.075334 (VIOLATED)
_3318_/A                                0.750000    0.825333   -0.075334 (VIOLATED)
_3323_/B1                               0.750000    0.825333   -0.075334 (VIOLATED)
_3331_/B                                0.750000    0.825333   -0.075334 (VIOLATED)
_3350_/A                                0.750000    0.825333   -0.075334 (VIOLATED)
_3353_/B                                0.750000    0.825333   -0.075334 (VIOLATED)
_3360_/A1                               0.750000    0.825333   -0.075334 (VIOLATED)
_3362_/A                                0.750000    0.825333   -0.075334 (VIOLATED)
_3363_/C_N                              0.750000    0.825333   -0.075334 (VIOLATED)
_3371_/D_N                              0.750000    0.825333   -0.075334 (VIOLATED)
_3403_/A                                0.750000    0.825333   -0.075334 (VIOLATED)
_3510_/B2                               0.750000    0.825333   -0.075334 (VIOLATED)
_3516_/A2                               0.750000    0.825333   -0.075334 (VIOLATED)
_3519_/A                                0.750000    0.825333   -0.075334 (VIOLATED)
_4803_/C1                               0.750000    0.825333   -0.075334 (VIOLATED)
_4942_/C1                               0.750000    0.825333   -0.075334 (VIOLATED)
_5129_/B                                0.750000    0.825333   -0.075334 (VIOLATED)
_5645_/A2                               0.750000    0.825333   -0.075334 (VIOLATED)
_5667_/A                                0.750000    0.825333   -0.075334 (VIOLATED)
_6979_/Q                                0.750000    0.825333   -0.075334 (VIOLATED)
pc_out[4]                               0.750000    0.819870   -0.069870 (VIOLATED)
_3299_/B1                               0.750000    0.819870   -0.069870 (VIOLATED)
_3301_/A                                0.750000    0.819870   -0.069870 (VIOLATED)
_3302_/B1                               0.750000    0.819870   -0.069870 (VIOLATED)
_3308_/A                                0.750000    0.819870   -0.069870 (VIOLATED)
_3309_/A                                0.750000    0.819870   -0.069870 (VIOLATED)
_3313_/C                                0.750000    0.819870   -0.069870 (VIOLATED)
_3321_/A                                0.750000    0.819870   -0.069870 (VIOLATED)
_3324_/A                                0.750000    0.819870   -0.069870 (VIOLATED)
_3327_/A                                0.750000    0.819870   -0.069870 (VIOLATED)
_3331_/C_N                              0.750000    0.819870   -0.069870 (VIOLATED)
_3348_/A1                               0.750000    0.819870   -0.069870 (VIOLATED)
_3354_/A1                               0.750000    0.819870   -0.069870 (VIOLATED)
_3355_/A1                               0.750000    0.819870   -0.069870 (VIOLATED)
_3360_/S                                0.750000    0.819870   -0.069870 (VIOLATED)
_3364_/B1_N                             0.750000    0.819870   -0.069870 (VIOLATED)
_3369_/A                                0.750000    0.819870   -0.069870 (VIOLATED)
_3371_/A                                0.750000    0.819870   -0.069870 (VIOLATED)
_3516_/C1                               0.750000    0.819870   -0.069870 (VIOLATED)
_3532_/A1                               0.750000    0.819870   -0.069870 (VIOLATED)
_5135_/A1                               0.750000    0.819870   -0.069870 (VIOLATED)
_5644_/A1                               0.750000    0.819870   -0.069870 (VIOLATED)
_6981_/Q                                0.750000    0.819870   -0.069870 (VIOLATED)
instruction_out[16]                     0.750000    0.817008   -0.067008 (VIOLATED)
_3368_/Y                                0.750000    0.817008   -0.067008 (VIOLATED)
_3377_/A_N                              0.750000    0.817008   -0.067008 (VIOLATED)
_3388_/A                                0.750000    0.817008   -0.067008 (VIOLATED)
_3394_/A                                0.750000    0.817008   -0.067008 (VIOLATED)
_3586_/Y                                0.750000    0.790593   -0.040593 (VIOLATED)
_3587_/B                                0.750000    0.790593   -0.040593 (VIOLATED)
_3599_/B                                0.750000    0.790593   -0.040593 (VIOLATED)
_3600_/A                                0.750000    0.790593   -0.040593 (VIOLATED)
_3624_/A2                               0.750000    0.790593   -0.040593 (VIOLATED)
_5283_/A1                               0.750000    0.790593   -0.040593 (VIOLATED)
alu_result_out[7]                       0.750000    0.762121   -0.012121 (VIOLATED)
_5116_/Y                                0.750000    0.762121   -0.012121 (VIOLATED)
_5117_/B                                0.750000    0.762121   -0.012121 (VIOLATED)
_5658_/D                                0.750000    0.762121   -0.012121 (VIOLATED)
alu_result_out[19]                      0.750000    0.760844   -0.010844 (VIOLATED)
_4926_/Y                                0.750000    0.760844   -0.010844 (VIOLATED)
_4927_/C                                0.750000    0.760844   -0.010844 (VIOLATED)
_5656_/C                                0.750000    0.760844   -0.010844 (VIOLATED)
_4609_/X                                0.750000    0.759579   -0.009579 (VIOLATED)
_4659_/A1                               0.750000    0.759579   -0.009579 (VIOLATED)
_4796_/C1                               0.750000    0.759579   -0.009579 (VIOLATED)
_4814_/A                                0.750000    0.759579   -0.009579 (VIOLATED)
_4874_/A1                               0.750000    0.759579   -0.009579 (VIOLATED)
_4887_/B1                               0.750000    0.759579   -0.009579 (VIOLATED)
_4906_/A1                               0.750000    0.759579   -0.009579 (VIOLATED)
_4940_/A1                               0.750000    0.759579   -0.009579 (VIOLATED)
_4953_/B1                               0.750000    0.759579   -0.009579 (VIOLATED)
_4992_/B1                               0.750000    0.759579   -0.009579 (VIOLATED)
_5005_/B1                               0.750000    0.759579   -0.009579 (VIOLATED)
_4656_/X                                0.750000    0.755725   -0.005725 (VIOLATED)
_4657_/B1                               0.750000    0.755725   -0.005725 (VIOLATED)
_4740_/C1                               0.750000    0.755725   -0.005725 (VIOLATED)
_4763_/B1                               0.750000    0.755725   -0.005725 (VIOLATED)
_4790_/B2                               0.750000    0.755725   -0.005725 (VIOLATED)
_4829_/A                                0.750000    0.755725   -0.005725 (VIOLATED)
_4844_/C1                               0.750000    0.755725   -0.005725 (VIOLATED)
_4871_/B1                               0.750000    0.755725   -0.005725 (VIOLATED)
_4907_/A1                               0.750000    0.755725   -0.005725 (VIOLATED)
_4926_/A1                               0.750000    0.755725   -0.005725 (VIOLATED)
_4948_/A                                0.750000    0.755725   -0.005725 (VIOLATED)
_3999_/X                                0.750000    0.751065   -0.001065 (VIOLATED)
_4020_/A2                               0.750000    0.751065   -0.001065 (VIOLATED)
_4045_/A2                               0.750000    0.751065   -0.001065 (VIOLATED)
_4060_/A2                               0.750000    0.751065   -0.001065 (VIOLATED)
_4074_/A2                               0.750000    0.751065   -0.001065 (VIOLATED)
_4087_/A2                               0.750000    0.751065   -0.001065 (VIOLATED)
_4102_/B                                0.750000    0.751065   -0.001065 (VIOLATED)
_4132_/A2                               0.750000    0.751065   -0.001065 (VIOLATED)
_4389_/A2                               0.750000    0.751065   -0.001065 (VIOLATED)
_4402_/A2                               0.750000    0.751065   -0.001065 (VIOLATED)
_4432_/A2                               0.750000    0.751065   -0.001065 (VIOLATED)

max fanout

Pin                                   Limit Fanout  Slack
---------------------------------------------------------
reset                                    10    428   -418 (VIOLATED)
_6979_/Q                                 10     23    -13 (VIOLATED)
_6982_/Q                                 10     23    -13 (VIOLATED)
_6981_/Q                                 10     21    -11 (VIOLATED)
_6980_/Q                                 10     19     -9 (VIOLATED)
_6983_/Q                                 10     17     -7 (VIOLATED)

max capacitance

Pin                                        Limit         Cap       Slack
------------------------------------------------------------------------
reset                                   0.200000    1.972660   -1.772660 (VIOLATED)



===========================================================================
report_parasitic_annotation -report_unannotated
============================================================================
Found 4121 unannotated drivers.
 clk
 reset
 _3299_/X
 _3300_/Y
 _3301_/Y
 _3302_/X
 _3303_/X
 _3304_/Y
 _3305_/Y
 _3306_/X
 _3307_/X
 _3308_/Y
 _3309_/X
 _3310_/Y
 _3311_/Y
 _3312_/X
 _3313_/Y
 _3314_/X
 _3315_/X
 _3316_/Y
 _3317_/X
 _3318_/Y
 _3319_/X
 _3320_/Y
 _3321_/X
 _3322_/X
 _3323_/X
 _3324_/X
 _3325_/Y
 _3326_/Y
 _3327_/Y
 _3328_/Y
 _3329_/Y
 _3330_/Y
 _3331_/X
 _3332_/Y
 _3333_/X
 _3334_/Y
 _3335_/X
 _3336_/X
 _3337_/X
 _3338_/X
 _3339_/Y
 _3340_/X
 _3341_/Y
 _3342_/Y
 _3343_/X
 _3344_/Y
 _3345_/Y
 _3346_/Y
 _3347_/X
 _3348_/Y
 _3349_/Y
 _3350_/Y
 _3351_/X
 _3352_/Y
 _3353_/X
 _3354_/X
 _3355_/Y
 _3356_/X
 _3357_/Y
 _3358_/X
 _3359_/X
 _3360_/X
 _3361_/X
 _3362_/X
 _3363_/X
 _3364_/Y
 _3365_/Y
 _3366_/X
 _3367_/X
 _3368_/Y
 _3369_/Y
 _3370_/Y
 _3371_/Y
 _3372_/X
 _3373_/X
 _3374_/X
 _3375_/Y
 _3376_/Y
 _3377_/X
 _3378_/Y
 _3379_/X
 _3380_/Y
 _3381_/X
 _3382_/X
 _3383_/Y
 _3384_/X
 _3385_/Y
 _3386_/Y
 _3387_/X
 _3388_/Y
 _3389_/X
 _3390_/X
 _3391_/Y
 _3392_/Y
 _3393_/X
 _3394_/X
 _3395_/Y
 _3396_/X
 _3397_/X
 _3398_/Y
 _3399_/Y
 _3400_/Y
 _3401_/X
 _3402_/Y
 _3403_/X
 _3404_/X
 _3405_/X
 _3406_/Y
 _3407_/X
 _3408_/X
 _3409_/X
 _3410_/X
 _3411_/X
 _3412_/X
 _3413_/X
 _3414_/Y
 _3415_/X
 _3416_/X
 _3417_/X
 _3418_/X
 _3419_/Y
 _3420_/X
 _3421_/X
 _3422_/X
 _3423_/X
 _3424_/X
 _3425_/X
 _3426_/X
 _3427_/Y
 _3428_/X
 _3429_/X
 _3430_/X
 _3431_/X
 _3432_/X
 _3433_/X
 _3434_/X
 _3435_/X
 _3436_/X
 _3437_/X
 _3438_/X
 _3439_/X
 _3440_/X
 _3441_/Y
 _3442_/Y
 _3443_/X
 _3444_/X
 _3445_/X
 _3446_/X
 _3447_/X
 _3448_/X
 _3449_/X
 _3450_/X
 _3451_/X
 _3452_/X
 _3453_/X
 _3454_/X
 _3455_/X
 _3456_/X
 _3457_/X
 _3458_/Y
 _3459_/X
 _3460_/X
 _3461_/X
 _3462_/X
 _3463_/Y
 _3464_/X
 _3465_/X
 _3466_/X
 _3467_/X
 _3468_/X
 _3469_/Y
 _3470_/X
 _3471_/X
 _3472_/X
 _3473_/X
 _3474_/X
 _3475_/Y
 _3476_/Y
 _3477_/X
 _3478_/X
 _3479_/X
 _3480_/X
 _3481_/X
 _3482_/Y
 _3483_/X
 _3484_/X
 _3485_/X
 _3486_/Y
 _3487_/X
 _3488_/X
 _3489_/X
 _3490_/X
 _3491_/X
 _3492_/X
 _3493_/X
 _3494_/X
 _3495_/X
 _3496_/X
 _3497_/X
 _3498_/Y
 _3499_/Y
 _3500_/Y
 _3501_/X
 _3502_/X
 _3503_/X
 _3504_/Y
 _3505_/X
 _3506_/Y
 _3507_/X
 _3508_/Y
 _3509_/Y
 _3510_/X
 _3511_/X
 _3512_/X
 _3513_/X
 _3514_/X
 _3515_/X
 _3516_/X
 _3517_/X
 _3518_/X
 _3519_/Y
 _3520_/X
 _3521_/Y
 _3522_/Y
 _3523_/X
 _3524_/X
 _3525_/X
 _3526_/Y
 _3527_/Y
 _3528_/X
 _3529_/X
 _3530_/X
 _3531_/X
 _3532_/X
 _3533_/X
 _3534_/Y
 _3535_/X
 _3536_/Y
 _3537_/X
 _3538_/X
 _3539_/Y
 _3540_/X
 _3541_/X
 _3542_/X
 _3543_/Y
 _3544_/Y
 _3545_/Y
 _3546_/X
 _3547_/Y
 _3548_/X
 _3549_/X
 _3550_/X
 _3551_/X
 _3552_/X
 _3553_/X
 _3554_/X
 _3555_/X
 _3556_/X
 _3557_/X
 _3558_/X
 _3559_/X
 _3560_/Y
 _3561_/X
 _3562_/X
 _3563_/X
 _3564_/X
 _3565_/X
 _3566_/X
 _3567_/X
 _3568_/X
 _3569_/X
 _3570_/X
 _3571_/X
 _3572_/Y
 _3573_/X
 _3574_/X
 _3575_/X
 _3576_/Y
 _3577_/Y
 _3578_/X
 _3579_/X
 _3580_/X
 _3581_/X
 _3582_/X
 _3583_/X
 _3584_/Y
 _3585_/X
 _3586_/Y
 _3587_/X
 _3588_/X
 _3589_/Y
 _3590_/X
 _3591_/Y
 _3592_/X
 _3593_/X
 _3594_/Y
 _3595_/X
 _3596_/X
 _3597_/Y
 _3598_/Y
 _3599_/Y
 _3600_/Y
 _3601_/Y
 _3602_/X
 _3603_/Y
 _3604_/Y
 _3605_/Y
 _3606_/X
 _3607_/Y
 _3608_/X
 _3609_/Y
 _3610_/Y
 _3611_/Y
 _3612_/X
 _3613_/Y
 _3614_/X
 _3615_/Y
 _3616_/Y
 _3617_/X
 _3618_/X
 _3619_/Y
 _3620_/X
 _3621_/Y
 _3622_/Y
 _3623_/X
 _3624_/X
 _3625_/X
 _3626_/Y
 _3627_/X
 _3628_/X
 _3629_/Y
 _3630_/X
 _3631_/Y
 _3632_/X
 _3633_/Y
 _3634_/Y
 _3635_/X
 _3636_/Y
 _3637_/X
 _3638_/X
 _3639_/X
 _3640_/X
 _3641_/X
 _3642_/X
 _3643_/X
 _3644_/X
 _3645_/X
 _3646_/X
 _3647_/X
 _3648_/X
 _3649_/X
 _3650_/Y
 _3651_/Y
 _3652_/X
 _3653_/X
 _3654_/X
 _3655_/X
 _3656_/Y
 _3657_/X
 _3658_/X
 _3659_/X
 _3660_/X
 _3661_/X
 _3662_/X
 _3663_/X
 _3664_/X
 _3665_/X
 _3666_/X
 _3667_/X
 _3668_/X
 _3669_/X
 _3670_/X
 _3671_/X
 _3672_/X
 _3673_/X
 _3674_/Y
 _3675_/X
 _3676_/Y
 _3677_/Y
 _3678_/X
 _3679_/Y
 _3680_/X
 _3681_/X
 _3682_/Y
 _3683_/Y
 _3684_/X
 _3685_/X
 _3686_/X
 _3687_/X
 _3688_/X
 _3689_/X
 _3690_/X
 _3691_/X
 _3692_/X
 _3693_/X
 _3694_/X
 _3695_/X
 _3696_/X
 _3697_/Y
 _3698_/X
 _3699_/X
 _3700_/X
 _3701_/X
 _3702_/X
 _3703_/X
 _3704_/X
 _3705_/X
 _3706_/X
 _3707_/X
 _3708_/X
 _3709_/X
 _3710_/X
 _3711_/Y
 _3712_/Y
 _3713_/Y
 _3714_/X
 _3715_/X
 _3716_/X
 _3717_/X
 _3718_/X
 _3719_/X
 _3720_/X
 _3721_/X
 _3722_/X
 _3723_/X
 _3724_/X
 _3725_/X
 _3726_/X
 _3727_/Y
 _3728_/Y
 _3729_/X
 _3730_/X
 _3731_/X
 _3732_/X
 _3733_/X
 _3734_/X
 _3735_/X
 _3736_/X
 _3737_/X
 _3738_/X
 _3739_/X
 _3740_/X
 _3741_/X
 _3742_/X
 _3743_/X
 _3744_/X
 _3745_/X
 _3746_/X
 _3747_/X
 _3748_/X
 _3749_/Y
 _3750_/X
 _3751_/X
 _3752_/X
 _3753_/X
 _3754_/X
 _3755_/X
 _3756_/X
 _3757_/X
 _3758_/X
 _3759_/X
 _3760_/X
 _3761_/X
 _3762_/X
 _3763_/X
 _3764_/X
 _3765_/X
 _3766_/X
 _3767_/X
 _3768_/X
 _3769_/X
 _3770_/X
 _3771_/X
 _3772_/X
 _3773_/X
 _3774_/X
 _3775_/X
 _3776_/X
 _3777_/X
 _3778_/X
 _3779_/X
 _3780_/X
 _3781_/X
 _3782_/X
 _3783_/X
 _3784_/X
 _3785_/X
 _3786_/X
 _3787_/X
 _3788_/X
 _3789_/X
 _3790_/X
 _3791_/X
 _3792_/X
 _3793_/X
 _3794_/X
 _3795_/X
 _3796_/X
 _3797_/X
 _3798_/X
 _3799_/X
 _3800_/X
 _3801_/X
 _3802_/X
 _3803_/X
 _3804_/X
 _3805_/X
 _3806_/X
 _3807_/X
 _3808_/X
 _3809_/X
 _3810_/X
 _3811_/X
 _3812_/X
 _3813_/Y
 _3814_/X
 _3815_/X
 _3816_/X
 _3817_/X
 _3818_/X
 _3819_/X
 _3820_/X
 _3821_/X
 _3822_/X
 _3823_/X
 _3824_/X
 _3825_/X
 _3826_/X
 _3827_/X
 _3828_/X
 _3829_/X
 _3830_/X
 _3831_/X
 _3832_/X
 _3833_/X
 _3834_/X
 _3835_/X
 _3836_/X
 _3837_/X
 _3838_/X
 _3839_/X
 _3840_/X
 _3841_/X
 _3842_/X
 _3843_/X
 _3844_/X
 _3845_/X
 _3846_/X
 _3847_/X
 _3848_/X
 _3849_/X
 _3850_/X
 _3851_/X
 _3852_/X
 _3853_/X
 _3854_/X
 _3855_/X
 _3856_/X
 _3857_/X
 _3858_/X
 _3859_/X
 _3860_/X
 _3861_/X
 _3862_/X
 _3863_/X
 _3864_/X
 _3865_/X
 _3866_/X
 _3867_/X
 _3868_/X
 _3869_/X
 _3870_/X
 _3871_/X
 _3872_/X
 _3873_/X
 _3874_/X
 _3875_/X
 _3876_/X
 _3877_/X
 _3878_/X
 _3879_/X
 _3880_/X
 _3881_/X
 _3882_/X
 _3883_/X
 _3884_/X
 _3885_/X
 _3886_/X
 _3887_/X
 _3888_/X
 _3889_/X
 _3890_/X
 _3891_/X
 _3892_/X
 _3893_/X
 _3894_/X
 _3895_/X
 _3896_/Y
 _3897_/X
 _3898_/X
 _3899_/X
 _3900_/Y
 _3901_/X
 _3902_/X
 _3903_/X
 _3904_/Y
 _3905_/X
 _3906_/X
 _3907_/X
 _3908_/X
 _3909_/X
 _3910_/X
 _3911_/X
 _3912_/X
 _3913_/X
 _3914_/X
 _3915_/X
 _3916_/X
 _3917_/X
 _3918_/X
 _3919_/X
 _3920_/X
 _3921_/X
 _3922_/X
 _3923_/X
 _3924_/X
 _3925_/X
 _3926_/X
 _3927_/X
 _3928_/X
 _3929_/X
 _3930_/X
 _3931_/X
 _3932_/X
 _3933_/X
 _3934_/X
 _3935_/X
 _3936_/X
 _3937_/X
 _3938_/X
 _3939_/X
 _3940_/X
 _3941_/X
 _3942_/X
 _3943_/X
 _3944_/X
 _3945_/X
 _3946_/X
 _3947_/X
 _3948_/X
 _3949_/X
 _3950_/X
 _3951_/X
 _3952_/X
 _3953_/X
 _3954_/X
 _3955_/X
 _3956_/X
 _3957_/X
 _3958_/X
 _3959_/X
 _3960_/X
 _3961_/X
 _3962_/X
 _3963_/X
 _3964_/X
 _3965_/X
 _3966_/X
 _3967_/X
 _3968_/X
 _3969_/X
 _3970_/X
 _3971_/X
 _3972_/X
 _3973_/X
 _3974_/X
 _3975_/X
 _3976_/X
 _3977_/X
 _3978_/X
 _3979_/X
 _3980_/X
 _3981_/X
 _3982_/X
 _3983_/X
 _3984_/X
 _3985_/X
 _3986_/X
 _3987_/X
 _3988_/X
 _3989_/X
 _3990_/X
 _3991_/X
 _3992_/Y
 _3993_/X
 _3994_/X
 _3995_/X
 _3996_/X
 _3997_/X
 _3998_/X
 _3999_/X
 _4000_/X
 _4001_/X
 _4002_/X
 _4003_/X
 _4004_/X
 _4005_/X
 _4006_/X
 _4007_/X
 _4008_/X
 _4009_/X
 _4010_/X
 _4011_/X
 _4012_/X
 _4013_/X
 _4014_/X
 _4015_/X
 _4016_/X
 _4017_/X
 _4018_/X
 _4019_/X
 _4020_/Y
 _4021_/X
 _4022_/X
 _4023_/X
 _4024_/X
 _4025_/X
 _4026_/X
 _4027_/X
 _4028_/X
 _4029_/X
 _4030_/X
 _4031_/X
 _4032_/X
 _4033_/X
 _4034_/X
 _4035_/X
 _4036_/X
 _4037_/X
 _4038_/Y
 _4039_/X
 _4040_/Y
 _4041_/X
 _4042_/X
 _4043_/X
 _4044_/X
 _4045_/X
 _4046_/X
 _4047_/X
 _4048_/X
 _4049_/X
 _4050_/X
 _4051_/X
 _4052_/X
 _4053_/Y
 _4054_/Y
 _4055_/Y
 _4056_/X
 _4057_/X
 _4058_/X
 _4059_/X
 _4060_/X
 _4061_/X
 _4062_/X
 _4063_/X
 _4064_/X
 _4065_/X
 _4066_/X
 _4067_/X
 _4068_/Y
 _4069_/Y
 _4070_/X
 _4071_/X
 _4072_/X
 _4073_/X
 _4074_/Y
 _4075_/X
 _4076_/X
 _4077_/X
 _4078_/X
 _4079_/X
 _4080_/Y
 _4081_/X
 _4082_/X
 _4083_/X
 _4084_/X
 _4085_/X
 _4086_/X
 _4087_/Y
 _4088_/X
 _4089_/X
 _4090_/X
 _4091_/X
 _4092_/X
 _4093_/X
 _4094_/X
 _4095_/Y
 _4096_/Y
 _4097_/X
 _4098_/X
 _4099_/X
 _4100_/X
 _4101_/Y
 _4102_/Y
 _4103_/X
 _4104_/X
 _4105_/X
 _4106_/X
 _4107_/X
 _4108_/X
 _4109_/X
 _4110_/X
 _4111_/Y
 _4112_/X
 _4113_/X
 _4114_/X
 _4115_/X
 _4116_/X
 _4117_/Y
 _4118_/X
 _4119_/X
 _4120_/X
 _4121_/X
 _4122_/X
 _4123_/X
 _4124_/X
 _4125_/X
 _4126_/X
 _4127_/X
 _4128_/X
 _4129_/X
 _4130_/X
 _4131_/X
 _4132_/Y
 _4133_/X
 _4134_/X
 _4135_/X
 _4136_/X
 _4137_/X
 _4138_/X
 _4139_/Y
 _4140_/X
 _4141_/Y
 _4142_/X
 _4143_/X
 _4144_/X
 _4145_/X
 _4146_/X
 _4147_/X
 _4148_/X
 _4149_/Y
 _4150_/X
 _4151_/X
 _4152_/X
 _4153_/X
 _4154_/X
 _4155_/Y
 _4156_/X
 _4157_/Y
 _4158_/Y
 _4159_/X
 _4160_/X
 _4161_/X
 _4162_/X
 _4163_/X
 _4164_/X
 _4165_/X
 _4166_/X
 _4167_/X
 _4168_/X
 _4169_/X
 _4170_/X
 _4171_/Y
 _4172_/Y
 _4173_/Y
 _4174_/X
 _4175_/X
 _4176_/X
 _4177_/X
 _4178_/Y
 _4179_/X
 _4180_/X
 _4181_/X
 _4182_/X
 _4183_/X
 _4184_/X
 _4185_/X
 _4186_/Y
 _4187_/X
 _4188_/X
 _4189_/X
 _4190_/X
 _4191_/X
 _4192_/X
 _4193_/X
 _4194_/X
 _4195_/X
 _4196_/X
 _4197_/X
 _4198_/Y
 _4199_/Y
 _4200_/X
 _4201_/X
 _4202_/Y
 _4203_/X
 _4204_/Y
 _4205_/X
 _4206_/X
 _4207_/X
 _4208_/Y
 _4209_/X
 _4210_/X
 _4211_/Y
 _4212_/X
 _4213_/X
 _4214_/X
 _4215_/X
 _4216_/X
 _4217_/X
 _4218_/X
 _4219_/X
 _4220_/X
 _4221_/X
 _4222_/X
 _4223_/X
 _4224_/X
 _4225_/Y
 _4226_/Y
 _4227_/X
 _4228_/X
 _4229_/X
 _4230_/X
 _4231_/X
 _4232_/X
 _4233_/X
 _4234_/X
 _4235_/X
 _4236_/X
 _4237_/X
 _4238_/Y
 _4239_/Y
 _4240_/X
 _4241_/X
 _4242_/X
 _4243_/Y
 _4244_/X
 _4245_/X
 _4246_/X
 _4247_/X
 _4248_/X
 _4249_/X
 _4250_/X
 _4251_/X
 _4252_/X
 _4253_/X
 _4254_/X
 _4255_/Y
 _4256_/X
 _4257_/Y
 _4258_/X
 _4259_/X
 _4260_/X
 _4261_/X
 _4262_/X
 _4263_/X
 _4264_/Y
 _4265_/Y
 _4266_/X
 _4267_/X
 _4268_/X
 _4269_/X
 _4270_/Y
 _4271_/X
 _4272_/X
 _4273_/Y
 _4274_/Y
 _4275_/Y
 _4276_/X
 _4277_/Y
 _4278_/X
 _4279_/X
 _4280_/X
 _4281_/X
 _4282_/Y
 _4283_/X
 _4284_/X
 _4285_/X
 _4286_/X
 _4287_/X
 _4288_/X
 _4289_/Y
 _4290_/X
 _4291_/Y
 _4292_/X
 _4293_/X
 _4294_/X
 _4295_/X
 _4296_/Y
 _4297_/Y
 _4298_/X
 _4299_/X
 _4300_/X
 _4301_/X
 _4302_/X
 _4303_/X
 _4304_/Y
 _4305_/Y
 _4306_/X
 _4307_/X
 _4308_/X
 _4309_/X
 _4310_/X
 _4311_/X
 _4312_/X
 _4313_/X
 _4314_/Y
 _4315_/Y
 _4316_/X
 _4317_/X
 _4318_/X
 _4319_/X
 _4320_/X
 _4321_/X
 _4322_/X
 _4323_/X
 _4324_/X
 _4325_/X
 _4326_/X
 _4327_/Y
 _4328_/Y
 _4329_/X
 _4330_/X
 _4331_/X
 _4332_/X
 _4333_/X
 _4334_/X
 _4335_/X
 _4336_/X
 _4337_/X
 _4338_/X
 _4339_/X
 _4340_/X
 _4341_/X
 _4342_/X
 _4343_/X
 _4344_/X
 _4345_/Y
 _4346_/X
 _4347_/X
 _4348_/X
 _4349_/X
 _4350_/X
 _4351_/X
 _4352_/X
 _4353_/X
 _4354_/X
 _4355_/X
 _4356_/X
 _4357_/Y
 _4358_/X
 _4359_/Y
 _4360_/Y
 _4361_/X
 _4362_/X
 _4363_/Y
 _4364_/Y
 _4365_/X
 _4366_/X
 _4367_/X
 _4368_/Y
 _4369_/Y
 _4370_/X
 _4371_/Y
 _4372_/X
 _4373_/Y
 _4374_/X
 _4375_/X
 _4376_/X
 _4377_/Y
 _4378_/X
 _4379_/X
 _4380_/X
 _4381_/Y
 _4382_/Y
 _4383_/X
 _4384_/Y
 _4385_/X
 _4386_/X
 _4387_/X
 _4388_/X
 _4389_/Y
 _4390_/X
 _4391_/X
 _4392_/X
 _4393_/X
 _4394_/X
 _4395_/X
 _4396_/Y
 _4397_/Y
 _4398_/X
 _4399_/X
 _4400_/X
 _4401_/X
 _4402_/X
 _4403_/Y
 _4404_/X
 _4405_/X
 _4406_/X
 _4407_/X
 _4408_/X
 _4409_/Y
 _4410_/Y
 _4411_/X
 _4412_/X
 _4413_/Y
 _4414_/X
 _4415_/X
 _4416_/X
 _4417_/X
 _4418_/X
 _4419_/X
 _4420_/X
 _4421_/X
 _4422_/X
 _4423_/Y
 _4424_/Y
 _4425_/X
 _4426_/X
 _4427_/X
 _4428_/X
 _4429_/X
 _4430_/X
 _4431_/X
 _4432_/Y
 _4433_/X
 _4434_/X
 _4435_/X
 _4436_/X
 _4437_/X
 _4438_/X
 _4439_/X
 _4440_/Y
 _4441_/Y
 _4442_/X
 _4443_/X
 _4444_/X
 _4445_/Y
 _4446_/Y
 _4447_/Y
 _4448_/X
 _4449_/Y
 _4450_/X
 _4451_/Y
 _4452_/X
 _4453_/Y
 _4454_/X
 _4455_/X
 _4456_/X
 _4457_/X
 _4458_/X
 _4459_/X
 _4460_/Y
 _4461_/X
 _4462_/Y
 _4463_/X
 _4464_/Y
 _4465_/Y
 _4466_/Y
 _4467_/Y
 _4468_/X
 _4469_/X
 _4470_/X
 _4471_/X
 _4472_/X
 _4473_/X
 _4474_/X
 _4475_/X
 _4476_/X
 _4477_/X
 _4478_/X
 _4479_/X
 _4480_/X
 _4481_/X
 _4482_/X
 _4483_/X
 _4484_/X
 _4485_/X
 _4486_/X
 _4487_/X
 _4488_/X
 _4489_/X
 _4490_/X
 _4491_/X
 _4492_/X
 _4493_/X
 _4494_/X
 _4495_/X
 _4496_/X
 _4497_/X
 _4498_/X
 _4499_/X
 _4500_/X
 _4501_/X
 _4502_/X
 _4503_/X
 _4504_/X
 _4505_/X
 _4506_/X
 _4507_/X
 _4508_/X
 _4509_/X
 _4510_/X
 _4511_/X
 _4512_/X
 _4513_/X
 _4514_/X
 _4515_/X
 _4516_/X
 _4517_/X
 _4518_/X
 _4519_/X
 _4520_/X
 _4521_/X
 _4522_/X
 _4523_/X
 _4524_/X
 _4525_/X
 _4526_/X
 _4527_/X
 _4528_/X
 _4529_/X
 _4530_/X
 _4531_/X
 _4532_/X
 _4533_/X
 _4534_/X
 _4535_/X
 _4536_/X
 _4537_/X
 _4538_/X
 _4539_/X
 _4540_/X
 _4541_/X
 _4542_/X
 _4543_/X
 _4544_/X
 _4545_/X
 _4546_/X
 _4547_/X
 _4548_/X
 _4549_/X
 _4550_/X
 _4551_/X
 _4552_/X
 _4553_/X
 _4554_/X
 _4555_/X
 _4556_/X
 _4557_/X
 _4558_/X
 _4559_/X
 _4560_/X
 _4561_/X
 _4562_/X
 _4563_/X
 _4564_/X
 _4565_/X
 _4566_/X
 _4567_/X
 _4568_/X
 _4569_/X
 _4570_/X
 _4571_/X
 _4572_/X
 _4573_/X
 _4574_/X
 _4575_/X
 _4576_/X
 _4577_/X
 _4578_/X
 _4579_/X
 _4580_/X
 _4581_/X
 _4582_/X
 _4583_/X
 _4584_/X
 _4585_/X
 _4586_/X
 _4587_/X
 _4588_/X
 _4589_/X
 _4590_/X
 _4591_/X
 _4592_/X
 _4593_/X
 _4594_/X
 _4595_/X
 _4596_/X
 _4597_/X
 _4598_/X
 _4599_/X
 _4600_/X
 _4601_/X
 _4602_/X
 _4603_/X
 _4604_/Y
 _4605_/X
 _4606_/Y
 _4607_/X
 _4608_/Y
 _4609_/X
 _4610_/Y
 _4611_/Y
 _4612_/Y
 _4613_/X
 _4614_/X
 _4615_/Y
 _4616_/X
 _4617_/X
 _4618_/X
 _4619_/Y
 _4620_/X
 _4621_/X
 _4622_/X
 _4623_/X
 _4624_/X
 _4625_/Y
 _4626_/X
 _4627_/Y
 _4628_/Y
 _4629_/Y
 _4630_/X
 _4631_/X
 _4632_/Y
 _4633_/X
 _4634_/Y
 _4635_/X
 _4636_/X
 _4637_/X
 _4638_/X
 _4639_/X
 _4640_/Y
 _4641_/X
 _4642_/X
 _4643_/Y
 _4644_/X
 _4645_/X
 _4646_/Y
 _4647_/X
 _4648_/Y
 _4649_/Y
 _4650_/X
 _4651_/X
 _4652_/Y
 _4653_/Y
 _4654_/X
 _4655_/X
 _4656_/X
 _4657_/Y
 _4658_/Y
 _4659_/X
 _4660_/X
 _4661_/X
 _4662_/Y
 _4663_/X
 _4664_/X
 _4665_/X
 _4666_/Y
 _4667_/Y
 _4668_/X
 _4669_/X
 _4670_/X
 _4671_/X
 _4672_/Y
 _4673_/X
 _4674_/X
 _4675_/X
 _4676_/X
 _4677_/X
 _4678_/X
 _4679_/Y
 _4680_/Y
 _4681_/X
 _4682_/X
 _4683_/X
 _4684_/X
 _4685_/X
 _4686_/X
 _4687_/X
 _4688_/X
 _4689_/X
 _4690_/X
 _4691_/X
 _4692_/X
 _4693_/Y
 _4694_/Y
 _4695_/X
 _4696_/Y
 _4697_/X
 _4698_/X
 _4699_/X
 _4700_/X
 _4701_/X
 _4702_/X
 _4703_/X
 _4704_/X
 _4705_/X
 _4706_/X
 _4707_/X
 _4708_/X
 _4709_/X
 _4710_/X
 _4711_/X
 _4712_/Y
 _4713_/Y
 _4714_/X
 _4715_/X
 _4716_/X
 _4717_/X
 _4718_/X
 _4719_/X
 _4720_/X
 _4721_/Y
 _4722_/X
 _4723_/X
 _4724_/X
 _4725_/X
 _4726_/X
 _4727_/X
 _4728_/Y
 _4729_/Y
 _4730_/X
 _4731_/X
 _4732_/X
 _4733_/X
 _4734_/X
 _4735_/X
 _4736_/X
 _4737_/Y
 _4738_/Y
 _4739_/Y
 _4740_/X
 _4741_/X
 _4742_/Y
 _4743_/X
 _4744_/Y
 _4745_/Y
 _4746_/X
 _4747_/X
 _4748_/X
 _4749_/Y
 _4750_/X
 _4751_/Y
 _4752_/X
 _4753_/X
 _4754_/X
 _4755_/X
 _4756_/X
 _4757_/X
 _4758_/Y
 _4759_/Y
 _4760_/Y
 _4761_/Y
 _4762_/Y
 _4763_/X
 _4764_/Y
 _4765_/X
 _4766_/Y
 _4767_/X
 _4768_/Y
 _4769_/X
 _4770_/X
 _4771_/X
 _4772_/X
 _4773_/X
 _4774_/Y
 _4775_/Y
 _4776_/X
 _4777_/X
 _4778_/X
 _4779_/X
 _4780_/Y
 _4781_/X
 _4782_/Y
 _4783_/Y
 _4784_/Y
 _4785_/Y
 _4786_/X
 _4787_/Y
 _4788_/Y
 _4789_/X
 _4790_/X
 _4791_/Y
 _4792_/X
 _4793_/X
 _4794_/X
 _4795_/X
 _4796_/Y
 _4797_/X
 _4798_/X
 _4799_/X
 _4800_/Y
 _4801_/Y
 _4802_/X
 _4803_/Y
 _4804_/X
 _4805_/X
 _4806_/X
 _4807_/X
 _4808_/X
 _4809_/X
 _4810_/X
 _4811_/X
 _4812_/Y
 _4813_/Y
 _4814_/Y
 _4815_/X
 _4816_/X
 _4817_/X
 _4818_/Y
 _4819_/X
 _4820_/Y
 _4821_/X
 _4822_/X
 _4823_/X
 _4824_/X
 _4825_/Y
 _4826_/Y
 _4827_/X
 _4828_/X
 _4829_/Y
 _4830_/X
 _4831_/X
 _4832_/X
 _4833_/Y
 _4834_/Y
 _4835_/X
 _4836_/X
 _4837_/X
 _4838_/X
 _4839_/X
 _4840_/Y
 _4841_/Y
 _4842_/X
 _4843_/Y
 _4844_/Y
 _4845_/Y
 _4846_/Y
 _4847_/Y
 _4848_/X
 _4849_/Y
 _4850_/Y
 _4851_/X
 _4852_/X
 _4853_/X
 _4854_/X
 _4855_/X
 _4856_/X
 _4857_/X
 _4858_/X
 _4859_/Y
 _4860_/Y
 _4861_/X
 _4862_/X
 _4863_/X
 _4864_/X
 _4865_/X
 _4866_/X
 _4867_/Y
 _4868_/Y
 _4869_/Y
 _4870_/Y
 _4871_/Y
 _4872_/X
 _4873_/X
 _4874_/X
 _4875_/X
 _4876_/X
 _4877_/X
 _4878_/X
 _4879_/X
 _4880_/X
 _4881_/X
 _4882_/X
 _4883_/X
 _4884_/X
 _4885_/X
 _4886_/X
 _4887_/Y
 _4888_/X
 _4889_/Y
 _4890_/Y
 _4891_/X
 _4892_/X
 _4893_/X
 _4894_/X
 _4895_/X
 _4896_/Y
 _4897_/X
 _4898_/X
 _4899_/X
 _4900_/X
 _4901_/X
 _4902_/X
 _4903_/X
 _4904_/X
 _4905_/X
 _4906_/X
 _4907_/Y
 _4908_/Y
 _4909_/X
 _4910_/Y
 _4911_/Y
 _4912_/Y
 _4913_/X
 _4914_/X
 _4915_/X
 _4916_/Y
 _4917_/X
 _4918_/Y
 _4919_/X
 _4920_/Y
 _4921_/X
 _4922_/X
 _4923_/Y
 _4924_/X
 _4925_/X
 _4926_/Y
 _4927_/X
 _4928_/Y
 _4929_/Y
 _4930_/Y
 _4931_/Y
 _4932_/X
 _4933_/X
 _4934_/X
 _4935_/X
 _4936_/Y
 _4937_/Y
 _4938_/Y
 _4939_/X
 _4940_/Y
 _4941_/X
 _4942_/Y
 _4943_/Y
 _4944_/X
 _4945_/X
 _4946_/X
 _4947_/X
 _4948_/Y
 _4949_/Y
 _4950_/Y
 _4951_/Y
 _4952_/X
 _4953_/Y
 _4954_/X
 _4955_/X
 _4956_/X
 _4957_/Y
 _4958_/Y
 _4959_/Y
 _4960_/Y
 _4961_/X
 _4962_/Y
 _4963_/Y
 _4964_/X
 _4965_/X
 _4966_/X
 _4967_/X
 _4968_/Y
 _4969_/X
 _4970_/X
 _4971_/Y
 _4972_/Y
 _4973_/X
 _4974_/X
 _4975_/Y
 _4976_/Y
 _4977_/Y
 _4978_/X
 _4979_/X
 _4980_/X
 _4981_/X
 _4982_/X
 _4983_/X
 _4984_/X
 _4985_/X
 _4986_/Y
 _4987_/Y
 _4988_/Y
 _4989_/X
 _4990_/Y
 _4991_/Y
 _4992_/Y
 _4993_/X
 _4994_/X
 _4995_/X
 _4996_/X
 _4997_/X
 _4998_/X
 _4999_/X
 _5000_/Y
 _5001_/Y
 _5002_/Y
 _5003_/X
 _5004_/X
 _5005_/Y
 _5006_/X
 _5007_/X
 _5008_/X
 _5009_/Y
 _5010_/X
 _5011_/X
 _5012_/X
 _5013_/X
 _5014_/X
 _5015_/X
 _5016_/Y
 _5017_/Y
 _5018_/Y
 _5019_/X
 _5020_/X
 _5021_/X
 _5022_/X
 _5023_/Y
 _5024_/X
 _5025_/Y
 _5026_/Y
 _5027_/X
 _5028_/X
 _5029_/X
 _5030_/X
 _5031_/X
 _5032_/Y
 _5033_/X
 _5034_/X
 _5035_/X
 _5036_/X
 _5037_/Y
 _5038_/X
 _5039_/X
 _5040_/X
 _5041_/X
 _5042_/X
 _5043_/Y
 _5044_/Y
 _5045_/X
 _5046_/Y
 _5047_/Y
 _5048_/Y
 _5049_/X
 _5050_/X
 _5051_/X
 _5052_/X
 _5053_/Y
 _5054_/Y
 _5055_/X
 _5056_/X
 _5057_/Y
 _5058_/X
 _5059_/X
 _5060_/X
 _5061_/X
 _5062_/X
 _5063_/X
 _5064_/X
 _5065_/Y
 _5066_/Y
 _5067_/X
 _5068_/X
 _5069_/X
 _5070_/X
 _5071_/Y
 _5072_/X
 _5073_/Y
 _5074_/X
 _5075_/X
 _5076_/X
 _5077_/X
 _5078_/X
 _5079_/X
 _5080_/X
 _5081_/X
 _5082_/X
 _5083_/X
 _5084_/X
 _5085_/X
 _5086_/X
 _5087_/Y
 _5088_/X
 _5089_/Y
 _5090_/X
 _5091_/X
 _5092_/X
 _5093_/X
 _5094_/X
 _5095_/X
 _5096_/X
 _5097_/Y
 _5098_/Y
 _5099_/X
 _5100_/Y
 _5101_/Y
 _5102_/X
 _5103_/Y
 _5104_/Y
 _5105_/X
 _5106_/X
 _5107_/X
 _5108_/X
 _5109_/X
 _5110_/Y
 _5111_/X
 _5112_/Y
 _5113_/Y
 _5114_/Y
 _5115_/X
 _5116_/Y
 _5117_/X
 _5118_/X
 _5119_/Y
 _5120_/Y
 _5121_/X
 _5122_/X
 _5123_/X
 _5124_/X
 _5125_/Y
 _5126_/X
 _5127_/X
 _5128_/Y
 _5129_/Y
 _5130_/Y
 _5131_/X
 _5132_/X
 _5133_/X
 _5134_/X
 _5135_/X
 _5136_/X
 _5137_/X
 _5138_/X
 _5139_/X
 _5140_/X
 _5141_/X
 _5142_/X
 _5143_/X
 _5144_/Y
 _5145_/X
 _5146_/Y
 _5147_/X
 _5148_/X
 _5149_/Y
 _5150_/X
 _5151_/X
 _5152_/Y
 _5153_/X
 _5154_/Y
 _5155_/X
 _5156_/X
 _5157_/X
 _5158_/X
 _5159_/X
 _5160_/X
 _5161_/X
 _5162_/X
 _5163_/X
 _5164_/X
 _5165_/X
 _5166_/X
 _5167_/X
 _5168_/X
 _5169_/X
 _5170_/X
 _5171_/X
 _5172_/X
 _5173_/X
 _5174_/X
 _5175_/X
 _5176_/X
 _5177_/X
 _5178_/X
 _5179_/X
 _5180_/X
 _5181_/X
 _5182_/X
 _5183_/X
 _5184_/X
 _5185_/X
 _5186_/X
 _5187_/X
 _5188_/X
 _5189_/X
 _5190_/X
 _5191_/X
 _5192_/X
 _5193_/X
 _5194_/X
 _5195_/X
 _5196_/X
 _5197_/X
 _5198_/X
 _5199_/X
 _5200_/X
 _5201_/X
 _5202_/X
 _5203_/X
 _5204_/X
 _5205_/X
 _5206_/X
 _5207_/X
 _5208_/X
 _5209_/X
 _5210_/X
 _5211_/X
 _5212_/X
 _5213_/X
 _5214_/X
 _5215_/X
 _5216_/X
 _5217_/X
 _5218_/X
 _5219_/X
 _5220_/X
 _5221_/X
 _5222_/X
 _5223_/X
 _5224_/X
 _5225_/X
 _5226_/X
 _5227_/X
 _5228_/Y
 _5229_/X
 _5230_/X
 _5231_/X
 _5232_/X
 _5233_/X
 _5234_/X
 _5235_/X
 _5236_/X
 _5237_/X
 _5238_/X
 _5239_/X
 _5240_/X
 _5241_/X
 _5242_/X
 _5243_/X
 _5244_/X
 _5245_/X
 _5246_/X
 _5247_/X
 _5248_/X
 _5249_/X
 _5250_/X
 _5251_/X
 _5252_/X
 _5253_/X
 _5254_/X
 _5255_/X
 _5256_/X
 _5257_/X
 _5258_/X
 _5259_/X
 _5260_/X
 _5261_/X
 _5262_/X
 _5263_/X
 _5264_/X
 _5265_/X
 _5266_/X
 _5267_/X
 _5268_/X
 _5269_/X
 _5270_/X
 _5271_/X
 _5272_/X
 _5273_/X
 _5274_/X
 _5275_/X
 _5276_/X
 _5277_/X
 _5278_/X
 _5279_/X
 _5280_/X
 _5281_/X
 _5282_/X
 _5283_/X
 _5284_/X
 _5285_/X
 _5286_/X
 _5287_/X
 _5288_/X
 _5289_/X
 _5290_/X
 _5291_/X
 _5292_/X
 _5293_/X
 _5294_/Y
 _5295_/X
 _5296_/X
 _5297_/X
 _5298_/X
 _5299_/X
 _5300_/X
 _5301_/X
 _5302_/X
 _5303_/X
 _5304_/X
 _5305_/X
 _5306_/X
 _5307_/X
 _5308_/X
 _5309_/X
 _5310_/X
 _5311_/X
 _5312_/X
 _5313_/X
 _5314_/X
 _5315_/X
 _5316_/X
 _5317_/X
 _5318_/X
 _5319_/X
 _5320_/X
 _5321_/X
 _5322_/X
 _5323_/X
 _5324_/X
 _5325_/X
 _5326_/X
 _5327_/X
 _5328_/X
 _5329_/X
 _5330_/X
 _5331_/X
 _5332_/X
 _5333_/X
 _5334_/X
 _5335_/X
 _5336_/X
 _5337_/X
 _5338_/X
 _5339_/X
 _5340_/X
 _5341_/X
 _5342_/X
 _5343_/X
 _5344_/X
 _5345_/X
 _5346_/X
 _5347_/X
 _5348_/X
 _5349_/X
 _5350_/X
 _5351_/X
 _5352_/X
 _5353_/X
 _5354_/X
 _5355_/X
 _5356_/X
 _5357_/X
 _5358_/X
 _5359_/X
 _5360_/X
 _5361_/X
 _5362_/X
 _5363_/X
 _5364_/X
 _5365_/X
 _5366_/X
 _5367_/X
 _5368_/X
 _5369_/X
 _5370_/X
 _5371_/X
 _5372_/X
 _5373_/X
 _5374_/X
 _5375_/X
 _5376_/X
 _5377_/X
 _5378_/X
 _5379_/X
 _5380_/X
 _5381_/X
 _5382_/X
 _5383_/X
 _5384_/X
 _5385_/X
 _5386_/X
 _5387_/X
 _5388_/X
 _5389_/X
 _5390_/X
 _5391_/X
 _5392_/X
 _5393_/X
 _5394_/X
 _5395_/X
 _5396_/X
 _5397_/X
 _5398_/X
 _5399_/X
 _5400_/X
 _5401_/X
 _5402_/X
 _5403_/X
 _5404_/X
 _5405_/X
 _5406_/X
 _5407_/X
 _5408_/X
 _5409_/X
 _5410_/X
 _5411_/X
 _5412_/X
 _5413_/X
 _5414_/X
 _5415_/X
 _5416_/X
 _5417_/X
 _5418_/X
 _5419_/X
 _5420_/X
 _5421_/X
 _5422_/X
 _5423_/X
 _5424_/X
 _5425_/X
 _5426_/X
 _5427_/X
 _5428_/X
 _5429_/X
 _5430_/X
 _5431_/X
 _5432_/X
 _5433_/X
 _5434_/X
 _5435_/X
 _5436_/X
 _5437_/X
 _5438_/X
 _5439_/X
 _5440_/X
 _5441_/X
 _5442_/X
 _5443_/X
 _5444_/X
 _5445_/X
 _5446_/X
 _5447_/X
 _5448_/X
 _5449_/X
 _5450_/X
 _5451_/X
 _5452_/X
 _5453_/X
 _5454_/X
 _5455_/X
 _5456_/X
 _5457_/X
 _5458_/X
 _5459_/X
 _5460_/X
 _5461_/X
 _5462_/X
 _5463_/X
 _5464_/X
 _5465_/X
 _5466_/X
 _5467_/X
 _5468_/X
 _5469_/X
 _5470_/X
 _5471_/X
 _5472_/X
 _5473_/X
 _5474_/X
 _5475_/X
 _5476_/X
 _5477_/X
 _5478_/X
 _5479_/X
 _5480_/X
 _5481_/X
 _5482_/X
 _5483_/X
 _5484_/X
 _5485_/X
 _5486_/X
 _5487_/X
 _5488_/X
 _5489_/X
 _5490_/X
 _5491_/X
 _5492_/X
 _5493_/X
 _5494_/X
 _5495_/X
 _5496_/X
 _5497_/X
 _5498_/X
 _5499_/X
 _5500_/X
 _5501_/X
 _5502_/X
 _5503_/X
 _5504_/X
 _5505_/X
 _5506_/X
 _5507_/X
 _5508_/X
 _5509_/X
 _5510_/X
 _5511_/X
 _5512_/X
 _5513_/X
 _5514_/X
 _5515_/X
 _5516_/X
 _5517_/X
 _5518_/X
 _5519_/X
 _5520_/X
 _5521_/X
 _5522_/X
 _5523_/X
 _5524_/X
 _5525_/X
 _5526_/X
 _5527_/X
 _5528_/X
 _5529_/X
 _5530_/X
 _5531_/X
 _5532_/X
 _5533_/X
 _5534_/X
 _5535_/X
 _5536_/X
 _5537_/X
 _5538_/X
 _5539_/X
 _5540_/X
 _5541_/X
 _5542_/X
 _5543_/X
 _5544_/X
 _5545_/X
 _5546_/X
 _5547_/X
 _5548_/X
 _5549_/X
 _5550_/X
 _5551_/X
 _5552_/X
 _5553_/X
 _5554_/X
 _5555_/X
 _5556_/X
 _5557_/X
 _5558_/X
 _5559_/X
 _5560_/X
 _5561_/X
 _5562_/X
 _5563_/X
 _5564_/X
 _5565_/X
 _5566_/X
 _5567_/X
 _5568_/X
 _5569_/X
 _5570_/X
 _5571_/X
 _5572_/X
 _5573_/X
 _5574_/X
 _5575_/X
 _5576_/X
 _5577_/X
 _5578_/X
 _5579_/X
 _5580_/X
 _5581_/X
 _5582_/X
 _5583_/X
 _5584_/X
 _5585_/X
 _5586_/X
 _5587_/X
 _5588_/X
 _5589_/X
 _5590_/X
 _5591_/X
 _5592_/X
 _5593_/X
 _5594_/X
 _5595_/X
 _5596_/X
 _5597_/X
 _5598_/X
 _5599_/X
 _5600_/X
 _5601_/X
 _5602_/X
 _5603_/X
 _5604_/X
 _5605_/X
 _5606_/X
 _5607_/X
 _5608_/X
 _5609_/X
 _5610_/X
 _5611_/X
 _5612_/X
 _5613_/X
 _5614_/X
 _5615_/X
 _5616_/X
 _5617_/X
 _5618_/X
 _5619_/X
 _5620_/X
 _5621_/Y
 _5622_/Y
 _5623_/X
 _5624_/X
 _5625_/X
 _5626_/X
 _5627_/X
 _5628_/X
 _5629_/X
 _5630_/X
 _5631_/X
 _5632_/Y
 _5633_/Y
 _5634_/X
 _5635_/X
 _5636_/X
 _5637_/X
 _5638_/X
 _5639_/X
 _5640_/Y
 _5641_/Y
 _5642_/X
 _5643_/X
 _5644_/X
 _5645_/X
 _5646_/Y
 _5647_/Y
 _5648_/X
 _5649_/X
 _5650_/Y
 _5651_/Y
 _5652_/Y
 _5653_/Y
 _5654_/Y
 _5655_/Y
 _5656_/Y
 _5657_/Y
 _5658_/Y
 _5659_/Y
 _5660_/X
 _5661_/X
 _5662_/X
 _5663_/Y
 _5664_/X
 _5665_/X
 _5666_/X
 _5667_/Y
 _5668_/X
 _5669_/X
 _5670_/Y
 _5671_/X
 _5672_/X
 _5673_/X
 _5674_/X
 _5675_/X
 _5676_/X
 _5677_/X
 _5678_/X
 _5679_/X
 _5680_/X
 _5681_/X
 _5682_/X
 _5683_/X
 _5684_/X
 _5685_/X
 _5686_/X
 _5687_/X
 _5688_/X
 _5689_/X
 _5690_/X
 _5691_/X
 _5692_/X
 _5693_/X
 _5694_/X
 _5695_/X
 _5696_/X
 _5697_/X
 _5698_/X
 _5699_/X
 _5700_/X
 _5701_/X
 _5702_/X
 _5703_/X
 _5704_/X
 _5705_/X
 _5706_/X
 _5707_/X
 _5708_/X
 _5709_/X
 _5710_/X
 _5711_/X
 _5712_/X
 _5713_/X
 _5714_/X
 _5715_/X
 _5716_/X
 _5717_/X
 _5718_/X
 _5719_/X
 _5720_/X
 _5721_/X
 _5722_/X
 _5723_/X
 _5724_/X
 _5725_/X
 _5726_/X
 _5727_/X
 _5728_/X
 _5729_/X
 _5730_/X
 _5731_/X
 _5732_/X
 _5733_/X
 _5734_/X
 _5735_/X
 _5736_/X
 _5737_/X
 _5738_/X
 _5739_/X
 _5740_/X
 _5741_/X
 _5742_/X
 _5743_/X
 _5744_/X
 _5745_/X
 _5746_/X
 _5747_/X
 _5748_/X
 _5749_/X
 _5750_/X
 _5751_/X
 _5752_/X
 _5753_/X
 _5754_/X
 _5755_/X
 _5756_/X
 _5757_/X
 _5758_/X
 _5759_/X
 _5760_/X
 _5761_/X
 _5762_/X
 _5763_/X
 _5764_/X
 _5765_/X
 _5766_/X
 _5767_/X
 _5768_/X
 _5769_/X
 _5770_/X
 _5771_/X
 _5772_/X
 _5773_/X
 _5774_/X
 _5775_/X
 _5776_/X
 _5777_/X
 _5778_/X
 _5779_/X
 _5780_/X
 _5781_/X
 _5782_/X
 _5783_/X
 _5784_/X
 _5785_/X
 _5786_/X
 _5787_/X
 _5788_/X
 _5789_/X
 _5790_/X
 _5791_/X
 _5792_/X
 _5793_/X
 _5794_/X
 _5795_/X
 _5796_/X
 _5797_/X
 _5798_/X
 _5799_/X
 _5800_/X
 _5801_/X
 _5802_/X
 _5803_/X
 _5804_/X
 _5805_/X
 _5806_/X
 _5807_/X
 _5808_/X
 _5809_/X
 _5810_/X
 _5811_/X
 _5812_/X
 _5813_/X
 _5814_/X
 _5815_/X
 _5816_/X
 _5817_/X
 _5818_/X
 _5819_/X
 _5820_/X
 _5821_/X
 _5822_/X
 _5823_/X
 _5824_/X
 _5825_/X
 _5826_/X
 _5827_/X
 _5828_/X
 _5829_/X
 _5830_/X
 _5831_/X
 _5832_/X
 _5833_/X
 _5834_/X
 _5835_/X
 _5836_/X
 _5837_/X
 _5838_/X
 _5839_/X
 _5840_/X
 _5841_/X
 _5842_/X
 _5843_/X
 _5844_/X
 _5845_/X
 _5846_/X
 _5847_/X
 _5848_/X
 _5849_/X
 _5850_/X
 _5851_/X
 _5852_/X
 _5853_/X
 _5854_/X
 _5855_/X
 _5856_/X
 _5857_/X
 _5858_/X
 _5859_/X
 _5860_/X
 _5861_/X
 _5862_/X
 _5863_/X
 _5864_/X
 _5865_/X
 _5866_/X
 _5867_/X
 _5868_/X
 _5869_/X
 _5870_/X
 _5871_/X
 _5872_/X
 _5873_/X
 _5874_/X
 _5875_/X
 _5876_/X
 _5877_/X
 _5878_/X
 _5879_/X
 _5880_/X
 _5881_/X
 _5882_/X
 _5883_/X
 _5884_/X
 _5885_/X
 _5886_/X
 _5887_/X
 _5888_/X
 _5889_/X
 _5890_/X
 _5891_/X
 _5892_/X
 _5893_/X
 _5894_/X
 _5895_/X
 _5896_/X
 _5897_/X
 _5898_/X
 _5899_/X
 _5900_/X
 _5901_/X
 _5902_/X
 _5903_/X
 _5904_/X
 _5905_/X
 _5906_/X
 _5907_/X
 _5908_/X
 _5909_/X
 _5910_/X
 _5911_/X
 _5912_/X
 _5913_/X
 _5914_/X
 _5915_/X
 _5916_/X
 _5917_/X
 _5918_/X
 _5919_/X
 _5920_/X
 _5921_/X
 _5922_/X
 _5923_/X
 _5924_/X
 _5925_/X
 _5926_/X
 _5927_/X
 _5928_/X
 _5929_/X
 _5930_/X
 _5931_/X
 _5932_/X
 _5933_/X
 _5934_/X
 _5935_/X
 _5936_/X
 _5937_/X
 _5938_/X
 _5939_/X
 _5940_/X
 _5941_/X
 _5942_/X
 _5943_/X
 _5944_/X
 _5945_/X
 _5946_/X
 _5947_/X
 _5948_/X
 _5949_/X
 _5950_/X
 _5951_/X
 _5952_/X
 _5953_/X
 _5954_/X
 _5955_/X
 _5956_/X
 _5957_/X
 _5958_/X
 _5959_/X
 _5960_/X
 _5961_/X
 _5962_/X
 _5963_/X
 _5964_/X
 _5965_/X
 _5966_/X
 _5967_/X
 _5968_/X
 _5969_/X
 _5970_/X
 _5971_/X
 _5972_/X
 _5973_/X
 _5974_/X
 _5975_/X
 _5976_/X
 _5977_/X
 _5978_/X
 _5979_/X
 _5980_/X
 _5981_/X
 _5982_/X
 _5983_/X
 _5984_/X
 _5985_/X
 _5986_/X
 _5987_/X
 _5988_/X
 _5989_/X
 _5990_/X
 _5991_/X
 _5992_/X
 _5993_/X
 _5994_/X
 _5995_/X
 _5996_/X
 _5997_/X
 _5998_/X
 _5999_/X
 _6000_/X
 _6001_/X
 _6002_/X
 _6003_/X
 _6004_/X
 _6005_/X
 _6006_/X
 _6007_/X
 _6008_/X
 _6009_/X
 _6010_/X
 _6011_/X
 _6012_/X
 _6013_/X
 _6014_/X
 _6015_/X
 _6016_/X
 _6017_/X
 _6018_/X
 _6019_/X
 _6020_/X
 _6021_/X
 _6022_/X
 _6023_/X
 _6024_/X
 _6025_/X
 _6026_/X
 _6027_/X
 _6028_/X
 _6029_/X
 _6030_/X
 _6031_/X
 _6032_/X
 _6033_/X
 _6034_/X
 _6035_/X
 _6036_/X
 _6037_/X
 _6038_/X
 _6039_/X
 _6040_/X
 _6041_/X
 _6042_/X
 _6043_/X
 _6044_/X
 _6045_/X
 _6046_/X
 _6047_/X
 _6048_/X
 _6049_/X
 _6050_/X
 _6051_/X
 _6052_/X
 _6053_/X
 _6054_/X
 _6055_/X
 _6056_/X
 _6057_/X
 _6058_/X
 _6059_/X
 _6060_/X
 _6061_/X
 _6062_/X
 _6063_/X
 _6064_/X
 _6065_/X
 _6066_/X
 _6067_/X
 _6068_/X
 _6069_/X
 _6070_/X
 _6071_/X
 _6072_/X
 _6073_/X
 _6074_/X
 _6075_/X
 _6076_/X
 _6077_/X
 _6078_/X
 _6079_/X
 _6080_/X
 _6081_/X
 _6082_/X
 _6083_/X
 _6084_/X
 _6085_/X
 _6086_/X
 _6087_/X
 _6088_/X
 _6089_/X
 _6090_/X
 _6091_/X
 _6092_/X
 _6093_/X
 _6094_/X
 _6095_/X
 _6096_/X
 _6097_/X
 _6098_/X
 _6099_/X
 _6100_/X
 _6101_/X
 _6102_/X
 _6103_/X
 _6104_/X
 _6105_/X
 _6106_/X
 _6107_/X
 _6108_/X
 _6109_/X
 _6110_/X
 _6111_/X
 _6112_/X
 _6113_/X
 _6114_/X
 _6115_/X
 _6116_/X
 _6117_/X
 _6118_/X
 _6119_/X
 _6120_/X
 _6121_/X
 _6122_/X
 _6123_/X
 _6124_/X
 _6125_/X
 _6126_/X
 _6127_/X
 _6128_/X
 _6129_/X
 _6130_/X
 _6131_/X
 _6132_/X
 _6133_/X
 _6134_/X
 _6135_/X
 _6136_/X
 _6137_/X
 _6138_/X
 _6139_/X
 _6140_/X
 _6141_/X
 _6142_/X
 _6143_/X
 _6144_/X
 _6145_/X
 _6146_/X
 _6147_/X
 _6148_/X
 _6149_/X
 _6150_/X
 _6151_/X
 _6152_/X
 _6153_/X
 _6154_/X
 _6155_/X
 _6156_/X
 _6157_/X
 _6158_/X
 _6159_/X
 _6160_/X
 _6161_/X
 _6162_/X
 _6163_/X
 _6164_/X
 _6165_/X
 _6166_/X
 _6167_/X
 _6168_/X
 _6169_/X
 _6170_/X
 _6171_/X
 _6172_/X
 _6173_/X
 _6174_/X
 _6175_/X
 _6176_/X
 _6177_/X
 _6178_/X
 _6179_/X
 _6180_/X
 _6181_/X
 _6182_/X
 _6183_/X
 _6184_/X
 _6185_/X
 _6186_/X
 _6187_/X
 _6188_/X
 _6189_/X
 _6190_/X
 _6191_/X
 _6192_/X
 _6193_/X
 _6194_/X
 _6195_/X
 _6196_/X
 _6197_/X
 _6198_/X
 _6199_/X
 _6200_/X
 _6201_/X
 _6202_/X
 _6203_/X
 _6204_/X
 _6205_/X
 _6206_/X
 _6207_/X
 _6208_/X
 _6209_/X
 _6210_/X
 _6211_/X
 _6212_/X
 _6213_/X
 _6214_/X
 _6215_/X
 _6216_/X
 _6217_/X
 _6218_/X
 _6219_/X
 _6220_/X
 _6221_/X
 _6222_/X
 _6223_/X
 _6224_/X
 _6225_/X
 _6226_/X
 _6227_/X
 _6228_/X
 _6229_/X
 _6230_/X
 _6231_/X
 _6232_/X
 _6233_/X
 _6234_/X
 _6235_/X
 _6236_/X
 _6237_/X
 _6238_/X
 _6239_/X
 _6240_/X
 _6241_/X
 _6242_/X
 _6243_/X
 _6244_/X
 _6245_/X
 _6246_/X
 _6247_/X
 _6248_/X
 _6249_/X
 _6250_/X
 _6251_/X
 _6252_/X
 _6253_/X
 _6254_/X
 _6255_/X
 _6256_/X
 _6257_/X
 _6258_/X
 _6259_/Y
 _6260_/Y
 _6261_/Y
 _6262_/Y
 _6263_/Y
 _6264_/Y
 _6265_/Y
 _6266_/Y
 _6267_/Y
 _6268_/Y
 _6269_/Y
 _6270_/Y
 _6271_/Y
 _6272_/Y
 _6273_/Y
 _6274_/Y
 _6275_/Y
 _6276_/Y
 _6277_/Y
 _6278_/Y
 _6279_/Y
 _6280_/Y
 _6281_/Y
 _6282_/Y
 _6283_/Y
 _6284_/Y
 _6285_/Y
 _6286_/Y
 _6287_/Y
 _6288_/Y
 _6289_/Y
 _6290_/Y
 _6291_/Y
 _6292_/Y
 _6293_/Y
 _6294_/Y
 _6295_/Y
 _6296_/Y
 _6297_/Y
 _6298_/Y
 _6299_/Y
 _6300_/Y
 _6301_/Y
 _6302_/Y
 _6303_/Y
 _6304_/Y
 _6305_/Y
 _6306_/Y
 _6307_/Y
 _6308_/Y
 _6309_/Y
 _6310_/Y
 _6311_/Y
 _6312_/Y
 _6313_/Y
 _6314_/Y
 _6315_/Y
 _6316_/Y
 _6317_/Y
 _6318_/Y
 _6319_/Y
 _6320_/Y
 _6321_/Y
 _6322_/Y
 _6323_/Y
 _6324_/Y
 _6325_/Y
 _6326_/Y
 _6327_/Y
 _6328_/Y
 _6329_/Y
 _6330_/Y
 _6331_/Y
 _6332_/Y
 _6333_/Y
 _6334_/Y
 _6335_/Y
 _6336_/Y
 _6337_/Y
 _6338_/Y
 _6339_/Y
 _6340_/Y
 _6341_/Y
 _6342_/Y
 _6343_/Y
 _6344_/Y
 _6345_/Y
 _6346_/Y
 _6347_/Y
 _6348_/Y
 _6349_/Y
 _6350_/Y
 _6351_/Y
 _6352_/Y
 _6353_/Y
 _6354_/Y
 _6355_/Y
 _6356_/Y
 _6357_/Y
 _6358_/Y
 _6359_/Y
 _6360_/Y
 _6361_/Y
 _6362_/Y
 _6363_/Y
 _6364_/Y
 _6365_/Y
 _6366_/Y
 _6367_/Y
 _6368_/Y
 _6369_/Y
 _6370_/Y
 _6371_/Y
 _6372_/Y
 _6373_/Y
 _6374_/Y
 _6375_/Y
 _6376_/Y
 _6377_/Y
 _6378_/Y
 _6379_/Y
 _6380_/Y
 _6381_/Y
 _6382_/Y
 _6383_/Y
 _6384_/Y
 _6385_/Y
 _6386_/Y
 _6387_/Y
 _6388_/Y
 _6389_/Y
 _6390_/Y
 _6391_/Y
 _6392_/Y
 _6393_/Y
 _6394_/Y
 _6395_/Y
 _6396_/Y
 _6397_/Y
 _6398_/Y
 _6399_/Y
 _6400_/Y
 _6401_/Y
 _6402_/Y
 _6403_/Y
 _6404_/Y
 _6405_/Y
 _6406_/Y
 _6407_/Y
 _6408_/Y
 _6409_/Y
 _6410_/Y
 _6411_/Y
 _6412_/Y
 _6413_/Y
 _6414_/Y
 _6415_/Y
 _6416_/Y
 _6417_/Y
 _6418_/Y
 _6419_/Y
 _6420_/Y
 _6421_/Y
 _6422_/Y
 _6423_/Y
 _6424_/Y
 _6425_/Y
 _6426_/Y
 _6427_/Y
 _6428_/Y
 _6429_/Y
 _6430_/Y
 _6431_/Y
 _6432_/Y
 _6433_/Y
 _6434_/Y
 _6435_/Y
 _6436_/Y
 _6437_/Y
 _6438_/Y
 _6439_/Y
 _6440_/Y
 _6441_/Y
 _6442_/Y
 _6443_/Y
 _6444_/Y
 _6445_/Y
 _6446_/Y
 _6447_/Y
 _6448_/Y
 _6449_/Y
 _6450_/Y
 _6451_/Y
 _6452_/Y
 _6453_/Y
 _6454_/Y
 _6455_/Y
 _6456_/Y
 _6457_/Y
 _6458_/Y
 _6459_/Y
 _6460_/Y
 _6461_/Y
 _6462_/Y
 _6463_/Y
 _6464_/Y
 _6465_/Y
 _6466_/Y
 _6467_/Y
 _6468_/Y
 _6469_/Y
 _6470_/Y
 _6471_/Y
 _6472_/Y
 _6473_/Y
 _6474_/Y
 _6475_/Y
 _6476_/Y
 _6477_/Y
 _6478_/Y
 _6479_/Y
 _6480_/Y
 _6481_/Y
 _6482_/Y
 _6483_/Y
 _6484_/Y
 _6485_/Y
 _6486_/Y
 _6487_/Y
 _6488_/Y
 _6489_/Y
 _6490_/Y
 _6491_/Y
 _6492_/Y
 _6493_/Y
 _6494_/Y
 _6495_/Y
 _6496_/Y
 _6497_/Y
 _6498_/Y
 _6499_/Y
 _6500_/Y
 _6501_/Y
 _6502_/Y
 _6503_/Y
 _6504_/Y
 _6505_/Y
 _6506_/Y
 _6507_/Y
 _6508_/Y
 _6509_/Y
 _6510_/Y
 _6511_/Y
 _6512_/Y
 _6513_/Y
 _6514_/Y
 _6515_/Y
 _6516_/Y
 _6517_/Y
 _6518_/Y
 _6519_/Y
 _6520_/Y
 _6521_/Y
 _6522_/Y
 _6523_/Y
 _6524_/Y
 _6525_/Y
 _6526_/Y
 _6527_/Y
 _6528_/Y
 _6529_/Y
 _6530_/Y
 _6531_/Y
 _6532_/Y
 _6533_/Y
 _6534_/Y
 _6535_/Y
 _6536_/Y
 _6537_/Y
 _6538_/Y
 _6539_/Y
 _6540_/Y
 _6541_/Y
 _6542_/Y
 _6543_/Y
 _6544_/Y
 _6545_/Y
 _6546_/Y
 _6547_/Y
 _6548_/Y
 _6549_/Y
 _6550_/Y
 _6551_/Y
 _6552_/Y
 _6553_/Y
 _6554_/Y
 _6555_/Y
 _6556_/Y
 _6557_/Y
 _6558_/Y
 _6559_/Y
 _6560_/Y
 _6561_/Y
 _6562_/Y
 _6563_/Y
 _6564_/Y
 _6565_/Y
 _6566_/Y
 _6567_/Y
 _6568_/Y
 _6569_/Y
 _6570_/Y
 _6571_/Y
 _6572_/Y
 _6573_/Y
 _6574_/Y
 _6575_/Y
 _6576_/Y
 _6577_/Y
 _6578_/Y
 _6579_/Y
 _6580_/Y
 _6581_/Y
 _6582_/Y
 _6583_/Y
 _6584_/Y
 _6585_/Y
 _6586_/Y
 _6587_/Y
 _6588_/Y
 _6589_/Y
 _6590_/Y
 _6591_/Y
 _6592_/Y
 _6593_/Y
 _6594_/Y
 _6595_/Y
 _6596_/Y
 _6597_/Y
 _6598_/Y
 _6599_/Y
 _6600_/Y
 _6601_/Y
 _6602_/Y
 _6603_/Y
 _6604_/Y
 _6605_/Y
 _6606_/Y
 _6607_/Y
 _6608_/Y
 _6609_/Y
 _6610_/Y
 _6611_/Y
 _6612_/Y
 _6613_/Y
 _6614_/Y
 _6615_/Y
 _6616_/Y
 _6617_/Y
 _6618_/Y
 _6619_/Y
 _6620_/Y
 _6621_/Y
 _6622_/Y
 _6623_/Y
 _6624_/Y
 _6625_/Y
 _6626_/Y
 _6627_/Y
 _6628_/Y
 _6629_/Y
 _6630_/Y
 _6631_/Y
 _6632_/Y
 _6633_/Y
 _6634_/Y
 _6635_/Y
 _6636_/Y
 _6637_/Y
 _6638_/Y
 _6639_/Y
 _6640_/Y
 _6641_/Y
 _6642_/Y
 _6643_/Y
 _6644_/Y
 _6645_/Y
 _6646_/Y
 _6647_/Y
 _6648_/Y
 _6649_/Y
 _6650_/Y
 _6651_/Y
 _6652_/Y
 _6653_/Y
 _6654_/Y
 _6655_/Y
 _6656_/Y
 _6657_/Y
 _6658_/Y
 _6659_/Y
 _6660_/Y
 _6661_/Y
 _6662_/Y
 _6663_/Y
 _6664_/Y
 _6665_/Y
 _6666_/Y
 _6667_/Y
 _6668_/Y
 _6669_/Y
 _6670_/Y
 _6671_/Y
 _6672_/Y
 _6673_/Y
 _6674_/Y
 _6675_/Y
 _6676_/Y
 _6677_/Y
 _6678_/Y
 _6679_/Y
 _6680_/Y
 _6681_/Y
 _6682_/Y
 _6683_/Y
 _6684_/Y
 _6685_/Y
 _6686_/Y
 _6687_/Q
 _6688_/Q
 _6689_/Q
 _6690_/Q
 _6691_/Q
 _6692_/Q
 _6693_/Q
 _6694_/Q
 _6695_/Q
 _6696_/Q
 _6697_/Q
 _6698_/Q
 _6699_/Q
 _6700_/Q
 _6701_/Q
 _6702_/Q
 _6703_/Q
 _6704_/Q
 _6705_/Q
 _6706_/Q
 _6707_/Q
 _6708_/Q
 _6709_/Q
 _6710_/Q
 _6711_/Q
 _6712_/Q
 _6713_/Q
 _6714_/Q
 _6715_/Q
 _6716_/Q
 _6717_/Q
 _6718_/Q
 _6719_/Q
 _6720_/Q
 _6721_/Q
 _6722_/Q
 _6723_/Q
 _6724_/Q
 _6725_/Q
 _6726_/Q
 _6727_/Q
 _6728_/Q
 _6729_/Q
 _6730_/Q
 _6731_/Q
 _6732_/Q
 _6733_/Q
 _6734_/Q
 _6735_/Q
 _6736_/Q
 _6737_/Q
 _6738_/Q
 _6739_/Q
 _6740_/Q
 _6741_/Q
 _6742_/Q
 _6743_/Q
 _6744_/Q
 _6745_/Q
 _6746_/Q
 _6747_/Q
 _6748_/Q
 _6749_/Q
 _6750_/Q
 _6751_/Q
 _6752_/Q
 _6753_/Q
 _6754_/Q
 _6755_/Q
 _6756_/Q
 _6757_/Q
 _6758_/Q
 _6759_/Q
 _6760_/Q
 _6761_/Q
 _6762_/Q
 _6763_/Q
 _6764_/Q
 _6765_/Q
 _6766_/Q
 _6767_/Q
 _6768_/Q
 _6769_/Q
 _6770_/Q
 _6771_/Q
 _6772_/Q
 _6773_/Q
 _6774_/Q
 _6775_/Q
 _6776_/Q
 _6777_/Q
 _6778_/Q
 _6779_/Q
 _6780_/Q
 _6781_/Q
 _6782_/Q
 _6783_/Q
 _6784_/Q
 _6785_/Q
 _6786_/Q
 _6787_/Q
 _6788_/Q
 _6789_/Q
 _6790_/Q
 _6791_/Q
 _6792_/Q
 _6793_/Q
 _6794_/Q
 _6795_/Q
 _6796_/Q
 _6797_/Q
 _6798_/Q
 _6799_/Q
 _6800_/Q
 _6801_/Q
 _6802_/Q
 _6803_/Q
 _6804_/Q
 _6805_/Q
 _6806_/Q
 _6807_/Q
 _6808_/Q
 _6809_/Q
 _6810_/Q
 _6811_/Q
 _6812_/Q
 _6813_/Q
 _6814_/Q
 _6815_/Q
 _6816_/Q
 _6817_/Q
 _6818_/Q
 _6819_/Q
 _6820_/Q
 _6821_/Q
 _6822_/Q
 _6823_/Q
 _6824_/Q
 _6825_/Q
 _6826_/Q
 _6827_/Q
 _6828_/Q
 _6829_/Q
 _6830_/Q
 _6831_/Q
 _6832_/Q
 _6833_/Q
 _6834_/Q
 _6835_/Q
 _6836_/Q
 _6837_/Q
 _6838_/Q
 _6839_/Q
 _6840_/Q
 _6841_/Q
 _6842_/Q
 _6843_/Q
 _6844_/Q
 _6845_/Q
 _6846_/Q
 _6847_/Q
 _6848_/Q
 _6849_/Q
 _6850_/Q
 _6851_/Q
 _6852_/Q
 _6853_/Q
 _6854_/Q
 _6855_/Q
 _6856_/Q
 _6857_/Q
 _6858_/Q
 _6859_/Q
 _6860_/Q
 _6861_/Q
 _6862_/Q
 _6863_/Q
 _6864_/Q
 _6865_/Q
 _6866_/Q
 _6867_/Q
 _6868_/Q
 _6869_/Q
 _6870_/Q
 _6871_/Q
 _6872_/Q
 _6873_/Q
 _6874_/Q
 _6875_/Q
 _6876_/Q
 _6877_/Q
 _6878_/Q
 _6879_/Q
 _6880_/Q
 _6881_/Q
 _6882_/Q
 _6883_/Q
 _6884_/Q
 _6885_/Q
 _6886_/Q
 _6887_/Q
 _6888_/Q
 _6889_/Q
 _6890_/Q
 _6891_/Q
 _6892_/Q
 _6893_/Q
 _6894_/Q
 _6895_/Q
 _6896_/Q
 _6897_/Q
 _6898_/Q
 _6899_/Q
 _6900_/Q
 _6901_/Q
 _6902_/Q
 _6903_/Q
 _6904_/Q
 _6905_/Q
 _6906_/Q
 _6907_/Q
 _6908_/Q
 _6909_/Q
 _6910_/Q
 _6911_/Q
 _6912_/Q
 _6913_/Q
 _6914_/Q
 _6915_/Q
 _6916_/Q
 _6917_/Q
 _6918_/Q
 _6919_/Q
 _6920_/Q
 _6921_/Q
 _6922_/Q
 _6923_/Q
 _6924_/Q
 _6925_/Q
 _6926_/Q
 _6927_/Q
 _6928_/Q
 _6929_/Q
 _6930_/Q
 _6931_/Q
 _6932_/Q
 _6933_/Q
 _6934_/Q
 _6935_/Q
 _6936_/Q
 _6937_/Q
 _6938_/Q
 _6939_/Q
 _6940_/Q
 _6941_/Q
 _6942_/Q
 _6943_/Q
 _6944_/Q
 _6945_/Q
 _6946_/Q
 _6947_/Q
 _6948_/Q
 _6949_/Q
 _6950_/Q
 _6951_/Q
 _6952_/Q
 _6953_/Q
 _6954_/Q
 _6955_/Q
 _6956_/Q
 _6957_/Q
 _6958_/Q
 _6959_/Q
 _6960_/Q
 _6961_/Q
 _6962_/Q
 _6963_/Q
 _6964_/Q
 _6965_/Q
 _6966_/Q
 _6967_/Q
 _6968_/Q
 _6969_/Q
 _6970_/Q
 _6971_/Q
 _6972_/Q
 _6973_/Q
 _6974_/Q
 _6975_/Q
 _6976_/Q
 _6977_/Q
 _6978_/Q
 _6979_/Q
 _6980_/Q
 _6981_/Q
 _6982_/Q
 _6983_/Q
 _6984_/Q
 _6985_/Q
 _6986_/Q
 _6987_/Q
 _6988_/Q
 _6989_/Q
 _6990_/Q
 _6991_/Q
 _6992_/Q
 _6993_/Q
 _6994_/Q
 _6995_/Q
 _6996_/Q
 _6997_/Q
 _6998_/Q
 _6999_/Q
 _7000_/Q
 _7001_/Q
 _7002_/Q
 _7003_/Q
 _7004_/Q
 _7005_/Q
 _7006_/Q
 _7007_/Q
 _7008_/Q
 _7009_/Q
 _7010_/Q
 _7011_/Q
 _7012_/Q
 _7013_/Q
 _7014_/Q
 _7015_/Q
 _7016_/Q
 _7017_/Q
 _7018_/Q
 _7019_/Q
 _7020_/Q
 _7021_/Q
 _7022_/Q
 _7023_/Q
 _7024_/Q
 _7025_/Q
 _7026_/Q
 _7027_/Q
 _7028_/Q
 _7029_/Q
 _7030_/Q
 _7031_/Q
 _7032_/Q
 _7033_/Q
 _7034_/Q
 _7035_/Q
 _7036_/Q
 _7037_/Q
 _7038_/Q
 _7039_/Q
 _7040_/Q
 _7041_/Q
 _7042_/Q
 _7043_/Q
 _7044_/Q
 _7045_/Q
 _7046_/Q
 _7047_/Q
 _7048_/Q
 _7049_/Q
 _7050_/Q
 _7051_/Q
 _7052_/Q
 _7053_/Q
 _7054_/Q
 _7055_/Q
 _7056_/Q
 _7057_/Q
 _7058_/Q
 _7059_/Q
 _7060_/Q
 _7061_/Q
 _7062_/Q
 _7063_/Q
 _7064_/Q
 _7065_/Q
 _7066_/Q
 _7067_/Q
 _7068_/Q
 _7069_/Q
 _7070_/Q
 _7071_/Q
 _7072_/Q
 _7073_/Q
 _7074_/Q
 _7075_/Q
 _7076_/Q
 _7077_/Q
 _7078_/Q
 _7079_/Q
 _7080_/Q
 _7081_/Q
 _7082_/Q
 _7083_/Q
 _7084_/Q
 _7085_/Q
 _7086_/Q
 _7087_/Q
 _7088_/Q
 _7089_/Q
 _7090_/Q
 _7091_/Q
 _7092_/Q
 _7093_/Q
 _7094_/Q
 _7095_/Q
 _7096_/Q
 _7097_/Q
 _7098_/Q
 _7099_/Q
 _7100_/Q
 _7101_/Q
 _7102_/Q
 _7103_/Q
 _7104_/Q
 _7105_/Q
 _7106_/Q
 _7107_/Q
 _7108_/Q
 _7109_/Q
 _7110_/Q
 _7111_/Q
 _7112_/Q
 _7113_/Q
 _7114_/Q
 _7115_/Q
 _7116_/Q
 _7117_/Q
 _7118_/Q
 _7119_/Q
 _7120_/Q
 _7121_/Q
 _7122_/Q
 _7123_/Q
 _7124_/Q
 _7125_/Q
 _7126_/Q
 _7127_/Q
 _7128_/Q
 _7129_/Q
 _7130_/Q
 _7131_/Q
 _7132_/Q
 _7133_/Q
 _7134_/Q
 _7135_/Q
 _7136_/Q
 _7137_/Q
 _7138_/Q
 _7139_/Q
 _7140_/Q
 _7141_/Q
 _7142_/Q
 _7143_/Q
 _7144_/Q
 _7145_/Q
 _7146_/Q
 _7147_/Q
 _7148_/Q
 _7149_/Q
 _7150_/Q
 _7151_/Q
 _7152_/Q
 _7153_/Q
 _7154_/Q
 _7155_/Q
 _7156_/Q
 _7157_/Q
 _7158_/Q
 _7159_/Q
 _7160_/Q
 _7161_/Q
 _7162_/Q
 _7163_/Q
 _7164_/Q
 _7165_/Q
 _7166_/Q
 _7167_/Q
 _7168_/Q
 _7169_/Q
 _7170_/Q
 _7171_/Q
 _7172_/Q
 _7173_/Q
 _7174_/Q
 _7175_/Q
 _7176_/Q
 _7177_/Q
 _7178_/Q
 _7179_/Q
 _7180_/Q
 _7181_/Q
 _7182_/Q
 _7183_/Q
 _7184_/Q
 _7185_/Q
 _7186_/Q
 _7187_/Q
 _7188_/Q
 _7189_/Q
 _7190_/Q
 _7191_/Q
 _7192_/Q
 _7193_/Q
 _7194_/Q
 _7195_/Q
 _7196_/Q
 _7197_/Q
 _7198_/Q
 _7199_/Q
 _7200_/Q
 _7201_/Q
 _7202_/Q
 _7203_/Q
 _7204_/Q
 _7205_/Q
 _7206_/Q
 _7207_/Q
 _7208_/Q
 _7209_/Q
 _7210_/Q
 _7211_/Q
 _7212_/Q
 _7213_/Q
 _7214_/Q
 _7215_/Q
 _7216_/Q
 _7217_/Q
 _7218_/Q
 _7219_/Q
 _7220_/Q
 _7221_/Q
 _7222_/Q
 _7223_/Q
 _7224_/Q
 _7225_/Q
 _7226_/Q
 _7227_/Q
 _7228_/Q
 _7229_/Q
 _7230_/Q
 _7231_/Q
 _7232_/Q
 _7233_/Q
 _7234_/Q
 _7235_/Q
 _7236_/Q
 _7237_/Q
 _7238_/Q
 _7239_/Q
 _7240_/Q
 _7241_/Q
 _7242_/Q
 _7243_/Q
 _7244_/Q
 _7245_/Q
 _7246_/Q
 _7247_/Q
 _7248_/Q
 _7249_/Q
 _7250_/Q
 _7251_/Q
 _7252_/Q
 _7253_/Q
 _7254_/Q
 _7255_/Q
 _7256_/Q
 _7257_/Q
 _7258_/Q
 _7259_/Q
 _7260_/Q
 _7261_/Q
 _7262_/Q
 _7263_/Q
 _7264_/Q
 _7265_/Q
 _7266_/Q
 _7267_/Q
 _7268_/Q
 _7269_/Q
 _7270_/Q
 _7271_/Q
 _7272_/Q
 _7273_/Q
 _7274_/Q
 _7275_/Q
 _7276_/Q
 _7277_/Q
 _7278_/Q
 _7279_/Q
 _7280_/Q
 _7281_/Q
 _7282_/Q
 _7283_/Q
 _7284_/Q
 _7285_/Q
 _7286_/Q
 _7287_/Q
 _7288_/Q
 _7289_/Q
 _7290_/Q
 _7291_/Q
 _7292_/Q
 _7293_/Q
 _7294_/Q
 _7295_/Q
 _7296_/Q
 _7297_/Q
 _7298_/Q
 _7299_/Q
 _7300_/Q
 _7301_/Q
 _7302_/Q
 _7303_/Q
 _7304_/Q
 _7305_/Q
 _7306_/Q
 _7307_/Q
 _7308_/Q
 _7309_/Q
 _7310_/Q
 _7311_/Q
 _7312_/Q
 _7313_/Q
 _7314_/Q
 _7315_/Q
 _7316_/Q
 _7317_/Q
 _7318_/Q
 _7319_/Q
 _7320_/Q
 _7321_/Q
 _7322_/Q
 _7323_/Q
 _7324_/Q
 _7325_/Q
 _7326_/Q
 _7327_/Q
 _7328_/Q
 _7329_/Q
 _7330_/Q
 _7331_/Q
 _7332_/Q
 _7333_/Q
 _7334_/Q
 _7335_/Q
 _7336_/Q
 _7337_/Q
 _7338_/Q
 _7339_/Q
 _7340_/Q
 _7341_/Q
 _7342_/Q
 _7343_/Q
 _7344_/Q
 _7345_/Q
 _7346_/Q
 _7347_/Q
 _7348_/Q
 _7349_/Q
 _7350_/Q
 _7351_/Q
 _7352_/Q
 _7353_/Q
 _7354_/Q
 _7355_/Q
 _7356_/Q
 _7357_/Q
 _7358_/Q
 _7359_/Q
 _7360_/Q
 _7361_/Q
 _7362_/Q
 _7363_/Q
 _7364_/Q
 _7365_/Q
 _7366_/Q
 _7367_/Q
 _7368_/Q
 _7369_/Q
 _7370_/Q
 _7371_/Q
 _7372_/Q
 _7373_/Q
 _7374_/Q
 _7375_/Q
 _7376_/Q
 _7377_/Q
 _7378_/Q
 _7379_/Q
 _7380_/Q
 _7381_/Q
 _7382_/Q
 _7383_/Q
 _7384_/Q
 _7385_/Q
 _7386_/Q
 _7387_/Q
 _7388_/Q
 _7389_/Q
 _7390_/Q
 _7391_/Q
 _7392_/Q
 _7393_/Q
 _7394_/Q
 _7395_/Q
 _7396_/Q
 _7397_/Q
 _7398_/Q
 _7399_/Q
 _7400_/Q
 _7401_/Q
 _7402_/Q
 _7403_/Q
 _7404_/Q
 _7405_/Q
 _7406_/Q
 _7407_/HI
 _7407_/LO
 _7408_/HI
 _7408_/LO
 _7409_/HI
 _7409_/LO
 _7410_/HI
 _7410_/LO
 _7411_/HI
 _7411_/LO
 _7412_/X
Found 0 partially unannotated drivers.

===========================================================================
max slew violation count 1482
max fanout violation count 6
max cap violation count 1
============================================================================

===========================================================================
check_setup -verbose -unconstrained_endpoints -multiple_clock -no_clock -no_input_delay -loops -generated_clocks
===========================================================================
