Net: RF.registers\[12\]\[16\]
  Pin:   _3962_/A0 (sky130_fd_sc_hd__mux2_2)
    Layer: mcon
      Partial area ratio:    0.18
      Required ratio:    3.00 (Gate area) 
      Cumulative area ratio:    0.18
      Required ratio:    0.00 (Cumulative area) 

    Layer: met1
      Partial area ratio:   31.95
      Required ratio:    0.00 (Gate area) 
      Cumulative area ratio:   31.95
      Required ratio:    0.00 (Cumulative area) 
      Partial area ratio:  157.91
      Required ratio:  400.00 (Side area) 
      Cumulative area ratio:  157.91
      Required ratio:    0.00 (Cumulative side area) 

    Layer: via
      Partial area ratio:    0.42
      Required ratio:    6.00 (Gate area) 
      Cumulative area ratio:    0.61
      Required ratio:    0.00 (Cumulative area) 

    Layer: met2
      Partial area ratio:    5.52
      Required ratio:    0.00 (Gate area) 
      Cumulative area ratio:   37.47
      Required ratio:    0.00 (Cumulative area) 
      Partial area ratio:   26.94
      Required ratio: 2778.20 (Side area) 
      Cumulative area ratio:  184.84
      Required ratio:    0.00 (Cumulative side area) 

    Layer: via2
      Partial area ratio:    0.06
      Required ratio:   22.04 (Gate area) 
      Cumulative area ratio:    0.67
      Required ratio:    0.00 (Cumulative area) 

    Layer: met3
      Partial area ratio:    0.19
      Required ratio:    0.00 (Gate area) 
      Cumulative area ratio:   37.66
      Required ratio:    0.00 (Cumulative area) 
      Partial area ratio:    1.74
      Required ratio: 2778.20 (Side area) 
      Cumulative area ratio:  186.58
      Required ratio:    0.00 (Cumulative side area) 

    Layer: via3
      Partial area ratio:    0.06
      Required ratio:   22.04 (Gate area) 
      Cumulative area ratio:    0.73
      Required ratio:    0.00 (Cumulative area) 

    Layer: met4
      Partial area ratio:   23.06
      Required ratio:    0.00 (Gate area) 
      Cumulative area ratio:   60.73
      Required ratio:    0.00 (Cumulative area) 
      Partial area ratio:  123.57
      Required ratio: 2778.20 (Side area) 
      Cumulative area ratio:  310.15
      Required ratio:    0.00 (Cumulative side area) 


  Pin:   _4188_/A1 (sky130_fd_sc_hd__a211o_2)
    Layer: mcon
      Partial area ratio:    0.12
      Required ratio:    3.00 (Gate area) 
      Cumulative area ratio:    0.12
      Required ratio:    0.00 (Cumulative area) 

    Layer: met1
      Partial area ratio:   17.77
      Required ratio:    0.00 (Gate area) 
      Cumulative area ratio:   17.77
      Required ratio:    0.00 (Cumulative area) 
      Partial area ratio:   87.65
      Required ratio:  400.00 (Side area) 
      Cumulative area ratio:   87.65
      Required ratio:    0.00 (Cumulative side area) 

    Layer: via
      Partial area ratio:    0.27
      Required ratio:    6.00 (Gate area) 
      Cumulative area ratio:    0.39
      Required ratio:    0.00 (Cumulative area) 

    Layer: met2
      Partial area ratio:    5.52
      Required ratio:    0.00 (Gate area) 
      Cumulative area ratio:   23.29
      Required ratio:    0.00 (Cumulative area) 
      Partial area ratio:   26.94
      Required ratio: 2778.20 (Side area) 
      Cumulative area ratio:  114.58
      Required ratio:    0.00 (Cumulative side area) 

    Layer: via2
      Partial area ratio:    0.06
      Required ratio:   22.04 (Gate area) 
      Cumulative area ratio:    0.45
      Required ratio:    0.00 (Cumulative area) 

    Layer: met3
      Partial area ratio:    0.19
      Required ratio:    0.00 (Gate area) 
      Cumulative area ratio:   23.48
      Required ratio:    0.00 (Cumulative area) 
      Partial area ratio:    1.74
      Required ratio: 2778.20 (Side area) 
      Cumulative area ratio:  116.32
      Required ratio:    0.00 (Cumulative side area) 

    Layer: via3
      Partial area ratio:    0.06
      Required ratio:   22.04 (Gate area) 
      Cumulative area ratio:    0.51
      Required ratio:    0.00 (Cumulative area) 

    Layer: met4
      Partial area ratio:   23.06
      Required ratio:    0.00 (Gate area) 
      Cumulative area ratio:   46.54
      Required ratio:    0.00 (Cumulative area) 
      Partial area ratio:  123.57
      Required ratio: 2778.20 (Side area) 
      Cumulative area ratio:  239.89
      Required ratio:    0.00 (Cumulative side area) 


  Pin:   _4193_/A1 (sky130_fd_sc_hd__a22o_2)
    Layer: mcon
      Partial area ratio:    0.12
      Required ratio:    3.00 (Gate area) 
      Cumulative area ratio:    0.12
      Required ratio:    0.00 (Cumulative area) 

    Layer: met1
      Partial area ratio:    2.37
      Required ratio:    0.00 (Gate area) 
      Cumulative area ratio:    2.37
      Required ratio:    0.00 (Cumulative area) 
      Partial area ratio:   11.10
      Required ratio:  400.00 (Side area) 
      Cumulative area ratio:   11.10
      Required ratio:    0.00 (Cumulative side area) 

    Layer: via
      Partial area ratio:    0.18
      Required ratio:    6.00 (Gate area) 
      Cumulative area ratio:    0.30
      Required ratio:    0.00 (Cumulative area) 

    Layer: met2
      Partial area ratio:    5.52
      Required ratio:    0.00 (Gate area) 
      Cumulative area ratio:    7.89
      Required ratio:    0.00 (Cumulative area) 
      Partial area ratio:   26.94
      Required ratio: 2778.20 (Side area) 
      Cumulative area ratio:   38.04
      Required ratio:    0.00 (Cumulative side area) 

    Layer: via2
      Partial area ratio:    0.06
      Required ratio:   22.04 (Gate area) 
      Cumulative area ratio:    0.36
      Required ratio:    0.00 (Cumulative area) 

    Layer: met3
      Partial area ratio:    0.19
      Required ratio:    0.00 (Gate area) 
      Cumulative area ratio:    8.08
      Required ratio:    0.00 (Cumulative area) 
      Partial area ratio:    1.74
      Required ratio: 2778.20 (Side area) 
      Cumulative area ratio:   39.77
      Required ratio:    0.00 (Cumulative side area) 

    Layer: via3
      Partial area ratio:    0.06
      Required ratio:   22.04 (Gate area) 
      Cumulative area ratio:    0.42
      Required ratio:    0.00 (Cumulative area) 

    Layer: met4
      Partial area ratio:   23.06
      Required ratio:    0.00 (Gate area) 
      Cumulative area ratio:   31.15
      Required ratio:    0.00 (Cumulative area) 
      Partial area ratio:  123.57
      Required ratio: 2778.20 (Side area) 
      Cumulative area ratio:  163.34
      Required ratio:    0.00 (Cumulative side area) 


  Pin:   _5706_/A0 (sky130_fd_sc_hd__mux2_2)
    Layer: mcon
      Partial area ratio:    0.18
      Required ratio:    3.00 (Gate area) 
      Cumulative area ratio:    0.18
      Required ratio:    0.00 (Cumulative area) 

    Layer: met1
      Partial area ratio:    6.57
      Required ratio:    0.00 (Gate area) 
      Cumulative area ratio:    6.57
      Required ratio:    0.00 (Cumulative area) 
      Partial area ratio:   31.67
      Required ratio:  400.00 (Side area) 
      Cumulative area ratio:   31.67
      Required ratio:    0.00 (Cumulative side area) 

    Layer: via
      Partial area ratio:    0.28
      Required ratio:    6.00 (Gate area) 
      Cumulative area ratio:    0.46
      Required ratio:    0.00 (Cumulative area) 

    Layer: met2
      Partial area ratio:   37.85
      Required ratio:    0.00 (Gate area) 
      Cumulative area ratio:   44.41
      Required ratio:    0.00 (Cumulative area) 
      Partial area ratio:  188.10
      Required ratio:  400.00 (Side area) 
      Cumulative area ratio:  219.76
      Required ratio:    0.00 (Cumulative side area) 

    Layer: via2
      Partial area ratio:    0.25
      Required ratio:    6.00 (Gate area) 
      Cumulative area ratio:    0.72
      Required ratio:    0.00 (Cumulative area) 

    Layer: met3
      Partial area ratio:   91.91
      Required ratio:    0.00 (Gate area) 
      Cumulative area ratio:  136.33
      Required ratio:    0.00 (Cumulative area) 
      Partial area ratio:  493.13
      Required ratio:  400.00 (Side area) (VIOLATED)
      Cumulative area ratio:  712.90
      Required ratio:    0.00 (Cumulative side area) 

    Layer: via3
      Partial area ratio:    0.25
      Required ratio:    6.00 (Gate area) 
      Cumulative area ratio:    0.97
      Required ratio:    0.00 (Cumulative area) 

    Layer: met4
      Partial area ratio:   23.06
      Required ratio:    0.00 (Gate area) 
      Cumulative area ratio:  159.39
      Required ratio:    0.00 (Cumulative area) 
      Partial area ratio:  123.57
      Required ratio: 2778.20 (Side area) 
      Cumulative area ratio:  836.47
      Required ratio:    0.00 (Cumulative side area) 



Net: RF.registers\[12\]\[23\]
  Pin:   _3947_/A0 (sky130_fd_sc_hd__mux2_2)
    Layer: mcon
      Partial area ratio:    0.18
      Required ratio:    3.00 (Gate area) 
      Cumulative area ratio:    0.18
      Required ratio:    0.00 (Cumulative area) 

    Layer: met1
      Partial area ratio:    8.91
      Required ratio:    0.00 (Gate area) 
      Cumulative area ratio:    8.91
      Required ratio:    0.00 (Cumulative area) 
      Partial area ratio:   43.37
      Required ratio:  400.00 (Side area) 
      Cumulative area ratio:   43.37
      Required ratio:    0.00 (Cumulative side area) 

    Layer: via
      Partial area ratio:    0.28
      Required ratio:    6.00 (Gate area) 
      Cumulative area ratio:    0.46
      Required ratio:    0.00 (Cumulative area) 

    Layer: met2
      Partial area ratio:    2.20
      Required ratio:    0.00 (Gate area) 
      Cumulative area ratio:   11.11
      Required ratio:    0.00 (Cumulative area) 
      Partial area ratio:   10.67
      Required ratio: 2778.20 (Side area) 
      Cumulative area ratio:   54.04
      Required ratio:    0.00 (Cumulative side area) 

    Layer: via2
      Partial area ratio:    0.06
      Required ratio:   22.04 (Gate area) 
      Cumulative area ratio:    0.53
      Required ratio:    0.00 (Cumulative area) 

    Layer: met3
      Partial area ratio:    3.35
      Required ratio:    0.00 (Gate area) 
      Cumulative area ratio:   14.46
      Required ratio:    0.00 (Cumulative area) 
      Partial area ratio:   18.61
      Required ratio: 2778.20 (Side area) 
      Cumulative area ratio:   72.64
      Required ratio:    0.00 (Cumulative side area) 

    Layer: via3
      Partial area ratio:    0.06
      Required ratio:   22.04 (Gate area) 
      Cumulative area ratio:    0.59
      Required ratio:    0.00 (Cumulative area) 

    Layer: met4
      Partial area ratio:   30.70
      Required ratio:    0.00 (Gate area) 
      Cumulative area ratio:   45.16
      Required ratio:    0.00 (Cumulative area) 
      Partial area ratio:  164.31
      Required ratio: 2778.20 (Side area) 
      Cumulative area ratio:  236.95
      Required ratio:    0.00 (Cumulative side area) 


  Pin:   _4083_/A1 (sky130_fd_sc_hd__a22o_2)
    Layer: mcon
      Partial area ratio:    0.12
      Required ratio:    3.00 (Gate area) 
      Cumulative area ratio:    0.12
      Required ratio:    0.00 (Cumulative area) 

    Layer: met1
      Partial area ratio:    8.41
      Required ratio:    0.00 (Gate area) 
      Cumulative area ratio:    8.41
      Required ratio:    0.00 (Cumulative area) 
      Partial area ratio:   40.99
      Required ratio: 2778.20 (Side area) 
      Cumulative area ratio:   40.99
      Required ratio:    0.00 (Cumulative side area) 

    Layer: via
      Partial area ratio:    0.18
      Required ratio:   22.04 (Gate area) 
      Cumulative area ratio:    0.30
      Required ratio:    0.00 (Cumulative area) 

    Layer: met2
      Partial area ratio:    2.20
      Required ratio:    0.00 (Gate area) 
      Cumulative area ratio:   10.61
      Required ratio:    0.00 (Cumulative area) 
      Partial area ratio:   10.67
      Required ratio: 2778.20 (Side area) 
      Cumulative area ratio:   51.65
      Required ratio:    0.00 (Cumulative side area) 

    Layer: via2
      Partial area ratio:    0.06
      Required ratio:   22.04 (Gate area) 
      Cumulative area ratio:    0.36
      Required ratio:    0.00 (Cumulative area) 

    Layer: met3
      Partial area ratio:    3.35
      Required ratio:    0.00 (Gate area) 
      Cumulative area ratio:   13.97
      Required ratio:    0.00 (Cumulative area) 
      Partial area ratio:   18.61
      Required ratio: 2778.20 (Side area) 
      Cumulative area ratio:   70.26
      Required ratio:    0.00 (Cumulative side area) 

    Layer: via3
      Partial area ratio:    0.06
      Required ratio:   22.04 (Gate area) 
      Cumulative area ratio:    0.42
      Required ratio:    0.00 (Cumulative area) 

    Layer: met4
      Partial area ratio:   30.70
      Required ratio:    0.00 (Gate area) 
      Cumulative area ratio:   44.67
      Required ratio:    0.00 (Cumulative area) 
      Partial area ratio:  164.31
      Required ratio: 2778.20 (Side area) 
      Cumulative area ratio:  234.57
      Required ratio:    0.00 (Cumulative side area) 


  Pin:   _4092_/A1 (sky130_fd_sc_hd__a221o_2)
    Layer: mcon
      Partial area ratio:    0.12
      Required ratio:    3.00 (Gate area) 
      Cumulative area ratio:    0.12
      Required ratio:    0.00 (Cumulative area) 

    Layer: met1
      Partial area ratio:    8.41
      Required ratio:    0.00 (Gate area) 
      Cumulative area ratio:    8.41
      Required ratio:    0.00 (Cumulative area) 
      Partial area ratio:   40.99
      Required ratio: 2778.20 (Side area) 
      Cumulative area ratio:   40.99
      Required ratio:    0.00 (Cumulative side area) 

    Layer: via
      Partial area ratio:    0.18
      Required ratio:   22.04 (Gate area) 
      Cumulative area ratio:    0.30
      Required ratio:    0.00 (Cumulative area) 

    Layer: met2
      Partial area ratio:    2.20
      Required ratio:    0.00 (Gate area) 
      Cumulative area ratio:   10.61
      Required ratio:    0.00 (Cumulative area) 
      Partial area ratio:   10.67
      Required ratio: 2778.20 (Side area) 
      Cumulative area ratio:   51.65
      Required ratio:    0.00 (Cumulative side area) 

    Layer: via2
      Partial area ratio:    0.06
      Required ratio:   22.04 (Gate area) 
      Cumulative area ratio:    0.36
      Required ratio:    0.00 (Cumulative area) 

    Layer: met3
      Partial area ratio:    3.35
      Required ratio:    0.00 (Gate area) 
      Cumulative area ratio:   13.97
      Required ratio:    0.00 (Cumulative area) 
      Partial area ratio:   18.61
      Required ratio: 2778.20 (Side area) 
      Cumulative area ratio:   70.26
      Required ratio:    0.00 (Cumulative side area) 

    Layer: via3
      Partial area ratio:    0.06
      Required ratio:   22.04 (Gate area) 
      Cumulative area ratio:    0.42
      Required ratio:    0.00 (Cumulative area) 

    Layer: met4
      Partial area ratio:   30.70
      Required ratio:    0.00 (Gate area) 
      Cumulative area ratio:   44.67
      Required ratio:    0.00 (Cumulative area) 
      Partial area ratio:  164.31
      Required ratio: 2778.20 (Side area) 
      Cumulative area ratio:  234.57
      Required ratio:    0.00 (Cumulative side area) 


  Pin:   _5721_/A0 (sky130_fd_sc_hd__mux2_2)
    Layer: mcon
      Partial area ratio:    0.18
      Required ratio:    3.00 (Gate area) 
      Cumulative area ratio:    0.18
      Required ratio:    0.00 (Cumulative area) 

    Layer: met1
      Partial area ratio:    3.22
      Required ratio:    0.00 (Gate area) 
      Cumulative area ratio:    3.22
      Required ratio:    0.00 (Cumulative area) 
      Partial area ratio:   14.93
      Required ratio:  400.00 (Side area) 
      Cumulative area ratio:   14.93
      Required ratio:    0.00 (Cumulative side area) 

    Layer: via
      Partial area ratio:    0.28
      Required ratio:    6.00 (Gate area) 
      Cumulative area ratio:    0.46
      Required ratio:    0.00 (Cumulative area) 

    Layer: met2
      Partial area ratio:   13.55
      Required ratio:    0.00 (Gate area) 
      Cumulative area ratio:   16.77
      Required ratio:    0.00 (Cumulative area) 
      Partial area ratio:   66.59
      Required ratio:  400.00 (Side area) 
      Cumulative area ratio:   81.52
      Required ratio:    0.00 (Cumulative side area) 

    Layer: via2
      Partial area ratio:    0.25
      Required ratio:    6.00 (Gate area) 
      Cumulative area ratio:    0.72
      Required ratio:    0.00 (Cumulative area) 

    Layer: met3
      Partial area ratio:  117.95
      Required ratio:    0.00 (Gate area) 
      Cumulative area ratio:  134.71
      Required ratio:    0.00 (Cumulative area) 
      Partial area ratio:  632.00
      Required ratio:  400.00 (Side area) (VIOLATED)
      Cumulative area ratio:  713.52
      Required ratio:    0.00 (Cumulative side area) 

    Layer: via3
      Partial area ratio:    0.25
      Required ratio:    6.00 (Gate area) 
      Cumulative area ratio:    0.97
      Required ratio:    0.00 (Cumulative area) 

    Layer: met4
      Partial area ratio:   30.70
      Required ratio:    0.00 (Gate area) 
      Cumulative area ratio:  165.41
      Required ratio:    0.00 (Cumulative area) 
      Partial area ratio:  164.31
      Required ratio: 2778.20 (Side area) 
      Cumulative area ratio:  877.83
      Required ratio:    0.00 (Cumulative side area) 



Net: net263
  Pin:   _5117_/B (sky130_fd_sc_hd__or3b_2)
    Layer: mcon
      Partial area ratio:    0.23
      Required ratio:    3.00 (Gate area) 
      Cumulative area ratio:    0.23
      Required ratio:    0.00 (Cumulative area) 

    Layer: met1
      Partial area ratio:    7.02
      Required ratio:    0.00 (Gate area) 
      Cumulative area ratio:    7.02
      Required ratio:    0.00 (Cumulative area) 
      Partial area ratio:   33.64
      Required ratio:  400.00 (Side area) 
      Cumulative area ratio:   33.64
      Required ratio:    0.00 (Cumulative side area) 

    Layer: via
      Partial area ratio:    0.36
      Required ratio:    6.00 (Gate area) 
      Cumulative area ratio:    0.59
      Required ratio:    0.00 (Cumulative area) 

    Layer: met2
      Partial area ratio:   32.35
      Required ratio:    0.00 (Gate area) 
      Cumulative area ratio:   39.37
      Required ratio:    0.00 (Cumulative area) 
      Partial area ratio:  160.86
      Required ratio:  400.00 (Side area) 
      Cumulative area ratio:  194.49
      Required ratio:    0.00 (Cumulative side area) 

    Layer: via2
      Partial area ratio:    0.12
      Required ratio:    6.00 (Gate area) 
      Cumulative area ratio:    0.70
      Required ratio:    0.00 (Cumulative area) 

    Layer: met3
      Partial area ratio:  153.01
      Required ratio:    0.00 (Gate area) 
      Cumulative area ratio:  192.38
      Required ratio:    0.00 (Cumulative area) 
      Partial area ratio:  817.42
      Required ratio: 2778.20 (Side area) 
      Cumulative area ratio: 1011.91
      Required ratio:    0.00 (Cumulative side area) 


  Pin:   output492/A (sky130_fd_sc_hd__clkdlybuf4s25_1)
    Layer: mcon
      Partial area ratio:    0.14
      Required ratio:    3.00 (Gate area) 
      Cumulative area ratio:    0.14
      Required ratio:    0.00 (Cumulative area) 

    Layer: met1
      Partial area ratio:   86.08
      Required ratio:    0.00 (Gate area) 
      Cumulative area ratio:   86.08
      Required ratio:    0.00 (Cumulative area) 
      Partial area ratio:  429.54
      Required ratio:  400.00 (Side area) (VIOLATED)
      Cumulative area ratio:  429.54
      Required ratio:    0.00 (Cumulative side area) 

    Layer: via
      Partial area ratio:    0.21
      Required ratio:    6.00 (Gate area) 
      Cumulative area ratio:    0.35
      Required ratio:    0.00 (Cumulative area) 

    Layer: met2
      Partial area ratio:   32.35
      Required ratio:    0.00 (Gate area) 
      Cumulative area ratio:  118.43
      Required ratio:    0.00 (Cumulative area) 
      Partial area ratio:  160.86
      Required ratio:  400.00 (Side area) 
      Cumulative area ratio:  590.39
      Required ratio:    0.00 (Cumulative side area) 

    Layer: via2
      Partial area ratio:    0.12
      Required ratio:    6.00 (Gate area) 
      Cumulative area ratio:    0.46
      Required ratio:    0.00 (Cumulative area) 

    Layer: met3
      Partial area ratio:  153.01
      Required ratio:    0.00 (Gate area) 
      Cumulative area ratio:  271.43
      Required ratio:    0.00 (Cumulative area) 
      Partial area ratio:  817.42
      Required ratio: 2778.20 (Side area) 
      Cumulative area ratio: 1407.81
      Required ratio:    0.00 (Cumulative side area) 



Net: net500
  Pin:   _3392_/A (sky130_fd_sc_hd__nor2_2)
    Layer: mcon
      Partial area ratio:    0.06
      Required ratio:    3.00 (Gate area) 
      Cumulative area ratio:    0.06
      Required ratio:    0.00 (Cumulative area) 

    Layer: met1
      Partial area ratio:    1.82
      Required ratio:    0.00 (Gate area) 
      Cumulative area ratio:    1.82
      Required ratio:    0.00 (Cumulative area) 
      Partial area ratio:    8.37
      Required ratio: 2778.20 (Side area) 
      Cumulative area ratio:    8.37
      Required ratio:    0.00 (Cumulative side area) 

    Layer: via
      Partial area ratio:    0.14
      Required ratio:   22.04 (Gate area) 
      Cumulative area ratio:    0.19
      Required ratio:    0.00 (Cumulative area) 

    Layer: met2
      Partial area ratio:    0.55
      Required ratio:    0.00 (Gate area) 
      Cumulative area ratio:    2.37
      Required ratio:    0.00 (Cumulative area) 
      Partial area ratio:    2.56
      Required ratio: 2778.20 (Side area) 
      Cumulative area ratio:   10.93
      Required ratio:    0.00 (Cumulative side area) 

    Layer: via2
      Partial area ratio:    0.08
      Required ratio:   22.04 (Gate area) 
      Cumulative area ratio:    0.28
      Required ratio:    0.00 (Cumulative area) 

    Layer: met3
      Partial area ratio:    4.43
      Required ratio:    0.00 (Gate area) 
      Cumulative area ratio:    6.80
      Required ratio:    0.00 (Cumulative area) 
      Partial area ratio:   24.58
      Required ratio: 2778.20 (Side area) 
      Cumulative area ratio:   35.51
      Required ratio:    0.00 (Cumulative side area) 

    Layer: via3
      Partial area ratio:    0.08
      Required ratio:   22.04 (Gate area) 
      Cumulative area ratio:    0.36
      Required ratio:    0.00 (Cumulative area) 

    Layer: met4
      Partial area ratio:   73.26
      Required ratio:    0.00 (Gate area) 
      Cumulative area ratio:   80.06
      Required ratio:    0.00 (Cumulative area) 
      Partial area ratio:  391.39
      Required ratio: 2778.20 (Side area) 
      Cumulative area ratio:  426.90
      Required ratio:    0.00 (Cumulative side area) 


  Pin:   output500/A (sky130_fd_sc_hd__clkdlybuf4s25_1)
    Layer: mcon
      Partial area ratio:    0.14
      Required ratio:    3.00 (Gate area) 
      Cumulative area ratio:    0.14
      Required ratio:    0.00 (Cumulative area) 

    Layer: met1
      Partial area ratio:    3.95
      Required ratio:    0.00 (Gate area) 
      Cumulative area ratio:    3.95
      Required ratio:    0.00 (Cumulative area) 
      Partial area ratio:   18.86
      Required ratio:  400.00 (Side area) 
      Cumulative area ratio:   18.86
      Required ratio:    0.00 (Cumulative side area) 

    Layer: via
      Partial area ratio:    0.21
      Required ratio:    6.00 (Gate area) 
      Cumulative area ratio:    0.35
      Required ratio:    0.00 (Cumulative area) 

    Layer: met2
      Partial area ratio:    5.58
      Required ratio:    0.00 (Gate area) 
      Cumulative area ratio:    9.52
      Required ratio:    0.00 (Cumulative area) 
      Partial area ratio:   27.03
      Required ratio:  400.00 (Side area) 
      Cumulative area ratio:   45.89
      Required ratio:    0.00 (Cumulative side area) 

    Layer: via2
      Partial area ratio:    0.19
      Required ratio:    6.00 (Gate area) 
      Cumulative area ratio:    0.53
      Required ratio:    0.00 (Cumulative area) 

    Layer: met3
      Partial area ratio:  331.00
      Required ratio:    0.00 (Gate area) 
      Cumulative area ratio:  340.53
      Required ratio:    0.00 (Cumulative area) 
      Partial area ratio: 1767.55
      Required ratio:  400.00 (Side area) (VIOLATED)
      Cumulative area ratio: 1813.44
      Required ratio:    0.00 (Cumulative side area) 

    Layer: via3
      Partial area ratio:    0.19
      Required ratio:    6.00 (Gate area) 
      Cumulative area ratio:    0.72
      Required ratio:    0.00 (Cumulative area) 

    Layer: met4
      Partial area ratio:   73.26
      Required ratio:    0.00 (Gate area) 
      Cumulative area ratio:  413.79
      Required ratio:    0.00 (Cumulative area) 
      Partial area ratio:  391.39
      Required ratio: 2778.20 (Side area) 
      Cumulative area ratio: 2204.83
      Required ratio:    0.00 (Cumulative side area) 



Net: _1288_
  Pin:   _3347_/A (sky130_fd_sc_hd__or2_2)
    Layer: mcon
      Partial area ratio:    0.23
      Required ratio:    3.00 (Gate area) 
      Cumulative area ratio:    0.23
      Required ratio:    0.00 (Cumulative area) 

    Layer: met1
      Partial area ratio:    5.42
      Required ratio:    0.00 (Gate area) 
      Cumulative area ratio:    5.42
      Required ratio:    0.00 (Cumulative area) 
      Partial area ratio:   25.61
      Required ratio:  400.00 (Side area) 
      Cumulative area ratio:   25.61
      Required ratio:    0.00 (Cumulative side area) 

    Layer: via
      Partial area ratio:    0.36
      Required ratio:    6.00 (Gate area) 
      Cumulative area ratio:    0.59
      Required ratio:    0.00 (Cumulative area) 

    Layer: met2
      Partial area ratio:    1.48
      Required ratio:    0.00 (Gate area) 
      Cumulative area ratio:    6.90
      Required ratio:    0.00 (Cumulative area) 
      Partial area ratio:    6.83
      Required ratio:  400.00 (Side area) 
      Cumulative area ratio:   32.44
      Required ratio:    0.00 (Cumulative side area) 

    Layer: via2
      Partial area ratio:    0.32
      Required ratio:    6.00 (Gate area) 
      Cumulative area ratio:    0.90
      Required ratio:    0.00 (Cumulative area) 

    Layer: met3
      Partial area ratio:  100.20
      Required ratio:    0.00 (Gate area) 
      Cumulative area ratio:  107.10
      Required ratio:    0.00 (Cumulative area) 
      Partial area ratio:  535.18
      Required ratio:  400.00 (Side area) (VIOLATED)
      Cumulative area ratio:  567.62
      Required ratio:    0.00 (Cumulative side area) 

    Layer: via3
      Partial area ratio:    0.06
      Required ratio:    6.00 (Gate area) 
      Cumulative area ratio:    0.97
      Required ratio:    0.00 (Cumulative area) 

    Layer: met4
      Partial area ratio:    1.96
      Required ratio:    0.00 (Gate area) 
      Cumulative area ratio:  109.07
      Required ratio:    0.00 (Cumulative area) 
      Partial area ratio:   10.88
      Required ratio: 2778.20 (Side area) 
      Cumulative area ratio:  578.50
      Required ratio:    0.00 (Cumulative side area) 


  Pin:   _3509_/A (sky130_fd_sc_hd__nor2_2)
    Layer: mcon
      Partial area ratio:    0.06
      Required ratio:    3.00 (Gate area) 
      Cumulative area ratio:    0.06
      Required ratio:    0.00 (Cumulative area) 

    Layer: met1
      Partial area ratio:   12.78
      Required ratio:    0.00 (Gate area) 
      Cumulative area ratio:   12.78
      Required ratio:    0.00 (Cumulative area) 
      Partial area ratio:   63.28
      Required ratio:  400.00 (Side area) 
      Cumulative area ratio:   63.28
      Required ratio:    0.00 (Cumulative side area) 

    Layer: via
      Partial area ratio:    0.14
      Required ratio:    6.00 (Gate area) 
      Cumulative area ratio:    0.19
      Required ratio:    0.00 (Cumulative area) 

    Layer: met2
      Partial area ratio:    8.60
      Required ratio:    0.00 (Gate area) 
      Cumulative area ratio:   21.37
      Required ratio:    0.00 (Cumulative area) 
      Partial area ratio:   42.58
      Required ratio: 2778.20 (Side area) 
      Cumulative area ratio:  105.86
      Required ratio:    0.00 (Cumulative side area) 

    Layer: via2
      Partial area ratio:    0.08
      Required ratio:   22.04 (Gate area) 
      Cumulative area ratio:    0.28
      Required ratio:    0.00 (Cumulative area) 

    Layer: met3
      Partial area ratio:    0.25
      Required ratio:    0.00 (Gate area) 
      Cumulative area ratio:   21.62
      Required ratio:    0.00 (Cumulative area) 
      Partial area ratio:    2.29
      Required ratio: 2778.20 (Side area) 
      Cumulative area ratio:  108.16
      Required ratio:    0.00 (Cumulative side area) 

    Layer: via3
      Partial area ratio:    0.08
      Required ratio:   22.04 (Gate area) 
      Cumulative area ratio:    0.36
      Required ratio:    0.00 (Cumulative area) 

    Layer: met4
      Partial area ratio:    1.96
      Required ratio:    0.00 (Gate area) 
      Cumulative area ratio:   23.59
      Required ratio:    0.00 (Cumulative area) 
      Partial area ratio:   10.88
      Required ratio: 2778.20 (Side area) 
      Cumulative area ratio:  119.04
      Required ratio:    0.00 (Cumulative side area) 


  Pin:   _5640_/B (sky130_fd_sc_hd__nor2_2)
    Layer: mcon
      Partial area ratio:    0.06
      Required ratio:    3.00 (Gate area) 
      Cumulative area ratio:    0.06
      Required ratio:    0.00 (Cumulative area) 

    Layer: met1
      Partial area ratio:    1.11
      Required ratio:    0.00 (Gate area) 
      Cumulative area ratio:    1.11
      Required ratio:    0.00 (Cumulative area) 
      Partial area ratio:    5.17
      Required ratio:  400.00 (Side area) 
      Cumulative area ratio:    5.17
      Required ratio:    0.00 (Cumulative side area) 

    Layer: via
      Partial area ratio:    0.09
      Required ratio:    6.00 (Gate area) 
      Cumulative area ratio:    0.15
      Required ratio:    0.00 (Cumulative area) 

    Layer: met2
      Partial area ratio:    0.38
      Required ratio:    0.00 (Gate area) 
      Cumulative area ratio:    1.49
      Required ratio:    0.00 (Cumulative area) 
      Partial area ratio:    1.74
      Required ratio:  400.00 (Side area) 
      Cumulative area ratio:    6.91
      Required ratio:    0.00 (Cumulative side area) 

    Layer: via2
      Partial area ratio:    0.08
      Required ratio:    6.00 (Gate area) 
      Cumulative area ratio:    0.23
      Required ratio:    0.00 (Cumulative area) 

    Layer: met3
      Partial area ratio:  100.20
      Required ratio:    0.00 (Gate area) 
      Cumulative area ratio:  101.69
      Required ratio:    0.00 (Cumulative area) 
      Partial area ratio:  535.18
      Required ratio:  400.00 (Side area) (VIOLATED)
      Cumulative area ratio:  542.08
      Required ratio:    0.00 (Cumulative side area) 

    Layer: via3
      Partial area ratio:    0.06
      Required ratio:    6.00 (Gate area) 
      Cumulative area ratio:    0.29
      Required ratio:    0.00 (Cumulative area) 

    Layer: met4
      Partial area ratio:    1.96
      Required ratio:    0.00 (Gate area) 
      Cumulative area ratio:  103.65
      Required ratio:    0.00 (Cumulative area) 
      Partial area ratio:   10.88
      Required ratio: 2778.20 (Side area) 
      Cumulative area ratio:  552.97
      Required ratio:    0.00 (Cumulative side area) 



Net: net396
  Pin:   place393/A (sky130_fd_sc_hd__buf_2)
    Layer: mcon
      Partial area ratio:    0.18
      Required ratio:    3.00 (Gate area) 
      Cumulative area ratio:    0.18
      Required ratio:    0.00 (Cumulative area) 

    Layer: met1
      Partial area ratio:    3.51
      Required ratio:    0.00 (Gate area) 
      Cumulative area ratio:    3.51
      Required ratio:    0.00 (Cumulative area) 
      Partial area ratio:   16.39
      Required ratio:  400.00 (Side area) 
      Cumulative area ratio:   16.39
      Required ratio:    0.00 (Cumulative side area) 

    Layer: via
      Partial area ratio:    0.28
      Required ratio:    6.00 (Gate area) 
      Cumulative area ratio:    0.46
      Required ratio:    0.00 (Cumulative area) 

    Layer: met2
      Partial area ratio:   32.54
      Required ratio:    0.00 (Gate area) 
      Cumulative area ratio:   36.05
      Required ratio:    0.00 (Cumulative area) 
      Partial area ratio:  160.80
      Required ratio:  400.00 (Side area) 
      Cumulative area ratio:  177.19
      Required ratio:    0.00 (Cumulative side area) 

    Layer: via2
      Partial area ratio:    0.25
      Required ratio:    6.00 (Gate area) 
      Cumulative area ratio:    0.72
      Required ratio:    0.00 (Cumulative area) 

    Layer: met3
      Partial area ratio:   14.42
      Required ratio:    0.00 (Gate area) 
      Cumulative area ratio:   50.46
      Required ratio:    0.00 (Cumulative area) 
      Partial area ratio:   77.69
      Required ratio: 2778.20 (Side area) 
      Cumulative area ratio:  254.88
      Required ratio:    0.00 (Cumulative side area) 

    Layer: via3
      Partial area ratio:    0.02
      Required ratio:   22.04 (Gate area) 
      Cumulative area ratio:    0.74
      Required ratio:    0.00 (Cumulative area) 

    Layer: met4
      Partial area ratio:    3.06
      Required ratio:    0.00 (Gate area) 
      Cumulative area ratio:   53.53
      Required ratio:    0.00 (Cumulative area) 
      Partial area ratio:   16.56
      Required ratio: 2778.20 (Side area) 
      Cumulative area ratio:  271.44
      Required ratio:    0.00 (Cumulative side area) 


  Pin:   place395/A (sky130_fd_sc_hd__buf_2)
    Layer: mcon
      Partial area ratio:    0.18
      Required ratio:    3.00 (Gate area) 
      Cumulative area ratio:    0.18
      Required ratio:    0.00 (Cumulative area) 

    Layer: met1
      Partial area ratio:   16.39
      Required ratio:    0.00 (Gate area) 
      Cumulative area ratio:   16.39
      Required ratio:    0.00 (Cumulative area) 
      Partial area ratio:   80.10
      Required ratio:  400.00 (Side area) 
      Cumulative area ratio:   80.10
      Required ratio:    0.00 (Cumulative side area) 

    Layer: via
      Partial area ratio:    0.42
      Required ratio:    6.00 (Gate area) 
      Cumulative area ratio:    0.61
      Required ratio:    0.00 (Cumulative area) 

    Layer: met2
      Partial area ratio:   51.45
      Required ratio:    0.00 (Gate area) 
      Cumulative area ratio:   67.84
      Required ratio:    0.00 (Cumulative area) 
      Partial area ratio:  255.95
      Required ratio: 2778.20 (Side area) 
      Cumulative area ratio:  336.05
      Required ratio:    0.00 (Cumulative side area) 

    Layer: via2
      Partial area ratio:    0.13
      Required ratio:   22.04 (Gate area) 
      Cumulative area ratio:    0.73
      Required ratio:    0.00 (Cumulative area) 

    Layer: met3
      Partial area ratio:   14.42
      Required ratio:    0.00 (Gate area) 
      Cumulative area ratio:   82.25
      Required ratio:    0.00 (Cumulative area) 
      Partial area ratio:   77.69
      Required ratio: 2778.20 (Side area) 
      Cumulative area ratio:  413.74
      Required ratio:    0.00 (Cumulative side area) 

    Layer: via3
      Partial area ratio:    0.02
      Required ratio:   22.04 (Gate area) 
      Cumulative area ratio:    0.75
      Required ratio:    0.00 (Cumulative area) 

    Layer: met4
      Partial area ratio:    3.06
      Required ratio:    0.00 (Gate area) 
      Cumulative area ratio:   85.32
      Required ratio:    0.00 (Cumulative area) 
      Partial area ratio:   16.56
      Required ratio: 2778.20 (Side area) 
      Cumulative area ratio:  430.29
      Required ratio:    0.00 (Cumulative side area) 


  Pin:   _5317_/S (sky130_fd_sc_hd__mux2_2)
    Layer: mcon
      Partial area ratio:    0.09
      Required ratio:    3.00 (Gate area) 
      Cumulative area ratio:    0.09
      Required ratio:    0.00 (Cumulative area) 

    Layer: met1
      Partial area ratio:    1.47
      Required ratio:    0.00 (Gate area) 
      Cumulative area ratio:    1.47
      Required ratio:    0.00 (Cumulative area) 
      Partial area ratio:    7.09
      Required ratio:  400.00 (Side area) 
      Cumulative area ratio:    7.09
      Required ratio:    0.00 (Cumulative side area) 

    Layer: via
      Partial area ratio:    0.07
      Required ratio:    6.00 (Gate area) 
      Cumulative area ratio:    0.16
      Required ratio:    0.00 (Cumulative area) 

    Layer: met2
      Partial area ratio:    0.33
      Required ratio:    0.00 (Gate area) 
      Cumulative area ratio:    1.79
      Required ratio:    0.00 (Cumulative area) 
      Partial area ratio:    1.43
      Required ratio:  400.00 (Side area) 
      Cumulative area ratio:    8.52
      Required ratio:    0.00 (Cumulative side area) 

    Layer: via2
      Partial area ratio:    0.13
      Required ratio:    6.00 (Gate area) 
      Cumulative area ratio:    0.29
      Required ratio:    0.00 (Cumulative area) 

    Layer: met3
      Partial area ratio:   14.42
      Required ratio:    0.00 (Gate area) 
      Cumulative area ratio:   16.21
      Required ratio:    0.00 (Cumulative area) 
      Partial area ratio:   77.69
      Required ratio: 2778.20 (Side area) 
      Cumulative area ratio:   86.20
      Required ratio:    0.00 (Cumulative side area) 

    Layer: via3
      Partial area ratio:    0.02
      Required ratio:   22.04 (Gate area) 
      Cumulative area ratio:    0.31
      Required ratio:    0.00 (Cumulative area) 

    Layer: met4
      Partial area ratio:    3.06
      Required ratio:    0.00 (Gate area) 
      Cumulative area ratio:   19.27
      Required ratio:    0.00 (Cumulative area) 
      Partial area ratio:   16.56
      Required ratio: 2778.20 (Side area) 
      Cumulative area ratio:  102.76
      Required ratio:    0.00 (Cumulative side area) 


  Pin:   _5319_/S (sky130_fd_sc_hd__mux2_2)
    Layer: mcon
      Partial area ratio:    0.09
      Required ratio:    3.00 (Gate area) 
      Cumulative area ratio:    0.09
      Required ratio:    0.00 (Cumulative area) 

    Layer: met1
      Partial area ratio:    2.06
      Required ratio:    0.00 (Gate area) 
      Cumulative area ratio:    2.06
      Required ratio:    0.00 (Cumulative area) 
      Partial area ratio:    9.71
      Required ratio:  400.00 (Side area) 
      Cumulative area ratio:    9.71
      Required ratio:    0.00 (Cumulative side area) 

    Layer: via
      Partial area ratio:    0.14
      Required ratio:    6.00 (Gate area) 
      Cumulative area ratio:    0.23
      Required ratio:    0.00 (Cumulative area) 

    Layer: met2
      Partial area ratio:    0.59
      Required ratio:    0.00 (Gate area) 
      Cumulative area ratio:    2.65
      Required ratio:    0.00 (Cumulative area) 
      Partial area ratio:    2.71
      Required ratio:  400.00 (Side area) 
      Cumulative area ratio:   12.42
      Required ratio:    0.00 (Cumulative side area) 

    Layer: via2
      Partial area ratio:    0.13
      Required ratio:    6.00 (Gate area) 
      Cumulative area ratio:    0.36
      Required ratio:    0.00 (Cumulative area) 

    Layer: met3
      Partial area ratio:    0.39
      Required ratio:    0.00 (Gate area) 
      Cumulative area ratio:    3.04
      Required ratio:    0.00 (Cumulative area) 
      Partial area ratio:    3.57
      Required ratio:  400.00 (Side area) 
      Cumulative area ratio:   15.99
      Required ratio:    0.00 (Cumulative side area) 

    Layer: via3
      Partial area ratio:    0.13
      Required ratio:    6.00 (Gate area) 
      Cumulative area ratio:    0.48
      Required ratio:    0.00 (Cumulative area) 

    Layer: met4
      Partial area ratio:    3.06
      Required ratio:    0.00 (Gate area) 
      Cumulative area ratio:    6.10
      Required ratio:    0.00 (Cumulative area) 
      Partial area ratio:   16.56
      Required ratio: 2778.20 (Side area) 
      Cumulative area ratio:   32.54
      Required ratio:    0.00 (Cumulative side area) 


  Pin:   _5321_/S (sky130_fd_sc_hd__mux2_2)
    Layer: mcon
      Partial area ratio:    0.09
      Required ratio:    3.00 (Gate area) 
      Cumulative area ratio:    0.09
      Required ratio:    0.00 (Cumulative area) 

    Layer: met1
      Partial area ratio:    1.15
      Required ratio:    0.00 (Gate area) 
      Cumulative area ratio:    1.15
      Required ratio:    0.00 (Cumulative area) 
      Partial area ratio:    5.15
      Required ratio:  400.00 (Side area) 
      Cumulative area ratio:    5.15
      Required ratio:    0.00 (Cumulative side area) 

    Layer: via
      Partial area ratio:    0.14
      Required ratio:    6.00 (Gate area) 
      Cumulative area ratio:    0.23
      Required ratio:    0.00 (Cumulative area) 

    Layer: met2
      Partial area ratio:    3.54
      Required ratio:    0.00 (Gate area) 
      Cumulative area ratio:    4.69
      Required ratio:    0.00 (Cumulative area) 
      Partial area ratio:   17.33
      Required ratio:  400.00 (Side area) 
      Cumulative area ratio:   22.49
      Required ratio:    0.00 (Cumulative side area) 

    Layer: via2
      Partial area ratio:    0.13
      Required ratio:    6.00 (Gate area) 
      Cumulative area ratio:    0.36
      Required ratio:    0.00 (Cumulative area) 

    Layer: met3
      Partial area ratio:   14.42
      Required ratio:    0.00 (Gate area) 
      Cumulative area ratio:   19.11
      Required ratio:    0.00 (Cumulative area) 
      Partial area ratio:   77.69
      Required ratio: 2778.20 (Side area) 
      Cumulative area ratio:  100.17
      Required ratio:    0.00 (Cumulative side area) 

    Layer: via3
      Partial area ratio:    0.02
      Required ratio:   22.04 (Gate area) 
      Cumulative area ratio:    0.38
      Required ratio:    0.00 (Cumulative area) 

    Layer: met4
      Partial area ratio:    3.06
      Required ratio:    0.00 (Gate area) 
      Cumulative area ratio:   22.17
      Required ratio:    0.00 (Cumulative area) 
      Partial area ratio:   16.56
      Required ratio: 2778.20 (Side area) 
      Cumulative area ratio:  116.73
      Required ratio:    0.00 (Cumulative side area) 


  Pin:   _5323_/S (sky130_fd_sc_hd__mux2_2)
    Layer: mcon
      Partial area ratio:    0.09
      Required ratio:    3.00 (Gate area) 
      Cumulative area ratio:    0.09
      Required ratio:    0.00 (Cumulative area) 

    Layer: met1
      Partial area ratio:   10.39
      Required ratio:    0.00 (Gate area) 
      Cumulative area ratio:   10.39
      Required ratio:    0.00 (Cumulative area) 
      Partial area ratio:   51.34
      Required ratio:  400.00 (Side area) 
      Cumulative area ratio:   51.34
      Required ratio:    0.00 (Cumulative side area) 

    Layer: via
      Partial area ratio:    0.14
      Required ratio:    6.00 (Gate area) 
      Cumulative area ratio:    0.23
      Required ratio:    0.00 (Cumulative area) 

    Layer: met2
      Partial area ratio:    3.54
      Required ratio:    0.00 (Gate area) 
      Cumulative area ratio:   13.93
      Required ratio:    0.00 (Cumulative area) 
      Partial area ratio:   17.33
      Required ratio:  400.00 (Side area) 
      Cumulative area ratio:   68.68
      Required ratio:    0.00 (Cumulative side area) 

    Layer: via2
      Partial area ratio:    0.13
      Required ratio:    6.00 (Gate area) 
      Cumulative area ratio:    0.36
      Required ratio:    0.00 (Cumulative area) 

    Layer: met3
      Partial area ratio:   14.42
      Required ratio:    0.00 (Gate area) 
      Cumulative area ratio:   28.34
      Required ratio:    0.00 (Cumulative area) 
      Partial area ratio:   77.69
      Required ratio: 2778.20 (Side area) 
      Cumulative area ratio:  146.36
      Required ratio:    0.00 (Cumulative side area) 

    Layer: via3
      Partial area ratio:    0.02
      Required ratio:   22.04 (Gate area) 
      Cumulative area ratio:    0.38
      Required ratio:    0.00 (Cumulative area) 

    Layer: met4
      Partial area ratio:    3.06
      Required ratio:    0.00 (Gate area) 
      Cumulative area ratio:   31.41
      Required ratio:    0.00 (Cumulative area) 
      Partial area ratio:   16.56
      Required ratio: 2778.20 (Side area) 
      Cumulative area ratio:  162.92
      Required ratio:    0.00 (Cumulative side area) 


  Pin:   _5327_/S (sky130_fd_sc_hd__mux2_2)
    Layer: mcon
      Partial area ratio:    0.09
      Required ratio:    3.00 (Gate area) 
      Cumulative area ratio:    0.09
      Required ratio:    0.00 (Cumulative area) 

    Layer: met1
      Partial area ratio:    0.59
      Required ratio:    0.00 (Gate area) 
      Cumulative area ratio:    0.59
      Required ratio:    0.00 (Cumulative area) 
      Partial area ratio:    2.58
      Required ratio:  400.00 (Side area) 
      Cumulative area ratio:    2.58
      Required ratio:    0.00 (Cumulative side area) 

    Layer: via
      Partial area ratio:    0.14
      Required ratio:    6.00 (Gate area) 
      Cumulative area ratio:    0.23
      Required ratio:    0.00 (Cumulative area) 

    Layer: met2
      Partial area ratio:   51.45
      Required ratio:    0.00 (Gate area) 
      Cumulative area ratio:   52.04
      Required ratio:    0.00 (Cumulative area) 
      Partial area ratio:  255.95
      Required ratio: 2778.20 (Side area) 
      Cumulative area ratio:  258.52
      Required ratio:    0.00 (Cumulative side area) 

    Layer: via2
      Partial area ratio:    0.13
      Required ratio:   22.04 (Gate area) 
      Cumulative area ratio:    0.36
      Required ratio:    0.00 (Cumulative area) 

    Layer: met3
      Partial area ratio:   14.42
      Required ratio:    0.00 (Gate area) 
      Cumulative area ratio:   66.46
      Required ratio:    0.00 (Cumulative area) 
      Partial area ratio:   77.69
      Required ratio: 2778.20 (Side area) 
      Cumulative area ratio:  336.21
      Required ratio:    0.00 (Cumulative side area) 

    Layer: via3
      Partial area ratio:    0.02
      Required ratio:   22.04 (Gate area) 
      Cumulative area ratio:    0.38
      Required ratio:    0.00 (Cumulative area) 

    Layer: met4
      Partial area ratio:    3.06
      Required ratio:    0.00 (Gate area) 
      Cumulative area ratio:   69.52
      Required ratio:    0.00 (Cumulative area) 
      Partial area ratio:   16.56
      Required ratio: 2778.20 (Side area) 
      Cumulative area ratio:  352.76
      Required ratio:    0.00 (Cumulative side area) 


  Pin:   _7412_/A (sky130_fd_sc_hd__buf_2)
    Layer: mcon
      Partial area ratio:    0.18
      Required ratio:    3.00 (Gate area) 
      Cumulative area ratio:    0.18
      Required ratio:    0.00 (Cumulative area) 

    Layer: met1
      Partial area ratio:   82.81
      Required ratio:    0.00 (Gate area) 
      Cumulative area ratio:   82.81
      Required ratio:    0.00 (Cumulative area) 
      Partial area ratio:  412.89
      Required ratio:  400.00 (Side area) (VIOLATED)
      Cumulative area ratio:  412.89
      Required ratio:    0.00 (Cumulative side area) 

    Layer: via
      Partial area ratio:    0.28
      Required ratio:    6.00 (Gate area) 
      Cumulative area ratio:    0.46
      Required ratio:    0.00 (Cumulative area) 

    Layer: met2
      Partial area ratio:   51.45
      Required ratio:    0.00 (Gate area) 
      Cumulative area ratio:  134.26
      Required ratio:    0.00 (Cumulative area) 
      Partial area ratio:  255.95
      Required ratio: 2778.20 (Side area) 
      Cumulative area ratio:  668.84
      Required ratio:    0.00 (Cumulative side area) 

    Layer: via2
      Partial area ratio:    0.13
      Required ratio:   22.04 (Gate area) 
      Cumulative area ratio:    0.59
      Required ratio:    0.00 (Cumulative area) 

    Layer: met3
      Partial area ratio:   14.42
      Required ratio:    0.00 (Gate area) 
      Cumulative area ratio:  148.67
      Required ratio:    0.00 (Cumulative area) 
      Partial area ratio:   77.69
      Required ratio: 2778.20 (Side area) 
      Cumulative area ratio:  746.52
      Required ratio:    0.00 (Cumulative side area) 

    Layer: via3
      Partial area ratio:    0.02
      Required ratio:   22.04 (Gate area) 
      Cumulative area ratio:    0.61
      Required ratio:    0.00 (Cumulative area) 

    Layer: met4
      Partial area ratio:    3.06
      Required ratio:    0.00 (Gate area) 
      Cumulative area ratio:  151.74
      Required ratio:    0.00 (Cumulative area) 
      Partial area ratio:   16.56
      Required ratio: 2778.20 (Side area) 
      Cumulative area ratio:  763.08
      Required ratio:    0.00 (Cumulative side area) 



Net: net110
  Pin:   place298/A (sky130_fd_sc_hd__buf_2)
    Layer: mcon
      Partial area ratio:    0.18
      Required ratio:    3.00 (Gate area) 
      Cumulative area ratio:    0.18
      Required ratio:    0.00 (Cumulative area) 

    Layer: met1
      Partial area ratio:  138.76
      Required ratio:    0.00 (Gate area) 
      Cumulative area ratio:  138.76
      Required ratio:    0.00 (Cumulative area) 
      Partial area ratio:  691.93
      Required ratio:  400.00 (Side area) (VIOLATED)
      Cumulative area ratio:  691.93
      Required ratio:    0.00 (Cumulative side area) 

    Layer: via
      Partial area ratio:    0.42
      Required ratio:    6.00 (Gate area) 
      Cumulative area ratio:    0.61
      Required ratio:    0.00 (Cumulative area) 

    Layer: met2
      Partial area ratio:   27.29
      Required ratio:    0.00 (Gate area) 
      Cumulative area ratio:  166.05
      Required ratio:    0.00 (Cumulative area) 
      Partial area ratio:  135.75
      Required ratio: 2778.20 (Side area) 
      Cumulative area ratio:  827.68
      Required ratio:    0.00 (Cumulative side area) 


  Pin:   output488/A (sky130_fd_sc_hd__clkdlybuf4s25_1)
    Layer: mcon
      Partial area ratio:    0.14
      Required ratio:    3.00 (Gate area) 
      Cumulative area ratio:    0.14
      Required ratio:    0.00 (Cumulative area) 

    Layer: met1
      Partial area ratio:   46.19
      Required ratio:    0.00 (Gate area) 
      Cumulative area ratio:   46.19
      Required ratio:    0.00 (Cumulative area) 
      Partial area ratio:  230.09
      Required ratio:  400.00 (Side area) 
      Cumulative area ratio:  230.09
      Required ratio:    0.00 (Cumulative side area) 

    Layer: via
      Partial area ratio:    0.21
      Required ratio:    6.00 (Gate area) 
      Cumulative area ratio:    0.35
      Required ratio:    0.00 (Cumulative area) 

    Layer: met2
      Partial area ratio:   27.29
      Required ratio:    0.00 (Gate area) 
      Cumulative area ratio:   73.48
      Required ratio:    0.00 (Cumulative area) 
      Partial area ratio:  135.75
      Required ratio: 2778.20 (Side area) 
      Cumulative area ratio:  365.83
      Required ratio:    0.00 (Cumulative side area) 



Net: _2269_
  Pin:   _4402_/C1 (sky130_fd_sc_hd__o211a_2)
    Layer: mcon
      Partial area ratio:    0.12
      Required ratio:    3.00 (Gate area) 
      Cumulative area ratio:    0.12
      Required ratio:    0.00 (Cumulative area) 

    Layer: met1
      Partial area ratio:    1.82
      Required ratio:    0.00 (Gate area) 
      Cumulative area ratio:    1.82
      Required ratio:    0.00 (Cumulative area) 
      Partial area ratio:    8.37
      Required ratio:  400.00 (Side area) 
      Cumulative area ratio:    8.37
      Required ratio:    0.00 (Cumulative side area) 

    Layer: via
      Partial area ratio:    0.18
      Required ratio:    6.00 (Gate area) 
      Cumulative area ratio:    0.30
      Required ratio:    0.00 (Cumulative area) 

    Layer: met2
      Partial area ratio:    0.75
      Required ratio:    0.00 (Gate area) 
      Cumulative area ratio:    2.58
      Required ratio:    0.00 (Cumulative area) 
      Partial area ratio:    3.48
      Required ratio:  400.00 (Side area) 
      Cumulative area ratio:   11.84
      Required ratio:    0.00 (Cumulative side area) 

    Layer: via2
      Partial area ratio:    0.16
      Required ratio:    6.00 (Gate area) 
      Cumulative area ratio:    0.46
      Required ratio:    0.00 (Cumulative area) 

    Layer: met3
      Partial area ratio:  117.59
      Required ratio:    0.00 (Gate area) 
      Cumulative area ratio:  120.17
      Required ratio:    0.00 (Cumulative area) 
      Partial area ratio:  629.04
      Required ratio:  400.00 (Side area) (VIOLATED)
      Cumulative area ratio:  640.89
      Required ratio:    0.00 (Cumulative side area) 

    Layer: via3
      Partial area ratio:    0.16
      Required ratio:    6.00 (Gate area) 
      Cumulative area ratio:    0.62
      Required ratio:    0.00 (Cumulative area) 

    Layer: met4
      Partial area ratio:    8.84
      Required ratio:    0.00 (Gate area) 
      Cumulative area ratio:  129.01
      Required ratio:    0.00 (Cumulative area) 
      Partial area ratio:   49.07
      Required ratio: 2778.20 (Side area) 
      Cumulative area ratio:  689.95
      Required ratio:    0.00 (Cumulative side area) 



Net: net483
  Pin:   _4770_/B1 (sky130_fd_sc_hd__a211o_2)
    Layer: mcon
      Partial area ratio:    0.12
      Required ratio:    3.00 (Gate area) 
      Cumulative area ratio:    0.12
      Required ratio:    0.00 (Cumulative area) 

    Layer: met1
      Partial area ratio:    1.66
      Required ratio:    0.00 (Gate area) 
      Cumulative area ratio:    1.66
      Required ratio:    0.00 (Cumulative area) 
      Partial area ratio:    7.69
      Required ratio:  400.00 (Side area) 
      Cumulative area ratio:    7.69
      Required ratio:    0.00 (Cumulative side area) 

    Layer: via
      Partial area ratio:    0.18
      Required ratio:    6.00 (Gate area) 
      Cumulative area ratio:    0.30
      Required ratio:    0.00 (Cumulative area) 

    Layer: met2
      Partial area ratio:    0.75
      Required ratio:    0.00 (Gate area) 
      Cumulative area ratio:    2.41
      Required ratio:    0.00 (Cumulative area) 
      Partial area ratio:    3.48
      Required ratio:  400.00 (Side area) 
      Cumulative area ratio:   11.17
      Required ratio:    0.00 (Cumulative side area) 

    Layer: via2
      Partial area ratio:    0.16
      Required ratio:    6.00 (Gate area) 
      Cumulative area ratio:    0.46
      Required ratio:    0.00 (Cumulative area) 

    Layer: met3
      Partial area ratio:   89.38
      Required ratio:    0.00 (Gate area) 
      Cumulative area ratio:   91.79
      Required ratio:    0.00 (Cumulative area) 
      Partial area ratio:  477.33
      Required ratio:  400.00 (Side area) (VIOLATED)
      Cumulative area ratio:  488.50
      Required ratio:    0.00 (Cumulative side area) 

    Layer: via3
      Partial area ratio:    0.05
      Required ratio:    6.00 (Gate area) 
      Cumulative area ratio:    0.51
      Required ratio:    0.00 (Cumulative area) 

    Layer: met4
      Partial area ratio:   13.12
      Required ratio:    0.00 (Gate area) 
      Cumulative area ratio:  104.92
      Required ratio:    0.00 (Cumulative area) 
      Partial area ratio:   70.48
      Required ratio: 2778.20 (Side area) 
      Cumulative area ratio:  558.98
      Required ratio:    0.00 (Cumulative side area) 


  Pin:   _5663_/A (sky130_fd_sc_hd__nor4_2)
    Layer: mcon
      Partial area ratio:    0.06
      Required ratio:    3.00 (Gate area) 
      Cumulative area ratio:    0.06
      Required ratio:    0.00 (Cumulative area) 

    Layer: met1
      Partial area ratio:    1.20
      Required ratio:    0.00 (Gate area) 
      Cumulative area ratio:    1.20
      Required ratio:    0.00 (Cumulative area) 
      Partial area ratio:    5.72
      Required ratio:  400.00 (Side area) 
      Cumulative area ratio:    5.72
      Required ratio:    0.00 (Cumulative side area) 

    Layer: via
      Partial area ratio:    0.09
      Required ratio:    6.00 (Gate area) 
      Cumulative area ratio:    0.15
      Required ratio:    0.00 (Cumulative area) 

    Layer: met2
      Partial area ratio:    0.38
      Required ratio:    0.00 (Gate area) 
      Cumulative area ratio:    1.57
      Required ratio:    0.00 (Cumulative area) 
      Partial area ratio:    1.74
      Required ratio:  400.00 (Side area) 
      Cumulative area ratio:    7.46
      Required ratio:    0.00 (Cumulative side area) 

    Layer: via2
      Partial area ratio:    0.08
      Required ratio:    6.00 (Gate area) 
      Cumulative area ratio:    0.23
      Required ratio:    0.00 (Cumulative area) 

    Layer: met3
      Partial area ratio:   89.38
      Required ratio:    0.00 (Gate area) 
      Cumulative area ratio:   90.96
      Required ratio:    0.00 (Cumulative area) 
      Partial area ratio:  477.33
      Required ratio:  400.00 (Side area) (VIOLATED)
      Cumulative area ratio:  484.78
      Required ratio:    0.00 (Cumulative side area) 

    Layer: via3
      Partial area ratio:    0.05
      Required ratio:    6.00 (Gate area) 
      Cumulative area ratio:    0.28
      Required ratio:    0.00 (Cumulative area) 

    Layer: met4
      Partial area ratio:   13.12
      Required ratio:    0.00 (Gate area) 
      Cumulative area ratio:  104.08
      Required ratio:    0.00 (Cumulative area) 
      Partial area ratio:   70.48
      Required ratio: 2778.20 (Side area) 
      Cumulative area ratio:  555.26
      Required ratio:    0.00 (Cumulative side area) 


  Pin:   output483/A (sky130_fd_sc_hd__clkdlybuf4s25_1)
    Layer: mcon
      Partial area ratio:    0.14
      Required ratio:    3.00 (Gate area) 
      Cumulative area ratio:    0.14
      Required ratio:    0.00 (Cumulative area) 

    Layer: met1
      Partial area ratio:    3.71
      Required ratio:    0.00 (Gate area) 
      Cumulative area ratio:    3.71
      Required ratio:    0.00 (Cumulative area) 
      Partial area ratio:   17.65
      Required ratio:  400.00 (Side area) 
      Cumulative area ratio:   17.65
      Required ratio:    0.00 (Cumulative side area) 

    Layer: via
      Partial area ratio:    0.21
      Required ratio:    6.00 (Gate area) 
      Cumulative area ratio:    0.35
      Required ratio:    0.00 (Cumulative area) 

    Layer: met2
      Partial area ratio:   29.05
      Required ratio:    0.00 (Gate area) 
      Cumulative area ratio:   32.75
      Required ratio:    0.00 (Cumulative area) 
      Partial area ratio:  144.31
      Required ratio: 2778.20 (Side area) 
      Cumulative area ratio:  161.96
      Required ratio:    0.00 (Cumulative side area) 

    Layer: via2
      Partial area ratio:    0.19
      Required ratio:   22.04 (Gate area) 
      Cumulative area ratio:    0.53
      Required ratio:    0.00 (Cumulative area) 

    Layer: met3
      Partial area ratio:    0.59
      Required ratio:    0.00 (Gate area) 
      Cumulative area ratio:   33.34
      Required ratio:    0.00 (Cumulative area) 
      Partial area ratio:    5.33
      Required ratio: 2778.20 (Side area) 
      Cumulative area ratio:  167.29
      Required ratio:    0.00 (Cumulative side area) 

    Layer: via3
      Partial area ratio:    0.19
      Required ratio:   22.04 (Gate area) 
      Cumulative area ratio:    0.72
      Required ratio:    0.00 (Cumulative area) 

    Layer: met4
      Partial area ratio:   13.12
      Required ratio:    0.00 (Gate area) 
      Cumulative area ratio:   46.46
      Required ratio:    0.00 (Cumulative area) 
      Partial area ratio:   70.48
      Required ratio: 2778.20 (Side area) 
      Cumulative area ratio:  237.77
      Required ratio:    0.00 (Cumulative side area) 



Net: net495
  Pin:   _3319_/A_N (sky130_fd_sc_hd__and4b_4)
    Layer: mcon
      Partial area ratio:    0.23
      Required ratio:    3.00 (Gate area) 
      Cumulative area ratio:    0.23
      Required ratio:    0.00 (Cumulative area) 

    Layer: met1
      Partial area ratio:    2.44
      Required ratio:    0.00 (Gate area) 
      Cumulative area ratio:    2.44
      Required ratio:    0.00 (Cumulative area) 
      Partial area ratio:   11.34
      Required ratio:  400.00 (Side area) 
      Cumulative area ratio:   11.34
      Required ratio:    0.00 (Cumulative side area) 

    Layer: via
      Partial area ratio:    0.15
      Required ratio:    6.00 (Gate area) 
      Cumulative area ratio:    0.38
      Required ratio:    0.00 (Cumulative area) 

    Layer: met2
      Partial area ratio:    2.04
      Required ratio:    0.00 (Gate area) 
      Cumulative area ratio:    4.48
      Required ratio:    0.00 (Cumulative area) 
      Partial area ratio:    9.90
      Required ratio: 2778.20 (Side area) 
      Cumulative area ratio:   21.25
      Required ratio:    0.00 (Cumulative side area) 

    Layer: via2
      Partial area ratio:    0.05
      Required ratio:   22.04 (Gate area) 
      Cumulative area ratio:    0.43
      Required ratio:    0.00 (Cumulative area) 

    Layer: met3
      Partial area ratio:    0.17
      Required ratio:    0.00 (Gate area) 
      Cumulative area ratio:    4.65
      Required ratio:    0.00 (Cumulative area) 
      Partial area ratio:    1.52
      Required ratio: 2778.20 (Side area) 
      Cumulative area ratio:   22.77
      Required ratio:    0.00 (Cumulative side area) 

    Layer: via3
      Partial area ratio:    0.05
      Required ratio:   22.04 (Gate area) 
      Cumulative area ratio:    0.49
      Required ratio:    0.00 (Cumulative area) 

    Layer: met4
      Partial area ratio:   13.06
      Required ratio:    0.00 (Gate area) 
      Cumulative area ratio:   17.71
      Required ratio:    0.00 (Cumulative area) 
      Partial area ratio:   70.15
      Required ratio: 2778.20 (Side area) 
      Cumulative area ratio:   92.92
      Required ratio:    0.00 (Cumulative side area) 


  Pin:   _3378_/A (sky130_fd_sc_hd__nor2_2)
    Layer: mcon
      Partial area ratio:    0.06
      Required ratio:    3.00 (Gate area) 
      Cumulative area ratio:    0.06
      Required ratio:    0.00 (Cumulative area) 

    Layer: met1
      Partial area ratio:    2.44
      Required ratio:    0.00 (Gate area) 
      Cumulative area ratio:    2.44
      Required ratio:    0.00 (Cumulative area) 
      Partial area ratio:   11.34
      Required ratio:  400.00 (Side area) 
      Cumulative area ratio:   11.34
      Required ratio:    0.00 (Cumulative side area) 

    Layer: via
      Partial area ratio:    0.15
      Required ratio:    6.00 (Gate area) 
      Cumulative area ratio:    0.21
      Required ratio:    0.00 (Cumulative area) 

    Layer: met2
      Partial area ratio:    2.04
      Required ratio:    0.00 (Gate area) 
      Cumulative area ratio:    4.48
      Required ratio:    0.00 (Cumulative area) 
      Partial area ratio:    9.90
      Required ratio: 2778.20 (Side area) 
      Cumulative area ratio:   21.25
      Required ratio:    0.00 (Cumulative side area) 

    Layer: via2
      Partial area ratio:    0.05
      Required ratio:   22.04 (Gate area) 
      Cumulative area ratio:    0.26
      Required ratio:    0.00 (Cumulative area) 

    Layer: met3
      Partial area ratio:    0.17
      Required ratio:    0.00 (Gate area) 
      Cumulative area ratio:    4.65
      Required ratio:    0.00 (Cumulative area) 
      Partial area ratio:    1.52
      Required ratio: 2778.20 (Side area) 
      Cumulative area ratio:   22.77
      Required ratio:    0.00 (Cumulative side area) 

    Layer: via3
      Partial area ratio:    0.05
      Required ratio:   22.04 (Gate area) 
      Cumulative area ratio:    0.32
      Required ratio:    0.00 (Cumulative area) 

    Layer: met4
      Partial area ratio:   13.06
      Required ratio:    0.00 (Gate area) 
      Cumulative area ratio:   17.71
      Required ratio:    0.00 (Cumulative area) 
      Partial area ratio:   70.15
      Required ratio: 2778.20 (Side area) 
      Cumulative area ratio:   92.92
      Required ratio:    0.00 (Cumulative side area) 


  Pin:   _5362_/A_N (sky130_fd_sc_hd__and3b_2)
    Layer: mcon
      Partial area ratio:    0.23
      Required ratio:    3.00 (Gate area) 
      Cumulative area ratio:    0.23
      Required ratio:    0.00 (Cumulative area) 

    Layer: met1
      Partial area ratio:    2.44
      Required ratio:    0.00 (Gate area) 
      Cumulative area ratio:    2.44
      Required ratio:    0.00 (Cumulative area) 
      Partial area ratio:   11.34
      Required ratio:  400.00 (Side area) 
      Cumulative area ratio:   11.34
      Required ratio:    0.00 (Cumulative side area) 

    Layer: via
      Partial area ratio:    0.15
      Required ratio:    6.00 (Gate area) 
      Cumulative area ratio:    0.38
      Required ratio:    0.00 (Cumulative area) 

    Layer: met2
      Partial area ratio:    2.04
      Required ratio:    0.00 (Gate area) 
      Cumulative area ratio:    4.48
      Required ratio:    0.00 (Cumulative area) 
      Partial area ratio:    9.90
      Required ratio: 2778.20 (Side area) 
      Cumulative area ratio:   21.25
      Required ratio:    0.00 (Cumulative side area) 

    Layer: via2
      Partial area ratio:    0.05
      Required ratio:   22.04 (Gate area) 
      Cumulative area ratio:    0.43
      Required ratio:    0.00 (Cumulative area) 

    Layer: met3
      Partial area ratio:    0.17
      Required ratio:    0.00 (Gate area) 
      Cumulative area ratio:    4.65
      Required ratio:    0.00 (Cumulative area) 
      Partial area ratio:    1.52
      Required ratio: 2778.20 (Side area) 
      Cumulative area ratio:   22.77
      Required ratio:    0.00 (Cumulative side area) 

    Layer: via3
      Partial area ratio:    0.05
      Required ratio:   22.04 (Gate area) 
      Cumulative area ratio:    0.49
      Required ratio:    0.00 (Cumulative area) 

    Layer: met4
      Partial area ratio:   13.06
      Required ratio:    0.00 (Gate area) 
      Cumulative area ratio:   17.71
      Required ratio:    0.00 (Cumulative area) 
      Partial area ratio:   70.15
      Required ratio: 2778.20 (Side area) 
      Cumulative area ratio:   92.92
      Required ratio:    0.00 (Cumulative side area) 


  Pin:   output495/A (sky130_fd_sc_hd__clkdlybuf4s25_1)
    Layer: mcon
      Partial area ratio:    0.14
      Required ratio:    3.00 (Gate area) 
      Cumulative area ratio:    0.14
      Required ratio:    0.00 (Cumulative area) 

    Layer: met1
      Partial area ratio:    3.50
      Required ratio:    0.00 (Gate area) 
      Cumulative area ratio:    3.50
      Required ratio:    0.00 (Cumulative area) 
      Partial area ratio:   16.64
      Required ratio:  400.00 (Side area) 
      Cumulative area ratio:   16.64
      Required ratio:    0.00 (Cumulative side area) 

    Layer: via
      Partial area ratio:    0.21
      Required ratio:    6.00 (Gate area) 
      Cumulative area ratio:    0.35
      Required ratio:    0.00 (Cumulative area) 

    Layer: met2
      Partial area ratio:    0.88
      Required ratio:    0.00 (Gate area) 
      Cumulative area ratio:    4.38
      Required ratio:    0.00 (Cumulative area) 
      Partial area ratio:    4.04
      Required ratio:  400.00 (Side area) 
      Cumulative area ratio:   20.68
      Required ratio:    0.00 (Cumulative side area) 

    Layer: via2
      Partial area ratio:    0.19
      Required ratio:    6.00 (Gate area) 
      Cumulative area ratio:    0.53
      Required ratio:    0.00 (Cumulative area) 

    Layer: met3
      Partial area ratio:  302.41
      Required ratio:    0.00 (Gate area) 
      Cumulative area ratio:  306.79
      Required ratio:    0.00 (Cumulative area) 
      Partial area ratio: 1617.24
      Required ratio:  400.00 (Side area) (VIOLATED)
      Cumulative area ratio: 1637.92
      Required ratio:    0.00 (Cumulative side area) 

    Layer: via3
      Partial area ratio:    0.19
      Required ratio:    6.00 (Gate area) 
      Cumulative area ratio:    0.72
      Required ratio:    0.00 (Cumulative area) 

    Layer: met4
      Partial area ratio:   13.06
      Required ratio:    0.00 (Gate area) 
      Cumulative area ratio:  319.85
      Required ratio:    0.00 (Cumulative area) 
      Partial area ratio:   70.15
      Required ratio: 2778.20 (Side area) 
      Cumulative area ratio: 1708.07
      Required ratio:    0.00 (Cumulative side area) 



Net: net496
  Pin:   output496/A (sky130_fd_sc_hd__clkdlybuf4s25_1)
    Layer: mcon
      Partial area ratio:    0.14
      Required ratio:    3.00 (Gate area) 
      Cumulative area ratio:    0.14
      Required ratio:    0.00 (Cumulative area) 

    Layer: met1
      Partial area ratio:  116.80
      Required ratio:    0.00 (Gate area) 
      Cumulative area ratio:  116.80
      Required ratio:    0.00 (Cumulative area) 
      Partial area ratio:  583.13
      Required ratio:  400.00 (Side area) (VIOLATED)
      Cumulative area ratio:  583.13
      Required ratio:    0.00 (Cumulative side area) 

    Layer: via
      Partial area ratio:    0.21
      Required ratio:    6.00 (Gate area) 
      Cumulative area ratio:    0.35
      Required ratio:    0.00 (Cumulative area) 

    Layer: met2
      Partial area ratio:    5.58
      Required ratio:    0.00 (Gate area) 
      Cumulative area ratio:  122.38
      Required ratio:    0.00 (Cumulative area) 
      Partial area ratio:   27.03
      Required ratio:  400.00 (Side area) 
      Cumulative area ratio:  610.16
      Required ratio:    0.00 (Cumulative side area) 

    Layer: via2
      Partial area ratio:    0.19
      Required ratio:    6.00 (Gate area) 
      Cumulative area ratio:    0.53
      Required ratio:    0.00 (Cumulative area) 

    Layer: met3
      Partial area ratio:   58.89
      Required ratio:    0.00 (Gate area) 
      Cumulative area ratio:  181.27
      Required ratio:    0.00 (Cumulative area) 
      Partial area ratio:  316.28
      Required ratio:  400.00 (Side area) 
      Cumulative area ratio:  926.44
      Required ratio:    0.00 (Cumulative side area) 

    Layer: via3
      Partial area ratio:    0.19
      Required ratio:    6.00 (Gate area) 
      Cumulative area ratio:    0.72
      Required ratio:    0.00 (Cumulative area) 

    Layer: met4
      Partial area ratio:   78.30
      Required ratio:    0.00 (Gate area) 
      Cumulative area ratio:  259.57
      Required ratio:    0.00 (Cumulative area) 
      Partial area ratio:  419.83
      Required ratio: 2886.20 (Side area) 
      Cumulative area ratio: 1346.27
      Required ratio:    0.00 (Cumulative side area) 



Net: net499
  Pin:   _3521_/B (sky130_fd_sc_hd__nand2_2)
    Layer: mcon
      Partial area ratio:    0.06
      Required ratio:    3.00 (Gate area) 
      Cumulative area ratio:    0.06
      Required ratio:    0.00 (Cumulative area) 

    Layer: met1
      Partial area ratio:    5.16
      Required ratio:    0.00 (Gate area) 
      Cumulative area ratio:    5.16
      Required ratio:    0.00 (Cumulative area) 
      Partial area ratio:   24.92
      Required ratio: 2778.20 (Side area) 
      Cumulative area ratio:   24.92
      Required ratio:    0.00 (Cumulative side area) 

    Layer: via
      Partial area ratio:    0.14
      Required ratio:   22.04 (Gate area) 
      Cumulative area ratio:    0.20
      Required ratio:    0.00 (Cumulative area) 

    Layer: met2
      Partial area ratio:    0.57
      Required ratio:    0.00 (Gate area) 
      Cumulative area ratio:    5.73
      Required ratio:    0.00 (Cumulative area) 
      Partial area ratio:    2.69
      Required ratio: 2778.20 (Side area) 
      Cumulative area ratio:   27.62
      Required ratio:    0.00 (Cumulative side area) 

    Layer: via2
      Partial area ratio:    0.06
      Required ratio:   22.04 (Gate area) 
      Cumulative area ratio:    0.27
      Required ratio:    0.00 (Cumulative area) 

    Layer: met3
      Partial area ratio:   23.53
      Required ratio:    0.00 (Gate area) 
      Cumulative area ratio:   29.26
      Required ratio:    0.00 (Cumulative area) 
      Partial area ratio:  126.26
      Required ratio: 2778.20 (Side area) 
      Cumulative area ratio:  153.88
      Required ratio:    0.00 (Cumulative side area) 

    Layer: via3
      Partial area ratio:    0.06
      Required ratio:   22.04 (Gate area) 
      Cumulative area ratio:    0.33
      Required ratio:    0.00 (Cumulative area) 

    Layer: met4
      Partial area ratio:   42.34
      Required ratio:    0.00 (Gate area) 
      Cumulative area ratio:   71.60
      Required ratio:    0.00 (Cumulative area) 
      Partial area ratio:  226.36
      Required ratio: 2778.20 (Side area) 
      Cumulative area ratio:  380.24
      Required ratio:    0.00 (Cumulative side area) 


  Pin:   _3525_/B (sky130_fd_sc_hd__and2_2)
    Layer: mcon
      Partial area ratio:    0.23
      Required ratio:    3.00 (Gate area) 
      Cumulative area ratio:    0.23
      Required ratio:    0.00 (Cumulative area) 

    Layer: met1
      Partial area ratio:    5.16
      Required ratio:    0.00 (Gate area) 
      Cumulative area ratio:    5.16
      Required ratio:    0.00 (Cumulative area) 
      Partial area ratio:   24.92
      Required ratio: 2778.20 (Side area) 
      Cumulative area ratio:   24.92
      Required ratio:    0.00 (Cumulative side area) 

    Layer: via
      Partial area ratio:    0.14
      Required ratio:   22.04 (Gate area) 
      Cumulative area ratio:    0.37
      Required ratio:    0.00 (Cumulative area) 

    Layer: met2
      Partial area ratio:    0.57
      Required ratio:    0.00 (Gate area) 
      Cumulative area ratio:    5.73
      Required ratio:    0.00 (Cumulative area) 
      Partial area ratio:    2.69
      Required ratio: 2778.20 (Side area) 
      Cumulative area ratio:   27.62
      Required ratio:    0.00 (Cumulative side area) 

    Layer: via2
      Partial area ratio:    0.06
      Required ratio:   22.04 (Gate area) 
      Cumulative area ratio:    0.44
      Required ratio:    0.00 (Cumulative area) 

    Layer: met3
      Partial area ratio:   23.53
      Required ratio:    0.00 (Gate area) 
      Cumulative area ratio:   29.26
      Required ratio:    0.00 (Cumulative area) 
      Partial area ratio:  126.26
      Required ratio: 2778.20 (Side area) 
      Cumulative area ratio:  153.88
      Required ratio:    0.00 (Cumulative side area) 

    Layer: via3
      Partial area ratio:    0.06
      Required ratio:   22.04 (Gate area) 
      Cumulative area ratio:    0.50
      Required ratio:    0.00 (Cumulative area) 

    Layer: met4
      Partial area ratio:   42.34
      Required ratio:    0.00 (Gate area) 
      Cumulative area ratio:   71.60
      Required ratio:    0.00 (Cumulative area) 
      Partial area ratio:  226.36
      Required ratio: 2778.20 (Side area) 
      Cumulative area ratio:  380.24
      Required ratio:    0.00 (Cumulative side area) 


  Pin:   output499/A (sky130_fd_sc_hd__clkdlybuf4s25_1)
    Layer: mcon
      Partial area ratio:    0.14
      Required ratio:    3.00 (Gate area) 
      Cumulative area ratio:    0.14
      Required ratio:    0.00 (Cumulative area) 

    Layer: met1
      Partial area ratio:    4.03
      Required ratio:    0.00 (Gate area) 
      Cumulative area ratio:    4.03
      Required ratio:    0.00 (Cumulative area) 
      Partial area ratio:   19.27
      Required ratio:  400.00 (Side area) 
      Cumulative area ratio:   19.27
      Required ratio:    0.00 (Cumulative side area) 

    Layer: via
      Partial area ratio:    0.21
      Required ratio:    6.00 (Gate area) 
      Cumulative area ratio:    0.35
      Required ratio:    0.00 (Cumulative area) 

    Layer: met2
      Partial area ratio:    5.58
      Required ratio:    0.00 (Gate area) 
      Cumulative area ratio:    9.60
      Required ratio:    0.00 (Cumulative area) 
      Partial area ratio:   27.03
      Required ratio:  400.00 (Side area) 
      Cumulative area ratio:   46.30
      Required ratio:    0.00 (Cumulative side area) 

    Layer: via2
      Partial area ratio:    0.19
      Required ratio:    6.00 (Gate area) 
      Cumulative area ratio:    0.53
      Required ratio:    0.00 (Cumulative area) 

    Layer: met3
      Partial area ratio:  282.41
      Required ratio:    0.00 (Gate area) 
      Cumulative area ratio:  292.02
      Required ratio:    0.00 (Cumulative area) 
      Partial area ratio: 1508.39
      Required ratio:  400.00 (Side area) (VIOLATED)
      Cumulative area ratio: 1554.69
      Required ratio:    0.00 (Cumulative side area) 

    Layer: via3
      Partial area ratio:    0.19
      Required ratio:    6.00 (Gate area) 
      Cumulative area ratio:    0.72
      Required ratio:    0.00 (Cumulative area) 

    Layer: met4
      Partial area ratio:   42.34
      Required ratio:    0.00 (Gate area) 
      Cumulative area ratio:  334.35
      Required ratio:    0.00 (Cumulative area) 
      Partial area ratio:  226.36
      Required ratio: 2778.20 (Side area) 
      Cumulative area ratio: 1781.05
      Required ratio:    0.00 (Cumulative side area) 



Net: net521
  Pin:   output521/A (sky130_fd_sc_hd__clkdlybuf4s25_1)
    Layer: mcon
      Partial area ratio:    0.14
      Required ratio:    3.00 (Gate area) 
      Cumulative area ratio:    0.14
      Required ratio:    0.00 (Cumulative area) 

    Layer: met1
      Partial area ratio:   80.26
      Required ratio:    0.00 (Gate area) 
      Cumulative area ratio:   80.26
      Required ratio:    0.00 (Cumulative area) 
      Partial area ratio:  400.41
      Required ratio:  400.00 (Side area) (VIOLATED)
      Cumulative area ratio:  400.41
      Required ratio:    0.00 (Cumulative side area) 

    Layer: via
      Partial area ratio:    0.21
      Required ratio:    6.00 (Gate area) 
      Cumulative area ratio:    0.35
      Required ratio:    0.00 (Cumulative area) 

    Layer: met2
      Partial area ratio:   23.72
      Required ratio:    0.00 (Gate area) 
      Cumulative area ratio:  103.97
      Required ratio:    0.00 (Cumulative area) 
      Partial area ratio:  117.73
      Required ratio:  400.00 (Side area) 
      Cumulative area ratio:  518.14
      Required ratio:    0.00 (Cumulative side area) 

    Layer: via2
      Partial area ratio:    0.19
      Required ratio:    6.00 (Gate area) 
      Cumulative area ratio:    0.53
      Required ratio:    0.00 (Cumulative area) 

    Layer: met3
      Partial area ratio:  136.61
      Required ratio:    0.00 (Gate area) 
      Cumulative area ratio:  240.59
      Required ratio:    0.00 (Cumulative area) 
      Partial area ratio:  730.82
      Required ratio: 2778.20 (Side area) 
      Cumulative area ratio: 1248.96
      Required ratio:    0.00 (Cumulative side area) 



Net: net534
  Pin:   _4666_/A (sky130_fd_sc_hd__xnor2_2)
    Layer: mcon
      Partial area ratio:    0.03
      Required ratio:    3.00 (Gate area) 
      Cumulative area ratio:    0.03
      Required ratio:    0.00 (Cumulative area) 

    Layer: met1
      Partial area ratio:    2.82
      Required ratio:    0.00 (Gate area) 
      Cumulative area ratio:    2.82
      Required ratio:    0.00 (Cumulative area) 
      Partial area ratio:   13.68
      Required ratio: 2778.20 (Side area) 
      Cumulative area ratio:   13.68
      Required ratio:    0.00 (Cumulative side area) 

    Layer: via
      Partial area ratio:    0.06
      Required ratio:   22.04 (Gate area) 
      Cumulative area ratio:    0.09
      Required ratio:    0.00 (Cumulative area) 

    Layer: met2
      Partial area ratio:    0.25
      Required ratio:    0.00 (Gate area) 
      Cumulative area ratio:    3.06
      Required ratio:    0.00 (Cumulative area) 
      Partial area ratio:    1.18
      Required ratio: 2778.20 (Side area) 
      Cumulative area ratio:   14.86
      Required ratio:    0.00 (Cumulative side area) 

    Layer: via2
      Partial area ratio:    0.02
      Required ratio:   22.04 (Gate area) 
      Cumulative area ratio:    0.11
      Required ratio:    0.00 (Cumulative area) 

    Layer: met3
      Partial area ratio:    0.06
      Required ratio:    0.00 (Gate area) 
      Cumulative area ratio:    3.12
      Required ratio:    0.00 (Cumulative area) 
      Partial area ratio:    0.54
      Required ratio: 2778.20 (Side area) 
      Cumulative area ratio:   15.40
      Required ratio:    0.00 (Cumulative side area) 

    Layer: via3
      Partial area ratio:    0.02
      Required ratio:   22.04 (Gate area) 
      Cumulative area ratio:    0.13
      Required ratio:    0.00 (Cumulative area) 

    Layer: met4
      Partial area ratio:   10.76
      Required ratio:    0.00 (Gate area) 
      Cumulative area ratio:   13.89
      Required ratio:    0.00 (Cumulative area) 
      Partial area ratio:   57.60
      Required ratio: 2778.20 (Side area) 
      Cumulative area ratio:   73.00
      Required ratio:    0.00 (Cumulative side area) 


  Pin:   _4683_/A1 (sky130_fd_sc_hd__o21a_2)
    Layer: mcon
      Partial area ratio:    0.12
      Required ratio:    3.00 (Gate area) 
      Cumulative area ratio:    0.12
      Required ratio:    0.00 (Cumulative area) 

    Layer: met1
      Partial area ratio:    2.82
      Required ratio:    0.00 (Gate area) 
      Cumulative area ratio:    2.82
      Required ratio:    0.00 (Cumulative area) 
      Partial area ratio:   13.68
      Required ratio: 2778.20 (Side area) 
      Cumulative area ratio:   13.68
      Required ratio:    0.00 (Cumulative side area) 

    Layer: via
      Partial area ratio:    0.06
      Required ratio:   22.04 (Gate area) 
      Cumulative area ratio:    0.18
      Required ratio:    0.00 (Cumulative area) 

    Layer: met2
      Partial area ratio:    0.25
      Required ratio:    0.00 (Gate area) 
      Cumulative area ratio:    3.06
      Required ratio:    0.00 (Cumulative area) 
      Partial area ratio:    1.18
      Required ratio: 2778.20 (Side area) 
      Cumulative area ratio:   14.86
      Required ratio:    0.00 (Cumulative side area) 

    Layer: via2
      Partial area ratio:    0.02
      Required ratio:   22.04 (Gate area) 
      Cumulative area ratio:    0.20
      Required ratio:    0.00 (Cumulative area) 

    Layer: met3
      Partial area ratio:    0.06
      Required ratio:    0.00 (Gate area) 
      Cumulative area ratio:    3.12
      Required ratio:    0.00 (Cumulative area) 
      Partial area ratio:    0.54
      Required ratio: 2778.20 (Side area) 
      Cumulative area ratio:   15.40
      Required ratio:    0.00 (Cumulative side area) 

    Layer: via3
      Partial area ratio:    0.02
      Required ratio:   22.04 (Gate area) 
      Cumulative area ratio:    0.22
      Required ratio:    0.00 (Cumulative area) 

    Layer: met4
      Partial area ratio:   10.76
      Required ratio:    0.00 (Gate area) 
      Cumulative area ratio:   13.89
      Required ratio:    0.00 (Cumulative area) 
      Partial area ratio:   57.60
      Required ratio: 2778.20 (Side area) 
      Cumulative area ratio:   73.00
      Required ratio:    0.00 (Cumulative side area) 


  Pin:   _4706_/A (sky130_fd_sc_hd__and2_2)
    Layer: mcon
      Partial area ratio:    0.23
      Required ratio:    3.00 (Gate area) 
      Cumulative area ratio:    0.23
      Required ratio:    0.00 (Cumulative area) 

    Layer: met1
      Partial area ratio:    2.82
      Required ratio:    0.00 (Gate area) 
      Cumulative area ratio:    2.82
      Required ratio:    0.00 (Cumulative area) 
      Partial area ratio:   13.68
      Required ratio: 2778.20 (Side area) 
      Cumulative area ratio:   13.68
      Required ratio:    0.00 (Cumulative side area) 

    Layer: via
      Partial area ratio:    0.06
      Required ratio:   22.04 (Gate area) 
      Cumulative area ratio:    0.29
      Required ratio:    0.00 (Cumulative area) 

    Layer: met2
      Partial area ratio:    0.25
      Required ratio:    0.00 (Gate area) 
      Cumulative area ratio:    3.06
      Required ratio:    0.00 (Cumulative area) 
      Partial area ratio:    1.18
      Required ratio: 2778.20 (Side area) 
      Cumulative area ratio:   14.86
      Required ratio:    0.00 (Cumulative side area) 

    Layer: via2
      Partial area ratio:    0.02
      Required ratio:   22.04 (Gate area) 
      Cumulative area ratio:    0.31
      Required ratio:    0.00 (Cumulative area) 

    Layer: met3
      Partial area ratio:    0.06
      Required ratio:    0.00 (Gate area) 
      Cumulative area ratio:    3.12
      Required ratio:    0.00 (Cumulative area) 
      Partial area ratio:    0.54
      Required ratio: 2778.20 (Side area) 
      Cumulative area ratio:   15.40
      Required ratio:    0.00 (Cumulative side area) 

    Layer: via3
      Partial area ratio:    0.02
      Required ratio:   22.04 (Gate area) 
      Cumulative area ratio:    0.33
      Required ratio:    0.00 (Cumulative area) 

    Layer: met4
      Partial area ratio:   10.76
      Required ratio:    0.00 (Gate area) 
      Cumulative area ratio:   13.89
      Required ratio:    0.00 (Cumulative area) 
      Partial area ratio:   57.60
      Required ratio: 2778.20 (Side area) 
      Cumulative area ratio:   73.00
      Required ratio:    0.00 (Cumulative side area) 


  Pin:   _4895_/A1 (sky130_fd_sc_hd__a21o_2)
    Layer: mcon
      Partial area ratio:    0.12
      Required ratio:    3.00 (Gate area) 
      Cumulative area ratio:    0.12
      Required ratio:    0.00 (Cumulative area) 

    Layer: met1
      Partial area ratio:    2.82
      Required ratio:    0.00 (Gate area) 
      Cumulative area ratio:    2.82
      Required ratio:    0.00 (Cumulative area) 
      Partial area ratio:   13.68
      Required ratio: 2778.20 (Side area) 
      Cumulative area ratio:   13.68
      Required ratio:    0.00 (Cumulative side area) 

    Layer: via
      Partial area ratio:    0.06
      Required ratio:   22.04 (Gate area) 
      Cumulative area ratio:    0.18
      Required ratio:    0.00 (Cumulative area) 

    Layer: met2
      Partial area ratio:    0.25
      Required ratio:    0.00 (Gate area) 
      Cumulative area ratio:    3.06
      Required ratio:    0.00 (Cumulative area) 
      Partial area ratio:    1.18
      Required ratio: 2778.20 (Side area) 
      Cumulative area ratio:   14.86
      Required ratio:    0.00 (Cumulative side area) 

    Layer: via2
      Partial area ratio:    0.02
      Required ratio:   22.04 (Gate area) 
      Cumulative area ratio:    0.20
      Required ratio:    0.00 (Cumulative area) 

    Layer: met3
      Partial area ratio:    0.06
      Required ratio:    0.00 (Gate area) 
      Cumulative area ratio:    3.12
      Required ratio:    0.00 (Cumulative area) 
      Partial area ratio:    0.54
      Required ratio: 2778.20 (Side area) 
      Cumulative area ratio:   15.40
      Required ratio:    0.00 (Cumulative side area) 

    Layer: via3
      Partial area ratio:    0.02
      Required ratio:   22.04 (Gate area) 
      Cumulative area ratio:    0.22
      Required ratio:    0.00 (Cumulative area) 

    Layer: met4
      Partial area ratio:   10.76
      Required ratio:    0.00 (Gate area) 
      Cumulative area ratio:   13.89
      Required ratio:    0.00 (Cumulative area) 
      Partial area ratio:   57.60
      Required ratio: 2778.20 (Side area) 
      Cumulative area ratio:   73.00
      Required ratio:    0.00 (Cumulative side area) 


  Pin:   _4911_/A (sky130_fd_sc_hd__nor2_2)
    Layer: mcon
      Partial area ratio:    0.06
      Required ratio:    3.00 (Gate area) 
      Cumulative area ratio:    0.06
      Required ratio:    0.00 (Cumulative area) 

    Layer: met1
      Partial area ratio:    2.82
      Required ratio:    0.00 (Gate area) 
      Cumulative area ratio:    2.82
      Required ratio:    0.00 (Cumulative area) 
      Partial area ratio:   13.68
      Required ratio: 2778.20 (Side area) 
      Cumulative area ratio:   13.68
      Required ratio:    0.00 (Cumulative side area) 

    Layer: via
      Partial area ratio:    0.06
      Required ratio:   22.04 (Gate area) 
      Cumulative area ratio:    0.12
      Required ratio:    0.00 (Cumulative area) 

    Layer: met2
      Partial area ratio:    0.25
      Required ratio:    0.00 (Gate area) 
      Cumulative area ratio:    3.06
      Required ratio:    0.00 (Cumulative area) 
      Partial area ratio:    1.18
      Required ratio: 2778.20 (Side area) 
      Cumulative area ratio:   14.86
      Required ratio:    0.00 (Cumulative side area) 

    Layer: via2
      Partial area ratio:    0.02
      Required ratio:   22.04 (Gate area) 
      Cumulative area ratio:    0.14
      Required ratio:    0.00 (Cumulative area) 

    Layer: met3
      Partial area ratio:    0.06
      Required ratio:    0.00 (Gate area) 
      Cumulative area ratio:    3.12
      Required ratio:    0.00 (Cumulative area) 
      Partial area ratio:    0.54
      Required ratio: 2778.20 (Side area) 
      Cumulative area ratio:   15.40
      Required ratio:    0.00 (Cumulative side area) 

    Layer: via3
      Partial area ratio:    0.02
      Required ratio:   22.04 (Gate area) 
      Cumulative area ratio:    0.16
      Required ratio:    0.00 (Cumulative area) 

    Layer: met4
      Partial area ratio:   10.76
      Required ratio:    0.00 (Gate area) 
      Cumulative area ratio:   13.89
      Required ratio:    0.00 (Cumulative area) 
      Partial area ratio:   57.60
      Required ratio: 2778.20 (Side area) 
      Cumulative area ratio:   73.00
      Required ratio:    0.00 (Cumulative side area) 


  Pin:   output534/A (sky130_fd_sc_hd__clkdlybuf4s25_1)
    Layer: mcon
      Partial area ratio:    0.14
      Required ratio:    3.00 (Gate area) 
      Cumulative area ratio:    0.14
      Required ratio:    0.00 (Cumulative area) 

    Layer: met1
      Partial area ratio:    2.96
      Required ratio:    0.00 (Gate area) 
      Cumulative area ratio:    2.96
      Required ratio:    0.00 (Cumulative area) 
      Partial area ratio:   13.91
      Required ratio:  400.00 (Side area) 
      Cumulative area ratio:   13.91
      Required ratio:    0.00 (Cumulative side area) 

    Layer: via
      Partial area ratio:    0.21
      Required ratio:    6.00 (Gate area) 
      Cumulative area ratio:    0.35
      Required ratio:    0.00 (Cumulative area) 

    Layer: met2
      Partial area ratio:    0.88
      Required ratio:    0.00 (Gate area) 
      Cumulative area ratio:    3.83
      Required ratio:    0.00 (Cumulative area) 
      Partial area ratio:    4.04
      Required ratio:  400.00 (Side area) 
      Cumulative area ratio:   17.95
      Required ratio:    0.00 (Cumulative side area) 

    Layer: via2
      Partial area ratio:    0.19
      Required ratio:    6.00 (Gate area) 
      Cumulative area ratio:    0.53
      Required ratio:    0.00 (Cumulative area) 

    Layer: met3
      Partial area ratio:   88.05
      Required ratio:    0.00 (Gate area) 
      Cumulative area ratio:   91.88
      Required ratio:    0.00 (Cumulative area) 
      Partial area ratio:  471.77
      Required ratio:  400.00 (Side area) (VIOLATED)
      Cumulative area ratio:  489.73
      Required ratio:    0.00 (Cumulative side area) 

    Layer: via3
      Partial area ratio:    0.19
      Required ratio:    6.00 (Gate area) 
      Cumulative area ratio:    0.72
      Required ratio:    0.00 (Cumulative area) 

    Layer: met4
      Partial area ratio:   10.76
      Required ratio:    0.00 (Gate area) 
      Cumulative area ratio:  102.64
      Required ratio:    0.00 (Cumulative area) 
      Partial area ratio:   57.60
      Required ratio: 2778.20 (Side area) 
      Cumulative area ratio:  547.33
      Required ratio:    0.00 (Cumulative side area) 



Net: net536
  Pin:   _4686_/A (sky130_fd_sc_hd__and3_2)
    Layer: mcon
      Partial area ratio:    0.23
      Required ratio:    3.00 (Gate area) 
      Cumulative area ratio:    0.23
      Required ratio:    0.00 (Cumulative area) 

    Layer: met1
      Partial area ratio:    4.08
      Required ratio:    0.00 (Gate area) 
      Cumulative area ratio:    4.08
      Required ratio:    0.00 (Cumulative area) 
      Partial area ratio:   19.58
      Required ratio: 2778.20 (Side area) 
      Cumulative area ratio:   19.58
      Required ratio:    0.00 (Cumulative side area) 

    Layer: via
      Partial area ratio:    0.15
      Required ratio:   22.04 (Gate area) 
      Cumulative area ratio:    0.38
      Required ratio:    0.00 (Cumulative area) 

    Layer: met2
      Partial area ratio:    1.43
      Required ratio:    0.00 (Gate area) 
      Cumulative area ratio:    5.52
      Required ratio:    0.00 (Cumulative area) 
      Partial area ratio:    6.98
      Required ratio: 2778.20 (Side area) 
      Cumulative area ratio:   26.56
      Required ratio:    0.00 (Cumulative side area) 

    Layer: via2
      Partial area ratio:    0.02
      Required ratio:   22.04 (Gate area) 
      Cumulative area ratio:    0.40
      Required ratio:    0.00 (Cumulative area) 

    Layer: met3
      Partial area ratio:    2.02
      Required ratio:    0.00 (Gate area) 
      Cumulative area ratio:    7.54
      Required ratio:    0.00 (Cumulative area) 
      Partial area ratio:   11.00
      Required ratio: 2778.20 (Side area) 
      Cumulative area ratio:   37.56
      Required ratio:    0.00 (Cumulative side area) 

    Layer: via3
      Partial area ratio:    0.02
      Required ratio:   22.04 (Gate area) 
      Cumulative area ratio:    0.42
      Required ratio:    0.00 (Cumulative area) 

    Layer: met4
      Partial area ratio:    8.07
      Required ratio:    0.00 (Gate area) 
      Cumulative area ratio:   15.61
      Required ratio:    0.00 (Cumulative area) 
      Partial area ratio:   43.24
      Required ratio: 2778.20 (Side area) 
      Cumulative area ratio:   80.80
      Required ratio:    0.00 (Cumulative side area) 


  Pin:   _4707_/B (sky130_fd_sc_hd__and4_2)
    Layer: mcon
      Partial area ratio:    0.23
      Required ratio:    3.00 (Gate area) 
      Cumulative area ratio:    0.23
      Required ratio:    0.00 (Cumulative area) 

    Layer: met1
      Partial area ratio:    4.08
      Required ratio:    0.00 (Gate area) 
      Cumulative area ratio:    4.08
      Required ratio:    0.00 (Cumulative area) 
      Partial area ratio:   19.58
      Required ratio: 2778.20 (Side area) 
      Cumulative area ratio:   19.58
      Required ratio:    0.00 (Cumulative side area) 

    Layer: via
      Partial area ratio:    0.15
      Required ratio:   22.04 (Gate area) 
      Cumulative area ratio:    0.38
      Required ratio:    0.00 (Cumulative area) 

    Layer: met2
      Partial area ratio:    1.43
      Required ratio:    0.00 (Gate area) 
      Cumulative area ratio:    5.52
      Required ratio:    0.00 (Cumulative area) 
      Partial area ratio:    6.98
      Required ratio: 2778.20 (Side area) 
      Cumulative area ratio:   26.56
      Required ratio:    0.00 (Cumulative side area) 

    Layer: via2
      Partial area ratio:    0.02
      Required ratio:   22.04 (Gate area) 
      Cumulative area ratio:    0.40
      Required ratio:    0.00 (Cumulative area) 

    Layer: met3
      Partial area ratio:    2.02
      Required ratio:    0.00 (Gate area) 
      Cumulative area ratio:    7.54
      Required ratio:    0.00 (Cumulative area) 
      Partial area ratio:   11.00
      Required ratio: 2778.20 (Side area) 
      Cumulative area ratio:   37.56
      Required ratio:    0.00 (Cumulative side area) 

    Layer: via3
      Partial area ratio:    0.02
      Required ratio:   22.04 (Gate area) 
      Cumulative area ratio:    0.42
      Required ratio:    0.00 (Cumulative area) 

    Layer: met4
      Partial area ratio:    8.07
      Required ratio:    0.00 (Gate area) 
      Cumulative area ratio:   15.61
      Required ratio:    0.00 (Cumulative area) 
      Partial area ratio:   43.24
      Required ratio: 2778.20 (Side area) 
      Cumulative area ratio:   80.80
      Required ratio:    0.00 (Cumulative side area) 


  Pin:   _4858_/A (sky130_fd_sc_hd__and2_2)
    Layer: mcon
      Partial area ratio:    0.23
      Required ratio:    3.00 (Gate area) 
      Cumulative area ratio:    0.23
      Required ratio:    0.00 (Cumulative area) 

    Layer: met1
      Partial area ratio:    4.08
      Required ratio:    0.00 (Gate area) 
      Cumulative area ratio:    4.08
      Required ratio:    0.00 (Cumulative area) 
      Partial area ratio:   19.58
      Required ratio: 2778.20 (Side area) 
      Cumulative area ratio:   19.58
      Required ratio:    0.00 (Cumulative side area) 

    Layer: via
      Partial area ratio:    0.15
      Required ratio:   22.04 (Gate area) 
      Cumulative area ratio:    0.38
      Required ratio:    0.00 (Cumulative area) 

    Layer: met2
      Partial area ratio:    1.43
      Required ratio:    0.00 (Gate area) 
      Cumulative area ratio:    5.52
      Required ratio:    0.00 (Cumulative area) 
      Partial area ratio:    6.98
      Required ratio: 2778.20 (Side area) 
      Cumulative area ratio:   26.56
      Required ratio:    0.00 (Cumulative side area) 

    Layer: via2
      Partial area ratio:    0.02
      Required ratio:   22.04 (Gate area) 
      Cumulative area ratio:    0.40
      Required ratio:    0.00 (Cumulative area) 

    Layer: met3
      Partial area ratio:    2.02
      Required ratio:    0.00 (Gate area) 
      Cumulative area ratio:    7.54
      Required ratio:    0.00 (Cumulative area) 
      Partial area ratio:   11.00
      Required ratio: 2778.20 (Side area) 
      Cumulative area ratio:   37.56
      Required ratio:    0.00 (Cumulative side area) 

    Layer: via3
      Partial area ratio:    0.02
      Required ratio:   22.04 (Gate area) 
      Cumulative area ratio:    0.42
      Required ratio:    0.00 (Cumulative area) 

    Layer: met4
      Partial area ratio:    8.07
      Required ratio:    0.00 (Gate area) 
      Cumulative area ratio:   15.61
      Required ratio:    0.00 (Cumulative area) 
      Partial area ratio:   43.24
      Required ratio: 2778.20 (Side area) 
      Cumulative area ratio:   80.80
      Required ratio:    0.00 (Cumulative side area) 


  Pin:   _4861_/A2 (sky130_fd_sc_hd__a31o_2)
    Layer: mcon
      Partial area ratio:    0.12
      Required ratio:    3.00 (Gate area) 
      Cumulative area ratio:    0.12
      Required ratio:    0.00 (Cumulative area) 

    Layer: met1
      Partial area ratio:    4.08
      Required ratio:    0.00 (Gate area) 
      Cumulative area ratio:    4.08
      Required ratio:    0.00 (Cumulative area) 
      Partial area ratio:   19.58
      Required ratio: 2778.20 (Side area) 
      Cumulative area ratio:   19.58
      Required ratio:    0.00 (Cumulative side area) 

    Layer: via
      Partial area ratio:    0.15
      Required ratio:   22.04 (Gate area) 
      Cumulative area ratio:    0.27
      Required ratio:    0.00 (Cumulative area) 

    Layer: met2
      Partial area ratio:    1.43
      Required ratio:    0.00 (Gate area) 
      Cumulative area ratio:    5.52
      Required ratio:    0.00 (Cumulative area) 
      Partial area ratio:    6.98
      Required ratio: 2778.20 (Side area) 
      Cumulative area ratio:   26.56
      Required ratio:    0.00 (Cumulative side area) 

    Layer: via2
      Partial area ratio:    0.02
      Required ratio:   22.04 (Gate area) 
      Cumulative area ratio:    0.28
      Required ratio:    0.00 (Cumulative area) 

    Layer: met3
      Partial area ratio:    2.02
      Required ratio:    0.00 (Gate area) 
      Cumulative area ratio:    7.54
      Required ratio:    0.00 (Cumulative area) 
      Partial area ratio:   11.00
      Required ratio: 2778.20 (Side area) 
      Cumulative area ratio:   37.56
      Required ratio:    0.00 (Cumulative side area) 

    Layer: via3
      Partial area ratio:    0.02
      Required ratio:   22.04 (Gate area) 
      Cumulative area ratio:    0.30
      Required ratio:    0.00 (Cumulative area) 

    Layer: met4
      Partial area ratio:    8.07
      Required ratio:    0.00 (Gate area) 
      Cumulative area ratio:   15.61
      Required ratio:    0.00 (Cumulative area) 
      Partial area ratio:   43.24
      Required ratio: 2778.20 (Side area) 
      Cumulative area ratio:   80.80
      Required ratio:    0.00 (Cumulative side area) 


  Pin:   _4868_/A (sky130_fd_sc_hd__xnor2_2)
    Layer: mcon
      Partial area ratio:    0.03
      Required ratio:    3.00 (Gate area) 
      Cumulative area ratio:    0.03
      Required ratio:    0.00 (Cumulative area) 

    Layer: met1
      Partial area ratio:    4.08
      Required ratio:    0.00 (Gate area) 
      Cumulative area ratio:    4.08
      Required ratio:    0.00 (Cumulative area) 
      Partial area ratio:   19.58
      Required ratio: 2778.20 (Side area) 
      Cumulative area ratio:   19.58
      Required ratio:    0.00 (Cumulative side area) 

    Layer: via
      Partial area ratio:    0.15
      Required ratio:   22.04 (Gate area) 
      Cumulative area ratio:    0.18
      Required ratio:    0.00 (Cumulative area) 

    Layer: met2
      Partial area ratio:    1.43
      Required ratio:    0.00 (Gate area) 
      Cumulative area ratio:    5.52
      Required ratio:    0.00 (Cumulative area) 
      Partial area ratio:    6.98
      Required ratio: 2778.20 (Side area) 
      Cumulative area ratio:   26.56
      Required ratio:    0.00 (Cumulative side area) 

    Layer: via2
      Partial area ratio:    0.02
      Required ratio:   22.04 (Gate area) 
      Cumulative area ratio:    0.20
      Required ratio:    0.00 (Cumulative area) 

    Layer: met3
      Partial area ratio:    2.02
      Required ratio:    0.00 (Gate area) 
      Cumulative area ratio:    7.54
      Required ratio:    0.00 (Cumulative area) 
      Partial area ratio:   11.00
      Required ratio: 2778.20 (Side area) 
      Cumulative area ratio:   37.56
      Required ratio:    0.00 (Cumulative side area) 

    Layer: via3
      Partial area ratio:    0.02
      Required ratio:   22.04 (Gate area) 
      Cumulative area ratio:    0.22
      Required ratio:    0.00 (Cumulative area) 

    Layer: met4
      Partial area ratio:    8.07
      Required ratio:    0.00 (Gate area) 
      Cumulative area ratio:   15.61
      Required ratio:    0.00 (Cumulative area) 
      Partial area ratio:   43.24
      Required ratio: 2778.20 (Side area) 
      Cumulative area ratio:   80.80
      Required ratio:    0.00 (Cumulative side area) 


  Pin:   _4869_/A1 (sky130_fd_sc_hd__o21ai_2)
    Layer: mcon
      Partial area ratio:    0.06
      Required ratio:    3.00 (Gate area) 
      Cumulative area ratio:    0.06
      Required ratio:    0.00 (Cumulative area) 

    Layer: met1
      Partial area ratio:    4.08
      Required ratio:    0.00 (Gate area) 
      Cumulative area ratio:    4.08
      Required ratio:    0.00 (Cumulative area) 
      Partial area ratio:   19.58
      Required ratio: 2778.20 (Side area) 
      Cumulative area ratio:   19.58
      Required ratio:    0.00 (Cumulative side area) 

    Layer: via
      Partial area ratio:    0.15
      Required ratio:   22.04 (Gate area) 
      Cumulative area ratio:    0.21
      Required ratio:    0.00 (Cumulative area) 

    Layer: met2
      Partial area ratio:    1.43
      Required ratio:    0.00 (Gate area) 
      Cumulative area ratio:    5.52
      Required ratio:    0.00 (Cumulative area) 
      Partial area ratio:    6.98
      Required ratio: 2778.20 (Side area) 
      Cumulative area ratio:   26.56
      Required ratio:    0.00 (Cumulative side area) 

    Layer: via2
      Partial area ratio:    0.02
      Required ratio:   22.04 (Gate area) 
      Cumulative area ratio:    0.23
      Required ratio:    0.00 (Cumulative area) 

    Layer: met3
      Partial area ratio:    2.02
      Required ratio:    0.00 (Gate area) 
      Cumulative area ratio:    7.54
      Required ratio:    0.00 (Cumulative area) 
      Partial area ratio:   11.00
      Required ratio: 2778.20 (Side area) 
      Cumulative area ratio:   37.56
      Required ratio:    0.00 (Cumulative side area) 

    Layer: via3
      Partial area ratio:    0.02
      Required ratio:   22.04 (Gate area) 
      Cumulative area ratio:    0.25
      Required ratio:    0.00 (Cumulative area) 

    Layer: met4
      Partial area ratio:    8.07
      Required ratio:    0.00 (Gate area) 
      Cumulative area ratio:   15.61
      Required ratio:    0.00 (Cumulative area) 
      Partial area ratio:   43.24
      Required ratio: 2778.20 (Side area) 
      Cumulative area ratio:   80.80
      Required ratio:    0.00 (Cumulative side area) 


  Pin:   output536/A (sky130_fd_sc_hd__clkdlybuf4s25_1)
    Layer: mcon
      Partial area ratio:    0.14
      Required ratio:    3.00 (Gate area) 
      Cumulative area ratio:    0.14
      Required ratio:    0.00 (Cumulative area) 

    Layer: met1
      Partial area ratio:    3.33
      Required ratio:    0.00 (Gate area) 
      Cumulative area ratio:    3.33
      Required ratio:    0.00 (Cumulative area) 
      Partial area ratio:   15.78
      Required ratio:  400.00 (Side area) 
      Cumulative area ratio:   15.78
      Required ratio:    0.00 (Cumulative side area) 

    Layer: via
      Partial area ratio:    0.21
      Required ratio:    6.00 (Gate area) 
      Cumulative area ratio:    0.35
      Required ratio:    0.00 (Cumulative area) 

    Layer: met2
      Partial area ratio:    5.58
      Required ratio:    0.00 (Gate area) 
      Cumulative area ratio:    8.91
      Required ratio:    0.00 (Cumulative area) 
      Partial area ratio:   27.03
      Required ratio:  400.00 (Side area) 
      Cumulative area ratio:   42.82
      Required ratio:    0.00 (Cumulative side area) 

    Layer: via2
      Partial area ratio:    0.19
      Required ratio:    6.00 (Gate area) 
      Cumulative area ratio:    0.53
      Required ratio:    0.00 (Cumulative area) 

    Layer: met3
      Partial area ratio:  107.48
      Required ratio:    0.00 (Gate area) 
      Cumulative area ratio:  116.39
      Required ratio:    0.00 (Cumulative area) 
      Partial area ratio:  575.44
      Required ratio:  400.00 (Side area) (VIOLATED)
      Cumulative area ratio:  618.25
      Required ratio:    0.00 (Cumulative side area) 

    Layer: via3
      Partial area ratio:    0.19
      Required ratio:    6.00 (Gate area) 
      Cumulative area ratio:    0.72
      Required ratio:    0.00 (Cumulative area) 

    Layer: met4
      Partial area ratio:    8.07
      Required ratio:    0.00 (Gate area) 
      Cumulative area ratio:  124.46
      Required ratio:    0.00 (Cumulative area) 
      Partial area ratio:   43.24
      Required ratio: 2778.20 (Side area) 
      Cumulative area ratio:  661.49
      Required ratio:    0.00 (Cumulative side area) 



[INFO ANT-0002] Found 15 net violations.
[INFO ANT-0001] Found 17 pin violations.
