Instance,Terminal,Layer,X location,Y location,Voltage
FILLER_108_645,VGND,li1,307.5100,304.6400,0.000003
FILLER_108_635,VGND,li1,302.4500,304.6400,0.000003
FILLER_108_632,VGND,li1,301.5300,304.6400,0.000003
FILLER_108_629,VGND,li1,300.1500,304.6400,0.000003
FILLER_108_620,VGND,li1,295.5500,304.6400,0.000003
FILLER_108_617,VGND,li1,294.6300,304.6400,0.000003
FILLER_108_614,VGND,li1,293.0200,304.6400,0.000003
FILLER_108_611,VGND,li1,291.8700,304.6400,0.000003
FILLER_108_608,VGND,li1,290.4900,304.6400,0.000003
FILLER_108_605,VGND,li1,289.1100,304.6400,0.000003
FILLER_108_595,VGND,li1,284.2800,304.6400,0.000003
FILLER_108_592,VGND,li1,283.1300,304.6400,0.000003
FILLER_108_589,VGND,li1,281.7500,304.6400,0.000003
FILLER_108_587,VGND,li1,280.3700,304.6400,0.000003
FILLER_108_584,VGND,li1,279.4500,304.6400,0.000003
FILLER_108_581,VGND,li1,278.0700,304.6400,0.000003
FILLER_108_570,VGND,li1,273.0100,304.6400,0.000004
FILLER_108_567,VGND,li1,271.6300,304.6400,0.000004
FILLER_108_564,VGND,li1,270.2500,304.6400,0.000004
FILLER_108_561,VGND,li1,268.8700,304.6400,0.000004
FILLER_108_557,VGND,li1,267.0300,304.6400,0.000004
FILLER_108_529,VGND,li1,254.1500,304.6400,0.000005
FILLER_108_526,VGND,li1,252.7700,304.6400,0.000005
FILLER_108_516,VGND,li1,247.7100,304.6400,0.000005
FILLER_108_513,VGND,li1,246.7900,304.6400,0.000005
FILLER_108_503,VGND,li1,241.7300,304.6400,0.000005
FILLER_108_494,VGND,li1,237.5900,304.6400,0.000005
FILLER_108_491,VGND,li1,236.6700,304.6400,0.000005
FILLER_108_488,VGND,li1,235.2900,304.6400,0.000004
FILLER_108_485,VGND,li1,233.9100,304.6400,0.000004
FILLER_108_475,VGND,li1,228.8500,304.6400,0.000003
FILLER_108_455,VGND,li1,219.6500,304.6400,0.000003
FILLER_108_452,VGND,li1,218.7300,304.6400,0.000002
FILLER_108_449,VGND,li1,217.3500,304.6400,0.000002
FILLER_108_446,VGND,li1,215.7400,304.6400,0.000002
FILLER_108_443,VGND,li1,214.5900,304.6400,0.000002
FILLER_108_440,VGND,li1,213.2100,304.6400,0.000002
FILLER_108_437,VGND,li1,211.8300,304.6400,0.000002
FILLER_108_427,VGND,li1,207.0000,304.6400,0.000002
FILLER_108_424,VGND,li1,205.8500,304.6400,0.000002
FILLER_108_421,VGND,li1,204.4700,304.6400,0.000002
FILLER_108_419,VGND,li1,203.0900,304.6400,0.000002
FILLER_108_416,VGND,li1,202.1700,304.6400,0.000001
FILLER_108_413,VGND,li1,200.7900,304.6400,0.000001
FILLER_108_402,VGND,li1,195.7300,304.6400,0.000002
FILLER_108_399,VGND,li1,194.3500,304.6400,0.000002
FILLER_108_396,VGND,li1,192.9700,304.6400,0.000002
FILLER_108_393,VGND,li1,191.5900,304.6400,0.000002
FILLER_108_389,VGND,li1,189.7500,304.6400,0.000002
FILLER_108_380,VGND,li1,185.1500,304.6400,0.000002
FILLER_108_377,VGND,li1,184.2300,304.6400,0.000002
FILLER_108_374,VGND,li1,182.8500,304.6400,0.000003
FILLER_108_371,VGND,li1,181.4700,304.6400,0.000003
FILLER_108_368,VGND,li1,180.0900,304.6400,0.000003
FILLER_108_365,VGND,li1,178.7100,304.6400,0.000003
FILLER_108_355,VGND,li1,173.6500,304.6400,0.000003
FILLER_108_352,VGND,li1,172.7300,304.6400,0.000003
FILLER_108_349,VGND,li1,171.3500,304.6400,0.000004
FILLER_108_346,VGND,li1,169.9700,304.6400,0.000004
FILLER_108_337,VGND,li1,165.3700,304.6400,0.000004
FILLER_108_299,VGND,li1,147.8900,304.6400,0.000006
FILLER_108_296,VGND,li1,146.9700,304.6400,0.000006
FILLER_108_284,VGND,li1,140.9900,304.6400,0.000005
FILLER_108_281,VGND,li1,140.0700,304.6400,0.000005
FILLER_108_279,VGND,li1,138.6900,304.6400,0.000004
FILLER_108_276,VGND,li1,137.7700,304.6400,0.000004
FILLER_108_271,VGND,li1,135.2400,304.6400,0.000005
FILLER_108_253,VGND,li1,126.9600,304.6400,0.000006
FILLER_108_250,VGND,li1,125.5800,304.6400,0.000006
FILLER_108_247,VGND,li1,124.4300,304.6400,0.000006
FILLER_108_228,VGND,li1,115.6900,304.6400,0.000005
FILLER_108_225,VGND,li1,114.3100,304.6400,0.000005
FILLER_108_222,VGND,li1,112.7000,304.6400,0.000005
FILLER_108_197,VGND,li1,100.9700,304.6400,0.000005
FILLER_108_186,VGND,li1,96.1400,304.6400,0.000005
FILLER_108_183,VGND,li1,94.9900,304.6400,0.000005
FILLER_108_180,VGND,li1,93.6100,304.6400,0.000005
FILLER_108_177,VGND,li1,92.2300,304.6400,0.000005
FILLER_108_167,VGND,li1,87.1700,304.6400,0.000004
FILLER_108_164,VGND,li1,86.2500,304.6400,0.000004
FILLER_108_161,VGND,li1,84.8700,304.6400,0.000004
FILLER_108_158,VGND,li1,83.4900,304.6400,0.000004
FILLER_108_155,VGND,li1,82.1100,304.6400,0.000003
FILLER_108_152,VGND,li1,80.7300,304.6400,0.000003
FILLER_108_149,VGND,li1,79.3500,304.6400,0.000003
FILLER_108_137,VGND,li1,73.8300,304.6400,0.000004
FILLER_108_134,VGND,li1,72.4500,304.6400,0.000004
FILLER_108_131,VGND,li1,71.0700,304.6400,0.000004
FILLER_108_128,VGND,li1,69.6900,304.6400,0.000004
FILLER_108_125,VGND,li1,68.3100,304.6400,0.000004
FILLER_108_116,VGND,li1,63.7100,304.6400,0.000004
FILLER_108_113,VGND,li1,62.7900,304.6400,0.000004
FILLER_108_109,VGND,li1,60.9500,304.6400,0.000004
FILLER_108_91,VGND,li1,52.4400,304.6400,0.000003
FILLER_108_88,VGND,li1,51.2900,304.6400,0.000003
FILLER_108_85,VGND,li1,49.9100,304.6400,0.000002
FILLER_108_83,VGND,li1,48.5300,304.6400,0.000002
FILLER_108_80,VGND,li1,47.6100,304.6400,0.000002
FILLER_108_77,VGND,li1,46.2300,304.6400,0.000002
FILLER_108_66,VGND,li1,41.1700,304.6400,0.000001
FILLER_108_63,VGND,li1,39.7900,304.6400,0.000001
FILLER_108_60,VGND,li1,38.4100,304.6400,0.000001
FILLER_108_57,VGND,li1,37.0300,304.6400,0.000001
FILLER_108_53,VGND,li1,35.1900,304.6400,0.000001
FILLER_108_44,VGND,li1,30.5900,304.6400,0.000001
FILLER_108_41,VGND,li1,29.6700,304.6400,0.000001
FILLER_108_38,VGND,li1,28.2900,304.6400,0.000001
FILLER_108_35,VGND,li1,26.9100,304.6400,0.000001
FILLER_108_32,VGND,li1,25.5300,304.6400,0.000001
FILLER_108_29,VGND,li1,24.1500,304.6400,0.000001
FILLER_108_19,VGND,li1,19.0900,304.6400,0.000000
FILLER_107_629,VGND,li1,300.1500,304.6400,0.000003
FILLER_107_626,VGND,li1,298.7700,304.6400,0.000003
FILLER_107_623,VGND,li1,297.3900,304.6400,0.000003
FILLER_107_620,VGND,li1,296.0100,304.6400,0.000003
FILLER_107_617,VGND,li1,294.6300,304.6400,0.000003
FILLER_107_581,VGND,li1,277.6100,304.6400,0.000003
FILLER_107_564,VGND,li1,269.7900,304.6400,0.000004
FILLER_107_517,VGND,li1,248.1700,304.6400,0.000005
FILLER_107_514,VGND,li1,247.2500,304.6400,0.000005
FILLER_107_511,VGND,li1,245.8700,304.6400,0.000005
FILLER_107_508,VGND,li1,244.4900,304.6400,0.000005
FILLER_107_461,VGND,li1,222.4100,304.6400,0.000003
FILLER_107_458,VGND,li1,221.4900,304.6400,0.000003
FILLER_107_443,VGND,li1,214.3600,304.6400,0.000002
FILLER_107_440,VGND,li1,213.2100,304.6400,0.000002
FILLER_107_437,VGND,li1,211.8300,304.6400,0.000002
FILLER_107_434,VGND,li1,210.4500,304.6400,0.000002
FILLER_107_419,VGND,li1,203.3200,304.6400,0.000002
FILLER_107_416,VGND,li1,202.1700,304.6400,0.000001
FILLER_107_413,VGND,li1,200.7900,304.6400,0.000001
FILLER_107_405,VGND,li1,197.1100,304.6400,0.000001
FILLER_107_402,VGND,li1,195.7300,304.6400,0.000002
FILLER_107_399,VGND,li1,194.3500,304.6400,0.000002
FILLER_107_396,VGND,li1,192.9700,304.6400,0.000002
FILLER_107_393,VGND,li1,191.5900,304.6400,0.000002
FILLER_107_380,VGND,li1,185.1500,304.6400,0.000002
FILLER_107_377,VGND,li1,184.2300,304.6400,0.000002
FILLER_107_334,VGND,li1,164.2200,304.6400,0.000004
FILLER_107_306,VGND,li1,151.1100,304.6400,0.000006
FILLER_107_303,VGND,li1,150.1900,304.6400,0.000006
FILLER_107_281,VGND,li1,139.6100,304.6400,0.000005
FILLER_107_257,VGND,li1,128.8000,304.6400,0.000006
FILLER_107_254,VGND,li1,127.6500,304.6400,0.000006
FILLER_107_228,VGND,li1,115.4600,304.6400,0.000005
FILLER_107_225,VGND,li1,114.3100,304.6400,0.000005
FILLER_107_178,VGND,li1,92.2300,304.6400,0.000005
FILLER_107_175,VGND,li1,91.3100,304.6400,0.000004
FILLER_107_172,VGND,li1,89.9300,304.6400,0.000004
FILLER_107_169,VGND,li1,88.5500,304.6400,0.000004
FILLER_107_165,VGND,li1,86.7100,304.6400,0.000004
FILLER_107_162,VGND,li1,85.3300,304.6400,0.000004
FILLER_107_153,VGND,li1,80.7300,304.6400,0.000003
FILLER_107_150,VGND,li1,79.8100,304.6400,0.000003
FILLER_107_113,VGND,li1,62.3300,304.6400,0.000004
FILLER_107_109,VGND,li1,60.9500,304.6400,0.000004
FILLER_107_90,VGND,li1,51.9800,304.6400,0.000003
FILLER_107_87,VGND,li1,50.8300,304.6400,0.000002
FILLER_107_84,VGND,li1,49.4500,304.6400,0.000002
FILLER_107_81,VGND,li1,48.0700,304.6400,0.000002
FILLER_107_78,VGND,li1,46.6900,304.6400,0.000002
FILLER_107_75,VGND,li1,45.3100,304.6400,0.000002
FILLER_107_72,VGND,li1,43.9300,304.6400,0.000002
FILLER_107_69,VGND,li1,42.5500,304.6400,0.000002
FILLER_107_66,VGND,li1,41.1700,304.6400,0.000001
FILLER_107_63,VGND,li1,39.7900,304.6400,0.000001
FILLER_107_60,VGND,li1,38.4100,304.6400,0.000001
FILLER_107_57,VGND,li1,37.0300,304.6400,0.000001
FILLER_107_55,VGND,li1,35.6500,304.6400,0.000001
FILLER_107_52,VGND,li1,34.7300,304.6400,0.000001
FILLER_107_49,VGND,li1,33.3500,304.6400,0.000001
FILLER_107_46,VGND,li1,31.9700,304.6400,0.000001
FILLER_107_43,VGND,li1,30.5900,304.6400,0.000001
FILLER_107_40,VGND,li1,29.2100,304.6400,0.000001
FILLER_107_37,VGND,li1,27.8300,304.6400,0.000001
FILLER_107_34,VGND,li1,26.4500,304.6400,0.000001
FILLER_107_31,VGND,li1,25.0700,304.6400,0.000001
FILLER_107_28,VGND,li1,23.6900,304.6400,0.000001
FILLER_107_25,VGND,li1,22.3100,304.6400,0.000001
FILLER_107_22,VGND,li1,20.9300,304.6400,0.000001
FILLER_106_645,VGND,li1,307.5100,299.2000,0.000002
FILLER_106_634,VGND,li1,302.2200,299.2000,0.000002
FILLER_106_631,VGND,li1,301.0700,299.2000,0.000002
FILLER_106_628,VGND,li1,299.6900,299.2000,0.000002
FILLER_106_625,VGND,li1,298.3100,299.2000,0.000002
FILLER_106_622,VGND,li1,296.9300,299.2000,0.000002
FILLER_106_619,VGND,li1,295.5500,299.2000,0.000002
FILLER_106_616,VGND,li1,294.1700,299.2000,0.000002
FILLER_106_613,VGND,li1,292.7900,299.2000,0.000002
FILLER_106_610,VGND,li1,291.4100,299.2000,0.000002
FILLER_106_604,VGND,li1,288.6500,299.2000,0.000002
FILLER_106_601,VGND,li1,287.2700,299.2000,0.000002
FILLER_106_598,VGND,li1,285.8900,299.2000,0.000003
FILLER_106_595,VGND,li1,284.5100,299.2000,0.000003
FILLER_106_589,VGND,li1,281.2900,299.2000,0.000003
FILLER_106_587,VGND,li1,280.3700,299.2000,0.000004
FILLER_106_584,VGND,li1,279.4500,299.2000,0.000004
FILLER_106_581,VGND,li1,278.0700,299.2000,0.000005
FILLER_106_578,VGND,li1,276.6900,299.2000,0.000005
FILLER_106_562,VGND,li1,269.3300,299.2000,0.000005
FILLER_106_559,VGND,li1,267.9500,299.2000,0.000005
FILLER_106_533,VGND,li1,255.5300,299.2000,0.000004
FILLER_106_527,VGND,li1,253.0000,299.2000,0.000004
FILLER_106_524,VGND,li1,251.8500,299.2000,0.000004
FILLER_106_521,VGND,li1,250.4700,299.2000,0.000004
FILLER_106_518,VGND,li1,249.0900,299.2000,0.000004
FILLER_106_488,VGND,li1,234.8300,299.2000,0.000004
FILLER_106_485,VGND,li1,233.9100,299.2000,0.000004
FILLER_106_473,VGND,li1,228.3900,299.2000,0.000003
FILLER_106_463,VGND,li1,223.3300,299.2000,0.000004
FILLER_106_460,VGND,li1,222.4100,299.2000,0.000004
FILLER_106_433,VGND,li1,209.9900,299.2000,0.000005
FILLER_106_430,VGND,li1,208.6100,299.2000,0.000005
FILLER_106_427,VGND,li1,207.2300,299.2000,0.000004
FILLER_106_424,VGND,li1,205.8500,299.2000,0.000004
FILLER_106_421,VGND,li1,204.4700,299.2000,0.000004
FILLER_106_419,VGND,li1,203.0900,299.2000,0.000003
FILLER_106_416,VGND,li1,202.1700,299.2000,0.000003
FILLER_106_402,VGND,li1,195.5000,299.2000,0.000002
FILLER_106_399,VGND,li1,194.3500,299.2000,0.000002
FILLER_106_396,VGND,li1,192.9700,299.2000,0.000002
FILLER_106_393,VGND,li1,191.5900,299.2000,0.000002
FILLER_106_386,VGND,li1,187.9100,299.2000,0.000002
FILLER_106_383,VGND,li1,186.9900,299.2000,0.000002
FILLER_106_380,VGND,li1,185.6100,299.2000,0.000002
FILLER_106_377,VGND,li1,184.2300,299.2000,0.000002
FILLER_106_374,VGND,li1,182.8500,299.2000,0.000002
FILLER_106_371,VGND,li1,181.4700,299.2000,0.000002
FILLER_106_356,VGND,li1,174.5700,299.2000,0.000002
FILLER_106_344,VGND,li1,168.5900,299.2000,0.000002
FILLER_106_321,VGND,li1,158.2400,299.2000,0.000003
FILLER_106_318,VGND,li1,157.0900,299.2000,0.000003
FILLER_106_305,VGND,li1,151.1100,299.2000,0.000004
FILLER_106_302,VGND,li1,149.7300,299.2000,0.000004
FILLER_106_290,VGND,li1,144.2100,299.2000,0.000004
FILLER_106_287,VGND,li1,142.8300,299.2000,0.000004
FILLER_106_277,VGND,li1,138.0000,299.2000,0.000005
FILLER_106_274,VGND,li1,136.8500,299.2000,0.000005
FILLER_106_242,VGND,li1,121.9000,299.2000,0.000007
FILLER_106_167,VGND,li1,87.6300,299.2000,0.000003
FILLER_106_164,VGND,li1,86.2500,299.2000,0.000002
FILLER_106_161,VGND,li1,84.8700,299.2000,0.000002
FILLER_106_141,VGND,li1,75.4400,299.2000,0.000002
FILLER_106_138,VGND,li1,74.0600,299.2000,0.000002
FILLER_106_134,VGND,li1,71.9900,299.2000,0.000002
FILLER_106_131,VGND,li1,71.0700,299.2000,0.000002
FILLER_106_128,VGND,li1,69.6900,299.2000,0.000002
FILLER_106_106,VGND,li1,59.1100,299.2000,0.000002
FILLER_106_103,VGND,li1,58.1900,299.2000,0.000002
FILLER_106_100,VGND,li1,56.8100,299.2000,0.000002
FILLER_106_97,VGND,li1,55.4300,299.2000,0.000002
FILLER_106_94,VGND,li1,54.0500,299.2000,0.000001
FILLER_106_91,VGND,li1,52.6700,299.2000,0.000001
FILLER_106_88,VGND,li1,51.2900,299.2000,0.000001
FILLER_106_85,VGND,li1,49.9100,299.2000,0.000001
FILLER_106_74,VGND,li1,44.6200,299.2000,0.000001
FILLER_106_71,VGND,li1,43.4700,299.2000,0.000001
FILLER_106_68,VGND,li1,42.0900,299.2000,0.000001
FILLER_106_65,VGND,li1,40.7100,299.2000,0.000001
FILLER_106_62,VGND,li1,39.3300,299.2000,0.000001
FILLER_106_59,VGND,li1,37.9500,299.2000,0.000001
FILLER_106_56,VGND,li1,36.5700,299.2000,0.000001
FILLER_106_53,VGND,li1,35.1900,299.2000,0.000001
FILLER_106_50,VGND,li1,33.8100,299.2000,0.000001
FILLER_106_47,VGND,li1,32.4300,299.2000,0.000000
FILLER_106_44,VGND,li1,31.0500,299.2000,0.000000
FILLER_106_41,VGND,li1,29.6700,299.2000,0.000000
FILLER_106_38,VGND,li1,28.2900,299.2000,0.000000
FILLER_106_35,VGND,li1,26.9100,299.2000,0.000000
FILLER_106_32,VGND,li1,25.5300,299.2000,0.000000
FILLER_106_29,VGND,li1,24.1500,299.2000,0.000000
FILLER_106_26,VGND,li1,22.5400,299.2000,0.000000
FILLER_106_23,VGND,li1,21.3900,299.2000,0.000000
FILLER_106_20,VGND,li1,20.0100,299.2000,0.000000
FILLER_106_17,VGND,li1,18.6300,299.2000,0.000000
FILLER_106_14,VGND,li1,17.2500,299.2000,0.000000
FILLER_105_638,VGND,li1,304.0600,299.2000,0.000002
FILLER_105_635,VGND,li1,302.9100,299.2000,0.000002
FILLER_105_632,VGND,li1,301.5300,299.2000,0.000002
FILLER_105_629,VGND,li1,300.1500,299.2000,0.000002
FILLER_105_626,VGND,li1,298.7700,299.2000,0.000002
FILLER_105_623,VGND,li1,297.3900,299.2000,0.000002
FILLER_105_620,VGND,li1,296.0100,299.2000,0.000002
FILLER_105_617,VGND,li1,294.6300,299.2000,0.000002
FILLER_105_614,VGND,li1,293.0200,299.2000,0.000002
FILLER_105_611,VGND,li1,291.8700,299.2000,0.000002
FILLER_105_606,VGND,li1,289.3400,299.2000,0.000002
FILLER_105_603,VGND,li1,288.1900,299.2000,0.000002
FILLER_105_558,VGND,li1,267.2600,299.2000,0.000005
FILLER_105_555,VGND,li1,266.1100,299.2000,0.000005
FILLER_105_552,VGND,li1,264.7300,299.2000,0.000005
FILLER_105_540,VGND,li1,258.7500,299.2000,0.000003
FILLER_105_533,VGND,li1,255.5300,299.2000,0.000004
FILLER_105_523,VGND,li1,251.1600,299.2000,0.000004
FILLER_105_511,VGND,li1,245.8700,299.2000,0.000005
FILLER_105_508,VGND,li1,244.4900,299.2000,0.000005
FILLER_105_505,VGND,li1,243.1100,299.2000,0.000005
FILLER_105_489,VGND,li1,235.7500,299.2000,0.000004
FILLER_105_482,VGND,li1,232.0700,299.2000,0.000003
FILLER_105_479,VGND,li1,231.1500,299.2000,0.000003
FILLER_105_476,VGND,li1,229.7700,299.2000,0.000003
FILLER_105_473,VGND,li1,228.3900,299.2000,0.000003
FILLER_105_470,VGND,li1,227.0100,299.2000,0.000004
FILLER_105_467,VGND,li1,225.6300,299.2000,0.000004
FILLER_105_464,VGND,li1,224.2500,299.2000,0.000004
FILLER_105_461,VGND,li1,222.8700,299.2000,0.000004
FILLER_105_458,VGND,li1,221.4900,299.2000,0.000004
FILLER_105_452,VGND,li1,218.5000,299.2000,0.000005
FILLER_105_449,VGND,li1,217.3500,299.2000,0.000006
FILLER_105_426,VGND,li1,206.3100,299.2000,0.000004
FILLER_105_423,VGND,li1,205.3900,299.2000,0.000004
FILLER_105_420,VGND,li1,204.0100,299.2000,0.000004
FILLER_105_417,VGND,li1,202.6300,299.2000,0.000003
FILLER_105_414,VGND,li1,201.2500,299.2000,0.000003
FILLER_105_411,VGND,li1,199.8700,299.2000,0.000003
FILLER_105_408,VGND,li1,198.4900,299.2000,0.000002
FILLER_105_405,VGND,li1,197.1100,299.2000,0.000002
FILLER_105_402,VGND,li1,195.7300,299.2000,0.000002
FILLER_105_399,VGND,li1,194.3500,299.2000,0.000002
FILLER_105_396,VGND,li1,192.9700,299.2000,0.000002
FILLER_105_393,VGND,li1,191.5900,299.2000,0.000002
FILLER_105_391,VGND,li1,190.2100,299.2000,0.000002
FILLER_105_383,VGND,li1,186.9900,299.2000,0.000002
FILLER_105_368,VGND,li1,179.8600,299.2000,0.000002
FILLER_105_365,VGND,li1,178.7100,299.2000,0.000002
FILLER_105_362,VGND,li1,177.3300,299.2000,0.000002
FILLER_105_359,VGND,li1,175.9500,299.2000,0.000002
FILLER_105_356,VGND,li1,174.5700,299.2000,0.000002
FILLER_105_353,VGND,li1,173.1900,299.2000,0.000002
FILLER_105_350,VGND,li1,171.8100,299.2000,0.000002
FILLER_105_347,VGND,li1,170.4300,299.2000,0.000002
FILLER_105_343,VGND,li1,168.1300,299.2000,0.000002
FILLER_105_340,VGND,li1,167.2100,299.2000,0.000002
FILLER_105_337,VGND,li1,165.8300,299.2000,0.000003
FILLER_105_334,VGND,li1,164.2200,299.2000,0.000003
FILLER_105_325,VGND,li1,159.8500,299.2000,0.000003
FILLER_105_314,VGND,li1,155.0200,299.2000,0.000004
FILLER_105_311,VGND,li1,153.8700,299.2000,0.000004
FILLER_105_308,VGND,li1,152.4900,299.2000,0.000004
FILLER_105_305,VGND,li1,151.1100,299.2000,0.000004
FILLER_105_302,VGND,li1,149.7300,299.2000,0.000004
FILLER_105_299,VGND,li1,148.3500,299.2000,0.000004
FILLER_105_296,VGND,li1,146.9700,299.2000,0.000004
FILLER_105_293,VGND,li1,145.5900,299.2000,0.000004
FILLER_105_290,VGND,li1,144.2100,299.2000,0.000004
FILLER_105_287,VGND,li1,142.8300,299.2000,0.000004
FILLER_105_278,VGND,li1,138.4600,299.2000,0.000005
FILLER_105_275,VGND,li1,137.3100,299.2000,0.000005
FILLER_105_266,VGND,li1,132.9400,299.2000,0.000007
FILLER_105_237,VGND,li1,119.6000,299.2000,0.000007
FILLER_105_234,VGND,li1,118.4500,299.2000,0.000007
FILLER_105_231,VGND,li1,117.0700,299.2000,0.000006
FILLER_105_228,VGND,li1,115.6900,299.2000,0.000006
FILLER_105_225,VGND,li1,114.3100,299.2000,0.000006
FILLER_105_221,VGND,li1,112.4700,299.2000,0.000005
FILLER_105_218,VGND,li1,111.0900,299.2000,0.000005
FILLER_105_215,VGND,li1,109.7100,299.2000,0.000004
FILLER_105_212,VGND,li1,108.3300,299.2000,0.000004
FILLER_105_209,VGND,li1,106.9500,299.2000,0.000004
FILLER_105_206,VGND,li1,105.5700,299.2000,0.000004
FILLER_105_203,VGND,li1,104.1900,299.2000,0.000004
FILLER_105_200,VGND,li1,102.8100,299.2000,0.000004
FILLER_105_197,VGND,li1,101.4300,299.2000,0.000004
FILLER_105_194,VGND,li1,100.0500,299.2000,0.000004
FILLER_105_179,VGND,li1,92.6900,299.2000,0.000003
FILLER_105_169,VGND,li1,88.5500,299.2000,0.000003
FILLER_105_166,VGND,li1,86.9400,299.2000,0.000003
FILLER_105_163,VGND,li1,85.7900,299.2000,0.000002
FILLER_105_151,VGND,li1,80.2700,299.2000,0.000002
FILLER_105_148,VGND,li1,78.8900,299.2000,0.000002
FILLER_105_145,VGND,li1,77.5100,299.2000,0.000002
FILLER_105_142,VGND,li1,76.1300,299.2000,0.000002
FILLER_105_139,VGND,li1,74.7500,299.2000,0.000002
FILLER_105_130,VGND,li1,70.1500,299.2000,0.000002
FILLER_105_127,VGND,li1,69.2300,299.2000,0.000002
FILLER_105_121,VGND,li1,66.0100,299.2000,0.000003
FILLER_105_110,VGND,li1,61.1800,299.2000,0.000002
FILLER_105_107,VGND,li1,60.0300,299.2000,0.000002
FILLER_105_104,VGND,li1,58.6500,299.2000,0.000002
FILLER_105_95,VGND,li1,54.0500,299.2000,0.000001
FILLER_105_92,VGND,li1,53.1300,299.2000,0.000001
FILLER_105_75,VGND,li1,44.8500,299.2000,0.000001
FILLER_105_72,VGND,li1,43.9300,299.2000,0.000001
FILLER_105_69,VGND,li1,42.5500,299.2000,0.000001
FILLER_105_66,VGND,li1,41.1700,299.2000,0.000001
FILLER_105_57,VGND,li1,36.5700,299.2000,0.000001
FILLER_105_53,VGND,li1,35.1900,299.2000,0.000001
FILLER_105_50,VGND,li1,33.8100,299.2000,0.000001
FILLER_105_47,VGND,li1,32.4300,299.2000,0.000000
FILLER_105_44,VGND,li1,31.0500,299.2000,0.000000
FILLER_105_41,VGND,li1,29.6700,299.2000,0.000000
FILLER_105_38,VGND,li1,28.2900,299.2000,0.000000
FILLER_105_35,VGND,li1,26.9100,299.2000,0.000000
FILLER_105_32,VGND,li1,25.5300,299.2000,0.000000
FILLER_105_29,VGND,li1,24.1500,299.2000,0.000000
FILLER_105_26,VGND,li1,22.7700,299.2000,0.000000
FILLER_105_23,VGND,li1,21.3900,299.2000,0.000000
FILLER_105_20,VGND,li1,20.0100,299.2000,0.000000
FILLER_105_17,VGND,li1,18.6300,299.2000,0.000000
FILLER_105_14,VGND,li1,17.2500,299.2000,0.000000
FILLER_105_11,VGND,li1,15.8700,299.2000,0.000000
FILLER_104_645,VGND,li1,307.5100,293.7600,0.000004
FILLER_104_641,VGND,li1,305.6700,293.7600,0.000004
FILLER_104_638,VGND,li1,304.2900,293.7600,0.000004
FILLER_104_635,VGND,li1,302.9100,293.7600,0.000004
FILLER_104_632,VGND,li1,301.5300,293.7600,0.000004
FILLER_104_629,VGND,li1,300.1500,293.7600,0.000004
FILLER_104_626,VGND,li1,298.7700,293.7600,0.000004
FILLER_104_623,VGND,li1,297.3900,293.7600,0.000004
FILLER_104_620,VGND,li1,296.0100,293.7600,0.000004
FILLER_104_598,VGND,li1,285.4300,293.7600,0.000004
FILLER_104_595,VGND,li1,284.5100,293.7600,0.000004
FILLER_104_592,VGND,li1,283.1300,293.7600,0.000004
FILLER_104_589,VGND,li1,281.7500,293.7600,0.000004
FILLER_104_586,VGND,li1,280.1400,293.7600,0.000004
FILLER_104_583,VGND,li1,278.9900,293.7600,0.000004
FILLER_104_577,VGND,li1,276.2300,293.7600,0.000004
FILLER_104_574,VGND,li1,274.8500,293.7600,0.000005
FILLER_104_571,VGND,li1,273.4700,293.7600,0.000005
FILLER_104_548,VGND,li1,262.6600,293.7600,0.000003
FILLER_104_545,VGND,li1,261.5100,293.7600,0.000003
FILLER_104_542,VGND,li1,260.1300,293.7600,0.000003
FILLER_104_539,VGND,li1,258.7500,293.7600,0.000003
FILLER_104_536,VGND,li1,257.3700,293.7600,0.000003
FILLER_104_533,VGND,li1,255.9900,293.7600,0.000003
FILLER_104_510,VGND,li1,244.9500,293.7600,0.000004
FILLER_104_507,VGND,li1,244.0300,293.7600,0.000004
FILLER_104_497,VGND,li1,239.2000,293.7600,0.000003
FILLER_104_494,VGND,li1,238.0500,293.7600,0.000003
FILLER_104_491,VGND,li1,236.6700,293.7600,0.000003
FILLER_104_488,VGND,li1,235.2900,293.7600,0.000003
FILLER_104_485,VGND,li1,233.9100,293.7600,0.000003
FILLER_104_472,VGND,li1,227.4700,293.7600,0.000003
FILLER_104_469,VGND,li1,226.5500,293.7600,0.000003
FILLER_104_462,VGND,li1,222.8700,293.7600,0.000002
FILLER_104_459,VGND,li1,221.9500,293.7600,0.000002
FILLER_104_433,VGND,li1,209.5300,293.7600,0.000002
FILLER_104_430,VGND,li1,208.6100,293.7600,0.000002
FILLER_104_427,VGND,li1,207.2300,293.7600,0.000002
FILLER_104_424,VGND,li1,205.8500,293.7600,0.000002
FILLER_104_421,VGND,li1,204.4700,293.7600,0.000001
FILLER_104_417,VGND,li1,202.6300,293.7600,0.000001
FILLER_104_414,VGND,li1,201.2500,293.7600,0.000001
FILLER_104_411,VGND,li1,199.8700,293.7600,0.000001
FILLER_104_408,VGND,li1,198.4900,293.7600,0.000001
FILLER_104_405,VGND,li1,197.1100,293.7600,0.000001
FILLER_104_402,VGND,li1,195.7300,293.7600,0.000001
FILLER_104_392,VGND,li1,190.9000,293.7600,0.000002
FILLER_104_389,VGND,li1,189.7500,293.7600,0.000002
FILLER_104_386,VGND,li1,188.3700,293.7600,0.000002
FILLER_104_383,VGND,li1,186.9900,293.7600,0.000002
FILLER_104_380,VGND,li1,185.6100,293.7600,0.000002
FILLER_104_377,VGND,li1,184.2300,293.7600,0.000002
FILLER_104_374,VGND,li1,182.8500,293.7600,0.000003
FILLER_104_371,VGND,li1,181.4700,293.7600,0.000003
FILLER_104_356,VGND,li1,174.5700,293.7600,0.000003
FILLER_104_353,VGND,li1,173.1900,293.7600,0.000003
FILLER_104_350,VGND,li1,171.8100,293.7600,0.000003
FILLER_104_333,VGND,li1,163.7600,293.7600,0.000006
FILLER_104_309,VGND,li1,152.9500,293.7600,0.000011
FILLER_104_307,VGND,li1,151.5700,293.7600,0.000011
FILLER_104_297,VGND,li1,147.2000,293.7600,0.000013
FILLER_104_294,VGND,li1,146.0500,293.7600,0.000013
FILLER_104_291,VGND,li1,144.6700,293.7600,0.000013
FILLER_104_288,VGND,li1,143.2900,293.7600,0.000013
FILLER_104_265,VGND,li1,132.7100,293.7600,0.000014
FILLER_104_262,VGND,li1,131.3300,293.7600,0.000014
FILLER_104_253,VGND,li1,126.7300,293.7600,0.000012
FILLER_104_249,VGND,li1,125.3500,293.7600,0.000012
FILLER_104_246,VGND,li1,123.9700,293.7600,0.000011
FILLER_104_243,VGND,li1,122.5900,293.7600,0.000011
FILLER_104_240,VGND,li1,121.2100,293.7600,0.000010
FILLER_104_237,VGND,li1,119.8300,293.7600,0.000010
FILLER_104_234,VGND,li1,118.4500,293.7600,0.000009
FILLER_104_231,VGND,li1,117.0700,293.7600,0.000009
FILLER_104_221,VGND,li1,112.2400,293.7600,0.000007
FILLER_104_218,VGND,li1,111.0900,293.7600,0.000006
FILLER_104_206,VGND,li1,105.3400,293.7600,0.000006
FILLER_104_203,VGND,li1,104.1900,293.7600,0.000006
FILLER_104_200,VGND,li1,102.8100,293.7600,0.000006
FILLER_104_197,VGND,li1,101.4300,293.7600,0.000006
FILLER_104_195,VGND,li1,100.0500,293.7600,0.000007
FILLER_104_192,VGND,li1,99.1300,293.7600,0.000007
FILLER_104_183,VGND,li1,94.5300,293.7600,0.000008
FILLER_104_180,VGND,li1,93.6100,293.7600,0.000008
FILLER_104_177,VGND,li1,92.2300,293.7600,0.000009
FILLER_104_174,VGND,li1,90.8500,293.7600,0.000009
FILLER_104_171,VGND,li1,89.4700,293.7600,0.000009
FILLER_104_168,VGND,li1,88.0900,293.7600,0.000010
FILLER_104_165,VGND,li1,86.7100,293.7600,0.000010
FILLER_104_162,VGND,li1,85.3300,293.7600,0.000010
FILLER_104_159,VGND,li1,83.9500,293.7600,0.000011
FILLER_104_156,VGND,li1,82.5700,293.7600,0.000011
FILLER_104_153,VGND,li1,81.1900,293.7600,0.000012
FILLER_104_150,VGND,li1,79.8100,293.7600,0.000012
FILLER_104_147,VGND,li1,78.4300,293.7600,0.000012
FILLER_104_144,VGND,li1,77.0500,293.7600,0.000016
FILLER_104_141,VGND,li1,75.6700,293.7600,0.000016
FILLER_104_85,VGND,li1,49.9100,293.7600,0.000010
FILLER_104_66,VGND,li1,40.7100,293.7600,0.000010
FILLER_104_38,VGND,li1,28.2900,293.7600,0.000007
FILLER_104_35,VGND,li1,26.9100,293.7600,0.000006
FILLER_104_32,VGND,li1,25.5300,293.7600,0.000005
FILLER_104_29,VGND,li1,24.1500,293.7600,0.000005
FILLER_104_26,VGND,li1,22.5400,293.7600,0.000004
FILLER_104_23,VGND,li1,21.3900,293.7600,0.000004
FILLER_104_20,VGND,li1,20.0100,293.7600,0.000004
FILLER_104_17,VGND,li1,18.6300,293.7600,0.000003
FILLER_104_14,VGND,li1,17.2500,293.7600,0.000003
FILLER_104_11,VGND,li1,15.8700,293.7600,0.000003
FILLER_103_647,VGND,li1,307.9700,293.7600,0.000004
FILLER_103_644,VGND,li1,307.0500,293.7600,0.000004
FILLER_103_641,VGND,li1,305.6700,293.7600,0.000004
FILLER_103_638,VGND,li1,304.2900,293.7600,0.000004
FILLER_103_635,VGND,li1,302.9100,293.7600,0.000004
FILLER_103_632,VGND,li1,301.5300,293.7600,0.000004
FILLER_103_629,VGND,li1,300.1500,293.7600,0.000004
FILLER_103_626,VGND,li1,298.7700,293.7600,0.000004
FILLER_103_623,VGND,li1,297.3900,293.7600,0.000004
FILLER_103_620,VGND,li1,296.0100,293.7600,0.000004
FILLER_103_617,VGND,li1,294.6300,293.7600,0.000004
FILLER_103_594,VGND,li1,283.5900,293.7600,0.000004
FILLER_103_591,VGND,li1,282.6700,293.7600,0.000004
FILLER_103_588,VGND,li1,281.2900,293.7600,0.000004
FILLER_103_585,VGND,li1,279.9100,293.7600,0.000004
FILLER_103_576,VGND,li1,275.3100,293.7600,0.000004
FILLER_103_573,VGND,li1,274.3900,293.7600,0.000005
FILLER_103_570,VGND,li1,273.0100,293.7600,0.000005
FILLER_103_567,VGND,li1,271.6300,293.7600,0.000005
FILLER_103_564,VGND,li1,270.2500,293.7600,0.000005
FILLER_103_557,VGND,li1,267.0300,293.7600,0.000005
FILLER_103_554,VGND,li1,265.6500,293.7600,0.000004
FILLER_103_551,VGND,li1,264.2700,293.7600,0.000004
FILLER_103_548,VGND,li1,262.8900,293.7600,0.000003
FILLER_103_528,VGND,li1,253.6900,293.7600,0.000004
FILLER_103_523,VGND,li1,251.1600,293.7600,0.000004
FILLER_103_511,VGND,li1,245.8700,293.7600,0.000004
FILLER_103_508,VGND,li1,244.4900,293.7600,0.000004
FILLER_103_505,VGND,li1,243.1100,293.7600,0.000004
FILLER_103_502,VGND,li1,241.5000,293.7600,0.000004
FILLER_103_499,VGND,li1,240.3500,293.7600,0.000003
FILLER_103_496,VGND,li1,238.9700,293.7600,0.000003
FILLER_103_493,VGND,li1,237.5900,293.7600,0.000003
FILLER_103_461,VGND,li1,222.6400,293.7600,0.000002
FILLER_103_449,VGND,li1,217.3500,293.7600,0.000002
FILLER_103_429,VGND,li1,207.9200,293.7600,0.000002
FILLER_103_426,VGND,li1,206.7700,293.7600,0.000002
FILLER_103_408,VGND,li1,198.4900,293.7600,0.000001
FILLER_103_405,VGND,li1,197.1100,293.7600,0.000001
FILLER_103_402,VGND,li1,195.7300,293.7600,0.000001
FILLER_103_399,VGND,li1,194.3500,293.7600,0.000001
FILLER_103_396,VGND,li1,192.9700,293.7600,0.000002
FILLER_103_393,VGND,li1,191.5900,293.7600,0.000002
FILLER_103_389,VGND,li1,189.7500,293.7600,0.000002
FILLER_103_379,VGND,li1,185.1500,293.7600,0.000002
FILLER_103_376,VGND,li1,183.7700,293.7600,0.000002
FILLER_103_373,VGND,li1,182.3900,293.7600,0.000003
FILLER_103_370,VGND,li1,181.0100,293.7600,0.000003
FILLER_103_367,VGND,li1,179.6300,293.7600,0.000003
FILLER_103_364,VGND,li1,178.2500,293.7600,0.000003
FILLER_103_355,VGND,li1,173.6500,293.7600,0.000003
FILLER_103_352,VGND,li1,172.7300,293.7600,0.000003
FILLER_103_349,VGND,li1,171.3500,293.7600,0.000003
FILLER_103_346,VGND,li1,169.9700,293.7600,0.000004
FILLER_103_343,VGND,li1,168.5900,293.7600,0.000004
FILLER_103_340,VGND,li1,167.2100,293.7600,0.000005
FILLER_103_337,VGND,li1,165.8300,293.7600,0.000005
FILLER_103_335,VGND,li1,164.4500,293.7600,0.000006
FILLER_103_332,VGND,li1,163.5300,293.7600,0.000006
FILLER_103_317,VGND,li1,156.6300,293.7600,0.000010
FILLER_103_314,VGND,li1,155.2500,293.7600,0.000010
FILLER_103_311,VGND,li1,153.8700,293.7600,0.000011
FILLER_103_308,VGND,li1,152.4900,293.7600,0.000011
FILLER_103_305,VGND,li1,151.1100,293.7600,0.000011
FILLER_103_302,VGND,li1,149.7300,293.7600,0.000012
FILLER_103_299,VGND,li1,148.3500,293.7600,0.000012
FILLER_103_296,VGND,li1,146.9700,293.7600,0.000013
FILLER_103_293,VGND,li1,145.5900,293.7600,0.000013
FILLER_103_290,VGND,li1,144.2100,293.7600,0.000013
FILLER_103_278,VGND,li1,138.4600,293.7600,0.000015
FILLER_103_256,VGND,li1,128.1100,293.7600,0.000012
FILLER_103_251,VGND,li1,126.0400,293.7600,0.000012
FILLER_103_240,VGND,li1,120.9800,293.7600,0.000010
FILLER_103_237,VGND,li1,119.8300,293.7600,0.000010
FILLER_103_225,VGND,li1,114.0800,293.7600,0.000007
FILLER_103_222,VGND,li1,112.7000,293.7600,0.000007
FILLER_103_219,VGND,li1,111.5500,293.7600,0.000006
FILLER_103_216,VGND,li1,110.1700,293.7600,0.000006
FILLER_103_203,VGND,li1,104.1900,293.7600,0.000006
FILLER_103_200,VGND,li1,102.8100,293.7600,0.000006
FILLER_103_197,VGND,li1,101.4300,293.7600,0.000006
FILLER_103_194,VGND,li1,100.0500,293.7600,0.000007
FILLER_103_191,VGND,li1,98.6700,293.7600,0.000007
FILLER_103_188,VGND,li1,97.2900,293.7600,0.000007
FILLER_103_178,VGND,li1,92.6900,293.7600,0.000009
FILLER_103_175,VGND,li1,91.3100,293.7600,0.000009
FILLER_103_172,VGND,li1,89.9300,293.7600,0.000009
FILLER_103_169,VGND,li1,88.5500,293.7600,0.000010
FILLER_103_165,VGND,li1,86.7100,293.7600,0.000010
FILLER_103_162,VGND,li1,85.3300,293.7600,0.000010
FILLER_103_159,VGND,li1,83.9500,293.7600,0.000011
FILLER_103_156,VGND,li1,82.5700,293.7600,0.000011
FILLER_103_148,VGND,li1,78.4300,293.7600,0.000012
FILLER_103_145,VGND,li1,77.5100,293.7600,0.000012
FILLER_103_122,VGND,li1,66.9300,293.7600,0.000023
FILLER_103_113,VGND,li1,62.3300,293.7600,0.000020
FILLER_103_111,VGND,li1,61.4100,293.7600,0.000020
FILLER_103_108,VGND,li1,60.4900,293.7600,0.000019
FILLER_103_105,VGND,li1,59.1100,293.7600,0.000019
FILLER_103_95,VGND,li1,54.2800,293.7600,0.000014
FILLER_103_92,VGND,li1,53.1300,293.7600,0.000014
FILLER_103_73,VGND,li1,44.1600,293.7600,0.000010
FILLER_103_70,VGND,li1,43.0100,293.7600,0.000010
FILLER_103_60,VGND,li1,37.9500,293.7600,0.000010
FILLER_103_57,VGND,li1,37.0300,293.7600,0.000010
FILLER_103_55,VGND,li1,35.6500,293.7600,0.000009
FILLER_103_52,VGND,li1,34.7300,293.7600,0.000009
FILLER_103_33,VGND,li1,25.9900,293.7600,0.000006
FILLER_103_30,VGND,li1,24.6100,293.7600,0.000005
FILLER_103_27,VGND,li1,23.2300,293.7600,0.000004
FILLER_103_24,VGND,li1,21.8500,293.7600,0.000004
FILLER_103_21,VGND,li1,20.4700,293.7600,0.000004
FILLER_103_18,VGND,li1,19.0900,293.7600,0.000003
FILLER_103_15,VGND,li1,17.7100,293.7600,0.000003
FILLER_103_12,VGND,li1,16.3300,293.7600,0.000003
FILLER_103_9,VGND,li1,14.9500,293.7600,0.000003
FILLER_103_6,VGND,li1,13.5700,293.7600,0.000003
FILLER_103_3,VGND,li1,12.1900,293.7600,0.000003
FILLER_102_645,VGND,li1,307.5100,288.3200,0.000014
FILLER_102_642,VGND,li1,305.9000,288.3200,0.000014
FILLER_102_639,VGND,li1,304.7500,288.3200,0.000014
FILLER_102_636,VGND,li1,303.3700,288.3200,0.000014
FILLER_102_633,VGND,li1,301.9900,288.3200,0.000014
FILLER_102_630,VGND,li1,300.6100,288.3200,0.000014
FILLER_102_627,VGND,li1,299.2300,288.3200,0.000014
FILLER_102_624,VGND,li1,297.8500,288.3200,0.000014
FILLER_102_621,VGND,li1,296.4700,288.3200,0.000014
FILLER_102_618,VGND,li1,295.0900,288.3200,0.000014
FILLER_102_615,VGND,li1,293.7100,288.3200,0.000014
FILLER_102_612,VGND,li1,292.3300,288.3200,0.000014
FILLER_102_595,VGND,li1,284.5100,288.3200,0.000018
FILLER_102_587,VGND,li1,280.3700,288.3200,0.000016
FILLER_102_564,VGND,li1,270.0200,288.3200,0.000011
FILLER_102_561,VGND,li1,268.8700,288.3200,0.000010
FILLER_102_551,VGND,li1,264.0400,288.3200,0.000007
FILLER_102_548,VGND,li1,262.8900,288.3200,0.000007
FILLER_102_545,VGND,li1,261.5100,288.3200,0.000006
FILLER_102_542,VGND,li1,260.1300,288.3200,0.000006
FILLER_102_539,VGND,li1,258.7500,288.3200,0.000004
FILLER_102_536,VGND,li1,257.3700,288.3200,0.000004
FILLER_102_533,VGND,li1,255.9900,288.3200,0.000004
FILLER_102_529,VGND,li1,254.1500,288.3200,0.000004
FILLER_102_526,VGND,li1,252.7700,288.3200,0.000004
FILLER_102_523,VGND,li1,251.3900,288.3200,0.000004
FILLER_102_520,VGND,li1,250.0100,288.3200,0.000004
FILLER_102_517,VGND,li1,248.6300,288.3200,0.000003
FILLER_102_514,VGND,li1,247.2500,288.3200,0.000003
FILLER_102_511,VGND,li1,245.8700,288.3200,0.000003
FILLER_102_508,VGND,li1,244.4900,288.3200,0.000003
FILLER_102_499,VGND,li1,239.8900,288.3200,0.000003
FILLER_102_496,VGND,li1,238.9700,288.3200,0.000002
FILLER_102_493,VGND,li1,237.5900,288.3200,0.000002
FILLER_102_490,VGND,li1,236.2100,288.3200,0.000002
FILLER_102_487,VGND,li1,234.8300,288.3200,0.000002
FILLER_102_477,VGND,li1,230.0000,288.3200,0.000001
FILLER_102_475,VGND,li1,228.8500,288.3200,0.000001
FILLER_102_472,VGND,li1,227.9300,288.3200,0.000002
FILLER_102_469,VGND,li1,226.5500,288.3200,0.000002
FILLER_102_466,VGND,li1,225.1700,288.3200,0.000002
FILLER_102_463,VGND,li1,223.7900,288.3200,0.000002
FILLER_102_460,VGND,li1,222.4100,288.3200,0.000002
FILLER_102_457,VGND,li1,221.0300,288.3200,0.000002
FILLER_102_454,VGND,li1,219.6500,288.3200,0.000002
FILLER_102_451,VGND,li1,218.2700,288.3200,0.000002
FILLER_102_448,VGND,li1,216.8900,288.3200,0.000003
FILLER_102_424,VGND,li1,205.8500,288.3200,0.000002
FILLER_102_421,VGND,li1,204.4700,288.3200,0.000002
FILLER_102_419,VGND,li1,203.0900,288.3200,0.000002
FILLER_102_416,VGND,li1,202.1700,288.3200,0.000002
FILLER_102_413,VGND,li1,200.7900,288.3200,0.000002
FILLER_102_410,VGND,li1,199.4100,288.3200,0.000001
FILLER_102_407,VGND,li1,198.0300,288.3200,0.000001
FILLER_102_398,VGND,li1,193.6600,288.3200,0.000001
FILLER_102_395,VGND,li1,192.5100,288.3200,0.000001
FILLER_102_392,VGND,li1,191.1300,288.3200,0.000001
FILLER_102_382,VGND,li1,186.3000,288.3200,0.000001
FILLER_102_379,VGND,li1,185.1500,288.3200,0.000001
FILLER_102_376,VGND,li1,183.7700,288.3200,0.000001
FILLER_102_373,VGND,li1,182.3900,288.3200,0.000001
FILLER_102_363,VGND,li1,177.3300,288.3200,0.000001
FILLER_102_330,VGND,li1,162.6100,288.3200,0.000002
FILLER_102_327,VGND,li1,161.2300,288.3200,0.000002
FILLER_102_324,VGND,li1,159.8500,288.3200,0.000001
FILLER_102_321,VGND,li1,158.4700,288.3200,0.000001
FILLER_102_318,VGND,li1,157.0900,288.3200,0.000001
FILLER_102_315,VGND,li1,155.7100,288.3200,0.000001
FILLER_102_312,VGND,li1,154.3300,288.3200,0.000001
FILLER_102_309,VGND,li1,152.9500,288.3200,0.000001
FILLER_102_299,VGND,li1,147.8900,288.3200,0.000001
FILLER_102_296,VGND,li1,146.9700,288.3200,0.000001
FILLER_102_293,VGND,li1,145.5900,288.3200,0.000001
FILLER_102_290,VGND,li1,144.2100,288.3200,0.000001
FILLER_102_280,VGND,li1,139.6100,288.3200,0.000000
FILLER_102_270,VGND,li1,134.7800,288.3200,0.000001
FILLER_102_259,VGND,li1,129.4900,288.3200,0.000001
FILLER_102_256,VGND,li1,128.5700,288.3200,0.000001
FILLER_102_253,VGND,li1,127.1900,288.3200,0.000001
FILLER_102_251,VGND,li1,125.8100,288.3200,0.000001
FILLER_102_248,VGND,li1,124.8900,288.3200,0.000001
FILLER_102_238,VGND,li1,120.0600,288.3200,0.000001
FILLER_102_235,VGND,li1,118.9100,288.3200,0.000001
FILLER_102_232,VGND,li1,117.5300,288.3200,0.000001
FILLER_102_229,VGND,li1,116.1500,288.3200,0.000001
FILLER_102_226,VGND,li1,114.7700,288.3200,0.000001
FILLER_102_223,VGND,li1,113.3900,288.3200,0.000001
FILLER_102_220,VGND,li1,112.0100,288.3200,0.000001
FILLER_102_209,VGND,li1,106.9500,288.3200,0.000001
FILLER_102_190,VGND,li1,97.7500,288.3200,0.000001
FILLER_102_187,VGND,li1,96.8300,288.3200,0.000001
FILLER_102_180,VGND,li1,93.3800,288.3200,0.000001
FILLER_102_177,VGND,li1,92.2300,288.3200,0.000002
FILLER_102_174,VGND,li1,90.8500,288.3200,0.000002
FILLER_102_165,VGND,li1,86.4800,288.3200,0.000002
FILLER_102_162,VGND,li1,85.3300,288.3200,0.000002
FILLER_102_159,VGND,li1,83.9500,288.3200,0.000002
FILLER_102_156,VGND,li1,82.5700,288.3200,0.000002
FILLER_102_153,VGND,li1,81.1900,288.3200,0.000002
FILLER_102_150,VGND,li1,79.8100,288.3200,0.000002
FILLER_102_147,VGND,li1,78.4300,288.3200,0.000002
FILLER_102_144,VGND,li1,77.0500,288.3200,0.000003
FILLER_102_141,VGND,li1,75.6700,288.3200,0.000003
FILLER_102_124,VGND,li1,67.3900,288.3200,0.000006
FILLER_102_97,VGND,li1,54.9700,288.3200,0.000006
FILLER_102_94,VGND,li1,54.0500,288.3200,0.000006
FILLER_102_91,VGND,li1,52.6700,288.3200,0.000006
FILLER_102_88,VGND,li1,51.2900,288.3200,0.000006
FILLER_102_85,VGND,li1,49.9100,288.3200,0.000005
FILLER_102_83,VGND,li1,48.5300,288.3200,0.000005
FILLER_102_73,VGND,li1,44.1600,288.3200,0.000006
FILLER_102_55,VGND,li1,35.6500,288.3200,0.000007
FILLER_102_52,VGND,li1,34.7300,288.3200,0.000007
FILLER_102_32,VGND,li1,25.5300,288.3200,0.000005
FILLER_102_29,VGND,li1,24.1500,288.3200,0.000005
FILLER_102_27,VGND,li1,22.7700,288.3200,0.000004
FILLER_102_24,VGND,li1,21.8500,288.3200,0.000004
FILLER_102_21,VGND,li1,20.4700,288.3200,0.000003
FILLER_102_18,VGND,li1,19.0900,288.3200,0.000003
FILLER_102_15,VGND,li1,17.7100,288.3200,0.000003
FILLER_102_12,VGND,li1,16.3300,288.3200,0.000003
FILLER_102_9,VGND,li1,14.9500,288.3200,0.000003
FILLER_102_6,VGND,li1,13.5700,288.3200,0.000003
FILLER_102_3,VGND,li1,12.1900,288.3200,0.000003
FILLER_101_647,VGND,li1,307.9700,288.3200,0.000014
FILLER_101_644,VGND,li1,307.0500,288.3200,0.000014
FILLER_101_641,VGND,li1,305.6700,288.3200,0.000014
FILLER_101_638,VGND,li1,304.2900,288.3200,0.000014
FILLER_101_635,VGND,li1,302.9100,288.3200,0.000014
FILLER_101_632,VGND,li1,301.5300,288.3200,0.000014
FILLER_101_629,VGND,li1,300.1500,288.3200,0.000014
FILLER_101_626,VGND,li1,298.7700,288.3200,0.000014
FILLER_101_623,VGND,li1,297.3900,288.3200,0.000014
FILLER_101_617,VGND,li1,294.6300,288.3200,0.000014
FILLER_101_614,VGND,li1,293.0200,288.3200,0.000014
FILLER_101_611,VGND,li1,291.8700,288.3200,0.000014
FILLER_101_583,VGND,li1,278.9900,288.3200,0.000015
FILLER_101_580,VGND,li1,277.6100,288.3200,0.000015
FILLER_101_576,VGND,li1,275.3100,288.3200,0.000014
FILLER_101_573,VGND,li1,274.3900,288.3200,0.000013
FILLER_101_570,VGND,li1,273.0100,288.3200,0.000013
FILLER_101_567,VGND,li1,271.6300,288.3200,0.000011
FILLER_101_564,VGND,li1,270.2500,288.3200,0.000011
FILLER_101_559,VGND,li1,267.4900,288.3200,0.000010
FILLER_101_547,VGND,li1,262.4300,288.3200,0.000007
FILLER_101_544,VGND,li1,261.0500,288.3200,0.000006
FILLER_101_535,VGND,li1,256.4500,288.3200,0.000004
FILLER_101_532,VGND,li1,255.5300,288.3200,0.000004
FILLER_101_529,VGND,li1,254.1500,288.3200,0.000004
FILLER_101_526,VGND,li1,252.7700,288.3200,0.000004
FILLER_101_517,VGND,li1,248.6300,288.3200,0.000003
FILLER_101_514,VGND,li1,247.2500,288.3200,0.000003
FILLER_101_511,VGND,li1,245.8700,288.3200,0.000003
FILLER_101_508,VGND,li1,244.4900,288.3200,0.000003
FILLER_101_505,VGND,li1,243.1100,288.3200,0.000003
FILLER_101_502,VGND,li1,241.5000,288.3200,0.000003
FILLER_101_499,VGND,li1,240.3500,288.3200,0.000003
FILLER_101_496,VGND,li1,238.9700,288.3200,0.000002
FILLER_101_493,VGND,li1,237.5900,288.3200,0.000002
FILLER_101_482,VGND,li1,232.5300,288.3200,0.000002
FILLER_101_479,VGND,li1,231.1500,288.3200,0.000002
FILLER_101_476,VGND,li1,229.7700,288.3200,0.000001
FILLER_101_473,VGND,li1,228.3900,288.3200,0.000001
FILLER_101_470,VGND,li1,227.0100,288.3200,0.000002
FILLER_101_467,VGND,li1,225.6300,288.3200,0.000002
FILLER_101_464,VGND,li1,224.2500,288.3200,0.000002
FILLER_101_461,VGND,li1,222.8700,288.3200,0.000002
FILLER_101_458,VGND,li1,221.4900,288.3200,0.000002
FILLER_101_455,VGND,li1,220.1100,288.3200,0.000002
FILLER_101_452,VGND,li1,218.7300,288.3200,0.000002
FILLER_101_449,VGND,li1,217.3500,288.3200,0.000003
FILLER_101_446,VGND,li1,215.7400,288.3200,0.000003
FILLER_101_443,VGND,li1,214.5900,288.3200,0.000003
FILLER_101_440,VGND,li1,213.2100,288.3200,0.000003
FILLER_101_434,VGND,li1,210.4500,288.3200,0.000003
FILLER_101_431,VGND,li1,209.0700,288.3200,0.000003
FILLER_101_428,VGND,li1,207.6900,288.3200,0.000003
FILLER_101_425,VGND,li1,206.3100,288.3200,0.000002
FILLER_101_422,VGND,li1,204.9300,288.3200,0.000002
FILLER_101_419,VGND,li1,203.5500,288.3200,0.000002
FILLER_101_416,VGND,li1,202.1700,288.3200,0.000002
FILLER_101_413,VGND,li1,200.7900,288.3200,0.000002
FILLER_101_410,VGND,li1,199.4100,288.3200,0.000001
FILLER_101_407,VGND,li1,198.0300,288.3200,0.000001
FILLER_101_396,VGND,li1,192.9700,288.3200,0.000001
FILLER_101_393,VGND,li1,191.5900,288.3200,0.000001
FILLER_101_390,VGND,li1,189.9800,288.3200,0.000001
FILLER_101_376,VGND,li1,183.3100,288.3200,0.000001
FILLER_101_373,VGND,li1,182.3900,288.3200,0.000001
FILLER_101_370,VGND,li1,181.0100,288.3200,0.000001
FILLER_101_367,VGND,li1,179.6300,288.3200,0.000001
FILLER_101_364,VGND,li1,178.2500,288.3200,0.000001
FILLER_101_361,VGND,li1,176.8700,288.3200,0.000001
FILLER_101_351,VGND,li1,171.8100,288.3200,0.000001
FILLER_101_348,VGND,li1,170.8900,288.3200,0.000001
FILLER_101_345,VGND,li1,169.5100,288.3200,0.000001
FILLER_101_340,VGND,li1,166.9800,288.3200,0.000002
FILLER_101_337,VGND,li1,165.8300,288.3200,0.000002
FILLER_101_334,VGND,li1,164.2200,288.3200,0.000002
FILLER_101_331,VGND,li1,163.0700,288.3200,0.000002
FILLER_101_328,VGND,li1,161.6900,288.3200,0.000002
FILLER_101_318,VGND,li1,156.6300,288.3200,0.000001
FILLER_101_315,VGND,li1,155.7100,288.3200,0.000001
FILLER_101_312,VGND,li1,154.3300,288.3200,0.000001
FILLER_101_309,VGND,li1,152.9500,288.3200,0.000001
FILLER_101_299,VGND,li1,148.1200,288.3200,0.000001
FILLER_101_296,VGND,li1,146.9700,288.3200,0.000001
FILLER_101_293,VGND,li1,145.5900,288.3200,0.000001
FILLER_101_290,VGND,li1,144.2100,288.3200,0.000001
FILLER_101_287,VGND,li1,142.8300,288.3200,0.000001
FILLER_101_284,VGND,li1,141.4500,288.3200,0.000001
FILLER_101_281,VGND,li1,140.0700,288.3200,0.000000
FILLER_101_278,VGND,li1,138.4600,288.3200,0.000000
FILLER_101_275,VGND,li1,137.3100,288.3200,0.000001
FILLER_101_272,VGND,li1,135.9300,288.3200,0.000001
FILLER_101_262,VGND,li1,131.1000,288.3200,0.000001
FILLER_101_258,VGND,li1,129.0300,288.3200,0.000001
FILLER_101_255,VGND,li1,128.1100,288.3200,0.000001
FILLER_101_252,VGND,li1,126.7300,288.3200,0.000001
FILLER_101_249,VGND,li1,125.3500,288.3200,0.000001
FILLER_101_246,VGND,li1,123.9700,288.3200,0.000001
FILLER_101_243,VGND,li1,122.5900,288.3200,0.000001
FILLER_101_240,VGND,li1,121.2100,288.3200,0.000001
FILLER_101_237,VGND,li1,119.8300,288.3200,0.000001
FILLER_101_234,VGND,li1,118.4500,288.3200,0.000001
FILLER_101_231,VGND,li1,117.0700,288.3200,0.000001
FILLER_101_228,VGND,li1,115.6900,288.3200,0.000001
FILLER_101_225,VGND,li1,114.3100,288.3200,0.000001
FILLER_101_221,VGND,li1,112.4700,288.3200,0.000001
FILLER_101_218,VGND,li1,111.0900,288.3200,0.000001
FILLER_101_215,VGND,li1,109.7100,288.3200,0.000000
FILLER_101_212,VGND,li1,108.3300,288.3200,0.000001
FILLER_101_209,VGND,li1,106.9500,288.3200,0.000001
FILLER_101_206,VGND,li1,105.5700,288.3200,0.000001
FILLER_101_203,VGND,li1,104.1900,288.3200,0.000001
FILLER_101_200,VGND,li1,102.8100,288.3200,0.000001
FILLER_101_192,VGND,li1,99.1300,288.3200,0.000001
FILLER_101_189,VGND,li1,97.7500,288.3200,0.000001
FILLER_101_184,VGND,li1,95.2200,288.3200,0.000001
FILLER_101_181,VGND,li1,94.0700,288.3200,0.000001
FILLER_101_178,VGND,li1,92.6900,288.3200,0.000001
FILLER_101_175,VGND,li1,91.3100,288.3200,0.000002
FILLER_101_172,VGND,li1,89.9300,288.3200,0.000002
FILLER_101_169,VGND,li1,88.5500,288.3200,0.000002
FILLER_101_140,VGND,li1,75.2100,288.3200,0.000004
FILLER_101_137,VGND,li1,73.8300,288.3200,0.000004
FILLER_101_128,VGND,li1,69.4600,288.3200,0.000005
FILLER_101_125,VGND,li1,68.3100,288.3200,0.000006
FILLER_101_122,VGND,li1,66.9300,288.3200,0.000006
FILLER_101_109,VGND,li1,60.9500,288.3200,0.000006
FILLER_101_57,VGND,li1,36.5700,288.3200,0.000007
FILLER_101_53,VGND,li1,35.1900,288.3200,0.000007
FILLER_101_27,VGND,li1,22.7700,288.3200,0.000004
FILLER_101_24,VGND,li1,21.8500,288.3200,0.000004
FILLER_101_21,VGND,li1,20.4700,288.3200,0.000003
FILLER_101_18,VGND,li1,19.0900,288.3200,0.000003
FILLER_101_15,VGND,li1,17.7100,288.3200,0.000003
FILLER_101_12,VGND,li1,16.3300,288.3200,0.000003
FILLER_101_9,VGND,li1,14.9500,288.3200,0.000003
FILLER_101_6,VGND,li1,13.5700,288.3200,0.000003
FILLER_101_3,VGND,li1,12.1900,288.3200,0.000003
FILLER_100_645,VGND,li1,307.5100,282.8800,0.000009
FILLER_100_642,VGND,li1,305.9000,282.8800,0.000009
FILLER_100_639,VGND,li1,304.7500,282.8800,0.000009
FILLER_100_636,VGND,li1,303.3700,282.8800,0.000009
FILLER_100_592,VGND,li1,282.9000,282.8800,0.000008
FILLER_100_589,VGND,li1,281.7500,282.8800,0.000009
FILLER_100_586,VGND,li1,280.1400,282.8800,0.000009
FILLER_100_583,VGND,li1,278.9900,282.8800,0.000009
FILLER_100_580,VGND,li1,277.6100,282.8800,0.000009
FILLER_100_577,VGND,li1,276.2300,282.8800,0.000009
FILLER_100_574,VGND,li1,274.8500,282.8800,0.000009
FILLER_100_571,VGND,li1,273.4700,282.8800,0.000009
FILLER_100_548,VGND,li1,262.6600,282.8800,0.000007
FILLER_100_545,VGND,li1,261.5100,282.8800,0.000006
FILLER_100_542,VGND,li1,260.1300,282.8800,0.000006
FILLER_100_539,VGND,li1,258.7500,282.8800,0.000005
FILLER_100_536,VGND,li1,257.3700,282.8800,0.000005
FILLER_100_533,VGND,li1,255.9900,282.8800,0.000005
FILLER_100_508,VGND,li1,244.4900,282.8800,0.000006
FILLER_100_486,VGND,li1,233.9100,282.8800,0.000005
FILLER_100_453,VGND,li1,218.9600,282.8800,0.000005
FILLER_100_450,VGND,li1,217.8100,282.8800,0.000005
FILLER_100_438,VGND,li1,212.2900,282.8800,0.000004
FILLER_100_435,VGND,li1,210.9100,282.8800,0.000004
FILLER_100_432,VGND,li1,209.5300,282.8800,0.000004
FILLER_100_429,VGND,li1,208.1500,282.8800,0.000004
FILLER_100_409,VGND,li1,198.9500,282.8800,0.000004
FILLER_100_406,VGND,li1,197.5700,282.8800,0.000004
FILLER_100_403,VGND,li1,196.1900,282.8800,0.000005
FILLER_100_400,VGND,li1,194.8100,282.8800,0.000005
FILLER_100_394,VGND,li1,191.8200,282.8800,0.000006
FILLER_100_391,VGND,li1,190.6700,282.8800,0.000006
FILLER_100_388,VGND,li1,189.2900,282.8800,0.000006
FILLER_100_377,VGND,li1,184.0000,282.8800,0.000008
FILLER_100_371,VGND,li1,181.0100,282.8800,0.000007
FILLER_100_368,VGND,li1,180.0900,282.8800,0.000007
FILLER_100_365,VGND,li1,178.7100,282.8800,0.000007
FILLER_100_361,VGND,li1,176.8700,282.8800,0.000007
FILLER_100_358,VGND,li1,175.4900,282.8800,0.000007
FILLER_100_355,VGND,li1,174.1100,282.8800,0.000007
FILLER_100_352,VGND,li1,172.7300,282.8800,0.000007
FILLER_100_349,VGND,li1,171.3500,282.8800,0.000006
FILLER_100_346,VGND,li1,169.9700,282.8800,0.000006
FILLER_100_343,VGND,li1,168.5900,282.8800,0.000005
FILLER_100_340,VGND,li1,167.2100,282.8800,0.000005
FILLER_100_337,VGND,li1,165.8300,282.8800,0.000006
FILLER_100_334,VGND,li1,164.4500,282.8800,0.000006
FILLER_100_324,VGND,li1,159.6200,282.8800,0.000007
FILLER_100_321,VGND,li1,158.4700,282.8800,0.000007
FILLER_100_318,VGND,li1,157.0900,282.8800,0.000007
FILLER_100_315,VGND,li1,155.7100,282.8800,0.000007
FILLER_100_312,VGND,li1,154.3300,282.8800,0.000007
FILLER_100_261,VGND,li1,130.4100,282.8800,0.000007
FILLER_100_249,VGND,li1,125.3500,282.8800,0.000007
FILLER_100_226,VGND,li1,114.5400,282.8800,0.000004
FILLER_100_223,VGND,li1,113.3900,282.8800,0.000004
FILLER_100_220,VGND,li1,112.0100,282.8800,0.000003
FILLER_100_209,VGND,li1,106.4900,282.8800,0.000002
FILLER_100_206,VGND,li1,105.5700,282.8800,0.000002
FILLER_100_203,VGND,li1,104.1900,282.8800,0.000002
FILLER_100_200,VGND,li1,102.8100,282.8800,0.000002
FILLER_100_197,VGND,li1,101.4300,282.8800,0.000002
FILLER_100_194,VGND,li1,99.8200,282.8800,0.000002
FILLER_100_191,VGND,li1,98.6700,282.8800,0.000002
FILLER_100_188,VGND,li1,97.2900,282.8800,0.000002
FILLER_100_179,VGND,li1,93.1500,282.8800,0.000002
FILLER_100_170,VGND,li1,88.7800,282.8800,0.000002
FILLER_100_167,VGND,li1,87.6300,282.8800,0.000001
FILLER_100_164,VGND,li1,86.2500,282.8800,0.000001
FILLER_100_161,VGND,li1,84.8700,282.8800,0.000001
FILLER_100_150,VGND,li1,79.8100,282.8800,0.000001
FILLER_100_147,VGND,li1,78.4300,282.8800,0.000001
FILLER_100_144,VGND,li1,77.0500,282.8800,0.000001
FILLER_100_141,VGND,li1,75.6700,282.8800,0.000001
FILLER_100_131,VGND,li1,70.6100,282.8800,0.000002
FILLER_100_128,VGND,li1,69.6900,282.8800,0.000002
FILLER_100_125,VGND,li1,68.3100,282.8800,0.000002
FILLER_100_122,VGND,li1,66.9300,282.8800,0.000002
FILLER_100_119,VGND,li1,65.5500,282.8800,0.000002
FILLER_100_116,VGND,li1,64.1700,282.8800,0.000002
FILLER_100_113,VGND,li1,62.7900,282.8800,0.000003
FILLER_100_110,VGND,li1,61.4100,282.8800,0.000003
FILLER_100_83,VGND,li1,48.5300,282.8800,0.000004
FILLER_100_80,VGND,li1,47.6100,282.8800,0.000004
FILLER_100_52,VGND,li1,34.7300,282.8800,0.000007
FILLER_100_49,VGND,li1,33.3500,282.8800,0.000007
FILLER_100_38,VGND,li1,28.2900,282.8800,0.000005
FILLER_100_35,VGND,li1,26.9100,282.8800,0.000005
FILLER_100_32,VGND,li1,25.5300,282.8800,0.000005
FILLER_100_29,VGND,li1,24.1500,282.8800,0.000004
FILLER_100_26,VGND,li1,22.5400,282.8800,0.000004
FILLER_100_23,VGND,li1,21.3900,282.8800,0.000004
FILLER_100_20,VGND,li1,20.0100,282.8800,0.000003
FILLER_100_17,VGND,li1,18.6300,282.8800,0.000003
FILLER_100_14,VGND,li1,17.2500,282.8800,0.000003
FILLER_100_11,VGND,li1,15.8700,282.8800,0.000003
FILLER_99_647,VGND,li1,307.9700,282.8800,0.000009
FILLER_99_644,VGND,li1,307.0500,282.8800,0.000009
FILLER_99_641,VGND,li1,305.6700,282.8800,0.000009
FILLER_99_638,VGND,li1,304.2900,282.8800,0.000009
FILLER_99_635,VGND,li1,302.9100,282.8800,0.000009
FILLER_99_632,VGND,li1,301.5300,282.8800,0.000009
FILLER_99_629,VGND,li1,300.1500,282.8800,0.000009
FILLER_99_626,VGND,li1,298.7700,282.8800,0.000009
FILLER_99_623,VGND,li1,297.3900,282.8800,0.000009
FILLER_99_613,VGND,li1,292.7900,282.8800,0.000008
FILLER_99_610,VGND,li1,291.4100,282.8800,0.000007
FILLER_99_607,VGND,li1,290.0300,282.8800,0.000007
FILLER_99_603,VGND,li1,287.7300,282.8800,0.000007
FILLER_99_557,VGND,li1,267.0300,282.8800,0.000008
FILLER_99_554,VGND,li1,265.6500,282.8800,0.000008
FILLER_99_551,VGND,li1,264.2700,282.8800,0.000007
FILLER_99_548,VGND,li1,262.8900,282.8800,0.000007
FILLER_99_545,VGND,li1,261.5100,282.8800,0.000006
FILLER_99_542,VGND,li1,260.1300,282.8800,0.000006
FILLER_99_532,VGND,li1,255.3000,282.8800,0.000005
FILLER_99_522,VGND,li1,250.7000,282.8800,0.000006
FILLER_99_511,VGND,li1,245.6400,282.8800,0.000006
FILLER_99_508,VGND,li1,244.4900,282.8800,0.000006
FILLER_99_505,VGND,li1,243.1100,282.8800,0.000006
FILLER_99_501,VGND,li1,241.2700,282.8800,0.000006
FILLER_99_497,VGND,li1,238.9700,282.8800,0.000006
FILLER_99_494,VGND,li1,238.0500,282.8800,0.000006
FILLER_99_484,VGND,li1,232.9900,282.8800,0.000005
FILLER_99_481,VGND,li1,232.0700,282.8800,0.000004
FILLER_99_478,VGND,li1,230.6900,282.8800,0.000004
FILLER_99_475,VGND,li1,229.3100,282.8800,0.000004
FILLER_99_472,VGND,li1,227.9300,282.8800,0.000004
FILLER_99_469,VGND,li1,226.5500,282.8800,0.000004
FILLER_99_455,VGND,li1,219.8800,282.8800,0.000005
FILLER_99_452,VGND,li1,218.7300,282.8800,0.000005
FILLER_99_449,VGND,li1,217.3500,282.8800,0.000005
FILLER_99_445,VGND,li1,215.5100,282.8800,0.000004
FILLER_99_442,VGND,li1,214.1300,282.8800,0.000004
FILLER_99_439,VGND,li1,212.7500,282.8800,0.000004
FILLER_99_436,VGND,li1,211.3700,282.8800,0.000004
FILLER_99_425,VGND,li1,206.0800,282.8800,0.000004
FILLER_99_422,VGND,li1,204.9300,282.8800,0.000004
FILLER_99_389,VGND,li1,189.7500,282.8800,0.000006
FILLER_99_386,VGND,li1,188.3700,282.8800,0.000006
FILLER_99_343,VGND,li1,168.1300,282.8800,0.000005
FILLER_99_340,VGND,li1,167.2100,282.8800,0.000005
FILLER_99_337,VGND,li1,165.8300,282.8800,0.000006
FILLER_99_334,VGND,li1,164.2200,282.8800,0.000006
FILLER_99_311,VGND,li1,153.6400,282.8800,0.000007
FILLER_99_301,VGND,li1,148.8100,282.8800,0.000007
FILLER_99_298,VGND,li1,147.8900,282.8800,0.000007
FILLER_99_287,VGND,li1,142.6000,282.8800,0.000006
FILLER_99_281,VGND,li1,140.0700,282.8800,0.000006
FILLER_99_279,VGND,li1,138.6900,282.8800,0.000005
FILLER_99_276,VGND,li1,137.7700,282.8800,0.000005
FILLER_99_273,VGND,li1,136.3900,282.8800,0.000006
FILLER_99_270,VGND,li1,135.0100,282.8800,0.000006
FILLER_99_248,VGND,li1,124.4300,282.8800,0.000007
FILLER_99_225,VGND,li1,114.3100,282.8800,0.000004
FILLER_99_221,VGND,li1,112.4700,282.8800,0.000004
FILLER_99_209,VGND,li1,106.4900,282.8800,0.000002
FILLER_99_206,VGND,li1,105.5700,282.8800,0.000002
FILLER_99_203,VGND,li1,104.1900,282.8800,0.000002
FILLER_99_181,VGND,li1,94.0700,282.8800,0.000002
FILLER_99_178,VGND,li1,92.6900,282.8800,0.000002
FILLER_99_175,VGND,li1,91.3100,282.8800,0.000002
FILLER_99_172,VGND,li1,89.9300,282.8800,0.000002
FILLER_99_169,VGND,li1,88.5500,282.8800,0.000002
FILLER_99_167,VGND,li1,87.1700,282.8800,0.000001
FILLER_99_164,VGND,li1,86.2500,282.8800,0.000001
FILLER_99_161,VGND,li1,84.8700,282.8800,0.000001
FILLER_99_158,VGND,li1,83.4900,282.8800,0.000001
FILLER_99_155,VGND,li1,82.1100,282.8800,0.000001
FILLER_99_152,VGND,li1,80.7300,282.8800,0.000001
FILLER_99_149,VGND,li1,79.3500,282.8800,0.000001
FILLER_99_146,VGND,li1,77.9700,282.8800,0.000001
FILLER_99_143,VGND,li1,76.5900,282.8800,0.000001
FILLER_99_140,VGND,li1,75.2100,282.8800,0.000001
FILLER_99_137,VGND,li1,73.8300,282.8800,0.000002
FILLER_99_134,VGND,li1,72.4500,282.8800,0.000002
FILLER_99_131,VGND,li1,71.0700,282.8800,0.000002
FILLER_99_128,VGND,li1,69.6900,282.8800,0.000002
FILLER_99_125,VGND,li1,68.3100,282.8800,0.000002
FILLER_99_122,VGND,li1,66.9300,282.8800,0.000002
FILLER_99_113,VGND,li1,62.5600,282.8800,0.000003
FILLER_99_101,VGND,li1,57.2700,282.8800,0.000003
FILLER_99_98,VGND,li1,55.8900,282.8800,0.000003
FILLER_99_95,VGND,li1,54.5100,282.8800,0.000004
FILLER_99_92,VGND,li1,53.1300,282.8800,0.000004
FILLER_99_74,VGND,li1,44.3900,282.8800,0.000005
FILLER_99_54,VGND,li1,35.4200,282.8800,0.000007
FILLER_99_51,VGND,li1,34.2700,282.8800,0.000007
FILLER_99_31,VGND,li1,25.0700,282.8800,0.000005
FILLER_99_12,VGND,li1,16.3300,282.8800,0.000003
FILLER_99_9,VGND,li1,14.9500,282.8800,0.000003
FILLER_99_3,VGND,li1,12.1900,282.8800,0.000003
FILLER_98_645,VGND,li1,307.5100,277.4400,0.000003
FILLER_98_643,VGND,li1,306.1300,277.4400,0.000003
FILLER_98_640,VGND,li1,305.2100,277.4400,0.000003
FILLER_98_637,VGND,li1,303.8300,277.4400,0.000003
FILLER_98_634,VGND,li1,302.4500,277.4400,0.000003
FILLER_98_631,VGND,li1,301.0700,277.4400,0.000003
FILLER_98_628,VGND,li1,299.6900,277.4400,0.000003
FILLER_98_598,VGND,li1,285.8900,277.4400,0.000002
FILLER_98_595,VGND,li1,284.5100,277.4400,0.000002
FILLER_98_592,VGND,li1,283.1300,277.4400,0.000002
FILLER_98_571,VGND,li1,273.4700,277.4400,0.000002
FILLER_98_566,VGND,li1,270.9400,277.4400,0.000002
FILLER_98_548,VGND,li1,262.4300,277.4400,0.000002
FILLER_98_545,VGND,li1,261.5100,277.4400,0.000002
FILLER_98_542,VGND,li1,260.1300,277.4400,0.000002
FILLER_98_539,VGND,li1,258.7500,277.4400,0.000002
FILLER_98_536,VGND,li1,257.3700,277.4400,0.000002
FILLER_98_533,VGND,li1,255.9900,277.4400,0.000002
FILLER_98_523,VGND,li1,250.9300,277.4400,0.000003
FILLER_98_512,VGND,li1,246.1000,277.4400,0.000004
FILLER_98_503,VGND,li1,241.7300,277.4400,0.000003
FILLER_98_500,VGND,li1,240.8100,277.4400,0.000003
FILLER_98_497,VGND,li1,239.4300,277.4400,0.000003
FILLER_98_494,VGND,li1,238.0500,277.4400,0.000003
FILLER_98_491,VGND,li1,236.6700,277.4400,0.000003
FILLER_98_488,VGND,li1,235.2900,277.4400,0.000003
FILLER_98_485,VGND,li1,233.9100,277.4400,0.000003
FILLER_98_482,VGND,li1,232.5300,277.4400,0.000003
FILLER_98_477,VGND,li1,229.7700,277.4400,0.000003
FILLER_98_473,VGND,li1,228.3900,277.4400,0.000003
FILLER_98_470,VGND,li1,227.0100,277.4400,0.000004
FILLER_98_467,VGND,li1,225.6300,277.4400,0.000004
FILLER_98_464,VGND,li1,224.2500,277.4400,0.000005
FILLER_98_461,VGND,li1,222.8700,277.4400,0.000005
FILLER_98_458,VGND,li1,221.4900,277.4400,0.000005
FILLER_98_455,VGND,li1,220.1100,277.4400,0.000006
FILLER_98_452,VGND,li1,218.7300,277.4400,0.000006
FILLER_98_449,VGND,li1,217.3500,277.4400,0.000007
FILLER_98_446,VGND,li1,215.9700,277.4400,0.000007
FILLER_98_436,VGND,li1,211.1400,277.4400,0.000009
FILLER_98_433,VGND,li1,209.9900,277.4400,0.000009
FILLER_98_430,VGND,li1,208.6100,277.4400,0.000009
FILLER_98_427,VGND,li1,207.2300,277.4400,0.000009
FILLER_98_424,VGND,li1,205.8500,277.4400,0.000009
FILLER_98_421,VGND,li1,204.4700,277.4400,0.000009
FILLER_98_413,VGND,li1,200.5600,277.4400,0.000009
FILLER_98_410,VGND,li1,199.4100,277.4400,0.000010
FILLER_98_401,VGND,li1,194.8100,277.4400,0.000015
FILLER_98_395,VGND,li1,192.5100,277.4400,0.000018
FILLER_98_392,VGND,li1,191.1300,277.4400,0.000020
FILLER_98_368,VGND,li1,179.6300,277.4400,0.000020
FILLER_98_365,VGND,li1,178.7100,277.4400,0.000018
FILLER_98_344,VGND,li1,169.0500,277.4400,0.000009
FILLER_98_341,VGND,li1,167.6700,277.4400,0.000008
FILLER_98_330,VGND,li1,162.6100,277.4400,0.000007
FILLER_98_326,VGND,li1,160.3100,277.4400,0.000007
FILLER_98_323,VGND,li1,159.3900,277.4400,0.000007
FILLER_98_312,VGND,li1,154.1000,277.4400,0.000006
FILLER_98_309,VGND,li1,152.9500,277.4400,0.000006
FILLER_98_306,VGND,li1,151.3400,277.4400,0.000006
FILLER_98_303,VGND,li1,150.1900,277.4400,0.000006
FILLER_98_300,VGND,li1,148.8100,277.4400,0.000006
FILLER_98_297,VGND,li1,147.4300,277.4400,0.000006
FILLER_98_294,VGND,li1,146.0500,277.4400,0.000006
FILLER_98_289,VGND,li1,143.5200,277.4400,0.000005
FILLER_98_286,VGND,li1,142.3700,277.4400,0.000004
FILLER_98_283,VGND,li1,140.9900,277.4400,0.000004
FILLER_98_280,VGND,li1,139.6100,277.4400,0.000004
FILLER_98_277,VGND,li1,138.2300,277.4400,0.000004
FILLER_98_274,VGND,li1,136.8500,277.4400,0.000004
FILLER_98_271,VGND,li1,135.4700,277.4400,0.000004
FILLER_98_268,VGND,li1,134.0900,277.4400,0.000004
FILLER_98_265,VGND,li1,132.7100,277.4400,0.000004
FILLER_98_262,VGND,li1,131.3300,277.4400,0.000004
FILLER_98_259,VGND,li1,129.9500,277.4400,0.000004
FILLER_98_256,VGND,li1,128.5700,277.4400,0.000004
FILLER_98_253,VGND,li1,127.1900,277.4400,0.000003
FILLER_98_249,VGND,li1,125.3500,277.4400,0.000003
FILLER_98_246,VGND,li1,123.9700,277.4400,0.000003
FILLER_98_243,VGND,li1,122.5900,277.4400,0.000003
FILLER_98_239,VGND,li1,120.2900,277.4400,0.000003
FILLER_98_236,VGND,li1,119.3700,277.4400,0.000003
FILLER_98_233,VGND,li1,117.9900,277.4400,0.000002
FILLER_98_230,VGND,li1,116.6100,277.4400,0.000002
FILLER_98_227,VGND,li1,115.2300,277.4400,0.000002
FILLER_98_224,VGND,li1,113.8500,277.4400,0.000002
FILLER_98_221,VGND,li1,112.4700,277.4400,0.000002
FILLER_98_218,VGND,li1,111.0900,277.4400,0.000002
FILLER_98_209,VGND,li1,106.7200,277.4400,0.000002
FILLER_98_206,VGND,li1,105.5700,277.4400,0.000002
FILLER_98_203,VGND,li1,104.1900,277.4400,0.000002
FILLER_98_200,VGND,li1,102.8100,277.4400,0.000002
FILLER_98_197,VGND,li1,101.4300,277.4400,0.000002
FILLER_98_194,VGND,li1,99.8200,277.4400,0.000002
FILLER_98_191,VGND,li1,98.6700,277.4400,0.000002
FILLER_98_188,VGND,li1,97.2900,277.4400,0.000002
FILLER_98_185,VGND,li1,95.9100,277.4400,0.000002
FILLER_98_182,VGND,li1,94.5300,277.4400,0.000002
FILLER_98_179,VGND,li1,93.1500,277.4400,0.000002
FILLER_98_171,VGND,li1,89.4700,277.4400,0.000002
FILLER_98_168,VGND,li1,88.0900,277.4400,0.000002
FILLER_98_165,VGND,li1,86.7100,277.4400,0.000002
FILLER_98_162,VGND,li1,85.3300,277.4400,0.000003
FILLER_98_150,VGND,li1,79.8100,277.4400,0.000003
FILLER_98_147,VGND,li1,78.4300,277.4400,0.000003
FILLER_98_144,VGND,li1,77.0500,277.4400,0.000004
FILLER_98_141,VGND,li1,75.6700,277.4400,0.000004
FILLER_98_125,VGND,li1,68.0800,277.4400,0.000007
FILLER_98_122,VGND,li1,66.9300,277.4400,0.000007
FILLER_98_113,VGND,li1,62.5600,277.4400,0.000009
FILLER_98_93,VGND,li1,53.5900,277.4400,0.000012
FILLER_98_83,VGND,li1,48.5300,277.4400,0.000013
FILLER_98_80,VGND,li1,47.6100,277.4400,0.000013
FILLER_98_69,VGND,li1,42.5500,277.4400,0.000021
FILLER_98_29,VGND,li1,24.1500,277.4400,0.000017
FILLER_97_646,VGND,li1,307.7400,277.4400,0.000003
FILLER_97_643,VGND,li1,306.5900,277.4400,0.000003
FILLER_97_640,VGND,li1,305.2100,277.4400,0.000003
FILLER_97_637,VGND,li1,303.8300,277.4400,0.000003
FILLER_97_634,VGND,li1,302.4500,277.4400,0.000003
FILLER_97_631,VGND,li1,301.0700,277.4400,0.000003
FILLER_97_628,VGND,li1,299.6900,277.4400,0.000003
FILLER_97_625,VGND,li1,298.3100,277.4400,0.000003
FILLER_97_615,VGND,li1,293.2500,277.4400,0.000003
FILLER_97_612,VGND,li1,292.3300,277.4400,0.000003
FILLER_97_609,VGND,li1,290.9500,277.4400,0.000003
FILLER_97_606,VGND,li1,289.5700,277.4400,0.000002
FILLER_97_603,VGND,li1,288.1900,277.4400,0.000002
FILLER_97_600,VGND,li1,286.8100,277.4400,0.000002
FILLER_97_589,VGND,li1,281.5200,277.4400,0.000002
FILLER_97_579,VGND,li1,276.6900,277.4400,0.000002
FILLER_97_576,VGND,li1,275.7700,277.4400,0.000002
FILLER_97_573,VGND,li1,274.3900,277.4400,0.000002
FILLER_97_570,VGND,li1,273.0100,277.4400,0.000002
FILLER_97_567,VGND,li1,271.6300,277.4400,0.000002
FILLER_97_564,VGND,li1,270.2500,277.4400,0.000002
FILLER_97_561,VGND,li1,268.8700,277.4400,0.000002
FILLER_97_558,VGND,li1,267.2600,277.4400,0.000002
FILLER_97_555,VGND,li1,266.1100,277.4400,0.000002
FILLER_97_552,VGND,li1,264.7300,277.4400,0.000002
FILLER_97_549,VGND,li1,263.3500,277.4400,0.000002
FILLER_97_538,VGND,li1,258.0600,277.4400,0.000002
FILLER_97_535,VGND,li1,256.9100,277.4400,0.000002
FILLER_97_532,VGND,li1,255.5300,277.4400,0.000002
FILLER_97_508,VGND,li1,244.4900,277.4400,0.000003
FILLER_97_505,VGND,li1,243.1100,277.4400,0.000003
FILLER_97_501,VGND,li1,241.2700,277.4400,0.000003
FILLER_97_498,VGND,li1,239.8900,277.4400,0.000003
FILLER_97_488,VGND,li1,235.0600,277.4400,0.000003
FILLER_97_485,VGND,li1,233.9100,277.4400,0.000003
FILLER_97_482,VGND,li1,232.5300,277.4400,0.000003
FILLER_97_479,VGND,li1,231.1500,277.4400,0.000003
FILLER_97_476,VGND,li1,229.7700,277.4400,0.000003
FILLER_97_473,VGND,li1,228.3900,277.4400,0.000003
FILLER_97_470,VGND,li1,227.0100,277.4400,0.000004
FILLER_97_458,VGND,li1,221.0300,277.4400,0.000005
FILLER_97_455,VGND,li1,220.1100,277.4400,0.000006
FILLER_97_452,VGND,li1,218.7300,277.4400,0.000006
FILLER_97_449,VGND,li1,217.3500,277.4400,0.000007
FILLER_97_426,VGND,li1,206.3100,277.4400,0.000009
FILLER_97_423,VGND,li1,205.3900,277.4400,0.000009
FILLER_97_420,VGND,li1,204.0100,277.4400,0.000009
FILLER_97_417,VGND,li1,202.6300,277.4400,0.000009
FILLER_97_414,VGND,li1,201.2500,277.4400,0.000009
FILLER_97_411,VGND,li1,199.8700,277.4400,0.000010
FILLER_97_408,VGND,li1,198.4900,277.4400,0.000012
FILLER_97_405,VGND,li1,197.1100,277.4400,0.000012
FILLER_97_402,VGND,li1,195.7300,277.4400,0.000015
FILLER_97_399,VGND,li1,194.3500,277.4400,0.000015
FILLER_97_396,VGND,li1,192.9700,277.4400,0.000018
FILLER_97_393,VGND,li1,191.5900,277.4400,0.000020
FILLER_97_389,VGND,li1,189.7500,277.4400,0.000023
FILLER_97_384,VGND,li1,187.2200,277.4400,0.000026
FILLER_97_381,VGND,li1,186.0700,277.4400,0.000026
FILLER_97_378,VGND,li1,184.6900,277.4400,0.000024
FILLER_97_375,VGND,li1,183.3100,277.4400,0.000024
FILLER_97_364,VGND,li1,178.2500,277.4400,0.000018
FILLER_97_361,VGND,li1,176.8700,277.4400,0.000016
FILLER_97_358,VGND,li1,175.4900,277.4400,0.000016
FILLER_97_355,VGND,li1,174.1100,277.4400,0.000014
FILLER_97_352,VGND,li1,172.7300,277.4400,0.000012
FILLER_97_349,VGND,li1,171.3500,277.4400,0.000012
FILLER_97_346,VGND,li1,169.9700,277.4400,0.000009
FILLER_97_343,VGND,li1,168.5900,277.4400,0.000008
FILLER_97_340,VGND,li1,167.2100,277.4400,0.000008
FILLER_97_337,VGND,li1,165.8300,277.4400,0.000007
FILLER_97_335,VGND,li1,164.4500,277.4400,0.000007
FILLER_97_332,VGND,li1,163.5300,277.4400,0.000007
FILLER_97_326,VGND,li1,160.7700,277.4400,0.000007
FILLER_97_323,VGND,li1,159.3900,277.4400,0.000007
FILLER_97_320,VGND,li1,158.0100,277.4400,0.000007
FILLER_97_317,VGND,li1,156.6300,277.4400,0.000006
FILLER_97_314,VGND,li1,155.2500,277.4400,0.000006
FILLER_97_311,VGND,li1,153.8700,277.4400,0.000006
FILLER_97_308,VGND,li1,152.4900,277.4400,0.000006
FILLER_97_305,VGND,li1,151.1100,277.4400,0.000006
FILLER_97_302,VGND,li1,149.7300,277.4400,0.000006
FILLER_97_257,VGND,li1,128.8000,277.4400,0.000004
FILLER_97_254,VGND,li1,127.6500,277.4400,0.000003
FILLER_97_243,VGND,li1,122.5900,277.4400,0.000003
FILLER_97_240,VGND,li1,121.2100,277.4400,0.000003
FILLER_97_237,VGND,li1,119.8300,277.4400,0.000003
FILLER_97_234,VGND,li1,118.4500,277.4400,0.000002
FILLER_97_231,VGND,li1,117.0700,277.4400,0.000002
FILLER_97_228,VGND,li1,115.6900,277.4400,0.000002
FILLER_97_225,VGND,li1,114.3100,277.4400,0.000002
FILLER_97_221,VGND,li1,112.4700,277.4400,0.000002
FILLER_97_209,VGND,li1,106.7200,277.4400,0.000002
FILLER_97_206,VGND,li1,105.5700,277.4400,0.000002
FILLER_97_203,VGND,li1,104.1900,277.4400,0.000002
FILLER_97_187,VGND,li1,96.8300,277.4400,0.000002
FILLER_97_184,VGND,li1,95.4500,277.4400,0.000002
FILLER_97_181,VGND,li1,94.0700,277.4400,0.000002
FILLER_97_167,VGND,li1,87.1700,277.4400,0.000002
FILLER_97_164,VGND,li1,86.2500,277.4400,0.000003
FILLER_97_161,VGND,li1,84.8700,277.4400,0.000003
FILLER_97_158,VGND,li1,83.4900,277.4400,0.000003
FILLER_97_155,VGND,li1,82.1100,277.4400,0.000003
FILLER_97_152,VGND,li1,80.7300,277.4400,0.000003
FILLER_97_149,VGND,li1,79.3500,277.4400,0.000003
FILLER_97_146,VGND,li1,77.9700,277.4400,0.000004
FILLER_97_143,VGND,li1,76.5900,277.4400,0.000004
FILLER_97_140,VGND,li1,75.2100,277.4400,0.000004
FILLER_97_131,VGND,li1,70.8400,277.4400,0.000006
FILLER_97_128,VGND,li1,69.6900,277.4400,0.000006
FILLER_97_125,VGND,li1,68.3100,277.4400,0.000007
FILLER_97_122,VGND,li1,66.9300,277.4400,0.000007
FILLER_97_113,VGND,li1,62.5600,277.4400,0.000009
FILLER_97_109,VGND,li1,60.9500,277.4400,0.000010
FILLER_97_106,VGND,li1,59.5700,277.4400,0.000010
FILLER_97_94,VGND,li1,54.0500,277.4400,0.000012
FILLER_97_91,VGND,li1,52.6700,277.4400,0.000012
FILLER_97_45,VGND,li1,31.2800,277.4400,0.000026
FILLER_97_34,VGND,li1,26.4500,277.4400,0.000019
FILLER_97_31,VGND,li1,25.0700,277.4400,0.000019
FILLER_97_3,VGND,li1,12.1900,277.4400,0.000013
FILLER_96_645,VGND,li1,307.5100,272.0000,0.000011
FILLER_96_642,VGND,li1,305.9000,272.0000,0.000011
FILLER_96_613,VGND,li1,292.5600,272.0000,0.000010
FILLER_96_589,VGND,li1,281.7500,272.0000,0.000014
FILLER_96_586,VGND,li1,280.1400,272.0000,0.000015
FILLER_96_583,VGND,li1,278.9900,272.0000,0.000015
FILLER_96_559,VGND,li1,267.9500,272.0000,0.000019
FILLER_96_548,VGND,li1,262.6600,272.0000,0.000020
FILLER_96_545,VGND,li1,261.5100,272.0000,0.000020
FILLER_96_542,VGND,li1,260.1300,272.0000,0.000020
FILLER_96_507,VGND,li1,243.5700,272.0000,0.000039
FILLER_96_453,VGND,li1,218.9600,272.0000,0.000027
FILLER_96_450,VGND,li1,217.8100,272.0000,0.000027
FILLER_96_412,VGND,li1,200.3300,272.0000,0.000011
FILLER_96_400,VGND,li1,194.8100,272.0000,0.000009
FILLER_96_397,VGND,li1,193.4300,272.0000,0.000009
FILLER_96_374,VGND,li1,182.6200,272.0000,0.000009
FILLER_96_371,VGND,li1,181.4700,272.0000,0.000008
FILLER_96_368,VGND,li1,180.0900,272.0000,0.000008
FILLER_96_365,VGND,li1,178.7100,272.0000,0.000008
FILLER_96_362,VGND,li1,177.1000,272.0000,0.000008
FILLER_96_359,VGND,li1,175.9500,272.0000,0.000008
FILLER_96_356,VGND,li1,174.5700,272.0000,0.000008
FILLER_96_345,VGND,li1,169.5100,272.0000,0.000005
FILLER_96_342,VGND,li1,168.1300,272.0000,0.000005
FILLER_96_339,VGND,li1,166.7500,272.0000,0.000006
FILLER_96_317,VGND,li1,156.1700,272.0000,0.000007
FILLER_96_302,VGND,li1,149.7300,272.0000,0.000006
FILLER_96_299,VGND,li1,148.3500,272.0000,0.000006
FILLER_96_296,VGND,li1,146.9700,272.0000,0.000006
FILLER_96_284,VGND,li1,141.4500,272.0000,0.000004
FILLER_96_281,VGND,li1,140.0700,272.0000,0.000004
FILLER_96_268,VGND,li1,133.8600,272.0000,0.000005
FILLER_96_259,VGND,li1,129.7200,272.0000,0.000005
FILLER_96_256,VGND,li1,128.5700,272.0000,0.000005
FILLER_96_253,VGND,li1,127.1900,272.0000,0.000005
FILLER_96_222,VGND,li1,112.7000,272.0000,0.000003
FILLER_96_213,VGND,li1,108.5600,272.0000,0.000002
FILLER_96_210,VGND,li1,107.4100,272.0000,0.000002
FILLER_96_200,VGND,li1,102.3500,272.0000,0.000002
FILLER_96_197,VGND,li1,101.4300,272.0000,0.000002
FILLER_96_193,VGND,li1,99.5900,272.0000,0.000002
FILLER_96_188,VGND,li1,97.0600,272.0000,0.000002
FILLER_96_185,VGND,li1,95.9100,272.0000,0.000002
FILLER_96_182,VGND,li1,94.5300,272.0000,0.000002
FILLER_96_179,VGND,li1,93.1500,272.0000,0.000002
FILLER_96_176,VGND,li1,91.7700,272.0000,0.000002
FILLER_96_167,VGND,li1,87.4000,272.0000,0.000001
FILLER_96_164,VGND,li1,86.2500,272.0000,0.000001
FILLER_96_161,VGND,li1,84.8700,272.0000,0.000001
FILLER_96_158,VGND,li1,83.4900,272.0000,0.000001
FILLER_96_155,VGND,li1,82.1100,272.0000,0.000001
FILLER_96_152,VGND,li1,80.7300,272.0000,0.000001
FILLER_96_149,VGND,li1,79.3500,272.0000,0.000001
FILLER_96_138,VGND,li1,74.0600,272.0000,0.000002
FILLER_96_135,VGND,li1,72.9100,272.0000,0.000002
FILLER_96_132,VGND,li1,71.5300,272.0000,0.000003
FILLER_96_129,VGND,li1,70.1500,272.0000,0.000003
FILLER_96_126,VGND,li1,68.7700,272.0000,0.000003
FILLER_96_123,VGND,li1,67.3900,272.0000,0.000003
FILLER_96_120,VGND,li1,66.0100,272.0000,0.000003
FILLER_96_110,VGND,li1,61.4100,272.0000,0.000004
FILLER_96_107,VGND,li1,60.0300,272.0000,0.000004
FILLER_96_104,VGND,li1,58.6500,272.0000,0.000004
FILLER_96_85,VGND,li1,49.9100,272.0000,0.000004
FILLER_96_83,VGND,li1,48.5300,272.0000,0.000004
FILLER_96_80,VGND,li1,47.6100,272.0000,0.000004
FILLER_96_77,VGND,li1,46.2300,272.0000,0.000004
FILLER_96_74,VGND,li1,44.8500,272.0000,0.000005
FILLER_96_63,VGND,li1,39.5600,272.0000,0.000006
FILLER_96_60,VGND,li1,38.4100,272.0000,0.000006
FILLER_96_57,VGND,li1,37.0300,272.0000,0.000006
FILLER_96_54,VGND,li1,35.6500,272.0000,0.000006
FILLER_95_645,VGND,li1,307.5100,272.0000,0.000011
FILLER_95_642,VGND,li1,306.1300,272.0000,0.000011
FILLER_95_639,VGND,li1,304.7500,272.0000,0.000011
FILLER_95_636,VGND,li1,303.3700,272.0000,0.000011
FILLER_95_633,VGND,li1,301.9900,272.0000,0.000011
FILLER_95_630,VGND,li1,300.6100,272.0000,0.000011
FILLER_95_624,VGND,li1,297.8500,272.0000,0.000011
FILLER_95_621,VGND,li1,296.4700,272.0000,0.000011
FILLER_95_617,VGND,li1,294.1700,272.0000,0.000010
FILLER_95_613,VGND,li1,292.7900,272.0000,0.000010
FILLER_95_610,VGND,li1,291.4100,272.0000,0.000010
FILLER_95_607,VGND,li1,290.0300,272.0000,0.000009
FILLER_95_601,VGND,li1,287.2700,272.0000,0.000011
FILLER_95_598,VGND,li1,285.8900,272.0000,0.000011
FILLER_95_564,VGND,li1,269.7900,272.0000,0.000019
FILLER_95_561,VGND,li1,268.8700,272.0000,0.000019
FILLER_95_557,VGND,li1,267.0300,272.0000,0.000019
FILLER_95_554,VGND,li1,265.6500,272.0000,0.000019
FILLER_95_551,VGND,li1,264.2700,272.0000,0.000019
FILLER_95_548,VGND,li1,262.8900,272.0000,0.000020
FILLER_95_545,VGND,li1,261.5100,272.0000,0.000020
FILLER_95_532,VGND,li1,255.3000,272.0000,0.000032
FILLER_95_529,VGND,li1,254.1500,272.0000,0.000032
FILLER_95_508,VGND,li1,244.0300,272.0000,0.000041
FILLER_95_505,VGND,li1,243.1100,272.0000,0.000039
FILLER_95_502,VGND,li1,241.5000,272.0000,0.000037
FILLER_95_499,VGND,li1,240.3500,272.0000,0.000037
FILLER_95_489,VGND,li1,235.5200,272.0000,0.000031
FILLER_95_485,VGND,li1,233.4500,272.0000,0.000028
FILLER_95_455,VGND,li1,219.6500,272.0000,0.000029
FILLER_95_452,VGND,li1,218.7300,272.0000,0.000027
FILLER_95_449,VGND,li1,217.3500,272.0000,0.000026
FILLER_95_447,VGND,li1,215.9700,272.0000,0.000026
FILLER_95_444,VGND,li1,215.0500,272.0000,0.000024
FILLER_95_440,VGND,li1,212.7500,272.0000,0.000023
FILLER_95_426,VGND,li1,206.7700,272.0000,0.000018
FILLER_95_423,VGND,li1,205.3900,272.0000,0.000015
FILLER_95_420,VGND,li1,204.0100,272.0000,0.000015
FILLER_95_417,VGND,li1,202.6300,272.0000,0.000014
FILLER_95_414,VGND,li1,201.2500,272.0000,0.000011
FILLER_95_411,VGND,li1,199.8700,272.0000,0.000011
FILLER_95_401,VGND,li1,195.2700,272.0000,0.000009
FILLER_95_390,VGND,li1,189.9800,272.0000,0.000010
FILLER_95_387,VGND,li1,188.8300,272.0000,0.000010
FILLER_95_376,VGND,li1,183.5400,272.0000,0.000009
FILLER_95_373,VGND,li1,182.3900,272.0000,0.000009
FILLER_95_370,VGND,li1,181.0100,272.0000,0.000008
FILLER_95_346,VGND,li1,169.9700,272.0000,0.000006
FILLER_95_343,VGND,li1,168.5900,272.0000,0.000005
FILLER_95_340,VGND,li1,167.2100,272.0000,0.000006
FILLER_95_337,VGND,li1,165.8300,272.0000,0.000006
FILLER_95_333,VGND,li1,163.9900,272.0000,0.000006
FILLER_95_322,VGND,li1,158.9300,272.0000,0.000007
FILLER_95_319,VGND,li1,157.5500,272.0000,0.000007
FILLER_95_296,VGND,li1,146.7400,272.0000,0.000006
FILLER_95_293,VGND,li1,145.5900,272.0000,0.000006
FILLER_95_290,VGND,li1,144.2100,272.0000,0.000005
FILLER_95_287,VGND,li1,142.8300,272.0000,0.000005
FILLER_95_284,VGND,li1,141.4500,272.0000,0.000004
FILLER_95_281,VGND,li1,140.0700,272.0000,0.000004
FILLER_95_257,VGND,li1,128.8000,272.0000,0.000005
FILLER_95_254,VGND,li1,127.6500,272.0000,0.000005
FILLER_95_251,VGND,li1,126.2700,272.0000,0.000005
FILLER_95_237,VGND,li1,119.8300,272.0000,0.000005
FILLER_95_228,VGND,li1,115.2300,272.0000,0.000004
FILLER_95_225,VGND,li1,114.3100,272.0000,0.000003
FILLER_95_222,VGND,li1,112.7000,272.0000,0.000003
FILLER_95_219,VGND,li1,111.5500,272.0000,0.000002
FILLER_95_216,VGND,li1,110.1700,272.0000,0.000002
FILLER_95_213,VGND,li1,108.7900,272.0000,0.000002
FILLER_95_210,VGND,li1,107.4100,272.0000,0.000002
FILLER_95_207,VGND,li1,106.0300,272.0000,0.000002
FILLER_95_204,VGND,li1,104.6500,272.0000,0.000002
FILLER_95_201,VGND,li1,103.2700,272.0000,0.000002
FILLER_95_198,VGND,li1,101.8900,272.0000,0.000002
FILLER_95_193,VGND,li1,99.3600,272.0000,0.000002
FILLER_95_190,VGND,li1,98.2100,272.0000,0.000002
FILLER_95_187,VGND,li1,96.8300,272.0000,0.000002
FILLER_95_184,VGND,li1,95.4500,272.0000,0.000002
FILLER_95_181,VGND,li1,94.0700,272.0000,0.000002
FILLER_95_172,VGND,li1,89.4700,272.0000,0.000001
FILLER_95_169,VGND,li1,88.5500,272.0000,0.000001
FILLER_95_165,VGND,li1,86.7100,272.0000,0.000001
FILLER_95_162,VGND,li1,85.3300,272.0000,0.000001
FILLER_95_159,VGND,li1,83.9500,272.0000,0.000001
FILLER_95_156,VGND,li1,82.5700,272.0000,0.000001
FILLER_95_148,VGND,li1,78.4300,272.0000,0.000001
FILLER_95_145,VGND,li1,77.5100,272.0000,0.000002
FILLER_95_142,VGND,li1,76.1300,272.0000,0.000002
FILLER_95_139,VGND,li1,74.7500,272.0000,0.000002
FILLER_95_136,VGND,li1,73.3700,272.0000,0.000002
FILLER_95_133,VGND,li1,71.9900,272.0000,0.000002
FILLER_95_130,VGND,li1,70.6100,272.0000,0.000003
FILLER_95_127,VGND,li1,69.2300,272.0000,0.000003
FILLER_95_124,VGND,li1,67.8500,272.0000,0.000003
FILLER_95_121,VGND,li1,66.4700,272.0000,0.000003
FILLER_95_69,VGND,li1,42.0900,272.0000,0.000005
FILLER_95_66,VGND,li1,41.1700,272.0000,0.000005
FILLER_95_63,VGND,li1,39.7900,272.0000,0.000006
FILLER_95_60,VGND,li1,38.4100,272.0000,0.000006
FILLER_95_57,VGND,li1,37.0300,272.0000,0.000006
FILLER_95_54,VGND,li1,35.4200,272.0000,0.000006
FILLER_95_35,VGND,li1,26.6800,272.0000,0.000007
FILLER_95_6,VGND,li1,13.5700,272.0000,0.000005
FILLER_95_3,VGND,li1,12.1900,272.0000,0.000005
FILLER_94_645,VGND,li1,307.5100,266.5600,0.000005
FILLER_94_642,VGND,li1,305.9000,266.5600,0.000005
FILLER_94_639,VGND,li1,304.7500,266.5600,0.000005
FILLER_94_636,VGND,li1,303.3700,266.5600,0.000005
FILLER_94_633,VGND,li1,301.9900,266.5600,0.000005
FILLER_94_630,VGND,li1,300.6100,266.5600,0.000005
FILLER_94_627,VGND,li1,299.2300,266.5600,0.000005
FILLER_94_598,VGND,li1,285.6600,266.5600,0.000004
FILLER_94_595,VGND,li1,284.5100,266.5600,0.000004
FILLER_94_592,VGND,li1,283.1300,266.5600,0.000004
FILLER_94_578,VGND,li1,276.4600,266.5600,0.000005
FILLER_94_575,VGND,li1,275.3100,266.5600,0.000005
FILLER_94_572,VGND,li1,273.9300,266.5600,0.000005
FILLER_94_569,VGND,li1,272.5500,266.5600,0.000005
FILLER_94_566,VGND,li1,271.1700,266.5600,0.000005
FILLER_94_563,VGND,li1,269.7900,266.5600,0.000005
FILLER_94_560,VGND,li1,268.4100,266.5600,0.000005
FILLER_94_557,VGND,li1,267.0300,266.5600,0.000004
FILLER_94_554,VGND,li1,265.6500,266.5600,0.000004
FILLER_94_530,VGND,li1,254.3800,266.5600,0.000003
FILLER_94_515,VGND,li1,247.7100,266.5600,0.000004
FILLER_94_505,VGND,li1,242.8800,266.5600,0.000004
FILLER_94_502,VGND,li1,241.7300,266.5600,0.000004
FILLER_94_499,VGND,li1,240.3500,266.5600,0.000004
FILLER_94_496,VGND,li1,238.9700,266.5600,0.000004
FILLER_94_486,VGND,li1,234.1400,266.5600,0.000004
FILLER_94_480,VGND,li1,231.6100,266.5600,0.000004
FILLER_94_477,VGND,li1,230.2300,266.5600,0.000003
FILLER_94_474,VGND,li1,228.6200,266.5600,0.000003
FILLER_94_468,VGND,li1,225.8600,266.5600,0.000004
FILLER_94_454,VGND,li1,219.4200,266.5600,0.000005
FILLER_94_451,VGND,li1,218.2700,266.5600,0.000005
FILLER_94_448,VGND,li1,216.8900,266.5600,0.000005
FILLER_94_445,VGND,li1,215.5100,266.5600,0.000004
FILLER_94_434,VGND,li1,210.4500,266.5600,0.000004
FILLER_94_424,VGND,li1,205.6200,266.5600,0.000004
FILLER_94_421,VGND,li1,204.4700,266.5600,0.000004
FILLER_94_411,VGND,li1,199.6400,266.5600,0.000003
FILLER_94_408,VGND,li1,198.4900,266.5600,0.000003
FILLER_94_405,VGND,li1,197.1100,266.5600,0.000003
FILLER_94_402,VGND,li1,195.7300,266.5600,0.000003
FILLER_94_399,VGND,li1,194.3500,266.5600,0.000003
FILLER_94_396,VGND,li1,192.9700,266.5600,0.000003
FILLER_94_393,VGND,li1,191.5900,266.5600,0.000003
FILLER_94_383,VGND,li1,186.7600,266.5600,0.000004
FILLER_94_354,VGND,li1,173.4200,266.5600,0.000002
FILLER_94_351,VGND,li1,172.2700,266.5600,0.000002
FILLER_94_348,VGND,li1,170.8900,266.5600,0.000002
FILLER_94_336,VGND,li1,165.3700,266.5600,0.000001
FILLER_94_327,VGND,li1,161.2300,266.5600,0.000001
FILLER_94_324,VGND,li1,159.8500,266.5600,0.000001
FILLER_94_321,VGND,li1,158.4700,266.5600,0.000001
FILLER_94_318,VGND,li1,157.0900,266.5600,0.000001
FILLER_94_305,VGND,li1,151.1100,266.5600,0.000001
FILLER_94_302,VGND,li1,149.7300,266.5600,0.000001
FILLER_94_299,VGND,li1,148.3500,266.5600,0.000001
FILLER_94_296,VGND,li1,146.9700,266.5600,0.000001
FILLER_94_293,VGND,li1,145.5900,266.5600,0.000001
FILLER_94_290,VGND,li1,144.2100,266.5600,0.000001
FILLER_94_287,VGND,li1,142.8300,266.5600,0.000001
FILLER_94_284,VGND,li1,141.4500,266.5600,0.000001
FILLER_94_281,VGND,li1,140.0700,266.5600,0.000001
FILLER_94_272,VGND,li1,135.4700,266.5600,0.000001
FILLER_94_268,VGND,li1,133.6300,266.5600,0.000002
FILLER_94_259,VGND,li1,129.4900,266.5600,0.000002
FILLER_94_256,VGND,li1,128.5700,266.5600,0.000002
FILLER_94_253,VGND,li1,127.1900,266.5600,0.000003
FILLER_94_250,VGND,li1,125.5800,266.5600,0.000003
FILLER_94_247,VGND,li1,124.4300,266.5600,0.000003
FILLER_94_244,VGND,li1,123.0500,266.5600,0.000002
FILLER_94_241,VGND,li1,121.6700,266.5600,0.000002
FILLER_94_238,VGND,li1,120.2900,266.5600,0.000002
FILLER_94_235,VGND,li1,118.9100,266.5600,0.000002
FILLER_94_222,VGND,li1,112.7000,266.5600,0.000001
FILLER_94_204,VGND,li1,104.1900,266.5600,0.000001
FILLER_94_184,VGND,li1,95.2200,266.5600,0.000001
FILLER_94_181,VGND,li1,94.0700,266.5600,0.000001
FILLER_94_178,VGND,li1,92.6900,266.5600,0.000001
FILLER_94_175,VGND,li1,91.3100,266.5600,0.000001
FILLER_94_172,VGND,li1,89.9300,266.5600,0.000001
FILLER_94_162,VGND,li1,85.3300,266.5600,0.000001
FILLER_94_159,VGND,li1,83.9500,266.5600,0.000001
FILLER_94_151,VGND,li1,79.8100,266.5600,0.000001
FILLER_94_141,VGND,li1,75.4400,266.5600,0.000001
FILLER_94_127,VGND,li1,68.7700,266.5600,0.000002
FILLER_94_124,VGND,li1,67.8500,266.5600,0.000002
FILLER_94_121,VGND,li1,66.4700,266.5600,0.000002
FILLER_94_118,VGND,li1,65.0900,266.5600,0.000002
FILLER_94_115,VGND,li1,63.7100,266.5600,0.000002
FILLER_94_102,VGND,li1,57.2700,266.5600,0.000003
FILLER_94_99,VGND,li1,56.3500,266.5600,0.000003
FILLER_94_85,VGND,li1,49.9100,266.5600,0.000004
FILLER_94_66,VGND,li1,40.7100,266.5600,0.000007
FILLER_94_63,VGND,li1,39.7900,266.5600,0.000007
FILLER_94_43,VGND,li1,30.5900,266.5600,0.000007
FILLER_94_40,VGND,li1,29.2100,266.5600,0.000007
FILLER_94_37,VGND,li1,27.8300,266.5600,0.000007
FILLER_94_27,VGND,li1,22.7700,266.5600,0.000006
FILLER_93_647,VGND,li1,307.9700,266.5600,0.000005
FILLER_93_644,VGND,li1,307.0500,266.5600,0.000005
FILLER_93_641,VGND,li1,305.6700,266.5600,0.000005
FILLER_93_638,VGND,li1,304.2900,266.5600,0.000005
FILLER_93_635,VGND,li1,302.9100,266.5600,0.000005
FILLER_93_632,VGND,li1,301.5300,266.5600,0.000005
FILLER_93_629,VGND,li1,300.1500,266.5600,0.000005
FILLER_93_626,VGND,li1,298.7700,266.5600,0.000005
FILLER_93_623,VGND,li1,297.3900,266.5600,0.000005
FILLER_93_620,VGND,li1,296.0100,266.5600,0.000005
FILLER_93_613,VGND,li1,292.7900,266.5600,0.000005
FILLER_93_604,VGND,li1,288.1900,266.5600,0.000003
FILLER_93_601,VGND,li1,287.2700,266.5600,0.000004
FILLER_93_598,VGND,li1,285.8900,266.5600,0.000004
FILLER_93_595,VGND,li1,284.5100,266.5600,0.000004
FILLER_93_589,VGND,li1,281.5200,266.5600,0.000004
FILLER_93_586,VGND,li1,280.3700,266.5600,0.000005
FILLER_93_583,VGND,li1,278.9900,266.5600,0.000005
FILLER_93_561,VGND,li1,268.4100,266.5600,0.000005
FILLER_93_550,VGND,li1,263.3500,266.5600,0.000004
FILLER_93_547,VGND,li1,262.4300,266.5600,0.000004
FILLER_93_537,VGND,li1,257.6000,266.5600,0.000003
FILLER_93_534,VGND,li1,256.4500,266.5600,0.000003
FILLER_93_531,VGND,li1,255.0700,266.5600,0.000003
FILLER_93_528,VGND,li1,253.6900,266.5600,0.000003
FILLER_93_525,VGND,li1,252.3100,266.5600,0.000004
FILLER_93_513,VGND,li1,246.3300,266.5600,0.000004
FILLER_93_494,VGND,li1,237.5900,266.5600,0.000004
FILLER_93_472,VGND,li1,227.4700,266.5600,0.000004
FILLER_93_449,VGND,li1,217.1200,266.5600,0.000005
FILLER_93_447,VGND,li1,215.9700,266.5600,0.000004
FILLER_93_444,VGND,li1,215.0500,266.5600,0.000004
FILLER_93_441,VGND,li1,213.6700,266.5600,0.000004
FILLER_93_409,VGND,li1,198.9500,266.5600,0.000003
FILLER_93_402,VGND,li1,195.7300,266.5600,0.000003
FILLER_93_369,VGND,li1,180.3200,266.5600,0.000003
FILLER_93_366,VGND,li1,179.1700,266.5600,0.000003
FILLER_93_363,VGND,li1,177.7900,266.5600,0.000003
FILLER_93_358,VGND,li1,175.2600,266.5600,0.000002
FILLER_93_355,VGND,li1,174.1100,266.5600,0.000002
FILLER_93_352,VGND,li1,172.7300,266.5600,0.000002
FILLER_93_349,VGND,li1,171.3500,266.5600,0.000002
FILLER_93_346,VGND,li1,169.9700,266.5600,0.000002
FILLER_93_343,VGND,li1,168.5900,266.5600,0.000001
FILLER_93_340,VGND,li1,167.2100,266.5600,0.000001
FILLER_93_337,VGND,li1,165.8300,266.5600,0.000001
FILLER_93_333,VGND,li1,163.9900,266.5600,0.000001
FILLER_93_312,VGND,li1,154.3300,266.5600,0.000001
FILLER_93_309,VGND,li1,152.9500,266.5600,0.000001
FILLER_93_306,VGND,li1,151.5700,266.5600,0.000001
FILLER_93_297,VGND,li1,146.9700,266.5600,0.000001
FILLER_93_294,VGND,li1,146.0500,266.5600,0.000001
FILLER_93_284,VGND,li1,141.2200,266.5600,0.000001
FILLER_93_281,VGND,li1,140.0700,266.5600,0.000001
FILLER_93_279,VGND,li1,138.6900,266.5600,0.000001
FILLER_93_274,VGND,li1,136.6200,266.5600,0.000001
FILLER_93_271,VGND,li1,135.4700,266.5600,0.000001
FILLER_93_268,VGND,li1,134.0900,266.5600,0.000002
FILLER_93_265,VGND,li1,132.7100,266.5600,0.000002
FILLER_93_262,VGND,li1,131.3300,266.5600,0.000002
FILLER_93_239,VGND,li1,120.5200,266.5600,0.000002
FILLER_93_236,VGND,li1,119.3700,266.5600,0.000002
FILLER_93_233,VGND,li1,117.9900,266.5600,0.000002
FILLER_93_230,VGND,li1,116.6100,266.5600,0.000002
FILLER_93_222,VGND,li1,112.7000,266.5600,0.000001
FILLER_93_213,VGND,li1,108.3300,266.5600,0.000001
FILLER_93_210,VGND,li1,107.4100,266.5600,0.000001
FILLER_93_207,VGND,li1,106.0300,266.5600,0.000001
FILLER_93_204,VGND,li1,104.6500,266.5600,0.000001
FILLER_93_201,VGND,li1,103.2700,266.5600,0.000001
FILLER_93_193,VGND,li1,99.5900,266.5600,0.000001
FILLER_93_190,VGND,li1,98.2100,266.5600,0.000001
FILLER_93_187,VGND,li1,96.8300,266.5600,0.000001
FILLER_93_184,VGND,li1,95.4500,266.5600,0.000001
FILLER_93_181,VGND,li1,94.0700,266.5600,0.000001
FILLER_93_178,VGND,li1,92.6900,266.5600,0.000001
FILLER_93_175,VGND,li1,91.3100,266.5600,0.000001
FILLER_93_172,VGND,li1,89.9300,266.5600,0.000001
FILLER_93_169,VGND,li1,88.5500,266.5600,0.000001
FILLER_93_158,VGND,li1,83.2600,266.5600,0.000001
FILLER_93_155,VGND,li1,82.1100,266.5600,0.000001
FILLER_93_152,VGND,li1,80.7300,266.5600,0.000001
FILLER_93_144,VGND,li1,77.0500,266.5600,0.000001
FILLER_93_132,VGND,li1,71.3000,266.5600,0.000002
FILLER_93_129,VGND,li1,70.1500,266.5600,0.000002
FILLER_93_119,VGND,li1,65.0900,266.5600,0.000002
FILLER_93_116,VGND,li1,64.1700,266.5600,0.000002
FILLER_93_113,VGND,li1,62.7900,266.5600,0.000002
FILLER_93_111,VGND,li1,61.4100,266.5600,0.000003
FILLER_93_108,VGND,li1,60.4900,266.5600,0.000003
FILLER_93_105,VGND,li1,59.1100,266.5600,0.000003
FILLER_93_102,VGND,li1,57.7300,266.5600,0.000003
FILLER_93_99,VGND,li1,56.3500,266.5600,0.000003
FILLER_93_96,VGND,li1,54.9700,266.5600,0.000003
FILLER_93_93,VGND,li1,53.5900,266.5600,0.000003
FILLER_93_90,VGND,li1,52.2100,266.5600,0.000004
FILLER_93_37,VGND,li1,27.8300,266.5600,0.000007
FILLER_92_645,VGND,li1,307.5100,261.1200,0.000007
FILLER_92_613,VGND,li1,292.5600,261.1200,0.000005
FILLER_92_598,VGND,li1,285.4300,261.1200,0.000005
FILLER_92_595,VGND,li1,284.5100,261.1200,0.000005
FILLER_92_592,VGND,li1,283.1300,261.1200,0.000005
FILLER_92_589,VGND,li1,281.7500,261.1200,0.000005
FILLER_92_586,VGND,li1,280.1400,261.1200,0.000005
FILLER_92_583,VGND,li1,278.9900,261.1200,0.000005
FILLER_92_580,VGND,li1,277.6100,261.1200,0.000005
FILLER_92_577,VGND,li1,276.2300,261.1200,0.000005
FILLER_92_571,VGND,li1,273.4700,261.1200,0.000005
FILLER_92_559,VGND,li1,267.9500,261.1200,0.000004
FILLER_92_556,VGND,li1,266.5700,261.1200,0.000003
FILLER_92_553,VGND,li1,265.1900,261.1200,0.000003
FILLER_92_550,VGND,li1,263.8100,261.1200,0.000003
FILLER_92_547,VGND,li1,262.4300,261.1200,0.000003
FILLER_92_536,VGND,li1,257.3700,261.1200,0.000002
FILLER_92_533,VGND,li1,255.9900,261.1200,0.000002
FILLER_92_529,VGND,li1,254.1500,261.1200,0.000002
FILLER_92_518,VGND,li1,248.8600,261.1200,0.000003
FILLER_92_515,VGND,li1,247.7100,261.1200,0.000003
FILLER_92_493,VGND,li1,237.1300,261.1200,0.000003
FILLER_92_490,VGND,li1,236.2100,261.1200,0.000003
FILLER_92_487,VGND,li1,234.8300,261.1200,0.000002
FILLER_92_484,VGND,li1,233.4500,261.1200,0.000002
FILLER_92_477,VGND,li1,229.7700,261.1200,0.000002
FILLER_92_474,VGND,li1,228.6200,261.1200,0.000001
FILLER_92_471,VGND,li1,227.4700,261.1200,0.000001
FILLER_92_468,VGND,li1,226.0900,261.1200,0.000001
FILLER_92_465,VGND,li1,224.7100,261.1200,0.000001
FILLER_92_462,VGND,li1,223.3300,261.1200,0.000001
FILLER_92_459,VGND,li1,221.9500,261.1200,0.000001
FILLER_92_442,VGND,li1,214.1300,261.1200,0.000001
FILLER_92_439,VGND,li1,212.7500,261.1200,0.000001
FILLER_92_432,VGND,li1,209.5300,261.1200,0.000001
FILLER_92_429,VGND,li1,208.1500,261.1200,0.000001
FILLER_92_426,VGND,li1,206.7700,261.1200,0.000001
FILLER_92_421,VGND,li1,204.2400,261.1200,0.000001
FILLER_92_419,VGND,li1,203.0900,261.1200,0.000001
FILLER_92_407,VGND,li1,198.0300,261.1200,0.000001
FILLER_92_404,VGND,li1,196.6500,261.1200,0.000001
FILLER_92_393,VGND,li1,191.3600,261.1200,0.000001
FILLER_92_390,VGND,li1,190.2100,261.1200,0.000001
FILLER_92_387,VGND,li1,188.8300,261.1200,0.000001
FILLER_92_384,VGND,li1,187.4500,261.1200,0.000001
FILLER_92_380,VGND,li1,185.1500,261.1200,0.000001
FILLER_92_377,VGND,li1,184.2300,261.1200,0.000001
FILLER_92_374,VGND,li1,182.8500,261.1200,0.000001
FILLER_92_371,VGND,li1,181.4700,261.1200,0.000001
FILLER_92_368,VGND,li1,180.0900,261.1200,0.000001
FILLER_92_365,VGND,li1,178.7100,261.1200,0.000001
FILLER_92_362,VGND,li1,177.1000,261.1200,0.000001
FILLER_92_350,VGND,li1,171.8100,261.1200,0.000001
FILLER_92_347,VGND,li1,170.4300,261.1200,0.000001
FILLER_92_344,VGND,li1,169.0500,261.1200,0.000001
FILLER_92_341,VGND,li1,167.6700,261.1200,0.000002
FILLER_92_338,VGND,li1,166.2900,261.1200,0.000002
FILLER_92_335,VGND,li1,164.9100,261.1200,0.000002
FILLER_92_326,VGND,li1,160.3100,261.1200,0.000003
FILLER_92_321,VGND,li1,158.2400,261.1200,0.000003
FILLER_92_318,VGND,li1,157.0900,261.1200,0.000003
FILLER_92_315,VGND,li1,155.7100,261.1200,0.000003
FILLER_92_312,VGND,li1,154.3300,261.1200,0.000003
FILLER_92_309,VGND,li1,152.9500,261.1200,0.000003
FILLER_92_305,VGND,li1,151.1100,261.1200,0.000003
FILLER_92_302,VGND,li1,149.7300,261.1200,0.000003
FILLER_92_299,VGND,li1,148.3500,261.1200,0.000002
FILLER_92_296,VGND,li1,146.9700,261.1200,0.000002
FILLER_92_265,VGND,li1,132.4800,261.1200,0.000002
FILLER_92_262,VGND,li1,131.3300,261.1200,0.000002
FILLER_92_253,VGND,li1,126.7300,261.1200,0.000002
FILLER_92_249,VGND,li1,125.3500,261.1200,0.000002
FILLER_92_240,VGND,li1,120.9800,261.1200,0.000001
FILLER_92_237,VGND,li1,119.8300,261.1200,0.000001
FILLER_92_234,VGND,li1,118.4500,261.1200,0.000001
FILLER_92_231,VGND,li1,117.0700,261.1200,0.000001
FILLER_92_228,VGND,li1,115.6900,261.1200,0.000001
FILLER_92_225,VGND,li1,114.3100,261.1200,0.000001
FILLER_92_222,VGND,li1,112.9300,261.1200,0.000001
FILLER_92_212,VGND,li1,108.1000,261.1200,0.000001
FILLER_92_209,VGND,li1,106.9500,261.1200,0.000001
FILLER_92_206,VGND,li1,105.5700,261.1200,0.000001
FILLER_92_203,VGND,li1,104.1900,261.1200,0.000001
FILLER_92_200,VGND,li1,102.8100,261.1200,0.000001
FILLER_92_197,VGND,li1,101.4300,261.1200,0.000001
FILLER_92_194,VGND,li1,99.8200,261.1200,0.000001
FILLER_92_191,VGND,li1,98.6700,261.1200,0.000001
FILLER_92_188,VGND,li1,97.2900,261.1200,0.000001
FILLER_92_185,VGND,li1,95.9100,261.1200,0.000001
FILLER_92_182,VGND,li1,94.5300,261.1200,0.000001
FILLER_92_171,VGND,li1,89.4700,261.1200,0.000001
FILLER_92_168,VGND,li1,88.0900,261.1200,0.000001
FILLER_92_165,VGND,li1,86.7100,261.1200,0.000001
FILLER_92_162,VGND,li1,85.3300,261.1200,0.000001
FILLER_92_159,VGND,li1,83.9500,261.1200,0.000001
FILLER_92_156,VGND,li1,82.5700,261.1200,0.000001
FILLER_92_153,VGND,li1,81.1900,261.1200,0.000001
FILLER_92_150,VGND,li1,79.8100,261.1200,0.000001
FILLER_92_147,VGND,li1,78.4300,261.1200,0.000001
FILLER_92_144,VGND,li1,77.0500,261.1200,0.000001
FILLER_92_141,VGND,li1,75.6700,261.1200,0.000001
FILLER_92_137,VGND,li1,73.8300,261.1200,0.000002
FILLER_92_134,VGND,li1,72.4500,261.1200,0.000002
FILLER_92_131,VGND,li1,71.0700,261.1200,0.000002
FILLER_92_128,VGND,li1,69.6900,261.1200,0.000002
FILLER_92_125,VGND,li1,68.3100,261.1200,0.000002
FILLER_92_113,VGND,li1,62.7900,261.1200,0.000003
FILLER_92_95,VGND,li1,54.0500,261.1200,0.000003
FILLER_92_92,VGND,li1,53.1300,261.1200,0.000003
FILLER_92_85,VGND,li1,49.9100,261.1200,0.000003
FILLER_92_75,VGND,li1,44.8500,261.1200,0.000004
FILLER_92_56,VGND,li1,36.3400,261.1200,0.000006
FILLER_92_53,VGND,li1,35.1900,261.1200,0.000006
FILLER_92_35,VGND,li1,26.4500,261.1200,0.000005
FILLER_92_32,VGND,li1,25.5300,261.1200,0.000005
FILLER_92_29,VGND,li1,24.1500,261.1200,0.000004
FILLER_92_27,VGND,li1,22.7700,261.1200,0.000004
FILLER_92_24,VGND,li1,21.8500,261.1200,0.000004
FILLER_92_21,VGND,li1,20.4700,261.1200,0.000004
FILLER_92_3,VGND,li1,11.7300,261.1200,0.000004
FILLER_91_645,VGND,li1,307.5100,261.1200,0.000007
FILLER_91_642,VGND,li1,306.1300,261.1200,0.000007
FILLER_91_639,VGND,li1,304.7500,261.1200,0.000007
FILLER_91_636,VGND,li1,303.3700,261.1200,0.000007
FILLER_91_631,VGND,li1,300.8400,261.1200,0.000007
FILLER_91_617,VGND,li1,294.4000,261.1200,0.000006
FILLER_91_573,VGND,li1,273.9300,261.1200,0.000005
FILLER_91_570,VGND,li1,273.0100,261.1200,0.000005
FILLER_91_567,VGND,li1,271.6300,261.1200,0.000004
FILLER_91_564,VGND,li1,270.2500,261.1200,0.000004
FILLER_91_561,VGND,li1,268.8700,261.1200,0.000004
FILLER_91_559,VGND,li1,267.4900,261.1200,0.000004
FILLER_91_556,VGND,li1,266.5700,261.1200,0.000003
FILLER_91_553,VGND,li1,265.1900,261.1200,0.000003
FILLER_91_550,VGND,li1,263.8100,261.1200,0.000003
FILLER_91_547,VGND,li1,262.4300,261.1200,0.000003
FILLER_91_544,VGND,li1,261.0500,261.1200,0.000002
FILLER_91_532,VGND,li1,255.5300,261.1200,0.000002
FILLER_91_529,VGND,li1,254.1500,261.1200,0.000002
FILLER_91_526,VGND,li1,252.7700,261.1200,0.000002
FILLER_91_523,VGND,li1,251.3900,261.1200,0.000003
FILLER_91_520,VGND,li1,250.0100,261.1200,0.000003
FILLER_91_517,VGND,li1,248.6300,261.1200,0.000003
FILLER_91_514,VGND,li1,247.2500,261.1200,0.000003
FILLER_91_511,VGND,li1,245.8700,261.1200,0.000003
FILLER_91_508,VGND,li1,244.4900,261.1200,0.000003
FILLER_91_505,VGND,li1,243.1100,261.1200,0.000003
FILLER_91_502,VGND,li1,241.5000,261.1200,0.000003
FILLER_91_499,VGND,li1,240.3500,261.1200,0.000003
FILLER_91_496,VGND,li1,238.9700,261.1200,0.000003
FILLER_91_490,VGND,li1,236.2100,261.1200,0.000003
FILLER_91_487,VGND,li1,234.8300,261.1200,0.000002
FILLER_91_484,VGND,li1,233.4500,261.1200,0.000002
FILLER_91_481,VGND,li1,232.0700,261.1200,0.000002
FILLER_91_476,VGND,li1,229.3100,261.1200,0.000002
FILLER_91_473,VGND,li1,228.3900,261.1200,0.000001
FILLER_91_470,VGND,li1,227.0100,261.1200,0.000001
FILLER_91_467,VGND,li1,225.6300,261.1200,0.000001
FILLER_91_464,VGND,li1,224.2500,261.1200,0.000001
FILLER_91_461,VGND,li1,222.8700,261.1200,0.000001
FILLER_91_458,VGND,li1,221.4900,261.1200,0.000001
FILLER_91_455,VGND,li1,220.1100,261.1200,0.000001
FILLER_91_452,VGND,li1,218.7300,261.1200,0.000001
FILLER_91_449,VGND,li1,217.3500,261.1200,0.000001
FILLER_91_447,VGND,li1,215.9700,261.1200,0.000001
FILLER_91_444,VGND,li1,215.0500,261.1200,0.000001
FILLER_91_434,VGND,li1,210.2200,261.1200,0.000001
FILLER_91_431,VGND,li1,209.0700,261.1200,0.000001
FILLER_91_428,VGND,li1,207.6900,261.1200,0.000001
FILLER_91_425,VGND,li1,206.3100,261.1200,0.000001
FILLER_91_422,VGND,li1,204.9300,261.1200,0.000001
FILLER_91_419,VGND,li1,203.5500,261.1200,0.000001
FILLER_91_416,VGND,li1,202.1700,261.1200,0.000001
FILLER_91_413,VGND,li1,200.7900,261.1200,0.000001
FILLER_91_408,VGND,li1,198.0300,261.1200,0.000001
FILLER_91_405,VGND,li1,197.1100,261.1200,0.000001
FILLER_91_402,VGND,li1,195.7300,261.1200,0.000001
FILLER_91_399,VGND,li1,194.3500,261.1200,0.000001
FILLER_91_396,VGND,li1,192.9700,261.1200,0.000001
FILLER_91_393,VGND,li1,191.5900,261.1200,0.000001
FILLER_91_389,VGND,li1,189.7500,261.1200,0.000001
FILLER_91_386,VGND,li1,188.3700,261.1200,0.000001
FILLER_91_383,VGND,li1,186.9900,261.1200,0.000001
FILLER_91_380,VGND,li1,185.6100,261.1200,0.000001
FILLER_91_377,VGND,li1,184.2300,261.1200,0.000001
FILLER_91_374,VGND,li1,182.8500,261.1200,0.000001
FILLER_91_371,VGND,li1,181.4700,261.1200,0.000001
FILLER_91_368,VGND,li1,180.0900,261.1200,0.000001
FILLER_91_365,VGND,li1,178.7100,261.1200,0.000001
FILLER_91_362,VGND,li1,177.3300,261.1200,0.000001
FILLER_91_359,VGND,li1,175.9500,261.1200,0.000001
FILLER_91_356,VGND,li1,174.5700,261.1200,0.000001
FILLER_91_353,VGND,li1,173.1900,261.1200,0.000001
FILLER_91_350,VGND,li1,171.8100,261.1200,0.000001
FILLER_91_340,VGND,li1,166.7500,261.1200,0.000002
FILLER_91_337,VGND,li1,165.8300,261.1200,0.000002
FILLER_91_334,VGND,li1,164.2200,261.1200,0.000002
FILLER_91_311,VGND,li1,153.6400,261.1200,0.000003
FILLER_91_300,VGND,li1,148.5800,261.1200,0.000002
FILLER_91_294,VGND,li1,146.0500,261.1200,0.000002
FILLER_91_291,VGND,li1,144.6700,261.1200,0.000002
FILLER_91_281,VGND,li1,139.6100,261.1200,0.000002
FILLER_91_279,VGND,li1,138.6900,261.1200,0.000002
FILLER_91_276,VGND,li1,137.7700,261.1200,0.000002
FILLER_91_273,VGND,li1,136.3900,261.1200,0.000002
FILLER_91_270,VGND,li1,135.0100,261.1200,0.000002
FILLER_91_267,VGND,li1,133.6300,261.1200,0.000002
FILLER_91_258,VGND,li1,129.0300,261.1200,0.000002
FILLER_91_252,VGND,li1,126.7300,261.1200,0.000002
FILLER_91_249,VGND,li1,125.3500,261.1200,0.000002
FILLER_91_246,VGND,li1,123.9700,261.1200,0.000002
FILLER_91_243,VGND,li1,122.5900,261.1200,0.000001
FILLER_91_240,VGND,li1,121.2100,261.1200,0.000001
FILLER_91_237,VGND,li1,119.8300,261.1200,0.000001
FILLER_91_234,VGND,li1,118.4500,261.1200,0.000001
FILLER_91_231,VGND,li1,117.0700,261.1200,0.000001
FILLER_91_228,VGND,li1,115.6900,261.1200,0.000001
FILLER_91_225,VGND,li1,114.3100,261.1200,0.000001
FILLER_91_218,VGND,li1,110.6300,261.1200,0.000001
FILLER_91_215,VGND,li1,109.7100,261.1200,0.000001
FILLER_91_212,VGND,li1,108.3300,261.1200,0.000001
FILLER_91_209,VGND,li1,106.9500,261.1200,0.000001
FILLER_91_206,VGND,li1,105.5700,261.1200,0.000001
FILLER_91_203,VGND,li1,104.1900,261.1200,0.000001
FILLER_91_200,VGND,li1,102.8100,261.1200,0.000001
FILLER_91_197,VGND,li1,101.4300,261.1200,0.000001
FILLER_91_194,VGND,li1,100.0500,261.1200,0.000001
FILLER_91_191,VGND,li1,98.6700,261.1200,0.000001
FILLER_91_188,VGND,li1,97.2900,261.1200,0.000001
FILLER_91_181,VGND,li1,93.8400,261.1200,0.000001
FILLER_91_178,VGND,li1,92.6900,261.1200,0.000001
FILLER_91_175,VGND,li1,91.3100,261.1200,0.000001
FILLER_91_172,VGND,li1,89.9300,261.1200,0.000001
FILLER_91_169,VGND,li1,88.5500,261.1200,0.000001
FILLER_91_167,VGND,li1,87.1700,261.1200,0.000001
FILLER_91_164,VGND,li1,86.2500,261.1200,0.000001
FILLER_91_154,VGND,li1,81.4200,261.1200,0.000001
FILLER_91_151,VGND,li1,80.2700,261.1200,0.000001
FILLER_91_148,VGND,li1,78.8900,261.1200,0.000001
FILLER_91_145,VGND,li1,77.5100,261.1200,0.000001
FILLER_91_142,VGND,li1,76.1300,261.1200,0.000001
FILLER_91_139,VGND,li1,74.7500,261.1200,0.000002
FILLER_91_136,VGND,li1,73.3700,261.1200,0.000002
FILLER_91_133,VGND,li1,71.9900,261.1200,0.000002
FILLER_91_130,VGND,li1,70.6100,261.1200,0.000002
FILLER_91_127,VGND,li1,69.2300,261.1200,0.000002
FILLER_91_124,VGND,li1,67.8500,261.1200,0.000002
FILLER_91_113,VGND,li1,62.7900,261.1200,0.000003
FILLER_91_111,VGND,li1,61.4100,261.1200,0.000003
FILLER_91_101,VGND,li1,56.8100,261.1200,0.000004
FILLER_91_98,VGND,li1,55.8900,261.1200,0.000004
FILLER_91_85,VGND,li1,49.9100,261.1200,0.000003
FILLER_91_74,VGND,li1,44.8500,261.1200,0.000004
FILLER_91_54,VGND,li1,35.4200,261.1200,0.000006
FILLER_91_31,VGND,li1,24.8400,261.1200,0.000005
FILLER_91_28,VGND,li1,23.6900,261.1200,0.000004
FILLER_91_11,VGND,li1,15.4100,261.1200,0.000004
FILLER_90_645,VGND,li1,307.5100,255.6800,0.000009
FILLER_90_642,VGND,li1,305.9000,255.6800,0.000009
FILLER_90_639,VGND,li1,304.7500,255.6800,0.000009
FILLER_90_636,VGND,li1,303.3700,255.6800,0.000009
FILLER_90_633,VGND,li1,301.9900,255.6800,0.000009
FILLER_90_630,VGND,li1,300.6100,255.6800,0.000009
FILLER_90_607,VGND,li1,289.8000,255.6800,0.000005
FILLER_90_604,VGND,li1,288.6500,255.6800,0.000004
FILLER_90_598,VGND,li1,285.8900,255.6800,0.000004
FILLER_90_595,VGND,li1,284.5100,255.6800,0.000004
FILLER_90_592,VGND,li1,283.1300,255.6800,0.000004
FILLER_90_589,VGND,li1,281.7500,255.6800,0.000004
FILLER_90_583,VGND,li1,278.7600,255.6800,0.000003
FILLER_90_580,VGND,li1,277.6100,255.6800,0.000003
FILLER_90_573,VGND,li1,274.1600,255.6800,0.000003
FILLER_90_570,VGND,li1,273.0100,255.6800,0.000003
FILLER_90_567,VGND,li1,271.6300,255.6800,0.000003
FILLER_90_564,VGND,li1,270.2500,255.6800,0.000003
FILLER_90_561,VGND,li1,268.8700,255.6800,0.000003
FILLER_90_550,VGND,li1,263.8100,255.6800,0.000003
FILLER_90_547,VGND,li1,262.4300,255.6800,0.000003
FILLER_90_544,VGND,li1,261.0500,255.6800,0.000003
FILLER_90_541,VGND,li1,259.6700,255.6800,0.000003
FILLER_90_531,VGND,li1,254.6100,255.6800,0.000004
FILLER_90_528,VGND,li1,253.6900,255.6800,0.000004
FILLER_90_480,VGND,li1,231.6100,255.6800,0.000005
FILLER_90_477,VGND,li1,230.2300,255.6800,0.000005
FILLER_90_471,VGND,li1,227.2400,255.6800,0.000005
FILLER_90_468,VGND,li1,226.0900,255.6800,0.000005
FILLER_90_465,VGND,li1,224.7100,255.6800,0.000005
FILLER_90_438,VGND,li1,212.0600,255.6800,0.000005
FILLER_90_435,VGND,li1,210.9100,255.6800,0.000005
FILLER_90_432,VGND,li1,209.5300,255.6800,0.000005
FILLER_90_429,VGND,li1,208.1500,255.6800,0.000005
FILLER_90_426,VGND,li1,206.7700,255.6800,0.000005
FILLER_90_421,VGND,li1,204.2400,255.6800,0.000005
FILLER_90_417,VGND,li1,202.6300,255.6800,0.000004
FILLER_90_414,VGND,li1,201.2500,255.6800,0.000004
FILLER_90_411,VGND,li1,199.8700,255.6800,0.000003
FILLER_90_408,VGND,li1,198.4900,255.6800,0.000003
FILLER_90_405,VGND,li1,197.1100,255.6800,0.000004
FILLER_90_402,VGND,li1,195.7300,255.6800,0.000004
FILLER_90_399,VGND,li1,194.3500,255.6800,0.000004
FILLER_90_391,VGND,li1,190.2100,255.6800,0.000004
FILLER_90_388,VGND,li1,189.2900,255.6800,0.000004
FILLER_90_385,VGND,li1,187.9100,255.6800,0.000004
FILLER_90_371,VGND,li1,181.2400,255.6800,0.000005
FILLER_90_368,VGND,li1,180.0900,255.6800,0.000005
FILLER_90_365,VGND,li1,178.7100,255.6800,0.000005
FILLER_90_354,VGND,li1,173.6500,255.6800,0.000005
FILLER_90_351,VGND,li1,172.2700,255.6800,0.000006
FILLER_90_348,VGND,li1,170.8900,255.6800,0.000006
FILLER_90_345,VGND,li1,169.5100,255.6800,0.000006
FILLER_90_342,VGND,li1,168.1300,255.6800,0.000007
FILLER_90_339,VGND,li1,166.7500,255.6800,0.000007
FILLER_90_336,VGND,li1,165.3700,255.6800,0.000009
FILLER_90_325,VGND,li1,160.3100,255.6800,0.000013
FILLER_90_315,VGND,li1,155.2500,255.6800,0.000017
FILLER_90_312,VGND,li1,154.3300,255.6800,0.000017
FILLER_90_309,VGND,li1,152.9500,255.6800,0.000019
FILLER_90_269,VGND,li1,134.5500,255.6800,0.000013
FILLER_90_266,VGND,li1,133.1700,255.6800,0.000013
FILLER_90_256,VGND,li1,128.5700,255.6800,0.000012
FILLER_90_251,VGND,li1,125.8100,255.6800,0.000012
FILLER_90_248,VGND,li1,124.8900,255.6800,0.000011
FILLER_90_242,VGND,li1,121.6700,255.6800,0.000010
FILLER_90_229,VGND,li1,116.1500,255.6800,0.000007
FILLER_90_226,VGND,li1,114.7700,255.6800,0.000007
FILLER_90_211,VGND,li1,107.8700,255.6800,0.000003
FILLER_90_193,VGND,li1,99.5900,255.6800,0.000003
FILLER_90_190,VGND,li1,98.2100,255.6800,0.000003
FILLER_90_187,VGND,li1,96.8300,255.6800,0.000003
FILLER_90_184,VGND,li1,95.4500,255.6800,0.000003
FILLER_90_181,VGND,li1,94.0700,255.6800,0.000002
FILLER_90_178,VGND,li1,92.6900,255.6800,0.000002
FILLER_90_175,VGND,li1,91.3100,255.6800,0.000002
FILLER_90_172,VGND,li1,89.9300,255.6800,0.000002
FILLER_90_169,VGND,li1,88.5500,255.6800,0.000002
FILLER_90_166,VGND,li1,87.1700,255.6800,0.000002
FILLER_90_163,VGND,li1,85.7900,255.6800,0.000002
FILLER_90_160,VGND,li1,84.4100,255.6800,0.000002
FILLER_90_157,VGND,li1,83.0300,255.6800,0.000002
FILLER_90_154,VGND,li1,81.6500,255.6800,0.000002
FILLER_90_151,VGND,li1,80.2700,255.6800,0.000002
FILLER_90_130,VGND,li1,70.3800,255.6800,0.000003
FILLER_90_118,VGND,li1,64.8600,255.6800,0.000003
FILLER_90_108,VGND,li1,60.2600,255.6800,0.000004
FILLER_90_105,VGND,li1,59.1100,255.6800,0.000004
FILLER_90_102,VGND,li1,57.7300,255.6800,0.000004
FILLER_90_93,VGND,li1,53.1300,255.6800,0.000005
FILLER_90_90,VGND,li1,52.2100,255.6800,0.000005
FILLER_90_82,VGND,li1,48.3000,255.6800,0.000004
FILLER_90_79,VGND,li1,47.1500,255.6800,0.000004
FILLER_90_60,VGND,li1,38.1800,255.6800,0.000008
FILLER_90_32,VGND,li1,25.3000,255.6800,0.000008
FILLER_90_29,VGND,li1,24.1500,255.6800,0.000008
FILLER_90_27,VGND,li1,22.7700,255.6800,0.000008
FILLER_90_24,VGND,li1,21.8500,255.6800,0.000008
FILLER_90_6,VGND,li1,13.1100,255.6800,0.000007
FILLER_90_3,VGND,li1,12.1900,255.6800,0.000007
FILLER_89_646,VGND,li1,307.7400,255.6800,0.000009
FILLER_89_643,VGND,li1,306.5900,255.6800,0.000009
FILLER_89_620,VGND,li1,295.7800,255.6800,0.000007
FILLER_89_617,VGND,li1,294.6300,255.6800,0.000007
FILLER_89_613,VGND,li1,292.7900,255.6800,0.000006
FILLER_89_610,VGND,li1,291.4100,255.6800,0.000005
FILLER_89_607,VGND,li1,290.0300,255.6800,0.000005
FILLER_89_604,VGND,li1,288.6500,255.6800,0.000004
FILLER_89_601,VGND,li1,287.2700,255.6800,0.000004
FILLER_89_589,VGND,li1,281.2900,255.6800,0.000004
FILLER_89_586,VGND,li1,280.3700,255.6800,0.000004
FILLER_89_583,VGND,li1,278.9900,255.6800,0.000003
FILLER_89_580,VGND,li1,277.6100,255.6800,0.000003
FILLER_89_554,VGND,li1,265.6500,255.6800,0.000003
FILLER_89_551,VGND,li1,264.2700,255.6800,0.000003
FILLER_89_548,VGND,li1,262.8900,255.6800,0.000003
FILLER_89_539,VGND,li1,258.2900,255.6800,0.000003
FILLER_89_516,VGND,li1,247.9400,255.6800,0.000005
FILLER_89_505,VGND,li1,243.1100,255.6800,0.000005
FILLER_89_502,VGND,li1,241.5000,255.6800,0.000005
FILLER_89_492,VGND,li1,236.6700,255.6800,0.000006
FILLER_89_489,VGND,li1,235.7500,255.6800,0.000005
FILLER_89_486,VGND,li1,234.3700,255.6800,0.000005
FILLER_89_464,VGND,li1,223.7900,255.6800,0.000005
FILLER_89_452,VGND,li1,218.7300,255.6800,0.000006
FILLER_89_447,VGND,li1,215.9700,255.6800,0.000006
FILLER_89_444,VGND,li1,215.0500,255.6800,0.000005
FILLER_89_441,VGND,li1,213.6700,255.6800,0.000005
FILLER_89_438,VGND,li1,212.2900,255.6800,0.000005
FILLER_89_432,VGND,li1,209.5300,255.6800,0.000005
FILLER_89_429,VGND,li1,208.1500,255.6800,0.000005
FILLER_89_407,VGND,li1,197.5700,255.6800,0.000004
FILLER_89_404,VGND,li1,196.6500,255.6800,0.000004
FILLER_89_401,VGND,li1,195.2700,255.6800,0.000004
FILLER_89_393,VGND,li1,191.3600,255.6800,0.000004
FILLER_89_391,VGND,li1,190.2100,255.6800,0.000004
FILLER_89_388,VGND,li1,189.2900,255.6800,0.000004
FILLER_89_364,VGND,li1,178.2500,255.6800,0.000005
FILLER_89_361,VGND,li1,176.8700,255.6800,0.000005
FILLER_89_358,VGND,li1,175.4900,255.6800,0.000005
FILLER_89_355,VGND,li1,174.1100,255.6800,0.000005
FILLER_89_352,VGND,li1,172.7300,255.6800,0.000005
FILLER_89_349,VGND,li1,171.3500,255.6800,0.000006
FILLER_89_346,VGND,li1,169.9700,255.6800,0.000006
FILLER_89_335,VGND,li1,164.4500,255.6800,0.000010
FILLER_89_332,VGND,li1,163.5300,255.6800,0.000010
FILLER_89_323,VGND,li1,158.9300,255.6800,0.000013
FILLER_89_320,VGND,li1,158.0100,255.6800,0.000015
FILLER_89_317,VGND,li1,156.6300,255.6800,0.000015
FILLER_89_311,VGND,li1,153.8700,255.6800,0.000017
FILLER_89_301,VGND,li1,149.0400,255.6800,0.000021
FILLER_89_267,VGND,li1,133.6300,255.6800,0.000013
FILLER_89_264,VGND,li1,132.2500,255.6800,0.000013
FILLER_89_261,VGND,li1,130.8700,255.6800,0.000013
FILLER_89_258,VGND,li1,129.4900,255.6800,0.000012
FILLER_89_234,VGND,li1,118.4500,255.6800,0.000008
FILLER_89_231,VGND,li1,117.0700,255.6800,0.000008
FILLER_89_228,VGND,li1,115.6900,255.6800,0.000007
FILLER_89_225,VGND,li1,114.3100,255.6800,0.000006
FILLER_89_223,VGND,li1,112.9300,255.6800,0.000006
FILLER_89_213,VGND,li1,108.7900,255.6800,0.000003
FILLER_89_210,VGND,li1,107.4100,255.6800,0.000003
FILLER_89_207,VGND,li1,106.0300,255.6800,0.000003
FILLER_89_204,VGND,li1,104.6500,255.6800,0.000003
FILLER_89_196,VGND,li1,100.9700,255.6800,0.000003
FILLER_89_193,VGND,li1,99.5900,255.6800,0.000003
FILLER_89_190,VGND,li1,98.2100,255.6800,0.000003
FILLER_89_187,VGND,li1,96.8300,255.6800,0.000003
FILLER_89_184,VGND,li1,95.4500,255.6800,0.000003
FILLER_89_169,VGND,li1,88.5500,255.6800,0.000002
FILLER_89_166,VGND,li1,86.9400,255.6800,0.000002
FILLER_89_163,VGND,li1,85.7900,255.6800,0.000002
FILLER_89_153,VGND,li1,80.9600,255.6800,0.000002
FILLER_89_150,VGND,li1,79.8100,255.6800,0.000002
FILLER_89_147,VGND,li1,78.4300,255.6800,0.000002
FILLER_89_144,VGND,li1,77.0500,255.6800,0.000002
FILLER_89_134,VGND,li1,72.4500,255.6800,0.000003
FILLER_89_131,VGND,li1,71.0700,255.6800,0.000003
FILLER_89_119,VGND,li1,65.0900,255.6800,0.000003
FILLER_89_116,VGND,li1,64.1700,255.6800,0.000003
FILLER_89_113,VGND,li1,62.7900,255.6800,0.000004
FILLER_89_102,VGND,li1,57.5000,255.6800,0.000004
FILLER_89_83,VGND,li1,48.7600,255.6800,0.000004
FILLER_89_80,VGND,li1,47.6100,255.6800,0.000004
FILLER_89_60,VGND,li1,38.4100,255.6800,0.000008
FILLER_89_57,VGND,li1,37.0300,255.6800,0.000008
FILLER_89_45,VGND,li1,31.5100,255.6800,0.000008
FILLER_89_42,VGND,li1,30.1300,255.6800,0.000008
FILLER_89_20,VGND,li1,19.5500,255.6800,0.000007
FILLER_88_645,VGND,li1,307.5100,250.2400,0.000004
FILLER_88_641,VGND,li1,305.6700,250.2400,0.000004
FILLER_88_638,VGND,li1,304.2900,250.2400,0.000004
FILLER_88_635,VGND,li1,302.9100,250.2400,0.000004
FILLER_88_620,VGND,li1,296.0100,250.2400,0.000004
FILLER_88_589,VGND,li1,281.7500,250.2400,0.000006
FILLER_88_585,VGND,li1,279.9100,250.2400,0.000006
FILLER_88_571,VGND,li1,273.0100,250.2400,0.000006
FILLER_88_548,VGND,li1,262.6600,250.2400,0.000005
FILLER_88_545,VGND,li1,261.5100,250.2400,0.000004
FILLER_88_542,VGND,li1,260.1300,250.2400,0.000004
FILLER_88_539,VGND,li1,258.7500,250.2400,0.000004
FILLER_88_536,VGND,li1,257.3700,250.2400,0.000004
FILLER_88_533,VGND,li1,255.9900,250.2400,0.000004
FILLER_88_527,VGND,li1,253.0000,250.2400,0.000005
FILLER_88_524,VGND,li1,251.8500,250.2400,0.000005
FILLER_88_521,VGND,li1,250.4700,250.2400,0.000005
FILLER_88_515,VGND,li1,247.7100,250.2400,0.000006
FILLER_88_512,VGND,li1,246.3300,250.2400,0.000006
FILLER_88_509,VGND,li1,244.9500,250.2400,0.000006
FILLER_88_499,VGND,li1,240.1200,250.2400,0.000006
FILLER_88_496,VGND,li1,238.9700,250.2400,0.000006
FILLER_88_491,VGND,li1,236.4400,250.2400,0.000006
FILLER_88_488,VGND,li1,235.2900,250.2400,0.000005
FILLER_88_485,VGND,li1,233.9100,250.2400,0.000005
FILLER_88_470,VGND,li1,227.0100,250.2400,0.000004
FILLER_88_463,VGND,li1,223.5600,250.2400,0.000005
FILLER_88_460,VGND,li1,222.4100,250.2400,0.000005
FILLER_88_457,VGND,li1,221.0300,250.2400,0.000005
FILLER_88_454,VGND,li1,219.6500,250.2400,0.000005
FILLER_88_451,VGND,li1,218.2700,250.2400,0.000005
FILLER_88_448,VGND,li1,216.8900,250.2400,0.000005
FILLER_88_445,VGND,li1,215.5100,250.2400,0.000005
FILLER_88_421,VGND,li1,204.4700,250.2400,0.000003
FILLER_88_417,VGND,li1,202.6300,250.2400,0.000003
FILLER_88_414,VGND,li1,201.2500,250.2400,0.000003
FILLER_88_401,VGND,li1,194.8100,250.2400,0.000002
FILLER_88_393,VGND,li1,191.3600,250.2400,0.000002
FILLER_88_390,VGND,li1,190.2100,250.2400,0.000002
FILLER_88_387,VGND,li1,188.8300,250.2400,0.000002
FILLER_88_384,VGND,li1,187.4500,250.2400,0.000002
FILLER_88_381,VGND,li1,186.0700,250.2400,0.000002
FILLER_88_378,VGND,li1,184.6900,250.2400,0.000002
FILLER_88_375,VGND,li1,183.3100,250.2400,0.000002
FILLER_88_368,VGND,li1,179.8600,250.2400,0.000002
FILLER_88_365,VGND,li1,178.7100,250.2400,0.000002
FILLER_88_363,VGND,li1,177.3300,250.2400,0.000002
FILLER_88_360,VGND,li1,176.4100,250.2400,0.000002
FILLER_88_351,VGND,li1,171.8100,250.2400,0.000002
FILLER_88_348,VGND,li1,170.8900,250.2400,0.000002
FILLER_88_345,VGND,li1,169.5100,250.2400,0.000002
FILLER_88_342,VGND,li1,168.1300,250.2400,0.000002
FILLER_88_339,VGND,li1,166.7500,250.2400,0.000002
FILLER_88_336,VGND,li1,165.3700,250.2400,0.000003
FILLER_88_333,VGND,li1,163.9900,250.2400,0.000003
FILLER_88_330,VGND,li1,162.6100,250.2400,0.000003
FILLER_88_306,VGND,li1,151.3400,250.2400,0.000004
FILLER_88_303,VGND,li1,150.1900,250.2400,0.000004
FILLER_88_293,VGND,li1,145.1300,250.2400,0.000004
FILLER_88_290,VGND,li1,144.2100,250.2400,0.000003
FILLER_88_287,VGND,li1,142.8300,250.2400,0.000003
FILLER_88_265,VGND,li1,132.2500,250.2400,0.000004
FILLER_88_262,VGND,li1,131.3300,250.2400,0.000004
FILLER_88_256,VGND,li1,128.5700,250.2400,0.000004
FILLER_88_253,VGND,li1,127.1900,250.2400,0.000004
FILLER_88_242,VGND,li1,121.9000,250.2400,0.000003
FILLER_88_239,VGND,li1,120.7500,250.2400,0.000003
FILLER_88_232,VGND,li1,117.0700,250.2400,0.000002
FILLER_88_229,VGND,li1,116.1500,250.2400,0.000002
FILLER_88_226,VGND,li1,114.7700,250.2400,0.000002
FILLER_88_223,VGND,li1,113.3900,250.2400,0.000002
FILLER_88_220,VGND,li1,112.0100,250.2400,0.000002
FILLER_88_217,VGND,li1,110.6300,250.2400,0.000002
FILLER_88_214,VGND,li1,109.2500,250.2400,0.000001
FILLER_88_211,VGND,li1,107.8700,250.2400,0.000001
FILLER_88_208,VGND,li1,106.4900,250.2400,0.000001
FILLER_88_205,VGND,li1,105.1100,250.2400,0.000001
FILLER_88_194,VGND,li1,99.8200,250.2400,0.000001
FILLER_88_191,VGND,li1,98.6700,250.2400,0.000001
FILLER_88_184,VGND,li1,94.9900,250.2400,0.000002
FILLER_88_181,VGND,li1,94.0700,250.2400,0.000002
FILLER_88_178,VGND,li1,92.6900,250.2400,0.000002
FILLER_88_175,VGND,li1,91.3100,250.2400,0.000002
FILLER_88_172,VGND,li1,89.9300,250.2400,0.000002
FILLER_88_169,VGND,li1,88.5500,250.2400,0.000002
FILLER_88_166,VGND,li1,87.1700,250.2400,0.000002
FILLER_88_163,VGND,li1,85.7900,250.2400,0.000002
FILLER_88_160,VGND,li1,84.4100,250.2400,0.000002
FILLER_88_157,VGND,li1,83.0300,250.2400,0.000002
FILLER_88_141,VGND,li1,75.6700,250.2400,0.000003
FILLER_88_137,VGND,li1,73.8300,250.2400,0.000003
FILLER_88_134,VGND,li1,72.4500,250.2400,0.000003
FILLER_88_131,VGND,li1,71.0700,250.2400,0.000004
FILLER_88_128,VGND,li1,69.6900,250.2400,0.000004
FILLER_88_125,VGND,li1,68.3100,250.2400,0.000005
FILLER_88_122,VGND,li1,66.9300,250.2400,0.000005
FILLER_88_94,VGND,li1,54.0500,250.2400,0.000007
FILLER_88_85,VGND,li1,49.4500,250.2400,0.000007
FILLER_88_82,VGND,li1,48.3000,250.2400,0.000009
FILLER_88_55,VGND,li1,35.8800,250.2400,0.000017
FILLER_88_3,VGND,li1,11.7300,250.2400,0.000017
FILLER_87_647,VGND,li1,307.9700,250.2400,0.000004
FILLER_87_644,VGND,li1,307.0500,250.2400,0.000004
FILLER_87_641,VGND,li1,305.6700,250.2400,0.000004
FILLER_87_638,VGND,li1,304.2900,250.2400,0.000004
FILLER_87_635,VGND,li1,302.9100,250.2400,0.000004
FILLER_87_632,VGND,li1,301.5300,250.2400,0.000004
FILLER_87_629,VGND,li1,300.1500,250.2400,0.000004
FILLER_87_626,VGND,li1,298.7700,250.2400,0.000004
FILLER_87_623,VGND,li1,297.3900,250.2400,0.000004
FILLER_87_620,VGND,li1,296.0100,250.2400,0.000004
FILLER_87_617,VGND,li1,294.6300,250.2400,0.000004
FILLER_87_603,VGND,li1,287.9600,250.2400,0.000005
FILLER_87_600,VGND,li1,286.8100,250.2400,0.000005
FILLER_87_577,VGND,li1,276.0000,250.2400,0.000006
FILLER_87_574,VGND,li1,274.8500,250.2400,0.000006
FILLER_87_564,VGND,li1,270.0200,250.2400,0.000006
FILLER_87_561,VGND,li1,268.8700,250.2400,0.000006
FILLER_87_558,VGND,li1,267.2600,250.2400,0.000006
FILLER_87_555,VGND,li1,266.1100,250.2400,0.000006
FILLER_87_552,VGND,li1,264.7300,250.2400,0.000006
FILLER_87_549,VGND,li1,263.3500,250.2400,0.000005
FILLER_87_529,VGND,li1,253.9200,250.2400,0.000005
FILLER_87_505,VGND,li1,243.1100,250.2400,0.000006
FILLER_87_480,VGND,li1,231.6100,250.2400,0.000004
FILLER_87_470,VGND,li1,227.0100,250.2400,0.000004
FILLER_87_446,VGND,li1,215.7400,250.2400,0.000005
FILLER_87_443,VGND,li1,214.5900,250.2400,0.000005
FILLER_87_440,VGND,li1,213.2100,250.2400,0.000005
FILLER_87_437,VGND,li1,211.8300,250.2400,0.000005
FILLER_87_434,VGND,li1,210.4500,250.2400,0.000005
FILLER_87_417,VGND,li1,202.4000,250.2400,0.000003
FILLER_87_414,VGND,li1,201.2500,250.2400,0.000003
FILLER_87_411,VGND,li1,199.8700,250.2400,0.000002
FILLER_87_408,VGND,li1,198.4900,250.2400,0.000002
FILLER_87_405,VGND,li1,197.1100,250.2400,0.000002
FILLER_87_402,VGND,li1,195.7300,250.2400,0.000002
FILLER_87_399,VGND,li1,194.3500,250.2400,0.000002
FILLER_87_396,VGND,li1,192.9700,250.2400,0.000002
FILLER_87_393,VGND,li1,191.5900,250.2400,0.000002
FILLER_87_391,VGND,li1,190.2100,250.2400,0.000002
FILLER_87_388,VGND,li1,189.2900,250.2400,0.000002
FILLER_87_385,VGND,li1,187.9100,250.2400,0.000002
FILLER_87_382,VGND,li1,186.5300,250.2400,0.000002
FILLER_87_379,VGND,li1,185.1500,250.2400,0.000002
FILLER_87_376,VGND,li1,183.7700,250.2400,0.000002
FILLER_87_365,VGND,li1,178.7100,250.2400,0.000002
FILLER_87_362,VGND,li1,177.3300,250.2400,0.000002
FILLER_87_359,VGND,li1,175.9500,250.2400,0.000002
FILLER_87_356,VGND,li1,174.5700,250.2400,0.000002
FILLER_87_349,VGND,li1,171.1200,250.2400,0.000002
FILLER_87_346,VGND,li1,169.9700,250.2400,0.000002
FILLER_87_343,VGND,li1,168.5900,250.2400,0.000002
FILLER_87_340,VGND,li1,167.2100,250.2400,0.000002
FILLER_87_337,VGND,li1,165.8300,250.2400,0.000003
FILLER_87_326,VGND,li1,160.5400,250.2400,0.000004
FILLER_87_323,VGND,li1,159.3900,250.2400,0.000004
FILLER_87_311,VGND,li1,153.8700,250.2400,0.000004
FILLER_87_308,VGND,li1,152.4900,250.2400,0.000004
FILLER_87_305,VGND,li1,151.1100,250.2400,0.000004
FILLER_87_302,VGND,li1,149.7300,250.2400,0.000004
FILLER_87_299,VGND,li1,148.3500,250.2400,0.000004
FILLER_87_288,VGND,li1,143.2900,250.2400,0.000003
FILLER_87_279,VGND,li1,138.6900,250.2400,0.000003
FILLER_87_276,VGND,li1,137.7700,250.2400,0.000003
FILLER_87_270,VGND,li1,134.5500,250.2400,0.000003
FILLER_87_231,VGND,li1,116.6100,250.2400,0.000002
FILLER_87_225,VGND,li1,113.8500,250.2400,0.000002
FILLER_87_221,VGND,li1,112.4700,250.2400,0.000002
FILLER_87_218,VGND,li1,111.0900,250.2400,0.000002
FILLER_87_212,VGND,li1,107.8700,250.2400,0.000001
FILLER_87_209,VGND,li1,106.9500,250.2400,0.000001
FILLER_87_202,VGND,li1,103.5000,250.2400,0.000001
FILLER_87_193,VGND,li1,99.1300,250.2400,0.000001
FILLER_87_190,VGND,li1,98.2100,250.2400,0.000001
FILLER_87_187,VGND,li1,96.8300,250.2400,0.000001
FILLER_87_184,VGND,li1,95.4500,250.2400,0.000002
FILLER_87_181,VGND,li1,94.0700,250.2400,0.000002
FILLER_87_178,VGND,li1,92.6900,250.2400,0.000002
FILLER_87_175,VGND,li1,91.3100,250.2400,0.000002
FILLER_87_172,VGND,li1,89.9300,250.2400,0.000002
FILLER_87_169,VGND,li1,88.5500,250.2400,0.000002
FILLER_87_167,VGND,li1,87.1700,250.2400,0.000002
FILLER_87_164,VGND,li1,86.2500,250.2400,0.000002
FILLER_87_161,VGND,li1,84.8700,250.2400,0.000002
FILLER_87_158,VGND,li1,83.4900,250.2400,0.000002
FILLER_87_155,VGND,li1,82.1100,250.2400,0.000002
FILLER_87_152,VGND,li1,80.7300,250.2400,0.000002
FILLER_87_149,VGND,li1,79.3500,250.2400,0.000002
FILLER_87_146,VGND,li1,77.9700,250.2400,0.000002
FILLER_87_143,VGND,li1,76.5900,250.2400,0.000002
FILLER_87_140,VGND,li1,75.2100,250.2400,0.000003
FILLER_87_137,VGND,li1,73.8300,250.2400,0.000003
FILLER_87_134,VGND,li1,72.4500,250.2400,0.000003
FILLER_87_113,VGND,li1,62.7900,250.2400,0.000006
FILLER_87_84,VGND,li1,49.4500,250.2400,0.000007
FILLER_87_75,VGND,li1,44.8500,250.2400,0.000010
FILLER_87_72,VGND,li1,43.9300,250.2400,0.000012
FILLER_87_69,VGND,li1,42.5500,250.2400,0.000012
FILLER_87_60,VGND,li1,37.9500,250.2400,0.000016
FILLER_87_57,VGND,li1,37.0300,250.2400,0.000016
FILLER_87_53,VGND,li1,35.1900,250.2400,0.000017
FILLER_87_50,VGND,li1,33.8100,250.2400,0.000018
FILLER_87_3,VGND,li1,11.9600,250.2400,0.000017
FILLER_86_645,VGND,li1,307.5100,244.8000,0.000026
FILLER_86_622,VGND,li1,296.4700,244.8000,0.000025
FILLER_86_596,VGND,li1,284.7400,244.8000,0.000016
FILLER_86_593,VGND,li1,283.5900,244.8000,0.000016
FILLER_86_589,VGND,li1,281.2900,244.8000,0.000015
FILLER_86_585,VGND,li1,279.9100,244.8000,0.000014
FILLER_86_582,VGND,li1,278.5300,244.8000,0.000013
FILLER_86_579,VGND,li1,277.1500,244.8000,0.000013
FILLER_86_576,VGND,li1,275.7700,244.8000,0.000013
FILLER_86_545,VGND,li1,261.0500,244.8000,0.000006
FILLER_86_542,VGND,li1,260.1300,244.8000,0.000004
FILLER_86_531,VGND,li1,254.6100,244.8000,0.000004
FILLER_86_522,VGND,li1,250.4700,244.8000,0.000004
FILLER_86_511,VGND,li1,245.6400,244.8000,0.000003
FILLER_86_491,VGND,li1,236.6700,244.8000,0.000003
FILLER_86_488,VGND,li1,235.2900,244.8000,0.000003
FILLER_86_485,VGND,li1,233.9100,244.8000,0.000003
FILLER_86_471,VGND,li1,227.2400,244.8000,0.000003
FILLER_86_468,VGND,li1,226.0900,244.8000,0.000003
FILLER_86_454,VGND,li1,219.1900,244.8000,0.000002
FILLER_86_451,VGND,li1,218.2700,244.8000,0.000002
FILLER_86_448,VGND,li1,216.8900,244.8000,0.000002
FILLER_86_439,VGND,li1,212.5200,244.8000,0.000002
FILLER_86_436,VGND,li1,211.3700,244.8000,0.000002
FILLER_86_433,VGND,li1,209.9900,244.8000,0.000002
FILLER_86_430,VGND,li1,208.6100,244.8000,0.000002
FILLER_86_421,VGND,li1,204.2400,244.8000,0.000002
FILLER_86_419,VGND,li1,203.0900,244.8000,0.000001
FILLER_86_416,VGND,li1,202.1700,244.8000,0.000001
FILLER_86_413,VGND,li1,200.7900,244.8000,0.000001
FILLER_86_410,VGND,li1,199.4100,244.8000,0.000001
FILLER_86_407,VGND,li1,198.0300,244.8000,0.000001
FILLER_86_397,VGND,li1,193.4300,244.8000,0.000002
FILLER_86_394,VGND,li1,192.0500,244.8000,0.000002
FILLER_86_378,VGND,li1,184.6900,244.8000,0.000002
FILLER_86_375,VGND,li1,183.3100,244.8000,0.000003
FILLER_86_372,VGND,li1,181.9300,244.8000,0.000003
FILLER_86_361,VGND,li1,176.8700,244.8000,0.000003
FILLER_86_356,VGND,li1,174.1100,244.8000,0.000003
FILLER_86_353,VGND,li1,173.1900,244.8000,0.000003
FILLER_86_350,VGND,li1,171.8100,244.8000,0.000003
FILLER_86_338,VGND,li1,166.0600,244.8000,0.000004
FILLER_86_325,VGND,li1,160.3100,244.8000,0.000005
FILLER_86_312,VGND,li1,154.1000,244.8000,0.000006
FILLER_86_309,VGND,li1,152.9500,244.8000,0.000006
FILLER_86_307,VGND,li1,151.5700,244.8000,0.000006
FILLER_86_304,VGND,li1,150.6500,244.8000,0.000006
FILLER_86_301,VGND,li1,149.2700,244.8000,0.000006
FILLER_86_298,VGND,li1,147.8900,244.8000,0.000006
FILLER_86_289,VGND,li1,143.2900,244.8000,0.000006
FILLER_86_286,VGND,li1,142.3700,244.8000,0.000005
FILLER_86_283,VGND,li1,140.9900,244.8000,0.000005
FILLER_86_280,VGND,li1,139.6100,244.8000,0.000005
FILLER_86_277,VGND,li1,138.2300,244.8000,0.000006
FILLER_86_274,VGND,li1,136.8500,244.8000,0.000006
FILLER_86_271,VGND,li1,135.4700,244.8000,0.000008
FILLER_86_253,VGND,li1,126.9600,244.8000,0.000012
FILLER_86_251,VGND,li1,125.8100,244.8000,0.000012
FILLER_86_248,VGND,li1,124.8900,244.8000,0.000013
FILLER_86_245,VGND,li1,123.5100,244.8000,0.000013
FILLER_86_233,VGND,li1,117.7600,244.8000,0.000015
FILLER_86_230,VGND,li1,116.6100,244.8000,0.000016
FILLER_86_227,VGND,li1,115.2300,244.8000,0.000016
FILLER_86_194,VGND,li1,99.8200,244.8000,0.000028
FILLER_86_191,VGND,li1,98.6700,244.8000,0.000026
FILLER_86_188,VGND,li1,97.2900,244.8000,0.000024
FILLER_86_185,VGND,li1,95.9100,244.8000,0.000024
FILLER_86_182,VGND,li1,94.5300,244.8000,0.000022
FILLER_86_179,VGND,li1,93.1500,244.8000,0.000022
FILLER_86_158,VGND,li1,83.0300,244.8000,0.000012
FILLER_86_155,VGND,li1,82.1100,244.8000,0.000012
FILLER_86_152,VGND,li1,80.7300,244.8000,0.000010
FILLER_86_144,VGND,li1,77.0500,244.8000,0.000007
FILLER_86_141,VGND,li1,75.6700,244.8000,0.000007
FILLER_86_137,VGND,li1,73.8300,244.8000,0.000007
FILLER_86_134,VGND,li1,72.4500,244.8000,0.000007
FILLER_86_131,VGND,li1,71.0700,244.8000,0.000007
FILLER_86_128,VGND,li1,69.6900,244.8000,0.000007
FILLER_86_125,VGND,li1,68.3100,244.8000,0.000007
FILLER_86_122,VGND,li1,66.9300,244.8000,0.000007
FILLER_86_119,VGND,li1,65.5500,244.8000,0.000007
FILLER_86_116,VGND,li1,64.1700,244.8000,0.000007
FILLER_86_113,VGND,li1,62.7900,244.8000,0.000007
FILLER_86_85,VGND,li1,49.9100,244.8000,0.000006
FILLER_86_81,VGND,li1,48.0700,244.8000,0.000005
FILLER_86_69,VGND,li1,42.5500,244.8000,0.000006
FILLER_86_66,VGND,li1,41.1700,244.8000,0.000007
FILLER_86_46,VGND,li1,31.9700,244.8000,0.000007
FILLER_85_647,VGND,li1,307.9700,244.8000,0.000026
FILLER_85_644,VGND,li1,307.0500,244.8000,0.000026
FILLER_85_630,VGND,li1,300.6100,244.8000,0.000026
FILLER_85_623,VGND,li1,296.9300,244.8000,0.000025
FILLER_85_620,VGND,li1,296.0100,244.8000,0.000025
FILLER_85_617,VGND,li1,294.6300,244.8000,0.000025
FILLER_85_610,VGND,li1,291.4100,244.8000,0.000023
FILLER_85_607,VGND,li1,290.0300,244.8000,0.000023
FILLER_85_604,VGND,li1,288.6500,244.8000,0.000017
FILLER_85_601,VGND,li1,287.2700,244.8000,0.000017
FILLER_85_590,VGND,li1,282.2100,244.8000,0.000015
FILLER_85_587,VGND,li1,280.8300,244.8000,0.000014
FILLER_85_584,VGND,li1,279.4500,244.8000,0.000014
FILLER_85_581,VGND,li1,278.0700,244.8000,0.000013
FILLER_85_578,VGND,li1,276.6900,244.8000,0.000013
FILLER_85_575,VGND,li1,275.3100,244.8000,0.000013
FILLER_85_572,VGND,li1,273.9300,244.8000,0.000012
FILLER_85_569,VGND,li1,272.5500,244.8000,0.000012
FILLER_85_564,VGND,li1,270.0200,244.8000,0.000011
FILLER_85_561,VGND,li1,268.8700,244.8000,0.000009
FILLER_85_559,VGND,li1,267.4900,244.8000,0.000009
FILLER_85_556,VGND,li1,266.5700,244.8000,0.000008
FILLER_85_553,VGND,li1,265.1900,244.8000,0.000008
FILLER_85_550,VGND,li1,263.8100,244.8000,0.000007
FILLER_85_547,VGND,li1,262.4300,244.8000,0.000006
FILLER_85_544,VGND,li1,261.0500,244.8000,0.000006
FILLER_85_541,VGND,li1,259.6700,244.8000,0.000004
FILLER_85_538,VGND,li1,258.2900,244.8000,0.000004
FILLER_85_535,VGND,li1,256.9100,244.8000,0.000004
FILLER_85_532,VGND,li1,255.5300,244.8000,0.000004
FILLER_85_529,VGND,li1,254.1500,244.8000,0.000004
FILLER_85_520,VGND,li1,249.5500,244.8000,0.000004
FILLER_85_517,VGND,li1,248.6300,244.8000,0.000004
FILLER_85_514,VGND,li1,247.2500,244.8000,0.000003
FILLER_85_511,VGND,li1,245.8700,244.8000,0.000003
FILLER_85_508,VGND,li1,244.4900,244.8000,0.000003
FILLER_85_505,VGND,li1,243.1100,244.8000,0.000003
FILLER_85_501,VGND,li1,241.2700,244.8000,0.000003
FILLER_85_498,VGND,li1,239.8900,244.8000,0.000003
FILLER_85_495,VGND,li1,238.5100,244.8000,0.000003
FILLER_85_492,VGND,li1,237.1300,244.8000,0.000003
FILLER_85_489,VGND,li1,235.7500,244.8000,0.000003
FILLER_85_486,VGND,li1,234.3700,244.8000,0.000003
FILLER_85_483,VGND,li1,232.9900,244.8000,0.000002
FILLER_85_461,VGND,li1,222.4100,244.8000,0.000002
FILLER_85_455,VGND,li1,220.1100,244.8000,0.000002
FILLER_85_452,VGND,li1,218.7300,244.8000,0.000002
FILLER_85_449,VGND,li1,217.3500,244.8000,0.000002
FILLER_85_447,VGND,li1,215.9700,244.8000,0.000002
FILLER_85_444,VGND,li1,215.0500,244.8000,0.000002
FILLER_85_439,VGND,li1,212.5200,244.8000,0.000002
FILLER_85_436,VGND,li1,211.3700,244.8000,0.000002
FILLER_85_433,VGND,li1,209.9900,244.8000,0.000002
FILLER_85_430,VGND,li1,208.6100,244.8000,0.000002
FILLER_85_427,VGND,li1,207.2300,244.8000,0.000002
FILLER_85_424,VGND,li1,205.8500,244.8000,0.000002
FILLER_85_421,VGND,li1,204.4700,244.8000,0.000002
FILLER_85_418,VGND,li1,203.0900,244.8000,0.000001
FILLER_85_415,VGND,li1,201.7100,244.8000,0.000001
FILLER_85_412,VGND,li1,200.3300,244.8000,0.000001
FILLER_85_409,VGND,li1,198.9500,244.8000,0.000001
FILLER_85_406,VGND,li1,197.5700,244.8000,0.000001
FILLER_85_399,VGND,li1,194.1200,244.8000,0.000002
FILLER_85_396,VGND,li1,192.9700,244.8000,0.000002
FILLER_85_393,VGND,li1,191.5900,244.8000,0.000002
FILLER_85_391,VGND,li1,190.2100,244.8000,0.000002
FILLER_85_388,VGND,li1,189.2900,244.8000,0.000002
FILLER_85_385,VGND,li1,187.9100,244.8000,0.000002
FILLER_85_382,VGND,li1,186.5300,244.8000,0.000002
FILLER_85_376,VGND,li1,183.3100,244.8000,0.000003
FILLER_85_373,VGND,li1,182.3900,244.8000,0.000003
FILLER_85_370,VGND,li1,181.0100,244.8000,0.000003
FILLER_85_367,VGND,li1,179.6300,244.8000,0.000003
FILLER_85_364,VGND,li1,178.2500,244.8000,0.000003
FILLER_85_361,VGND,li1,176.8700,244.8000,0.000003
FILLER_85_358,VGND,li1,175.4900,244.8000,0.000003
FILLER_85_355,VGND,li1,174.1100,244.8000,0.000003
FILLER_85_350,VGND,li1,171.3500,244.8000,0.000003
FILLER_85_347,VGND,li1,170.4300,244.8000,0.000003
FILLER_85_337,VGND,li1,165.6000,244.8000,0.000004
FILLER_85_330,VGND,li1,162.3800,244.8000,0.000005
FILLER_85_327,VGND,li1,161.2300,244.8000,0.000005
FILLER_85_324,VGND,li1,159.8500,244.8000,0.000005
FILLER_85_321,VGND,li1,158.4700,244.8000,0.000005
FILLER_85_318,VGND,li1,157.0900,244.8000,0.000006
FILLER_85_294,VGND,li1,146.0500,244.8000,0.000006
FILLER_85_291,VGND,li1,144.6700,244.8000,0.000006
FILLER_85_281,VGND,li1,139.6100,244.8000,0.000005
FILLER_85_277,VGND,li1,138.2300,244.8000,0.000006
FILLER_85_274,VGND,li1,136.8500,244.8000,0.000006
FILLER_85_271,VGND,li1,135.4700,244.8000,0.000008
FILLER_85_268,VGND,li1,134.0900,244.8000,0.000008
FILLER_85_265,VGND,li1,132.7100,244.8000,0.000009
FILLER_85_262,VGND,li1,131.3300,244.8000,0.000009
FILLER_85_259,VGND,li1,129.9500,244.8000,0.000011
FILLER_85_256,VGND,li1,128.5700,244.8000,0.000011
FILLER_85_253,VGND,li1,127.1900,244.8000,0.000012
FILLER_85_250,VGND,li1,125.8100,244.8000,0.000012
FILLER_85_240,VGND,li1,120.9800,244.8000,0.000014
FILLER_85_237,VGND,li1,119.8300,244.8000,0.000014
FILLER_85_234,VGND,li1,118.4500,244.8000,0.000015
FILLER_85_231,VGND,li1,117.0700,244.8000,0.000015
FILLER_85_228,VGND,li1,115.6900,244.8000,0.000016
FILLER_85_225,VGND,li1,114.3100,244.8000,0.000017
FILLER_85_213,VGND,li1,108.7900,244.8000,0.000019
FILLER_85_176,VGND,li1,91.7700,244.8000,0.000020
FILLER_85_169,VGND,li1,88.0900,244.8000,0.000016
FILLER_85_166,VGND,li1,86.9400,244.8000,0.000016
FILLER_85_163,VGND,li1,85.7900,244.8000,0.000014
FILLER_85_160,VGND,li1,84.4100,244.8000,0.000014
FILLER_85_157,VGND,li1,83.0300,244.8000,0.000012
FILLER_85_154,VGND,li1,81.6500,244.8000,0.000010
FILLER_85_151,VGND,li1,80.2700,244.8000,0.000010
FILLER_85_148,VGND,li1,78.8900,244.8000,0.000007
FILLER_85_145,VGND,li1,77.5100,244.8000,0.000007
FILLER_85_142,VGND,li1,76.1300,244.8000,0.000007
FILLER_85_139,VGND,li1,74.7500,244.8000,0.000007
FILLER_85_136,VGND,li1,73.3700,244.8000,0.000007
FILLER_85_133,VGND,li1,71.9900,244.8000,0.000007
FILLER_85_130,VGND,li1,70.6100,244.8000,0.000007
FILLER_85_127,VGND,li1,69.2300,244.8000,0.000007
FILLER_85_124,VGND,li1,67.8500,244.8000,0.000007
FILLER_85_113,VGND,li1,62.7900,244.8000,0.000007
FILLER_85_111,VGND,li1,61.4100,244.8000,0.000007
FILLER_85_108,VGND,li1,60.4900,244.8000,0.000007
FILLER_85_98,VGND,li1,55.6600,244.8000,0.000007
FILLER_85_95,VGND,li1,54.5100,244.8000,0.000007
FILLER_85_76,VGND,li1,45.5400,244.8000,0.000006
FILLER_85_57,VGND,li1,37.0300,244.8000,0.000007
FILLER_85_55,VGND,li1,35.6500,244.8000,0.000007
FILLER_85_52,VGND,li1,34.7300,244.8000,0.000007
FILLER_85_35,VGND,li1,26.4500,244.8000,0.000006
FILLER_85_32,VGND,li1,25.5300,244.8000,0.000006
FILLER_85_11,VGND,li1,15.4100,244.8000,0.000005
FILLER_84_645,VGND,li1,307.5100,239.3600,0.000012
FILLER_84_642,VGND,li1,305.9000,239.3600,0.000012
FILLER_84_639,VGND,li1,304.7500,239.3600,0.000012
FILLER_84_564,VGND,li1,270.2500,239.3600,0.000006
FILLER_84_561,VGND,li1,268.8700,239.3600,0.000006
FILLER_84_558,VGND,li1,267.4900,239.3600,0.000005
FILLER_84_548,VGND,li1,262.4300,239.3600,0.000004
FILLER_84_545,VGND,li1,261.5100,239.3600,0.000004
FILLER_84_542,VGND,li1,260.1300,239.3600,0.000004
FILLER_84_531,VGND,li1,254.6100,239.3600,0.000005
FILLER_84_528,VGND,li1,253.6900,239.3600,0.000005
FILLER_84_504,VGND,li1,242.6500,239.3600,0.000007
FILLER_84_501,VGND,li1,241.2700,239.3600,0.000007
FILLER_84_498,VGND,li1,239.8900,239.3600,0.000007
FILLER_84_473,VGND,li1,228.3900,239.3600,0.000007
FILLER_84_470,VGND,li1,227.0100,239.3600,0.000007
FILLER_84_467,VGND,li1,225.6300,239.3600,0.000008
FILLER_84_464,VGND,li1,224.2500,239.3600,0.000008
FILLER_84_461,VGND,li1,222.8700,239.3600,0.000010
FILLER_84_458,VGND,li1,221.4900,239.3600,0.000010
FILLER_84_455,VGND,li1,220.1100,239.3600,0.000011
FILLER_84_452,VGND,li1,218.7300,239.3600,0.000011
FILLER_84_430,VGND,li1,208.1500,239.3600,0.000013
FILLER_84_427,VGND,li1,207.2300,239.3600,0.000011
FILLER_84_424,VGND,li1,205.8500,239.3600,0.000011
FILLER_84_421,VGND,li1,204.4700,239.3600,0.000009
FILLER_84_408,VGND,li1,198.4900,239.3600,0.000006
FILLER_84_405,VGND,li1,197.1100,239.3600,0.000006
FILLER_84_402,VGND,li1,195.7300,239.3600,0.000006
FILLER_84_399,VGND,li1,194.3500,239.3600,0.000006
FILLER_84_396,VGND,li1,192.9700,239.3600,0.000006
FILLER_84_393,VGND,li1,191.5900,239.3600,0.000006
FILLER_84_383,VGND,li1,186.7600,239.3600,0.000005
FILLER_84_380,VGND,li1,185.6100,239.3600,0.000005
FILLER_84_377,VGND,li1,184.2300,239.3600,0.000005
FILLER_84_374,VGND,li1,182.8500,239.3600,0.000004
FILLER_84_371,VGND,li1,181.4700,239.3600,0.000004
FILLER_84_368,VGND,li1,180.0900,239.3600,0.000004
FILLER_84_365,VGND,li1,178.7100,239.3600,0.000004
FILLER_84_363,VGND,li1,177.3300,239.3600,0.000004
FILLER_84_360,VGND,li1,176.4100,239.3600,0.000004
FILLER_84_357,VGND,li1,175.0300,239.3600,0.000003
FILLER_84_354,VGND,li1,173.6500,239.3600,0.000003
FILLER_84_348,VGND,li1,170.6600,239.3600,0.000003
FILLER_84_345,VGND,li1,169.5100,239.3600,0.000002
FILLER_84_342,VGND,li1,168.1300,239.3600,0.000002
FILLER_84_339,VGND,li1,166.7500,239.3600,0.000002
FILLER_84_336,VGND,li1,165.3700,239.3600,0.000002
FILLER_84_333,VGND,li1,163.9900,239.3600,0.000002
FILLER_84_330,VGND,li1,162.6100,239.3600,0.000003
FILLER_84_327,VGND,li1,161.2300,239.3600,0.000003
FILLER_84_324,VGND,li1,159.8500,239.3600,0.000003
FILLER_84_321,VGND,li1,158.4700,239.3600,0.000003
FILLER_84_318,VGND,li1,157.0900,239.3600,0.000003
FILLER_84_315,VGND,li1,155.7100,239.3600,0.000003
FILLER_84_312,VGND,li1,154.3300,239.3600,0.000003
FILLER_84_307,VGND,li1,151.5700,239.3600,0.000003
FILLER_84_304,VGND,li1,150.6500,239.3600,0.000003
FILLER_84_301,VGND,li1,149.2700,239.3600,0.000003
FILLER_84_298,VGND,li1,147.8900,239.3600,0.000003
FILLER_84_275,VGND,li1,137.0800,239.3600,0.000003
FILLER_84_272,VGND,li1,135.9300,239.3600,0.000003
FILLER_84_262,VGND,li1,131.1000,239.3600,0.000004
FILLER_84_259,VGND,li1,129.9500,239.3600,0.000004
FILLER_84_256,VGND,li1,128.5700,239.3600,0.000004
FILLER_84_253,VGND,li1,127.1900,239.3600,0.000005
FILLER_84_208,VGND,li1,106.2600,239.3600,0.000004
FILLER_84_197,VGND,li1,101.4300,239.3600,0.000004
FILLER_84_193,VGND,li1,99.5900,239.3600,0.000005
FILLER_84_190,VGND,li1,98.2100,239.3600,0.000005
FILLER_84_187,VGND,li1,96.8300,239.3600,0.000005
FILLER_84_184,VGND,li1,95.4500,239.3600,0.000005
FILLER_84_181,VGND,li1,94.0700,239.3600,0.000005
FILLER_84_178,VGND,li1,92.6900,239.3600,0.000006
FILLER_84_175,VGND,li1,91.3100,239.3600,0.000006
FILLER_84_172,VGND,li1,89.9300,239.3600,0.000006
FILLER_84_169,VGND,li1,88.5500,239.3600,0.000006
FILLER_84_166,VGND,li1,87.1700,239.3600,0.000006
FILLER_84_163,VGND,li1,85.7900,239.3600,0.000006
FILLER_84_160,VGND,li1,84.4100,239.3600,0.000006
FILLER_84_157,VGND,li1,83.0300,239.3600,0.000007
FILLER_84_154,VGND,li1,81.6500,239.3600,0.000007
FILLER_84_147,VGND,li1,77.9700,239.3600,0.000007
FILLER_84_144,VGND,li1,77.0500,239.3600,0.000009
FILLER_84_141,VGND,li1,75.6700,239.3600,0.000009
FILLER_84_122,VGND,li1,66.7000,239.3600,0.000018
FILLER_84_48,VGND,li1,32.6600,239.3600,0.000019
FILLER_84_29,VGND,li1,23.9200,239.3600,0.000014
FILLER_84_25,VGND,li1,22.3100,239.3600,0.000014
FILLER_84_6,VGND,li1,13.3400,239.3600,0.000011
FILLER_84_3,VGND,li1,12.1900,239.3600,0.000011
FILLER_83_647,VGND,li1,307.9700,239.3600,0.000012
FILLER_83_617,VGND,li1,294.6300,239.3600,0.000009
FILLER_83_604,VGND,li1,288.6500,239.3600,0.000006
FILLER_83_601,VGND,li1,287.2700,239.3600,0.000006
FILLER_83_597,VGND,li1,284.9700,239.3600,0.000007
FILLER_83_582,VGND,li1,278.0700,239.3600,0.000007
FILLER_83_577,VGND,li1,276.0000,239.3600,0.000007
FILLER_83_567,VGND,li1,271.1700,239.3600,0.000006
FILLER_83_564,VGND,li1,270.2500,239.3600,0.000006
FILLER_83_549,VGND,li1,263.3500,239.3600,0.000005
FILLER_83_540,VGND,li1,258.7500,239.3600,0.000004
FILLER_83_537,VGND,li1,257.8300,239.3600,0.000004
FILLER_83_534,VGND,li1,256.4500,239.3600,0.000004
FILLER_83_523,VGND,li1,251.3900,239.3600,0.000006
FILLER_83_508,VGND,li1,244.4900,239.3600,0.000007
FILLER_83_505,VGND,li1,243.1100,239.3600,0.000007
FILLER_83_500,VGND,li1,240.3500,239.3600,0.000007
FILLER_83_497,VGND,li1,239.4300,239.3600,0.000007
FILLER_83_485,VGND,li1,233.4500,239.3600,0.000007
FILLER_83_466,VGND,li1,224.9400,239.3600,0.000008
FILLER_83_427,VGND,li1,206.7700,239.3600,0.000011
FILLER_83_424,VGND,li1,205.8500,239.3600,0.000011
FILLER_83_421,VGND,li1,204.4700,239.3600,0.000009
FILLER_83_418,VGND,li1,203.0900,239.3600,0.000009
FILLER_83_396,VGND,li1,192.5100,239.3600,0.000006
FILLER_83_393,VGND,li1,191.5900,239.3600,0.000006
FILLER_83_391,VGND,li1,190.2100,239.3600,0.000005
FILLER_83_388,VGND,li1,189.2900,239.3600,0.000005
FILLER_83_385,VGND,li1,187.9100,239.3600,0.000005
FILLER_83_382,VGND,li1,186.5300,239.3600,0.000005
FILLER_83_379,VGND,li1,185.1500,239.3600,0.000005
FILLER_83_376,VGND,li1,183.7700,239.3600,0.000004
FILLER_83_373,VGND,li1,182.3900,239.3600,0.000004
FILLER_83_370,VGND,li1,181.0100,239.3600,0.000004
FILLER_83_367,VGND,li1,179.6300,239.3600,0.000004
FILLER_83_364,VGND,li1,178.2500,239.3600,0.000004
FILLER_83_361,VGND,li1,176.8700,239.3600,0.000004
FILLER_83_358,VGND,li1,175.4900,239.3600,0.000003
FILLER_83_355,VGND,li1,174.1100,239.3600,0.000003
FILLER_83_352,VGND,li1,172.7300,239.3600,0.000003
FILLER_83_349,VGND,li1,171.3500,239.3600,0.000003
FILLER_83_346,VGND,li1,169.9700,239.3600,0.000003
FILLER_83_343,VGND,li1,168.5900,239.3600,0.000002
FILLER_83_340,VGND,li1,167.2100,239.3600,0.000002
FILLER_83_333,VGND,li1,163.9900,239.3600,0.000002
FILLER_83_330,VGND,li1,162.6100,239.3600,0.000003
FILLER_83_327,VGND,li1,161.2300,239.3600,0.000003
FILLER_83_309,VGND,li1,152.7200,239.3600,0.000003
FILLER_83_305,VGND,li1,150.6500,239.3600,0.000003
FILLER_83_302,VGND,li1,149.7300,239.3600,0.000003
FILLER_83_299,VGND,li1,148.3500,239.3600,0.000003
FILLER_83_296,VGND,li1,146.9700,239.3600,0.000003
FILLER_83_293,VGND,li1,145.5900,239.3600,0.000004
FILLER_83_290,VGND,li1,144.2100,239.3600,0.000004
FILLER_83_284,VGND,li1,141.4500,239.3600,0.000003
FILLER_83_281,VGND,li1,140.0700,239.3600,0.000003
FILLER_83_277,VGND,li1,138.2300,239.3600,0.000003
FILLER_83_274,VGND,li1,136.8500,239.3600,0.000003
FILLER_83_271,VGND,li1,135.4700,239.3600,0.000003
FILLER_83_268,VGND,li1,134.0900,239.3600,0.000003
FILLER_83_265,VGND,li1,132.7100,239.3600,0.000004
FILLER_83_254,VGND,li1,127.4200,239.3600,0.000005
FILLER_83_251,VGND,li1,126.2700,239.3600,0.000005
FILLER_83_240,VGND,li1,121.2100,239.3600,0.000005
FILLER_83_237,VGND,li1,119.8300,239.3600,0.000005
FILLER_83_231,VGND,li1,117.0700,239.3600,0.000005
FILLER_83_228,VGND,li1,115.6900,239.3600,0.000005
FILLER_83_225,VGND,li1,114.3100,239.3600,0.000004
FILLER_83_223,VGND,li1,112.9300,239.3600,0.000004
FILLER_83_220,VGND,li1,112.0100,239.3600,0.000004
FILLER_83_217,VGND,li1,110.6300,239.3600,0.000004
FILLER_83_214,VGND,li1,109.2500,239.3600,0.000004
FILLER_83_211,VGND,li1,107.8700,239.3600,0.000004
FILLER_83_208,VGND,li1,106.4900,239.3600,0.000004
FILLER_83_205,VGND,li1,105.1100,239.3600,0.000004
FILLER_83_202,VGND,li1,103.7300,239.3600,0.000004
FILLER_83_199,VGND,li1,102.3500,239.3600,0.000004
FILLER_83_196,VGND,li1,100.9700,239.3600,0.000005
FILLER_83_193,VGND,li1,99.5900,239.3600,0.000005
FILLER_83_190,VGND,li1,98.2100,239.3600,0.000005
FILLER_83_187,VGND,li1,96.8300,239.3600,0.000005
FILLER_83_184,VGND,li1,95.4500,239.3600,0.000005
FILLER_83_181,VGND,li1,94.0700,239.3600,0.000005
FILLER_83_178,VGND,li1,92.6900,239.3600,0.000006
FILLER_83_175,VGND,li1,91.3100,239.3600,0.000006
FILLER_83_172,VGND,li1,89.9300,239.3600,0.000006
FILLER_83_169,VGND,li1,88.5500,239.3600,0.000006
FILLER_83_165,VGND,li1,86.7100,239.3600,0.000006
FILLER_83_162,VGND,li1,85.3300,239.3600,0.000006
FILLER_83_152,VGND,li1,80.2700,239.3600,0.000007
FILLER_83_149,VGND,li1,79.3500,239.3600,0.000007
FILLER_83_146,VGND,li1,77.9700,239.3600,0.000007
FILLER_83_143,VGND,li1,76.5900,239.3600,0.000009
FILLER_83_140,VGND,li1,75.2100,239.3600,0.000011
FILLER_83_137,VGND,li1,73.8300,239.3600,0.000011
FILLER_83_134,VGND,li1,72.4500,239.3600,0.000014
FILLER_83_131,VGND,li1,71.0700,239.3600,0.000014
FILLER_83_128,VGND,li1,69.6900,239.3600,0.000016
FILLER_83_125,VGND,li1,68.3100,239.3600,0.000018
FILLER_83_122,VGND,li1,66.9300,239.3600,0.000018
FILLER_83_113,VGND,li1,62.3300,239.3600,0.000022
FILLER_83_111,VGND,li1,61.4100,239.3600,0.000024
FILLER_83_108,VGND,li1,60.4900,239.3600,0.000024
FILLER_83_77,VGND,li1,46.2300,239.3600,0.000021
FILLER_83_74,VGND,li1,44.8500,239.3600,0.000021
FILLER_83_47,VGND,li1,31.9700,239.3600,0.000019
FILLER_83_44,VGND,li1,31.0500,239.3600,0.000019
FILLER_83_26,VGND,li1,22.3100,239.3600,0.000014
FILLER_83_23,VGND,li1,21.3900,239.3600,0.000012
FILLER_83_20,VGND,li1,20.0100,239.3600,0.000012
FILLER_82_645,VGND,li1,307.5100,233.9200,0.000008
FILLER_82_641,VGND,li1,305.6700,233.9200,0.000008
FILLER_82_638,VGND,li1,304.2900,233.9200,0.000008
FILLER_82_634,VGND,li1,301.9900,233.9200,0.000008
FILLER_82_621,VGND,li1,296.2400,233.9200,0.000007
FILLER_82_613,VGND,li1,292.5600,233.9200,0.000006
FILLER_82_610,VGND,li1,291.4100,233.9200,0.000006
FILLER_82_607,VGND,li1,290.0300,233.9200,0.000005
FILLER_82_600,VGND,li1,286.8100,233.9200,0.000007
FILLER_82_597,VGND,li1,285.4300,233.9200,0.000007
FILLER_82_580,VGND,li1,277.1500,233.9200,0.000008
FILLER_82_574,VGND,li1,274.8500,233.9200,0.000008
FILLER_82_571,VGND,li1,273.4700,233.9200,0.000008
FILLER_82_547,VGND,li1,262.4300,233.9200,0.000006
FILLER_82_544,VGND,li1,261.0500,233.9200,0.000006
FILLER_82_539,VGND,li1,258.2900,233.9200,0.000005
FILLER_82_536,VGND,li1,257.3700,233.9200,0.000006
FILLER_82_533,VGND,li1,255.9900,233.9200,0.000006
FILLER_82_530,VGND,li1,254.3800,233.9200,0.000006
FILLER_82_527,VGND,li1,253.2300,233.9200,0.000007
FILLER_82_524,VGND,li1,251.8500,233.9200,0.000007
FILLER_82_521,VGND,li1,250.4700,233.9200,0.000008
FILLER_82_518,VGND,li1,249.0900,233.9200,0.000008
FILLER_82_515,VGND,li1,247.7100,233.9200,0.000009
FILLER_82_492,VGND,li1,236.9000,233.9200,0.000011
FILLER_82_489,VGND,li1,235.7500,233.9200,0.000011
FILLER_82_486,VGND,li1,234.3700,233.9200,0.000011
FILLER_82_483,VGND,li1,232.9900,233.9200,0.000012
FILLER_82_480,VGND,li1,231.6100,233.9200,0.000012
FILLER_82_477,VGND,li1,230.2300,233.9200,0.000012
FILLER_82_475,VGND,li1,228.8500,233.9200,0.000012
FILLER_82_472,VGND,li1,227.9300,233.9200,0.000015
FILLER_82_469,VGND,li1,226.5500,233.9200,0.000015
FILLER_82_466,VGND,li1,225.1700,233.9200,0.000020
FILLER_82_463,VGND,li1,223.7900,233.9200,0.000020
FILLER_82_457,VGND,li1,221.0300,233.9200,0.000026
FILLER_82_454,VGND,li1,219.6500,233.9200,0.000026
FILLER_82_427,VGND,li1,207.2300,233.9200,0.000021
FILLER_82_424,VGND,li1,205.8500,233.9200,0.000021
FILLER_82_421,VGND,li1,204.4700,233.9200,0.000017
FILLER_82_418,VGND,li1,202.8600,233.9200,0.000017
FILLER_82_405,VGND,li1,196.8800,233.9200,0.000011
FILLER_82_395,VGND,li1,192.5100,233.9200,0.000010
FILLER_82_392,VGND,li1,191.1300,233.9200,0.000010
FILLER_82_389,VGND,li1,189.7500,233.9200,0.000010
FILLER_82_386,VGND,li1,188.3700,233.9200,0.000010
FILLER_82_383,VGND,li1,186.9900,233.9200,0.000009
FILLER_82_380,VGND,li1,185.6100,233.9200,0.000009
FILLER_82_377,VGND,li1,184.2300,233.9200,0.000009
FILLER_82_365,VGND,li1,178.2500,233.9200,0.000008
FILLER_82_350,VGND,li1,171.5800,233.9200,0.000006
FILLER_82_347,VGND,li1,170.4300,233.9200,0.000006
FILLER_82_324,VGND,li1,159.6200,233.9200,0.000005
FILLER_82_321,VGND,li1,158.4700,233.9200,0.000005
FILLER_82_318,VGND,li1,157.0900,233.9200,0.000005
FILLER_82_315,VGND,li1,155.7100,233.9200,0.000005
FILLER_82_312,VGND,li1,154.3300,233.9200,0.000005
FILLER_82_309,VGND,li1,152.9500,233.9200,0.000005
FILLER_82_307,VGND,li1,151.5700,233.9200,0.000005
FILLER_82_304,VGND,li1,150.6500,233.9200,0.000005
FILLER_82_301,VGND,li1,149.2700,233.9200,0.000005
FILLER_82_298,VGND,li1,147.8900,233.9200,0.000005
FILLER_82_295,VGND,li1,146.5100,233.9200,0.000004
FILLER_82_292,VGND,li1,145.1300,233.9200,0.000004
FILLER_82_289,VGND,li1,143.7500,233.9200,0.000004
FILLER_82_280,VGND,li1,139.1500,233.9200,0.000003
FILLER_82_277,VGND,li1,138.2300,233.9200,0.000003
FILLER_82_271,VGND,li1,135.4700,233.9200,0.000003
FILLER_82_268,VGND,li1,134.0900,233.9200,0.000003
FILLER_82_259,VGND,li1,129.4900,233.9200,0.000004
FILLER_82_256,VGND,li1,128.5700,233.9200,0.000004
FILLER_82_253,VGND,li1,127.1900,233.9200,0.000003
FILLER_82_251,VGND,li1,125.8100,233.9200,0.000003
FILLER_82_248,VGND,li1,124.8900,233.9200,0.000003
FILLER_82_245,VGND,li1,123.5100,233.9200,0.000003
FILLER_82_242,VGND,li1,122.1300,233.9200,0.000003
FILLER_82_239,VGND,li1,120.7500,233.9200,0.000003
FILLER_82_236,VGND,li1,119.3700,233.9200,0.000002
FILLER_82_233,VGND,li1,117.9900,233.9200,0.000002
FILLER_82_230,VGND,li1,116.6100,233.9200,0.000002
FILLER_82_219,VGND,li1,111.0900,233.9200,0.000001
FILLER_82_216,VGND,li1,110.1700,233.9200,0.000001
FILLER_82_213,VGND,li1,108.7900,233.9200,0.000001
FILLER_82_197,VGND,li1,100.9700,233.9200,0.000001
FILLER_82_163,VGND,li1,85.3300,233.9200,0.000001
FILLER_82_160,VGND,li1,84.4100,233.9200,0.000001
FILLER_82_147,VGND,li1,77.9700,233.9200,0.000002
FILLER_82_144,VGND,li1,77.0500,233.9200,0.000002
FILLER_82_141,VGND,li1,75.6700,233.9200,0.000002
FILLER_82_137,VGND,li1,73.8300,233.9200,0.000002
FILLER_82_105,VGND,li1,58.6500,233.9200,0.000004
FILLER_82_102,VGND,li1,57.7300,233.9200,0.000004
FILLER_82_99,VGND,li1,56.3500,233.9200,0.000004
FILLER_82_88,VGND,li1,51.2900,233.9200,0.000004
FILLER_82_64,VGND,li1,40.2500,233.9200,0.000006
FILLER_82_61,VGND,li1,38.8700,233.9200,0.000006
FILLER_82_35,VGND,li1,26.4500,233.9200,0.000005
FILLER_82_32,VGND,li1,25.5300,233.9200,0.000005
FILLER_82_29,VGND,li1,24.1500,233.9200,0.000004
FILLER_82_26,VGND,li1,22.5400,233.9200,0.000004
FILLER_82_9,VGND,li1,14.4900,233.9200,0.000004
FILLER_82_6,VGND,li1,13.5700,233.9200,0.000004
FILLER_82_3,VGND,li1,12.1900,233.9200,0.000004
FILLER_81_647,VGND,li1,307.9700,233.9200,0.000008
FILLER_81_644,VGND,li1,307.0500,233.9200,0.000008
FILLER_81_641,VGND,li1,305.6700,233.9200,0.000008
FILLER_81_638,VGND,li1,304.2900,233.9200,0.000008
FILLER_81_615,VGND,li1,293.2500,233.9200,0.000007
FILLER_81_584,VGND,li1,278.9900,233.9200,0.000008
FILLER_81_571,VGND,li1,273.0100,233.9200,0.000008
FILLER_81_568,VGND,li1,272.0900,233.9200,0.000008
FILLER_81_565,VGND,li1,270.7100,233.9200,0.000008
FILLER_81_561,VGND,li1,268.4100,233.9200,0.000008
FILLER_81_551,VGND,li1,263.8100,233.9200,0.000006
FILLER_81_548,VGND,li1,262.8900,233.9200,0.000006
FILLER_81_514,VGND,li1,247.2500,233.9200,0.000009
FILLER_81_511,VGND,li1,245.8700,233.9200,0.000010
FILLER_81_508,VGND,li1,244.4900,233.9200,0.000010
FILLER_81_505,VGND,li1,243.1100,233.9200,0.000011
FILLER_81_494,VGND,li1,237.5900,233.9200,0.000011
FILLER_81_491,VGND,li1,236.6700,233.9200,0.000011
FILLER_81_488,VGND,li1,235.2900,233.9200,0.000011
FILLER_81_485,VGND,li1,233.9100,233.9200,0.000012
FILLER_81_482,VGND,li1,232.5300,233.9200,0.000012
FILLER_81_479,VGND,li1,231.1500,233.9200,0.000012
FILLER_81_476,VGND,li1,229.7700,233.9200,0.000012
FILLER_81_473,VGND,li1,228.3900,233.9200,0.000012
FILLER_81_470,VGND,li1,227.0100,233.9200,0.000015
FILLER_81_447,VGND,li1,215.9700,233.9200,0.000033
FILLER_81_444,VGND,li1,215.0500,233.9200,0.000033
FILLER_81_433,VGND,li1,209.7600,233.9200,0.000025
FILLER_81_430,VGND,li1,208.6100,233.9200,0.000025
FILLER_81_427,VGND,li1,207.2300,233.9200,0.000021
FILLER_81_424,VGND,li1,205.8500,233.9200,0.000021
FILLER_81_421,VGND,li1,204.4700,233.9200,0.000017
FILLER_81_418,VGND,li1,203.0900,233.9200,0.000017
FILLER_81_415,VGND,li1,201.7100,233.9200,0.000013
FILLER_81_412,VGND,li1,200.3300,233.9200,0.000011
FILLER_81_409,VGND,li1,198.9500,233.9200,0.000011
FILLER_81_406,VGND,li1,197.5700,233.9200,0.000011
FILLER_81_403,VGND,li1,196.1900,233.9200,0.000010
FILLER_81_400,VGND,li1,194.8100,233.9200,0.000010
FILLER_81_393,VGND,li1,191.5900,233.9200,0.000010
FILLER_81_390,VGND,li1,189.9800,233.9200,0.000010
FILLER_81_387,VGND,li1,188.8300,233.9200,0.000010
FILLER_81_355,VGND,li1,173.8800,233.9200,0.000007
FILLER_81_352,VGND,li1,172.7300,233.9200,0.000007
FILLER_81_337,VGND,li1,165.8300,233.9200,0.000006
FILLER_81_334,VGND,li1,164.2200,233.9200,0.000006
FILLER_81_331,VGND,li1,163.0700,233.9200,0.000006
FILLER_81_318,VGND,li1,156.8600,233.9200,0.000005
FILLER_81_315,VGND,li1,155.7100,233.9200,0.000005
FILLER_81_284,VGND,li1,140.9900,233.9200,0.000003
FILLER_81_281,VGND,li1,140.0700,233.9200,0.000003
FILLER_81_279,VGND,li1,138.6900,233.9200,0.000003
FILLER_81_270,VGND,li1,134.7800,233.9200,0.000003
FILLER_81_237,VGND,li1,119.6000,233.9200,0.000002
FILLER_81_234,VGND,li1,118.4500,233.9200,0.000002
FILLER_81_231,VGND,li1,117.0700,233.9200,0.000002
FILLER_81_228,VGND,li1,115.6900,233.9200,0.000002
FILLER_81_225,VGND,li1,114.3100,233.9200,0.000002
FILLER_81_223,VGND,li1,112.9300,233.9200,0.000002
FILLER_81_220,VGND,li1,112.0100,233.9200,0.000001
FILLER_81_217,VGND,li1,110.6300,233.9200,0.000001
FILLER_81_208,VGND,li1,106.2600,233.9200,0.000001
FILLER_81_205,VGND,li1,105.1100,233.9200,0.000001
FILLER_81_202,VGND,li1,103.7300,233.9200,0.000001
FILLER_81_199,VGND,li1,102.3500,233.9200,0.000001
FILLER_81_196,VGND,li1,100.9700,233.9200,0.000001
FILLER_81_193,VGND,li1,99.5900,233.9200,0.000001
FILLER_81_190,VGND,li1,98.2100,233.9200,0.000001
FILLER_81_187,VGND,li1,96.8300,233.9200,0.000001
FILLER_81_184,VGND,li1,95.4500,233.9200,0.000001
FILLER_81_181,VGND,li1,94.0700,233.9200,0.000001
FILLER_81_178,VGND,li1,92.6900,233.9200,0.000001
FILLER_81_175,VGND,li1,91.3100,233.9200,0.000001
FILLER_81_172,VGND,li1,89.9300,233.9200,0.000001
FILLER_81_169,VGND,li1,88.5500,233.9200,0.000001
FILLER_81_165,VGND,li1,86.7100,233.9200,0.000001
FILLER_81_162,VGND,li1,85.3300,233.9200,0.000001
FILLER_81_159,VGND,li1,83.9500,233.9200,0.000001
FILLER_81_156,VGND,li1,82.5700,233.9200,0.000001
FILLER_81_147,VGND,li1,78.2000,233.9200,0.000002
FILLER_81_144,VGND,li1,77.0500,233.9200,0.000002
FILLER_81_141,VGND,li1,75.6700,233.9200,0.000002
FILLER_81_138,VGND,li1,74.2900,233.9200,0.000002
FILLER_81_135,VGND,li1,72.9100,233.9200,0.000003
FILLER_81_132,VGND,li1,71.5300,233.9200,0.000003
FILLER_81_129,VGND,li1,70.1500,233.9200,0.000003
FILLER_81_122,VGND,li1,66.7000,233.9200,0.000004
FILLER_81_111,VGND,li1,61.4100,233.9200,0.000005
FILLER_81_108,VGND,li1,60.4900,233.9200,0.000005
FILLER_81_105,VGND,li1,59.1100,233.9200,0.000004
FILLER_81_102,VGND,li1,57.7300,233.9200,0.000004
FILLER_81_57,VGND,li1,37.0300,233.9200,0.000006
FILLER_81_38,VGND,li1,27.8300,233.9200,0.000005
FILLER_81_35,VGND,li1,26.9100,233.9200,0.000005
FILLER_81_6,VGND,li1,13.5700,233.9200,0.000004
FILLER_81_3,VGND,li1,12.1900,233.9200,0.000004
FILLER_80_645,VGND,li1,307.5100,228.4800,0.000006
FILLER_80_643,VGND,li1,306.1300,228.4800,0.000006
FILLER_80_640,VGND,li1,305.2100,228.4800,0.000006
FILLER_80_637,VGND,li1,303.8300,228.4800,0.000006
FILLER_80_634,VGND,li1,302.4500,228.4800,0.000006
FILLER_80_631,VGND,li1,301.0700,228.4800,0.000006
FILLER_80_616,VGND,li1,294.1700,228.4800,0.000005
FILLER_80_613,VGND,li1,292.7900,228.4800,0.000004
FILLER_80_610,VGND,li1,291.4100,228.4800,0.000004
FILLER_80_607,VGND,li1,290.0300,228.4800,0.000004
FILLER_80_604,VGND,li1,288.6500,228.4800,0.000004
FILLER_80_598,VGND,li1,285.8900,228.4800,0.000004
FILLER_80_595,VGND,li1,284.5100,228.4800,0.000005
FILLER_80_592,VGND,li1,283.1300,228.4800,0.000005
FILLER_80_589,VGND,li1,281.7500,228.4800,0.000005
FILLER_80_577,VGND,li1,275.7700,228.4800,0.000006
FILLER_80_574,VGND,li1,274.8500,228.4800,0.000006
FILLER_80_571,VGND,li1,273.4700,228.4800,0.000006
FILLER_80_548,VGND,li1,262.6600,228.4800,0.000004
FILLER_80_545,VGND,li1,261.5100,228.4800,0.000004
FILLER_80_542,VGND,li1,260.1300,228.4800,0.000004
FILLER_80_539,VGND,li1,258.7500,228.4800,0.000003
FILLER_80_536,VGND,li1,257.3700,228.4800,0.000003
FILLER_80_533,VGND,li1,255.9900,228.4800,0.000003
FILLER_80_529,VGND,li1,254.1500,228.4800,0.000003
FILLER_80_526,VGND,li1,252.7700,228.4800,0.000003
FILLER_80_514,VGND,li1,247.2500,228.4800,0.000004
FILLER_80_511,VGND,li1,245.8700,228.4800,0.000004
FILLER_80_508,VGND,li1,244.4900,228.4800,0.000004
FILLER_80_496,VGND,li1,238.9700,228.4800,0.000004
FILLER_80_493,VGND,li1,237.5900,228.4800,0.000004
FILLER_80_474,VGND,li1,228.6200,228.4800,0.000006
FILLER_80_471,VGND,li1,227.4700,228.4800,0.000006
FILLER_80_461,VGND,li1,222.6400,228.4800,0.000009
FILLER_80_451,VGND,li1,217.8100,228.4800,0.000012
FILLER_80_448,VGND,li1,216.8900,228.4800,0.000014
FILLER_80_445,VGND,li1,215.5100,228.4800,0.000014
FILLER_80_442,VGND,li1,214.1300,228.4800,0.000015
FILLER_80_418,VGND,li1,202.8600,228.4800,0.000017
FILLER_80_415,VGND,li1,201.7100,228.4800,0.000017
FILLER_80_410,VGND,li1,198.9500,228.4800,0.000012
FILLER_80_407,VGND,li1,198.0300,228.4800,0.000012
FILLER_80_404,VGND,li1,196.6500,228.4800,0.000011
FILLER_80_401,VGND,li1,195.2700,228.4800,0.000011
FILLER_80_398,VGND,li1,193.8900,228.4800,0.000010
FILLER_80_395,VGND,li1,192.5100,228.4800,0.000010
FILLER_80_378,VGND,li1,184.6900,228.4800,0.000008
FILLER_80_375,VGND,li1,183.3100,228.4800,0.000008
FILLER_80_372,VGND,li1,181.9300,228.4800,0.000008
FILLER_80_361,VGND,li1,176.8700,228.4800,0.000006
FILLER_80_358,VGND,li1,175.4900,228.4800,0.000006
FILLER_80_355,VGND,li1,174.1100,228.4800,0.000005
FILLER_80_352,VGND,li1,172.7300,228.4800,0.000005
FILLER_80_349,VGND,li1,171.3500,228.4800,0.000004
FILLER_80_346,VGND,li1,169.9700,228.4800,0.000004
FILLER_80_339,VGND,li1,166.5200,228.4800,0.000004
FILLER_80_336,VGND,li1,165.3700,228.4800,0.000004
FILLER_80_333,VGND,li1,163.9900,228.4800,0.000004
FILLER_80_330,VGND,li1,162.6100,228.4800,0.000004
FILLER_80_327,VGND,li1,161.2300,228.4800,0.000004
FILLER_80_318,VGND,li1,156.8600,228.4800,0.000005
FILLER_80_315,VGND,li1,155.7100,228.4800,0.000005
FILLER_80_312,VGND,li1,154.3300,228.4800,0.000005
FILLER_80_306,VGND,li1,151.3400,228.4800,0.000005
FILLER_80_303,VGND,li1,150.1900,228.4800,0.000005
FILLER_80_300,VGND,li1,148.8100,228.4800,0.000005
FILLER_80_297,VGND,li1,147.4300,228.4800,0.000005
FILLER_80_291,VGND,li1,144.2100,228.4800,0.000004
FILLER_80_263,VGND,li1,131.7900,228.4800,0.000003
FILLER_80_259,VGND,li1,129.4900,228.4800,0.000002
FILLER_80_256,VGND,li1,128.5700,228.4800,0.000002
FILLER_80_253,VGND,li1,127.1900,228.4800,0.000002
FILLER_80_249,VGND,li1,125.3500,228.4800,0.000002
FILLER_80_246,VGND,li1,123.9700,228.4800,0.000002
FILLER_80_240,VGND,li1,120.9800,228.4800,0.000002
FILLER_80_237,VGND,li1,119.8300,228.4800,0.000002
FILLER_80_221,VGND,li1,112.4700,228.4800,0.000001
FILLER_80_218,VGND,li1,111.0900,228.4800,0.000001
FILLER_80_215,VGND,li1,109.7100,228.4800,0.000001
FILLER_80_212,VGND,li1,108.3300,228.4800,0.000001
FILLER_80_209,VGND,li1,106.9500,228.4800,0.000001
FILLER_80_206,VGND,li1,105.5700,228.4800,0.000001
FILLER_80_203,VGND,li1,104.1900,228.4800,0.000001
FILLER_80_200,VGND,li1,102.8100,228.4800,0.000001
FILLER_80_197,VGND,li1,101.4300,228.4800,0.000001
FILLER_80_193,VGND,li1,99.5900,228.4800,0.000001
FILLER_80_190,VGND,li1,98.2100,228.4800,0.000001
FILLER_80_187,VGND,li1,96.8300,228.4800,0.000001
FILLER_80_184,VGND,li1,95.4500,228.4800,0.000001
FILLER_80_181,VGND,li1,94.0700,228.4800,0.000001
FILLER_80_178,VGND,li1,92.6900,228.4800,0.000001
FILLER_80_175,VGND,li1,91.3100,228.4800,0.000001
FILLER_80_172,VGND,li1,89.9300,228.4800,0.000001
FILLER_80_169,VGND,li1,88.5500,228.4800,0.000001
FILLER_80_166,VGND,li1,87.1700,228.4800,0.000001
FILLER_80_163,VGND,li1,85.7900,228.4800,0.000001
FILLER_80_160,VGND,li1,84.4100,228.4800,0.000001
FILLER_80_157,VGND,li1,83.0300,228.4800,0.000001
FILLER_80_154,VGND,li1,81.6500,228.4800,0.000001
FILLER_80_151,VGND,li1,80.2700,228.4800,0.000001
FILLER_80_141,VGND,li1,75.4400,228.4800,0.000002
FILLER_80_137,VGND,li1,73.8300,228.4800,0.000002
FILLER_80_133,VGND,li1,71.5300,228.4800,0.000002
FILLER_80_130,VGND,li1,70.6100,228.4800,0.000003
FILLER_80_127,VGND,li1,69.2300,228.4800,0.000003
FILLER_80_124,VGND,li1,67.8500,228.4800,0.000003
FILLER_80_121,VGND,li1,66.4700,228.4800,0.000003
FILLER_80_118,VGND,li1,65.0900,228.4800,0.000004
FILLER_80_115,VGND,li1,63.7100,228.4800,0.000004
FILLER_80_112,VGND,li1,62.3300,228.4800,0.000004
FILLER_80_102,VGND,li1,57.5000,228.4800,0.000005
FILLER_80_99,VGND,li1,56.3500,228.4800,0.000005
FILLER_80_88,VGND,li1,51.2900,228.4800,0.000004
FILLER_80_85,VGND,li1,49.9100,228.4800,0.000004
FILLER_80_74,VGND,li1,44.6200,228.4800,0.000005
FILLER_80_57,VGND,li1,37.0300,228.4800,0.000006
FILLER_80_54,VGND,li1,35.6500,228.4800,0.000006
FILLER_79_645,VGND,li1,307.5100,228.4800,0.000006
FILLER_79_642,VGND,li1,306.1300,228.4800,0.000006
FILLER_79_639,VGND,li1,304.7500,228.4800,0.000006
FILLER_79_617,VGND,li1,294.1700,228.4800,0.000005
FILLER_79_613,VGND,li1,292.7900,228.4800,0.000004
FILLER_79_610,VGND,li1,291.4100,228.4800,0.000004
FILLER_79_607,VGND,li1,290.0300,228.4800,0.000004
FILLER_79_604,VGND,li1,288.6500,228.4800,0.000004
FILLER_79_595,VGND,li1,284.0500,228.4800,0.000005
FILLER_79_592,VGND,li1,283.1300,228.4800,0.000005
FILLER_79_589,VGND,li1,281.7500,228.4800,0.000005
FILLER_79_567,VGND,li1,271.1700,228.4800,0.000006
FILLER_79_564,VGND,li1,270.2500,228.4800,0.000006
FILLER_79_561,VGND,li1,268.8700,228.4800,0.000006
FILLER_79_559,VGND,li1,267.4900,228.4800,0.000006
FILLER_79_556,VGND,li1,266.5700,228.4800,0.000005
FILLER_79_553,VGND,li1,265.1900,228.4800,0.000005
FILLER_79_550,VGND,li1,263.8100,228.4800,0.000004
FILLER_79_547,VGND,li1,262.4300,228.4800,0.000004
FILLER_79_544,VGND,li1,261.0500,228.4800,0.000004
FILLER_79_535,VGND,li1,256.4500,228.4800,0.000003
FILLER_79_532,VGND,li1,255.5300,228.4800,0.000003
FILLER_79_529,VGND,li1,254.1500,228.4800,0.000003
FILLER_79_526,VGND,li1,252.7700,228.4800,0.000003
FILLER_79_523,VGND,li1,251.3900,228.4800,0.000003
FILLER_79_520,VGND,li1,250.0100,228.4800,0.000003
FILLER_79_517,VGND,li1,248.6300,228.4800,0.000004
FILLER_79_514,VGND,li1,247.2500,228.4800,0.000004
FILLER_79_511,VGND,li1,245.8700,228.4800,0.000004
FILLER_79_505,VGND,li1,243.1100,228.4800,0.000004
FILLER_79_503,VGND,li1,241.7300,228.4800,0.000004
FILLER_79_500,VGND,li1,240.8100,228.4800,0.000004
FILLER_79_497,VGND,li1,239.4300,228.4800,0.000004
FILLER_79_494,VGND,li1,238.0500,228.4800,0.000004
FILLER_79_485,VGND,li1,233.4500,228.4800,0.000005
FILLER_79_482,VGND,li1,232.5300,228.4800,0.000005
FILLER_79_479,VGND,li1,231.1500,228.4800,0.000005
FILLER_79_476,VGND,li1,229.7700,228.4800,0.000005
FILLER_79_473,VGND,li1,228.3900,228.4800,0.000006
FILLER_79_470,VGND,li1,227.0100,228.4800,0.000006
FILLER_79_467,VGND,li1,225.6300,228.4800,0.000007
FILLER_79_464,VGND,li1,224.2500,228.4800,0.000009
FILLER_79_461,VGND,li1,222.8700,228.4800,0.000009
FILLER_79_458,VGND,li1,221.4900,228.4800,0.000011
FILLER_79_455,VGND,li1,220.1100,228.4800,0.000011
FILLER_79_452,VGND,li1,218.7300,228.4800,0.000012
FILLER_79_449,VGND,li1,217.3500,228.4800,0.000012
FILLER_79_446,VGND,li1,215.7400,228.4800,0.000014
FILLER_79_441,VGND,li1,213.4400,228.4800,0.000015
FILLER_79_431,VGND,li1,208.8400,228.4800,0.000018
FILLER_79_393,VGND,li1,191.1300,228.4800,0.000010
FILLER_79_390,VGND,li1,189.9800,228.4800,0.000010
FILLER_79_387,VGND,li1,188.8300,228.4800,0.000010
FILLER_79_384,VGND,li1,187.4500,228.4800,0.000009
FILLER_79_381,VGND,li1,186.0700,228.4800,0.000009
FILLER_79_377,VGND,li1,183.7700,228.4800,0.000008
FILLER_79_374,VGND,li1,182.8500,228.4800,0.000008
FILLER_79_371,VGND,li1,181.4700,228.4800,0.000008
FILLER_79_368,VGND,li1,180.0900,228.4800,0.000007
FILLER_79_365,VGND,li1,178.7100,228.4800,0.000006
FILLER_79_358,VGND,li1,175.4900,228.4800,0.000006
FILLER_79_355,VGND,li1,174.1100,228.4800,0.000005
FILLER_79_352,VGND,li1,172.7300,228.4800,0.000005
FILLER_79_349,VGND,li1,171.3500,228.4800,0.000004
FILLER_79_346,VGND,li1,169.9700,228.4800,0.000004
FILLER_79_343,VGND,li1,168.5900,228.4800,0.000003
FILLER_79_340,VGND,li1,167.2100,228.4800,0.000003
FILLER_79_337,VGND,li1,165.8300,228.4800,0.000004
FILLER_79_334,VGND,li1,164.2200,228.4800,0.000004
FILLER_79_331,VGND,li1,163.0700,228.4800,0.000004
FILLER_79_328,VGND,li1,161.6900,228.4800,0.000004
FILLER_79_298,VGND,li1,147.4300,228.4800,0.000005
FILLER_79_284,VGND,li1,141.4500,228.4800,0.000004
FILLER_79_281,VGND,li1,140.0700,228.4800,0.000003
FILLER_79_278,VGND,li1,138.4600,228.4800,0.000003
FILLER_79_275,VGND,li1,137.3100,228.4800,0.000003
FILLER_79_272,VGND,li1,135.9300,228.4800,0.000003
FILLER_79_268,VGND,li1,133.6300,228.4800,0.000003
FILLER_79_265,VGND,li1,132.7100,228.4800,0.000003
FILLER_79_262,VGND,li1,131.3300,228.4800,0.000003
FILLER_79_259,VGND,li1,129.9500,228.4800,0.000002
FILLER_79_256,VGND,li1,128.5700,228.4800,0.000002
FILLER_79_253,VGND,li1,127.1900,228.4800,0.000002
FILLER_79_250,VGND,li1,125.8100,228.4800,0.000002
FILLER_79_247,VGND,li1,124.4300,228.4800,0.000002
FILLER_79_244,VGND,li1,123.0500,228.4800,0.000002
FILLER_79_241,VGND,li1,121.6700,228.4800,0.000002
FILLER_79_236,VGND,li1,118.9100,228.4800,0.000002
FILLER_79_230,VGND,li1,116.1500,228.4800,0.000001
FILLER_79_223,VGND,li1,112.9300,228.4800,0.000001
FILLER_79_220,VGND,li1,112.0100,228.4800,0.000001
FILLER_79_217,VGND,li1,110.6300,228.4800,0.000001
FILLER_79_214,VGND,li1,109.2500,228.4800,0.000001
FILLER_79_211,VGND,li1,107.8700,228.4800,0.000001
FILLER_79_208,VGND,li1,106.4900,228.4800,0.000001
FILLER_79_205,VGND,li1,105.1100,228.4800,0.000001
FILLER_79_202,VGND,li1,103.7300,228.4800,0.000001
FILLER_79_193,VGND,li1,99.1300,228.4800,0.000001
FILLER_79_184,VGND,li1,95.2200,228.4800,0.000001
FILLER_79_181,VGND,li1,94.0700,228.4800,0.000001
FILLER_79_178,VGND,li1,92.6900,228.4800,0.000001
FILLER_79_175,VGND,li1,91.3100,228.4800,0.000001
FILLER_79_172,VGND,li1,89.9300,228.4800,0.000001
FILLER_79_169,VGND,li1,88.5500,228.4800,0.000001
FILLER_79_167,VGND,li1,87.1700,228.4800,0.000001
FILLER_79_164,VGND,li1,86.2500,228.4800,0.000001
FILLER_79_161,VGND,li1,84.8700,228.4800,0.000001
FILLER_79_152,VGND,li1,80.2700,228.4800,0.000001
FILLER_79_149,VGND,li1,79.3500,228.4800,0.000001
FILLER_79_146,VGND,li1,77.9700,228.4800,0.000002
FILLER_79_143,VGND,li1,76.5900,228.4800,0.000002
FILLER_79_140,VGND,li1,75.2100,228.4800,0.000002
FILLER_79_127,VGND,li1,69.2300,228.4800,0.000003
FILLER_79_124,VGND,li1,67.8500,228.4800,0.000003
FILLER_79_121,VGND,li1,66.4700,228.4800,0.000003
FILLER_79_113,VGND,li1,62.3300,228.4800,0.000004
FILLER_79_93,VGND,li1,53.3600,228.4800,0.000005
FILLER_79_74,VGND,li1,44.6200,228.4800,0.000005
FILLER_79_31,VGND,li1,24.6100,228.4800,0.000005
FILLER_79_28,VGND,li1,23.6900,228.4800,0.000005
FILLER_79_11,VGND,li1,15.4100,228.4800,0.000004
FILLER_78_645,VGND,li1,307.5100,223.0400,0.000006
FILLER_78_641,VGND,li1,305.6700,223.0400,0.000006
FILLER_78_638,VGND,li1,304.2900,223.0400,0.000006
FILLER_78_635,VGND,li1,302.9100,223.0400,0.000006
FILLER_78_632,VGND,li1,301.5300,223.0400,0.000006
FILLER_78_629,VGND,li1,300.1500,223.0400,0.000006
FILLER_78_623,VGND,li1,297.1600,223.0400,0.000005
FILLER_78_620,VGND,li1,296.0100,223.0400,0.000005
FILLER_78_617,VGND,li1,294.6300,223.0400,0.000005
FILLER_78_614,VGND,li1,293.2500,223.0400,0.000005
FILLER_78_611,VGND,li1,291.8700,223.0400,0.000005
FILLER_78_589,VGND,li1,281.2900,223.0400,0.000007
FILLER_78_579,VGND,li1,276.6900,223.0400,0.000007
FILLER_78_546,VGND,li1,261.9700,223.0400,0.000005
FILLER_78_543,VGND,li1,260.5900,223.0400,0.000004
FILLER_78_533,VGND,li1,255.5300,223.0400,0.000004
FILLER_78_531,VGND,li1,254.6100,223.0400,0.000004
FILLER_78_500,VGND,li1,240.3500,223.0400,0.000005
FILLER_78_489,VGND,li1,235.5200,223.0400,0.000005
FILLER_78_475,VGND,li1,228.8500,223.0400,0.000004
FILLER_78_472,VGND,li1,227.9300,223.0400,0.000004
FILLER_78_469,VGND,li1,226.5500,223.0400,0.000004
FILLER_78_454,VGND,li1,219.4200,223.0400,0.000005
FILLER_78_419,VGND,li1,203.0900,223.0400,0.000005
FILLER_78_416,VGND,li1,202.1700,223.0400,0.000005
FILLER_78_386,VGND,li1,187.9100,223.0400,0.000004
FILLER_78_383,VGND,li1,186.9900,223.0400,0.000004
FILLER_78_380,VGND,li1,185.6100,223.0400,0.000004
FILLER_78_377,VGND,li1,184.2300,223.0400,0.000004
FILLER_78_374,VGND,li1,182.8500,223.0400,0.000003
FILLER_78_365,VGND,li1,178.2500,223.0400,0.000003
FILLER_78_362,VGND,li1,177.1000,223.0400,0.000003
FILLER_78_346,VGND,li1,169.7400,223.0400,0.000002
FILLER_78_322,VGND,li1,158.7000,223.0400,0.000002
FILLER_78_319,VGND,li1,157.5500,223.0400,0.000002
FILLER_78_316,VGND,li1,156.1700,223.0400,0.000002
FILLER_78_307,VGND,li1,151.5700,223.0400,0.000003
FILLER_78_304,VGND,li1,150.6500,223.0400,0.000003
FILLER_78_301,VGND,li1,149.2700,223.0400,0.000003
FILLER_78_298,VGND,li1,147.8900,223.0400,0.000003
FILLER_78_289,VGND,li1,143.2900,223.0400,0.000003
FILLER_78_258,VGND,li1,129.2600,223.0400,0.000003
FILLER_78_242,VGND,li1,121.6700,223.0400,0.000002
FILLER_78_239,VGND,li1,120.7500,223.0400,0.000002
FILLER_78_236,VGND,li1,119.3700,223.0400,0.000002
FILLER_78_233,VGND,li1,117.9900,223.0400,0.000002
FILLER_78_230,VGND,li1,116.6100,223.0400,0.000002
FILLER_78_222,VGND,li1,112.4700,223.0400,0.000001
FILLER_78_219,VGND,li1,111.5500,223.0400,0.000001
FILLER_78_216,VGND,li1,110.1700,223.0400,0.000001
FILLER_78_206,VGND,li1,105.5700,223.0400,0.000001
FILLER_78_203,VGND,li1,104.1900,223.0400,0.000001
FILLER_78_200,VGND,li1,102.8100,223.0400,0.000001
FILLER_78_197,VGND,li1,101.4300,223.0400,0.000001
FILLER_78_195,VGND,li1,100.0500,223.0400,0.000001
FILLER_78_192,VGND,li1,99.1300,223.0400,0.000001
FILLER_78_182,VGND,li1,94.5300,223.0400,0.000001
FILLER_78_153,VGND,li1,80.9600,223.0400,0.000001
FILLER_78_150,VGND,li1,79.8100,223.0400,0.000001
FILLER_78_147,VGND,li1,78.4300,223.0400,0.000001
FILLER_78_144,VGND,li1,77.0500,223.0400,0.000001
FILLER_78_141,VGND,li1,75.6700,223.0400,0.000001
FILLER_78_137,VGND,li1,73.8300,223.0400,0.000002
FILLER_78_129,VGND,li1,69.6900,223.0400,0.000002
FILLER_78_126,VGND,li1,68.7700,223.0400,0.000002
FILLER_78_123,VGND,li1,67.3900,223.0400,0.000003
FILLER_78_120,VGND,li1,66.0100,223.0400,0.000003
FILLER_78_117,VGND,li1,64.6300,223.0400,0.000003
FILLER_78_114,VGND,li1,63.2500,223.0400,0.000003
FILLER_78_111,VGND,li1,61.8700,223.0400,0.000003
FILLER_78_99,VGND,li1,56.3500,223.0400,0.000004
FILLER_78_88,VGND,li1,51.2900,223.0400,0.000004
FILLER_78_85,VGND,li1,49.9100,223.0400,0.000004
FILLER_78_83,VGND,li1,48.5300,223.0400,0.000004
FILLER_78_80,VGND,li1,47.6100,223.0400,0.000005
FILLER_78_77,VGND,li1,46.2300,223.0400,0.000005
FILLER_78_58,VGND,li1,37.4900,223.0400,0.000008
FILLER_78_38,VGND,li1,28.2900,223.0400,0.000009
FILLER_78_35,VGND,li1,26.9100,223.0400,0.000008
FILLER_78_29,VGND,li1,23.9200,223.0400,0.000008
FILLER_77_647,VGND,li1,307.9700,223.0400,0.000006
FILLER_77_644,VGND,li1,307.0500,223.0400,0.000006
FILLER_77_641,VGND,li1,305.6700,223.0400,0.000006
FILLER_77_638,VGND,li1,304.2900,223.0400,0.000006
FILLER_77_635,VGND,li1,302.9100,223.0400,0.000006
FILLER_77_632,VGND,li1,301.5300,223.0400,0.000006
FILLER_77_629,VGND,li1,300.1500,223.0400,0.000006
FILLER_77_610,VGND,li1,291.4100,223.0400,0.000005
FILLER_77_599,VGND,li1,286.1200,223.0400,0.000006
FILLER_77_573,VGND,li1,274.1600,223.0400,0.000007
FILLER_77_570,VGND,li1,273.0100,223.0400,0.000007
FILLER_77_561,VGND,li1,268.4100,223.0400,0.000006
FILLER_77_559,VGND,li1,267.4900,223.0400,0.000006
FILLER_77_547,VGND,li1,262.4300,223.0400,0.000005
FILLER_77_544,VGND,li1,261.0500,223.0400,0.000004
FILLER_77_541,VGND,li1,259.6700,223.0400,0.000004
FILLER_77_530,VGND,li1,254.6100,223.0400,0.000004
FILLER_77_527,VGND,li1,253.2300,223.0400,0.000004
FILLER_77_517,VGND,li1,248.4000,223.0400,0.000005
FILLER_77_514,VGND,li1,247.2500,223.0400,0.000005
FILLER_77_502,VGND,li1,241.5000,223.0400,0.000005
FILLER_77_499,VGND,li1,240.3500,223.0400,0.000005
FILLER_77_496,VGND,li1,238.9700,223.0400,0.000005
FILLER_77_470,VGND,li1,226.5500,223.0400,0.000004
FILLER_77_467,VGND,li1,225.6300,223.0400,0.000005
FILLER_77_464,VGND,li1,224.2500,223.0400,0.000005
FILLER_77_436,VGND,li1,211.3700,223.0400,0.000006
FILLER_77_433,VGND,li1,209.9900,223.0400,0.000006
FILLER_77_411,VGND,li1,199.4100,223.0400,0.000004
FILLER_77_393,VGND,li1,191.3600,223.0400,0.000004
FILLER_77_389,VGND,li1,189.7500,223.0400,0.000004
FILLER_77_386,VGND,li1,188.3700,223.0400,0.000004
FILLER_77_378,VGND,li1,184.2300,223.0400,0.000004
FILLER_77_375,VGND,li1,183.3100,223.0400,0.000003
FILLER_77_372,VGND,li1,181.9300,223.0400,0.000003
FILLER_77_366,VGND,li1,178.7100,223.0400,0.000003
FILLER_77_363,VGND,li1,177.7900,223.0400,0.000003
FILLER_77_355,VGND,li1,173.6500,223.0400,0.000002
FILLER_77_352,VGND,li1,172.7300,223.0400,0.000002
FILLER_77_343,VGND,li1,168.5900,223.0400,0.000002
FILLER_77_340,VGND,li1,167.2100,223.0400,0.000002
FILLER_77_337,VGND,li1,165.8300,223.0400,0.000002
FILLER_77_334,VGND,li1,164.2200,223.0400,0.000002
FILLER_77_331,VGND,li1,163.0700,223.0400,0.000002
FILLER_77_328,VGND,li1,161.6900,223.0400,0.000002
FILLER_77_325,VGND,li1,160.3100,223.0400,0.000002
FILLER_77_311,VGND,li1,153.4100,223.0400,0.000003
FILLER_77_308,VGND,li1,152.4900,223.0400,0.000003
FILLER_77_305,VGND,li1,151.1100,223.0400,0.000003
FILLER_77_302,VGND,li1,149.7300,223.0400,0.000003
FILLER_77_271,VGND,li1,135.4700,223.0400,0.000003
FILLER_77_261,VGND,li1,130.8700,223.0400,0.000003
FILLER_77_258,VGND,li1,129.4900,223.0400,0.000003
FILLER_77_255,VGND,li1,128.1100,223.0400,0.000003
FILLER_77_252,VGND,li1,126.7300,223.0400,0.000002
FILLER_77_243,VGND,li1,122.1300,223.0400,0.000002
FILLER_77_240,VGND,li1,121.2100,223.0400,0.000002
FILLER_77_237,VGND,li1,119.8300,223.0400,0.000002
FILLER_77_234,VGND,li1,118.4500,223.0400,0.000002
FILLER_77_231,VGND,li1,117.0700,223.0400,0.000002
FILLER_77_228,VGND,li1,115.6900,223.0400,0.000002
FILLER_77_225,VGND,li1,114.3100,223.0400,0.000001
FILLER_77_223,VGND,li1,112.9300,223.0400,0.000001
FILLER_77_220,VGND,li1,112.0100,223.0400,0.000001
FILLER_77_217,VGND,li1,110.6300,223.0400,0.000001
FILLER_77_214,VGND,li1,109.2500,223.0400,0.000001
FILLER_77_205,VGND,li1,105.1100,223.0400,0.000001
FILLER_77_202,VGND,li1,103.7300,223.0400,0.000001
FILLER_77_199,VGND,li1,102.3500,223.0400,0.000001
FILLER_77_196,VGND,li1,100.9700,223.0400,0.000001
FILLER_77_193,VGND,li1,99.5900,223.0400,0.000001
FILLER_77_190,VGND,li1,98.2100,223.0400,0.000001
FILLER_77_187,VGND,li1,96.8300,223.0400,0.000001
FILLER_77_184,VGND,li1,95.4500,223.0400,0.000001
FILLER_77_181,VGND,li1,94.0700,223.0400,0.000001
FILLER_77_178,VGND,li1,92.6900,223.0400,0.000001
FILLER_77_175,VGND,li1,91.3100,223.0400,0.000001
FILLER_77_172,VGND,li1,89.9300,223.0400,0.000001
FILLER_77_169,VGND,li1,88.5500,223.0400,0.000001
FILLER_77_167,VGND,li1,87.1700,223.0400,0.000001
FILLER_77_164,VGND,li1,86.2500,223.0400,0.000001
FILLER_77_161,VGND,li1,84.8700,223.0400,0.000001
FILLER_77_158,VGND,li1,83.4900,223.0400,0.000001
FILLER_77_155,VGND,li1,82.1100,223.0400,0.000001
FILLER_77_152,VGND,li1,80.7300,223.0400,0.000001
FILLER_77_149,VGND,li1,79.3500,223.0400,0.000001
FILLER_77_146,VGND,li1,77.9700,223.0400,0.000001
FILLER_77_143,VGND,li1,76.5900,223.0400,0.000001
FILLER_77_140,VGND,li1,75.2100,223.0400,0.000002
FILLER_77_137,VGND,li1,73.8300,223.0400,0.000002
FILLER_77_134,VGND,li1,72.4500,223.0400,0.000002
FILLER_77_131,VGND,li1,71.0700,223.0400,0.000002
FILLER_77_128,VGND,li1,69.6900,223.0400,0.000002
FILLER_77_125,VGND,li1,68.3100,223.0400,0.000002
FILLER_77_122,VGND,li1,66.9300,223.0400,0.000003
FILLER_77_102,VGND,li1,57.5000,223.0400,0.000004
FILLER_77_99,VGND,li1,56.3500,223.0400,0.000004
FILLER_77_80,VGND,li1,47.3800,223.0400,0.000005
FILLER_77_77,VGND,li1,46.2300,223.0400,0.000005
FILLER_77_57,VGND,li1,37.0300,223.0400,0.000008
FILLER_77_55,VGND,li1,35.6500,223.0400,0.000009
FILLER_77_52,VGND,li1,34.7300,223.0400,0.000009
FILLER_77_49,VGND,li1,33.3500,223.0400,0.000009
FILLER_77_14,VGND,li1,16.7900,223.0400,0.000007
FILLER_77_11,VGND,li1,15.8700,223.0400,0.000007
FILLER_76_645,VGND,li1,307.5100,217.6000,0.000017
FILLER_76_641,VGND,li1,305.6700,217.6000,0.000017
FILLER_76_638,VGND,li1,304.2900,217.6000,0.000017
FILLER_76_635,VGND,li1,302.9100,217.6000,0.000017
FILLER_76_632,VGND,li1,301.5300,217.6000,0.000017
FILLER_76_629,VGND,li1,300.1500,217.6000,0.000017
FILLER_76_626,VGND,li1,298.7700,217.6000,0.000017
FILLER_76_603,VGND,li1,287.9600,217.6000,0.000013
FILLER_76_600,VGND,li1,286.8100,217.6000,0.000016
FILLER_76_567,VGND,li1,271.1700,217.6000,0.000022
FILLER_76_564,VGND,li1,270.2500,217.6000,0.000022
FILLER_76_559,VGND,li1,267.7200,217.6000,0.000020
FILLER_76_548,VGND,li1,262.6600,217.6000,0.000013
FILLER_76_545,VGND,li1,261.5100,217.6000,0.000013
FILLER_76_542,VGND,li1,260.1300,217.6000,0.000010
FILLER_76_539,VGND,li1,258.7500,217.6000,0.000008
FILLER_76_536,VGND,li1,257.3700,217.6000,0.000008
FILLER_76_533,VGND,li1,255.9900,217.6000,0.000007
FILLER_76_531,VGND,li1,254.6100,217.6000,0.000007
FILLER_76_528,VGND,li1,253.6900,217.6000,0.000007
FILLER_76_525,VGND,li1,252.3100,217.6000,0.000007
FILLER_76_522,VGND,li1,250.9300,217.6000,0.000006
FILLER_76_519,VGND,li1,249.5500,217.6000,0.000006
FILLER_76_516,VGND,li1,248.1700,217.6000,0.000006
FILLER_76_513,VGND,li1,246.7900,217.6000,0.000005
FILLER_76_510,VGND,li1,245.4100,217.6000,0.000005
FILLER_76_507,VGND,li1,244.0300,217.6000,0.000005
FILLER_76_501,VGND,li1,241.0400,217.6000,0.000005
FILLER_76_498,VGND,li1,239.8900,217.6000,0.000004
FILLER_76_495,VGND,li1,238.5100,217.6000,0.000004
FILLER_76_492,VGND,li1,237.1300,217.6000,0.000004
FILLER_76_489,VGND,li1,235.7500,217.6000,0.000004
FILLER_76_480,VGND,li1,231.1500,217.6000,0.000003
FILLER_76_477,VGND,li1,230.2300,217.6000,0.000002
FILLER_76_474,VGND,li1,228.6200,217.6000,0.000002
FILLER_76_468,VGND,li1,225.8600,217.6000,0.000002
FILLER_76_462,VGND,li1,223.1000,217.6000,0.000002
FILLER_76_459,VGND,li1,221.9500,217.6000,0.000002
FILLER_76_456,VGND,li1,220.5700,217.6000,0.000002
FILLER_76_453,VGND,li1,219.1900,217.6000,0.000002
FILLER_76_450,VGND,li1,217.8100,217.6000,0.000002
FILLER_76_447,VGND,li1,216.4300,217.6000,0.000002
FILLER_76_444,VGND,li1,215.0500,217.6000,0.000002
FILLER_76_441,VGND,li1,213.6700,217.6000,0.000002
FILLER_76_438,VGND,li1,212.2900,217.6000,0.000002
FILLER_76_435,VGND,li1,210.9100,217.6000,0.000002
FILLER_76_425,VGND,li1,206.0800,217.6000,0.000003
FILLER_76_421,VGND,li1,204.0100,217.6000,0.000003
FILLER_76_410,VGND,li1,198.9500,217.6000,0.000003
FILLER_76_407,VGND,li1,198.0300,217.6000,0.000003
FILLER_76_404,VGND,li1,196.6500,217.6000,0.000004
FILLER_76_401,VGND,li1,195.2700,217.6000,0.000004
FILLER_76_398,VGND,li1,193.8900,217.6000,0.000004
FILLER_76_395,VGND,li1,192.5100,217.6000,0.000004
FILLER_76_392,VGND,li1,191.1300,217.6000,0.000004
FILLER_76_389,VGND,li1,189.7500,217.6000,0.000005
FILLER_76_386,VGND,li1,188.3700,217.6000,0.000005
FILLER_76_383,VGND,li1,186.9900,217.6000,0.000005
FILLER_76_380,VGND,li1,185.6100,217.6000,0.000005
FILLER_76_377,VGND,li1,184.2300,217.6000,0.000005
FILLER_76_371,VGND,li1,181.4700,217.6000,0.000005
FILLER_76_368,VGND,li1,180.0900,217.6000,0.000005
FILLER_76_365,VGND,li1,178.7100,217.6000,0.000005
FILLER_76_361,VGND,li1,176.8700,217.6000,0.000005
FILLER_76_358,VGND,li1,175.4900,217.6000,0.000004
FILLER_76_355,VGND,li1,174.1100,217.6000,0.000004
FILLER_76_352,VGND,li1,172.7300,217.6000,0.000004
FILLER_76_349,VGND,li1,171.3500,217.6000,0.000004
FILLER_76_346,VGND,li1,169.9700,217.6000,0.000004
FILLER_76_343,VGND,li1,168.5900,217.6000,0.000004
FILLER_76_340,VGND,li1,167.2100,217.6000,0.000005
FILLER_76_337,VGND,li1,165.8300,217.6000,0.000005
FILLER_76_334,VGND,li1,164.4500,217.6000,0.000005
FILLER_76_331,VGND,li1,163.0700,217.6000,0.000006
FILLER_76_328,VGND,li1,161.6900,217.6000,0.000006
FILLER_76_325,VGND,li1,160.3100,217.6000,0.000007
FILLER_76_309,VGND,li1,152.9500,217.6000,0.000010
FILLER_76_305,VGND,li1,151.1100,217.6000,0.000011
FILLER_76_302,VGND,li1,149.7300,217.6000,0.000011
FILLER_76_299,VGND,li1,148.3500,217.6000,0.000011
FILLER_76_289,VGND,li1,143.5200,217.6000,0.000013
FILLER_76_268,VGND,li1,133.6300,217.6000,0.000018
FILLER_76_265,VGND,li1,132.7100,217.6000,0.000018
FILLER_76_262,VGND,li1,131.3300,217.6000,0.000017
FILLER_76_259,VGND,li1,129.9500,217.6000,0.000017
FILLER_76_256,VGND,li1,128.5700,217.6000,0.000016
FILLER_76_253,VGND,li1,127.1900,217.6000,0.000016
FILLER_76_244,VGND,li1,122.8200,217.6000,0.000015
FILLER_76_241,VGND,li1,121.6700,217.6000,0.000015
FILLER_76_238,VGND,li1,120.2900,217.6000,0.000015
FILLER_76_235,VGND,li1,118.9100,217.6000,0.000014
FILLER_76_232,VGND,li1,117.5300,217.6000,0.000014
FILLER_76_221,VGND,li1,112.2400,217.6000,0.000012
FILLER_76_218,VGND,li1,111.0900,217.6000,0.000012
FILLER_76_215,VGND,li1,109.7100,217.6000,0.000012
FILLER_76_212,VGND,li1,108.3300,217.6000,0.000014
FILLER_76_209,VGND,li1,106.9500,217.6000,0.000014
FILLER_76_206,VGND,li1,105.5700,217.6000,0.000017
FILLER_76_203,VGND,li1,104.1900,217.6000,0.000020
FILLER_76_200,VGND,li1,102.8100,217.6000,0.000020
FILLER_76_197,VGND,li1,101.4300,217.6000,0.000022
FILLER_76_195,VGND,li1,100.0500,217.6000,0.000024
FILLER_76_192,VGND,li1,99.1300,217.6000,0.000024
FILLER_76_163,VGND,li1,85.5600,217.6000,0.000022
FILLER_76_160,VGND,li1,84.4100,217.6000,0.000019
FILLER_76_157,VGND,li1,83.0300,217.6000,0.000019
FILLER_76_150,VGND,li1,79.5800,217.6000,0.000014
FILLER_76_147,VGND,li1,78.4300,217.6000,0.000014
FILLER_76_144,VGND,li1,77.0500,217.6000,0.000014
FILLER_76_141,VGND,li1,75.6700,217.6000,0.000015
FILLER_76_129,VGND,li1,70.1500,217.6000,0.000016
FILLER_76_126,VGND,li1,68.7700,217.6000,0.000017
FILLER_76_123,VGND,li1,67.3900,217.6000,0.000017
FILLER_76_103,VGND,li1,58.1900,217.6000,0.000019
FILLER_76_100,VGND,li1,56.8100,217.6000,0.000019
FILLER_76_97,VGND,li1,55.4300,217.6000,0.000019
FILLER_76_82,VGND,li1,48.3000,217.6000,0.000018
FILLER_76_79,VGND,li1,47.1500,217.6000,0.000018
FILLER_76_56,VGND,li1,36.5700,217.6000,0.000026
FILLER_76_38,VGND,li1,28.0600,217.6000,0.000019
FILLER_76_35,VGND,li1,26.9100,217.6000,0.000017
FILLER_76_32,VGND,li1,25.5300,217.6000,0.000017
FILLER_76_29,VGND,li1,24.1500,217.6000,0.000015
FILLER_75_647,VGND,li1,307.9700,217.6000,0.000017
FILLER_75_644,VGND,li1,307.0500,217.6000,0.000017
FILLER_75_641,VGND,li1,305.6700,217.6000,0.000017
FILLER_75_638,VGND,li1,304.2900,217.6000,0.000017
FILLER_75_613,VGND,li1,292.7900,217.6000,0.000016
FILLER_75_610,VGND,li1,291.4100,217.6000,0.000014
FILLER_75_607,VGND,li1,290.0300,217.6000,0.000014
FILLER_75_604,VGND,li1,288.6500,217.6000,0.000013
FILLER_75_581,VGND,li1,277.8400,217.6000,0.000025
FILLER_75_578,VGND,li1,276.6900,217.6000,0.000025
FILLER_75_574,VGND,li1,274.3900,217.6000,0.000027
FILLER_75_571,VGND,li1,273.4700,217.6000,0.000025
FILLER_75_568,VGND,li1,272.0900,217.6000,0.000025
FILLER_75_564,VGND,li1,269.7900,217.6000,0.000022
FILLER_75_561,VGND,li1,268.8700,217.6000,0.000020
FILLER_75_546,VGND,li1,261.7400,217.6000,0.000013
FILLER_75_543,VGND,li1,260.5900,217.6000,0.000010
FILLER_75_540,VGND,li1,259.2100,217.6000,0.000010
FILLER_75_537,VGND,li1,257.8300,217.6000,0.000008
FILLER_75_515,VGND,li1,247.7100,217.6000,0.000006
FILLER_75_505,VGND,li1,242.8800,217.6000,0.000005
FILLER_75_501,VGND,li1,241.2700,217.6000,0.000005
FILLER_75_498,VGND,li1,239.8900,217.6000,0.000004
FILLER_75_495,VGND,li1,238.5100,217.6000,0.000004
FILLER_75_492,VGND,li1,237.1300,217.6000,0.000004
FILLER_75_481,VGND,li1,231.8400,217.6000,0.000003
FILLER_75_478,VGND,li1,230.6900,217.6000,0.000002
FILLER_75_475,VGND,li1,229.3100,217.6000,0.000002
FILLER_75_460,VGND,li1,222.4100,217.6000,0.000002
FILLER_75_455,VGND,li1,219.8800,217.6000,0.000002
FILLER_75_452,VGND,li1,218.7300,217.6000,0.000002
FILLER_75_449,VGND,li1,217.3500,217.6000,0.000002
FILLER_75_438,VGND,li1,212.0600,217.6000,0.000002
FILLER_75_435,VGND,li1,210.9100,217.6000,0.000002
FILLER_75_432,VGND,li1,209.5300,217.6000,0.000002
FILLER_75_423,VGND,li1,204.9300,217.6000,0.000003
FILLER_75_420,VGND,li1,204.0100,217.6000,0.000003
FILLER_75_417,VGND,li1,202.6300,217.6000,0.000003
FILLER_75_414,VGND,li1,201.2500,217.6000,0.000003
FILLER_75_390,VGND,li1,189.9800,217.6000,0.000005
FILLER_75_387,VGND,li1,188.8300,217.6000,0.000005
FILLER_75_361,VGND,li1,176.4100,217.6000,0.000005
FILLER_75_346,VGND,li1,169.7400,217.6000,0.000004
FILLER_75_343,VGND,li1,168.5900,217.6000,0.000004
FILLER_75_334,VGND,li1,164.2200,217.6000,0.000005
FILLER_75_331,VGND,li1,163.0700,217.6000,0.000006
FILLER_75_328,VGND,li1,161.6900,217.6000,0.000006
FILLER_75_325,VGND,li1,160.3100,217.6000,0.000007
FILLER_75_322,VGND,li1,158.9300,217.6000,0.000007
FILLER_75_319,VGND,li1,157.5500,217.6000,0.000008
FILLER_75_316,VGND,li1,156.1700,217.6000,0.000009
FILLER_75_313,VGND,li1,154.7900,217.6000,0.000009
FILLER_75_310,VGND,li1,153.4100,217.6000,0.000010
FILLER_75_307,VGND,li1,152.0300,217.6000,0.000010
FILLER_75_304,VGND,li1,150.6500,217.6000,0.000011
FILLER_75_301,VGND,li1,149.2700,217.6000,0.000011
FILLER_75_298,VGND,li1,147.8900,217.6000,0.000011
FILLER_75_295,VGND,li1,146.5100,217.6000,0.000012
FILLER_75_292,VGND,li1,145.1300,217.6000,0.000013
FILLER_75_289,VGND,li1,143.7500,217.6000,0.000013
FILLER_75_284,VGND,li1,141.2200,217.6000,0.000014
FILLER_75_281,VGND,li1,140.0700,217.6000,0.000014
FILLER_75_277,VGND,li1,138.2300,217.6000,0.000019
FILLER_75_274,VGND,li1,136.8500,217.6000,0.000019
FILLER_75_268,VGND,li1,133.6300,217.6000,0.000018
FILLER_75_265,VGND,li1,132.7100,217.6000,0.000018
FILLER_75_262,VGND,li1,131.3300,217.6000,0.000017
FILLER_75_259,VGND,li1,129.9500,217.6000,0.000017
FILLER_75_256,VGND,li1,128.5700,217.6000,0.000016
FILLER_75_253,VGND,li1,127.1900,217.6000,0.000016
FILLER_75_250,VGND,li1,125.8100,217.6000,0.000016
FILLER_75_247,VGND,li1,124.4300,217.6000,0.000015
FILLER_75_244,VGND,li1,123.0500,217.6000,0.000015
FILLER_75_241,VGND,li1,121.6700,217.6000,0.000015
FILLER_75_238,VGND,li1,120.2900,217.6000,0.000015
FILLER_75_235,VGND,li1,118.9100,217.6000,0.000014
FILLER_75_232,VGND,li1,117.5300,217.6000,0.000014
FILLER_75_223,VGND,li1,112.9300,217.6000,0.000013
FILLER_75_220,VGND,li1,112.0100,217.6000,0.000012
FILLER_75_217,VGND,li1,110.6300,217.6000,0.000012
FILLER_75_214,VGND,li1,109.2500,217.6000,0.000012
FILLER_75_211,VGND,li1,107.8700,217.6000,0.000014
FILLER_75_208,VGND,li1,106.4900,217.6000,0.000017
FILLER_75_205,VGND,li1,105.1100,217.6000,0.000017
FILLER_75_202,VGND,li1,103.7300,217.6000,0.000020
FILLER_75_199,VGND,li1,102.3500,217.6000,0.000022
FILLER_75_196,VGND,li1,100.9700,217.6000,0.000022
FILLER_75_182,VGND,li1,94.0700,217.6000,0.000032
FILLER_75_175,VGND,li1,91.0800,217.6000,0.000028
FILLER_75_172,VGND,li1,89.9300,217.6000,0.000028
FILLER_75_169,VGND,li1,88.5500,217.6000,0.000025
FILLER_75_167,VGND,li1,87.1700,217.6000,0.000025
FILLER_75_164,VGND,li1,86.2500,217.6000,0.000022
FILLER_75_161,VGND,li1,84.8700,217.6000,0.000022
FILLER_75_158,VGND,li1,83.4900,217.6000,0.000019
FILLER_75_148,VGND,li1,78.8900,217.6000,0.000014
FILLER_75_145,VGND,li1,77.5100,217.6000,0.000014
FILLER_75_142,VGND,li1,76.1300,217.6000,0.000015
FILLER_75_139,VGND,li1,74.7500,217.6000,0.000015
FILLER_75_136,VGND,li1,73.3700,217.6000,0.000016
FILLER_75_129,VGND,li1,69.9200,217.6000,0.000016
FILLER_75_126,VGND,li1,68.7700,217.6000,0.000017
FILLER_75_123,VGND,li1,67.3900,217.6000,0.000017
FILLER_75_113,VGND,li1,62.5600,217.6000,0.000019
FILLER_75_111,VGND,li1,61.4100,217.6000,0.000019
FILLER_75_108,VGND,li1,60.4900,217.6000,0.000019
FILLER_75_88,VGND,li1,51.2900,217.6000,0.000019
FILLER_75_85,VGND,li1,49.9100,217.6000,0.000018
FILLER_75_3,VGND,li1,12.1900,217.6000,0.000011
FILLER_74_645,VGND,li1,307.5100,212.1600,0.000005
FILLER_74_642,VGND,li1,305.9000,212.1600,0.000005
FILLER_74_639,VGND,li1,304.7500,212.1600,0.000005
FILLER_74_636,VGND,li1,303.3700,212.1600,0.000005
FILLER_74_622,VGND,li1,296.9300,212.1600,0.000005
FILLER_74_589,VGND,li1,281.2900,212.1600,0.000005
FILLER_74_586,VGND,li1,280.1400,212.1600,0.000006
FILLER_74_583,VGND,li1,278.9900,212.1600,0.000006
FILLER_74_574,VGND,li1,274.3900,212.1600,0.000007
FILLER_74_550,VGND,li1,263.8100,212.1600,0.000005
FILLER_74_500,VGND,li1,240.5800,212.1600,0.000005
FILLER_74_483,VGND,li1,232.5300,212.1600,0.000005
FILLER_74_480,VGND,li1,231.6100,212.1600,0.000005
FILLER_74_475,VGND,li1,228.8500,212.1600,0.000004
FILLER_74_424,VGND,li1,205.8500,212.1600,0.000003
FILLER_74_421,VGND,li1,204.4700,212.1600,0.000003
FILLER_74_419,VGND,li1,203.0900,212.1600,0.000003
FILLER_74_399,VGND,li1,193.8900,212.1600,0.000002
FILLER_74_388,VGND,li1,189.0600,212.1600,0.000002
FILLER_74_377,VGND,li1,184.2300,212.1600,0.000002
FILLER_74_368,VGND,li1,179.8600,212.1600,0.000002
FILLER_74_365,VGND,li1,178.7100,212.1600,0.000002
FILLER_74_361,VGND,li1,176.8700,212.1600,0.000001
FILLER_74_358,VGND,li1,175.4900,212.1600,0.000001
FILLER_74_355,VGND,li1,174.1100,212.1600,0.000001
FILLER_74_352,VGND,li1,172.7300,212.1600,0.000001
FILLER_74_349,VGND,li1,171.3500,212.1600,0.000001
FILLER_74_346,VGND,li1,169.9700,212.1600,0.000001
FILLER_74_306,VGND,li1,151.3400,212.1600,0.000004
FILLER_74_300,VGND,li1,148.8100,212.1600,0.000004
FILLER_74_297,VGND,li1,147.4300,212.1600,0.000004
FILLER_74_294,VGND,li1,146.0500,212.1600,0.000004
FILLER_74_263,VGND,li1,131.5600,212.1600,0.000004
FILLER_74_253,VGND,li1,126.7300,212.1600,0.000004
FILLER_74_250,VGND,li1,125.5800,212.1600,0.000004
FILLER_74_222,VGND,li1,112.4700,212.1600,0.000002
FILLER_74_219,VGND,li1,111.5500,212.1600,0.000002
FILLER_74_209,VGND,li1,106.4900,212.1600,0.000001
FILLER_74_203,VGND,li1,103.7300,212.1600,0.000001
FILLER_74_200,VGND,li1,102.8100,212.1600,0.000001
FILLER_74_197,VGND,li1,101.4300,212.1600,0.000001
FILLER_74_194,VGND,li1,99.8200,212.1600,0.000001
FILLER_74_191,VGND,li1,98.6700,212.1600,0.000001
FILLER_74_183,VGND,li1,94.7600,212.1600,0.000001
FILLER_74_180,VGND,li1,93.6100,212.1600,0.000001
FILLER_74_177,VGND,li1,92.2300,212.1600,0.000001
FILLER_74_174,VGND,li1,90.8500,212.1600,0.000001
FILLER_74_171,VGND,li1,89.4700,212.1600,0.000001
FILLER_74_168,VGND,li1,88.0900,212.1600,0.000001
FILLER_74_165,VGND,li1,86.7100,212.1600,0.000001
FILLER_74_162,VGND,li1,85.3300,212.1600,0.000001
FILLER_74_159,VGND,li1,83.9500,212.1600,0.000001
FILLER_74_156,VGND,li1,82.5700,212.1600,0.000001
FILLER_74_153,VGND,li1,81.1900,212.1600,0.000001
FILLER_74_150,VGND,li1,79.8100,212.1600,0.000001
FILLER_74_147,VGND,li1,78.4300,212.1600,0.000002
FILLER_74_144,VGND,li1,77.0500,212.1600,0.000002
FILLER_74_141,VGND,li1,75.6700,212.1600,0.000002
FILLER_74_139,VGND,li1,74.2900,212.1600,0.000002
FILLER_74_136,VGND,li1,73.3700,212.1600,0.000003
FILLER_74_133,VGND,li1,71.9900,212.1600,0.000003
FILLER_74_130,VGND,li1,70.6100,212.1600,0.000003
FILLER_74_127,VGND,li1,69.2300,212.1600,0.000003
FILLER_74_124,VGND,li1,67.8500,212.1600,0.000004
FILLER_74_113,VGND,li1,62.3300,212.1600,0.000005
FILLER_74_107,VGND,li1,59.8000,212.1600,0.000005
FILLER_74_93,VGND,li1,53.5900,212.1600,0.000005
FILLER_74_75,VGND,li1,44.8500,212.1600,0.000006
FILLER_74_72,VGND,li1,43.9300,212.1600,0.000007
FILLER_74_69,VGND,li1,42.5500,212.1600,0.000007
FILLER_74_50,VGND,li1,33.5800,212.1600,0.000009
FILLER_74_47,VGND,li1,32.4300,212.1600,0.000009
FILLER_74_29,VGND,li1,23.6900,212.1600,0.000008
FILLER_74_26,VGND,li1,22.5400,212.1600,0.000008
FILLER_74_6,VGND,li1,13.5700,212.1600,0.000007
FILLER_74_3,VGND,li1,12.1900,212.1600,0.000007
FILLER_73_645,VGND,li1,307.5100,212.1600,0.000005
FILLER_73_642,VGND,li1,306.1300,212.1600,0.000005
FILLER_73_639,VGND,li1,304.7500,212.1600,0.000005
FILLER_73_636,VGND,li1,303.3700,212.1600,0.000005
FILLER_73_633,VGND,li1,301.9900,212.1600,0.000005
FILLER_73_630,VGND,li1,300.6100,212.1600,0.000005
FILLER_73_617,VGND,li1,294.4000,212.1600,0.000005
FILLER_73_614,VGND,li1,293.0200,212.1600,0.000005
FILLER_73_610,VGND,li1,290.9500,212.1600,0.000005
FILLER_73_607,VGND,li1,290.0300,212.1600,0.000005
FILLER_73_604,VGND,li1,288.6500,212.1600,0.000004
FILLER_73_601,VGND,li1,287.2700,212.1600,0.000004
FILLER_73_592,VGND,li1,283.1300,212.1600,0.000005
FILLER_73_589,VGND,li1,281.7500,212.1600,0.000005
FILLER_73_586,VGND,li1,280.3700,212.1600,0.000006
FILLER_73_564,VGND,li1,269.7900,212.1600,0.000007
FILLER_73_561,VGND,li1,268.8700,212.1600,0.000007
FILLER_73_548,VGND,li1,262.8900,212.1600,0.000005
FILLER_73_545,VGND,li1,261.5100,212.1600,0.000005
FILLER_73_542,VGND,li1,260.1300,212.1600,0.000005
FILLER_73_539,VGND,li1,258.7500,212.1600,0.000004
FILLER_73_536,VGND,li1,257.3700,212.1600,0.000004
FILLER_73_533,VGND,li1,255.9900,212.1600,0.000005
FILLER_73_519,VGND,li1,249.3200,212.1600,0.000006
FILLER_73_516,VGND,li1,248.1700,212.1600,0.000006
FILLER_73_513,VGND,li1,246.7900,212.1600,0.000006
FILLER_73_510,VGND,li1,245.4100,212.1600,0.000006
FILLER_73_505,VGND,li1,242.6500,212.1600,0.000005
FILLER_73_500,VGND,li1,240.3500,212.1600,0.000005
FILLER_73_477,VGND,li1,230.0000,212.1600,0.000004
FILLER_73_471,VGND,li1,227.0100,212.1600,0.000004
FILLER_73_461,VGND,li1,222.4100,212.1600,0.000005
FILLER_73_458,VGND,li1,221.4900,212.1600,0.000005
FILLER_73_435,VGND,li1,210.4500,212.1600,0.000004
FILLER_73_432,VGND,li1,209.5300,212.1600,0.000004
FILLER_73_429,VGND,li1,208.1500,212.1600,0.000004
FILLER_73_426,VGND,li1,206.7700,212.1600,0.000003
FILLER_73_423,VGND,li1,205.3900,212.1600,0.000003
FILLER_73_420,VGND,li1,204.0100,212.1600,0.000003
FILLER_73_417,VGND,li1,202.6300,212.1600,0.000002
FILLER_73_414,VGND,li1,201.2500,212.1600,0.000002
FILLER_73_411,VGND,li1,199.8700,212.1600,0.000002
FILLER_73_408,VGND,li1,198.4900,212.1600,0.000002
FILLER_73_405,VGND,li1,197.1100,212.1600,0.000002
FILLER_73_402,VGND,li1,195.7300,212.1600,0.000002
FILLER_73_399,VGND,li1,194.3500,212.1600,0.000002
FILLER_73_396,VGND,li1,192.9700,212.1600,0.000002
FILLER_73_393,VGND,li1,191.5900,212.1600,0.000002
FILLER_73_391,VGND,li1,190.2100,212.1600,0.000002
FILLER_73_385,VGND,li1,187.9100,212.1600,0.000002
FILLER_73_382,VGND,li1,186.5300,212.1600,0.000002
FILLER_73_379,VGND,li1,185.1500,212.1600,0.000002
FILLER_73_376,VGND,li1,183.7700,212.1600,0.000002
FILLER_73_373,VGND,li1,182.3900,212.1600,0.000002
FILLER_73_370,VGND,li1,181.0100,212.1600,0.000002
FILLER_73_367,VGND,li1,179.6300,212.1600,0.000002
FILLER_73_364,VGND,li1,178.2500,212.1600,0.000002
FILLER_73_361,VGND,li1,176.8700,212.1600,0.000001
FILLER_73_358,VGND,li1,175.4900,212.1600,0.000001
FILLER_73_355,VGND,li1,174.1100,212.1600,0.000001
FILLER_73_352,VGND,li1,172.7300,212.1600,0.000001
FILLER_73_349,VGND,li1,171.3500,212.1600,0.000001
FILLER_73_346,VGND,li1,169.9700,212.1600,0.000001
FILLER_73_343,VGND,li1,168.5900,212.1600,0.000001
FILLER_73_340,VGND,li1,167.2100,212.1600,0.000001
FILLER_73_337,VGND,li1,165.8300,212.1600,0.000002
FILLER_73_335,VGND,li1,164.4500,212.1600,0.000002
FILLER_73_332,VGND,li1,163.5300,212.1600,0.000002
FILLER_73_329,VGND,li1,162.1500,212.1600,0.000002
FILLER_73_326,VGND,li1,160.7700,212.1600,0.000002
FILLER_73_323,VGND,li1,159.3900,212.1600,0.000003
FILLER_73_320,VGND,li1,158.0100,212.1600,0.000003
FILLER_73_317,VGND,li1,156.6300,212.1600,0.000003
FILLER_73_314,VGND,li1,155.2500,212.1600,0.000003
FILLER_73_284,VGND,li1,141.4500,212.1600,0.000003
FILLER_73_281,VGND,li1,140.0700,212.1600,0.000003
FILLER_73_277,VGND,li1,138.2300,212.1600,0.000003
FILLER_73_268,VGND,li1,133.8600,212.1600,0.000004
FILLER_73_265,VGND,li1,132.7100,212.1600,0.000004
FILLER_73_243,VGND,li1,122.1300,212.1600,0.000004
FILLER_73_240,VGND,li1,121.2100,212.1600,0.000004
FILLER_73_237,VGND,li1,119.8300,212.1600,0.000003
FILLER_73_234,VGND,li1,118.4500,212.1600,0.000003
FILLER_73_225,VGND,li1,114.0800,212.1600,0.000002
FILLER_73_222,VGND,li1,112.7000,212.1600,0.000002
FILLER_73_219,VGND,li1,111.5500,212.1600,0.000002
FILLER_73_216,VGND,li1,110.1700,212.1600,0.000001
FILLER_73_213,VGND,li1,108.7900,212.1600,0.000001
FILLER_73_210,VGND,li1,107.4100,212.1600,0.000001
FILLER_73_207,VGND,li1,106.0300,212.1600,0.000001
FILLER_73_204,VGND,li1,104.6500,212.1600,0.000001
FILLER_73_201,VGND,li1,103.2700,212.1600,0.000001
FILLER_73_198,VGND,li1,101.8900,212.1600,0.000001
FILLER_73_195,VGND,li1,100.5100,212.1600,0.000001
FILLER_73_192,VGND,li1,99.1300,212.1600,0.000001
FILLER_73_184,VGND,li1,94.9900,212.1600,0.000001
FILLER_73_181,VGND,li1,94.0700,212.1600,0.000001
FILLER_73_178,VGND,li1,92.6900,212.1600,0.000001
FILLER_73_158,VGND,li1,83.2600,212.1600,0.000001
FILLER_73_155,VGND,li1,82.1100,212.1600,0.000001
FILLER_73_137,VGND,li1,73.3700,212.1600,0.000003
FILLER_73_134,VGND,li1,72.4500,212.1600,0.000003
FILLER_73_125,VGND,li1,67.8500,212.1600,0.000004
FILLER_73_122,VGND,li1,66.9300,212.1600,0.000004
FILLER_73_119,VGND,li1,65.5500,212.1600,0.000004
FILLER_73_116,VGND,li1,64.1700,212.1600,0.000004
FILLER_73_113,VGND,li1,62.7900,212.1600,0.000005
FILLER_73_93,VGND,li1,53.3600,212.1600,0.000005
FILLER_73_74,VGND,li1,44.6200,212.1600,0.000006
FILLER_73_55,VGND,li1,35.6500,212.1600,0.000009
FILLER_73_52,VGND,li1,34.7300,212.1600,0.000009
FILLER_73_49,VGND,li1,33.3500,212.1600,0.000009
FILLER_72_645,VGND,li1,307.5100,206.7200,0.000007
FILLER_72_642,VGND,li1,305.9000,206.7200,0.000007
FILLER_72_639,VGND,li1,304.7500,206.7200,0.000007
FILLER_72_636,VGND,li1,303.3700,206.7200,0.000007
FILLER_72_633,VGND,li1,301.9900,206.7200,0.000007
FILLER_72_600,VGND,li1,286.3500,206.7200,0.000006
FILLER_72_597,VGND,li1,285.4300,206.7200,0.000006
FILLER_72_594,VGND,li1,284.0500,206.7200,0.000006
FILLER_72_589,VGND,li1,281.2900,206.7200,0.000007
FILLER_72_564,VGND,li1,270.2500,206.7200,0.000007
FILLER_72_561,VGND,li1,268.8700,206.7200,0.000007
FILLER_72_558,VGND,li1,267.4900,206.7200,0.000007
FILLER_72_555,VGND,li1,266.1100,206.7200,0.000007
FILLER_72_536,VGND,li1,257.1400,206.7200,0.000006
FILLER_72_533,VGND,li1,255.9900,206.7200,0.000007
FILLER_72_522,VGND,li1,250.4700,206.7200,0.000008
FILLER_72_519,VGND,li1,249.5500,206.7200,0.000009
FILLER_72_516,VGND,li1,248.1700,206.7200,0.000009
FILLER_72_509,VGND,li1,244.4900,206.7200,0.000010
FILLER_72_506,VGND,li1,243.5700,206.7200,0.000010
FILLER_72_503,VGND,li1,242.1900,206.7200,0.000010
FILLER_72_500,VGND,li1,240.8100,206.7200,0.000010
FILLER_72_497,VGND,li1,239.4300,206.7200,0.000010
FILLER_72_494,VGND,li1,238.0500,206.7200,0.000010
FILLER_72_491,VGND,li1,236.6700,206.7200,0.000011
FILLER_72_488,VGND,li1,235.2900,206.7200,0.000011
FILLER_72_483,VGND,li1,232.5300,206.7200,0.000011
FILLER_72_480,VGND,li1,231.6100,206.7200,0.000012
FILLER_72_477,VGND,li1,230.2300,206.7200,0.000012
FILLER_72_473,VGND,li1,228.3900,206.7200,0.000012
FILLER_72_470,VGND,li1,227.0100,206.7200,0.000016
FILLER_72_467,VGND,li1,225.6300,206.7200,0.000016
FILLER_72_464,VGND,li1,224.2500,206.7200,0.000021
FILLER_72_461,VGND,li1,222.8700,206.7200,0.000021
FILLER_72_430,VGND,li1,208.3800,206.7200,0.000023
FILLER_72_427,VGND,li1,207.2300,206.7200,0.000020
FILLER_72_424,VGND,li1,205.8500,206.7200,0.000020
FILLER_72_421,VGND,li1,204.4700,206.7200,0.000017
FILLER_72_410,VGND,li1,198.9500,206.7200,0.000010
FILLER_72_399,VGND,li1,194.1200,206.7200,0.000010
FILLER_72_377,VGND,li1,183.7700,206.7200,0.000008
FILLER_72_374,VGND,li1,182.8500,206.7200,0.000008
FILLER_72_333,VGND,li1,163.9900,206.7200,0.000003
FILLER_72_330,VGND,li1,162.6100,206.7200,0.000003
FILLER_72_327,VGND,li1,161.2300,206.7200,0.000003
FILLER_72_324,VGND,li1,159.8500,206.7200,0.000003
FILLER_72_321,VGND,li1,158.4700,206.7200,0.000003
FILLER_72_318,VGND,li1,157.0900,206.7200,0.000003
FILLER_72_315,VGND,li1,155.7100,206.7200,0.000003
FILLER_72_312,VGND,li1,154.3300,206.7200,0.000003
FILLER_72_309,VGND,li1,152.9500,206.7200,0.000003
FILLER_72_305,VGND,li1,151.1100,206.7200,0.000003
FILLER_72_302,VGND,li1,149.7300,206.7200,0.000002
FILLER_72_299,VGND,li1,148.3500,206.7200,0.000002
FILLER_72_290,VGND,li1,143.7500,206.7200,0.000002
FILLER_72_287,VGND,li1,142.8300,206.7200,0.000002
FILLER_72_284,VGND,li1,141.4500,206.7200,0.000002
FILLER_72_281,VGND,li1,140.0700,206.7200,0.000002
FILLER_72_278,VGND,li1,138.6900,206.7200,0.000002
FILLER_72_275,VGND,li1,137.3100,206.7200,0.000002
FILLER_72_272,VGND,li1,135.9300,206.7200,0.000002
FILLER_72_269,VGND,li1,134.5500,206.7200,0.000003
FILLER_72_263,VGND,li1,131.5600,206.7200,0.000002
FILLER_72_253,VGND,li1,126.9600,206.7200,0.000002
FILLER_72_250,VGND,li1,125.5800,206.7200,0.000002
FILLER_72_247,VGND,li1,124.4300,206.7200,0.000002
FILLER_72_239,VGND,li1,120.7500,206.7200,0.000002
FILLER_72_236,VGND,li1,119.3700,206.7200,0.000002
FILLER_72_233,VGND,li1,117.9900,206.7200,0.000002
FILLER_72_230,VGND,li1,116.6100,206.7200,0.000002
FILLER_72_227,VGND,li1,115.2300,206.7200,0.000001
FILLER_72_224,VGND,li1,113.8500,206.7200,0.000001
FILLER_72_221,VGND,li1,112.4700,206.7200,0.000001
FILLER_72_218,VGND,li1,111.0900,206.7200,0.000001
FILLER_72_212,VGND,li1,108.1000,206.7200,0.000001
FILLER_72_209,VGND,li1,106.9500,206.7200,0.000001
FILLER_72_206,VGND,li1,105.5700,206.7200,0.000001
FILLER_72_203,VGND,li1,104.1900,206.7200,0.000001
FILLER_72_200,VGND,li1,102.8100,206.7200,0.000001
FILLER_72_197,VGND,li1,101.4300,206.7200,0.000001
FILLER_72_193,VGND,li1,99.5900,206.7200,0.000002
FILLER_72_190,VGND,li1,98.2100,206.7200,0.000002
FILLER_72_187,VGND,li1,96.8300,206.7200,0.000002
FILLER_72_178,VGND,li1,92.2300,206.7200,0.000002
FILLER_72_175,VGND,li1,91.3100,206.7200,0.000002
FILLER_72_172,VGND,li1,89.9300,206.7200,0.000002
FILLER_72_169,VGND,li1,88.5500,206.7200,0.000002
FILLER_72_161,VGND,li1,84.4100,206.7200,0.000002
FILLER_72_158,VGND,li1,83.4900,206.7200,0.000002
FILLER_72_150,VGND,li1,79.3500,206.7200,0.000003
FILLER_72_144,VGND,li1,76.8200,206.7200,0.000004
FILLER_72_141,VGND,li1,75.6700,206.7200,0.000005
FILLER_72_139,VGND,li1,74.2900,206.7200,0.000005
FILLER_72_136,VGND,li1,73.3700,206.7200,0.000005
FILLER_72_116,VGND,li1,64.1700,206.7200,0.000008
FILLER_72_113,VGND,li1,62.7900,206.7200,0.000008
FILLER_72_94,VGND,li1,54.0500,206.7200,0.000009
FILLER_72_82,VGND,li1,48.3000,206.7200,0.000009
FILLER_72_56,VGND,li1,36.1100,206.7200,0.000020
FILLER_72_29,VGND,li1,23.6900,206.7200,0.000023
FILLER_72_11,VGND,li1,15.4100,206.7200,0.000014
FILLER_71_647,VGND,li1,307.9700,206.7200,0.000007
FILLER_71_644,VGND,li1,307.0500,206.7200,0.000007
FILLER_71_641,VGND,li1,305.6700,206.7200,0.000007
FILLER_71_638,VGND,li1,304.2900,206.7200,0.000007
FILLER_71_635,VGND,li1,302.9100,206.7200,0.000007
FILLER_71_632,VGND,li1,301.5300,206.7200,0.000007
FILLER_71_629,VGND,li1,300.1500,206.7200,0.000007
FILLER_71_626,VGND,li1,298.7700,206.7200,0.000007
FILLER_71_613,VGND,li1,292.7900,206.7200,0.000006
FILLER_71_585,VGND,li1,279.4500,206.7200,0.000007
FILLER_71_582,VGND,li1,278.5300,206.7200,0.000007
FILLER_71_576,VGND,li1,275.7700,206.7200,0.000008
FILLER_71_564,VGND,li1,270.2500,206.7200,0.000007
FILLER_71_561,VGND,li1,268.8700,206.7200,0.000007
FILLER_71_559,VGND,li1,267.4900,206.7200,0.000007
FILLER_71_556,VGND,li1,266.5700,206.7200,0.000007
FILLER_71_553,VGND,li1,265.1900,206.7200,0.000007
FILLER_71_509,VGND,li1,244.7200,206.7200,0.000010
FILLER_71_503,VGND,li1,241.7300,206.7200,0.000010
FILLER_71_500,VGND,li1,240.8100,206.7200,0.000010
FILLER_71_497,VGND,li1,239.4300,206.7200,0.000010
FILLER_71_494,VGND,li1,238.0500,206.7200,0.000010
FILLER_71_491,VGND,li1,236.6700,206.7200,0.000011
FILLER_71_488,VGND,li1,235.2900,206.7200,0.000011
FILLER_71_485,VGND,li1,233.9100,206.7200,0.000011
FILLER_71_482,VGND,li1,232.5300,206.7200,0.000011
FILLER_71_479,VGND,li1,231.1500,206.7200,0.000012
FILLER_71_476,VGND,li1,229.7700,206.7200,0.000012
FILLER_71_473,VGND,li1,228.3900,206.7200,0.000012
FILLER_71_470,VGND,li1,227.0100,206.7200,0.000016
FILLER_71_467,VGND,li1,225.6300,206.7200,0.000016
FILLER_71_464,VGND,li1,224.2500,206.7200,0.000021
FILLER_71_461,VGND,li1,222.8700,206.7200,0.000021
FILLER_71_449,VGND,li1,217.3500,206.7200,0.000032
FILLER_71_447,VGND,li1,215.9700,206.7200,0.000032
FILLER_71_425,VGND,li1,205.8500,206.7200,0.000020
FILLER_71_422,VGND,li1,204.9300,206.7200,0.000017
FILLER_71_419,VGND,li1,203.5500,206.7200,0.000017
FILLER_71_416,VGND,li1,202.1700,206.7200,0.000013
FILLER_71_413,VGND,li1,200.7900,206.7200,0.000013
FILLER_71_404,VGND,li1,196.1900,206.7200,0.000010
FILLER_71_401,VGND,li1,195.2700,206.7200,0.000010
FILLER_71_380,VGND,li1,185.6100,206.7200,0.000009
FILLER_71_377,VGND,li1,184.2300,206.7200,0.000008
FILLER_71_374,VGND,li1,182.8500,206.7200,0.000008
FILLER_71_364,VGND,li1,178.2500,206.7200,0.000007
FILLER_71_361,VGND,li1,176.8700,206.7200,0.000006
FILLER_71_343,VGND,li1,168.5900,206.7200,0.000004
FILLER_71_340,VGND,li1,167.2100,206.7200,0.000003
FILLER_71_337,VGND,li1,165.8300,206.7200,0.000003
FILLER_71_335,VGND,li1,164.4500,206.7200,0.000003
FILLER_71_317,VGND,li1,156.4000,206.7200,0.000003
FILLER_71_314,VGND,li1,155.2500,206.7200,0.000003
FILLER_71_311,VGND,li1,153.8700,206.7200,0.000003
FILLER_71_308,VGND,li1,152.4900,206.7200,0.000003
FILLER_71_305,VGND,li1,151.1100,206.7200,0.000003
FILLER_71_302,VGND,li1,149.7300,206.7200,0.000002
FILLER_71_293,VGND,li1,145.1300,206.7200,0.000002
FILLER_71_281,VGND,li1,140.0700,206.7200,0.000002
FILLER_71_256,VGND,li1,128.5700,206.7200,0.000002
FILLER_71_253,VGND,li1,127.1900,206.7200,0.000002
FILLER_71_250,VGND,li1,125.8100,206.7200,0.000002
FILLER_71_237,VGND,li1,119.8300,206.7200,0.000002
FILLER_71_234,VGND,li1,118.4500,206.7200,0.000002
FILLER_71_228,VGND,li1,115.6900,206.7200,0.000001
FILLER_71_225,VGND,li1,114.3100,206.7200,0.000001
FILLER_71_222,VGND,li1,112.7000,206.7200,0.000001
FILLER_71_219,VGND,li1,111.5500,206.7200,0.000001
FILLER_71_216,VGND,li1,110.1700,206.7200,0.000001
FILLER_71_206,VGND,li1,105.5700,206.7200,0.000001
FILLER_71_203,VGND,li1,104.1900,206.7200,0.000001
FILLER_71_200,VGND,li1,102.8100,206.7200,0.000001
FILLER_71_197,VGND,li1,101.4300,206.7200,0.000001
FILLER_71_194,VGND,li1,100.0500,206.7200,0.000002
FILLER_71_191,VGND,li1,98.6700,206.7200,0.000002
FILLER_71_188,VGND,li1,97.2900,206.7200,0.000002
FILLER_71_178,VGND,li1,92.6900,206.7200,0.000002
FILLER_71_175,VGND,li1,91.3100,206.7200,0.000002
FILLER_71_172,VGND,li1,89.9300,206.7200,0.000002
FILLER_71_169,VGND,li1,88.5500,206.7200,0.000002
FILLER_71_167,VGND,li1,87.1700,206.7200,0.000002
FILLER_71_164,VGND,li1,86.2500,206.7200,0.000002
FILLER_71_161,VGND,li1,84.8700,206.7200,0.000002
FILLER_71_158,VGND,li1,83.4900,206.7200,0.000002
FILLER_71_155,VGND,li1,82.1100,206.7200,0.000003
FILLER_71_152,VGND,li1,80.7300,206.7200,0.000003
FILLER_71_149,VGND,li1,79.3500,206.7200,0.000003
FILLER_71_146,VGND,li1,77.9700,206.7200,0.000004
FILLER_71_143,VGND,li1,76.5900,206.7200,0.000004
FILLER_71_140,VGND,li1,75.2100,206.7200,0.000005
FILLER_71_137,VGND,li1,73.8300,206.7200,0.000005
FILLER_71_134,VGND,li1,72.4500,206.7200,0.000005
FILLER_71_124,VGND,li1,67.3900,206.7200,0.000007
FILLER_71_121,VGND,li1,66.4700,206.7200,0.000007
FILLER_71_113,VGND,li1,62.3300,206.7200,0.000008
FILLER_71_111,VGND,li1,61.4100,206.7200,0.000008
FILLER_71_108,VGND,li1,60.4900,206.7200,0.000008
FILLER_71_105,VGND,li1,59.1100,206.7200,0.000008
FILLER_71_63,VGND,li1,39.3300,206.7200,0.000018
FILLER_71_60,VGND,li1,38.4100,206.7200,0.000018
FILLER_71_57,VGND,li1,37.0300,206.7200,0.000020
FILLER_71_47,VGND,li1,31.9700,206.7200,0.000023
FILLER_71_25,VGND,li1,22.0800,206.7200,0.000019
FILLER_71_22,VGND,li1,20.9300,206.7200,0.000019
FILLER_71_3,VGND,li1,11.9600,206.7200,0.000014
FILLER_70_645,VGND,li1,307.5100,201.2800,0.000003
FILLER_70_643,VGND,li1,306.1300,201.2800,0.000003
FILLER_70_640,VGND,li1,305.2100,201.2800,0.000003
FILLER_70_637,VGND,li1,303.8300,201.2800,0.000003
FILLER_70_634,VGND,li1,302.4500,201.2800,0.000003
FILLER_70_631,VGND,li1,301.0700,201.2800,0.000003
FILLER_70_628,VGND,li1,299.6900,201.2800,0.000003
FILLER_70_625,VGND,li1,298.3100,201.2800,0.000003
FILLER_70_622,VGND,li1,296.9300,201.2800,0.000003
FILLER_70_619,VGND,li1,295.5500,201.2800,0.000003
FILLER_70_616,VGND,li1,294.1700,201.2800,0.000003
FILLER_70_613,VGND,li1,292.7900,201.2800,0.000003
FILLER_70_601,VGND,li1,286.8100,201.2800,0.000003
FILLER_70_598,VGND,li1,285.8900,201.2800,0.000003
FILLER_70_595,VGND,li1,284.5100,201.2800,0.000003
FILLER_70_592,VGND,li1,283.1300,201.2800,0.000004
FILLER_70_589,VGND,li1,281.7500,201.2800,0.000004
FILLER_70_587,VGND,li1,280.3700,201.2800,0.000004
FILLER_70_584,VGND,li1,279.4500,201.2800,0.000004
FILLER_70_581,VGND,li1,278.0700,201.2800,0.000004
FILLER_70_578,VGND,li1,276.6900,201.2800,0.000004
FILLER_70_575,VGND,li1,275.3100,201.2800,0.000004
FILLER_70_572,VGND,li1,273.9300,201.2800,0.000004
FILLER_70_562,VGND,li1,268.8700,201.2800,0.000003
FILLER_70_559,VGND,li1,267.9500,201.2800,0.000003
FILLER_70_556,VGND,li1,266.5700,201.2800,0.000003
FILLER_70_545,VGND,li1,261.2800,201.2800,0.000002
FILLER_70_542,VGND,li1,260.1300,201.2800,0.000002
FILLER_70_536,VGND,li1,257.3700,201.2800,0.000002
FILLER_70_533,VGND,li1,255.9900,201.2800,0.000002
FILLER_70_529,VGND,li1,254.1500,201.2800,0.000002
FILLER_70_526,VGND,li1,252.7700,201.2800,0.000002
FILLER_70_521,VGND,li1,250.2400,201.2800,0.000002
FILLER_70_518,VGND,li1,249.0900,201.2800,0.000002
FILLER_70_515,VGND,li1,247.7100,201.2800,0.000002
FILLER_70_498,VGND,li1,239.4300,201.2800,0.000002
FILLER_70_486,VGND,li1,234.3700,201.2800,0.000002
FILLER_70_483,VGND,li1,232.9900,201.2800,0.000002
FILLER_70_480,VGND,li1,231.6100,201.2800,0.000002
FILLER_70_467,VGND,li1,225.1700,201.2800,0.000003
FILLER_70_458,VGND,li1,221.4900,201.2800,0.000003
FILLER_70_449,VGND,li1,217.1200,201.2800,0.000003
FILLER_70_446,VGND,li1,215.9700,201.2800,0.000003
FILLER_70_443,VGND,li1,214.5900,201.2800,0.000003
FILLER_70_440,VGND,li1,213.2100,201.2800,0.000003
FILLER_70_435,VGND,li1,210.4500,201.2800,0.000003
FILLER_70_430,VGND,li1,208.3800,201.2800,0.000003
FILLER_70_427,VGND,li1,207.2300,201.2800,0.000003
FILLER_70_424,VGND,li1,205.8500,201.2800,0.000003
FILLER_70_421,VGND,li1,204.4700,201.2800,0.000003
FILLER_70_419,VGND,li1,203.0900,201.2800,0.000003
FILLER_70_416,VGND,li1,202.1700,201.2800,0.000002
FILLER_70_413,VGND,li1,200.7900,201.2800,0.000002
FILLER_70_410,VGND,li1,199.4100,201.2800,0.000002
FILLER_70_407,VGND,li1,198.0300,201.2800,0.000002
FILLER_70_404,VGND,li1,196.6500,201.2800,0.000002
FILLER_70_401,VGND,li1,195.2700,201.2800,0.000002
FILLER_70_398,VGND,li1,193.8900,201.2800,0.000002
FILLER_70_395,VGND,li1,192.5100,201.2800,0.000002
FILLER_70_392,VGND,li1,191.1300,201.2800,0.000002
FILLER_70_389,VGND,li1,189.7500,201.2800,0.000002
FILLER_70_386,VGND,li1,188.3700,201.2800,0.000002
FILLER_70_383,VGND,li1,186.9900,201.2800,0.000002
FILLER_70_380,VGND,li1,185.6100,201.2800,0.000002
FILLER_70_377,VGND,li1,184.2300,201.2800,0.000002
FILLER_70_374,VGND,li1,182.8500,201.2800,0.000002
FILLER_70_371,VGND,li1,181.4700,201.2800,0.000003
FILLER_70_368,VGND,li1,180.0900,201.2800,0.000003
FILLER_70_365,VGND,li1,178.7100,201.2800,0.000003
FILLER_70_359,VGND,li1,175.4900,201.2800,0.000003
FILLER_70_356,VGND,li1,174.5700,201.2800,0.000003
FILLER_70_353,VGND,li1,173.1900,201.2800,0.000003
FILLER_70_350,VGND,li1,171.8100,201.2800,0.000003
FILLER_70_347,VGND,li1,170.4300,201.2800,0.000003
FILLER_70_343,VGND,li1,168.1300,201.2800,0.000003
FILLER_70_340,VGND,li1,167.2100,201.2800,0.000003
FILLER_70_337,VGND,li1,165.8300,201.2800,0.000003
FILLER_70_334,VGND,li1,164.4500,201.2800,0.000003
FILLER_70_331,VGND,li1,163.0700,201.2800,0.000003
FILLER_70_328,VGND,li1,161.6900,201.2800,0.000004
FILLER_70_325,VGND,li1,160.3100,201.2800,0.000004
FILLER_70_304,VGND,li1,150.1900,201.2800,0.000005
FILLER_70_301,VGND,li1,149.2700,201.2800,0.000005
FILLER_70_268,VGND,li1,133.6300,201.2800,0.000002
FILLER_70_259,VGND,li1,129.7200,201.2800,0.000002
FILLER_70_256,VGND,li1,128.5700,201.2800,0.000002
FILLER_70_253,VGND,li1,127.1900,201.2800,0.000002
FILLER_70_250,VGND,li1,125.5800,201.2800,0.000002
FILLER_70_241,VGND,li1,121.6700,201.2800,0.000001
FILLER_70_238,VGND,li1,120.2900,201.2800,0.000001
FILLER_70_223,VGND,li1,113.1600,201.2800,0.000001
FILLER_70_220,VGND,li1,112.0100,201.2800,0.000001
FILLER_70_217,VGND,li1,110.6300,201.2800,0.000001
FILLER_70_203,VGND,li1,103.7300,201.2800,0.000001
FILLER_70_200,VGND,li1,102.8100,201.2800,0.000001
FILLER_70_197,VGND,li1,101.4300,201.2800,0.000001
FILLER_70_187,VGND,li1,96.3700,201.2800,0.000001
FILLER_70_184,VGND,li1,95.4500,201.2800,0.000001
FILLER_70_181,VGND,li1,94.0700,201.2800,0.000002
FILLER_70_178,VGND,li1,92.6900,201.2800,0.000002
FILLER_70_175,VGND,li1,91.3100,201.2800,0.000002
FILLER_70_165,VGND,li1,86.7100,201.2800,0.000002
FILLER_70_162,VGND,li1,85.3300,201.2800,0.000002
FILLER_70_159,VGND,li1,83.9500,201.2800,0.000002
FILLER_70_156,VGND,li1,82.5700,201.2800,0.000002
FILLER_70_153,VGND,li1,81.1900,201.2800,0.000002
FILLER_70_144,VGND,li1,76.8200,201.2800,0.000003
FILLER_70_141,VGND,li1,75.6700,201.2800,0.000003
FILLER_70_139,VGND,li1,74.2900,201.2800,0.000004
FILLER_70_136,VGND,li1,73.3700,201.2800,0.000004
FILLER_70_133,VGND,li1,71.9900,201.2800,0.000005
FILLER_70_130,VGND,li1,70.6100,201.2800,0.000005
FILLER_70_127,VGND,li1,69.2300,201.2800,0.000005
FILLER_70_124,VGND,li1,67.8500,201.2800,0.000005
FILLER_70_121,VGND,li1,66.4700,201.2800,0.000005
FILLER_70_118,VGND,li1,65.0900,201.2800,0.000005
FILLER_70_91,VGND,li1,52.2100,201.2800,0.000006
FILLER_70_88,VGND,li1,51.2900,201.2800,0.000006
FILLER_70_85,VGND,li1,49.9100,201.2800,0.000006
FILLER_70_81,VGND,li1,48.0700,201.2800,0.000006
FILLER_70_70,VGND,li1,42.7800,201.2800,0.000008
FILLER_70_67,VGND,li1,41.6300,201.2800,0.000009
FILLER_70_48,VGND,li1,32.6600,201.2800,0.000011
FILLER_69_647,VGND,li1,307.9700,201.2800,0.000003
FILLER_69_644,VGND,li1,307.0500,201.2800,0.000003
FILLER_69_641,VGND,li1,305.6700,201.2800,0.000003
FILLER_69_638,VGND,li1,304.2900,201.2800,0.000003
FILLER_69_635,VGND,li1,302.9100,201.2800,0.000003
FILLER_69_632,VGND,li1,301.5300,201.2800,0.000003
FILLER_69_629,VGND,li1,300.1500,201.2800,0.000003
FILLER_69_626,VGND,li1,298.7700,201.2800,0.000003
FILLER_69_623,VGND,li1,297.3900,201.2800,0.000003
FILLER_69_620,VGND,li1,296.0100,201.2800,0.000003
FILLER_69_615,VGND,li1,293.2500,201.2800,0.000003
FILLER_69_612,VGND,li1,292.3300,201.2800,0.000003
FILLER_69_551,VGND,li1,263.8100,201.2800,0.000002
FILLER_69_548,VGND,li1,262.8900,201.2800,0.000002
FILLER_69_545,VGND,li1,261.5100,201.2800,0.000002
FILLER_69_542,VGND,li1,260.1300,201.2800,0.000002
FILLER_69_539,VGND,li1,258.7500,201.2800,0.000002
FILLER_69_536,VGND,li1,257.3700,201.2800,0.000002
FILLER_69_533,VGND,li1,255.9900,201.2800,0.000002
FILLER_69_522,VGND,li1,250.9300,201.2800,0.000002
FILLER_69_519,VGND,li1,249.5500,201.2800,0.000002
FILLER_69_516,VGND,li1,248.1700,201.2800,0.000002
FILLER_69_513,VGND,li1,246.7900,201.2800,0.000002
FILLER_69_503,VGND,li1,241.7300,201.2800,0.000002
FILLER_69_500,VGND,li1,240.8100,201.2800,0.000002
FILLER_69_497,VGND,li1,239.4300,201.2800,0.000002
FILLER_69_486,VGND,li1,234.1400,201.2800,0.000002
FILLER_69_483,VGND,li1,232.9900,201.2800,0.000002
FILLER_69_461,VGND,li1,222.4100,201.2800,0.000003
FILLER_69_458,VGND,li1,221.4900,201.2800,0.000003
FILLER_69_445,VGND,li1,215.5100,201.2800,0.000003
FILLER_69_442,VGND,li1,214.1300,201.2800,0.000003
FILLER_69_418,VGND,li1,203.0900,201.2800,0.000003
FILLER_69_415,VGND,li1,201.7100,201.2800,0.000002
FILLER_69_405,VGND,li1,196.6500,201.2800,0.000002
FILLER_69_402,VGND,li1,195.7300,201.2800,0.000002
FILLER_69_399,VGND,li1,194.3500,201.2800,0.000002
FILLER_69_396,VGND,li1,192.9700,201.2800,0.000002
FILLER_69_393,VGND,li1,191.5900,201.2800,0.000002
FILLER_69_382,VGND,li1,186.5300,201.2800,0.000002
FILLER_69_379,VGND,li1,185.1500,201.2800,0.000002
FILLER_69_376,VGND,li1,183.7700,201.2800,0.000002
FILLER_69_373,VGND,li1,182.3900,201.2800,0.000003
FILLER_69_370,VGND,li1,181.0100,201.2800,0.000003
FILLER_69_364,VGND,li1,178.0200,201.2800,0.000003
FILLER_69_361,VGND,li1,176.8700,201.2800,0.000003
FILLER_69_358,VGND,li1,175.4900,201.2800,0.000003
FILLER_69_335,VGND,li1,164.4500,201.2800,0.000003
FILLER_69_332,VGND,li1,163.5300,201.2800,0.000003
FILLER_69_324,VGND,li1,159.8500,201.2800,0.000004
FILLER_69_321,VGND,li1,158.4700,201.2800,0.000004
FILLER_69_318,VGND,li1,157.0900,201.2800,0.000004
FILLER_69_296,VGND,li1,146.5100,201.2800,0.000004
FILLER_69_293,VGND,li1,145.5900,201.2800,0.000004
FILLER_69_287,VGND,li1,142.8300,201.2800,0.000003
FILLER_69_284,VGND,li1,141.4500,201.2800,0.000003
FILLER_69_281,VGND,li1,140.0700,201.2800,0.000002
FILLER_69_270,VGND,li1,134.7800,201.2800,0.000002
FILLER_69_267,VGND,li1,133.6300,201.2800,0.000002
FILLER_69_256,VGND,li1,128.5700,201.2800,0.000002
FILLER_69_253,VGND,li1,127.1900,201.2800,0.000002
FILLER_69_250,VGND,li1,125.8100,201.2800,0.000002
FILLER_69_242,VGND,li1,122.1300,201.2800,0.000002
FILLER_69_239,VGND,li1,120.7500,201.2800,0.000001
FILLER_69_236,VGND,li1,119.3700,201.2800,0.000001
FILLER_69_233,VGND,li1,117.9900,201.2800,0.000001
FILLER_69_225,VGND,li1,114.0800,201.2800,0.000001
FILLER_69_221,VGND,li1,112.4700,201.2800,0.000001
FILLER_69_218,VGND,li1,111.0900,201.2800,0.000001
FILLER_69_215,VGND,li1,109.7100,201.2800,0.000001
FILLER_69_205,VGND,li1,104.6500,201.2800,0.000001
FILLER_69_202,VGND,li1,103.7300,201.2800,0.000001
FILLER_69_199,VGND,li1,102.3500,201.2800,0.000001
FILLER_69_191,VGND,li1,98.6700,201.2800,0.000001
FILLER_69_188,VGND,li1,97.2900,201.2800,0.000001
FILLER_69_185,VGND,li1,95.9100,201.2800,0.000001
FILLER_69_182,VGND,li1,94.5300,201.2800,0.000002
FILLER_69_179,VGND,li1,93.1500,201.2800,0.000002
FILLER_69_169,VGND,li1,88.0900,201.2800,0.000002
FILLER_69_165,VGND,li1,86.7100,201.2800,0.000002
FILLER_69_162,VGND,li1,85.3300,201.2800,0.000002
FILLER_69_159,VGND,li1,83.9500,201.2800,0.000002
FILLER_69_156,VGND,li1,82.5700,201.2800,0.000002
FILLER_69_113,VGND,li1,62.7900,201.2800,0.000006
FILLER_69_111,VGND,li1,61.4100,201.2800,0.000006
FILLER_69_108,VGND,li1,60.4900,201.2800,0.000006
FILLER_69_105,VGND,li1,59.1100,201.2800,0.000006
FILLER_69_60,VGND,li1,38.4100,201.2800,0.000009
FILLER_69_57,VGND,li1,37.0300,201.2800,0.000010
FILLER_69_39,VGND,li1,28.2900,201.2800,0.000011
FILLER_69_20,VGND,li1,19.7800,201.2800,0.000008
FILLER_69_9,VGND,li1,14.9500,201.2800,0.000007
FILLER_69_6,VGND,li1,13.5700,201.2800,0.000007
FILLER_69_3,VGND,li1,12.1900,201.2800,0.000007
FILLER_68_645,VGND,li1,307.5100,195.8400,0.000005
FILLER_68_642,VGND,li1,305.9000,195.8400,0.000005
FILLER_68_639,VGND,li1,304.7500,195.8400,0.000005
FILLER_68_636,VGND,li1,303.3700,195.8400,0.000005
FILLER_68_633,VGND,li1,301.9900,195.8400,0.000005
FILLER_68_630,VGND,li1,300.6100,195.8400,0.000005
FILLER_68_627,VGND,li1,299.2300,195.8400,0.000005
FILLER_68_598,VGND,li1,285.6600,195.8400,0.000004
FILLER_68_595,VGND,li1,284.5100,195.8400,0.000005
FILLER_68_592,VGND,li1,283.1300,195.8400,0.000005
FILLER_68_578,VGND,li1,276.4600,195.8400,0.000006
FILLER_68_575,VGND,li1,275.3100,195.8400,0.000006
FILLER_68_572,VGND,li1,273.9300,195.8400,0.000006
FILLER_68_566,VGND,li1,271.1700,195.8400,0.000006
FILLER_68_563,VGND,li1,269.7900,195.8400,0.000006
FILLER_68_560,VGND,li1,268.4100,195.8400,0.000006
FILLER_68_536,VGND,li1,257.3700,195.8400,0.000005
FILLER_68_533,VGND,li1,255.9900,195.8400,0.000006
FILLER_68_531,VGND,li1,254.6100,195.8400,0.000006
FILLER_68_513,VGND,li1,246.3300,195.8400,0.000006
FILLER_68_490,VGND,li1,235.9800,195.8400,0.000006
FILLER_68_487,VGND,li1,234.8300,195.8400,0.000006
FILLER_68_477,VGND,li1,230.0000,195.8400,0.000005
FILLER_68_466,VGND,li1,224.9400,195.8400,0.000004
FILLER_68_442,VGND,li1,214.1300,195.8400,0.000004
FILLER_68_421,VGND,li1,204.0100,195.8400,0.000003
FILLER_68_419,VGND,li1,203.0900,195.8400,0.000003
FILLER_68_416,VGND,li1,202.1700,195.8400,0.000003
FILLER_68_413,VGND,li1,200.7900,195.8400,0.000003
FILLER_68_410,VGND,li1,199.4100,195.8400,0.000002
FILLER_68_400,VGND,li1,194.5800,195.8400,0.000003
FILLER_68_397,VGND,li1,193.4300,195.8400,0.000003
FILLER_68_394,VGND,li1,192.0500,195.8400,0.000003
FILLER_68_383,VGND,li1,186.7600,195.8400,0.000004
FILLER_68_380,VGND,li1,185.6100,195.8400,0.000005
FILLER_68_377,VGND,li1,184.2300,195.8400,0.000005
FILLER_68_371,VGND,li1,181.4700,195.8400,0.000005
FILLER_68_368,VGND,li1,180.0900,195.8400,0.000005
FILLER_68_365,VGND,li1,178.7100,195.8400,0.000005
FILLER_68_361,VGND,li1,176.8700,195.8400,0.000005
FILLER_68_358,VGND,li1,175.4900,195.8400,0.000005
FILLER_68_355,VGND,li1,174.1100,195.8400,0.000005
FILLER_68_352,VGND,li1,172.7300,195.8400,0.000005
FILLER_68_349,VGND,li1,171.3500,195.8400,0.000004
FILLER_68_346,VGND,li1,169.9700,195.8400,0.000004
FILLER_68_340,VGND,li1,167.2100,195.8400,0.000003
FILLER_68_337,VGND,li1,165.8300,195.8400,0.000004
FILLER_68_334,VGND,li1,164.4500,195.8400,0.000004
FILLER_68_331,VGND,li1,163.0700,195.8400,0.000004
FILLER_68_315,VGND,li1,155.7100,195.8400,0.000005
FILLER_68_312,VGND,li1,154.3300,195.8400,0.000005
FILLER_68_309,VGND,li1,152.9500,195.8400,0.000005
FILLER_68_306,VGND,li1,151.3400,195.8400,0.000005
FILLER_68_300,VGND,li1,148.8100,195.8400,0.000005
FILLER_68_293,VGND,li1,145.3600,195.8400,0.000005
FILLER_68_290,VGND,li1,144.2100,195.8400,0.000005
FILLER_68_287,VGND,li1,142.8300,195.8400,0.000005
FILLER_68_265,VGND,li1,132.2500,195.8400,0.000005
FILLER_68_262,VGND,li1,131.3300,195.8400,0.000005
FILLER_68_259,VGND,li1,129.9500,195.8400,0.000005
FILLER_68_256,VGND,li1,128.5700,195.8400,0.000005
FILLER_68_253,VGND,li1,127.1900,195.8400,0.000005
FILLER_68_250,VGND,li1,125.5800,195.8400,0.000005
FILLER_68_247,VGND,li1,124.4300,195.8400,0.000005
FILLER_68_244,VGND,li1,123.0500,195.8400,0.000005
FILLER_68_236,VGND,li1,118.9100,195.8400,0.000004
FILLER_68_233,VGND,li1,117.9900,195.8400,0.000004
FILLER_68_230,VGND,li1,116.6100,195.8400,0.000004
FILLER_68_227,VGND,li1,115.2300,195.8400,0.000003
FILLER_68_224,VGND,li1,113.8500,195.8400,0.000003
FILLER_68_221,VGND,li1,112.4700,195.8400,0.000003
FILLER_68_218,VGND,li1,111.0900,195.8400,0.000002
FILLER_68_215,VGND,li1,109.7100,195.8400,0.000002
FILLER_68_212,VGND,li1,108.3300,195.8400,0.000002
FILLER_68_209,VGND,li1,106.9500,195.8400,0.000002
FILLER_68_206,VGND,li1,105.5700,195.8400,0.000002
FILLER_68_203,VGND,li1,104.1900,195.8400,0.000002
FILLER_68_200,VGND,li1,102.8100,195.8400,0.000002
FILLER_68_197,VGND,li1,101.4300,195.8400,0.000002
FILLER_68_194,VGND,li1,99.8200,195.8400,0.000002
FILLER_68_180,VGND,li1,93.1500,195.8400,0.000002
FILLER_68_177,VGND,li1,92.2300,195.8400,0.000002
FILLER_68_174,VGND,li1,90.8500,195.8400,0.000002
FILLER_68_171,VGND,li1,89.4700,195.8400,0.000002
FILLER_68_168,VGND,li1,88.0900,195.8400,0.000002
FILLER_68_165,VGND,li1,86.7100,195.8400,0.000002
FILLER_68_162,VGND,li1,85.3300,195.8400,0.000002
FILLER_68_159,VGND,li1,83.9500,195.8400,0.000002
FILLER_68_144,VGND,li1,76.5900,195.8400,0.000002
FILLER_68_141,VGND,li1,75.6700,195.8400,0.000003
FILLER_68_138,VGND,li1,74.0600,195.8400,0.000003
FILLER_68_127,VGND,li1,69.0000,195.8400,0.000004
FILLER_68_124,VGND,li1,67.8500,195.8400,0.000005
FILLER_68_88,VGND,li1,51.2900,195.8400,0.000006
FILLER_68_85,VGND,li1,49.9100,195.8400,0.000005
FILLER_68_83,VGND,li1,48.5300,195.8400,0.000005
FILLER_68_80,VGND,li1,47.6100,195.8400,0.000006
FILLER_68_77,VGND,li1,46.2300,195.8400,0.000006
FILLER_68_41,VGND,li1,29.4400,195.8400,0.000009
FILLER_68_38,VGND,li1,28.2900,195.8400,0.000009
FILLER_67_646,VGND,li1,307.7400,195.8400,0.000005
FILLER_67_643,VGND,li1,306.5900,195.8400,0.000005
FILLER_67_640,VGND,li1,305.2100,195.8400,0.000005
FILLER_67_637,VGND,li1,303.8300,195.8400,0.000005
FILLER_67_634,VGND,li1,302.4500,195.8400,0.000005
FILLER_67_631,VGND,li1,301.0700,195.8400,0.000005
FILLER_67_628,VGND,li1,299.6900,195.8400,0.000005
FILLER_67_625,VGND,li1,298.3100,195.8400,0.000005
FILLER_67_615,VGND,li1,293.2500,195.8400,0.000005
FILLER_67_612,VGND,li1,292.3300,195.8400,0.000005
FILLER_67_609,VGND,li1,290.9500,195.8400,0.000004
FILLER_67_606,VGND,li1,289.5700,195.8400,0.000004
FILLER_67_603,VGND,li1,288.1900,195.8400,0.000004
FILLER_67_600,VGND,li1,286.8100,195.8400,0.000004
FILLER_67_597,VGND,li1,285.4300,195.8400,0.000004
FILLER_67_573,VGND,li1,274.3900,195.8400,0.000006
FILLER_67_570,VGND,li1,273.0100,195.8400,0.000006
FILLER_67_567,VGND,li1,271.6300,195.8400,0.000006
FILLER_67_564,VGND,li1,270.2500,195.8400,0.000006
FILLER_67_561,VGND,li1,268.8700,195.8400,0.000006
FILLER_67_559,VGND,li1,267.4900,195.8400,0.000006
FILLER_67_556,VGND,li1,266.5700,195.8400,0.000006
FILLER_67_542,VGND,li1,259.9000,195.8400,0.000005
FILLER_67_519,VGND,li1,249.3200,195.8400,0.000006
FILLER_67_516,VGND,li1,248.1700,195.8400,0.000006
FILLER_67_511,VGND,li1,245.6400,195.8400,0.000006
FILLER_67_508,VGND,li1,244.4900,195.8400,0.000007
FILLER_67_501,VGND,li1,241.2700,195.8400,0.000007
FILLER_67_498,VGND,li1,239.8900,195.8400,0.000006
FILLER_67_495,VGND,li1,238.5100,195.8400,0.000006
FILLER_67_464,VGND,li1,224.0200,195.8400,0.000004
FILLER_67_461,VGND,li1,222.8700,195.8400,0.000005
FILLER_67_443,VGND,li1,214.5900,195.8400,0.000004
FILLER_67_440,VGND,li1,213.2100,195.8400,0.000004
FILLER_67_437,VGND,li1,211.8300,195.8400,0.000004
FILLER_67_434,VGND,li1,210.4500,195.8400,0.000004
FILLER_67_431,VGND,li1,209.0700,195.8400,0.000004
FILLER_67_428,VGND,li1,207.6900,195.8400,0.000004
FILLER_67_425,VGND,li1,206.3100,195.8400,0.000003
FILLER_67_420,VGND,li1,203.7800,195.8400,0.000003
FILLER_67_417,VGND,li1,202.6300,195.8400,0.000003
FILLER_67_414,VGND,li1,201.2500,195.8400,0.000003
FILLER_67_411,VGND,li1,199.8700,195.8400,0.000002
FILLER_67_408,VGND,li1,198.4900,195.8400,0.000002
FILLER_67_405,VGND,li1,197.1100,195.8400,0.000003
FILLER_67_402,VGND,li1,195.7300,195.8400,0.000003
FILLER_67_399,VGND,li1,194.3500,195.8400,0.000003
FILLER_67_396,VGND,li1,192.9700,195.8400,0.000003
FILLER_67_393,VGND,li1,191.5900,195.8400,0.000003
FILLER_67_391,VGND,li1,190.2100,195.8400,0.000004
FILLER_67_388,VGND,li1,189.2900,195.8400,0.000004
FILLER_67_385,VGND,li1,187.9100,195.8400,0.000004
FILLER_67_382,VGND,li1,186.5300,195.8400,0.000004
FILLER_67_379,VGND,li1,185.1500,195.8400,0.000005
FILLER_67_320,VGND,li1,158.0100,195.8400,0.000005
FILLER_67_317,VGND,li1,156.6300,195.8400,0.000005
FILLER_67_314,VGND,li1,155.2500,195.8400,0.000005
FILLER_67_287,VGND,li1,142.3700,195.8400,0.000005
FILLER_67_284,VGND,li1,141.4500,195.8400,0.000004
FILLER_67_281,VGND,li1,140.0700,195.8400,0.000004
FILLER_67_272,VGND,li1,135.7000,195.8400,0.000005
FILLER_67_269,VGND,li1,134.5500,195.8400,0.000005
FILLER_67_266,VGND,li1,133.1700,195.8400,0.000005
FILLER_67_239,VGND,li1,120.5200,195.8400,0.000004
FILLER_67_236,VGND,li1,119.3700,195.8400,0.000004
FILLER_67_233,VGND,li1,117.9900,195.8400,0.000004
FILLER_67_230,VGND,li1,116.6100,195.8400,0.000004
FILLER_67_217,VGND,li1,110.4000,195.8400,0.000002
FILLER_67_214,VGND,li1,109.2500,195.8400,0.000002
FILLER_67_211,VGND,li1,107.8700,195.8400,0.000002
FILLER_67_202,VGND,li1,103.2700,195.8400,0.000002
FILLER_67_196,VGND,li1,100.5100,195.8400,0.000002
FILLER_67_193,VGND,li1,99.5900,195.8400,0.000002
FILLER_67_190,VGND,li1,98.2100,195.8400,0.000002
FILLER_67_187,VGND,li1,96.8300,195.8400,0.000002
FILLER_67_184,VGND,li1,95.4500,195.8400,0.000002
FILLER_67_181,VGND,li1,94.0700,195.8400,0.000002
FILLER_67_178,VGND,li1,92.6900,195.8400,0.000002
FILLER_67_175,VGND,li1,91.3100,195.8400,0.000002
FILLER_67_167,VGND,li1,87.1700,195.8400,0.000002
FILLER_67_164,VGND,li1,86.2500,195.8400,0.000002
FILLER_67_161,VGND,li1,84.8700,195.8400,0.000002
FILLER_67_158,VGND,li1,83.4900,195.8400,0.000002
FILLER_67_155,VGND,li1,82.1100,195.8400,0.000002
FILLER_67_152,VGND,li1,80.7300,195.8400,0.000002
FILLER_67_149,VGND,li1,79.3500,195.8400,0.000002
FILLER_67_146,VGND,li1,77.9700,195.8400,0.000002
FILLER_67_143,VGND,li1,76.5900,195.8400,0.000002
FILLER_67_140,VGND,li1,75.2100,195.8400,0.000003
FILLER_67_128,VGND,li1,69.2300,195.8400,0.000004
FILLER_67_125,VGND,li1,68.3100,195.8400,0.000005
FILLER_67_122,VGND,li1,66.9300,195.8400,0.000005
FILLER_67_111,VGND,li1,61.4100,195.8400,0.000006
FILLER_67_108,VGND,li1,60.4900,195.8400,0.000006
FILLER_67_105,VGND,li1,59.1100,195.8400,0.000006
FILLER_67_86,VGND,li1,50.1400,195.8400,0.000005
FILLER_67_69,VGND,li1,42.0900,195.8400,0.000008
FILLER_67_66,VGND,li1,41.1700,195.8400,0.000008
FILLER_67_28,VGND,li1,23.6900,195.8400,0.000007
FILLER_66_645,VGND,li1,307.5100,190.4000,0.000004
FILLER_66_643,VGND,li1,306.1300,190.4000,0.000004
FILLER_66_640,VGND,li1,305.2100,190.4000,0.000004
FILLER_66_637,VGND,li1,303.8300,190.4000,0.000004
FILLER_66_634,VGND,li1,302.4500,190.4000,0.000004
FILLER_66_631,VGND,li1,301.0700,190.4000,0.000004
FILLER_66_628,VGND,li1,299.6900,190.4000,0.000004
FILLER_66_625,VGND,li1,298.3100,190.4000,0.000004
FILLER_66_622,VGND,li1,296.9300,190.4000,0.000004
FILLER_66_619,VGND,li1,295.5500,190.4000,0.000004
FILLER_66_616,VGND,li1,294.1700,190.4000,0.000004
FILLER_66_613,VGND,li1,292.7900,190.4000,0.000004
FILLER_66_610,VGND,li1,291.4100,190.4000,0.000004
FILLER_66_607,VGND,li1,290.0300,190.4000,0.000004
FILLER_66_603,VGND,li1,287.7300,190.4000,0.000005
FILLER_66_595,VGND,li1,284.2800,190.4000,0.000007
FILLER_66_589,VGND,li1,281.7500,190.4000,0.000007
FILLER_66_582,VGND,li1,278.3000,190.4000,0.000008
FILLER_66_573,VGND,li1,273.9300,190.4000,0.000009
FILLER_66_570,VGND,li1,273.0100,190.4000,0.000009
FILLER_66_558,VGND,li1,267.4900,190.4000,0.000009
FILLER_66_555,VGND,li1,266.1100,190.4000,0.000009
FILLER_66_552,VGND,li1,264.7300,190.4000,0.000009
FILLER_66_542,VGND,li1,259.9000,190.4000,0.000009
FILLER_66_539,VGND,li1,258.7500,190.4000,0.000008
FILLER_66_536,VGND,li1,257.3700,190.4000,0.000008
FILLER_66_502,VGND,li1,241.2700,190.4000,0.000014
FILLER_66_480,VGND,li1,231.1500,190.4000,0.000015
FILLER_66_465,VGND,li1,224.4800,190.4000,0.000020
FILLER_66_462,VGND,li1,223.3300,190.4000,0.000020
FILLER_66_459,VGND,li1,221.9500,190.4000,0.000019
FILLER_66_453,VGND,li1,219.1900,190.4000,0.000018
FILLER_66_450,VGND,li1,217.8100,190.4000,0.000017
FILLER_66_447,VGND,li1,216.4300,190.4000,0.000017
FILLER_66_444,VGND,li1,215.0500,190.4000,0.000017
FILLER_66_441,VGND,li1,213.6700,190.4000,0.000016
FILLER_66_438,VGND,li1,212.2900,190.4000,0.000016
FILLER_66_410,VGND,li1,198.9500,190.4000,0.000009
FILLER_66_388,VGND,li1,188.8300,190.4000,0.000013
FILLER_66_385,VGND,li1,187.9100,190.4000,0.000014
FILLER_66_382,VGND,li1,186.5300,190.4000,0.000014
FILLER_66_379,VGND,li1,185.1500,190.4000,0.000014
FILLER_66_376,VGND,li1,183.7700,190.4000,0.000015
FILLER_66_365,VGND,li1,178.7100,190.4000,0.000017
FILLER_66_353,VGND,li1,172.9600,190.4000,0.000018
FILLER_66_350,VGND,li1,171.8100,190.4000,0.000019
FILLER_66_347,VGND,li1,170.4300,190.4000,0.000019
FILLER_66_344,VGND,li1,169.0500,190.4000,0.000013
FILLER_66_339,VGND,li1,166.2900,190.4000,0.000013
FILLER_66_336,VGND,li1,165.3700,190.4000,0.000013
FILLER_66_333,VGND,li1,163.9900,190.4000,0.000012
FILLER_66_330,VGND,li1,162.6100,190.4000,0.000012
FILLER_66_327,VGND,li1,161.2300,190.4000,0.000012
FILLER_66_324,VGND,li1,159.8500,190.4000,0.000011
FILLER_66_321,VGND,li1,158.4700,190.4000,0.000011
FILLER_66_318,VGND,li1,157.0900,190.4000,0.000010
FILLER_66_315,VGND,li1,155.7100,190.4000,0.000010
FILLER_66_312,VGND,li1,154.3300,190.4000,0.000010
FILLER_66_309,VGND,li1,152.9500,190.4000,0.000009
FILLER_66_306,VGND,li1,151.3400,190.4000,0.000009
FILLER_66_303,VGND,li1,150.1900,190.4000,0.000008
FILLER_66_300,VGND,li1,148.8100,190.4000,0.000008
FILLER_66_293,VGND,li1,145.1300,190.4000,0.000007
FILLER_66_290,VGND,li1,144.2100,190.4000,0.000007
FILLER_66_267,VGND,li1,133.4000,190.4000,0.000006
FILLER_66_264,VGND,li1,132.2500,190.4000,0.000007
FILLER_66_261,VGND,li1,130.8700,190.4000,0.000007
FILLER_66_247,VGND,li1,124.2000,190.4000,0.000006
FILLER_66_244,VGND,li1,123.0500,190.4000,0.000006
FILLER_66_241,VGND,li1,121.6700,190.4000,0.000006
FILLER_66_238,VGND,li1,120.2900,190.4000,0.000006
FILLER_66_235,VGND,li1,118.9100,190.4000,0.000005
FILLER_66_232,VGND,li1,117.5300,190.4000,0.000005
FILLER_66_229,VGND,li1,116.1500,190.4000,0.000004
FILLER_66_226,VGND,li1,114.7700,190.4000,0.000004
FILLER_66_223,VGND,li1,113.3900,190.4000,0.000004
FILLER_66_212,VGND,li1,108.1000,190.4000,0.000002
FILLER_66_209,VGND,li1,106.9500,190.4000,0.000002
FILLER_66_206,VGND,li1,105.5700,190.4000,0.000002
FILLER_66_203,VGND,li1,104.1900,190.4000,0.000002
FILLER_66_197,VGND,li1,100.9700,190.4000,0.000002
FILLER_66_195,VGND,li1,100.0500,190.4000,0.000002
FILLER_66_192,VGND,li1,99.1300,190.4000,0.000002
FILLER_66_189,VGND,li1,97.7500,190.4000,0.000002
FILLER_66_174,VGND,li1,90.6200,190.4000,0.000002
FILLER_66_163,VGND,li1,85.7900,190.4000,0.000003
FILLER_66_160,VGND,li1,84.4100,190.4000,0.000003
FILLER_66_144,VGND,li1,77.0500,190.4000,0.000003
FILLER_66_141,VGND,li1,75.6700,190.4000,0.000003
FILLER_66_105,VGND,li1,58.8800,190.4000,0.000006
FILLER_66_85,VGND,li1,49.9100,190.4000,0.000005
FILLER_66_58,VGND,li1,37.0300,190.4000,0.000009
FILLER_66_44,VGND,li1,30.8200,190.4000,0.000009
FILLER_66_41,VGND,li1,29.6700,190.4000,0.000008
FILLER_66_25,VGND,li1,22.3100,190.4000,0.000007
FILLER_66_6,VGND,li1,13.5700,190.4000,0.000006
FILLER_66_3,VGND,li1,12.1900,190.4000,0.000006
FILLER_65_647,VGND,li1,307.9700,190.4000,0.000004
FILLER_65_644,VGND,li1,307.0500,190.4000,0.000004
FILLER_65_641,VGND,li1,305.6700,190.4000,0.000004
FILLER_65_638,VGND,li1,304.2900,190.4000,0.000004
FILLER_65_635,VGND,li1,302.9100,190.4000,0.000004
FILLER_65_632,VGND,li1,301.5300,190.4000,0.000004
FILLER_65_629,VGND,li1,300.1500,190.4000,0.000004
FILLER_65_626,VGND,li1,298.7700,190.4000,0.000004
FILLER_65_623,VGND,li1,297.3900,190.4000,0.000004
FILLER_65_620,VGND,li1,296.0100,190.4000,0.000004
FILLER_65_617,VGND,li1,294.6300,190.4000,0.000004
FILLER_65_614,VGND,li1,293.0200,190.4000,0.000004
FILLER_65_611,VGND,li1,291.8700,190.4000,0.000004
FILLER_65_558,VGND,li1,267.2600,190.4000,0.000009
FILLER_65_555,VGND,li1,266.1100,190.4000,0.000009
FILLER_65_532,VGND,li1,255.3000,190.4000,0.000010
FILLER_65_520,VGND,li1,249.5500,190.4000,0.000013
FILLER_65_517,VGND,li1,248.6300,190.4000,0.000013
FILLER_65_514,VGND,li1,247.2500,190.4000,0.000014
FILLER_65_502,VGND,li1,241.5000,190.4000,0.000014
FILLER_65_499,VGND,li1,240.3500,190.4000,0.000014
FILLER_65_496,VGND,li1,238.9700,190.4000,0.000014
FILLER_65_493,VGND,li1,237.5900,190.4000,0.000014
FILLER_65_490,VGND,li1,236.2100,190.4000,0.000014
FILLER_65_487,VGND,li1,234.8300,190.4000,0.000014
FILLER_65_457,VGND,li1,220.8000,190.4000,0.000019
FILLER_65_444,VGND,li1,214.5900,190.4000,0.000017
FILLER_65_436,VGND,li1,211.1400,190.4000,0.000015
FILLER_65_433,VGND,li1,209.9900,190.4000,0.000015
FILLER_65_393,VGND,li1,191.5900,190.4000,0.000013
FILLER_65_391,VGND,li1,190.2100,190.4000,0.000013
FILLER_65_388,VGND,li1,189.2900,190.4000,0.000013
FILLER_65_379,VGND,li1,184.6900,190.4000,0.000014
FILLER_65_369,VGND,li1,180.0900,190.4000,0.000016
FILLER_65_366,VGND,li1,179.1700,190.4000,0.000017
FILLER_65_363,VGND,li1,177.7900,190.4000,0.000017
FILLER_65_360,VGND,li1,176.4100,190.4000,0.000017
FILLER_65_337,VGND,li1,165.8300,190.4000,0.000013
FILLER_65_335,VGND,li1,164.4500,190.4000,0.000012
FILLER_65_313,VGND,li1,154.5600,190.4000,0.000010
FILLER_65_310,VGND,li1,153.4100,190.4000,0.000010
FILLER_65_296,VGND,li1,146.9700,190.4000,0.000008
FILLER_65_293,VGND,li1,145.5900,190.4000,0.000007
FILLER_65_290,VGND,li1,144.2100,190.4000,0.000007
FILLER_65_287,VGND,li1,142.8300,190.4000,0.000007
FILLER_65_284,VGND,li1,141.4500,190.4000,0.000007
FILLER_65_281,VGND,li1,140.0700,190.4000,0.000006
FILLER_65_278,VGND,li1,138.4600,190.4000,0.000005
FILLER_65_275,VGND,li1,137.3100,190.4000,0.000005
FILLER_65_252,VGND,li1,126.5000,190.4000,0.000006
FILLER_65_228,VGND,li1,115.6900,190.4000,0.000004
FILLER_65_225,VGND,li1,114.3100,190.4000,0.000004
FILLER_65_223,VGND,li1,112.9300,190.4000,0.000004
FILLER_65_220,VGND,li1,112.0100,190.4000,0.000003
FILLER_65_217,VGND,li1,110.6300,190.4000,0.000003
FILLER_65_214,VGND,li1,109.2500,190.4000,0.000002
FILLER_65_211,VGND,li1,107.8700,190.4000,0.000002
FILLER_65_208,VGND,li1,106.4900,190.4000,0.000002
FILLER_65_205,VGND,li1,105.1100,190.4000,0.000002
FILLER_65_199,VGND,li1,101.8900,190.4000,0.000002
FILLER_65_196,VGND,li1,100.9700,190.4000,0.000002
FILLER_65_193,VGND,li1,99.5900,190.4000,0.000002
FILLER_65_190,VGND,li1,98.2100,190.4000,0.000002
FILLER_65_187,VGND,li1,96.8300,190.4000,0.000002
FILLER_65_184,VGND,li1,95.4500,190.4000,0.000002
FILLER_65_181,VGND,li1,94.0700,190.4000,0.000002
FILLER_65_175,VGND,li1,90.8500,190.4000,0.000002
FILLER_65_172,VGND,li1,89.9300,190.4000,0.000002
FILLER_65_169,VGND,li1,88.5500,190.4000,0.000003
FILLER_65_165,VGND,li1,86.7100,190.4000,0.000003
FILLER_65_162,VGND,li1,85.3300,190.4000,0.000003
FILLER_65_159,VGND,li1,83.9500,190.4000,0.000003
FILLER_65_151,VGND,li1,79.8100,190.4000,0.000003
FILLER_65_148,VGND,li1,78.8900,190.4000,0.000003
FILLER_65_145,VGND,li1,77.5100,190.4000,0.000003
FILLER_65_142,VGND,li1,76.1300,190.4000,0.000003
FILLER_65_139,VGND,li1,74.7500,190.4000,0.000004
FILLER_65_136,VGND,li1,73.3700,190.4000,0.000004
FILLER_65_125,VGND,li1,68.3100,190.4000,0.000005
FILLER_65_122,VGND,li1,66.9300,190.4000,0.000005
FILLER_65_113,VGND,li1,62.3300,190.4000,0.000006
FILLER_65_109,VGND,li1,60.9500,190.4000,0.000006
FILLER_65_106,VGND,li1,59.5700,190.4000,0.000006
FILLER_65_87,VGND,li1,50.6000,190.4000,0.000005
FILLER_65_84,VGND,li1,49.4500,190.4000,0.000005
FILLER_65_75,VGND,li1,44.8500,190.4000,0.000007
FILLER_65_57,VGND,li1,36.5700,190.4000,0.000009
FILLER_65_54,VGND,li1,35.4200,190.4000,0.000009
FILLER_64_645,VGND,li1,307.5100,184.9600,0.000016
FILLER_64_641,VGND,li1,305.6700,184.9600,0.000016
FILLER_64_638,VGND,li1,304.2900,184.9600,0.000016
FILLER_64_635,VGND,li1,302.9100,184.9600,0.000016
FILLER_64_632,VGND,li1,301.5300,184.9600,0.000016
FILLER_64_629,VGND,li1,300.1500,184.9600,0.000016
FILLER_64_626,VGND,li1,298.7700,184.9600,0.000016
FILLER_64_623,VGND,li1,297.3900,184.9600,0.000016
FILLER_64_620,VGND,li1,296.0100,184.9600,0.000016
FILLER_64_617,VGND,li1,294.6300,184.9600,0.000016
FILLER_64_589,VGND,li1,281.2900,184.9600,0.000023
FILLER_64_578,VGND,li1,276.2300,184.9600,0.000021
FILLER_64_575,VGND,li1,275.3100,184.9600,0.000021
FILLER_64_572,VGND,li1,273.9300,184.9600,0.000021
FILLER_64_568,VGND,li1,271.6300,184.9600,0.000020
FILLER_64_559,VGND,li1,267.4900,184.9600,0.000018
FILLER_64_556,VGND,li1,266.5700,184.9600,0.000018
FILLER_64_553,VGND,li1,265.1900,184.9600,0.000017
FILLER_64_541,VGND,li1,259.2100,184.9600,0.000016
FILLER_64_536,VGND,li1,256.9100,184.9600,0.000019
FILLER_64_509,VGND,li1,244.9500,184.9600,0.000025
FILLER_64_506,VGND,li1,243.5700,184.9600,0.000023
FILLER_64_503,VGND,li1,242.1900,184.9600,0.000021
FILLER_64_500,VGND,li1,240.8100,184.9600,0.000021
FILLER_64_491,VGND,li1,236.2100,184.9600,0.000017
FILLER_64_488,VGND,li1,235.2900,184.9600,0.000017
FILLER_64_477,VGND,li1,230.0000,184.9600,0.000010
FILLER_64_475,VGND,li1,228.8500,184.9600,0.000010
FILLER_64_472,VGND,li1,227.9300,184.9600,0.000010
FILLER_64_438,VGND,li1,211.8300,184.9600,0.000009
FILLER_64_435,VGND,li1,210.9100,184.9600,0.000008
FILLER_64_432,VGND,li1,209.5300,184.9600,0.000008
FILLER_64_429,VGND,li1,208.1500,184.9600,0.000008
FILLER_64_426,VGND,li1,206.7700,184.9600,0.000007
FILLER_64_421,VGND,li1,204.0100,184.9600,0.000006
FILLER_64_419,VGND,li1,203.0900,184.9600,0.000006
FILLER_64_416,VGND,li1,202.1700,184.9600,0.000006
FILLER_64_413,VGND,li1,200.7900,184.9600,0.000006
FILLER_64_410,VGND,li1,199.4100,184.9600,0.000005
FILLER_64_407,VGND,li1,198.0300,184.9600,0.000005
FILLER_64_401,VGND,li1,195.0400,184.9600,0.000006
FILLER_64_398,VGND,li1,193.8900,184.9600,0.000006
FILLER_64_395,VGND,li1,192.5100,184.9600,0.000006
FILLER_64_392,VGND,li1,191.1300,184.9600,0.000006
FILLER_64_389,VGND,li1,189.7500,184.9600,0.000006
FILLER_64_386,VGND,li1,188.3700,184.9600,0.000006
FILLER_64_362,VGND,li1,177.1000,184.9600,0.000006
FILLER_64_359,VGND,li1,175.9500,184.9600,0.000005
FILLER_64_356,VGND,li1,174.5700,184.9600,0.000005
FILLER_64_337,VGND,li1,165.3700,184.9600,0.000003
FILLER_64_334,VGND,li1,164.4500,184.9600,0.000003
FILLER_64_331,VGND,li1,163.0700,184.9600,0.000003
FILLER_64_328,VGND,li1,161.6900,184.9600,0.000003
FILLER_64_325,VGND,li1,160.3100,184.9600,0.000002
FILLER_64_315,VGND,li1,155.4800,184.9600,0.000002
FILLER_64_312,VGND,li1,154.3300,184.9600,0.000002
FILLER_64_309,VGND,li1,152.9500,184.9600,0.000002
FILLER_64_300,VGND,li1,148.8100,184.9600,0.000002
FILLER_64_297,VGND,li1,147.4300,184.9600,0.000002
FILLER_64_294,VGND,li1,146.0500,184.9600,0.000002
FILLER_64_279,VGND,li1,139.1500,184.9600,0.000002
FILLER_64_276,VGND,li1,137.7700,184.9600,0.000002
FILLER_64_267,VGND,li1,133.1700,184.9600,0.000003
FILLER_64_238,VGND,li1,119.8300,184.9600,0.000004
FILLER_64_235,VGND,li1,118.9100,184.9600,0.000004
FILLER_64_226,VGND,li1,114.5400,184.9600,0.000003
FILLER_64_223,VGND,li1,113.3900,184.9600,0.000003
FILLER_64_220,VGND,li1,112.0100,184.9600,0.000003
FILLER_64_217,VGND,li1,110.6300,184.9600,0.000003
FILLER_64_214,VGND,li1,109.2500,184.9600,0.000003
FILLER_64_211,VGND,li1,107.8700,184.9600,0.000004
FILLER_64_208,VGND,li1,106.4900,184.9600,0.000004
FILLER_64_193,VGND,li1,99.5900,184.9600,0.000006
FILLER_64_190,VGND,li1,98.2100,184.9600,0.000007
FILLER_64_187,VGND,li1,96.8300,184.9600,0.000007
FILLER_64_184,VGND,li1,95.4500,184.9600,0.000008
FILLER_64_181,VGND,li1,94.0700,184.9600,0.000008
FILLER_64_178,VGND,li1,92.6900,184.9600,0.000008
FILLER_64_175,VGND,li1,91.3100,184.9600,0.000009
FILLER_64_172,VGND,li1,89.9300,184.9600,0.000009
FILLER_64_169,VGND,li1,88.5500,184.9600,0.000010
FILLER_64_166,VGND,li1,87.1700,184.9600,0.000010
FILLER_64_163,VGND,li1,85.7900,184.9600,0.000011
FILLER_64_160,VGND,li1,84.4100,184.9600,0.000011
FILLER_64_157,VGND,li1,83.0300,184.9600,0.000012
FILLER_64_154,VGND,li1,81.6500,184.9600,0.000012
FILLER_64_151,VGND,li1,80.2700,184.9600,0.000012
FILLER_64_148,VGND,li1,78.8900,184.9600,0.000012
FILLER_64_145,VGND,li1,77.5100,184.9600,0.000018
FILLER_64_137,VGND,li1,73.8300,184.9600,0.000022
FILLER_64_94,VGND,li1,53.5900,184.9600,0.000017
FILLER_64_85,VGND,li1,49.4500,184.9600,0.000011
FILLER_64_65,VGND,li1,40.4800,184.9600,0.000010
FILLER_64_62,VGND,li1,39.3300,184.9600,0.000009
FILLER_64_57,VGND,li1,36.5700,184.9600,0.000009
FILLER_64_54,VGND,li1,35.6500,184.9600,0.000008
FILLER_64_51,VGND,li1,34.2700,184.9600,0.000008
FILLER_64_48,VGND,li1,32.8900,184.9600,0.000008
FILLER_64_45,VGND,li1,31.5100,184.9600,0.000008
FILLER_64_35,VGND,li1,26.4500,184.9600,0.000006
FILLER_64_32,VGND,li1,25.5300,184.9600,0.000006
FILLER_64_29,VGND,li1,24.1500,184.9600,0.000005
FILLER_64_26,VGND,li1,22.5400,184.9600,0.000005
FILLER_64_23,VGND,li1,21.3900,184.9600,0.000005
FILLER_64_20,VGND,li1,20.0100,184.9600,0.000005
FILLER_63_647,VGND,li1,307.9700,184.9600,0.000016
FILLER_63_644,VGND,li1,307.0500,184.9600,0.000016
FILLER_63_641,VGND,li1,305.6700,184.9600,0.000016
FILLER_63_638,VGND,li1,304.2900,184.9600,0.000016
FILLER_63_635,VGND,li1,302.9100,184.9600,0.000016
FILLER_63_632,VGND,li1,301.5300,184.9600,0.000016
FILLER_63_629,VGND,li1,300.1500,184.9600,0.000016
FILLER_63_626,VGND,li1,298.7700,184.9600,0.000016
FILLER_63_623,VGND,li1,297.3900,184.9600,0.000016
FILLER_63_620,VGND,li1,296.0100,184.9600,0.000016
FILLER_63_617,VGND,li1,294.6300,184.9600,0.000016
FILLER_63_613,VGND,li1,292.7900,184.9600,0.000016
FILLER_63_610,VGND,li1,291.4100,184.9600,0.000016
FILLER_63_607,VGND,li1,290.0300,184.9600,0.000016
FILLER_63_573,VGND,li1,274.3900,184.9600,0.000021
FILLER_63_567,VGND,li1,271.4000,184.9600,0.000020
FILLER_63_564,VGND,li1,270.2500,184.9600,0.000019
FILLER_63_561,VGND,li1,268.8700,184.9600,0.000019
FILLER_63_559,VGND,li1,267.4900,184.9600,0.000018
FILLER_63_556,VGND,li1,266.5700,184.9600,0.000018
FILLER_63_553,VGND,li1,265.1900,184.9600,0.000017
FILLER_63_550,VGND,li1,263.8100,184.9600,0.000017
FILLER_63_545,VGND,li1,261.2800,184.9600,0.000017
FILLER_63_542,VGND,li1,260.1300,184.9600,0.000016
FILLER_63_511,VGND,li1,245.6400,184.9600,0.000025
FILLER_63_508,VGND,li1,244.4900,184.9600,0.000023
FILLER_63_505,VGND,li1,243.1100,184.9600,0.000023
FILLER_63_503,VGND,li1,241.7300,184.9600,0.000021
FILLER_63_481,VGND,li1,231.6100,184.9600,0.000012
FILLER_63_478,VGND,li1,230.6900,184.9600,0.000012
FILLER_63_475,VGND,li1,229.3100,184.9600,0.000010
FILLER_63_452,VGND,li1,218.5000,184.9600,0.000010
FILLER_63_449,VGND,li1,217.3500,184.9600,0.000010
FILLER_63_439,VGND,li1,212.2900,184.9600,0.000009
FILLER_63_436,VGND,li1,211.3700,184.9600,0.000008
FILLER_63_433,VGND,li1,209.9900,184.9600,0.000008
FILLER_63_399,VGND,li1,193.8900,184.9600,0.000006
FILLER_63_396,VGND,li1,192.9700,184.9600,0.000006
FILLER_63_393,VGND,li1,191.5900,184.9600,0.000006
FILLER_63_391,VGND,li1,190.2100,184.9600,0.000006
FILLER_63_379,VGND,li1,185.1500,184.9600,0.000006
FILLER_63_353,VGND,li1,172.9600,184.9600,0.000004
FILLER_63_350,VGND,li1,171.8100,184.9600,0.000004
FILLER_63_340,VGND,li1,166.7500,184.9600,0.000003
FILLER_63_337,VGND,li1,165.8300,184.9600,0.000003
FILLER_63_335,VGND,li1,164.4500,184.9600,0.000003
FILLER_63_332,VGND,li1,163.5300,184.9600,0.000003
FILLER_63_329,VGND,li1,162.1500,184.9600,0.000003
FILLER_63_320,VGND,li1,157.7800,184.9600,0.000002
FILLER_63_317,VGND,li1,156.6300,184.9600,0.000002
FILLER_63_314,VGND,li1,155.2500,184.9600,0.000002
FILLER_63_301,VGND,li1,148.8100,184.9600,0.000002
FILLER_63_298,VGND,li1,147.8900,184.9600,0.000002
FILLER_63_295,VGND,li1,146.5100,184.9600,0.000002
FILLER_63_277,VGND,li1,138.2300,184.9600,0.000002
FILLER_63_274,VGND,li1,136.8500,184.9600,0.000002
FILLER_63_271,VGND,li1,135.4700,184.9600,0.000002
FILLER_63_263,VGND,li1,131.3300,184.9600,0.000003
FILLER_63_260,VGND,li1,130.4100,184.9600,0.000003
FILLER_63_237,VGND,li1,119.6000,184.9600,0.000004
FILLER_63_234,VGND,li1,118.4500,184.9600,0.000004
FILLER_63_231,VGND,li1,117.0700,184.9600,0.000004
FILLER_63_213,VGND,li1,108.7900,184.9600,0.000003
FILLER_63_210,VGND,li1,107.4100,184.9600,0.000004
FILLER_63_207,VGND,li1,106.0300,184.9600,0.000004
FILLER_63_204,VGND,li1,104.6500,184.9600,0.000004
FILLER_63_194,VGND,li1,99.8200,184.9600,0.000006
FILLER_63_191,VGND,li1,98.6700,184.9600,0.000006
FILLER_63_188,VGND,li1,97.2900,184.9600,0.000007
FILLER_63_172,VGND,li1,89.9300,184.9600,0.000009
FILLER_63_169,VGND,li1,88.5500,184.9600,0.000010
FILLER_63_166,VGND,li1,86.9400,184.9600,0.000010
FILLER_63_163,VGND,li1,85.7900,184.9600,0.000011
FILLER_63_148,VGND,li1,78.8900,184.9600,0.000012
FILLER_63_111,VGND,li1,61.4100,184.9600,0.000024
FILLER_63_75,VGND,li1,45.0800,184.9600,0.000011
FILLER_63_72,VGND,li1,43.9300,184.9600,0.000010
FILLER_63_69,VGND,li1,42.5500,184.9600,0.000010
FILLER_63_60,VGND,li1,37.9500,184.9600,0.000009
FILLER_63_57,VGND,li1,37.0300,184.9600,0.000009
FILLER_63_45,VGND,li1,31.5100,184.9600,0.000008
FILLER_63_35,VGND,li1,26.6800,184.9600,0.000006
FILLER_63_32,VGND,li1,25.5300,184.9600,0.000006
FILLER_63_29,VGND,li1,24.1500,184.9600,0.000005
FILLER_63_26,VGND,li1,22.7700,184.9600,0.000005
FILLER_63_23,VGND,li1,21.3900,184.9600,0.000005
FILLER_63_20,VGND,li1,20.0100,184.9600,0.000005
FILLER_63_11,VGND,li1,15.4100,184.9600,0.000004
FILLER_62_645,VGND,li1,307.5100,179.5200,0.000004
FILLER_62_642,VGND,li1,305.9000,179.5200,0.000004
FILLER_62_639,VGND,li1,304.7500,179.5200,0.000004
FILLER_62_636,VGND,li1,303.3700,179.5200,0.000004
FILLER_62_633,VGND,li1,301.9900,179.5200,0.000004
FILLER_62_630,VGND,li1,300.6100,179.5200,0.000004
FILLER_62_627,VGND,li1,299.2300,179.5200,0.000004
FILLER_62_624,VGND,li1,297.8500,179.5200,0.000004
FILLER_62_621,VGND,li1,296.4700,179.5200,0.000004
FILLER_62_618,VGND,li1,295.0900,179.5200,0.000004
FILLER_62_615,VGND,li1,293.7100,179.5200,0.000004
FILLER_62_592,VGND,li1,282.9000,179.5200,0.000005
FILLER_62_587,VGND,li1,280.3700,179.5200,0.000006
FILLER_62_577,VGND,li1,275.7700,179.5200,0.000006
FILLER_62_574,VGND,li1,274.8500,179.5200,0.000006
FILLER_62_571,VGND,li1,273.4700,179.5200,0.000006
FILLER_62_557,VGND,li1,266.8000,179.5200,0.000005
FILLER_62_554,VGND,li1,265.6500,179.5200,0.000005
FILLER_62_531,VGND,li1,254.6100,179.5200,0.000004
FILLER_62_528,VGND,li1,253.6900,179.5200,0.000004
FILLER_62_518,VGND,li1,248.6300,179.5200,0.000004
FILLER_62_498,VGND,li1,239.8900,179.5200,0.000005
FILLER_62_495,VGND,li1,238.5100,179.5200,0.000005
FILLER_62_489,VGND,li1,235.7500,179.5200,0.000005
FILLER_62_486,VGND,li1,234.3700,179.5200,0.000005
FILLER_62_483,VGND,li1,232.9900,179.5200,0.000004
FILLER_62_480,VGND,li1,231.6100,179.5200,0.000004
FILLER_62_477,VGND,li1,230.2300,179.5200,0.000004
FILLER_62_466,VGND,li1,224.9400,179.5200,0.000004
FILLER_62_457,VGND,li1,220.5700,179.5200,0.000005
FILLER_62_454,VGND,li1,219.6500,179.5200,0.000005
FILLER_62_451,VGND,li1,218.2700,179.5200,0.000005
FILLER_62_402,VGND,li1,195.2700,179.5200,0.000002
FILLER_62_385,VGND,li1,187.4500,179.5200,0.000001
FILLER_62_382,VGND,li1,186.5300,179.5200,0.000001
FILLER_62_379,VGND,li1,185.1500,179.5200,0.000001
FILLER_62_376,VGND,li1,183.7700,179.5200,0.000001
FILLER_62_361,VGND,li1,176.8700,179.5200,0.000001
FILLER_62_353,VGND,li1,172.7300,179.5200,0.000001
FILLER_62_350,VGND,li1,171.8100,179.5200,0.000001
FILLER_62_347,VGND,li1,170.4300,179.5200,0.000001
FILLER_62_344,VGND,li1,169.0500,179.5200,0.000001
FILLER_62_341,VGND,li1,167.6700,179.5200,0.000001
FILLER_62_338,VGND,li1,166.2900,179.5200,0.000001
FILLER_62_335,VGND,li1,164.9100,179.5200,0.000002
FILLER_62_320,VGND,li1,158.0100,179.5200,0.000002
FILLER_62_317,VGND,li1,156.6300,179.5200,0.000002
FILLER_62_314,VGND,li1,155.2500,179.5200,0.000002
FILLER_62_306,VGND,li1,151.3400,179.5200,0.000003
FILLER_62_297,VGND,li1,146.9700,179.5200,0.000003
FILLER_62_294,VGND,li1,146.0500,179.5200,0.000003
FILLER_62_286,VGND,li1,141.9100,179.5200,0.000003
FILLER_62_264,VGND,li1,131.7900,179.5200,0.000003
FILLER_62_261,VGND,li1,130.8700,179.5200,0.000003
FILLER_62_250,VGND,li1,125.5800,179.5200,0.000002
FILLER_62_239,VGND,li1,120.7500,179.5200,0.000002
FILLER_62_236,VGND,li1,119.3700,179.5200,0.000002
FILLER_62_233,VGND,li1,117.9900,179.5200,0.000002
FILLER_62_230,VGND,li1,116.6100,179.5200,0.000002
FILLER_62_227,VGND,li1,115.2300,179.5200,0.000002
FILLER_62_224,VGND,li1,113.8500,179.5200,0.000002
FILLER_62_212,VGND,li1,108.1000,179.5200,0.000001
FILLER_62_209,VGND,li1,106.9500,179.5200,0.000001
FILLER_62_206,VGND,li1,105.5700,179.5200,0.000001
FILLER_62_197,VGND,li1,100.9700,179.5200,0.000002
FILLER_62_193,VGND,li1,99.5900,179.5200,0.000002
FILLER_62_190,VGND,li1,98.2100,179.5200,0.000002
FILLER_62_187,VGND,li1,96.8300,179.5200,0.000002
FILLER_62_181,VGND,li1,93.6100,179.5200,0.000002
FILLER_62_173,VGND,li1,90.3900,179.5200,0.000002
FILLER_62_170,VGND,li1,89.0100,179.5200,0.000003
FILLER_62_167,VGND,li1,87.6300,179.5200,0.000003
FILLER_62_157,VGND,li1,82.8000,179.5200,0.000003
FILLER_62_151,VGND,li1,79.8100,179.5200,0.000003
FILLER_62_144,VGND,li1,76.8200,179.5200,0.000004
FILLER_62_141,VGND,li1,75.6700,179.5200,0.000005
FILLER_62_138,VGND,li1,74.0600,179.5200,0.000005
FILLER_62_135,VGND,li1,72.9100,179.5200,0.000007
FILLER_62_116,VGND,li1,63.9400,179.5200,0.000006
FILLER_62_113,VGND,li1,62.7900,179.5200,0.000006
FILLER_62_110,VGND,li1,61.4100,179.5200,0.000006
FILLER_62_107,VGND,li1,60.0300,179.5200,0.000005
FILLER_62_104,VGND,li1,58.6500,179.5200,0.000005
FILLER_62_101,VGND,li1,57.2700,179.5200,0.000005
FILLER_62_85,VGND,li1,49.4500,179.5200,0.000003
FILLER_62_82,VGND,li1,48.3000,179.5200,0.000003
FILLER_62_79,VGND,li1,47.1500,179.5200,0.000003
FILLER_62_76,VGND,li1,45.7700,179.5200,0.000003
FILLER_62_73,VGND,li1,44.3900,179.5200,0.000003
FILLER_62_70,VGND,li1,43.0100,179.5200,0.000003
FILLER_62_67,VGND,li1,41.6300,179.5200,0.000003
FILLER_62_54,VGND,li1,35.6500,179.5200,0.000004
FILLER_62_25,VGND,li1,22.3100,179.5200,0.000004
FILLER_62_6,VGND,li1,13.5700,179.5200,0.000004
FILLER_62_3,VGND,li1,12.1900,179.5200,0.000004
FILLER_61_647,VGND,li1,307.9700,179.5200,0.000004
FILLER_61_644,VGND,li1,307.0500,179.5200,0.000004
FILLER_61_641,VGND,li1,305.6700,179.5200,0.000004
FILLER_61_638,VGND,li1,304.2900,179.5200,0.000004
FILLER_61_635,VGND,li1,302.9100,179.5200,0.000004
FILLER_61_632,VGND,li1,301.5300,179.5200,0.000004
FILLER_61_629,VGND,li1,300.1500,179.5200,0.000004
FILLER_61_626,VGND,li1,298.7700,179.5200,0.000004
FILLER_61_623,VGND,li1,297.3900,179.5200,0.000004
FILLER_61_620,VGND,li1,296.0100,179.5200,0.000004
FILLER_61_617,VGND,li1,294.6300,179.5200,0.000004
FILLER_61_615,VGND,li1,293.2500,179.5200,0.000004
FILLER_61_612,VGND,li1,292.3300,179.5200,0.000004
FILLER_61_609,VGND,li1,290.9500,179.5200,0.000004
FILLER_61_606,VGND,li1,289.5700,179.5200,0.000004
FILLER_61_602,VGND,li1,287.2700,179.5200,0.000004
FILLER_61_599,VGND,li1,286.3500,179.5200,0.000005
FILLER_61_596,VGND,li1,284.9700,179.5200,0.000005
FILLER_61_572,VGND,li1,273.9300,179.5200,0.000006
FILLER_61_569,VGND,li1,272.5500,179.5200,0.000006
FILLER_61_559,VGND,li1,267.4900,179.5200,0.000005
FILLER_61_556,VGND,li1,266.5700,179.5200,0.000005
FILLER_61_538,VGND,li1,258.0600,179.5200,0.000004
FILLER_61_535,VGND,li1,256.9100,179.5200,0.000004
FILLER_61_532,VGND,li1,255.5300,179.5200,0.000004
FILLER_61_523,VGND,li1,251.3900,179.5200,0.000004
FILLER_61_520,VGND,li1,250.0100,179.5200,0.000004
FILLER_61_517,VGND,li1,248.6300,179.5200,0.000004
FILLER_61_514,VGND,li1,247.2500,179.5200,0.000004
FILLER_61_511,VGND,li1,245.8700,179.5200,0.000004
FILLER_61_508,VGND,li1,244.4900,179.5200,0.000004
FILLER_61_505,VGND,li1,243.1100,179.5200,0.000005
FILLER_61_502,VGND,li1,241.5000,179.5200,0.000005
FILLER_61_478,VGND,li1,230.6900,179.5200,0.000004
FILLER_61_447,VGND,li1,215.9700,179.5200,0.000005
FILLER_61_444,VGND,li1,215.0500,179.5200,0.000005
FILLER_61_438,VGND,li1,212.2900,179.5200,0.000005
FILLER_61_435,VGND,li1,210.9100,179.5200,0.000005
FILLER_61_427,VGND,li1,207.2300,179.5200,0.000003
FILLER_61_424,VGND,li1,205.8500,179.5200,0.000003
FILLER_61_421,VGND,li1,204.4700,179.5200,0.000003
FILLER_61_418,VGND,li1,203.0900,179.5200,0.000002
FILLER_61_415,VGND,li1,201.7100,179.5200,0.000002
FILLER_61_411,VGND,li1,199.4100,179.5200,0.000002
FILLER_61_408,VGND,li1,198.4900,179.5200,0.000002
FILLER_61_405,VGND,li1,197.1100,179.5200,0.000002
FILLER_61_402,VGND,li1,195.7300,179.5200,0.000002
FILLER_61_399,VGND,li1,194.3500,179.5200,0.000002
FILLER_61_396,VGND,li1,192.9700,179.5200,0.000002
FILLER_61_393,VGND,li1,191.5900,179.5200,0.000002
FILLER_61_391,VGND,li1,190.2100,179.5200,0.000002
FILLER_61_388,VGND,li1,189.2900,179.5200,0.000002
FILLER_61_385,VGND,li1,187.9100,179.5200,0.000001
FILLER_61_382,VGND,li1,186.5300,179.5200,0.000001
FILLER_61_373,VGND,li1,181.9300,179.5200,0.000001
FILLER_61_370,VGND,li1,181.0100,179.5200,0.000001
FILLER_61_367,VGND,li1,179.6300,179.5200,0.000001
FILLER_61_364,VGND,li1,178.2500,179.5200,0.000001
FILLER_61_355,VGND,li1,173.6500,179.5200,0.000001
FILLER_61_352,VGND,li1,172.7300,179.5200,0.000001
FILLER_61_334,VGND,li1,164.2200,179.5200,0.000002
FILLER_61_331,VGND,li1,163.0700,179.5200,0.000002
FILLER_61_328,VGND,li1,161.6900,179.5200,0.000002
FILLER_61_325,VGND,li1,160.3100,179.5200,0.000002
FILLER_61_322,VGND,li1,158.9300,179.5200,0.000002
FILLER_61_319,VGND,li1,157.5500,179.5200,0.000002
FILLER_61_316,VGND,li1,156.1700,179.5200,0.000002
FILLER_61_313,VGND,li1,154.7900,179.5200,0.000003
FILLER_61_310,VGND,li1,153.4100,179.5200,0.000003
FILLER_61_307,VGND,li1,152.0300,179.5200,0.000003
FILLER_61_304,VGND,li1,150.6500,179.5200,0.000003
FILLER_61_281,VGND,li1,139.8400,179.5200,0.000003
FILLER_61_279,VGND,li1,138.6900,179.5200,0.000003
FILLER_61_273,VGND,li1,136.3900,179.5200,0.000003
FILLER_61_270,VGND,li1,135.0100,179.5200,0.000003
FILLER_61_259,VGND,li1,129.9500,179.5200,0.000002
FILLER_61_256,VGND,li1,128.5700,179.5200,0.000002
FILLER_61_253,VGND,li1,127.1900,179.5200,0.000002
FILLER_61_239,VGND,li1,120.7500,179.5200,0.000002
FILLER_61_234,VGND,li1,118.2200,179.5200,0.000002
FILLER_61_231,VGND,li1,117.0700,179.5200,0.000002
FILLER_61_228,VGND,li1,115.6900,179.5200,0.000002
FILLER_61_225,VGND,li1,114.3100,179.5200,0.000002
FILLER_61_223,VGND,li1,112.9300,179.5200,0.000001
FILLER_61_220,VGND,li1,112.0100,179.5200,0.000001
FILLER_61_214,VGND,li1,108.7900,179.5200,0.000001
FILLER_61_211,VGND,li1,107.8700,179.5200,0.000001
FILLER_61_208,VGND,li1,106.4900,179.5200,0.000001
FILLER_61_205,VGND,li1,105.1100,179.5200,0.000001
FILLER_61_200,VGND,li1,102.3500,179.5200,0.000002
FILLER_61_197,VGND,li1,101.4300,179.5200,0.000002
FILLER_61_194,VGND,li1,100.0500,179.5200,0.000002
FILLER_61_191,VGND,li1,98.6700,179.5200,0.000002
FILLER_61_188,VGND,li1,97.2900,179.5200,0.000002
FILLER_61_185,VGND,li1,95.9100,179.5200,0.000002
FILLER_61_178,VGND,li1,92.4600,179.5200,0.000002
FILLER_61_175,VGND,li1,91.3100,179.5200,0.000002
FILLER_61_172,VGND,li1,89.9300,179.5200,0.000003
FILLER_61_169,VGND,li1,88.5500,179.5200,0.000003
FILLER_61_167,VGND,li1,87.1700,179.5200,0.000003
FILLER_61_164,VGND,li1,86.2500,179.5200,0.000003
FILLER_61_161,VGND,li1,84.8700,179.5200,0.000003
FILLER_61_158,VGND,li1,83.4900,179.5200,0.000003
FILLER_61_155,VGND,li1,82.1100,179.5200,0.000003
FILLER_61_124,VGND,li1,67.6200,179.5200,0.000007
FILLER_61_121,VGND,li1,66.4700,179.5200,0.000007
FILLER_61_109,VGND,li1,60.9500,179.5200,0.000005
FILLER_61_106,VGND,li1,59.5700,179.5200,0.000005
FILLER_61_96,VGND,li1,54.7400,179.5200,0.000004
FILLER_61_93,VGND,li1,53.5900,179.5200,0.000004
FILLER_61_82,VGND,li1,48.5300,179.5200,0.000003
FILLER_61_79,VGND,li1,47.1500,179.5200,0.000003
FILLER_61_69,VGND,li1,42.0900,179.5200,0.000003
FILLER_61_66,VGND,li1,41.1700,179.5200,0.000003
FILLER_61_63,VGND,li1,39.7900,179.5200,0.000003
FILLER_61_60,VGND,li1,38.4100,179.5200,0.000003
FILLER_61_57,VGND,li1,37.0300,179.5200,0.000004
FILLER_61_37,VGND,li1,27.8300,179.5200,0.000004
FILLER_61_34,VGND,li1,26.4500,179.5200,0.000004
FILLER_61_6,VGND,li1,13.3400,179.5200,0.000004
FILLER_61_3,VGND,li1,12.1900,179.5200,0.000004
FILLER_60_645,VGND,li1,307.5100,174.0800,0.000003
FILLER_60_642,VGND,li1,305.9000,174.0800,0.000003
FILLER_60_639,VGND,li1,304.7500,174.0800,0.000003
FILLER_60_636,VGND,li1,303.3700,174.0800,0.000003
FILLER_60_633,VGND,li1,301.9900,174.0800,0.000003
FILLER_60_630,VGND,li1,300.6100,174.0800,0.000003
FILLER_60_627,VGND,li1,299.2300,174.0800,0.000003
FILLER_60_624,VGND,li1,297.8500,174.0800,0.000003
FILLER_60_621,VGND,li1,296.4700,174.0800,0.000003
FILLER_60_618,VGND,li1,295.0900,174.0800,0.000003
FILLER_60_615,VGND,li1,293.7100,174.0800,0.000003
FILLER_60_612,VGND,li1,292.3300,174.0800,0.000003
FILLER_60_609,VGND,li1,290.9500,174.0800,0.000003
FILLER_60_606,VGND,li1,289.5700,174.0800,0.000003
FILLER_60_603,VGND,li1,288.1900,174.0800,0.000003
FILLER_60_595,VGND,li1,284.2800,174.0800,0.000004
FILLER_60_592,VGND,li1,283.1300,174.0800,0.000004
FILLER_60_589,VGND,li1,281.7500,174.0800,0.000004
FILLER_60_586,VGND,li1,280.1400,174.0800,0.000004
FILLER_60_558,VGND,li1,267.4900,174.0800,0.000004
FILLER_60_555,VGND,li1,266.1100,174.0800,0.000004
FILLER_60_552,VGND,li1,264.7300,174.0800,0.000004
FILLER_60_549,VGND,li1,263.3500,174.0800,0.000003
FILLER_60_539,VGND,li1,258.5200,174.0800,0.000003
FILLER_60_536,VGND,li1,257.3700,174.0800,0.000003
FILLER_60_533,VGND,li1,255.9900,174.0800,0.000003
FILLER_60_527,VGND,li1,253.0000,174.0800,0.000003
FILLER_60_512,VGND,li1,245.8700,174.0800,0.000003
FILLER_60_509,VGND,li1,244.9500,174.0800,0.000003
FILLER_60_506,VGND,li1,243.5700,174.0800,0.000003
FILLER_60_503,VGND,li1,242.1900,174.0800,0.000003
FILLER_60_500,VGND,li1,240.8100,174.0800,0.000003
FILLER_60_488,VGND,li1,234.8300,174.0800,0.000002
FILLER_60_477,VGND,li1,230.0000,174.0800,0.000002
FILLER_60_473,VGND,li1,228.3900,174.0800,0.000002
FILLER_60_468,VGND,li1,225.8600,174.0800,0.000003
FILLER_60_465,VGND,li1,224.7100,174.0800,0.000003
FILLER_60_455,VGND,li1,219.6500,174.0800,0.000003
FILLER_60_452,VGND,li1,218.7300,174.0800,0.000003
FILLER_60_449,VGND,li1,217.3500,174.0800,0.000004
FILLER_60_446,VGND,li1,215.9700,174.0800,0.000004
FILLER_60_440,VGND,li1,213.2100,174.0800,0.000004
FILLER_60_437,VGND,li1,211.8300,174.0800,0.000005
FILLER_60_434,VGND,li1,210.4500,174.0800,0.000005
FILLER_60_427,VGND,li1,206.7700,174.0800,0.000004
FILLER_60_424,VGND,li1,205.8500,174.0800,0.000004
FILLER_60_421,VGND,li1,204.4700,174.0800,0.000004
FILLER_60_419,VGND,li1,203.0900,174.0800,0.000004
FILLER_60_416,VGND,li1,202.1700,174.0800,0.000004
FILLER_60_413,VGND,li1,200.7900,174.0800,0.000004
FILLER_60_410,VGND,li1,199.4100,174.0800,0.000003
FILLER_60_407,VGND,li1,198.0300,174.0800,0.000003
FILLER_60_404,VGND,li1,196.6500,174.0800,0.000004
FILLER_60_401,VGND,li1,195.2700,174.0800,0.000004
FILLER_60_398,VGND,li1,193.8900,174.0800,0.000005
FILLER_60_395,VGND,li1,192.5100,174.0800,0.000005
FILLER_60_392,VGND,li1,191.1300,174.0800,0.000005
FILLER_60_389,VGND,li1,189.7500,174.0800,0.000005
FILLER_60_386,VGND,li1,188.3700,174.0800,0.000005
FILLER_60_341,VGND,li1,167.4400,174.0800,0.000003
FILLER_60_338,VGND,li1,166.2900,174.0800,0.000003
FILLER_60_335,VGND,li1,164.9100,174.0800,0.000003
FILLER_60_332,VGND,li1,163.5300,174.0800,0.000003
FILLER_60_329,VGND,li1,162.1500,174.0800,0.000003
FILLER_60_320,VGND,li1,157.7800,174.0800,0.000002
FILLER_60_317,VGND,li1,156.6300,174.0800,0.000002
FILLER_60_298,VGND,li1,147.4300,174.0800,0.000002
FILLER_60_295,VGND,li1,146.5100,174.0800,0.000002
FILLER_60_286,VGND,li1,142.1400,174.0800,0.000002
FILLER_60_283,VGND,li1,140.9900,174.0800,0.000002
FILLER_60_280,VGND,li1,139.6100,174.0800,0.000002
FILLER_60_277,VGND,li1,138.2300,174.0800,0.000002
FILLER_60_274,VGND,li1,136.8500,174.0800,0.000002
FILLER_60_271,VGND,li1,135.4700,174.0800,0.000003
FILLER_60_268,VGND,li1,134.0900,174.0800,0.000003
FILLER_60_265,VGND,li1,132.7100,174.0800,0.000003
FILLER_60_262,VGND,li1,131.3300,174.0800,0.000003
FILLER_60_259,VGND,li1,129.9500,174.0800,0.000004
FILLER_60_256,VGND,li1,128.5700,174.0800,0.000004
FILLER_60_228,VGND,li1,115.6900,174.0800,0.000004
FILLER_60_225,VGND,li1,114.3100,174.0800,0.000004
FILLER_60_222,VGND,li1,112.9300,174.0800,0.000004
FILLER_60_219,VGND,li1,111.5500,174.0800,0.000003
FILLER_60_216,VGND,li1,110.1700,174.0800,0.000002
FILLER_60_213,VGND,li1,108.7900,174.0800,0.000002
FILLER_60_210,VGND,li1,107.4100,174.0800,0.000003
FILLER_60_194,VGND,li1,99.8200,174.0800,0.000003
FILLER_60_173,VGND,li1,90.3900,174.0800,0.000003
FILLER_60_165,VGND,li1,86.2500,174.0800,0.000003
FILLER_60_155,VGND,li1,81.8800,174.0800,0.000003
FILLER_60_152,VGND,li1,80.7300,174.0800,0.000003
FILLER_60_149,VGND,li1,79.3500,174.0800,0.000003
FILLER_60_141,VGND,li1,75.6700,174.0800,0.000005
FILLER_60_139,VGND,li1,74.2900,174.0800,0.000005
FILLER_60_129,VGND,li1,69.6900,174.0800,0.000006
FILLER_60_110,VGND,li1,61.1800,174.0800,0.000010
FILLER_60_107,VGND,li1,60.0300,174.0800,0.000010
FILLER_60_88,VGND,li1,51.0600,174.0800,0.000010
FILLER_60_85,VGND,li1,49.9100,174.0800,0.000010
FILLER_60_82,VGND,li1,48.3000,174.0800,0.000010
FILLER_60_79,VGND,li1,47.1500,174.0800,0.000013
FILLER_60_76,VGND,li1,45.7700,174.0800,0.000013
FILLER_60_63,VGND,li1,39.3300,174.0800,0.000020
FILLER_60_60,VGND,li1,38.4100,174.0800,0.000020
FILLER_60_57,VGND,li1,37.0300,174.0800,0.000023
FILLER_60_54,VGND,li1,35.6500,174.0800,0.000023
FILLER_60_32,VGND,li1,25.3000,174.0800,0.000025
FILLER_60_29,VGND,li1,24.1500,174.0800,0.000022
FILLER_59_647,VGND,li1,307.9700,174.0800,0.000003
FILLER_59_644,VGND,li1,307.0500,174.0800,0.000003
FILLER_59_641,VGND,li1,305.6700,174.0800,0.000003
FILLER_59_638,VGND,li1,304.2900,174.0800,0.000003
FILLER_59_635,VGND,li1,302.9100,174.0800,0.000003
FILLER_59_632,VGND,li1,301.5300,174.0800,0.000003
FILLER_59_629,VGND,li1,300.1500,174.0800,0.000003
FILLER_59_626,VGND,li1,298.7700,174.0800,0.000003
FILLER_59_623,VGND,li1,297.3900,174.0800,0.000003
FILLER_59_620,VGND,li1,296.0100,174.0800,0.000003
FILLER_59_617,VGND,li1,294.6300,174.0800,0.000003
FILLER_59_615,VGND,li1,293.2500,174.0800,0.000003
FILLER_59_612,VGND,li1,292.3300,174.0800,0.000003
FILLER_59_609,VGND,li1,290.9500,174.0800,0.000003
FILLER_59_606,VGND,li1,289.5700,174.0800,0.000003
FILLER_59_603,VGND,li1,288.1900,174.0800,0.000003
FILLER_59_550,VGND,li1,263.5800,174.0800,0.000003
FILLER_59_547,VGND,li1,262.4300,174.0800,0.000003
FILLER_59_516,VGND,li1,247.9400,174.0800,0.000003
FILLER_59_513,VGND,li1,246.7900,174.0800,0.000003
FILLER_59_502,VGND,li1,241.5000,174.0800,0.000003
FILLER_59_499,VGND,li1,240.3500,174.0800,0.000003
FILLER_59_473,VGND,li1,227.9300,174.0800,0.000002
FILLER_59_470,VGND,li1,227.0100,174.0800,0.000002
FILLER_59_461,VGND,li1,222.4100,174.0800,0.000003
FILLER_59_458,VGND,li1,221.4900,174.0800,0.000003
FILLER_59_455,VGND,li1,220.1100,174.0800,0.000003
FILLER_59_452,VGND,li1,218.7300,174.0800,0.000003
FILLER_59_449,VGND,li1,217.3500,174.0800,0.000004
FILLER_59_422,VGND,li1,204.7000,174.0800,0.000004
FILLER_59_389,VGND,li1,189.7500,174.0800,0.000005
FILLER_59_386,VGND,li1,188.3700,174.0800,0.000005
FILLER_59_376,VGND,li1,183.5400,174.0800,0.000006
FILLER_59_365,VGND,li1,178.4800,174.0800,0.000005
FILLER_59_362,VGND,li1,177.3300,174.0800,0.000005
FILLER_59_359,VGND,li1,175.9500,174.0800,0.000005
FILLER_59_356,VGND,li1,174.5700,174.0800,0.000005
FILLER_59_351,VGND,li1,172.0400,174.0800,0.000004
FILLER_59_348,VGND,li1,170.8900,174.0800,0.000004
FILLER_59_345,VGND,li1,169.5100,174.0800,0.000003
FILLER_59_334,VGND,li1,164.2200,174.0800,0.000003
FILLER_59_330,VGND,li1,162.1500,174.0800,0.000003
FILLER_59_327,VGND,li1,161.2300,174.0800,0.000003
FILLER_59_324,VGND,li1,159.8500,174.0800,0.000003
FILLER_59_321,VGND,li1,158.4700,174.0800,0.000003
FILLER_59_312,VGND,li1,154.3300,174.0800,0.000002
FILLER_59_309,VGND,li1,152.9500,174.0800,0.000002
FILLER_59_306,VGND,li1,151.5700,174.0800,0.000002
FILLER_59_303,VGND,li1,150.1900,174.0800,0.000002
FILLER_59_300,VGND,li1,148.8100,174.0800,0.000002
FILLER_59_297,VGND,li1,147.4300,174.0800,0.000002
FILLER_59_294,VGND,li1,146.0500,174.0800,0.000002
FILLER_59_279,VGND,li1,138.6900,174.0800,0.000002
FILLER_59_276,VGND,li1,137.7700,174.0800,0.000002
FILLER_59_272,VGND,li1,135.4700,174.0800,0.000003
FILLER_59_269,VGND,li1,134.5500,174.0800,0.000003
FILLER_59_266,VGND,li1,133.1700,174.0800,0.000003
FILLER_59_263,VGND,li1,131.7900,174.0800,0.000003
FILLER_59_259,VGND,li1,129.4900,174.0800,0.000004
FILLER_59_249,VGND,li1,125.1200,174.0800,0.000005
FILLER_59_246,VGND,li1,123.9700,174.0800,0.000005
FILLER_59_221,VGND,li1,112.4700,174.0800,0.000003
FILLER_59_218,VGND,li1,111.0900,174.0800,0.000003
FILLER_59_210,VGND,li1,106.9500,174.0800,0.000003
FILLER_59_207,VGND,li1,106.0300,174.0800,0.000003
FILLER_59_197,VGND,li1,101.4300,174.0800,0.000003
FILLER_59_194,VGND,li1,100.0500,174.0800,0.000003
FILLER_59_191,VGND,li1,98.6700,174.0800,0.000003
FILLER_59_188,VGND,li1,97.2900,174.0800,0.000003
FILLER_59_178,VGND,li1,92.6900,174.0800,0.000003
FILLER_59_175,VGND,li1,91.3100,174.0800,0.000003
FILLER_59_172,VGND,li1,89.9300,174.0800,0.000003
FILLER_59_169,VGND,li1,88.5500,174.0800,0.000003
FILLER_59_159,VGND,li1,83.7200,174.0800,0.000003
FILLER_59_156,VGND,li1,82.5700,174.0800,0.000003
FILLER_59_153,VGND,li1,81.1900,174.0800,0.000003
FILLER_59_150,VGND,li1,79.8100,174.0800,0.000003
FILLER_59_142,VGND,li1,75.6700,174.0800,0.000005
FILLER_59_139,VGND,li1,74.7500,174.0800,0.000005
FILLER_59_129,VGND,li1,69.9200,174.0800,0.000006
FILLER_59_103,VGND,li1,57.7300,174.0800,0.000010
FILLER_59_93,VGND,li1,53.3600,174.0800,0.000010
FILLER_59_74,VGND,li1,44.6200,174.0800,0.000015
FILLER_59_71,VGND,li1,43.4700,174.0800,0.000015
FILLER_59_68,VGND,li1,42.0900,174.0800,0.000018
FILLER_59_65,VGND,li1,40.7100,174.0800,0.000018
FILLER_59_57,VGND,li1,36.5700,174.0800,0.000023
FILLER_59_55,VGND,li1,35.6500,174.0800,0.000023
FILLER_59_52,VGND,li1,34.7300,174.0800,0.000025
FILLER_59_49,VGND,li1,33.3500,174.0800,0.000025
FILLER_59_31,VGND,li1,24.6100,174.0800,0.000022
FILLER_59_28,VGND,li1,23.6900,174.0800,0.000022
FILLER_59_11,VGND,li1,15.4100,174.0800,0.000014
FILLER_58_645,VGND,li1,307.5100,168.6400,0.000003
FILLER_58_643,VGND,li1,306.1300,168.6400,0.000003
FILLER_58_640,VGND,li1,305.2100,168.6400,0.000003
FILLER_58_637,VGND,li1,303.8300,168.6400,0.000003
FILLER_58_634,VGND,li1,302.4500,168.6400,0.000003
FILLER_58_631,VGND,li1,301.0700,168.6400,0.000003
FILLER_58_628,VGND,li1,299.6900,168.6400,0.000003
FILLER_58_625,VGND,li1,298.3100,168.6400,0.000003
FILLER_58_622,VGND,li1,296.9300,168.6400,0.000003
FILLER_58_619,VGND,li1,295.5500,168.6400,0.000003
FILLER_58_616,VGND,li1,294.1700,168.6400,0.000003
FILLER_58_593,VGND,li1,283.3600,168.6400,0.000004
FILLER_58_589,VGND,li1,281.2900,168.6400,0.000004
FILLER_58_578,VGND,li1,276.2300,168.6400,0.000004
FILLER_58_575,VGND,li1,275.3100,168.6400,0.000004
FILLER_58_533,VGND,li1,255.7600,168.6400,0.000006
FILLER_58_512,VGND,li1,246.3300,168.6400,0.000006
FILLER_58_502,VGND,li1,241.5000,168.6400,0.000006
FILLER_58_483,VGND,li1,232.5300,168.6400,0.000005
FILLER_58_480,VGND,li1,231.6100,168.6400,0.000005
FILLER_58_477,VGND,li1,230.2300,168.6400,0.000005
FILLER_58_474,VGND,li1,228.6200,168.6400,0.000004
FILLER_58_471,VGND,li1,227.4700,168.6400,0.000004
FILLER_58_468,VGND,li1,226.0900,168.6400,0.000004
FILLER_58_465,VGND,li1,224.7100,168.6400,0.000004
FILLER_58_462,VGND,li1,223.3300,168.6400,0.000005
FILLER_58_440,VGND,li1,212.7500,168.6400,0.000005
FILLER_58_437,VGND,li1,211.8300,168.6400,0.000005
FILLER_58_428,VGND,li1,207.2300,168.6400,0.000005
FILLER_58_417,VGND,li1,202.6300,168.6400,0.000004
FILLER_58_414,VGND,li1,201.2500,168.6400,0.000004
FILLER_58_403,VGND,li1,195.9600,168.6400,0.000004
FILLER_58_400,VGND,li1,194.8100,168.6400,0.000004
FILLER_58_394,VGND,li1,192.0500,168.6400,0.000004
FILLER_58_391,VGND,li1,190.6700,168.6400,0.000004
FILLER_58_388,VGND,li1,189.2900,168.6400,0.000004
FILLER_58_385,VGND,li1,187.9100,168.6400,0.000004
FILLER_58_382,VGND,li1,186.5300,168.6400,0.000004
FILLER_58_379,VGND,li1,185.1500,168.6400,0.000004
FILLER_58_374,VGND,li1,182.6200,168.6400,0.000004
FILLER_58_371,VGND,li1,181.4700,168.6400,0.000004
FILLER_58_368,VGND,li1,180.0900,168.6400,0.000004
FILLER_58_365,VGND,li1,178.7100,168.6400,0.000004
FILLER_58_361,VGND,li1,176.8700,168.6400,0.000004
FILLER_58_358,VGND,li1,175.4900,168.6400,0.000004
FILLER_58_355,VGND,li1,174.1100,168.6400,0.000004
FILLER_58_352,VGND,li1,172.7300,168.6400,0.000004
FILLER_58_348,VGND,li1,170.4300,168.6400,0.000004
FILLER_58_345,VGND,li1,169.5100,168.6400,0.000003
FILLER_58_342,VGND,li1,168.1300,168.6400,0.000003
FILLER_58_318,VGND,li1,157.0900,168.6400,0.000004
FILLER_58_315,VGND,li1,155.7100,168.6400,0.000004
FILLER_58_312,VGND,li1,154.3300,168.6400,0.000004
FILLER_58_309,VGND,li1,152.9500,168.6400,0.000004
FILLER_58_305,VGND,li1,151.1100,168.6400,0.000004
FILLER_58_302,VGND,li1,149.7300,168.6400,0.000004
FILLER_58_292,VGND,li1,145.1300,168.6400,0.000004
FILLER_58_289,VGND,li1,143.7500,168.6400,0.000003
FILLER_58_286,VGND,li1,142.3700,168.6400,0.000003
FILLER_58_262,VGND,li1,131.3300,168.6400,0.000004
FILLER_58_259,VGND,li1,129.9500,168.6400,0.000005
FILLER_58_256,VGND,li1,128.5700,168.6400,0.000005
FILLER_58_253,VGND,li1,127.1900,168.6400,0.000004
FILLER_58_250,VGND,li1,125.5800,168.6400,0.000004
FILLER_58_247,VGND,li1,124.4300,168.6400,0.000004
FILLER_58_244,VGND,li1,123.0500,168.6400,0.000004
FILLER_58_233,VGND,li1,117.9900,168.6400,0.000003
FILLER_58_230,VGND,li1,116.6100,168.6400,0.000003
FILLER_58_227,VGND,li1,115.2300,168.6400,0.000003
FILLER_58_224,VGND,li1,113.8500,168.6400,0.000002
FILLER_58_209,VGND,li1,106.4900,168.6400,0.000002
FILLER_58_206,VGND,li1,105.5700,168.6400,0.000002
FILLER_58_203,VGND,li1,104.1900,168.6400,0.000002
FILLER_58_200,VGND,li1,102.8100,168.6400,0.000002
FILLER_58_197,VGND,li1,101.4300,168.6400,0.000002
FILLER_58_193,VGND,li1,99.5900,168.6400,0.000002
FILLER_58_190,VGND,li1,98.2100,168.6400,0.000002
FILLER_58_187,VGND,li1,96.8300,168.6400,0.000002
FILLER_58_184,VGND,li1,95.4500,168.6400,0.000002
FILLER_58_181,VGND,li1,94.0700,168.6400,0.000002
FILLER_58_178,VGND,li1,92.6900,168.6400,0.000002
FILLER_58_175,VGND,li1,91.3100,168.6400,0.000002
FILLER_58_172,VGND,li1,89.9300,168.6400,0.000002
FILLER_58_169,VGND,li1,88.5500,168.6400,0.000002
FILLER_58_159,VGND,li1,83.9500,168.6400,0.000002
FILLER_58_156,VGND,li1,82.5700,168.6400,0.000002
FILLER_58_153,VGND,li1,81.1900,168.6400,0.000002
FILLER_58_150,VGND,li1,79.8100,168.6400,0.000002
FILLER_58_147,VGND,li1,78.4300,168.6400,0.000002
FILLER_58_144,VGND,li1,77.0500,168.6400,0.000003
FILLER_58_141,VGND,li1,75.6700,168.6400,0.000003
FILLER_58_121,VGND,li1,66.2400,168.6400,0.000005
FILLER_58_102,VGND,li1,57.5000,168.6400,0.000005
FILLER_58_99,VGND,li1,56.3500,168.6400,0.000005
FILLER_58_96,VGND,li1,54.9700,168.6400,0.000004
FILLER_58_93,VGND,li1,53.5900,168.6400,0.000004
FILLER_58_83,VGND,li1,48.5300,168.6400,0.000003
FILLER_58_80,VGND,li1,47.6100,168.6400,0.000004
FILLER_58_77,VGND,li1,46.2300,168.6400,0.000004
FILLER_58_74,VGND,li1,44.8500,168.6400,0.000004
FILLER_58_71,VGND,li1,43.4700,168.6400,0.000004
FILLER_58_68,VGND,li1,42.0900,168.6400,0.000004
FILLER_58_65,VGND,li1,40.7100,168.6400,0.000004
FILLER_58_62,VGND,li1,39.3300,168.6400,0.000004
FILLER_58_59,VGND,li1,37.9500,168.6400,0.000004
FILLER_58_56,VGND,li1,36.5700,168.6400,0.000004
FILLER_58_45,VGND,li1,31.2800,168.6400,0.000004
FILLER_58_42,VGND,li1,30.1300,168.6400,0.000004
FILLER_58_39,VGND,li1,28.7500,168.6400,0.000004
FILLER_58_29,VGND,li1,23.6900,168.6400,0.000004
FILLER_57_647,VGND,li1,307.9700,168.6400,0.000003
FILLER_57_644,VGND,li1,307.0500,168.6400,0.000003
FILLER_57_641,VGND,li1,305.6700,168.6400,0.000003
FILLER_57_638,VGND,li1,304.2900,168.6400,0.000003
FILLER_57_635,VGND,li1,302.9100,168.6400,0.000003
FILLER_57_632,VGND,li1,301.5300,168.6400,0.000003
FILLER_57_629,VGND,li1,300.1500,168.6400,0.000003
FILLER_57_626,VGND,li1,298.7700,168.6400,0.000003
FILLER_57_623,VGND,li1,297.3900,168.6400,0.000003
FILLER_57_620,VGND,li1,296.0100,168.6400,0.000003
FILLER_57_617,VGND,li1,294.6300,168.6400,0.000003
FILLER_57_615,VGND,li1,293.2500,168.6400,0.000003
FILLER_57_612,VGND,li1,292.3300,168.6400,0.000003
FILLER_57_609,VGND,li1,290.9500,168.6400,0.000003
FILLER_57_595,VGND,li1,284.5100,168.6400,0.000004
FILLER_57_592,VGND,li1,283.1300,168.6400,0.000004
FILLER_57_589,VGND,li1,281.7500,168.6400,0.000004
FILLER_57_583,VGND,li1,278.9900,168.6400,0.000004
FILLER_57_580,VGND,li1,277.6100,168.6400,0.000004
FILLER_57_577,VGND,li1,276.2300,168.6400,0.000004
FILLER_57_574,VGND,li1,274.8500,168.6400,0.000005
FILLER_57_571,VGND,li1,273.4700,168.6400,0.000005
FILLER_57_568,VGND,li1,272.0900,168.6400,0.000005
FILLER_57_561,VGND,li1,268.8700,168.6400,0.000005
FILLER_57_558,VGND,li1,267.2600,168.6400,0.000005
FILLER_57_545,VGND,li1,261.0500,168.6400,0.000005
FILLER_57_542,VGND,li1,260.1300,168.6400,0.000005
FILLER_57_503,VGND,li1,241.7300,168.6400,0.000006
FILLER_57_500,VGND,li1,240.8100,168.6400,0.000006
FILLER_57_497,VGND,li1,239.4300,168.6400,0.000005
FILLER_57_494,VGND,li1,238.0500,168.6400,0.000005
FILLER_57_491,VGND,li1,236.6700,168.6400,0.000005
FILLER_57_488,VGND,li1,235.2900,168.6400,0.000005
FILLER_57_465,VGND,li1,224.4800,168.6400,0.000004
FILLER_57_462,VGND,li1,223.3300,168.6400,0.000005
FILLER_57_459,VGND,li1,221.9500,168.6400,0.000005
FILLER_57_449,VGND,li1,217.1200,168.6400,0.000006
FILLER_57_447,VGND,li1,215.9700,168.6400,0.000006
FILLER_57_439,VGND,li1,212.5200,168.6400,0.000005
FILLER_57_436,VGND,li1,211.3700,168.6400,0.000005
FILLER_57_414,VGND,li1,200.7900,168.6400,0.000004
FILLER_57_411,VGND,li1,199.8700,168.6400,0.000003
FILLER_57_408,VGND,li1,198.4900,168.6400,0.000003
FILLER_57_405,VGND,li1,197.1100,168.6400,0.000003
FILLER_57_399,VGND,li1,194.3500,168.6400,0.000004
FILLER_57_396,VGND,li1,192.9700,168.6400,0.000004
FILLER_57_393,VGND,li1,191.5900,168.6400,0.000004
FILLER_57_391,VGND,li1,190.2100,168.6400,0.000004
FILLER_57_388,VGND,li1,189.2900,168.6400,0.000004
FILLER_57_385,VGND,li1,187.9100,168.6400,0.000004
FILLER_57_382,VGND,li1,186.5300,168.6400,0.000004
FILLER_57_377,VGND,li1,183.7700,168.6400,0.000004
FILLER_57_374,VGND,li1,182.8500,168.6400,0.000004
FILLER_57_363,VGND,li1,177.5600,168.6400,0.000004
FILLER_57_360,VGND,li1,176.4100,168.6400,0.000004
FILLER_57_337,VGND,li1,165.6000,168.6400,0.000004
FILLER_57_316,VGND,li1,155.9400,168.6400,0.000004
FILLER_57_313,VGND,li1,154.7900,168.6400,0.000004
FILLER_57_300,VGND,li1,148.5800,168.6400,0.000004
FILLER_57_290,VGND,li1,144.2100,168.6400,0.000003
FILLER_57_287,VGND,li1,142.8300,168.6400,0.000003
FILLER_57_281,VGND,li1,139.6100,168.6400,0.000003
FILLER_57_277,VGND,li1,138.2300,168.6400,0.000003
FILLER_57_274,VGND,li1,136.8500,168.6400,0.000004
FILLER_57_249,VGND,li1,124.8900,168.6400,0.000004
FILLER_57_246,VGND,li1,123.9700,168.6400,0.000004
FILLER_57_243,VGND,li1,122.5900,168.6400,0.000004
FILLER_57_237,VGND,li1,119.3700,168.6400,0.000003
FILLER_57_234,VGND,li1,118.4500,168.6400,0.000003
FILLER_57_231,VGND,li1,117.0700,168.6400,0.000003
FILLER_57_228,VGND,li1,115.6900,168.6400,0.000003
FILLER_57_225,VGND,li1,114.3100,168.6400,0.000002
FILLER_57_214,VGND,li1,109.0200,168.6400,0.000001
FILLER_57_211,VGND,li1,107.8700,168.6400,0.000001
FILLER_57_208,VGND,li1,106.4900,168.6400,0.000002
FILLER_57_205,VGND,li1,105.1100,168.6400,0.000002
FILLER_57_197,VGND,li1,101.4300,168.6400,0.000002
FILLER_57_194,VGND,li1,100.0500,168.6400,0.000002
FILLER_57_169,VGND,li1,88.5500,168.6400,0.000002
FILLER_57_157,VGND,li1,83.0300,168.6400,0.000002
FILLER_57_143,VGND,li1,76.1300,168.6400,0.000003
FILLER_57_140,VGND,li1,75.2100,168.6400,0.000004
FILLER_57_137,VGND,li1,73.8300,168.6400,0.000004
FILLER_57_125,VGND,li1,67.8500,168.6400,0.000005
FILLER_57_113,VGND,li1,62.7900,168.6400,0.000005
FILLER_57_111,VGND,li1,61.4100,168.6400,0.000005
FILLER_57_108,VGND,li1,60.4900,168.6400,0.000005
FILLER_57_105,VGND,li1,59.1100,168.6400,0.000005
FILLER_57_102,VGND,li1,57.7300,168.6400,0.000005
FILLER_57_99,VGND,li1,56.3500,168.6400,0.000005
FILLER_57_63,VGND,li1,39.5600,168.6400,0.000004
FILLER_57_60,VGND,li1,38.4100,168.6400,0.000004
FILLER_57_57,VGND,li1,37.0300,168.6400,0.000004
FILLER_57_46,VGND,li1,31.5100,168.6400,0.000004
FILLER_57_43,VGND,li1,30.5900,168.6400,0.000004
FILLER_57_40,VGND,li1,29.2100,168.6400,0.000004
FILLER_57_37,VGND,li1,27.8300,168.6400,0.000004
FILLER_57_34,VGND,li1,26.4500,168.6400,0.000004
FILLER_57_15,VGND,li1,17.4800,168.6400,0.000004
FILLER_57_12,VGND,li1,16.3300,168.6400,0.000004
FILLER_57_9,VGND,li1,14.9500,168.6400,0.000004
FILLER_57_6,VGND,li1,13.5700,168.6400,0.000004
FILLER_57_3,VGND,li1,12.1900,168.6400,0.000004
FILLER_56_645,VGND,li1,307.5100,163.2000,0.000004
FILLER_56_642,VGND,li1,305.9000,163.2000,0.000004
FILLER_56_639,VGND,li1,304.7500,163.2000,0.000004
FILLER_56_636,VGND,li1,303.3700,163.2000,0.000004
FILLER_56_633,VGND,li1,301.9900,163.2000,0.000004
FILLER_56_630,VGND,li1,300.6100,163.2000,0.000004
FILLER_56_627,VGND,li1,299.2300,163.2000,0.000004
FILLER_56_624,VGND,li1,297.8500,163.2000,0.000004
FILLER_56_621,VGND,li1,296.4700,163.2000,0.000004
FILLER_56_618,VGND,li1,295.0900,163.2000,0.000004
FILLER_56_615,VGND,li1,293.7100,163.2000,0.000004
FILLER_56_612,VGND,li1,292.3300,163.2000,0.000004
FILLER_56_589,VGND,li1,281.5200,163.2000,0.000006
FILLER_56_560,VGND,li1,268.4100,163.2000,0.000006
FILLER_56_557,VGND,li1,267.0300,163.2000,0.000006
FILLER_56_554,VGND,li1,265.6500,163.2000,0.000006
FILLER_56_551,VGND,li1,264.2700,163.2000,0.000006
FILLER_56_542,VGND,li1,259.6700,163.2000,0.000005
FILLER_56_539,VGND,li1,258.7500,163.2000,0.000004
FILLER_56_536,VGND,li1,257.3700,163.2000,0.000004
FILLER_56_533,VGND,li1,255.9900,163.2000,0.000004
FILLER_56_521,VGND,li1,250.2400,163.2000,0.000005
FILLER_56_518,VGND,li1,249.0900,163.2000,0.000005
FILLER_56_486,VGND,li1,234.3700,163.2000,0.000005
FILLER_56_483,VGND,li1,232.9900,163.2000,0.000004
FILLER_56_480,VGND,li1,231.6100,163.2000,0.000004
FILLER_56_474,VGND,li1,228.6200,163.2000,0.000003
FILLER_56_471,VGND,li1,227.4700,163.2000,0.000003
FILLER_56_468,VGND,li1,226.0900,163.2000,0.000003
FILLER_56_465,VGND,li1,224.7100,163.2000,0.000003
FILLER_56_454,VGND,li1,219.6500,163.2000,0.000003
FILLER_56_449,VGND,li1,217.1200,163.2000,0.000003
FILLER_56_446,VGND,li1,215.9700,163.2000,0.000003
FILLER_56_443,VGND,li1,214.5900,163.2000,0.000003
FILLER_56_419,VGND,li1,203.0900,163.2000,0.000002
FILLER_56_416,VGND,li1,202.1700,163.2000,0.000002
FILLER_56_413,VGND,li1,200.7900,163.2000,0.000002
FILLER_56_386,VGND,li1,188.1400,163.2000,0.000004
FILLER_56_374,VGND,li1,182.8500,163.2000,0.000004
FILLER_56_371,VGND,li1,181.4700,163.2000,0.000004
FILLER_56_368,VGND,li1,180.0900,163.2000,0.000004
FILLER_56_365,VGND,li1,178.7100,163.2000,0.000004
FILLER_56_362,VGND,li1,177.1000,163.2000,0.000004
FILLER_56_353,VGND,li1,172.7300,163.2000,0.000005
FILLER_56_342,VGND,li1,167.9000,163.2000,0.000005
FILLER_56_318,VGND,li1,157.0900,163.2000,0.000010
FILLER_56_315,VGND,li1,155.7100,163.2000,0.000010
FILLER_56_312,VGND,li1,154.3300,163.2000,0.000010
FILLER_56_309,VGND,li1,152.9500,163.2000,0.000011
FILLER_56_302,VGND,li1,149.2700,163.2000,0.000011
FILLER_56_299,VGND,li1,148.3500,163.2000,0.000011
FILLER_56_292,VGND,li1,144.9000,163.2000,0.000012
FILLER_56_277,VGND,li1,138.0000,163.2000,0.000013
FILLER_56_253,VGND,li1,127.1900,163.2000,0.000018
FILLER_56_250,VGND,li1,125.5800,163.2000,0.000018
FILLER_56_247,VGND,li1,124.4300,163.2000,0.000016
FILLER_56_244,VGND,li1,123.0500,163.2000,0.000016
FILLER_56_226,VGND,li1,114.7700,163.2000,0.000010
FILLER_56_223,VGND,li1,113.3900,163.2000,0.000009
FILLER_56_220,VGND,li1,112.0100,163.2000,0.000007
FILLER_56_210,VGND,li1,107.1800,163.2000,0.000005
FILLER_56_207,VGND,li1,106.0300,163.2000,0.000005
FILLER_56_204,VGND,li1,104.6500,163.2000,0.000005
FILLER_56_201,VGND,li1,103.2700,163.2000,0.000005
FILLER_56_193,VGND,li1,99.5900,163.2000,0.000004
FILLER_56_190,VGND,li1,98.2100,163.2000,0.000004
FILLER_56_187,VGND,li1,96.8300,163.2000,0.000004
FILLER_56_177,VGND,li1,92.2300,163.2000,0.000004
FILLER_56_174,VGND,li1,90.8500,163.2000,0.000004
FILLER_56_153,VGND,li1,80.9600,163.2000,0.000003
FILLER_56_144,VGND,li1,76.5900,163.2000,0.000003
FILLER_56_141,VGND,li1,75.6700,163.2000,0.000004
FILLER_56_138,VGND,li1,74.0600,163.2000,0.000004
FILLER_56_135,VGND,li1,72.9100,163.2000,0.000004
FILLER_56_132,VGND,li1,71.5300,163.2000,0.000005
FILLER_56_129,VGND,li1,70.1500,163.2000,0.000005
FILLER_56_126,VGND,li1,68.7700,163.2000,0.000005
FILLER_56_123,VGND,li1,67.3900,163.2000,0.000005
FILLER_56_120,VGND,li1,66.0100,163.2000,0.000005
FILLER_56_117,VGND,li1,64.6300,163.2000,0.000005
FILLER_56_114,VGND,li1,63.2500,163.2000,0.000005
FILLER_56_111,VGND,li1,61.8700,163.2000,0.000005
FILLER_56_108,VGND,li1,60.4900,163.2000,0.000005
FILLER_56_105,VGND,li1,59.1100,163.2000,0.000005
FILLER_56_102,VGND,li1,57.7300,163.2000,0.000005
FILLER_56_81,VGND,li1,48.0700,163.2000,0.000004
FILLER_56_78,VGND,li1,46.6900,163.2000,0.000005
FILLER_56_59,VGND,li1,37.7200,163.2000,0.000007
FILLER_56_56,VGND,li1,36.5700,163.2000,0.000007
FILLER_56_53,VGND,li1,35.1900,163.2000,0.000007
FILLER_56_43,VGND,li1,30.3600,163.2000,0.000007
FILLER_56_40,VGND,li1,29.2100,163.2000,0.000007
FILLER_56_37,VGND,li1,27.8300,163.2000,0.000007
FILLER_56_26,VGND,li1,22.5400,163.2000,0.000006
FILLER_56_23,VGND,li1,21.3900,163.2000,0.000006
FILLER_56_3,VGND,li1,12.1900,163.2000,0.000005
FILLER_55_647,VGND,li1,307.9700,163.2000,0.000004
FILLER_55_644,VGND,li1,307.0500,163.2000,0.000004
FILLER_55_641,VGND,li1,305.6700,163.2000,0.000004
FILLER_55_638,VGND,li1,304.2900,163.2000,0.000004
FILLER_55_635,VGND,li1,302.9100,163.2000,0.000004
FILLER_55_632,VGND,li1,301.5300,163.2000,0.000004
FILLER_55_629,VGND,li1,300.1500,163.2000,0.000004
FILLER_55_626,VGND,li1,298.7700,163.2000,0.000004
FILLER_55_623,VGND,li1,297.3900,163.2000,0.000004
FILLER_55_620,VGND,li1,296.0100,163.2000,0.000004
FILLER_55_617,VGND,li1,294.6300,163.2000,0.000004
FILLER_55_613,VGND,li1,292.7900,163.2000,0.000004
FILLER_55_610,VGND,li1,291.4100,163.2000,0.000004
FILLER_55_607,VGND,li1,290.0300,163.2000,0.000004
FILLER_55_604,VGND,li1,288.6500,163.2000,0.000004
FILLER_55_598,VGND,li1,285.8900,163.2000,0.000005
FILLER_55_591,VGND,li1,282.2100,163.2000,0.000006
FILLER_55_588,VGND,li1,281.2900,163.2000,0.000006
FILLER_55_579,VGND,li1,276.6900,163.2000,0.000006
FILLER_55_569,VGND,li1,272.0900,163.2000,0.000007
FILLER_55_538,VGND,li1,257.8300,163.2000,0.000004
FILLER_55_535,VGND,li1,256.9100,163.2000,0.000004
FILLER_55_532,VGND,li1,255.5300,163.2000,0.000005
FILLER_55_529,VGND,li1,254.1500,163.2000,0.000005
FILLER_55_526,VGND,li1,252.7700,163.2000,0.000005
FILLER_55_523,VGND,li1,251.3900,163.2000,0.000005
FILLER_55_520,VGND,li1,250.0100,163.2000,0.000005
FILLER_55_517,VGND,li1,248.6300,163.2000,0.000005
FILLER_55_514,VGND,li1,247.2500,163.2000,0.000005
FILLER_55_511,VGND,li1,245.8700,163.2000,0.000006
FILLER_55_508,VGND,li1,244.4900,163.2000,0.000006
FILLER_55_505,VGND,li1,243.1100,163.2000,0.000006
FILLER_55_480,VGND,li1,231.6100,163.2000,0.000004
FILLER_55_477,VGND,li1,230.2300,163.2000,0.000003
FILLER_55_474,VGND,li1,228.8500,163.2000,0.000003
FILLER_55_455,VGND,li1,220.1100,163.2000,0.000003
FILLER_55_452,VGND,li1,218.7300,163.2000,0.000003
FILLER_55_449,VGND,li1,217.3500,163.2000,0.000003
FILLER_55_444,VGND,li1,214.5900,163.2000,0.000003
FILLER_55_441,VGND,li1,213.6700,163.2000,0.000003
FILLER_55_438,VGND,li1,212.2900,163.2000,0.000003
FILLER_55_427,VGND,li1,207.2300,163.2000,0.000003
FILLER_55_424,VGND,li1,205.8500,163.2000,0.000003
FILLER_55_421,VGND,li1,204.4700,163.2000,0.000002
FILLER_55_418,VGND,li1,203.0900,163.2000,0.000002
FILLER_55_415,VGND,li1,201.7100,163.2000,0.000002
FILLER_55_396,VGND,li1,192.7400,163.2000,0.000004
FILLER_55_393,VGND,li1,191.5900,163.2000,0.000004
FILLER_55_390,VGND,li1,189.9800,163.2000,0.000004
FILLER_55_387,VGND,li1,188.8300,163.2000,0.000004
FILLER_55_384,VGND,li1,187.4500,163.2000,0.000004
FILLER_55_374,VGND,li1,182.3900,163.2000,0.000004
FILLER_55_371,VGND,li1,181.4700,163.2000,0.000004
FILLER_55_368,VGND,li1,180.0900,163.2000,0.000004
FILLER_55_352,VGND,li1,172.2700,163.2000,0.000005
FILLER_55_349,VGND,li1,171.3500,163.2000,0.000005
FILLER_55_346,VGND,li1,169.9700,163.2000,0.000005
FILLER_55_343,VGND,li1,168.5900,163.2000,0.000005
FILLER_55_340,VGND,li1,167.2100,163.2000,0.000005
FILLER_55_337,VGND,li1,165.8300,163.2000,0.000006
FILLER_55_334,VGND,li1,164.2200,163.2000,0.000008
FILLER_55_311,VGND,li1,153.6400,163.2000,0.000011
FILLER_55_308,VGND,li1,152.4900,163.2000,0.000011
FILLER_55_305,VGND,li1,151.1100,163.2000,0.000011
FILLER_55_302,VGND,li1,149.7300,163.2000,0.000011
FILLER_55_297,VGND,li1,146.9700,163.2000,0.000012
FILLER_55_294,VGND,li1,146.0500,163.2000,0.000012
FILLER_55_291,VGND,li1,144.6700,163.2000,0.000012
FILLER_55_281,VGND,li1,140.0700,163.2000,0.000013
FILLER_55_247,VGND,li1,124.4300,163.2000,0.000016
FILLER_55_244,VGND,li1,123.0500,163.2000,0.000016
FILLER_55_234,VGND,li1,118.2200,163.2000,0.000011
FILLER_55_231,VGND,li1,117.0700,163.2000,0.000011
FILLER_55_228,VGND,li1,115.6900,163.2000,0.000010
FILLER_55_225,VGND,li1,114.3100,163.2000,0.000009
FILLER_55_223,VGND,li1,112.9300,163.2000,0.000009
FILLER_55_220,VGND,li1,112.0100,163.2000,0.000007
FILLER_55_217,VGND,li1,110.6300,163.2000,0.000007
FILLER_55_214,VGND,li1,109.2500,163.2000,0.000005
FILLER_55_211,VGND,li1,107.8700,163.2000,0.000005
FILLER_55_208,VGND,li1,106.4900,163.2000,0.000005
FILLER_55_205,VGND,li1,105.1100,163.2000,0.000005
FILLER_55_202,VGND,li1,103.7300,163.2000,0.000005
FILLER_55_199,VGND,li1,102.3500,163.2000,0.000005
FILLER_55_196,VGND,li1,100.9700,163.2000,0.000004
FILLER_55_193,VGND,li1,99.5900,163.2000,0.000004
FILLER_55_190,VGND,li1,98.2100,163.2000,0.000004
FILLER_55_187,VGND,li1,96.8300,163.2000,0.000004
FILLER_55_184,VGND,li1,95.4500,163.2000,0.000004
FILLER_55_181,VGND,li1,94.0700,163.2000,0.000004
FILLER_55_178,VGND,li1,92.6900,163.2000,0.000004
FILLER_55_175,VGND,li1,91.3100,163.2000,0.000004
FILLER_55_172,VGND,li1,89.9300,163.2000,0.000004
FILLER_55_169,VGND,li1,88.5500,163.2000,0.000004
FILLER_55_165,VGND,li1,86.7100,163.2000,0.000003
FILLER_55_162,VGND,li1,85.3300,163.2000,0.000003
FILLER_55_159,VGND,li1,83.9500,163.2000,0.000003
FILLER_55_156,VGND,li1,82.5700,163.2000,0.000003
FILLER_55_153,VGND,li1,81.1900,163.2000,0.000003
FILLER_55_143,VGND,li1,76.5900,163.2000,0.000003
FILLER_55_140,VGND,li1,75.2100,163.2000,0.000004
FILLER_55_121,VGND,li1,66.2400,163.2000,0.000005
FILLER_55_110,VGND,li1,61.1800,163.2000,0.000005
FILLER_55_107,VGND,li1,60.0300,163.2000,0.000005
FILLER_55_104,VGND,li1,58.6500,163.2000,0.000005
FILLER_55_101,VGND,li1,57.2700,163.2000,0.000005
FILLER_55_86,VGND,li1,50.3700,163.2000,0.000005
FILLER_55_83,VGND,li1,48.9900,163.2000,0.000004
FILLER_55_80,VGND,li1,47.6100,163.2000,0.000004
FILLER_55_60,VGND,li1,38.4100,163.2000,0.000007
FILLER_55_57,VGND,li1,37.0300,163.2000,0.000007
FILLER_55_53,VGND,li1,35.1900,163.2000,0.000007
FILLER_54_645,VGND,li1,307.5100,157.7600,0.000002
FILLER_54_641,VGND,li1,305.6700,157.7600,0.000002
FILLER_54_638,VGND,li1,304.2900,157.7600,0.000002
FILLER_54_635,VGND,li1,302.9100,157.7600,0.000002
FILLER_54_632,VGND,li1,301.5300,157.7600,0.000002
FILLER_54_629,VGND,li1,300.1500,157.7600,0.000002
FILLER_54_626,VGND,li1,298.7700,157.7600,0.000002
FILLER_54_623,VGND,li1,297.3900,157.7600,0.000002
FILLER_54_620,VGND,li1,296.0100,157.7600,0.000002
FILLER_54_617,VGND,li1,294.6300,157.7600,0.000002
FILLER_54_614,VGND,li1,293.2500,157.7600,0.000002
FILLER_54_611,VGND,li1,291.8700,157.7600,0.000002
FILLER_54_608,VGND,li1,290.4900,157.7600,0.000002
FILLER_54_605,VGND,li1,289.1100,157.7600,0.000002
FILLER_54_602,VGND,li1,287.7300,157.7600,0.000002
FILLER_54_599,VGND,li1,286.3500,157.7600,0.000002
FILLER_54_592,VGND,li1,283.1300,157.7600,0.000003
FILLER_54_589,VGND,li1,281.7500,157.7600,0.000003
FILLER_54_585,VGND,li1,279.9100,157.7600,0.000003
FILLER_54_582,VGND,li1,278.5300,157.7600,0.000003
FILLER_54_579,VGND,li1,277.1500,157.7600,0.000003
FILLER_54_576,VGND,li1,275.7700,157.7600,0.000004
FILLER_54_554,VGND,li1,265.1900,157.7600,0.000003
FILLER_54_540,VGND,li1,258.9800,157.7600,0.000003
FILLER_54_537,VGND,li1,257.8300,157.7600,0.000003
FILLER_54_531,VGND,li1,254.6100,157.7600,0.000004
FILLER_54_507,VGND,li1,244.0300,157.7600,0.000005
FILLER_54_495,VGND,li1,238.5100,157.7600,0.000005
FILLER_54_491,VGND,li1,236.2100,157.7600,0.000005
FILLER_54_470,VGND,li1,226.7800,157.7600,0.000005
FILLER_54_467,VGND,li1,225.6300,157.7600,0.000005
FILLER_54_464,VGND,li1,224.2500,157.7600,0.000006
FILLER_54_433,VGND,li1,209.7600,157.7600,0.000012
FILLER_54_430,VGND,li1,208.6100,157.7600,0.000013
FILLER_54_421,VGND,li1,204.0100,157.7600,0.000014
FILLER_54_419,VGND,li1,203.0900,157.7600,0.000014
FILLER_54_397,VGND,li1,193.2000,157.7600,0.000020
FILLER_54_394,VGND,li1,192.0500,157.7600,0.000020
FILLER_54_391,VGND,li1,190.6700,157.7600,0.000020
FILLER_54_388,VGND,li1,189.2900,157.7600,0.000020
FILLER_54_385,VGND,li1,187.9100,157.7600,0.000020
FILLER_54_382,VGND,li1,186.5300,157.7600,0.000019
FILLER_54_379,VGND,li1,185.1500,157.7600,0.000019
FILLER_54_376,VGND,li1,183.7700,157.7600,0.000019
FILLER_54_373,VGND,li1,182.3900,157.7600,0.000019
FILLER_54_362,VGND,li1,177.1000,157.7600,0.000019
FILLER_54_340,VGND,li1,166.7500,157.7600,0.000022
FILLER_54_309,VGND,li1,152.4900,157.7600,0.000031
FILLER_54_306,VGND,li1,151.3400,157.7600,0.000028
FILLER_54_303,VGND,li1,150.1900,157.7600,0.000028
FILLER_54_300,VGND,li1,148.8100,157.7600,0.000024
FILLER_54_297,VGND,li1,147.4300,157.7600,0.000024
FILLER_54_294,VGND,li1,146.0500,157.7600,0.000021
FILLER_54_291,VGND,li1,144.6700,157.7600,0.000018
FILLER_54_288,VGND,li1,143.2900,157.7600,0.000018
FILLER_54_285,VGND,li1,141.9100,157.7600,0.000013
FILLER_54_282,VGND,li1,140.5300,157.7600,0.000013
FILLER_54_279,VGND,li1,139.1500,157.7600,0.000010
FILLER_54_276,VGND,li1,137.7700,157.7600,0.000010
FILLER_54_273,VGND,li1,136.3900,157.7600,0.000010
FILLER_54_270,VGND,li1,135.0100,157.7600,0.000009
FILLER_54_267,VGND,li1,133.6300,157.7600,0.000009
FILLER_54_261,VGND,li1,130.4100,157.7600,0.000008
FILLER_54_253,VGND,li1,127.1900,157.7600,0.000007
FILLER_54_251,VGND,li1,125.8100,157.7600,0.000007
FILLER_54_248,VGND,li1,124.8900,157.7600,0.000006
FILLER_54_245,VGND,li1,123.5100,157.7600,0.000006
FILLER_54_242,VGND,li1,122.1300,157.7600,0.000006
FILLER_54_239,VGND,li1,120.7500,157.7600,0.000005
FILLER_54_236,VGND,li1,119.3700,157.7600,0.000005
FILLER_54_233,VGND,li1,117.9900,157.7600,0.000004
FILLER_54_224,VGND,li1,113.6200,157.7600,0.000003
FILLER_54_221,VGND,li1,112.4700,157.7600,0.000003
FILLER_54_211,VGND,li1,107.8700,157.7600,0.000002
FILLER_54_208,VGND,li1,106.4900,157.7600,0.000002
FILLER_54_200,VGND,li1,102.3500,157.7600,0.000002
FILLER_54_197,VGND,li1,101.4300,157.7600,0.000002
FILLER_54_193,VGND,li1,99.5900,157.7600,0.000002
FILLER_54_190,VGND,li1,98.2100,157.7600,0.000002
FILLER_54_180,VGND,li1,93.6100,157.7600,0.000002
FILLER_54_159,VGND,li1,83.7200,157.7600,0.000002
FILLER_54_156,VGND,li1,82.5700,157.7600,0.000002
FILLER_54_153,VGND,li1,81.1900,157.7600,0.000002
FILLER_54_145,VGND,li1,77.0500,157.7600,0.000002
FILLER_54_138,VGND,li1,74.0600,157.7600,0.000003
FILLER_54_129,VGND,li1,69.6900,157.7600,0.000004
FILLER_54_126,VGND,li1,68.7700,157.7600,0.000004
FILLER_54_91,VGND,li1,52.4400,157.7600,0.000005
FILLER_54_88,VGND,li1,51.2900,157.7600,0.000005
FILLER_54_85,VGND,li1,49.9100,157.7600,0.000005
FILLER_54_74,VGND,li1,44.6200,157.7600,0.000006
FILLER_54_48,VGND,li1,32.4300,157.7600,0.000007
FILLER_54_45,VGND,li1,31.5100,157.7600,0.000007
FILLER_54_35,VGND,li1,26.4500,157.7600,0.000006
FILLER_54_32,VGND,li1,25.5300,157.7600,0.000006
FILLER_54_29,VGND,li1,24.1500,157.7600,0.000006
FILLER_54_26,VGND,li1,22.5400,157.7600,0.000005
FILLER_54_6,VGND,li1,13.5700,157.7600,0.000006
FILLER_54_3,VGND,li1,12.1900,157.7600,0.000006
FILLER_53_647,VGND,li1,307.9700,157.7600,0.000002
FILLER_53_644,VGND,li1,307.0500,157.7600,0.000002
FILLER_53_641,VGND,li1,305.6700,157.7600,0.000002
FILLER_53_638,VGND,li1,304.2900,157.7600,0.000002
FILLER_53_635,VGND,li1,302.9100,157.7600,0.000002
FILLER_53_632,VGND,li1,301.5300,157.7600,0.000002
FILLER_53_629,VGND,li1,300.1500,157.7600,0.000002
FILLER_53_626,VGND,li1,298.7700,157.7600,0.000002
FILLER_53_623,VGND,li1,297.3900,157.7600,0.000002
FILLER_53_620,VGND,li1,296.0100,157.7600,0.000002
FILLER_53_617,VGND,li1,294.6300,157.7600,0.000002
FILLER_53_614,VGND,li1,293.0200,157.7600,0.000002
FILLER_53_611,VGND,li1,291.8700,157.7600,0.000002
FILLER_53_608,VGND,li1,290.4900,157.7600,0.000002
FILLER_53_605,VGND,li1,289.1100,157.7600,0.000002
FILLER_53_602,VGND,li1,287.7300,157.7600,0.000002
FILLER_53_599,VGND,li1,286.3500,157.7600,0.000002
FILLER_53_592,VGND,li1,283.1300,157.7600,0.000003
FILLER_53_589,VGND,li1,281.7500,157.7600,0.000003
FILLER_53_586,VGND,li1,280.3700,157.7600,0.000003
FILLER_53_583,VGND,li1,278.9900,157.7600,0.000003
FILLER_53_580,VGND,li1,277.6100,157.7600,0.000003
FILLER_53_576,VGND,li1,275.3100,157.7600,0.000004
FILLER_53_573,VGND,li1,274.3900,157.7600,0.000004
FILLER_53_570,VGND,li1,273.0100,157.7600,0.000004
FILLER_53_550,VGND,li1,263.5800,157.7600,0.000003
FILLER_53_547,VGND,li1,262.4300,157.7600,0.000003
FILLER_53_544,VGND,li1,261.0500,157.7600,0.000003
FILLER_53_541,VGND,li1,259.6700,157.7600,0.000003
FILLER_53_538,VGND,li1,258.2900,157.7600,0.000003
FILLER_53_535,VGND,li1,256.9100,157.7600,0.000003
FILLER_53_521,VGND,li1,250.2400,157.7600,0.000005
FILLER_53_505,VGND,li1,243.1100,157.7600,0.000005
FILLER_53_503,VGND,li1,241.7300,157.7600,0.000005
FILLER_53_500,VGND,li1,240.8100,157.7600,0.000005
FILLER_53_497,VGND,li1,239.4300,157.7600,0.000005
FILLER_53_494,VGND,li1,238.0500,157.7600,0.000005
FILLER_53_491,VGND,li1,236.6700,157.7600,0.000005
FILLER_53_488,VGND,li1,235.2900,157.7600,0.000005
FILLER_53_485,VGND,li1,233.9100,157.7600,0.000005
FILLER_53_478,VGND,li1,230.6900,157.7600,0.000004
FILLER_53_472,VGND,li1,227.7000,157.7600,0.000004
FILLER_53_469,VGND,li1,226.5500,157.7600,0.000005
FILLER_53_466,VGND,li1,225.1700,157.7600,0.000006
FILLER_53_463,VGND,li1,223.7900,157.7600,0.000006
FILLER_53_460,VGND,li1,222.4100,157.7600,0.000008
FILLER_53_457,VGND,li1,221.0300,157.7600,0.000008
FILLER_53_446,VGND,li1,215.7400,157.7600,0.000011
FILLER_53_434,VGND,li1,210.4500,157.7600,0.000012
FILLER_53_431,VGND,li1,209.0700,157.7600,0.000013
FILLER_53_428,VGND,li1,207.6900,157.7600,0.000013
FILLER_53_425,VGND,li1,206.3100,157.7600,0.000014
FILLER_53_422,VGND,li1,204.9300,157.7600,0.000014
FILLER_53_419,VGND,li1,203.5500,157.7600,0.000014
FILLER_53_399,VGND,li1,194.1200,157.7600,0.000020
FILLER_53_396,VGND,li1,192.9700,157.7600,0.000020
FILLER_53_381,VGND,li1,185.8400,157.7600,0.000019
FILLER_53_378,VGND,li1,184.6900,157.7600,0.000019
FILLER_53_375,VGND,li1,183.3100,157.7600,0.000019
FILLER_53_372,VGND,li1,181.9300,157.7600,0.000019
FILLER_53_363,VGND,li1,177.5600,157.7600,0.000019
FILLER_53_353,VGND,li1,172.9600,157.7600,0.000019
FILLER_53_343,VGND,li1,168.1300,157.7600,0.000022
FILLER_53_340,VGND,li1,167.2100,157.7600,0.000022
FILLER_53_333,VGND,li1,163.9900,157.7600,0.000030
FILLER_53_328,VGND,li1,161.4600,157.7600,0.000035
FILLER_53_325,VGND,li1,160.3100,157.7600,0.000035
FILLER_53_322,VGND,li1,158.9300,157.7600,0.000040
FILLER_53_319,VGND,li1,157.5500,157.7600,0.000040
FILLER_53_311,VGND,li1,153.4100,157.7600,0.000031
FILLER_53_308,VGND,li1,152.4900,157.7600,0.000031
FILLER_53_281,VGND,li1,139.6100,157.7600,0.000010
FILLER_53_279,VGND,li1,138.6900,157.7600,0.000010
FILLER_53_267,VGND,li1,133.6300,157.7600,0.000009
FILLER_53_264,VGND,li1,132.2500,157.7600,0.000008
FILLER_53_261,VGND,li1,130.8700,157.7600,0.000008
FILLER_53_258,VGND,li1,129.4900,157.7600,0.000008
FILLER_53_255,VGND,li1,128.1100,157.7600,0.000007
FILLER_53_252,VGND,li1,126.7300,157.7600,0.000007
FILLER_53_249,VGND,li1,125.3500,157.7600,0.000007
FILLER_53_246,VGND,li1,123.9700,157.7600,0.000006
FILLER_53_243,VGND,li1,122.5900,157.7600,0.000006
FILLER_53_240,VGND,li1,121.2100,157.7600,0.000006
FILLER_53_237,VGND,li1,119.8300,157.7600,0.000005
FILLER_53_225,VGND,li1,114.3100,157.7600,0.000004
FILLER_53_223,VGND,li1,112.9300,157.7600,0.000003
FILLER_53_220,VGND,li1,112.0100,157.7600,0.000003
FILLER_53_214,VGND,li1,108.7900,157.7600,0.000002
FILLER_53_211,VGND,li1,107.8700,157.7600,0.000002
FILLER_53_208,VGND,li1,106.4900,157.7600,0.000002
FILLER_53_205,VGND,li1,105.1100,157.7600,0.000002
FILLER_53_196,VGND,li1,100.5100,157.7600,0.000002
FILLER_53_193,VGND,li1,99.5900,157.7600,0.000002
FILLER_53_190,VGND,li1,98.2100,157.7600,0.000002
FILLER_53_187,VGND,li1,96.8300,157.7600,0.000002
FILLER_53_184,VGND,li1,95.4500,157.7600,0.000002
FILLER_53_181,VGND,li1,94.0700,157.7600,0.000002
FILLER_53_178,VGND,li1,92.6900,157.7600,0.000002
FILLER_53_175,VGND,li1,91.3100,157.7600,0.000002
FILLER_53_172,VGND,li1,89.9300,157.7600,0.000002
FILLER_53_169,VGND,li1,88.5500,157.7600,0.000002
FILLER_53_165,VGND,li1,86.7100,157.7600,0.000002
FILLER_53_162,VGND,li1,85.3300,157.7600,0.000002
FILLER_53_159,VGND,li1,83.9500,157.7600,0.000002
FILLER_53_156,VGND,li1,82.5700,157.7600,0.000002
FILLER_53_153,VGND,li1,81.1900,157.7600,0.000002
FILLER_53_150,VGND,li1,79.8100,157.7600,0.000002
FILLER_53_147,VGND,li1,78.4300,157.7600,0.000002
FILLER_53_144,VGND,li1,77.0500,157.7600,0.000002
FILLER_53_141,VGND,li1,75.6700,157.7600,0.000003
FILLER_53_138,VGND,li1,74.2900,157.7600,0.000003
FILLER_53_128,VGND,li1,69.4600,157.7600,0.000004
FILLER_53_125,VGND,li1,68.3100,157.7600,0.000004
FILLER_53_122,VGND,li1,66.9300,157.7600,0.000004
FILLER_53_113,VGND,li1,62.3300,157.7600,0.000005
FILLER_53_111,VGND,li1,61.4100,157.7600,0.000005
FILLER_53_108,VGND,li1,60.4900,157.7600,0.000006
FILLER_53_105,VGND,li1,59.1100,157.7600,0.000006
FILLER_53_87,VGND,li1,50.3700,157.7600,0.000005
FILLER_53_84,VGND,li1,49.4500,157.7600,0.000005
FILLER_53_74,VGND,li1,44.6200,157.7600,0.000006
FILLER_53_55,VGND,li1,35.6500,157.7600,0.000008
FILLER_53_52,VGND,li1,34.7300,157.7600,0.000007
FILLER_53_49,VGND,li1,33.3500,157.7600,0.000007
FILLER_53_31,VGND,li1,24.8400,157.7600,0.000006
FILLER_53_28,VGND,li1,23.6900,157.7600,0.000006
FILLER_52_645,VGND,li1,307.5100,152.3200,0.000003
FILLER_52_642,VGND,li1,305.9000,152.3200,0.000003
FILLER_52_639,VGND,li1,304.7500,152.3200,0.000003
FILLER_52_636,VGND,li1,303.3700,152.3200,0.000003
FILLER_52_633,VGND,li1,301.9900,152.3200,0.000003
FILLER_52_630,VGND,li1,300.6100,152.3200,0.000003
FILLER_52_627,VGND,li1,299.2300,152.3200,0.000003
FILLER_52_624,VGND,li1,297.8500,152.3200,0.000003
FILLER_52_621,VGND,li1,296.4700,152.3200,0.000003
FILLER_52_618,VGND,li1,295.0900,152.3200,0.000003
FILLER_52_615,VGND,li1,293.7100,152.3200,0.000003
FILLER_52_612,VGND,li1,292.3300,152.3200,0.000003
FILLER_52_589,VGND,li1,281.5200,152.3200,0.000005
FILLER_52_563,VGND,li1,269.3300,152.3200,0.000006
FILLER_52_539,VGND,li1,258.7500,152.3200,0.000004
FILLER_52_536,VGND,li1,257.3700,152.3200,0.000004
FILLER_52_519,VGND,li1,249.3200,152.3200,0.000004
FILLER_52_516,VGND,li1,248.1700,152.3200,0.000004
FILLER_52_496,VGND,li1,238.9700,152.3200,0.000003
FILLER_52_493,VGND,li1,237.5900,152.3200,0.000003
FILLER_52_490,VGND,li1,236.2100,152.3200,0.000003
FILLER_52_487,VGND,li1,234.8300,152.3200,0.000003
FILLER_52_477,VGND,li1,229.7700,152.3200,0.000002
FILLER_52_452,VGND,li1,218.7300,152.3200,0.000003
FILLER_52_449,VGND,li1,217.3500,152.3200,0.000003
FILLER_52_446,VGND,li1,215.9700,152.3200,0.000003
FILLER_52_443,VGND,li1,214.5900,152.3200,0.000003
FILLER_52_433,VGND,li1,209.5300,152.3200,0.000002
FILLER_52_430,VGND,li1,208.6100,152.3200,0.000002
FILLER_52_427,VGND,li1,207.2300,152.3200,0.000002
FILLER_52_424,VGND,li1,205.8500,152.3200,0.000002
FILLER_52_421,VGND,li1,204.4700,152.3200,0.000002
FILLER_52_418,VGND,li1,202.8600,152.3200,0.000002
FILLER_52_415,VGND,li1,201.7100,152.3200,0.000002
FILLER_52_412,VGND,li1,200.3300,152.3200,0.000002
FILLER_52_374,VGND,li1,182.3900,152.3200,0.000003
FILLER_52_371,VGND,li1,181.4700,152.3200,0.000003
FILLER_52_368,VGND,li1,180.0900,152.3200,0.000003
FILLER_52_365,VGND,li1,178.7100,152.3200,0.000003
FILLER_52_352,VGND,li1,172.7300,152.3200,0.000003
FILLER_52_349,VGND,li1,171.3500,152.3200,0.000003
FILLER_52_346,VGND,li1,169.9700,152.3200,0.000003
FILLER_52_315,VGND,li1,155.7100,152.3200,0.000005
FILLER_52_312,VGND,li1,154.3300,152.3200,0.000005
FILLER_52_309,VGND,li1,152.9500,152.3200,0.000004
FILLER_52_306,VGND,li1,151.3400,152.3200,0.000004
FILLER_52_303,VGND,li1,150.1900,152.3200,0.000004
FILLER_52_292,VGND,li1,145.1300,152.3200,0.000003
FILLER_52_289,VGND,li1,143.7500,152.3200,0.000003
FILLER_52_286,VGND,li1,142.3700,152.3200,0.000002
FILLER_52_283,VGND,li1,140.9900,152.3200,0.000002
FILLER_52_277,VGND,li1,137.7700,152.3200,0.000002
FILLER_52_274,VGND,li1,136.8500,152.3200,0.000002
FILLER_52_265,VGND,li1,132.2500,152.3200,0.000003
FILLER_52_262,VGND,li1,131.3300,152.3200,0.000003
FILLER_52_256,VGND,li1,128.3400,152.3200,0.000003
FILLER_52_253,VGND,li1,127.1900,152.3200,0.000003
FILLER_52_244,VGND,li1,122.5900,152.3200,0.000003
FILLER_52_241,VGND,li1,121.6700,152.3200,0.000003
FILLER_52_238,VGND,li1,120.2900,152.3200,0.000003
FILLER_52_228,VGND,li1,115.4600,152.3200,0.000002
FILLER_52_225,VGND,li1,114.3100,152.3200,0.000002
FILLER_52_222,VGND,li1,112.9300,152.3200,0.000002
FILLER_52_219,VGND,li1,111.5500,152.3200,0.000001
FILLER_52_216,VGND,li1,110.1700,152.3200,0.000001
FILLER_52_213,VGND,li1,108.7900,152.3200,0.000001
FILLER_52_210,VGND,li1,107.4100,152.3200,0.000001
FILLER_52_207,VGND,li1,106.0300,152.3200,0.000001
FILLER_52_204,VGND,li1,104.6500,152.3200,0.000001
FILLER_52_195,VGND,li1,100.0500,152.3200,0.000001
FILLER_52_192,VGND,li1,99.1300,152.3200,0.000001
FILLER_52_189,VGND,li1,97.7500,152.3200,0.000001
FILLER_52_186,VGND,li1,96.3700,152.3200,0.000001
FILLER_52_183,VGND,li1,94.9900,152.3200,0.000001
FILLER_52_180,VGND,li1,93.6100,152.3200,0.000001
FILLER_52_177,VGND,li1,92.2300,152.3200,0.000001
FILLER_52_174,VGND,li1,90.8500,152.3200,0.000001
FILLER_52_171,VGND,li1,89.4700,152.3200,0.000001
FILLER_52_168,VGND,li1,88.0900,152.3200,0.000001
FILLER_52_158,VGND,li1,83.2600,152.3200,0.000001
FILLER_52_155,VGND,li1,82.1100,152.3200,0.000001
FILLER_52_152,VGND,li1,80.7300,152.3200,0.000001
FILLER_52_149,VGND,li1,79.3500,152.3200,0.000001
FILLER_52_146,VGND,li1,77.9700,152.3200,0.000001
FILLER_52_141,VGND,li1,75.4400,152.3200,0.000002
FILLER_52_139,VGND,li1,74.2900,152.3200,0.000002
FILLER_52_136,VGND,li1,73.3700,152.3200,0.000002
FILLER_52_133,VGND,li1,71.9900,152.3200,0.000002
FILLER_52_130,VGND,li1,70.6100,152.3200,0.000003
FILLER_52_127,VGND,li1,69.2300,152.3200,0.000003
FILLER_52_124,VGND,li1,67.8500,152.3200,0.000003
FILLER_52_97,VGND,li1,54.9700,152.3200,0.000004
FILLER_52_94,VGND,li1,54.0500,152.3200,0.000004
FILLER_52_91,VGND,li1,52.6700,152.3200,0.000004
FILLER_52_88,VGND,li1,51.2900,152.3200,0.000004
FILLER_52_85,VGND,li1,49.9100,152.3200,0.000004
FILLER_52_66,VGND,li1,40.7100,152.3200,0.000005
FILLER_52_57,VGND,li1,36.5700,152.3200,0.000006
FILLER_52_29,VGND,li1,24.1500,152.3200,0.000006
FILLER_52_19,VGND,li1,19.0900,152.3200,0.000004
FILLER_51_647,VGND,li1,307.9700,152.3200,0.000003
FILLER_51_644,VGND,li1,307.0500,152.3200,0.000003
FILLER_51_641,VGND,li1,305.6700,152.3200,0.000003
FILLER_51_638,VGND,li1,304.2900,152.3200,0.000003
FILLER_51_635,VGND,li1,302.9100,152.3200,0.000003
FILLER_51_632,VGND,li1,301.5300,152.3200,0.000003
FILLER_51_629,VGND,li1,300.1500,152.3200,0.000003
FILLER_51_626,VGND,li1,298.7700,152.3200,0.000003
FILLER_51_623,VGND,li1,297.3900,152.3200,0.000003
FILLER_51_620,VGND,li1,296.0100,152.3200,0.000003
FILLER_51_617,VGND,li1,294.6300,152.3200,0.000003
FILLER_51_614,VGND,li1,293.0200,152.3200,0.000003
FILLER_51_611,VGND,li1,291.8700,152.3200,0.000003
FILLER_51_608,VGND,li1,290.4900,152.3200,0.000003
FILLER_51_605,VGND,li1,289.1100,152.3200,0.000003
FILLER_51_587,VGND,li1,280.3700,152.3200,0.000006
FILLER_51_584,VGND,li1,279.4500,152.3200,0.000006
FILLER_51_572,VGND,li1,273.9300,152.3200,0.000006
FILLER_51_569,VGND,li1,272.5500,152.3200,0.000006
FILLER_51_558,VGND,li1,267.2600,152.3200,0.000006
FILLER_51_555,VGND,li1,266.1100,152.3200,0.000006
FILLER_51_552,VGND,li1,264.7300,152.3200,0.000006
FILLER_51_542,VGND,li1,259.6700,152.3200,0.000004
FILLER_51_539,VGND,li1,258.7500,152.3200,0.000004
FILLER_51_508,VGND,li1,244.0300,152.3200,0.000004
FILLER_51_505,VGND,li1,243.1100,152.3200,0.000004
FILLER_51_503,VGND,li1,241.7300,152.3200,0.000003
FILLER_51_500,VGND,li1,240.8100,152.3200,0.000003
FILLER_51_480,VGND,li1,231.6100,152.3200,0.000003
FILLER_51_477,VGND,li1,230.2300,152.3200,0.000002
FILLER_51_464,VGND,li1,224.0200,152.3200,0.000003
FILLER_51_457,VGND,li1,220.5700,152.3200,0.000003
FILLER_51_443,VGND,li1,214.3600,152.3200,0.000003
FILLER_51_440,VGND,li1,213.2100,152.3200,0.000003
FILLER_51_437,VGND,li1,211.8300,152.3200,0.000003
FILLER_51_434,VGND,li1,210.4500,152.3200,0.000003
FILLER_51_431,VGND,li1,209.0700,152.3200,0.000002
FILLER_51_422,VGND,li1,204.4700,152.3200,0.000002
FILLER_51_419,VGND,li1,203.5500,152.3200,0.000002
FILLER_51_416,VGND,li1,202.1700,152.3200,0.000002
FILLER_51_413,VGND,li1,200.7900,152.3200,0.000002
FILLER_51_410,VGND,li1,199.4100,152.3200,0.000002
FILLER_51_407,VGND,li1,198.0300,152.3200,0.000002
FILLER_51_404,VGND,li1,196.6500,152.3200,0.000002
FILLER_51_401,VGND,li1,195.2700,152.3200,0.000002
FILLER_51_393,VGND,li1,191.3600,152.3200,0.000004
FILLER_51_389,VGND,li1,189.7500,152.3200,0.000004
FILLER_51_386,VGND,li1,188.3700,152.3200,0.000003
FILLER_51_383,VGND,li1,186.9900,152.3200,0.000003
FILLER_51_380,VGND,li1,185.6100,152.3200,0.000003
FILLER_51_377,VGND,li1,184.2300,152.3200,0.000003
FILLER_51_374,VGND,li1,182.8500,152.3200,0.000003
FILLER_51_356,VGND,li1,174.5700,152.3200,0.000003
FILLER_51_346,VGND,li1,169.7400,152.3200,0.000003
FILLER_51_340,VGND,li1,167.2100,152.3200,0.000003
FILLER_51_337,VGND,li1,165.8300,152.3200,0.000003
FILLER_51_327,VGND,li1,160.7700,152.3200,0.000004
FILLER_51_324,VGND,li1,159.8500,152.3200,0.000004
FILLER_51_302,VGND,li1,149.2700,152.3200,0.000004
FILLER_51_299,VGND,li1,148.3500,152.3200,0.000003
FILLER_51_296,VGND,li1,146.9700,152.3200,0.000003
FILLER_51_293,VGND,li1,145.5900,152.3200,0.000003
FILLER_51_290,VGND,li1,144.2100,152.3200,0.000003
FILLER_51_287,VGND,li1,142.8300,152.3200,0.000003
FILLER_51_284,VGND,li1,141.4500,152.3200,0.000002
FILLER_51_281,VGND,li1,140.0700,152.3200,0.000002
FILLER_51_279,VGND,li1,138.6900,152.3200,0.000002
FILLER_51_276,VGND,li1,137.7700,152.3200,0.000002
FILLER_51_273,VGND,li1,136.3900,152.3200,0.000002
FILLER_51_270,VGND,li1,135.0100,152.3200,0.000003
FILLER_51_267,VGND,li1,133.6300,152.3200,0.000003
FILLER_51_264,VGND,li1,132.2500,152.3200,0.000003
FILLER_51_261,VGND,li1,130.8700,152.3200,0.000003
FILLER_51_231,VGND,li1,116.8400,152.3200,0.000002
FILLER_51_228,VGND,li1,115.6900,152.3200,0.000002
FILLER_51_225,VGND,li1,114.3100,152.3200,0.000002
FILLER_51_223,VGND,li1,112.9300,152.3200,0.000002
FILLER_51_220,VGND,li1,112.0100,152.3200,0.000001
FILLER_51_217,VGND,li1,110.6300,152.3200,0.000001
FILLER_51_209,VGND,li1,106.9500,152.3200,0.000001
FILLER_51_206,VGND,li1,105.5700,152.3200,0.000001
FILLER_51_203,VGND,li1,104.1900,152.3200,0.000001
FILLER_51_200,VGND,li1,102.8100,152.3200,0.000001
FILLER_51_197,VGND,li1,101.4300,152.3200,0.000001
FILLER_51_194,VGND,li1,100.0500,152.3200,0.000001
FILLER_51_191,VGND,li1,98.6700,152.3200,0.000001
FILLER_51_181,VGND,li1,94.0700,152.3200,0.000001
FILLER_51_178,VGND,li1,92.6900,152.3200,0.000001
FILLER_51_175,VGND,li1,91.3100,152.3200,0.000001
FILLER_51_172,VGND,li1,89.9300,152.3200,0.000001
FILLER_51_169,VGND,li1,88.5500,152.3200,0.000001
FILLER_51_161,VGND,li1,84.6400,152.3200,0.000001
FILLER_51_158,VGND,li1,83.4900,152.3200,0.000001
FILLER_51_155,VGND,li1,82.1100,152.3200,0.000001
FILLER_51_152,VGND,li1,80.7300,152.3200,0.000001
FILLER_51_145,VGND,li1,77.2800,152.3200,0.000002
FILLER_51_142,VGND,li1,76.1300,152.3200,0.000002
FILLER_51_139,VGND,li1,74.7500,152.3200,0.000002
FILLER_51_136,VGND,li1,73.3700,152.3200,0.000002
FILLER_51_133,VGND,li1,71.9900,152.3200,0.000002
FILLER_51_125,VGND,li1,67.8500,152.3200,0.000003
FILLER_51_122,VGND,li1,66.9300,152.3200,0.000003
FILLER_51_110,VGND,li1,61.1800,152.3200,0.000004
FILLER_51_104,VGND,li1,58.4200,152.3200,0.000004
FILLER_51_101,VGND,li1,57.2700,152.3200,0.000004
FILLER_51_98,VGND,li1,55.8900,152.3200,0.000004
FILLER_51_95,VGND,li1,54.5100,152.3200,0.000004
FILLER_51_92,VGND,li1,53.1300,152.3200,0.000004
FILLER_51_80,VGND,li1,47.6100,152.3200,0.000004
FILLER_51_73,VGND,li1,44.3900,152.3200,0.000005
FILLER_51_70,VGND,li1,43.0100,152.3200,0.000005
FILLER_51_67,VGND,li1,41.6300,152.3200,0.000005
FILLER_51_57,VGND,li1,36.5700,152.3200,0.000006
FILLER_51_53,VGND,li1,35.1900,152.3200,0.000006
FILLER_51_50,VGND,li1,33.8100,152.3200,0.000006
FILLER_51_47,VGND,li1,32.4300,152.3200,0.000007
FILLER_51_44,VGND,li1,31.0500,152.3200,0.000007
FILLER_51_24,VGND,li1,21.8500,152.3200,0.000005
FILLER_51_6,VGND,li1,13.1100,152.3200,0.000005
FILLER_51_3,VGND,li1,12.1900,152.3200,0.000005
FILLER_50_645,VGND,li1,307.5100,146.8800,0.000003
FILLER_50_641,VGND,li1,305.6700,146.8800,0.000003
FILLER_50_638,VGND,li1,304.2900,146.8800,0.000003
FILLER_50_635,VGND,li1,302.9100,146.8800,0.000003
FILLER_50_632,VGND,li1,301.5300,146.8800,0.000003
FILLER_50_629,VGND,li1,300.1500,146.8800,0.000003
FILLER_50_626,VGND,li1,298.7700,146.8800,0.000003
FILLER_50_623,VGND,li1,297.3900,146.8800,0.000003
FILLER_50_620,VGND,li1,296.0100,146.8800,0.000003
FILLER_50_617,VGND,li1,294.6300,146.8800,0.000003
FILLER_50_614,VGND,li1,293.2500,146.8800,0.000003
FILLER_50_611,VGND,li1,291.8700,146.8800,0.000003
FILLER_50_608,VGND,li1,290.4900,146.8800,0.000003
FILLER_50_605,VGND,li1,289.1100,146.8800,0.000003
FILLER_50_602,VGND,li1,287.7300,146.8800,0.000004
FILLER_50_599,VGND,li1,286.3500,146.8800,0.000004
FILLER_50_592,VGND,li1,282.6700,146.8800,0.000006
FILLER_50_589,VGND,li1,281.7500,146.8800,0.000006
FILLER_50_584,VGND,li1,278.9900,146.8800,0.000007
FILLER_50_581,VGND,li1,278.0700,146.8800,0.000007
FILLER_50_571,VGND,li1,273.2400,146.8800,0.000007
FILLER_50_568,VGND,li1,272.0900,146.8800,0.000007
FILLER_50_562,VGND,li1,269.3300,146.8800,0.000007
FILLER_50_559,VGND,li1,267.9500,146.8800,0.000007
FILLER_50_556,VGND,li1,266.5700,146.8800,0.000007
FILLER_50_550,VGND,li1,263.8100,146.8800,0.000007
FILLER_50_547,VGND,li1,262.4300,146.8800,0.000006
FILLER_50_544,VGND,li1,261.0500,146.8800,0.000006
FILLER_50_533,VGND,li1,255.9900,146.8800,0.000006
FILLER_50_530,VGND,li1,254.3800,146.8800,0.000006
FILLER_50_523,VGND,li1,251.3900,146.8800,0.000007
FILLER_50_520,VGND,li1,250.0100,146.8800,0.000007
FILLER_50_517,VGND,li1,248.6300,146.8800,0.000007
FILLER_50_495,VGND,li1,238.0500,146.8800,0.000006
FILLER_50_492,VGND,li1,237.1300,146.8800,0.000006
FILLER_50_489,VGND,li1,235.7500,146.8800,0.000006
FILLER_50_486,VGND,li1,234.3700,146.8800,0.000006
FILLER_50_477,VGND,li1,229.7700,146.8800,0.000005
FILLER_50_464,VGND,li1,224.2500,146.8800,0.000005
FILLER_50_432,VGND,li1,209.5300,146.8800,0.000006
FILLER_50_429,VGND,li1,208.1500,146.8800,0.000006
FILLER_50_416,VGND,li1,201.7100,146.8800,0.000005
FILLER_50_404,VGND,li1,196.6500,146.8800,0.000005
FILLER_50_374,VGND,li1,182.3900,146.8800,0.000005
FILLER_50_371,VGND,li1,181.4700,146.8800,0.000005
FILLER_50_368,VGND,li1,180.0900,146.8800,0.000005
FILLER_50_365,VGND,li1,178.7100,146.8800,0.000005
FILLER_50_362,VGND,li1,177.1000,146.8800,0.000005
FILLER_50_332,VGND,li1,163.0700,146.8800,0.000004
FILLER_50_329,VGND,li1,162.1500,146.8800,0.000004
FILLER_50_326,VGND,li1,160.7700,146.8800,0.000004
FILLER_50_307,VGND,li1,151.5700,146.8800,0.000005
FILLER_50_285,VGND,li1,141.4500,146.8800,0.000004
FILLER_50_261,VGND,li1,130.8700,146.8800,0.000004
FILLER_50_248,VGND,li1,124.4300,146.8800,0.000004
FILLER_50_245,VGND,li1,123.5100,146.8800,0.000004
FILLER_50_242,VGND,li1,122.1300,146.8800,0.000004
FILLER_50_239,VGND,li1,120.7500,146.8800,0.000004
FILLER_50_236,VGND,li1,119.3700,146.8800,0.000004
FILLER_50_233,VGND,li1,117.9900,146.8800,0.000004
FILLER_50_225,VGND,li1,113.8500,146.8800,0.000003
FILLER_50_222,VGND,li1,112.9300,146.8800,0.000003
FILLER_50_219,VGND,li1,111.5500,146.8800,0.000003
FILLER_50_211,VGND,li1,107.4100,146.8800,0.000002
FILLER_50_208,VGND,li1,106.4900,146.8800,0.000002
FILLER_50_200,VGND,li1,102.3500,146.8800,0.000002
FILLER_50_197,VGND,li1,101.4300,146.8800,0.000002
FILLER_50_194,VGND,li1,99.8200,146.8800,0.000003
FILLER_50_191,VGND,li1,98.6700,146.8800,0.000003
FILLER_50_188,VGND,li1,97.2900,146.8800,0.000003
FILLER_50_185,VGND,li1,95.9100,146.8800,0.000003
FILLER_50_182,VGND,li1,94.5300,146.8800,0.000003
FILLER_50_165,VGND,li1,86.2500,146.8800,0.000003
FILLER_50_162,VGND,li1,85.3300,146.8800,0.000003
FILLER_50_159,VGND,li1,83.9500,146.8800,0.000003
FILLER_50_156,VGND,li1,82.5700,146.8800,0.000003
FILLER_50_153,VGND,li1,81.1900,146.8800,0.000003
FILLER_50_150,VGND,li1,79.8100,146.8800,0.000003
FILLER_50_147,VGND,li1,78.4300,146.8800,0.000004
FILLER_50_144,VGND,li1,77.0500,146.8800,0.000004
FILLER_50_141,VGND,li1,75.6700,146.8800,0.000005
FILLER_50_139,VGND,li1,74.2900,146.8800,0.000005
FILLER_50_136,VGND,li1,73.3700,146.8800,0.000006
FILLER_50_133,VGND,li1,71.9900,146.8800,0.000006
FILLER_50_130,VGND,li1,70.6100,146.8800,0.000007
FILLER_50_127,VGND,li1,69.2300,146.8800,0.000007
FILLER_50_124,VGND,li1,67.8500,146.8800,0.000009
FILLER_50_121,VGND,li1,66.4700,146.8800,0.000009
FILLER_50_85,VGND,li1,49.9100,146.8800,0.000014
FILLER_50_74,VGND,li1,44.6200,146.8800,0.000021
FILLER_50_71,VGND,li1,43.4700,146.8800,0.000025
FILLER_50_68,VGND,li1,42.0900,146.8800,0.000025
FILLER_50_65,VGND,li1,40.7100,146.8800,0.000023
FILLER_50_51,VGND,li1,34.0400,146.8800,0.000020
FILLER_50_33,VGND,li1,25.5300,146.8800,0.000015
FILLER_49_647,VGND,li1,307.9700,146.8800,0.000003
FILLER_49_644,VGND,li1,307.0500,146.8800,0.000003
FILLER_49_641,VGND,li1,305.6700,146.8800,0.000003
FILLER_49_638,VGND,li1,304.2900,146.8800,0.000003
FILLER_49_635,VGND,li1,302.9100,146.8800,0.000003
FILLER_49_632,VGND,li1,301.5300,146.8800,0.000003
FILLER_49_629,VGND,li1,300.1500,146.8800,0.000003
FILLER_49_626,VGND,li1,298.7700,146.8800,0.000003
FILLER_49_623,VGND,li1,297.3900,146.8800,0.000003
FILLER_49_620,VGND,li1,296.0100,146.8800,0.000003
FILLER_49_617,VGND,li1,294.6300,146.8800,0.000003
FILLER_49_615,VGND,li1,293.2500,146.8800,0.000003
FILLER_49_612,VGND,li1,292.3300,146.8800,0.000003
FILLER_49_609,VGND,li1,290.9500,146.8800,0.000003
FILLER_49_606,VGND,li1,289.5700,146.8800,0.000003
FILLER_49_537,VGND,li1,257.6000,146.8800,0.000005
FILLER_49_513,VGND,li1,246.7900,146.8800,0.000007
FILLER_49_510,VGND,li1,245.4100,146.8800,0.000007
FILLER_49_505,VGND,li1,242.8800,146.8800,0.000007
FILLER_49_501,VGND,li1,241.2700,146.8800,0.000007
FILLER_49_498,VGND,li1,239.8900,146.8800,0.000007
FILLER_49_495,VGND,li1,238.5100,146.8800,0.000006
FILLER_49_492,VGND,li1,237.1300,146.8800,0.000006
FILLER_49_489,VGND,li1,235.7500,146.8800,0.000006
FILLER_49_486,VGND,li1,234.3700,146.8800,0.000006
FILLER_49_464,VGND,li1,223.7900,146.8800,0.000005
FILLER_49_461,VGND,li1,222.8700,146.8800,0.000006
FILLER_49_458,VGND,li1,221.4900,146.8800,0.000006
FILLER_49_445,VGND,li1,215.5100,146.8800,0.000007
FILLER_49_440,VGND,li1,212.9800,146.8800,0.000006
FILLER_49_437,VGND,li1,211.8300,146.8800,0.000006
FILLER_49_434,VGND,li1,210.4500,146.8800,0.000006
FILLER_49_431,VGND,li1,209.0700,146.8800,0.000006
FILLER_49_428,VGND,li1,207.6900,146.8800,0.000006
FILLER_49_406,VGND,li1,197.1100,146.8800,0.000005
FILLER_49_403,VGND,li1,196.1900,146.8800,0.000005
FILLER_49_400,VGND,li1,194.8100,146.8800,0.000005
FILLER_49_397,VGND,li1,193.4300,146.8800,0.000005
FILLER_49_391,VGND,li1,190.2100,146.8800,0.000006
FILLER_49_385,VGND,li1,187.9100,146.8800,0.000006
FILLER_49_382,VGND,li1,186.5300,146.8800,0.000006
FILLER_49_373,VGND,li1,182.3900,146.8800,0.000005
FILLER_49_370,VGND,li1,181.0100,146.8800,0.000005
FILLER_49_367,VGND,li1,179.6300,146.8800,0.000005
FILLER_49_364,VGND,li1,178.2500,146.8800,0.000005
FILLER_49_361,VGND,li1,176.8700,146.8800,0.000005
FILLER_49_358,VGND,li1,175.4900,146.8800,0.000004
FILLER_49_355,VGND,li1,174.1100,146.8800,0.000004
FILLER_49_352,VGND,li1,172.7300,146.8800,0.000004
FILLER_49_349,VGND,li1,171.3500,146.8800,0.000004
FILLER_49_337,VGND,li1,165.8300,146.8800,0.000004
FILLER_49_329,VGND,li1,162.1500,146.8800,0.000004
FILLER_49_318,VGND,li1,157.0900,146.8800,0.000004
FILLER_49_311,VGND,li1,153.6400,146.8800,0.000004
FILLER_49_299,VGND,li1,147.8900,146.8800,0.000005
FILLER_49_289,VGND,li1,143.2900,146.8800,0.000004
FILLER_49_278,VGND,li1,138.4600,146.8800,0.000004
FILLER_49_274,VGND,li1,136.3900,146.8800,0.000004
FILLER_49_264,VGND,li1,131.7900,146.8800,0.000004
FILLER_49_221,VGND,li1,112.4700,146.8800,0.000003
FILLER_49_218,VGND,li1,111.0900,146.8800,0.000003
FILLER_49_215,VGND,li1,109.7100,146.8800,0.000002
FILLER_49_208,VGND,li1,106.0300,146.8800,0.000002
FILLER_49_205,VGND,li1,105.1100,146.8800,0.000002
FILLER_49_202,VGND,li1,103.7300,146.8800,0.000002
FILLER_49_199,VGND,li1,102.3500,146.8800,0.000002
FILLER_49_196,VGND,li1,100.9700,146.8800,0.000002
FILLER_49_193,VGND,li1,99.5900,146.8800,0.000003
FILLER_49_190,VGND,li1,98.2100,146.8800,0.000003
FILLER_49_187,VGND,li1,96.8300,146.8800,0.000003
FILLER_49_184,VGND,li1,95.4500,146.8800,0.000003
FILLER_49_181,VGND,li1,94.0700,146.8800,0.000003
FILLER_49_178,VGND,li1,92.6900,146.8800,0.000003
FILLER_49_175,VGND,li1,91.3100,146.8800,0.000003
FILLER_49_172,VGND,li1,89.9300,146.8800,0.000003
FILLER_49_169,VGND,li1,88.5500,146.8800,0.000003
FILLER_49_166,VGND,li1,86.9400,146.8800,0.000003
FILLER_49_163,VGND,li1,85.7900,146.8800,0.000003
FILLER_49_160,VGND,li1,84.4100,146.8800,0.000003
FILLER_49_157,VGND,li1,83.0300,146.8800,0.000003
FILLER_49_154,VGND,li1,81.6500,146.8800,0.000003
FILLER_49_151,VGND,li1,80.2700,146.8800,0.000003
FILLER_49_148,VGND,li1,78.8900,146.8800,0.000003
FILLER_49_142,VGND,li1,75.6700,146.8800,0.000005
FILLER_49_139,VGND,li1,74.7500,146.8800,0.000005
FILLER_49_136,VGND,li1,73.3700,146.8800,0.000006
FILLER_49_133,VGND,li1,71.9900,146.8800,0.000006
FILLER_49_130,VGND,li1,70.6100,146.8800,0.000007
FILLER_49_127,VGND,li1,69.2300,146.8800,0.000007
FILLER_49_124,VGND,li1,67.8500,146.8800,0.000009
FILLER_49_121,VGND,li1,66.4700,146.8800,0.000009
FILLER_49_111,VGND,li1,61.4100,146.8800,0.000011
FILLER_49_99,VGND,li1,56.3500,146.8800,0.000013
FILLER_49_57,VGND,li1,36.5700,146.8800,0.000022
FILLER_49_51,VGND,li1,33.8100,146.8800,0.000020
FILLER_49_41,VGND,li1,29.4400,146.8800,0.000018
FILLER_49_11,VGND,li1,15.4100,146.8800,0.000009
FILLER_48_645,VGND,li1,307.5100,141.4400,0.000014
FILLER_48_643,VGND,li1,306.1300,141.4400,0.000014
FILLER_48_640,VGND,li1,305.2100,141.4400,0.000014
FILLER_48_637,VGND,li1,303.8300,141.4400,0.000014
FILLER_48_634,VGND,li1,302.4500,141.4400,0.000014
FILLER_48_631,VGND,li1,301.0700,141.4400,0.000014
FILLER_48_628,VGND,li1,299.6900,141.4400,0.000014
FILLER_48_625,VGND,li1,298.3100,141.4400,0.000014
FILLER_48_622,VGND,li1,296.9300,141.4400,0.000014
FILLER_48_619,VGND,li1,295.5500,141.4400,0.000014
FILLER_48_616,VGND,li1,294.1700,141.4400,0.000014
FILLER_48_613,VGND,li1,292.7900,141.4400,0.000014
FILLER_48_589,VGND,li1,281.7500,141.4400,0.000017
FILLER_48_586,VGND,li1,280.1400,141.4400,0.000017
FILLER_48_575,VGND,li1,275.0800,141.4400,0.000014
FILLER_48_572,VGND,li1,273.9300,141.4400,0.000014
FILLER_48_569,VGND,li1,272.5500,141.4400,0.000013
FILLER_48_557,VGND,li1,267.0300,141.4400,0.000010
FILLER_48_545,VGND,li1,261.0500,141.4400,0.000007
FILLER_48_542,VGND,li1,260.1300,141.4400,0.000006
FILLER_48_539,VGND,li1,258.7500,141.4400,0.000006
FILLER_48_536,VGND,li1,257.3700,141.4400,0.000006
FILLER_48_531,VGND,li1,254.6100,141.4400,0.000006
FILLER_48_522,VGND,li1,250.4700,141.4400,0.000006
FILLER_48_519,VGND,li1,249.5500,141.4400,0.000006
FILLER_48_516,VGND,li1,248.1700,141.4400,0.000007
FILLER_48_506,VGND,li1,243.1100,141.4400,0.000006
FILLER_48_503,VGND,li1,242.1900,141.4400,0.000006
FILLER_48_483,VGND,li1,232.9900,141.4400,0.000005
FILLER_48_480,VGND,li1,231.6100,141.4400,0.000005
FILLER_48_475,VGND,li1,228.8500,141.4400,0.000004
FILLER_48_430,VGND,li1,208.6100,141.4400,0.000007
FILLER_48_427,VGND,li1,207.2300,141.4400,0.000007
FILLER_48_424,VGND,li1,205.8500,141.4400,0.000007
FILLER_48_417,VGND,li1,202.6300,141.4400,0.000006
FILLER_48_414,VGND,li1,201.2500,141.4400,0.000006
FILLER_48_404,VGND,li1,196.4200,141.4400,0.000006
FILLER_48_401,VGND,li1,195.2700,141.4400,0.000006
FILLER_48_398,VGND,li1,193.8900,141.4400,0.000006
FILLER_48_395,VGND,li1,192.5100,141.4400,0.000006
FILLER_48_392,VGND,li1,191.1300,141.4400,0.000006
FILLER_48_389,VGND,li1,189.7500,141.4400,0.000006
FILLER_48_371,VGND,li1,181.0100,141.4400,0.000007
FILLER_48_365,VGND,li1,178.7100,141.4400,0.000007
FILLER_48_361,VGND,li1,176.8700,141.4400,0.000006
FILLER_48_358,VGND,li1,175.4900,141.4400,0.000006
FILLER_48_355,VGND,li1,174.1100,141.4400,0.000006
FILLER_48_350,VGND,li1,171.5800,141.4400,0.000005
FILLER_48_347,VGND,li1,170.4300,141.4400,0.000005
FILLER_48_344,VGND,li1,169.0500,141.4400,0.000005
FILLER_48_341,VGND,li1,167.6700,141.4400,0.000005
FILLER_48_338,VGND,li1,166.2900,141.4400,0.000005
FILLER_48_335,VGND,li1,164.9100,141.4400,0.000005
FILLER_48_332,VGND,li1,163.5300,141.4400,0.000006
FILLER_48_329,VGND,li1,162.1500,141.4400,0.000006
FILLER_48_321,VGND,li1,158.0100,141.4400,0.000006
FILLER_48_318,VGND,li1,157.0900,141.4400,0.000006
FILLER_48_315,VGND,li1,155.7100,141.4400,0.000006
FILLER_48_312,VGND,li1,154.3300,141.4400,0.000006
FILLER_48_309,VGND,li1,152.9500,141.4400,0.000006
FILLER_48_305,VGND,li1,151.1100,141.4400,0.000006
FILLER_48_302,VGND,li1,149.7300,141.4400,0.000006
FILLER_48_294,VGND,li1,145.8200,141.4400,0.000005
FILLER_48_291,VGND,li1,144.6700,141.4400,0.000004
FILLER_48_288,VGND,li1,143.2900,141.4400,0.000004
FILLER_48_285,VGND,li1,141.9100,141.4400,0.000004
FILLER_48_282,VGND,li1,140.5300,141.4400,0.000004
FILLER_48_279,VGND,li1,139.1500,141.4400,0.000003
FILLER_48_271,VGND,li1,135.0100,141.4400,0.000003
FILLER_48_268,VGND,li1,134.0900,141.4400,0.000003
FILLER_48_265,VGND,li1,132.7100,141.4400,0.000003
FILLER_48_262,VGND,li1,131.3300,141.4400,0.000003
FILLER_48_259,VGND,li1,129.9500,141.4400,0.000003
FILLER_48_256,VGND,li1,128.5700,141.4400,0.000003
FILLER_48_253,VGND,li1,127.1900,141.4400,0.000003
FILLER_48_250,VGND,li1,125.5800,141.4400,0.000003
FILLER_48_247,VGND,li1,124.4300,141.4400,0.000004
FILLER_48_235,VGND,li1,118.4500,141.4400,0.000004
FILLER_48_227,VGND,li1,114.7700,141.4400,0.000003
FILLER_48_224,VGND,li1,113.8500,141.4400,0.000003
FILLER_48_221,VGND,li1,112.4700,141.4400,0.000003
FILLER_48_218,VGND,li1,111.0900,141.4400,0.000002
FILLER_48_215,VGND,li1,109.7100,141.4400,0.000002
FILLER_48_212,VGND,li1,108.3300,141.4400,0.000002
FILLER_48_209,VGND,li1,106.9500,141.4400,0.000002
FILLER_48_206,VGND,li1,105.5700,141.4400,0.000002
FILLER_48_197,VGND,li1,100.9700,141.4400,0.000002
FILLER_48_194,VGND,li1,99.8200,141.4400,0.000002
FILLER_48_170,VGND,li1,88.5500,141.4400,0.000002
FILLER_48_167,VGND,li1,87.6300,141.4400,0.000002
FILLER_48_164,VGND,li1,86.2500,141.4400,0.000002
FILLER_48_161,VGND,li1,84.8700,141.4400,0.000002
FILLER_48_153,VGND,li1,80.7300,141.4400,0.000002
FILLER_48_150,VGND,li1,79.8100,141.4400,0.000002
FILLER_48_147,VGND,li1,78.4300,141.4400,0.000002
FILLER_48_144,VGND,li1,77.0500,141.4400,0.000002
FILLER_48_141,VGND,li1,75.6700,141.4400,0.000003
FILLER_48_118,VGND,li1,64.8600,141.4400,0.000005
FILLER_48_91,VGND,li1,52.2100,141.4400,0.000006
FILLER_48_88,VGND,li1,51.2900,141.4400,0.000006
FILLER_48_85,VGND,li1,49.9100,141.4400,0.000006
FILLER_48_83,VGND,li1,48.5300,141.4400,0.000006
FILLER_48_48,VGND,li1,32.4300,141.4400,0.000010
FILLER_48_29,VGND,li1,23.9200,141.4400,0.000009
FILLER_47_647,VGND,li1,307.9700,141.4400,0.000014
FILLER_47_644,VGND,li1,307.0500,141.4400,0.000014
FILLER_47_641,VGND,li1,305.6700,141.4400,0.000014
FILLER_47_638,VGND,li1,304.2900,141.4400,0.000014
FILLER_47_635,VGND,li1,302.9100,141.4400,0.000014
FILLER_47_632,VGND,li1,301.5300,141.4400,0.000014
FILLER_47_629,VGND,li1,300.1500,141.4400,0.000014
FILLER_47_626,VGND,li1,298.7700,141.4400,0.000014
FILLER_47_623,VGND,li1,297.3900,141.4400,0.000014
FILLER_47_620,VGND,li1,296.0100,141.4400,0.000014
FILLER_47_617,VGND,li1,294.6300,141.4400,0.000014
FILLER_47_613,VGND,li1,292.7900,141.4400,0.000014
FILLER_47_610,VGND,li1,291.4100,141.4400,0.000014
FILLER_47_607,VGND,li1,290.0300,141.4400,0.000014
FILLER_47_573,VGND,li1,274.3900,141.4400,0.000014
FILLER_47_567,VGND,li1,271.4000,141.4400,0.000013
FILLER_47_564,VGND,li1,270.2500,141.4400,0.000011
FILLER_47_561,VGND,li1,268.8700,141.4400,0.000011
FILLER_47_559,VGND,li1,267.4900,141.4400,0.000010
FILLER_47_556,VGND,li1,266.5700,141.4400,0.000010
FILLER_47_553,VGND,li1,265.1900,141.4400,0.000008
FILLER_47_550,VGND,li1,263.8100,141.4400,0.000008
FILLER_47_547,VGND,li1,262.4300,141.4400,0.000007
FILLER_47_538,VGND,li1,257.8300,141.4400,0.000006
FILLER_47_535,VGND,li1,256.9100,141.4400,0.000006
FILLER_47_501,VGND,li1,241.2700,141.4400,0.000006
FILLER_47_498,VGND,li1,239.8900,141.4400,0.000006
FILLER_47_495,VGND,li1,238.5100,141.4400,0.000005
FILLER_47_492,VGND,li1,237.1300,141.4400,0.000005
FILLER_47_489,VGND,li1,235.7500,141.4400,0.000005
FILLER_47_486,VGND,li1,234.3700,141.4400,0.000005
FILLER_47_483,VGND,li1,232.9900,141.4400,0.000005
FILLER_47_480,VGND,li1,231.6100,141.4400,0.000005
FILLER_47_477,VGND,li1,230.2300,141.4400,0.000004
FILLER_47_474,VGND,li1,228.8500,141.4400,0.000004
FILLER_47_471,VGND,li1,227.4700,141.4400,0.000005
FILLER_47_468,VGND,li1,226.0900,141.4400,0.000005
FILLER_47_465,VGND,li1,224.7100,141.4400,0.000006
FILLER_47_460,VGND,li1,222.1800,141.4400,0.000007
FILLER_47_457,VGND,li1,221.0300,141.4400,0.000007
FILLER_47_445,VGND,li1,215.5100,141.4400,0.000008
FILLER_47_442,VGND,li1,214.1300,141.4400,0.000008
FILLER_47_435,VGND,li1,210.4500,141.4400,0.000007
FILLER_47_389,VGND,li1,189.7500,141.4400,0.000006
FILLER_47_386,VGND,li1,188.3700,141.4400,0.000006
FILLER_47_383,VGND,li1,186.9900,141.4400,0.000006
FILLER_47_380,VGND,li1,185.6100,141.4400,0.000006
FILLER_47_337,VGND,li1,165.3700,141.4400,0.000005
FILLER_47_333,VGND,li1,163.9900,141.4400,0.000005
FILLER_47_311,VGND,li1,153.4100,141.4400,0.000006
FILLER_47_308,VGND,li1,152.4900,141.4400,0.000006
FILLER_47_284,VGND,li1,141.4500,141.4400,0.000004
FILLER_47_281,VGND,li1,140.0700,141.4400,0.000003
FILLER_47_278,VGND,li1,138.4600,141.4400,0.000003
FILLER_47_275,VGND,li1,137.3100,141.4400,0.000003
FILLER_47_265,VGND,li1,132.2500,141.4400,0.000003
FILLER_47_262,VGND,li1,131.3300,141.4400,0.000003
FILLER_47_259,VGND,li1,129.9500,141.4400,0.000003
FILLER_47_249,VGND,li1,125.3500,141.4400,0.000003
FILLER_47_246,VGND,li1,123.9700,141.4400,0.000004
FILLER_47_221,VGND,li1,112.4700,141.4400,0.000003
FILLER_47_214,VGND,li1,109.2500,141.4400,0.000002
FILLER_47_211,VGND,li1,107.8700,141.4400,0.000002
FILLER_47_195,VGND,li1,100.5100,141.4400,0.000002
FILLER_47_192,VGND,li1,99.1300,141.4400,0.000002
FILLER_47_189,VGND,li1,97.7500,141.4400,0.000002
FILLER_47_186,VGND,li1,96.3700,141.4400,0.000002
FILLER_47_175,VGND,li1,90.8500,141.4400,0.000002
FILLER_47_172,VGND,li1,89.9300,141.4400,0.000002
FILLER_47_169,VGND,li1,88.5500,141.4400,0.000002
FILLER_47_167,VGND,li1,87.1700,141.4400,0.000002
FILLER_47_164,VGND,li1,86.2500,141.4400,0.000002
FILLER_47_161,VGND,li1,84.8700,141.4400,0.000002
FILLER_47_158,VGND,li1,83.4900,141.4400,0.000002
FILLER_47_155,VGND,li1,82.1100,141.4400,0.000002
FILLER_47_152,VGND,li1,80.7300,141.4400,0.000002
FILLER_47_149,VGND,li1,79.3500,141.4400,0.000002
FILLER_47_146,VGND,li1,77.9700,141.4400,0.000002
FILLER_47_143,VGND,li1,76.5900,141.4400,0.000002
FILLER_47_140,VGND,li1,75.2100,141.4400,0.000003
FILLER_47_137,VGND,li1,73.8300,141.4400,0.000004
FILLER_47_134,VGND,li1,72.4500,141.4400,0.000004
FILLER_47_131,VGND,li1,71.0700,141.4400,0.000004
FILLER_47_128,VGND,li1,69.6900,141.4400,0.000004
FILLER_47_119,VGND,li1,65.0900,141.4400,0.000005
FILLER_47_116,VGND,li1,64.1700,141.4400,0.000006
FILLER_47_113,VGND,li1,62.7900,141.4400,0.000006
FILLER_47_109,VGND,li1,60.9500,141.4400,0.000007
FILLER_47_106,VGND,li1,59.5700,141.4400,0.000007
FILLER_47_103,VGND,li1,58.1900,141.4400,0.000007
FILLER_47_83,VGND,li1,48.9900,141.4400,0.000006
FILLER_47_74,VGND,li1,44.3900,141.4400,0.000008
FILLER_47_57,VGND,li1,36.5700,141.4400,0.000010
FILLER_47_54,VGND,li1,35.4200,141.4400,0.000010
FILLER_47_51,VGND,li1,34.2700,141.4400,0.000010
FILLER_47_48,VGND,li1,32.8900,141.4400,0.000010
FILLER_47_39,VGND,li1,28.2900,141.4400,0.000010
FILLER_47_3,VGND,li1,11.9600,141.4400,0.000009
FILLER_46_645,VGND,li1,307.5100,136.0000,0.000002
FILLER_46_641,VGND,li1,305.6700,136.0000,0.000002
FILLER_46_638,VGND,li1,304.2900,136.0000,0.000002
FILLER_46_635,VGND,li1,302.9100,136.0000,0.000002
FILLER_46_632,VGND,li1,301.5300,136.0000,0.000002
FILLER_46_629,VGND,li1,300.1500,136.0000,0.000002
FILLER_46_626,VGND,li1,298.7700,136.0000,0.000002
FILLER_46_623,VGND,li1,297.3900,136.0000,0.000002
FILLER_46_620,VGND,li1,296.0100,136.0000,0.000002
FILLER_46_617,VGND,li1,294.6300,136.0000,0.000002
FILLER_46_614,VGND,li1,293.2500,136.0000,0.000002
FILLER_46_611,VGND,li1,291.8700,136.0000,0.000002
FILLER_46_608,VGND,li1,290.4900,136.0000,0.000002
FILLER_46_604,VGND,li1,288.1900,136.0000,0.000002
FILLER_46_595,VGND,li1,284.0500,136.0000,0.000003
FILLER_46_592,VGND,li1,283.1300,136.0000,0.000003
FILLER_46_589,VGND,li1,281.7500,136.0000,0.000004
FILLER_46_578,VGND,li1,276.2300,136.0000,0.000004
FILLER_46_575,VGND,li1,275.3100,136.0000,0.000004
FILLER_46_552,VGND,li1,264.5000,136.0000,0.000003
FILLER_46_549,VGND,li1,263.3500,136.0000,0.000003
FILLER_46_539,VGND,li1,258.5200,136.0000,0.000002
FILLER_46_536,VGND,li1,257.3700,136.0000,0.000002
FILLER_46_533,VGND,li1,255.9900,136.0000,0.000002
FILLER_46_529,VGND,li1,254.1500,136.0000,0.000002
FILLER_46_524,VGND,li1,251.3900,136.0000,0.000002
FILLER_46_502,VGND,li1,241.5000,136.0000,0.000002
FILLER_46_499,VGND,li1,240.3500,136.0000,0.000002
FILLER_46_496,VGND,li1,238.9700,136.0000,0.000002
FILLER_46_493,VGND,li1,237.5900,136.0000,0.000002
FILLER_46_490,VGND,li1,236.2100,136.0000,0.000002
FILLER_46_487,VGND,li1,234.8300,136.0000,0.000002
FILLER_46_484,VGND,li1,233.4500,136.0000,0.000002
FILLER_46_481,VGND,li1,232.0700,136.0000,0.000002
FILLER_46_471,VGND,li1,227.2400,136.0000,0.000002
FILLER_46_468,VGND,li1,226.0900,136.0000,0.000002
FILLER_46_465,VGND,li1,224.7100,136.0000,0.000002
FILLER_46_462,VGND,li1,223.3300,136.0000,0.000002
FILLER_46_459,VGND,li1,221.9500,136.0000,0.000002
FILLER_46_456,VGND,li1,220.5700,136.0000,0.000002
FILLER_46_445,VGND,li1,215.5100,136.0000,0.000002
FILLER_46_435,VGND,li1,210.6800,136.0000,0.000002
FILLER_46_424,VGND,li1,205.6200,136.0000,0.000001
FILLER_46_421,VGND,li1,204.4700,136.0000,0.000001
FILLER_46_407,VGND,li1,197.5700,136.0000,0.000001
FILLER_46_404,VGND,li1,196.6500,136.0000,0.000001
FILLER_46_401,VGND,li1,195.2700,136.0000,0.000001
FILLER_46_391,VGND,li1,190.6700,136.0000,0.000001
FILLER_46_388,VGND,li1,189.2900,136.0000,0.000001
FILLER_46_377,VGND,li1,184.2300,136.0000,0.000000
FILLER_46_374,VGND,li1,182.8500,136.0000,0.000000
FILLER_46_371,VGND,li1,181.4700,136.0000,0.000000
FILLER_46_368,VGND,li1,180.0900,136.0000,0.000000
FILLER_46_365,VGND,li1,178.7100,136.0000,0.000000
FILLER_46_363,VGND,li1,177.3300,136.0000,0.000000
FILLER_46_360,VGND,li1,176.4100,136.0000,0.000000
FILLER_46_345,VGND,li1,169.2800,136.0000,0.000000
FILLER_46_339,VGND,li1,166.2900,136.0000,0.000000
FILLER_46_336,VGND,li1,165.3700,136.0000,0.000000
FILLER_46_333,VGND,li1,163.9900,136.0000,0.000000
FILLER_46_323,VGND,li1,159.1600,136.0000,0.000001
FILLER_46_312,VGND,li1,154.1000,136.0000,0.000001
FILLER_46_309,VGND,li1,152.9500,136.0000,0.000001
FILLER_46_286,VGND,li1,142.1400,136.0000,0.000001
FILLER_46_283,VGND,li1,140.9900,136.0000,0.000001
FILLER_46_265,VGND,li1,132.7100,136.0000,0.000002
FILLER_46_262,VGND,li1,131.3300,136.0000,0.000002
FILLER_46_259,VGND,li1,129.9500,136.0000,0.000002
FILLER_46_256,VGND,li1,128.5700,136.0000,0.000003
FILLER_46_253,VGND,li1,127.1900,136.0000,0.000002
FILLER_46_250,VGND,li1,125.5800,136.0000,0.000002
FILLER_46_247,VGND,li1,124.4300,136.0000,0.000002
FILLER_46_244,VGND,li1,123.0500,136.0000,0.000002
FILLER_46_228,VGND,li1,115.2300,136.0000,0.000001
FILLER_46_225,VGND,li1,114.3100,136.0000,0.000001
FILLER_46_222,VGND,li1,112.9300,136.0000,0.000001
FILLER_46_219,VGND,li1,111.5500,136.0000,0.000001
FILLER_46_216,VGND,li1,110.1700,136.0000,0.000001
FILLER_46_213,VGND,li1,108.7900,136.0000,0.000001
FILLER_46_197,VGND,li1,101.2000,136.0000,0.000001
FILLER_46_194,VGND,li1,99.8200,136.0000,0.000001
FILLER_46_191,VGND,li1,98.6700,136.0000,0.000001
FILLER_46_188,VGND,li1,97.2900,136.0000,0.000001
FILLER_46_185,VGND,li1,95.9100,136.0000,0.000001
FILLER_46_182,VGND,li1,94.5300,136.0000,0.000001
FILLER_46_179,VGND,li1,93.1500,136.0000,0.000001
FILLER_46_165,VGND,li1,86.2500,136.0000,0.000001
FILLER_46_162,VGND,li1,85.3300,136.0000,0.000001
FILLER_46_159,VGND,li1,83.9500,136.0000,0.000001
FILLER_46_156,VGND,li1,82.5700,136.0000,0.000001
FILLER_46_144,VGND,li1,76.8200,136.0000,0.000002
FILLER_46_141,VGND,li1,75.6700,136.0000,0.000002
FILLER_46_139,VGND,li1,74.2900,136.0000,0.000002
FILLER_46_136,VGND,li1,73.3700,136.0000,0.000002
FILLER_46_133,VGND,li1,71.9900,136.0000,0.000003
FILLER_46_130,VGND,li1,70.6100,136.0000,0.000003
FILLER_46_127,VGND,li1,69.2300,136.0000,0.000003
FILLER_46_124,VGND,li1,67.8500,136.0000,0.000003
FILLER_46_121,VGND,li1,66.4700,136.0000,0.000003
FILLER_46_103,VGND,li1,57.7300,136.0000,0.000005
FILLER_46_93,VGND,li1,53.3600,136.0000,0.000004
FILLER_46_74,VGND,li1,44.6200,136.0000,0.000006
FILLER_46_38,VGND,li1,28.0600,136.0000,0.000005
FILLER_46_35,VGND,li1,26.9100,136.0000,0.000005
FILLER_46_32,VGND,li1,25.5300,136.0000,0.000005
FILLER_46_29,VGND,li1,24.1500,136.0000,0.000004
FILLER_46_11,VGND,li1,15.4100,136.0000,0.000003
FILLER_45_647,VGND,li1,307.9700,136.0000,0.000002
FILLER_45_644,VGND,li1,307.0500,136.0000,0.000002
FILLER_45_641,VGND,li1,305.6700,136.0000,0.000002
FILLER_45_638,VGND,li1,304.2900,136.0000,0.000002
FILLER_45_635,VGND,li1,302.9100,136.0000,0.000002
FILLER_45_632,VGND,li1,301.5300,136.0000,0.000002
FILLER_45_629,VGND,li1,300.1500,136.0000,0.000002
FILLER_45_626,VGND,li1,298.7700,136.0000,0.000002
FILLER_45_623,VGND,li1,297.3900,136.0000,0.000002
FILLER_45_620,VGND,li1,296.0100,136.0000,0.000002
FILLER_45_617,VGND,li1,294.6300,136.0000,0.000002
FILLER_45_613,VGND,li1,292.7900,136.0000,0.000002
FILLER_45_576,VGND,li1,275.5400,136.0000,0.000004
FILLER_45_573,VGND,li1,274.3900,136.0000,0.000004
FILLER_45_570,VGND,li1,273.0100,136.0000,0.000004
FILLER_45_557,VGND,li1,267.0300,136.0000,0.000003
FILLER_45_554,VGND,li1,265.6500,136.0000,0.000003
FILLER_45_551,VGND,li1,264.2700,136.0000,0.000003
FILLER_45_548,VGND,li1,262.8900,136.0000,0.000003
FILLER_45_536,VGND,li1,257.3700,136.0000,0.000002
FILLER_45_532,VGND,li1,255.0700,136.0000,0.000002
FILLER_45_520,VGND,li1,249.5500,136.0000,0.000002
FILLER_45_517,VGND,li1,248.6300,136.0000,0.000002
FILLER_45_505,VGND,li1,243.1100,136.0000,0.000002
FILLER_45_502,VGND,li1,241.5000,136.0000,0.000002
FILLER_45_462,VGND,li1,222.8700,136.0000,0.000002
FILLER_45_459,VGND,li1,221.9500,136.0000,0.000002
FILLER_45_456,VGND,li1,220.5700,136.0000,0.000002
FILLER_45_453,VGND,li1,219.1900,136.0000,0.000002
FILLER_45_449,VGND,li1,216.8900,136.0000,0.000002
FILLER_45_445,VGND,li1,215.5100,136.0000,0.000002
FILLER_45_442,VGND,li1,214.1300,136.0000,0.000002
FILLER_45_439,VGND,li1,212.7500,136.0000,0.000002
FILLER_45_436,VGND,li1,211.3700,136.0000,0.000002
FILLER_45_426,VGND,li1,206.5400,136.0000,0.000001
FILLER_45_423,VGND,li1,205.3900,136.0000,0.000001
FILLER_45_414,VGND,li1,200.7900,136.0000,0.000001
FILLER_45_411,VGND,li1,199.8700,136.0000,0.000001
FILLER_45_408,VGND,li1,198.4900,136.0000,0.000001
FILLER_45_401,VGND,li1,195.2700,136.0000,0.000001
FILLER_45_398,VGND,li1,193.8900,136.0000,0.000001
FILLER_45_389,VGND,li1,189.7500,136.0000,0.000001
FILLER_45_386,VGND,li1,188.3700,136.0000,0.000000
FILLER_45_383,VGND,li1,186.9900,136.0000,0.000000
FILLER_45_373,VGND,li1,181.9300,136.0000,0.000000
FILLER_45_370,VGND,li1,181.0100,136.0000,0.000000
FILLER_45_367,VGND,li1,179.6300,136.0000,0.000000
FILLER_45_364,VGND,li1,178.2500,136.0000,0.000000
FILLER_45_354,VGND,li1,173.1900,136.0000,0.000000
FILLER_45_351,VGND,li1,172.2700,136.0000,0.000000
FILLER_45_348,VGND,li1,170.8900,136.0000,0.000000
FILLER_45_343,VGND,li1,168.3600,136.0000,0.000000
FILLER_45_340,VGND,li1,167.2100,136.0000,0.000000
FILLER_45_334,VGND,li1,164.2200,136.0000,0.000000
FILLER_45_321,VGND,li1,158.0100,136.0000,0.000001
FILLER_45_318,VGND,li1,157.0900,136.0000,0.000001
FILLER_45_315,VGND,li1,155.7100,136.0000,0.000001
FILLER_45_312,VGND,li1,154.3300,136.0000,0.000001
FILLER_45_309,VGND,li1,152.9500,136.0000,0.000001
FILLER_45_293,VGND,li1,145.1300,136.0000,0.000001
FILLER_45_290,VGND,li1,144.2100,136.0000,0.000001
FILLER_45_287,VGND,li1,142.8300,136.0000,0.000001
FILLER_45_284,VGND,li1,141.4500,136.0000,0.000001
FILLER_45_281,VGND,li1,140.0700,136.0000,0.000001
FILLER_45_279,VGND,li1,138.6900,136.0000,0.000001
FILLER_45_276,VGND,li1,137.7700,136.0000,0.000001
FILLER_45_273,VGND,li1,136.3900,136.0000,0.000001
FILLER_45_270,VGND,li1,135.0100,136.0000,0.000002
FILLER_45_267,VGND,li1,133.6300,136.0000,0.000002
FILLER_45_244,VGND,li1,122.8200,136.0000,0.000002
FILLER_45_241,VGND,li1,121.6700,136.0000,0.000002
FILLER_45_238,VGND,li1,120.2900,136.0000,0.000002
FILLER_45_231,VGND,li1,116.6100,136.0000,0.000002
FILLER_45_228,VGND,li1,115.6900,136.0000,0.000001
FILLER_45_225,VGND,li1,114.3100,136.0000,0.000001
FILLER_45_221,VGND,li1,112.4700,136.0000,0.000001
FILLER_45_218,VGND,li1,111.0900,136.0000,0.000001
FILLER_45_215,VGND,li1,109.7100,136.0000,0.000001
FILLER_45_212,VGND,li1,108.3300,136.0000,0.000001
FILLER_45_209,VGND,li1,106.9500,136.0000,0.000001
FILLER_45_206,VGND,li1,105.5700,136.0000,0.000001
FILLER_45_203,VGND,li1,104.1900,136.0000,0.000001
FILLER_45_200,VGND,li1,102.8100,136.0000,0.000001
FILLER_45_197,VGND,li1,101.4300,136.0000,0.000001
FILLER_45_194,VGND,li1,100.0500,136.0000,0.000001
FILLER_45_191,VGND,li1,98.6700,136.0000,0.000001
FILLER_45_188,VGND,li1,97.2900,136.0000,0.000001
FILLER_45_185,VGND,li1,95.9100,136.0000,0.000001
FILLER_45_182,VGND,li1,94.5300,136.0000,0.000001
FILLER_45_179,VGND,li1,93.1500,136.0000,0.000001
FILLER_45_176,VGND,li1,91.7700,136.0000,0.000001
FILLER_45_166,VGND,li1,86.9400,136.0000,0.000001
FILLER_45_163,VGND,li1,85.7900,136.0000,0.000001
FILLER_45_160,VGND,li1,84.4100,136.0000,0.000001
FILLER_45_157,VGND,li1,83.0300,136.0000,0.000001
FILLER_45_154,VGND,li1,81.6500,136.0000,0.000001
FILLER_45_151,VGND,li1,80.2700,136.0000,0.000001
FILLER_45_148,VGND,li1,78.8900,136.0000,0.000001
FILLER_45_134,VGND,li1,71.9900,136.0000,0.000003
FILLER_45_131,VGND,li1,71.0700,136.0000,0.000003
FILLER_45_128,VGND,li1,69.6900,136.0000,0.000003
FILLER_45_125,VGND,li1,68.3100,136.0000,0.000003
FILLER_45_122,VGND,li1,66.9300,136.0000,0.000003
FILLER_45_119,VGND,li1,65.5500,136.0000,0.000004
FILLER_45_116,VGND,li1,64.1700,136.0000,0.000004
FILLER_45_113,VGND,li1,62.7900,136.0000,0.000004
FILLER_45_94,VGND,li1,53.5900,136.0000,0.000004
FILLER_45_88,VGND,li1,51.0600,136.0000,0.000004
FILLER_45_69,VGND,li1,42.3200,136.0000,0.000006
FILLER_45_66,VGND,li1,41.1700,136.0000,0.000007
FILLER_45_38,VGND,li1,28.0600,136.0000,0.000005
FILLER_45_26,VGND,li1,22.7700,136.0000,0.000004
FILLER_45_21,VGND,li1,20.2400,136.0000,0.000004
FILLER_45_18,VGND,li1,19.0900,136.0000,0.000003
FILLER_45_15,VGND,li1,17.7100,136.0000,0.000003
FILLER_45_12,VGND,li1,16.3300,136.0000,0.000003
FILLER_45_9,VGND,li1,14.9500,136.0000,0.000003
FILLER_45_6,VGND,li1,13.5700,136.0000,0.000003
FILLER_45_3,VGND,li1,12.1900,136.0000,0.000003
FILLER_44_645,VGND,li1,307.5100,130.5600,0.000004
FILLER_44_643,VGND,li1,306.1300,130.5600,0.000004
FILLER_44_640,VGND,li1,305.2100,130.5600,0.000004
FILLER_44_637,VGND,li1,303.8300,130.5600,0.000004
FILLER_44_634,VGND,li1,302.4500,130.5600,0.000004
FILLER_44_631,VGND,li1,301.0700,130.5600,0.000004
FILLER_44_628,VGND,li1,299.6900,130.5600,0.000004
FILLER_44_625,VGND,li1,298.3100,130.5600,0.000004
FILLER_44_622,VGND,li1,296.9300,130.5600,0.000004
FILLER_44_619,VGND,li1,295.5500,130.5600,0.000004
FILLER_44_616,VGND,li1,294.1700,130.5600,0.000004
FILLER_44_613,VGND,li1,292.7900,130.5600,0.000004
FILLER_44_585,VGND,li1,279.9100,130.5600,0.000007
FILLER_44_582,VGND,li1,278.5300,130.5600,0.000008
FILLER_44_579,VGND,li1,277.1500,130.5600,0.000008
FILLER_44_570,VGND,li1,272.5500,130.5600,0.000008
FILLER_44_567,VGND,li1,271.6300,130.5600,0.000008
FILLER_44_563,VGND,li1,269.3300,130.5600,0.000008
FILLER_44_560,VGND,li1,268.4100,130.5600,0.000008
FILLER_44_557,VGND,li1,267.0300,130.5600,0.000008
FILLER_44_553,VGND,li1,264.7300,130.5600,0.000008
FILLER_44_550,VGND,li1,263.8100,130.5600,0.000008
FILLER_44_547,VGND,li1,262.4300,130.5600,0.000008
FILLER_44_544,VGND,li1,261.0500,130.5600,0.000007
FILLER_44_541,VGND,li1,259.6700,130.5600,0.000007
FILLER_44_510,VGND,li1,244.9500,130.5600,0.000011
FILLER_44_507,VGND,li1,244.0300,130.5600,0.000011
FILLER_44_504,VGND,li1,242.6500,130.5600,0.000011
FILLER_44_501,VGND,li1,241.2700,130.5600,0.000011
FILLER_44_498,VGND,li1,239.8900,130.5600,0.000012
FILLER_44_495,VGND,li1,238.5100,130.5600,0.000012
FILLER_44_492,VGND,li1,237.1300,130.5600,0.000012
FILLER_44_489,VGND,li1,235.7500,130.5600,0.000012
FILLER_44_473,VGND,li1,228.3900,130.5600,0.000016
FILLER_44_470,VGND,li1,227.0100,130.5600,0.000016
FILLER_44_441,VGND,li1,213.2100,130.5600,0.000021
FILLER_44_438,VGND,li1,212.2900,130.5600,0.000021
FILLER_44_421,VGND,li1,204.0100,130.5600,0.000015
FILLER_44_419,VGND,li1,203.0900,130.5600,0.000015
FILLER_44_416,VGND,li1,202.1700,130.5600,0.000013
FILLER_44_411,VGND,li1,199.6400,130.5600,0.000011
FILLER_44_408,VGND,li1,198.4900,130.5600,0.000011
FILLER_44_405,VGND,li1,197.1100,130.5600,0.000013
FILLER_44_402,VGND,li1,195.7300,130.5600,0.000013
FILLER_44_399,VGND,li1,194.3500,130.5600,0.000014
FILLER_44_396,VGND,li1,192.9700,130.5600,0.000014
FILLER_44_393,VGND,li1,191.5900,130.5600,0.000015
FILLER_44_390,VGND,li1,190.2100,130.5600,0.000015
FILLER_44_387,VGND,li1,188.8300,130.5600,0.000016
FILLER_44_384,VGND,li1,187.4500,130.5600,0.000016
FILLER_44_381,VGND,li1,186.0700,130.5600,0.000017
FILLER_44_378,VGND,li1,184.6900,130.5600,0.000017
FILLER_44_375,VGND,li1,183.3100,130.5600,0.000017
FILLER_44_372,VGND,li1,181.9300,130.5600,0.000017
FILLER_44_363,VGND,li1,177.3300,130.5600,0.000018
FILLER_44_360,VGND,li1,176.4100,130.5600,0.000018
FILLER_44_309,VGND,li1,152.4900,130.5600,0.000009
FILLER_44_307,VGND,li1,151.5700,130.5600,0.000008
FILLER_44_304,VGND,li1,150.6500,130.5600,0.000008
FILLER_44_297,VGND,li1,147.2000,130.5600,0.000006
FILLER_44_294,VGND,li1,146.0500,130.5600,0.000006
FILLER_44_291,VGND,li1,144.6700,130.5600,0.000006
FILLER_44_288,VGND,li1,143.2900,130.5600,0.000005
FILLER_44_285,VGND,li1,141.9100,130.5600,0.000004
FILLER_44_282,VGND,li1,140.5300,130.5600,0.000004
FILLER_44_279,VGND,li1,139.1500,130.5600,0.000003
FILLER_44_271,VGND,li1,135.2400,130.5600,0.000003
FILLER_44_268,VGND,li1,134.0900,130.5600,0.000003
FILLER_44_265,VGND,li1,132.7100,130.5600,0.000003
FILLER_44_262,VGND,li1,131.3300,130.5600,0.000003
FILLER_44_259,VGND,li1,129.9500,130.5600,0.000002
FILLER_44_253,VGND,li1,127.1900,130.5600,0.000002
FILLER_44_250,VGND,li1,125.5800,130.5600,0.000002
FILLER_44_247,VGND,li1,124.4300,130.5600,0.000002
FILLER_44_244,VGND,li1,123.0500,130.5600,0.000002
FILLER_44_241,VGND,li1,121.6700,130.5600,0.000002
FILLER_44_238,VGND,li1,120.2900,130.5600,0.000002
FILLER_44_228,VGND,li1,115.2300,130.5600,0.000001
FILLER_44_225,VGND,li1,114.3100,130.5600,0.000001
FILLER_44_222,VGND,li1,112.9300,130.5600,0.000001
FILLER_44_203,VGND,li1,103.9600,130.5600,0.000001
FILLER_44_200,VGND,li1,102.8100,130.5600,0.000001
FILLER_44_197,VGND,li1,101.4300,130.5600,0.000001
FILLER_44_177,VGND,li1,92.2300,130.5600,0.000001
FILLER_44_174,VGND,li1,90.8500,130.5600,0.000001
FILLER_44_171,VGND,li1,89.4700,130.5600,0.000001
FILLER_44_168,VGND,li1,88.0900,130.5600,0.000001
FILLER_44_165,VGND,li1,86.7100,130.5600,0.000002
FILLER_44_162,VGND,li1,85.3300,130.5600,0.000002
FILLER_44_159,VGND,li1,83.9500,130.5600,0.000002
FILLER_44_156,VGND,li1,82.5700,130.5600,0.000002
FILLER_44_153,VGND,li1,81.1900,130.5600,0.000002
FILLER_44_150,VGND,li1,79.8100,130.5600,0.000002
FILLER_44_147,VGND,li1,78.4300,130.5600,0.000002
FILLER_44_144,VGND,li1,77.0500,130.5600,0.000002
FILLER_44_141,VGND,li1,75.6700,130.5600,0.000003
FILLER_44_138,VGND,li1,74.0600,130.5600,0.000003
FILLER_44_135,VGND,li1,72.9100,130.5600,0.000003
FILLER_44_132,VGND,li1,71.5300,130.5600,0.000004
FILLER_44_129,VGND,li1,70.1500,130.5600,0.000004
FILLER_44_111,VGND,li1,61.4100,130.5600,0.000006
FILLER_44_108,VGND,li1,60.4900,130.5600,0.000007
FILLER_44_105,VGND,li1,59.1100,130.5600,0.000007
FILLER_44_94,VGND,li1,54.0500,130.5600,0.000008
FILLER_44_91,VGND,li1,52.6700,130.5600,0.000008
FILLER_44_88,VGND,li1,51.2900,130.5600,0.000008
FILLER_44_85,VGND,li1,49.9100,130.5600,0.000008
FILLER_44_67,VGND,li1,41.1700,130.5600,0.000015
FILLER_44_64,VGND,li1,40.2500,130.5600,0.000015
FILLER_44_61,VGND,li1,38.8700,130.5600,0.000017
FILLER_44_58,VGND,li1,37.4900,130.5600,0.000018
FILLER_44_55,VGND,li1,36.1100,130.5600,0.000018
FILLER_44_52,VGND,li1,34.7300,130.5600,0.000020
FILLER_44_49,VGND,li1,33.3500,130.5600,0.000022
FILLER_44_29,VGND,li1,24.1500,130.5600,0.000023
FILLER_43_647,VGND,li1,307.9700,130.5600,0.000004
FILLER_43_644,VGND,li1,307.0500,130.5600,0.000004
FILLER_43_641,VGND,li1,305.6700,130.5600,0.000004
FILLER_43_638,VGND,li1,304.2900,130.5600,0.000004
FILLER_43_635,VGND,li1,302.9100,130.5600,0.000004
FILLER_43_632,VGND,li1,301.5300,130.5600,0.000004
FILLER_43_629,VGND,li1,300.1500,130.5600,0.000004
FILLER_43_626,VGND,li1,298.7700,130.5600,0.000004
FILLER_43_623,VGND,li1,297.3900,130.5600,0.000004
FILLER_43_620,VGND,li1,296.0100,130.5600,0.000004
FILLER_43_614,VGND,li1,293.0200,130.5600,0.000004
FILLER_43_576,VGND,li1,275.3100,130.5600,0.000008
FILLER_43_573,VGND,li1,274.3900,130.5600,0.000008
FILLER_43_570,VGND,li1,273.0100,130.5600,0.000008
FILLER_43_567,VGND,li1,271.6300,130.5600,0.000008
FILLER_43_564,VGND,li1,270.2500,130.5600,0.000008
FILLER_43_561,VGND,li1,268.8700,130.5600,0.000008
FILLER_43_537,VGND,li1,257.6000,130.5600,0.000007
FILLER_43_505,VGND,li1,242.8800,130.5600,0.000011
FILLER_43_503,VGND,li1,241.7300,130.5600,0.000011
FILLER_43_484,VGND,li1,233.4500,130.5600,0.000012
FILLER_43_481,VGND,li1,232.0700,130.5600,0.000013
FILLER_43_470,VGND,li1,227.0100,130.5600,0.000016
FILLER_43_445,VGND,li1,215.5100,130.5600,0.000022
FILLER_43_442,VGND,li1,214.1300,130.5600,0.000022
FILLER_43_351,VGND,li1,172.0400,130.5600,0.000018
FILLER_43_348,VGND,li1,170.8900,130.5600,0.000018
FILLER_43_345,VGND,li1,169.5100,130.5600,0.000014
FILLER_43_334,VGND,li1,164.2200,130.5600,0.000014
FILLER_43_310,VGND,li1,152.9500,130.5600,0.000009
FILLER_43_307,VGND,li1,152.0300,130.5600,0.000008
FILLER_43_304,VGND,li1,150.6500,130.5600,0.000008
FILLER_43_301,VGND,li1,149.2700,130.5600,0.000007
FILLER_43_290,VGND,li1,143.9800,130.5600,0.000005
FILLER_43_287,VGND,li1,142.8300,130.5600,0.000005
FILLER_43_284,VGND,li1,141.4500,130.5600,0.000004
FILLER_43_281,VGND,li1,140.0700,130.5600,0.000003
FILLER_43_271,VGND,li1,135.0100,130.5600,0.000003
FILLER_43_260,VGND,li1,130.1800,130.5600,0.000002
FILLER_43_244,VGND,li1,123.0500,130.5600,0.000002
FILLER_43_241,VGND,li1,121.6700,130.5600,0.000002
FILLER_43_238,VGND,li1,120.2900,130.5600,0.000002
FILLER_43_228,VGND,li1,115.4600,130.5600,0.000001
FILLER_43_225,VGND,li1,114.3100,130.5600,0.000001
FILLER_43_221,VGND,li1,112.4700,130.5600,0.000001
FILLER_43_212,VGND,li1,108.3300,130.5600,0.000001
FILLER_43_209,VGND,li1,106.9500,130.5600,0.000001
FILLER_43_206,VGND,li1,105.5700,130.5600,0.000001
FILLER_43_203,VGND,li1,104.1900,130.5600,0.000001
FILLER_43_200,VGND,li1,102.8100,130.5600,0.000001
FILLER_43_197,VGND,li1,101.4300,130.5600,0.000001
FILLER_43_186,VGND,li1,96.3700,130.5600,0.000001
FILLER_43_183,VGND,li1,94.9900,130.5600,0.000001
FILLER_43_180,VGND,li1,93.6100,130.5600,0.000001
FILLER_43_177,VGND,li1,92.2300,130.5600,0.000001
FILLER_43_174,VGND,li1,90.8500,130.5600,0.000001
FILLER_43_158,VGND,li1,83.2600,130.5600,0.000002
FILLER_43_147,VGND,li1,78.2000,130.5600,0.000002
FILLER_43_134,VGND,li1,71.9900,130.5600,0.000003
FILLER_43_131,VGND,li1,71.0700,130.5600,0.000004
FILLER_43_125,VGND,li1,68.0800,130.5600,0.000004
FILLER_43_122,VGND,li1,66.9300,130.5600,0.000005
FILLER_43_119,VGND,li1,65.5500,130.5600,0.000005
FILLER_43_116,VGND,li1,64.1700,130.5600,0.000006
FILLER_43_113,VGND,li1,62.7900,130.5600,0.000006
FILLER_43_111,VGND,li1,61.4100,130.5600,0.000006
FILLER_43_108,VGND,li1,60.4900,130.5600,0.000007
FILLER_43_105,VGND,li1,59.1100,130.5600,0.000007
FILLER_43_69,VGND,li1,42.3200,130.5600,0.000014
FILLER_43_66,VGND,li1,41.1700,130.5600,0.000015
FILLER_43_63,VGND,li1,39.7900,130.5600,0.000017
FILLER_43_60,VGND,li1,38.4100,130.5600,0.000017
FILLER_43_57,VGND,li1,37.0300,130.5600,0.000018
FILLER_43_51,VGND,li1,33.8100,130.5600,0.000020
FILLER_43_20,VGND,li1,20.0100,130.5600,0.000018
FILLER_43_11,VGND,li1,15.4100,130.5600,0.000015
FILLER_42_645,VGND,li1,307.5100,125.1200,0.000006
FILLER_42_642,VGND,li1,305.9000,125.1200,0.000006
FILLER_42_639,VGND,li1,304.7500,125.1200,0.000006
FILLER_42_636,VGND,li1,303.3700,125.1200,0.000006
FILLER_42_633,VGND,li1,301.9900,125.1200,0.000006
FILLER_42_630,VGND,li1,300.6100,125.1200,0.000006
FILLER_42_627,VGND,li1,299.2300,125.1200,0.000006
FILLER_42_624,VGND,li1,297.8500,125.1200,0.000006
FILLER_42_621,VGND,li1,296.4700,125.1200,0.000006
FILLER_42_618,VGND,li1,295.0900,125.1200,0.000006
FILLER_42_615,VGND,li1,293.7100,125.1200,0.000006
FILLER_42_592,VGND,li1,282.9000,125.1200,0.000008
FILLER_42_565,VGND,li1,270.4800,125.1200,0.000011
FILLER_42_562,VGND,li1,269.3300,125.1200,0.000011
FILLER_42_542,VGND,li1,259.9000,125.1200,0.000011
FILLER_42_539,VGND,li1,258.7500,125.1200,0.000011
FILLER_42_536,VGND,li1,257.3700,125.1200,0.000014
FILLER_42_533,VGND,li1,255.9900,125.1200,0.000014
FILLER_42_531,VGND,li1,254.6100,125.1200,0.000017
FILLER_42_528,VGND,li1,253.6900,125.1200,0.000017
FILLER_42_519,VGND,li1,249.0900,125.1200,0.000023
FILLER_42_516,VGND,li1,248.1700,125.1200,0.000026
FILLER_42_513,VGND,li1,246.7900,125.1200,0.000026
FILLER_42_510,VGND,li1,245.4100,125.1200,0.000024
FILLER_42_474,VGND,li1,228.6200,125.1200,0.000008
FILLER_42_471,VGND,li1,227.4700,125.1200,0.000008
FILLER_42_468,VGND,li1,226.0900,125.1200,0.000008
FILLER_42_456,VGND,li1,220.1100,125.1200,0.000008
FILLER_42_445,VGND,li1,215.2800,125.1200,0.000008
FILLER_42_425,VGND,li1,206.3100,125.1200,0.000007
FILLER_42_421,VGND,li1,204.0100,125.1200,0.000006
FILLER_42_414,VGND,li1,200.7900,125.1200,0.000005
FILLER_42_403,VGND,li1,196.1900,125.1200,0.000004
FILLER_42_400,VGND,li1,194.8100,125.1200,0.000004
FILLER_42_393,VGND,li1,191.3600,125.1200,0.000004
FILLER_42_384,VGND,li1,186.9900,125.1200,0.000004
FILLER_42_374,VGND,li1,182.3900,125.1200,0.000004
FILLER_42_371,VGND,li1,181.4700,125.1200,0.000004
FILLER_42_368,VGND,li1,180.0900,125.1200,0.000004
FILLER_42_365,VGND,li1,178.7100,125.1200,0.000004
FILLER_42_361,VGND,li1,176.8700,125.1200,0.000004
FILLER_42_352,VGND,li1,172.2700,125.1200,0.000004
FILLER_42_342,VGND,li1,167.6700,125.1200,0.000004
FILLER_42_336,VGND,li1,164.9100,125.1200,0.000005
FILLER_42_333,VGND,li1,163.9900,125.1200,0.000005
FILLER_42_309,VGND,li1,152.9500,125.1200,0.000005
FILLER_42_301,VGND,li1,149.2700,125.1200,0.000005
FILLER_42_298,VGND,li1,147.8900,125.1200,0.000005
FILLER_42_287,VGND,li1,142.6000,125.1200,0.000004
FILLER_42_284,VGND,li1,141.4500,125.1200,0.000004
FILLER_42_281,VGND,li1,140.0700,125.1200,0.000003
FILLER_42_273,VGND,li1,135.9300,125.1200,0.000004
FILLER_42_270,VGND,li1,135.0100,125.1200,0.000004
FILLER_42_267,VGND,li1,133.6300,125.1200,0.000004
FILLER_42_264,VGND,li1,132.2500,125.1200,0.000004
FILLER_42_253,VGND,li1,126.7300,125.1200,0.000005
FILLER_42_249,VGND,li1,125.3500,125.1200,0.000005
FILLER_42_246,VGND,li1,123.9700,125.1200,0.000004
FILLER_42_239,VGND,li1,120.7500,125.1200,0.000004
FILLER_42_236,VGND,li1,119.3700,125.1200,0.000004
FILLER_42_233,VGND,li1,117.9900,125.1200,0.000004
FILLER_42_230,VGND,li1,116.6100,125.1200,0.000004
FILLER_42_227,VGND,li1,115.2300,125.1200,0.000004
FILLER_42_224,VGND,li1,113.8500,125.1200,0.000004
FILLER_42_221,VGND,li1,112.4700,125.1200,0.000004
FILLER_42_218,VGND,li1,111.0900,125.1200,0.000004
FILLER_42_215,VGND,li1,109.7100,125.1200,0.000003
FILLER_42_212,VGND,li1,108.3300,125.1200,0.000003
FILLER_42_209,VGND,li1,106.9500,125.1200,0.000004
FILLER_42_206,VGND,li1,105.5700,125.1200,0.000004
FILLER_42_203,VGND,li1,104.1900,125.1200,0.000005
FILLER_42_200,VGND,li1,102.8100,125.1200,0.000005
FILLER_42_197,VGND,li1,101.4300,125.1200,0.000006
FILLER_42_194,VGND,li1,99.8200,125.1200,0.000007
FILLER_42_191,VGND,li1,98.6700,125.1200,0.000007
FILLER_42_188,VGND,li1,97.2900,125.1200,0.000007
FILLER_42_185,VGND,li1,95.9100,125.1200,0.000008
FILLER_42_182,VGND,li1,94.5300,125.1200,0.000008
FILLER_42_179,VGND,li1,93.1500,125.1200,0.000009
FILLER_42_176,VGND,li1,91.7700,125.1200,0.000009
FILLER_42_173,VGND,li1,90.3900,125.1200,0.000009
FILLER_42_166,VGND,li1,86.9400,125.1200,0.000011
FILLER_42_163,VGND,li1,85.7900,125.1200,0.000011
FILLER_42_160,VGND,li1,84.4100,125.1200,0.000011
FILLER_42_157,VGND,li1,83.0300,125.1200,0.000012
FILLER_42_147,VGND,li1,78.2000,125.1200,0.000017
FILLER_42_144,VGND,li1,77.0500,125.1200,0.000017
FILLER_42_141,VGND,li1,75.6700,125.1200,0.000017
FILLER_42_138,VGND,li1,74.0600,125.1200,0.000016
FILLER_42_135,VGND,li1,72.9100,125.1200,0.000016
FILLER_42_132,VGND,li1,71.5300,125.1200,0.000016
FILLER_42_129,VGND,li1,70.1500,125.1200,0.000015
FILLER_42_126,VGND,li1,68.7700,125.1200,0.000015
FILLER_42_123,VGND,li1,67.3900,125.1200,0.000015
FILLER_42_120,VGND,li1,66.0100,125.1200,0.000015
FILLER_42_85,VGND,li1,49.4500,125.1200,0.000007
FILLER_42_73,VGND,li1,44.1600,125.1200,0.000008
FILLER_42_50,VGND,li1,33.8100,125.1200,0.000007
FILLER_42_32,VGND,li1,25.0700,125.1200,0.000006
FILLER_42_29,VGND,li1,24.1500,125.1200,0.000006
FILLER_42_27,VGND,li1,22.7700,125.1200,0.000006
FILLER_42_24,VGND,li1,21.8500,125.1200,0.000006
FILLER_42_21,VGND,li1,20.4700,125.1200,0.000005
FILLER_42_3,VGND,li1,11.7300,125.1200,0.000005
FILLER_41_647,VGND,li1,307.9700,125.1200,0.000006
FILLER_41_644,VGND,li1,307.0500,125.1200,0.000006
FILLER_41_641,VGND,li1,305.6700,125.1200,0.000006
FILLER_41_638,VGND,li1,304.2900,125.1200,0.000006
FILLER_41_635,VGND,li1,302.9100,125.1200,0.000006
FILLER_41_632,VGND,li1,301.5300,125.1200,0.000006
FILLER_41_629,VGND,li1,300.1500,125.1200,0.000006
FILLER_41_626,VGND,li1,298.7700,125.1200,0.000006
FILLER_41_623,VGND,li1,297.3900,125.1200,0.000006
FILLER_41_620,VGND,li1,296.0100,125.1200,0.000006
FILLER_41_617,VGND,li1,294.6300,125.1200,0.000006
FILLER_41_594,VGND,li1,283.5900,125.1200,0.000008
FILLER_41_591,VGND,li1,282.6700,125.1200,0.000008
FILLER_41_588,VGND,li1,281.2900,125.1200,0.000009
FILLER_41_585,VGND,li1,279.9100,125.1200,0.000010
FILLER_41_571,VGND,li1,273.4700,125.1200,0.000011
FILLER_41_559,VGND,li1,267.4900,125.1200,0.000011
FILLER_41_551,VGND,li1,264.0400,125.1200,0.000011
FILLER_41_548,VGND,li1,262.8900,125.1200,0.000011
FILLER_41_539,VGND,li1,258.2900,125.1200,0.000011
FILLER_41_536,VGND,li1,257.3700,125.1200,0.000014
FILLER_41_527,VGND,li1,252.7700,125.1200,0.000020
FILLER_41_505,VGND,li1,242.8800,125.1200,0.000022
FILLER_41_501,VGND,li1,241.2700,125.1200,0.000022
FILLER_41_498,VGND,li1,239.8900,125.1200,0.000019
FILLER_41_493,VGND,li1,237.3600,125.1200,0.000017
FILLER_41_490,VGND,li1,236.2100,125.1200,0.000017
FILLER_41_484,VGND,li1,233.4500,125.1200,0.000013
FILLER_41_481,VGND,li1,232.0700,125.1200,0.000013
FILLER_41_478,VGND,li1,230.6900,125.1200,0.000010
FILLER_41_460,VGND,li1,222.1800,125.1200,0.000008
FILLER_41_446,VGND,li1,215.7400,125.1200,0.000008
FILLER_41_443,VGND,li1,214.5900,125.1200,0.000008
FILLER_41_400,VGND,li1,194.3500,125.1200,0.000004
FILLER_41_397,VGND,li1,193.4300,125.1200,0.000004
FILLER_41_391,VGND,li1,190.2100,125.1200,0.000004
FILLER_41_381,VGND,li1,185.8400,125.1200,0.000004
FILLER_41_378,VGND,li1,184.6900,125.1200,0.000004
FILLER_41_366,VGND,li1,178.9400,125.1200,0.000004
FILLER_41_337,VGND,li1,165.3700,125.1200,0.000004
FILLER_41_335,VGND,li1,164.4500,125.1200,0.000005
FILLER_41_332,VGND,li1,163.5300,125.1200,0.000005
FILLER_41_329,VGND,li1,162.1500,125.1200,0.000005
FILLER_41_326,VGND,li1,160.7700,125.1200,0.000005
FILLER_41_323,VGND,li1,159.3900,125.1200,0.000006
FILLER_41_320,VGND,li1,158.0100,125.1200,0.000005
FILLER_41_317,VGND,li1,156.6300,125.1200,0.000005
FILLER_41_305,VGND,li1,150.8800,125.1200,0.000005
FILLER_41_302,VGND,li1,149.7300,125.1200,0.000005
FILLER_41_299,VGND,li1,148.3500,125.1200,0.000005
FILLER_41_296,VGND,li1,146.9700,125.1200,0.000005
FILLER_41_284,VGND,li1,140.9900,125.1200,0.000004
FILLER_41_281,VGND,li1,140.0700,125.1200,0.000003
FILLER_41_278,VGND,li1,138.4600,125.1200,0.000003
FILLER_41_275,VGND,li1,137.3100,125.1200,0.000003
FILLER_41_272,VGND,li1,135.9300,125.1200,0.000004
FILLER_41_269,VGND,li1,134.5500,125.1200,0.000004
FILLER_41_266,VGND,li1,133.1700,125.1200,0.000004
FILLER_41_244,VGND,li1,122.5900,125.1200,0.000004
FILLER_41_231,VGND,li1,116.8400,125.1200,0.000004
FILLER_41_228,VGND,li1,115.6900,125.1200,0.000004
FILLER_41_225,VGND,li1,114.3100,125.1200,0.000004
FILLER_41_216,VGND,li1,109.7100,125.1200,0.000003
FILLER_41_204,VGND,li1,104.1900,125.1200,0.000005
FILLER_41_201,VGND,li1,103.2700,125.1200,0.000005
FILLER_41_198,VGND,li1,101.8900,125.1200,0.000006
FILLER_41_195,VGND,li1,100.5100,125.1200,0.000006
FILLER_41_187,VGND,li1,96.8300,125.1200,0.000007
FILLER_41_184,VGND,li1,95.4500,125.1200,0.000008
FILLER_41_181,VGND,li1,94.0700,125.1200,0.000009
FILLER_41_178,VGND,li1,92.6900,125.1200,0.000009
FILLER_41_175,VGND,li1,91.3100,125.1200,0.000009
FILLER_41_172,VGND,li1,89.9300,125.1200,0.000010
FILLER_41_169,VGND,li1,88.5500,125.1200,0.000010
FILLER_41_167,VGND,li1,87.1700,125.1200,0.000011
FILLER_41_164,VGND,li1,86.2500,125.1200,0.000011
FILLER_41_161,VGND,li1,84.8700,125.1200,0.000011
FILLER_41_158,VGND,li1,83.4900,125.1200,0.000012
FILLER_41_155,VGND,li1,82.1100,125.1200,0.000012
FILLER_41_127,VGND,li1,68.7700,125.1200,0.000015
FILLER_41_119,VGND,li1,65.3200,125.1200,0.000014
FILLER_41_116,VGND,li1,64.1700,125.1200,0.000014
FILLER_41_113,VGND,li1,62.7900,125.1200,0.000013
FILLER_41_76,VGND,li1,45.5400,125.1200,0.000008
FILLER_41_73,VGND,li1,44.3900,125.1200,0.000008
FILLER_41_57,VGND,li1,36.5700,125.1200,0.000008
FILLER_41_54,VGND,li1,35.4200,125.1200,0.000007
FILLER_41_49,VGND,li1,32.8900,125.1200,0.000007
FILLER_41_46,VGND,li1,31.9700,125.1200,0.000007
FILLER_41_36,VGND,li1,27.1400,125.1200,0.000007
FILLER_40_645,VGND,li1,307.5100,119.6800,0.000003
FILLER_40_642,VGND,li1,305.9000,119.6800,0.000003
FILLER_40_639,VGND,li1,304.7500,119.6800,0.000003
FILLER_40_636,VGND,li1,303.3700,119.6800,0.000003
FILLER_40_633,VGND,li1,301.9900,119.6800,0.000003
FILLER_40_630,VGND,li1,300.6100,119.6800,0.000003
FILLER_40_627,VGND,li1,299.2300,119.6800,0.000003
FILLER_40_624,VGND,li1,297.8500,119.6800,0.000003
FILLER_40_621,VGND,li1,296.4700,119.6800,0.000003
FILLER_40_618,VGND,li1,295.0900,119.6800,0.000003
FILLER_40_615,VGND,li1,293.7100,119.6800,0.000003
FILLER_40_612,VGND,li1,292.3300,119.6800,0.000003
FILLER_40_609,VGND,li1,290.9500,119.6800,0.000003
FILLER_40_589,VGND,li1,281.7500,119.6800,0.000006
FILLER_40_585,VGND,li1,279.9100,119.6800,0.000006
FILLER_40_572,VGND,li1,273.7000,119.6800,0.000007
FILLER_40_569,VGND,li1,272.5500,119.6800,0.000007
FILLER_40_566,VGND,li1,271.1700,119.6800,0.000006
FILLER_40_563,VGND,li1,269.7900,119.6800,0.000006
FILLER_40_553,VGND,li1,264.9600,119.6800,0.000006
FILLER_40_548,VGND,li1,262.6600,119.6800,0.000006
FILLER_40_545,VGND,li1,261.5100,119.6800,0.000006
FILLER_40_542,VGND,li1,260.1300,119.6800,0.000006
FILLER_40_539,VGND,li1,258.7500,119.6800,0.000005
FILLER_40_536,VGND,li1,257.3700,119.6800,0.000005
FILLER_40_533,VGND,li1,255.9900,119.6800,0.000006
FILLER_40_529,VGND,li1,254.1500,119.6800,0.000007
FILLER_40_526,VGND,li1,252.7700,119.6800,0.000007
FILLER_40_503,VGND,li1,241.9600,119.6800,0.000009
FILLER_40_500,VGND,li1,240.8100,119.6800,0.000010
FILLER_40_497,VGND,li1,239.4300,119.6800,0.000010
FILLER_40_494,VGND,li1,238.0500,119.6800,0.000010
FILLER_40_491,VGND,li1,236.6700,119.6800,0.000010
FILLER_40_488,VGND,li1,235.2900,119.6800,0.000010
FILLER_40_485,VGND,li1,233.9100,119.6800,0.000010
FILLER_40_468,VGND,li1,225.8600,119.6800,0.000014
FILLER_40_462,VGND,li1,223.1000,119.6800,0.000017
FILLER_40_400,VGND,li1,194.8100,119.6800,0.000017
FILLER_40_397,VGND,li1,193.4300,119.6800,0.000016
FILLER_40_371,VGND,li1,181.0100,119.6800,0.000012
FILLER_40_368,VGND,li1,180.0900,119.6800,0.000012
FILLER_40_365,VGND,li1,178.7100,119.6800,0.000010
FILLER_40_362,VGND,li1,177.1000,119.6800,0.000010
FILLER_40_352,VGND,li1,172.5000,119.6800,0.000007
FILLER_40_327,VGND,li1,160.7700,119.6800,0.000006
FILLER_40_324,VGND,li1,159.8500,119.6800,0.000006
FILLER_40_321,VGND,li1,158.4700,119.6800,0.000006
FILLER_40_315,VGND,li1,155.4800,119.6800,0.000006
FILLER_40_312,VGND,li1,154.3300,119.6800,0.000006
FILLER_40_309,VGND,li1,152.9500,119.6800,0.000006
FILLER_40_306,VGND,li1,151.3400,119.6800,0.000006
FILLER_40_270,VGND,li1,134.5500,119.6800,0.000004
FILLER_40_267,VGND,li1,133.6300,119.6800,0.000004
FILLER_40_259,VGND,li1,129.9500,119.6800,0.000005
FILLER_40_256,VGND,li1,128.5700,119.6800,0.000005
FILLER_40_253,VGND,li1,127.1900,119.6800,0.000005
FILLER_40_249,VGND,li1,125.3500,119.6800,0.000006
FILLER_40_246,VGND,li1,123.9700,119.6800,0.000006
FILLER_40_224,VGND,li1,113.3900,119.6800,0.000004
FILLER_40_221,VGND,li1,112.4700,119.6800,0.000004
FILLER_40_218,VGND,li1,111.0900,119.6800,0.000003
FILLER_40_215,VGND,li1,109.7100,119.6800,0.000002
FILLER_40_212,VGND,li1,108.3300,119.6800,0.000002
FILLER_40_209,VGND,li1,106.9500,119.6800,0.000002
FILLER_40_206,VGND,li1,105.5700,119.6800,0.000002
FILLER_40_203,VGND,li1,104.1900,119.6800,0.000002
FILLER_40_200,VGND,li1,102.8100,119.6800,0.000002
FILLER_40_197,VGND,li1,101.4300,119.6800,0.000002
FILLER_40_193,VGND,li1,99.5900,119.6800,0.000002
FILLER_40_190,VGND,li1,98.2100,119.6800,0.000002
FILLER_40_187,VGND,li1,96.8300,119.6800,0.000002
FILLER_40_184,VGND,li1,95.4500,119.6800,0.000002
FILLER_40_177,VGND,li1,92.0000,119.6800,0.000002
FILLER_40_174,VGND,li1,90.8500,119.6800,0.000002
FILLER_40_164,VGND,li1,86.0200,119.6800,0.000002
FILLER_40_161,VGND,li1,84.8700,119.6800,0.000002
FILLER_40_150,VGND,li1,79.3500,119.6800,0.000001
FILLER_40_147,VGND,li1,78.4300,119.6800,0.000001
FILLER_40_144,VGND,li1,77.0500,119.6800,0.000002
FILLER_40_141,VGND,li1,75.6700,119.6800,0.000002
FILLER_40_138,VGND,li1,74.0600,119.6800,0.000002
FILLER_40_128,VGND,li1,69.6900,119.6800,0.000003
FILLER_40_125,VGND,li1,68.3100,119.6800,0.000003
FILLER_40_122,VGND,li1,66.9300,119.6800,0.000003
FILLER_40_119,VGND,li1,65.5500,119.6800,0.000003
FILLER_40_116,VGND,li1,64.1700,119.6800,0.000004
FILLER_40_113,VGND,li1,62.7900,119.6800,0.000004
FILLER_40_110,VGND,li1,61.4100,119.6800,0.000004
FILLER_40_91,VGND,li1,52.4400,119.6800,0.000004
FILLER_40_88,VGND,li1,51.2900,119.6800,0.000004
FILLER_40_85,VGND,li1,49.9100,119.6800,0.000004
FILLER_40_66,VGND,li1,40.7100,119.6800,0.000007
FILLER_40_63,VGND,li1,39.7900,119.6800,0.000007
FILLER_40_49,VGND,li1,32.8900,119.6800,0.000008
FILLER_40_46,VGND,li1,31.9700,119.6800,0.000008
FILLER_40_27,VGND,li1,22.7700,119.6800,0.000007
FILLER_40_24,VGND,li1,21.8500,119.6800,0.000007
FILLER_40_6,VGND,li1,13.1100,119.6800,0.000006
FILLER_40_3,VGND,li1,12.1900,119.6800,0.000006
FILLER_39_647,VGND,li1,307.9700,119.6800,0.000003
FILLER_39_644,VGND,li1,307.0500,119.6800,0.000003
FILLER_39_641,VGND,li1,305.6700,119.6800,0.000003
FILLER_39_638,VGND,li1,304.2900,119.6800,0.000003
FILLER_39_635,VGND,li1,302.9100,119.6800,0.000003
FILLER_39_632,VGND,li1,301.5300,119.6800,0.000003
FILLER_39_629,VGND,li1,300.1500,119.6800,0.000003
FILLER_39_626,VGND,li1,298.7700,119.6800,0.000003
FILLER_39_623,VGND,li1,297.3900,119.6800,0.000003
FILLER_39_620,VGND,li1,296.0100,119.6800,0.000003
FILLER_39_617,VGND,li1,294.6300,119.6800,0.000003
FILLER_39_615,VGND,li1,293.2500,119.6800,0.000003
FILLER_39_612,VGND,li1,292.3300,119.6800,0.000003
FILLER_39_609,VGND,li1,290.9500,119.6800,0.000003
FILLER_39_557,VGND,li1,267.0300,119.6800,0.000006
FILLER_39_554,VGND,li1,265.6500,119.6800,0.000006
FILLER_39_551,VGND,li1,264.2700,119.6800,0.000006
FILLER_39_529,VGND,li1,253.6900,119.6800,0.000007
FILLER_39_526,VGND,li1,252.7700,119.6800,0.000007
FILLER_39_505,VGND,li1,242.6500,119.6800,0.000009
FILLER_39_501,VGND,li1,241.2700,119.6800,0.000010
FILLER_39_498,VGND,li1,239.8900,119.6800,0.000010
FILLER_39_495,VGND,li1,238.5100,119.6800,0.000010
FILLER_39_484,VGND,li1,233.4500,119.6800,0.000010
FILLER_39_481,VGND,li1,232.0700,119.6800,0.000011
FILLER_39_478,VGND,li1,230.6900,119.6800,0.000011
FILLER_39_475,VGND,li1,229.3100,119.6800,0.000011
FILLER_39_472,VGND,li1,227.9300,119.6800,0.000011
FILLER_39_469,VGND,li1,226.5500,119.6800,0.000014
FILLER_39_466,VGND,li1,225.1700,119.6800,0.000014
FILLER_39_463,VGND,li1,223.7900,119.6800,0.000017
FILLER_39_447,VGND,li1,215.9700,119.6800,0.000027
FILLER_39_416,VGND,li1,202.1700,119.6800,0.000022
FILLER_39_408,VGND,li1,198.0300,119.6800,0.000017
FILLER_39_405,VGND,li1,197.1100,119.6800,0.000017
FILLER_39_402,VGND,li1,195.7300,119.6800,0.000017
FILLER_39_399,VGND,li1,194.3500,119.6800,0.000016
FILLER_39_396,VGND,li1,192.9700,119.6800,0.000016
FILLER_39_393,VGND,li1,191.5900,119.6800,0.000016
FILLER_39_391,VGND,li1,190.2100,119.6800,0.000016
FILLER_39_388,VGND,li1,189.2900,119.6800,0.000015
FILLER_39_377,VGND,li1,183.7700,119.6800,0.000013
FILLER_39_374,VGND,li1,182.8500,119.6800,0.000013
FILLER_39_371,VGND,li1,181.4700,119.6800,0.000012
FILLER_39_368,VGND,li1,180.0900,119.6800,0.000012
FILLER_39_365,VGND,li1,178.7100,119.6800,0.000010
FILLER_39_362,VGND,li1,177.3300,119.6800,0.000010
FILLER_39_359,VGND,li1,175.9500,119.6800,0.000010
FILLER_39_356,VGND,li1,174.5700,119.6800,0.000008
FILLER_39_351,VGND,li1,172.0400,119.6800,0.000007
FILLER_39_348,VGND,li1,170.8900,119.6800,0.000007
FILLER_39_337,VGND,li1,165.8300,119.6800,0.000006
FILLER_39_335,VGND,li1,164.4500,119.6800,0.000006
FILLER_39_326,VGND,li1,160.5400,119.6800,0.000006
FILLER_39_318,VGND,li1,156.6300,119.6800,0.000006
FILLER_39_315,VGND,li1,155.7100,119.6800,0.000006
FILLER_39_312,VGND,li1,154.3300,119.6800,0.000006
FILLER_39_309,VGND,li1,152.9500,119.6800,0.000006
FILLER_39_306,VGND,li1,151.5700,119.6800,0.000006
FILLER_39_298,VGND,li1,147.4300,119.6800,0.000005
FILLER_39_295,VGND,li1,146.5100,119.6800,0.000005
FILLER_39_290,VGND,li1,143.9800,119.6800,0.000005
FILLER_39_287,VGND,li1,142.8300,119.6800,0.000004
FILLER_39_284,VGND,li1,141.4500,119.6800,0.000004
FILLER_39_281,VGND,li1,140.0700,119.6800,0.000004
FILLER_39_279,VGND,li1,138.6900,119.6800,0.000004
FILLER_39_270,VGND,li1,134.7800,119.6800,0.000004
FILLER_39_267,VGND,li1,133.6300,119.6800,0.000004
FILLER_39_264,VGND,li1,132.2500,119.6800,0.000004
FILLER_39_231,VGND,li1,116.6100,119.6800,0.000005
FILLER_39_228,VGND,li1,115.6900,119.6800,0.000004
FILLER_39_225,VGND,li1,114.3100,119.6800,0.000004
FILLER_39_223,VGND,li1,112.9300,119.6800,0.000004
FILLER_39_220,VGND,li1,112.0100,119.6800,0.000003
FILLER_39_217,VGND,li1,110.6300,119.6800,0.000003
FILLER_39_214,VGND,li1,109.2500,119.6800,0.000002
FILLER_39_211,VGND,li1,107.8700,119.6800,0.000002
FILLER_39_208,VGND,li1,106.4900,119.6800,0.000002
FILLER_39_205,VGND,li1,105.1100,119.6800,0.000002
FILLER_39_202,VGND,li1,103.7300,119.6800,0.000002
FILLER_39_199,VGND,li1,102.3500,119.6800,0.000002
FILLER_39_196,VGND,li1,100.9700,119.6800,0.000002
FILLER_39_193,VGND,li1,99.5900,119.6800,0.000002
FILLER_39_190,VGND,li1,98.2100,119.6800,0.000002
FILLER_39_175,VGND,li1,90.8500,119.6800,0.000002
FILLER_39_172,VGND,li1,89.9300,119.6800,0.000002
FILLER_39_169,VGND,li1,88.5500,119.6800,0.000002
FILLER_39_167,VGND,li1,87.1700,119.6800,0.000002
FILLER_39_164,VGND,li1,86.2500,119.6800,0.000002
FILLER_39_161,VGND,li1,84.8700,119.6800,0.000002
FILLER_39_158,VGND,li1,83.4900,119.6800,0.000002
FILLER_39_155,VGND,li1,82.1100,119.6800,0.000002
FILLER_39_152,VGND,li1,80.7300,119.6800,0.000002
FILLER_39_149,VGND,li1,79.3500,119.6800,0.000001
FILLER_39_146,VGND,li1,77.9700,119.6800,0.000002
FILLER_39_143,VGND,li1,76.5900,119.6800,0.000002
FILLER_39_140,VGND,li1,75.2100,119.6800,0.000002
FILLER_39_131,VGND,li1,70.8400,119.6800,0.000003
FILLER_39_128,VGND,li1,69.6900,119.6800,0.000003
FILLER_39_125,VGND,li1,68.3100,119.6800,0.000003
FILLER_39_122,VGND,li1,66.9300,119.6800,0.000003
FILLER_39_119,VGND,li1,65.5500,119.6800,0.000003
FILLER_39_116,VGND,li1,64.1700,119.6800,0.000004
FILLER_39_113,VGND,li1,62.7900,119.6800,0.000004
FILLER_39_109,VGND,li1,60.9500,119.6800,0.000004
FILLER_39_99,VGND,li1,56.1200,119.6800,0.000005
FILLER_39_96,VGND,li1,54.9700,119.6800,0.000005
FILLER_39_93,VGND,li1,53.5900,119.6800,0.000004
FILLER_39_90,VGND,li1,52.2100,119.6800,0.000004
FILLER_39_84,VGND,li1,49.2200,119.6800,0.000004
FILLER_39_75,VGND,li1,44.8500,119.6800,0.000006
FILLER_39_72,VGND,li1,43.9300,119.6800,0.000006
FILLER_39_69,VGND,li1,42.5500,119.6800,0.000006
FILLER_39_66,VGND,li1,41.1700,119.6800,0.000007
FILLER_39_63,VGND,li1,39.7900,119.6800,0.000007
FILLER_39_53,VGND,li1,35.1900,119.6800,0.000008
FILLER_39_50,VGND,li1,33.8100,119.6800,0.000008
FILLER_39_47,VGND,li1,32.4300,119.6800,0.000008
FILLER_39_28,VGND,li1,23.4600,119.6800,0.000008
FILLER_38_645,VGND,li1,307.5100,114.2400,0.000001
FILLER_38_642,VGND,li1,305.9000,114.2400,0.000001
FILLER_38_639,VGND,li1,304.7500,114.2400,0.000001
FILLER_38_636,VGND,li1,303.3700,114.2400,0.000001
FILLER_38_633,VGND,li1,301.9900,114.2400,0.000001
FILLER_38_630,VGND,li1,300.6100,114.2400,0.000001
FILLER_38_627,VGND,li1,299.2300,114.2400,0.000001
FILLER_38_624,VGND,li1,297.8500,114.2400,0.000001
FILLER_38_621,VGND,li1,296.4700,114.2400,0.000001
FILLER_38_618,VGND,li1,295.0900,114.2400,0.000001
FILLER_38_615,VGND,li1,293.7100,114.2400,0.000001
FILLER_38_612,VGND,li1,292.3300,114.2400,0.000001
FILLER_38_609,VGND,li1,290.9500,114.2400,0.000001
FILLER_38_606,VGND,li1,289.5700,114.2400,0.000001
FILLER_38_603,VGND,li1,288.1900,114.2400,0.000001
FILLER_38_600,VGND,li1,286.8100,114.2400,0.000001
FILLER_38_578,VGND,li1,276.2300,114.2400,0.000002
FILLER_38_575,VGND,li1,275.3100,114.2400,0.000002
FILLER_38_572,VGND,li1,273.9300,114.2400,0.000002
FILLER_38_561,VGND,li1,268.6400,114.2400,0.000002
FILLER_38_558,VGND,li1,267.4900,114.2400,0.000002
FILLER_38_555,VGND,li1,266.1100,114.2400,0.000003
FILLER_38_542,VGND,li1,259.9000,114.2400,0.000002
FILLER_38_531,VGND,li1,254.6100,114.2400,0.000002
FILLER_38_528,VGND,li1,253.6900,114.2400,0.000002
FILLER_38_525,VGND,li1,252.3100,114.2400,0.000003
FILLER_38_522,VGND,li1,250.9300,114.2400,0.000003
FILLER_38_519,VGND,li1,249.5500,114.2400,0.000003
FILLER_38_510,VGND,li1,244.9500,114.2400,0.000003
FILLER_38_507,VGND,li1,244.0300,114.2400,0.000003
FILLER_38_490,VGND,li1,236.2100,114.2400,0.000004
FILLER_38_480,VGND,li1,231.1500,114.2400,0.000004
FILLER_38_477,VGND,li1,230.2300,114.2400,0.000003
FILLER_38_475,VGND,li1,228.8500,114.2400,0.000003
FILLER_38_464,VGND,li1,224.2500,114.2400,0.000005
FILLER_38_442,VGND,li1,213.6700,114.2400,0.000006
FILLER_38_417,VGND,li1,202.6300,114.2400,0.000005
FILLER_38_414,VGND,li1,201.2500,114.2400,0.000005
FILLER_38_403,VGND,li1,196.1900,114.2400,0.000006
FILLER_38_394,VGND,li1,191.8200,114.2400,0.000006
FILLER_38_391,VGND,li1,190.6700,114.2400,0.000006
FILLER_38_388,VGND,li1,189.2900,114.2400,0.000006
FILLER_38_385,VGND,li1,187.9100,114.2400,0.000007
FILLER_38_382,VGND,li1,186.5300,114.2400,0.000007
FILLER_38_378,VGND,li1,184.2300,114.2400,0.000007
FILLER_38_375,VGND,li1,183.3100,114.2400,0.000007
FILLER_38_372,VGND,li1,181.9300,114.2400,0.000007
FILLER_38_363,VGND,li1,177.3300,114.2400,0.000006
FILLER_38_341,VGND,li1,167.2100,114.2400,0.000004
FILLER_38_338,VGND,li1,166.2900,114.2400,0.000004
FILLER_38_334,VGND,li1,163.9900,114.2400,0.000005
FILLER_38_331,VGND,li1,163.0700,114.2400,0.000005
FILLER_38_328,VGND,li1,161.6900,114.2400,0.000005
FILLER_38_325,VGND,li1,160.3100,114.2400,0.000005
FILLER_38_322,VGND,li1,158.9300,114.2400,0.000005
FILLER_38_315,VGND,li1,155.7100,114.2400,0.000005
FILLER_38_312,VGND,li1,154.3300,114.2400,0.000004
FILLER_38_309,VGND,li1,152.9500,114.2400,0.000004
FILLER_38_305,VGND,li1,151.1100,114.2400,0.000004
FILLER_38_298,VGND,li1,147.8900,114.2400,0.000004
FILLER_38_292,VGND,li1,144.9000,114.2400,0.000003
FILLER_38_289,VGND,li1,143.7500,114.2400,0.000003
FILLER_38_286,VGND,li1,142.3700,114.2400,0.000003
FILLER_38_283,VGND,li1,140.9900,114.2400,0.000003
FILLER_38_280,VGND,li1,139.6100,114.2400,0.000003
FILLER_38_277,VGND,li1,138.2300,114.2400,0.000003
FILLER_38_274,VGND,li1,136.8500,114.2400,0.000003
FILLER_38_271,VGND,li1,135.4700,114.2400,0.000003
FILLER_38_268,VGND,li1,134.0900,114.2400,0.000004
FILLER_38_265,VGND,li1,132.7100,114.2400,0.000004
FILLER_38_262,VGND,li1,131.3300,114.2400,0.000004
FILLER_38_259,VGND,li1,129.9500,114.2400,0.000004
FILLER_38_253,VGND,li1,126.7300,114.2400,0.000005
FILLER_38_251,VGND,li1,125.8100,114.2400,0.000005
FILLER_38_242,VGND,li1,121.6700,114.2400,0.000006
FILLER_38_236,VGND,li1,119.1400,114.2400,0.000007
FILLER_38_229,VGND,li1,115.9200,114.2400,0.000008
FILLER_38_211,VGND,li1,107.8700,114.2400,0.000009
FILLER_38_208,VGND,li1,106.4900,114.2400,0.000012
FILLER_38_197,VGND,li1,101.2000,114.2400,0.000018
FILLER_38_191,VGND,li1,98.2100,114.2400,0.000023
FILLER_38_188,VGND,li1,97.2900,114.2400,0.000023
FILLER_38_167,VGND,li1,87.1700,114.2400,0.000022
FILLER_38_164,VGND,li1,86.2500,114.2400,0.000022
FILLER_38_153,VGND,li1,80.7300,114.2400,0.000013
FILLER_38_150,VGND,li1,79.8100,114.2400,0.000013
FILLER_38_147,VGND,li1,78.4300,114.2400,0.000011
FILLER_38_144,VGND,li1,77.0500,114.2400,0.000011
FILLER_38_141,VGND,li1,75.6700,114.2400,0.000011
FILLER_38_139,VGND,li1,74.2900,114.2400,0.000011
FILLER_38_136,VGND,li1,73.3700,114.2400,0.000011
FILLER_38_133,VGND,li1,71.9900,114.2400,0.000011
FILLER_38_130,VGND,li1,70.6100,114.2400,0.000011
FILLER_38_88,VGND,li1,50.8300,114.2400,0.000007
FILLER_38_85,VGND,li1,49.9100,114.2400,0.000006
FILLER_38_67,VGND,li1,41.1700,114.2400,0.000006
FILLER_38_64,VGND,li1,40.2500,114.2400,0.000006
FILLER_38_61,VGND,li1,38.8700,114.2400,0.000006
FILLER_38_58,VGND,li1,37.4900,114.2400,0.000006
FILLER_38_55,VGND,li1,36.1100,114.2400,0.000006
FILLER_38_38,VGND,li1,27.8300,114.2400,0.000006
FILLER_38_35,VGND,li1,26.9100,114.2400,0.000006
FILLER_38_32,VGND,li1,25.5300,114.2400,0.000005
FILLER_38_29,VGND,li1,24.1500,114.2400,0.000005
FILLER_37_647,VGND,li1,307.9700,114.2400,0.000001
FILLER_37_644,VGND,li1,307.0500,114.2400,0.000001
FILLER_37_641,VGND,li1,305.6700,114.2400,0.000001
FILLER_37_638,VGND,li1,304.2900,114.2400,0.000001
FILLER_37_635,VGND,li1,302.9100,114.2400,0.000001
FILLER_37_632,VGND,li1,301.5300,114.2400,0.000001
FILLER_37_629,VGND,li1,300.1500,114.2400,0.000001
FILLER_37_626,VGND,li1,298.7700,114.2400,0.000001
FILLER_37_623,VGND,li1,297.3900,114.2400,0.000001
FILLER_37_620,VGND,li1,296.0100,114.2400,0.000001
FILLER_37_617,VGND,li1,294.6300,114.2400,0.000001
FILLER_37_613,VGND,li1,292.7900,114.2400,0.000001
FILLER_37_610,VGND,li1,291.4100,114.2400,0.000001
FILLER_37_607,VGND,li1,290.0300,114.2400,0.000001
FILLER_37_604,VGND,li1,288.6500,114.2400,0.000001
FILLER_37_601,VGND,li1,287.2700,114.2400,0.000001
FILLER_37_598,VGND,li1,285.8900,114.2400,0.000001
FILLER_37_595,VGND,li1,284.5100,114.2400,0.000001
FILLER_37_592,VGND,li1,283.1300,114.2400,0.000001
FILLER_37_589,VGND,li1,281.7500,114.2400,0.000001
FILLER_37_586,VGND,li1,280.3700,114.2400,0.000001
FILLER_37_579,VGND,li1,277.1500,114.2400,0.000002
FILLER_37_576,VGND,li1,275.7700,114.2400,0.000002
FILLER_37_573,VGND,li1,274.3900,114.2400,0.000002
FILLER_37_570,VGND,li1,273.0100,114.2400,0.000002
FILLER_37_567,VGND,li1,271.6300,114.2400,0.000002
FILLER_37_564,VGND,li1,270.2500,114.2400,0.000002
FILLER_37_561,VGND,li1,268.8700,114.2400,0.000002
FILLER_37_536,VGND,li1,257.3700,114.2400,0.000002
FILLER_37_533,VGND,li1,255.9900,114.2400,0.000002
FILLER_37_530,VGND,li1,254.6100,114.2400,0.000002
FILLER_37_527,VGND,li1,253.2300,114.2400,0.000002
FILLER_37_524,VGND,li1,251.8500,114.2400,0.000003
FILLER_37_514,VGND,li1,246.7900,114.2400,0.000003
FILLER_37_501,VGND,li1,241.2700,114.2400,0.000004
FILLER_37_477,VGND,li1,230.2300,114.2400,0.000003
FILLER_37_474,VGND,li1,228.8500,114.2400,0.000003
FILLER_37_471,VGND,li1,227.4700,114.2400,0.000004
FILLER_37_468,VGND,li1,226.0900,114.2400,0.000004
FILLER_37_452,VGND,li1,218.2700,114.2400,0.000006
FILLER_37_449,VGND,li1,217.3500,114.2400,0.000006
FILLER_37_438,VGND,li1,211.8300,114.2400,0.000006
FILLER_37_435,VGND,li1,210.9100,114.2400,0.000006
FILLER_37_425,VGND,li1,205.8500,114.2400,0.000006
FILLER_37_420,VGND,li1,203.5500,114.2400,0.000006
FILLER_37_417,VGND,li1,202.6300,114.2400,0.000005
FILLER_37_390,VGND,li1,189.9800,114.2400,0.000006
FILLER_37_368,VGND,li1,179.6300,114.2400,0.000006
FILLER_37_365,VGND,li1,178.7100,114.2400,0.000006
FILLER_37_346,VGND,li1,169.7400,114.2400,0.000004
FILLER_37_343,VGND,li1,168.5900,114.2400,0.000004
FILLER_37_340,VGND,li1,167.2100,114.2400,0.000004
FILLER_37_337,VGND,li1,165.8300,114.2400,0.000004
FILLER_37_335,VGND,li1,164.4500,114.2400,0.000005
FILLER_37_311,VGND,li1,153.8700,114.2400,0.000004
FILLER_37_308,VGND,li1,152.4900,114.2400,0.000004
FILLER_37_305,VGND,li1,151.1100,114.2400,0.000004
FILLER_37_302,VGND,li1,149.7300,114.2400,0.000004
FILLER_37_299,VGND,li1,148.3500,114.2400,0.000004
FILLER_37_287,VGND,li1,142.6000,114.2400,0.000003
FILLER_37_284,VGND,li1,141.4500,114.2400,0.000003
FILLER_37_281,VGND,li1,140.0700,114.2400,0.000003
FILLER_37_276,VGND,li1,137.3100,114.2400,0.000003
FILLER_37_265,VGND,li1,132.7100,114.2400,0.000004
FILLER_37_262,VGND,li1,131.3300,114.2400,0.000004
FILLER_37_259,VGND,li1,129.9500,114.2400,0.000004
FILLER_37_256,VGND,li1,128.5700,114.2400,0.000005
FILLER_37_253,VGND,li1,127.1900,114.2400,0.000005
FILLER_37_250,VGND,li1,125.8100,114.2400,0.000005
FILLER_37_246,VGND,li1,123.5100,114.2400,0.000006
FILLER_37_243,VGND,li1,122.5900,114.2400,0.000006
FILLER_37_240,VGND,li1,121.2100,114.2400,0.000006
FILLER_37_237,VGND,li1,119.8300,114.2400,0.000007
FILLER_37_234,VGND,li1,118.4500,114.2400,0.000007
FILLER_37_231,VGND,li1,117.0700,114.2400,0.000007
FILLER_37_228,VGND,li1,115.6900,114.2400,0.000008
FILLER_37_225,VGND,li1,114.3100,114.2400,0.000008
FILLER_37_221,VGND,li1,112.4700,114.2400,0.000008
FILLER_37_202,VGND,li1,103.5000,114.2400,0.000015
FILLER_37_199,VGND,li1,102.3500,114.2400,0.000018
FILLER_37_189,VGND,li1,97.2900,114.2400,0.000023
FILLER_37_186,VGND,li1,96.3700,114.2400,0.000026
FILLER_37_183,VGND,li1,94.9900,114.2400,0.000026
FILLER_37_180,VGND,li1,93.6100,114.2400,0.000030
FILLER_37_177,VGND,li1,92.2300,114.2400,0.000030
FILLER_37_166,VGND,li1,86.9400,114.2400,0.000022
FILLER_37_163,VGND,li1,85.7900,114.2400,0.000019
FILLER_37_160,VGND,li1,84.4100,114.2400,0.000019
FILLER_37_157,VGND,li1,83.0300,114.2400,0.000016
FILLER_37_154,VGND,li1,81.6500,114.2400,0.000016
FILLER_37_138,VGND,li1,74.2900,114.2400,0.000011
FILLER_37_128,VGND,li1,69.2300,114.2400,0.000011
FILLER_37_125,VGND,li1,68.3100,114.2400,0.000011
FILLER_37_122,VGND,li1,66.9300,114.2400,0.000011
FILLER_37_92,VGND,li1,53.1300,114.2400,0.000008
FILLER_37_89,VGND,li1,51.7500,114.2400,0.000007
FILLER_37_69,VGND,li1,42.5500,114.2400,0.000006
FILLER_37_66,VGND,li1,41.1700,114.2400,0.000006
FILLER_37_54,VGND,li1,35.4200,114.2400,0.000006
FILLER_37_51,VGND,li1,34.2700,114.2400,0.000006
FILLER_37_31,VGND,li1,25.0700,114.2400,0.000005
FILLER_37_28,VGND,li1,23.6900,114.2400,0.000005
FILLER_37_3,VGND,li1,11.7300,114.2400,0.000004
FILLER_36_645,VGND,li1,307.5100,108.8000,0.000003
FILLER_36_641,VGND,li1,305.6700,108.8000,0.000003
FILLER_36_638,VGND,li1,304.2900,108.8000,0.000003
FILLER_36_635,VGND,li1,302.9100,108.8000,0.000003
FILLER_36_632,VGND,li1,301.5300,108.8000,0.000003
FILLER_36_629,VGND,li1,300.1500,108.8000,0.000003
FILLER_36_626,VGND,li1,298.7700,108.8000,0.000003
FILLER_36_623,VGND,li1,297.3900,108.8000,0.000003
FILLER_36_620,VGND,li1,296.0100,108.8000,0.000003
FILLER_36_617,VGND,li1,294.6300,108.8000,0.000003
FILLER_36_614,VGND,li1,293.2500,108.8000,0.000003
FILLER_36_611,VGND,li1,291.8700,108.8000,0.000003
FILLER_36_608,VGND,li1,290.4900,108.8000,0.000003
FILLER_36_592,VGND,li1,282.9000,108.8000,0.000005
FILLER_36_589,VGND,li1,281.7500,108.8000,0.000005
FILLER_36_587,VGND,li1,280.3700,108.8000,0.000005
FILLER_36_578,VGND,li1,276.2300,108.8000,0.000006
FILLER_36_566,VGND,li1,271.1700,108.8000,0.000006
FILLER_36_563,VGND,li1,269.7900,108.8000,0.000006
FILLER_36_560,VGND,li1,268.4100,108.8000,0.000006
FILLER_36_542,VGND,li1,259.6700,108.8000,0.000005
FILLER_36_539,VGND,li1,258.7500,108.8000,0.000004
FILLER_36_536,VGND,li1,257.3700,108.8000,0.000004
FILLER_36_533,VGND,li1,255.9900,108.8000,0.000004
FILLER_36_520,VGND,li1,250.0100,108.8000,0.000005
FILLER_36_509,VGND,li1,244.9500,108.8000,0.000004
FILLER_36_506,VGND,li1,243.5700,108.8000,0.000004
FILLER_36_503,VGND,li1,242.1900,108.8000,0.000004
FILLER_36_500,VGND,li1,240.8100,108.8000,0.000004
FILLER_36_497,VGND,li1,239.4300,108.8000,0.000004
FILLER_36_494,VGND,li1,238.0500,108.8000,0.000004
FILLER_36_489,VGND,li1,235.5200,108.8000,0.000003
FILLER_36_486,VGND,li1,234.3700,108.8000,0.000003
FILLER_36_483,VGND,li1,232.9900,108.8000,0.000003
FILLER_36_480,VGND,li1,231.6100,108.8000,0.000003
FILLER_36_477,VGND,li1,230.2300,108.8000,0.000002
FILLER_36_475,VGND,li1,228.8500,108.8000,0.000002
FILLER_36_472,VGND,li1,227.9300,108.8000,0.000002
FILLER_36_469,VGND,li1,226.5500,108.8000,0.000002
FILLER_36_458,VGND,li1,221.4900,108.8000,0.000002
FILLER_36_455,VGND,li1,220.1100,108.8000,0.000002
FILLER_36_452,VGND,li1,218.7300,108.8000,0.000002
FILLER_36_449,VGND,li1,217.3500,108.8000,0.000002
FILLER_36_439,VGND,li1,212.5200,108.8000,0.000002
FILLER_36_436,VGND,li1,211.3700,108.8000,0.000002
FILLER_36_433,VGND,li1,209.9900,108.8000,0.000002
FILLER_36_430,VGND,li1,208.6100,108.8000,0.000002
FILLER_36_418,VGND,li1,202.8600,108.8000,0.000002
FILLER_36_415,VGND,li1,201.7100,108.8000,0.000002
FILLER_36_392,VGND,li1,190.9000,108.8000,0.000003
FILLER_36_383,VGND,li1,186.5300,108.8000,0.000004
FILLER_36_371,VGND,li1,181.4700,108.8000,0.000005
FILLER_36_368,VGND,li1,180.0900,108.8000,0.000006
FILLER_36_365,VGND,li1,178.7100,108.8000,0.000006
FILLER_36_362,VGND,li1,177.1000,108.8000,0.000006
FILLER_36_359,VGND,li1,175.9500,108.8000,0.000006
FILLER_36_325,VGND,li1,159.8500,108.8000,0.000015
FILLER_36_309,VGND,li1,152.4900,108.8000,0.000022
FILLER_36_307,VGND,li1,151.5700,108.8000,0.000022
FILLER_36_265,VGND,li1,132.2500,108.8000,0.000012
FILLER_36_262,VGND,li1,131.3300,108.8000,0.000012
FILLER_36_259,VGND,li1,129.9500,108.8000,0.000011
FILLER_36_256,VGND,li1,128.5700,108.8000,0.000011
FILLER_36_253,VGND,li1,127.1900,108.8000,0.000011
FILLER_36_250,VGND,li1,125.5800,108.8000,0.000011
FILLER_36_247,VGND,li1,124.4300,108.8000,0.000010
FILLER_36_244,VGND,li1,123.0500,108.8000,0.000010
FILLER_36_241,VGND,li1,121.6700,108.8000,0.000009
FILLER_36_238,VGND,li1,120.2900,108.8000,0.000009
FILLER_36_235,VGND,li1,118.9100,108.8000,0.000008
FILLER_36_227,VGND,li1,115.0000,108.8000,0.000006
FILLER_36_224,VGND,li1,113.8500,108.8000,0.000006
FILLER_36_221,VGND,li1,112.4700,108.8000,0.000005
FILLER_36_218,VGND,li1,111.0900,108.8000,0.000005
FILLER_36_215,VGND,li1,109.7100,108.8000,0.000003
FILLER_36_212,VGND,li1,108.3300,108.8000,0.000003
FILLER_36_206,VGND,li1,105.1100,108.8000,0.000003
FILLER_36_203,VGND,li1,104.1900,108.8000,0.000003
FILLER_36_200,VGND,li1,102.8100,108.8000,0.000003
FILLER_36_197,VGND,li1,101.4300,108.8000,0.000003
FILLER_36_195,VGND,li1,100.0500,108.8000,0.000003
FILLER_36_192,VGND,li1,99.1300,108.8000,0.000003
FILLER_36_189,VGND,li1,97.7500,108.8000,0.000003
FILLER_36_186,VGND,li1,96.3700,108.8000,0.000003
FILLER_36_183,VGND,li1,94.9900,108.8000,0.000003
FILLER_36_180,VGND,li1,93.6100,108.8000,0.000003
FILLER_36_177,VGND,li1,92.2300,108.8000,0.000003
FILLER_36_174,VGND,li1,90.8500,108.8000,0.000002
FILLER_36_171,VGND,li1,89.4700,108.8000,0.000002
FILLER_36_168,VGND,li1,88.0900,108.8000,0.000002
FILLER_36_165,VGND,li1,86.7100,108.8000,0.000002
FILLER_36_162,VGND,li1,85.3300,108.8000,0.000002
FILLER_36_159,VGND,li1,83.9500,108.8000,0.000002
FILLER_36_156,VGND,li1,82.5700,108.8000,0.000002
FILLER_36_153,VGND,li1,81.1900,108.8000,0.000002
FILLER_36_150,VGND,li1,79.8100,108.8000,0.000002
FILLER_36_147,VGND,li1,78.4300,108.8000,0.000002
FILLER_36_144,VGND,li1,77.0500,108.8000,0.000002
FILLER_36_141,VGND,li1,75.6700,108.8000,0.000002
FILLER_36_139,VGND,li1,74.2900,108.8000,0.000003
FILLER_36_136,VGND,li1,73.3700,108.8000,0.000003
FILLER_36_133,VGND,li1,71.9900,108.8000,0.000003
FILLER_36_130,VGND,li1,70.6100,108.8000,0.000003
FILLER_36_119,VGND,li1,65.5500,108.8000,0.000004
FILLER_36_116,VGND,li1,64.1700,108.8000,0.000004
FILLER_36_113,VGND,li1,62.7900,108.8000,0.000004
FILLER_36_103,VGND,li1,57.9600,108.8000,0.000004
FILLER_36_85,VGND,li1,49.4500,108.8000,0.000004
FILLER_36_81,VGND,li1,48.0700,108.8000,0.000004
FILLER_36_78,VGND,li1,46.6900,108.8000,0.000004
FILLER_36_60,VGND,li1,37.9500,108.8000,0.000005
FILLER_36_57,VGND,li1,37.0300,108.8000,0.000005
FILLER_36_48,VGND,li1,32.4300,108.8000,0.000005
FILLER_36_45,VGND,li1,31.5100,108.8000,0.000005
FILLER_36_42,VGND,li1,30.1300,108.8000,0.000005
FILLER_36_32,VGND,li1,25.0700,108.8000,0.000004
FILLER_36_29,VGND,li1,24.1500,108.8000,0.000004
FILLER_36_27,VGND,li1,22.7700,108.8000,0.000004
FILLER_36_24,VGND,li1,21.8500,108.8000,0.000004
FILLER_36_21,VGND,li1,20.4700,108.8000,0.000004
FILLER_36_3,VGND,li1,11.7300,108.8000,0.000005
FILLER_35_647,VGND,li1,307.9700,108.8000,0.000003
FILLER_35_644,VGND,li1,307.0500,108.8000,0.000003
FILLER_35_641,VGND,li1,305.6700,108.8000,0.000003
FILLER_35_638,VGND,li1,304.2900,108.8000,0.000003
FILLER_35_635,VGND,li1,302.9100,108.8000,0.000003
FILLER_35_632,VGND,li1,301.5300,108.8000,0.000003
FILLER_35_629,VGND,li1,300.1500,108.8000,0.000003
FILLER_35_626,VGND,li1,298.7700,108.8000,0.000003
FILLER_35_623,VGND,li1,297.3900,108.8000,0.000003
FILLER_35_620,VGND,li1,296.0100,108.8000,0.000003
FILLER_35_617,VGND,li1,294.6300,108.8000,0.000003
FILLER_35_615,VGND,li1,293.2500,108.8000,0.000003
FILLER_35_564,VGND,li1,269.7900,108.8000,0.000006
FILLER_35_561,VGND,li1,268.8700,108.8000,0.000006
FILLER_35_515,VGND,li1,247.7100,108.8000,0.000004
FILLER_35_505,VGND,li1,242.8800,108.8000,0.000004
FILLER_35_503,VGND,li1,241.7300,108.8000,0.000004
FILLER_35_494,VGND,li1,237.8200,108.8000,0.000004
FILLER_35_472,VGND,li1,227.4700,108.8000,0.000002
FILLER_35_469,VGND,li1,226.5500,108.8000,0.000002
FILLER_35_458,VGND,li1,221.4900,108.8000,0.000002
FILLER_35_455,VGND,li1,220.1100,108.8000,0.000002
FILLER_35_452,VGND,li1,218.7300,108.8000,0.000002
FILLER_35_449,VGND,li1,217.3500,108.8000,0.000002
FILLER_35_447,VGND,li1,215.9700,108.8000,0.000002
FILLER_35_438,VGND,li1,212.2900,108.8000,0.000002
FILLER_35_435,VGND,li1,210.9100,108.8000,0.000002
FILLER_35_427,VGND,li1,206.7700,108.8000,0.000002
FILLER_35_424,VGND,li1,205.8500,108.8000,0.000002
FILLER_35_421,VGND,li1,204.4700,108.8000,0.000002
FILLER_35_418,VGND,li1,203.0900,108.8000,0.000002
FILLER_35_415,VGND,li1,201.7100,108.8000,0.000002
FILLER_35_412,VGND,li1,200.3300,108.8000,0.000002
FILLER_35_409,VGND,li1,198.9500,108.8000,0.000002
FILLER_35_406,VGND,li1,197.5700,108.8000,0.000002
FILLER_35_403,VGND,li1,196.1900,108.8000,0.000002
FILLER_35_393,VGND,li1,191.5900,108.8000,0.000003
FILLER_35_391,VGND,li1,190.2100,108.8000,0.000004
FILLER_35_388,VGND,li1,189.2900,108.8000,0.000004
FILLER_35_385,VGND,li1,187.9100,108.8000,0.000004
FILLER_35_382,VGND,li1,186.5300,108.8000,0.000004
FILLER_35_379,VGND,li1,185.1500,108.8000,0.000005
FILLER_35_376,VGND,li1,183.7700,108.8000,0.000005
FILLER_35_373,VGND,li1,182.3900,108.8000,0.000005
FILLER_35_370,VGND,li1,181.0100,108.8000,0.000006
FILLER_35_367,VGND,li1,179.6300,108.8000,0.000006
FILLER_35_348,VGND,li1,170.6600,108.8000,0.000007
FILLER_35_337,VGND,li1,165.6000,108.8000,0.000011
FILLER_35_334,VGND,li1,164.2200,108.8000,0.000011
FILLER_35_331,VGND,li1,163.0700,108.8000,0.000014
FILLER_35_299,VGND,li1,147.8900,108.8000,0.000025
FILLER_35_281,VGND,li1,139.8400,108.8000,0.000013
FILLER_35_279,VGND,li1,138.6900,108.8000,0.000013
FILLER_35_276,VGND,li1,137.7700,108.8000,0.000013
FILLER_35_273,VGND,li1,136.3900,108.8000,0.000013
FILLER_35_270,VGND,li1,135.0100,108.8000,0.000012
FILLER_35_267,VGND,li1,133.6300,108.8000,0.000012
FILLER_35_259,VGND,li1,129.4900,108.8000,0.000011
FILLER_35_236,VGND,li1,119.1400,108.8000,0.000008
FILLER_35_233,VGND,li1,117.9900,108.8000,0.000008
FILLER_35_221,VGND,li1,112.4700,108.8000,0.000005
FILLER_35_218,VGND,li1,111.0900,108.8000,0.000005
FILLER_35_215,VGND,li1,109.7100,108.8000,0.000003
FILLER_35_202,VGND,li1,103.2700,108.8000,0.000003
FILLER_35_199,VGND,li1,102.3500,108.8000,0.000003
FILLER_35_196,VGND,li1,100.9700,108.8000,0.000003
FILLER_35_185,VGND,li1,95.9100,108.8000,0.000003
FILLER_35_182,VGND,li1,94.5300,108.8000,0.000003
FILLER_35_179,VGND,li1,93.1500,108.8000,0.000003
FILLER_35_157,VGND,li1,82.5700,108.8000,0.000002
FILLER_35_154,VGND,li1,81.6500,108.8000,0.000002
FILLER_35_151,VGND,li1,80.2700,108.8000,0.000002
FILLER_35_145,VGND,li1,77.2800,108.8000,0.000002
FILLER_35_142,VGND,li1,76.1300,108.8000,0.000002
FILLER_35_139,VGND,li1,74.7500,108.8000,0.000003
FILLER_35_136,VGND,li1,73.3700,108.8000,0.000003
FILLER_35_133,VGND,li1,71.9900,108.8000,0.000003
FILLER_35_130,VGND,li1,70.6100,108.8000,0.000003
FILLER_35_93,VGND,li1,53.5900,108.8000,0.000004
FILLER_35_65,VGND,li1,40.7100,108.8000,0.000005
FILLER_35_46,VGND,li1,31.7400,108.8000,0.000005
FILLER_35_34,VGND,li1,26.4500,108.8000,0.000004
FILLER_35_3,VGND,li1,11.9600,108.8000,0.000005
FILLER_34_645,VGND,li1,307.5100,103.3600,0.000003
FILLER_34_641,VGND,li1,305.6700,103.3600,0.000003
FILLER_34_638,VGND,li1,304.2900,103.3600,0.000003
FILLER_34_635,VGND,li1,302.9100,103.3600,0.000003
FILLER_34_632,VGND,li1,301.5300,103.3600,0.000003
FILLER_34_629,VGND,li1,300.1500,103.3600,0.000003
FILLER_34_626,VGND,li1,298.7700,103.3600,0.000003
FILLER_34_623,VGND,li1,297.3900,103.3600,0.000003
FILLER_34_620,VGND,li1,296.0100,103.3600,0.000003
FILLER_34_617,VGND,li1,294.6300,103.3600,0.000003
FILLER_34_614,VGND,li1,293.2500,103.3600,0.000003
FILLER_34_611,VGND,li1,291.8700,103.3600,0.000003
FILLER_34_589,VGND,li1,281.2900,103.3600,0.000004
FILLER_34_579,VGND,li1,277.1500,103.3600,0.000004
FILLER_34_573,VGND,li1,274.3900,103.3600,0.000005
FILLER_34_570,VGND,li1,273.0100,103.3600,0.000005
FILLER_34_567,VGND,li1,271.6300,103.3600,0.000004
FILLER_34_564,VGND,li1,270.2500,103.3600,0.000004
FILLER_34_561,VGND,li1,268.8700,103.3600,0.000004
FILLER_34_558,VGND,li1,267.4900,103.3600,0.000004
FILLER_34_545,VGND,li1,261.0500,103.3600,0.000003
FILLER_34_542,VGND,li1,260.1300,103.3600,0.000002
FILLER_34_539,VGND,li1,258.7500,103.3600,0.000002
FILLER_34_536,VGND,li1,257.3700,103.3600,0.000003
FILLER_34_533,VGND,li1,255.9900,103.3600,0.000003
FILLER_34_527,VGND,li1,253.0000,103.3600,0.000003
FILLER_34_524,VGND,li1,251.8500,103.3600,0.000003
FILLER_34_493,VGND,li1,237.1300,103.3600,0.000004
FILLER_34_490,VGND,li1,236.2100,103.3600,0.000004
FILLER_34_486,VGND,li1,233.9100,103.3600,0.000004
FILLER_34_483,VGND,li1,232.9900,103.3600,0.000004
FILLER_34_480,VGND,li1,231.6100,103.3600,0.000004
FILLER_34_477,VGND,li1,230.2300,103.3600,0.000003
FILLER_34_475,VGND,li1,228.8500,103.3600,0.000003
FILLER_34_472,VGND,li1,227.9300,103.3600,0.000004
FILLER_34_469,VGND,li1,226.5500,103.3600,0.000004
FILLER_34_450,VGND,li1,217.8100,103.3600,0.000006
FILLER_34_447,VGND,li1,216.4300,103.3600,0.000006
FILLER_34_438,VGND,li1,211.8300,103.3600,0.000006
FILLER_34_427,VGND,li1,207.0000,103.3600,0.000006
FILLER_34_424,VGND,li1,205.8500,103.3600,0.000005
FILLER_34_421,VGND,li1,204.4700,103.3600,0.000005
FILLER_34_417,VGND,li1,202.6300,103.3600,0.000005
FILLER_34_414,VGND,li1,201.2500,103.3600,0.000005
FILLER_34_411,VGND,li1,199.8700,103.3600,0.000004
FILLER_34_408,VGND,li1,198.4900,103.3600,0.000004
FILLER_34_405,VGND,li1,197.1100,103.3600,0.000004
FILLER_34_402,VGND,li1,195.7300,103.3600,0.000004
FILLER_34_399,VGND,li1,194.3500,103.3600,0.000005
FILLER_34_396,VGND,li1,192.9700,103.3600,0.000005
FILLER_34_374,VGND,li1,182.6200,103.3600,0.000005
FILLER_34_371,VGND,li1,181.4700,103.3600,0.000005
FILLER_34_368,VGND,li1,180.0900,103.3600,0.000005
FILLER_34_365,VGND,li1,178.7100,103.3600,0.000004
FILLER_34_362,VGND,li1,177.1000,103.3600,0.000004
FILLER_34_359,VGND,li1,175.9500,103.3600,0.000004
FILLER_34_356,VGND,li1,174.5700,103.3600,0.000004
FILLER_34_353,VGND,li1,173.1900,103.3600,0.000004
FILLER_34_350,VGND,li1,171.8100,103.3600,0.000003
FILLER_34_347,VGND,li1,170.4300,103.3600,0.000003
FILLER_34_344,VGND,li1,169.0500,103.3600,0.000003
FILLER_34_322,VGND,li1,158.4700,103.3600,0.000005
FILLER_34_318,VGND,li1,156.6300,103.3600,0.000005
FILLER_34_315,VGND,li1,155.7100,103.3600,0.000005
FILLER_34_312,VGND,li1,154.3300,103.3600,0.000005
FILLER_34_309,VGND,li1,152.9500,103.3600,0.000005
FILLER_34_305,VGND,li1,151.1100,103.3600,0.000005
FILLER_34_302,VGND,li1,149.7300,103.3600,0.000004
FILLER_34_299,VGND,li1,148.3500,103.3600,0.000004
FILLER_34_296,VGND,li1,146.9700,103.3600,0.000004
FILLER_34_289,VGND,li1,143.7500,103.3600,0.000003
FILLER_34_286,VGND,li1,142.3700,103.3600,0.000003
FILLER_34_281,VGND,li1,139.6100,103.3600,0.000002
FILLER_34_278,VGND,li1,138.6900,103.3600,0.000002
FILLER_34_275,VGND,li1,137.3100,103.3600,0.000002
FILLER_34_266,VGND,li1,132.9400,103.3600,0.000002
FILLER_34_246,VGND,li1,123.9700,103.3600,0.000001
FILLER_34_243,VGND,li1,122.5900,103.3600,0.000001
FILLER_34_233,VGND,li1,117.9900,103.3600,0.000001
FILLER_34_216,VGND,li1,109.9400,103.3600,0.000001
FILLER_34_213,VGND,li1,108.7900,103.3600,0.000001
FILLER_34_210,VGND,li1,107.4100,103.3600,0.000001
FILLER_34_207,VGND,li1,106.0300,103.3600,0.000001
FILLER_34_197,VGND,li1,101.4300,103.3600,0.000001
FILLER_34_178,VGND,li1,92.4600,103.3600,0.000002
FILLER_34_175,VGND,li1,91.3100,103.3600,0.000002
FILLER_34_168,VGND,li1,87.6300,103.3600,0.000002
FILLER_34_165,VGND,li1,86.7100,103.3600,0.000002
FILLER_34_162,VGND,li1,85.3300,103.3600,0.000002
FILLER_34_159,VGND,li1,83.9500,103.3600,0.000002
FILLER_34_156,VGND,li1,82.5700,103.3600,0.000002
FILLER_34_153,VGND,li1,81.1900,103.3600,0.000002
FILLER_34_150,VGND,li1,79.8100,103.3600,0.000003
FILLER_34_147,VGND,li1,78.4300,103.3600,0.000003
FILLER_34_144,VGND,li1,77.0500,103.3600,0.000003
FILLER_34_141,VGND,li1,75.6700,103.3600,0.000004
FILLER_34_122,VGND,li1,66.4700,103.3600,0.000006
FILLER_34_94,VGND,li1,54.0500,103.3600,0.000006
FILLER_34_91,VGND,li1,52.6700,103.3600,0.000006
FILLER_34_88,VGND,li1,51.2900,103.3600,0.000006
FILLER_34_85,VGND,li1,49.9100,103.3600,0.000005
FILLER_34_82,VGND,li1,48.3000,103.3600,0.000006
FILLER_34_79,VGND,li1,47.1500,103.3600,0.000006
FILLER_34_52,VGND,li1,34.2700,103.3600,0.000009
FILLER_34_49,VGND,li1,33.3500,103.3600,0.000009
FILLER_34_46,VGND,li1,31.9700,103.3600,0.000009
FILLER_34_21,VGND,li1,20.4700,103.3600,0.000006
FILLER_34_11,VGND,li1,15.6400,103.3600,0.000006
FILLER_33_647,VGND,li1,307.9700,103.3600,0.000003
FILLER_33_644,VGND,li1,307.0500,103.3600,0.000003
FILLER_33_641,VGND,li1,305.6700,103.3600,0.000003
FILLER_33_638,VGND,li1,304.2900,103.3600,0.000003
FILLER_33_635,VGND,li1,302.9100,103.3600,0.000003
FILLER_33_632,VGND,li1,301.5300,103.3600,0.000003
FILLER_33_629,VGND,li1,300.1500,103.3600,0.000003
FILLER_33_626,VGND,li1,298.7700,103.3600,0.000003
FILLER_33_623,VGND,li1,297.3900,103.3600,0.000003
FILLER_33_620,VGND,li1,296.0100,103.3600,0.000003
FILLER_33_617,VGND,li1,294.6300,103.3600,0.000003
FILLER_33_613,VGND,li1,292.7900,103.3600,0.000003
FILLER_33_610,VGND,li1,291.4100,103.3600,0.000003
FILLER_33_607,VGND,li1,290.0300,103.3600,0.000003
FILLER_33_604,VGND,li1,288.6500,103.3600,0.000003
FILLER_33_601,VGND,li1,287.2700,103.3600,0.000004
FILLER_33_598,VGND,li1,285.8900,103.3600,0.000004
FILLER_33_595,VGND,li1,284.5100,103.3600,0.000004
FILLER_33_592,VGND,li1,283.1300,103.3600,0.000004
FILLER_33_589,VGND,li1,281.7500,103.3600,0.000004
FILLER_33_586,VGND,li1,280.3700,103.3600,0.000004
FILLER_33_583,VGND,li1,278.9900,103.3600,0.000004
FILLER_33_561,VGND,li1,268.4100,103.3600,0.000004
FILLER_33_557,VGND,li1,267.0300,103.3600,0.000004
FILLER_33_554,VGND,li1,265.6500,103.3600,0.000004
FILLER_33_551,VGND,li1,264.2700,103.3600,0.000003
FILLER_33_548,VGND,li1,262.8900,103.3600,0.000003
FILLER_33_545,VGND,li1,261.5100,103.3600,0.000003
FILLER_33_542,VGND,li1,260.1300,103.3600,0.000002
FILLER_33_539,VGND,li1,258.7500,103.3600,0.000002
FILLER_33_530,VGND,li1,254.1500,103.3600,0.000003
FILLER_33_527,VGND,li1,253.2300,103.3600,0.000003
FILLER_33_524,VGND,li1,251.8500,103.3600,0.000003
FILLER_33_521,VGND,li1,250.4700,103.3600,0.000004
FILLER_33_518,VGND,li1,249.0900,103.3600,0.000004
FILLER_33_515,VGND,li1,247.7100,103.3600,0.000004
FILLER_33_508,VGND,li1,244.4900,103.3600,0.000005
FILLER_33_505,VGND,li1,243.1100,103.3600,0.000005
FILLER_33_500,VGND,li1,240.3500,103.3600,0.000005
FILLER_33_497,VGND,li1,239.4300,103.3600,0.000005
FILLER_33_494,VGND,li1,238.0500,103.3600,0.000004
FILLER_33_488,VGND,li1,235.2900,103.3600,0.000004
FILLER_33_485,VGND,li1,233.9100,103.3600,0.000004
FILLER_33_482,VGND,li1,232.5300,103.3600,0.000004
FILLER_33_479,VGND,li1,231.1500,103.3600,0.000004
FILLER_33_476,VGND,li1,229.7700,103.3600,0.000003
FILLER_33_446,VGND,li1,215.7400,103.3600,0.000006
FILLER_33_390,VGND,li1,189.9800,103.3600,0.000005
FILLER_33_360,VGND,li1,175.9500,103.3600,0.000004
FILLER_33_357,VGND,li1,175.0300,103.3600,0.000004
FILLER_33_354,VGND,li1,173.6500,103.3600,0.000004
FILLER_33_351,VGND,li1,172.2700,103.3600,0.000003
FILLER_33_348,VGND,li1,170.8900,103.3600,0.000003
FILLER_33_345,VGND,li1,169.5100,103.3600,0.000003
FILLER_33_332,VGND,li1,163.0700,103.3600,0.000005
FILLER_33_322,VGND,li1,158.9300,103.3600,0.000005
FILLER_33_319,VGND,li1,157.5500,103.3600,0.000005
FILLER_33_316,VGND,li1,156.1700,103.3600,0.000005
FILLER_33_293,VGND,li1,145.3600,103.3600,0.000004
FILLER_33_284,VGND,li1,141.2200,103.3600,0.000003
FILLER_33_281,VGND,li1,140.0700,103.3600,0.000002
FILLER_33_279,VGND,li1,138.6900,103.3600,0.000002
FILLER_33_276,VGND,li1,137.7700,103.3600,0.000002
FILLER_33_273,VGND,li1,136.3900,103.3600,0.000002
FILLER_33_267,VGND,li1,133.6300,103.3600,0.000002
FILLER_33_264,VGND,li1,132.2500,103.3600,0.000002
FILLER_33_250,VGND,li1,125.8100,103.3600,0.000001
FILLER_33_247,VGND,li1,124.4300,103.3600,0.000001
FILLER_33_244,VGND,li1,123.0500,103.3600,0.000001
FILLER_33_234,VGND,li1,117.9900,103.3600,0.000001
FILLER_33_231,VGND,li1,117.0700,103.3600,0.000001
FILLER_33_228,VGND,li1,115.6900,103.3600,0.000001
FILLER_33_225,VGND,li1,114.3100,103.3600,0.000001
FILLER_33_222,VGND,li1,112.7000,103.3600,0.000001
FILLER_33_219,VGND,li1,111.5500,103.3600,0.000001
FILLER_33_216,VGND,li1,110.1700,103.3600,0.000001
FILLER_33_213,VGND,li1,108.7900,103.3600,0.000001
FILLER_33_210,VGND,li1,107.4100,103.3600,0.000001
FILLER_33_207,VGND,li1,106.0300,103.3600,0.000001
FILLER_33_198,VGND,li1,101.6600,103.3600,0.000001
FILLER_33_195,VGND,li1,100.5100,103.3600,0.000001
FILLER_33_192,VGND,li1,99.1300,103.3600,0.000001
FILLER_33_189,VGND,li1,97.7500,103.3600,0.000001
FILLER_33_186,VGND,li1,96.3700,103.3600,0.000002
FILLER_33_175,VGND,li1,91.0800,103.3600,0.000002
FILLER_33_172,VGND,li1,89.9300,103.3600,0.000002
FILLER_33_169,VGND,li1,88.5500,103.3600,0.000002
FILLER_33_166,VGND,li1,86.9400,103.3600,0.000002
FILLER_33_163,VGND,li1,85.7900,103.3600,0.000002
FILLER_33_155,VGND,li1,82.1100,103.3600,0.000002
FILLER_33_142,VGND,li1,75.6700,103.3600,0.000004
FILLER_33_139,VGND,li1,74.7500,103.3600,0.000004
FILLER_33_129,VGND,li1,69.9200,103.3600,0.000006
FILLER_33_119,VGND,li1,65.0900,103.3600,0.000006
FILLER_33_116,VGND,li1,64.1700,103.3600,0.000007
FILLER_33_113,VGND,li1,62.7900,103.3600,0.000007
FILLER_33_109,VGND,li1,60.9500,103.3600,0.000007
FILLER_33_106,VGND,li1,59.5700,103.3600,0.000007
FILLER_33_87,VGND,li1,50.6000,103.3600,0.000006
FILLER_33_84,VGND,li1,49.4500,103.3600,0.000005
FILLER_33_81,VGND,li1,48.0700,103.3600,0.000006
FILLER_33_78,VGND,li1,46.6900,103.3600,0.000006
FILLER_33_60,VGND,li1,38.1800,103.3600,0.000008
FILLER_33_57,VGND,li1,37.0300,103.3600,0.000009
FILLER_33_55,VGND,li1,35.6500,103.3600,0.000009
FILLER_33_27,VGND,li1,23.2300,103.3600,0.000007
FILLER_33_24,VGND,li1,21.8500,103.3600,0.000006
FILLER_33_3,VGND,li1,11.7300,103.3600,0.000006
FILLER_32_645,VGND,li1,307.5100,97.9200,0.000002
FILLER_32_643,VGND,li1,306.1300,97.9200,0.000002
FILLER_32_640,VGND,li1,305.2100,97.9200,0.000002
FILLER_32_637,VGND,li1,303.8300,97.9200,0.000002
FILLER_32_634,VGND,li1,302.4500,97.9200,0.000002
FILLER_32_631,VGND,li1,301.0700,97.9200,0.000002
FILLER_32_628,VGND,li1,299.6900,97.9200,0.000002
FILLER_32_625,VGND,li1,298.3100,97.9200,0.000002
FILLER_32_622,VGND,li1,296.9300,97.9200,0.000002
FILLER_32_619,VGND,li1,295.5500,97.9200,0.000002
FILLER_32_616,VGND,li1,294.1700,97.9200,0.000002
FILLER_32_613,VGND,li1,292.7900,97.9200,0.000002
FILLER_32_610,VGND,li1,291.4100,97.9200,0.000002
FILLER_32_607,VGND,li1,290.0300,97.9200,0.000002
FILLER_32_604,VGND,li1,288.6500,97.9200,0.000002
FILLER_32_601,VGND,li1,287.2700,97.9200,0.000003
FILLER_32_598,VGND,li1,285.8900,97.9200,0.000003
FILLER_32_595,VGND,li1,284.5100,97.9200,0.000003
FILLER_32_592,VGND,li1,283.1300,97.9200,0.000003
FILLER_32_589,VGND,li1,281.7500,97.9200,0.000004
FILLER_32_586,VGND,li1,280.1400,97.9200,0.000004
FILLER_32_583,VGND,li1,278.9900,97.9200,0.000005
FILLER_32_580,VGND,li1,277.6100,97.9200,0.000005
FILLER_32_577,VGND,li1,276.2300,97.9200,0.000005
FILLER_32_568,VGND,li1,272.0900,97.9200,0.000005
FILLER_32_565,VGND,li1,270.7100,97.9200,0.000005
FILLER_32_533,VGND,li1,255.7600,97.9200,0.000004
FILLER_32_528,VGND,li1,253.2300,97.9200,0.000005
FILLER_32_518,VGND,li1,248.6300,97.9200,0.000005
FILLER_32_515,VGND,li1,247.7100,97.9200,0.000005
FILLER_32_512,VGND,li1,246.3300,97.9200,0.000005
FILLER_32_505,VGND,li1,243.1100,97.9200,0.000005
FILLER_32_502,VGND,li1,241.7300,97.9200,0.000005
FILLER_32_480,VGND,li1,231.1500,97.9200,0.000004
FILLER_32_477,VGND,li1,230.2300,97.9200,0.000003
FILLER_32_471,VGND,li1,227.0100,97.9200,0.000003
FILLER_32_468,VGND,li1,226.0900,97.9200,0.000004
FILLER_32_464,VGND,li1,223.7900,97.9200,0.000004
FILLER_32_461,VGND,li1,222.8700,97.9200,0.000004
FILLER_32_458,VGND,li1,221.4900,97.9200,0.000004
FILLER_32_436,VGND,li1,210.9100,97.9200,0.000004
FILLER_32_432,VGND,li1,209.0700,97.9200,0.000004
FILLER_32_429,VGND,li1,208.1500,97.9200,0.000004
FILLER_32_419,VGND,li1,203.0900,97.9200,0.000003
FILLER_32_416,VGND,li1,202.1700,97.9200,0.000003
FILLER_32_406,VGND,li1,197.1100,97.9200,0.000003
FILLER_32_384,VGND,li1,186.9900,97.9200,0.000005
FILLER_32_381,VGND,li1,186.0700,97.9200,0.000005
FILLER_32_371,VGND,li1,181.0100,97.9200,0.000005
FILLER_32_368,VGND,li1,180.0900,97.9200,0.000005
FILLER_32_365,VGND,li1,178.7100,97.9200,0.000005
FILLER_32_341,VGND,li1,167.4400,97.9200,0.000004
FILLER_32_338,VGND,li1,166.2900,97.9200,0.000004
FILLER_32_335,VGND,li1,164.9100,97.9200,0.000004
FILLER_32_332,VGND,li1,163.5300,97.9200,0.000005
FILLER_32_329,VGND,li1,162.1500,97.9200,0.000005
FILLER_32_326,VGND,li1,160.7700,97.9200,0.000005
FILLER_32_323,VGND,li1,159.3900,97.9200,0.000005
FILLER_32_320,VGND,li1,158.0100,97.9200,0.000005
FILLER_32_317,VGND,li1,156.6300,97.9200,0.000005
FILLER_32_304,VGND,li1,150.1900,97.9200,0.000005
FILLER_32_301,VGND,li1,149.2700,97.9200,0.000005
FILLER_32_293,VGND,li1,145.1300,97.9200,0.000004
FILLER_32_290,VGND,li1,144.2100,97.9200,0.000004
FILLER_32_287,VGND,li1,142.8300,97.9200,0.000004
FILLER_32_284,VGND,li1,141.4500,97.9200,0.000004
FILLER_32_253,VGND,li1,127.1900,97.9200,0.000005
FILLER_32_251,VGND,li1,125.8100,97.9200,0.000005
FILLER_32_248,VGND,li1,124.8900,97.9200,0.000005
FILLER_32_245,VGND,li1,123.5100,97.9200,0.000005
FILLER_32_242,VGND,li1,122.1300,97.9200,0.000005
FILLER_32_239,VGND,li1,120.7500,97.9200,0.000005
FILLER_32_236,VGND,li1,119.3700,97.9200,0.000004
FILLER_32_233,VGND,li1,117.9900,97.9200,0.000004
FILLER_32_230,VGND,li1,116.6100,97.9200,0.000004
FILLER_32_227,VGND,li1,115.2300,97.9200,0.000004
FILLER_32_224,VGND,li1,113.8500,97.9200,0.000003
FILLER_32_221,VGND,li1,112.4700,97.9200,0.000003
FILLER_32_218,VGND,li1,111.0900,97.9200,0.000002
FILLER_32_215,VGND,li1,109.7100,97.9200,0.000002
FILLER_32_212,VGND,li1,108.3300,97.9200,0.000002
FILLER_32_209,VGND,li1,106.9500,97.9200,0.000002
FILLER_32_206,VGND,li1,105.5700,97.9200,0.000002
FILLER_32_203,VGND,li1,104.1900,97.9200,0.000002
FILLER_32_200,VGND,li1,102.8100,97.9200,0.000002
FILLER_32_197,VGND,li1,101.4300,97.9200,0.000002
FILLER_32_193,VGND,li1,99.5900,97.9200,0.000003
FILLER_32_190,VGND,li1,98.2100,97.9200,0.000003
FILLER_32_187,VGND,li1,96.8300,97.9200,0.000003
FILLER_32_184,VGND,li1,95.4500,97.9200,0.000003
FILLER_32_181,VGND,li1,94.0700,97.9200,0.000003
FILLER_32_164,VGND,li1,85.7900,97.9200,0.000003
FILLER_32_161,VGND,li1,84.8700,97.9200,0.000003
FILLER_32_158,VGND,li1,83.4900,97.9200,0.000004
FILLER_32_155,VGND,li1,82.1100,97.9200,0.000004
FILLER_32_152,VGND,li1,80.7300,97.9200,0.000004
FILLER_32_144,VGND,li1,76.5900,97.9200,0.000005
FILLER_32_141,VGND,li1,75.6700,97.9200,0.000006
FILLER_32_129,VGND,li1,70.1500,97.9200,0.000008
FILLER_32_126,VGND,li1,68.7700,97.9200,0.000008
FILLER_32_108,VGND,li1,60.0300,97.9200,0.000010
FILLER_32_105,VGND,li1,59.1100,97.9200,0.000010
FILLER_32_102,VGND,li1,57.7300,97.9200,0.000010
FILLER_32_83,VGND,li1,48.5300,97.9200,0.000010
FILLER_32_80,VGND,li1,47.6100,97.9200,0.000012
FILLER_32_58,VGND,li1,37.0300,97.9200,0.000021
FILLER_32_55,VGND,li1,36.1100,97.9200,0.000023
FILLER_32_32,VGND,li1,25.5300,97.9200,0.000020
FILLER_32_29,VGND,li1,24.1500,97.9200,0.000018
FILLER_31_647,VGND,li1,307.9700,97.9200,0.000002
FILLER_31_644,VGND,li1,307.0500,97.9200,0.000002
FILLER_31_641,VGND,li1,305.6700,97.9200,0.000002
FILLER_31_638,VGND,li1,304.2900,97.9200,0.000002
FILLER_31_635,VGND,li1,302.9100,97.9200,0.000002
FILLER_31_632,VGND,li1,301.5300,97.9200,0.000002
FILLER_31_629,VGND,li1,300.1500,97.9200,0.000002
FILLER_31_626,VGND,li1,298.7700,97.9200,0.000002
FILLER_31_623,VGND,li1,297.3900,97.9200,0.000002
FILLER_31_620,VGND,li1,296.0100,97.9200,0.000002
FILLER_31_617,VGND,li1,294.6300,97.9200,0.000002
FILLER_31_613,VGND,li1,292.7900,97.9200,0.000002
FILLER_31_610,VGND,li1,291.4100,97.9200,0.000002
FILLER_31_607,VGND,li1,290.0300,97.9200,0.000002
FILLER_31_604,VGND,li1,288.6500,97.9200,0.000002
FILLER_31_601,VGND,li1,287.2700,97.9200,0.000003
FILLER_31_598,VGND,li1,285.8900,97.9200,0.000003
FILLER_31_595,VGND,li1,284.5100,97.9200,0.000003
FILLER_31_592,VGND,li1,283.1300,97.9200,0.000003
FILLER_31_589,VGND,li1,281.7500,97.9200,0.000004
FILLER_31_586,VGND,li1,280.3700,97.9200,0.000004
FILLER_31_557,VGND,li1,267.0300,97.9200,0.000005
FILLER_31_509,VGND,li1,244.9500,97.9200,0.000005
FILLER_31_503,VGND,li1,241.7300,97.9200,0.000005
FILLER_31_493,VGND,li1,237.3600,97.9200,0.000005
FILLER_31_482,VGND,li1,232.3000,97.9200,0.000004
FILLER_31_479,VGND,li1,231.1500,97.9200,0.000004
FILLER_31_476,VGND,li1,229.7700,97.9200,0.000003
FILLER_31_466,VGND,li1,225.1700,97.9200,0.000004
FILLER_31_463,VGND,li1,223.7900,97.9200,0.000004
FILLER_31_460,VGND,li1,222.4100,97.9200,0.000004
FILLER_31_457,VGND,li1,221.0300,97.9200,0.000004
FILLER_31_443,VGND,li1,214.3600,97.9200,0.000005
FILLER_31_433,VGND,li1,209.5300,97.9200,0.000004
FILLER_31_430,VGND,li1,208.6100,97.9200,0.000004
FILLER_31_427,VGND,li1,207.2300,97.9200,0.000004
FILLER_31_424,VGND,li1,205.8500,97.9200,0.000004
FILLER_31_421,VGND,li1,204.4700,97.9200,0.000003
FILLER_31_418,VGND,li1,203.0900,97.9200,0.000003
FILLER_31_415,VGND,li1,201.7100,97.9200,0.000003
FILLER_31_412,VGND,li1,200.3300,97.9200,0.000003
FILLER_31_409,VGND,li1,198.9500,97.9200,0.000003
FILLER_31_406,VGND,li1,197.5700,97.9200,0.000003
FILLER_31_402,VGND,li1,195.2700,97.9200,0.000004
FILLER_31_399,VGND,li1,194.3500,97.9200,0.000004
FILLER_31_396,VGND,li1,192.9700,97.9200,0.000004
FILLER_31_393,VGND,li1,191.5900,97.9200,0.000005
FILLER_31_379,VGND,li1,184.9200,97.9200,0.000005
FILLER_31_376,VGND,li1,183.7700,97.9200,0.000005
FILLER_31_373,VGND,li1,182.3900,97.9200,0.000005
FILLER_31_370,VGND,li1,181.0100,97.9200,0.000005
FILLER_31_357,VGND,li1,174.5700,97.9200,0.000004
FILLER_31_346,VGND,li1,169.7400,97.9200,0.000004
FILLER_31_343,VGND,li1,168.5900,97.9200,0.000004
FILLER_31_340,VGND,li1,167.2100,97.9200,0.000004
FILLER_31_337,VGND,li1,165.8300,97.9200,0.000004
FILLER_31_334,VGND,li1,164.2200,97.9200,0.000004
FILLER_31_300,VGND,li1,148.3500,97.9200,0.000005
FILLER_31_297,VGND,li1,147.4300,97.9200,0.000005
FILLER_31_294,VGND,li1,146.0500,97.9200,0.000004
FILLER_31_284,VGND,li1,140.9900,97.9200,0.000004
FILLER_31_281,VGND,li1,140.0700,97.9200,0.000003
FILLER_31_279,VGND,li1,138.6900,97.9200,0.000003
FILLER_31_276,VGND,li1,137.7700,97.9200,0.000004
FILLER_31_273,VGND,li1,136.3900,97.9200,0.000004
FILLER_31_265,VGND,li1,132.7100,97.9200,0.000005
FILLER_31_262,VGND,li1,131.3300,97.9200,0.000005
FILLER_31_259,VGND,li1,129.9500,97.9200,0.000005
FILLER_31_235,VGND,li1,118.9100,97.9200,0.000004
FILLER_31_222,VGND,li1,112.7000,97.9200,0.000003
FILLER_31_219,VGND,li1,111.5500,97.9200,0.000002
FILLER_31_216,VGND,li1,110.1700,97.9200,0.000002
FILLER_31_213,VGND,li1,108.7900,97.9200,0.000002
FILLER_31_203,VGND,li1,104.1900,97.9200,0.000002
FILLER_31_200,VGND,li1,102.8100,97.9200,0.000002
FILLER_31_190,VGND,li1,98.2100,97.9200,0.000003
FILLER_31_187,VGND,li1,96.8300,97.9200,0.000003
FILLER_31_169,VGND,li1,88.5500,97.9200,0.000003
FILLER_31_166,VGND,li1,86.9400,97.9200,0.000003
FILLER_31_163,VGND,li1,85.7900,97.9200,0.000003
FILLER_31_160,VGND,li1,84.4100,97.9200,0.000003
FILLER_31_157,VGND,li1,83.0300,97.9200,0.000004
FILLER_31_154,VGND,li1,81.6500,97.9200,0.000004
FILLER_31_151,VGND,li1,80.2700,97.9200,0.000004
FILLER_31_148,VGND,li1,78.8900,97.9200,0.000004
FILLER_31_145,VGND,li1,77.5100,97.9200,0.000005
FILLER_31_142,VGND,li1,76.1300,97.9200,0.000006
FILLER_31_113,VGND,li1,62.7900,97.9200,0.000010
FILLER_31_102,VGND,li1,57.5000,97.9200,0.000010
FILLER_31_84,VGND,li1,49.2200,97.9200,0.000010
FILLER_31_66,VGND,li1,40.9400,97.9200,0.000019
FILLER_31_63,VGND,li1,39.7900,97.9200,0.000019
FILLER_31_60,VGND,li1,38.4100,97.9200,0.000021
FILLER_31_57,VGND,li1,37.0300,97.9200,0.000021
FILLER_31_53,VGND,li1,35.1900,97.9200,0.000023
FILLER_31_43,VGND,li1,30.1300,97.9200,0.000027
FILLER_31_40,VGND,li1,29.2100,97.9200,0.000024
FILLER_31_37,VGND,li1,27.8300,97.9200,0.000024
FILLER_31_32,VGND,li1,25.0700,97.9200,0.000020
FILLER_31_6,VGND,li1,13.3400,97.9200,0.000013
FILLER_31_3,VGND,li1,12.1900,97.9200,0.000013
FILLER_30_645,VGND,li1,307.5100,92.4800,0.000008
FILLER_30_643,VGND,li1,306.1300,92.4800,0.000008
FILLER_30_640,VGND,li1,305.2100,92.4800,0.000008
FILLER_30_637,VGND,li1,303.8300,92.4800,0.000008
FILLER_30_634,VGND,li1,302.4500,92.4800,0.000008
FILLER_30_631,VGND,li1,301.0700,92.4800,0.000008
FILLER_30_628,VGND,li1,299.6900,92.4800,0.000008
FILLER_30_625,VGND,li1,298.3100,92.4800,0.000008
FILLER_30_622,VGND,li1,296.9300,92.4800,0.000008
FILLER_30_619,VGND,li1,295.5500,92.4800,0.000008
FILLER_30_616,VGND,li1,294.1700,92.4800,0.000008
FILLER_30_613,VGND,li1,292.7900,92.4800,0.000008
FILLER_30_610,VGND,li1,291.4100,92.4800,0.000008
FILLER_30_607,VGND,li1,290.0300,92.4800,0.000008
FILLER_30_604,VGND,li1,288.6500,92.4800,0.000008
FILLER_30_601,VGND,li1,287.2700,92.4800,0.000008
FILLER_30_598,VGND,li1,285.8900,92.4800,0.000010
FILLER_30_595,VGND,li1,284.5100,92.4800,0.000011
FILLER_30_592,VGND,li1,283.1300,92.4800,0.000011
FILLER_30_589,VGND,li1,281.7500,92.4800,0.000014
FILLER_30_585,VGND,li1,279.9100,92.4800,0.000016
FILLER_30_582,VGND,li1,278.5300,92.4800,0.000016
FILLER_30_579,VGND,li1,277.1500,92.4800,0.000018
FILLER_30_576,VGND,li1,275.7700,92.4800,0.000018
FILLER_30_544,VGND,li1,261.0500,92.4800,0.000016
FILLER_30_539,VGND,li1,258.2900,92.4800,0.000013
FILLER_30_536,VGND,li1,257.3700,92.4800,0.000013
FILLER_30_533,VGND,li1,255.9900,92.4800,0.000013
FILLER_30_530,VGND,li1,254.3800,92.4800,0.000013
FILLER_30_527,VGND,li1,253.2300,92.4800,0.000013
FILLER_30_524,VGND,li1,251.8500,92.4800,0.000013
FILLER_30_521,VGND,li1,250.4700,92.4800,0.000013
FILLER_30_518,VGND,li1,249.0900,92.4800,0.000013
FILLER_30_515,VGND,li1,247.7100,92.4800,0.000013
FILLER_30_512,VGND,li1,246.3300,92.4800,0.000013
FILLER_30_491,VGND,li1,236.6700,92.4800,0.000014
FILLER_30_486,VGND,li1,233.9100,92.4800,0.000013
FILLER_30_483,VGND,li1,232.9900,92.4800,0.000013
FILLER_30_480,VGND,li1,231.6100,92.4800,0.000013
FILLER_30_477,VGND,li1,230.2300,92.4800,0.000012
FILLER_30_474,VGND,li1,228.6200,92.4800,0.000012
FILLER_30_468,VGND,li1,226.0900,92.4800,0.000016
FILLER_30_465,VGND,li1,224.7100,92.4800,0.000019
FILLER_30_462,VGND,li1,223.3300,92.4800,0.000019
FILLER_30_452,VGND,li1,218.2700,92.4800,0.000024
FILLER_30_449,VGND,li1,217.3500,92.4800,0.000027
FILLER_30_446,VGND,li1,215.9700,92.4800,0.000027
FILLER_30_443,VGND,li1,214.5900,92.4800,0.000029
FILLER_30_440,VGND,li1,213.2100,92.4800,0.000031
FILLER_30_437,VGND,li1,211.8300,92.4800,0.000031
FILLER_30_419,VGND,li1,203.0900,92.4800,0.000032
FILLER_30_416,VGND,li1,202.1700,92.4800,0.000032
FILLER_30_393,VGND,li1,191.3600,92.4800,0.000027
FILLER_30_371,VGND,li1,181.0100,92.4800,0.000019
FILLER_30_368,VGND,li1,180.0900,92.4800,0.000018
FILLER_30_365,VGND,li1,178.7100,92.4800,0.000018
FILLER_30_363,VGND,li1,177.3300,92.4800,0.000016
FILLER_30_329,VGND,li1,161.9200,92.4800,0.000007
FILLER_30_326,VGND,li1,160.7700,92.4800,0.000006
FILLER_30_305,VGND,li1,151.1100,92.4800,0.000004
FILLER_30_302,VGND,li1,149.7300,92.4800,0.000004
FILLER_30_299,VGND,li1,148.3500,92.4800,0.000004
FILLER_30_296,VGND,li1,146.9700,92.4800,0.000003
FILLER_30_286,VGND,li1,142.3700,92.4800,0.000002
FILLER_30_283,VGND,li1,140.9900,92.4800,0.000002
FILLER_30_280,VGND,li1,139.6100,92.4800,0.000002
FILLER_30_277,VGND,li1,138.2300,92.4800,0.000002
FILLER_30_274,VGND,li1,136.8500,92.4800,0.000002
FILLER_30_269,VGND,li1,134.3200,92.4800,0.000002
FILLER_30_262,VGND,li1,131.3300,92.4800,0.000002
FILLER_30_259,VGND,li1,129.9500,92.4800,0.000002
FILLER_30_256,VGND,li1,128.5700,92.4800,0.000002
FILLER_30_253,VGND,li1,127.1900,92.4800,0.000002
FILLER_30_248,VGND,li1,124.4300,92.4800,0.000002
FILLER_30_233,VGND,li1,117.5300,92.4800,0.000001
FILLER_30_230,VGND,li1,116.6100,92.4800,0.000001
FILLER_30_227,VGND,li1,115.2300,92.4800,0.000001
FILLER_30_224,VGND,li1,113.8500,92.4800,0.000001
FILLER_30_221,VGND,li1,112.4700,92.4800,0.000001
FILLER_30_218,VGND,li1,111.0900,92.4800,0.000001
FILLER_30_215,VGND,li1,109.7100,92.4800,0.000001
FILLER_30_212,VGND,li1,108.3300,92.4800,0.000001
FILLER_30_209,VGND,li1,106.9500,92.4800,0.000001
FILLER_30_206,VGND,li1,105.5700,92.4800,0.000002
FILLER_30_203,VGND,li1,104.1900,92.4800,0.000002
FILLER_30_200,VGND,li1,102.8100,92.4800,0.000002
FILLER_30_197,VGND,li1,101.4300,92.4800,0.000002
FILLER_30_194,VGND,li1,99.8200,92.4800,0.000002
FILLER_30_191,VGND,li1,98.6700,92.4800,0.000002
FILLER_30_188,VGND,li1,97.2900,92.4800,0.000002
FILLER_30_177,VGND,li1,92.2300,92.4800,0.000003
FILLER_30_174,VGND,li1,90.8500,92.4800,0.000003
FILLER_30_141,VGND,li1,75.6700,92.4800,0.000005
FILLER_30_138,VGND,li1,74.0600,92.4800,0.000006
FILLER_30_135,VGND,li1,72.9100,92.4800,0.000006
FILLER_30_132,VGND,li1,71.5300,92.4800,0.000007
FILLER_30_129,VGND,li1,70.1500,92.4800,0.000007
FILLER_30_126,VGND,li1,68.7700,92.4800,0.000008
FILLER_30_117,VGND,li1,64.1700,92.4800,0.000009
FILLER_30_114,VGND,li1,63.2500,92.4800,0.000010
FILLER_30_94,VGND,li1,54.0500,92.4800,0.000009
FILLER_30_82,VGND,li1,48.3000,92.4800,0.000007
FILLER_30_79,VGND,li1,47.1500,92.4800,0.000009
FILLER_30_36,VGND,li1,26.9100,92.4800,0.000009
FILLER_30_22,VGND,li1,20.7000,92.4800,0.000007
FILLER_30_3,VGND,li1,11.9600,92.4800,0.000008
FILLER_29_647,VGND,li1,307.9700,92.4800,0.000008
FILLER_29_644,VGND,li1,307.0500,92.4800,0.000008
FILLER_29_641,VGND,li1,305.6700,92.4800,0.000008
FILLER_29_638,VGND,li1,304.2900,92.4800,0.000008
FILLER_29_635,VGND,li1,302.9100,92.4800,0.000008
FILLER_29_632,VGND,li1,301.5300,92.4800,0.000008
FILLER_29_629,VGND,li1,300.1500,92.4800,0.000008
FILLER_29_626,VGND,li1,298.7700,92.4800,0.000008
FILLER_29_623,VGND,li1,297.3900,92.4800,0.000008
FILLER_29_620,VGND,li1,296.0100,92.4800,0.000008
FILLER_29_617,VGND,li1,294.6300,92.4800,0.000008
FILLER_29_614,VGND,li1,293.0200,92.4800,0.000008
FILLER_29_611,VGND,li1,291.8700,92.4800,0.000008
FILLER_29_608,VGND,li1,290.4900,92.4800,0.000008
FILLER_29_605,VGND,li1,289.1100,92.4800,0.000008
FILLER_29_602,VGND,li1,287.7300,92.4800,0.000008
FILLER_29_599,VGND,li1,286.3500,92.4800,0.000010
FILLER_29_596,VGND,li1,284.9700,92.4800,0.000010
FILLER_29_593,VGND,li1,283.5900,92.4800,0.000011
FILLER_29_590,VGND,li1,282.2100,92.4800,0.000014
FILLER_29_587,VGND,li1,280.8300,92.4800,0.000014
FILLER_29_572,VGND,li1,273.9300,92.4800,0.000020
FILLER_29_569,VGND,li1,272.5500,92.4800,0.000022
FILLER_29_564,VGND,li1,269.7900,92.4800,0.000024
FILLER_29_561,VGND,li1,268.8700,92.4800,0.000024
FILLER_29_536,VGND,li1,257.3700,92.4800,0.000013
FILLER_29_533,VGND,li1,255.9900,92.4800,0.000013
FILLER_29_523,VGND,li1,250.9300,92.4800,0.000013
FILLER_29_517,VGND,li1,248.4000,92.4800,0.000013
FILLER_29_514,VGND,li1,247.2500,92.4800,0.000013
FILLER_29_511,VGND,li1,245.8700,92.4800,0.000013
FILLER_29_508,VGND,li1,244.4900,92.4800,0.000013
FILLER_29_505,VGND,li1,243.1100,92.4800,0.000014
FILLER_29_482,VGND,li1,232.0700,92.4800,0.000013
FILLER_29_460,VGND,li1,221.9500,92.4800,0.000022
FILLER_29_457,VGND,li1,221.0300,92.4800,0.000022
FILLER_29_442,VGND,li1,213.9000,92.4800,0.000029
FILLER_29_439,VGND,li1,212.7500,92.4800,0.000031
FILLER_29_418,VGND,li1,202.6300,92.4800,0.000032
FILLER_29_393,VGND,li1,191.1300,92.4800,0.000027
FILLER_29_388,VGND,li1,188.8300,92.4800,0.000025
FILLER_29_385,VGND,li1,187.9100,92.4800,0.000025
FILLER_29_375,VGND,li1,182.8500,92.4800,0.000021
FILLER_29_372,VGND,li1,181.9300,92.4800,0.000019
FILLER_29_369,VGND,li1,180.5500,92.4800,0.000019
FILLER_29_351,VGND,li1,172.0400,92.4800,0.000011
FILLER_29_340,VGND,li1,166.7500,92.4800,0.000008
FILLER_29_337,VGND,li1,165.8300,92.4800,0.000007
FILLER_29_335,VGND,li1,164.4500,92.4800,0.000007
FILLER_29_332,VGND,li1,163.5300,92.4800,0.000007
FILLER_29_329,VGND,li1,162.1500,92.4800,0.000007
FILLER_29_326,VGND,li1,160.7700,92.4800,0.000006
FILLER_29_323,VGND,li1,159.3900,92.4800,0.000006
FILLER_29_320,VGND,li1,158.0100,92.4800,0.000006
FILLER_29_317,VGND,li1,156.6300,92.4800,0.000006
FILLER_29_314,VGND,li1,155.2500,92.4800,0.000005
FILLER_29_309,VGND,li1,152.7200,92.4800,0.000005
FILLER_29_306,VGND,li1,151.5700,92.4800,0.000004
FILLER_29_303,VGND,li1,150.1900,92.4800,0.000004
FILLER_29_300,VGND,li1,148.8100,92.4800,0.000004
FILLER_29_297,VGND,li1,147.4300,92.4800,0.000003
FILLER_29_294,VGND,li1,146.0500,92.4800,0.000003
FILLER_29_291,VGND,li1,144.6700,92.4800,0.000003
FILLER_29_288,VGND,li1,143.2900,92.4800,0.000003
FILLER_29_277,VGND,li1,138.2300,92.4800,0.000002
FILLER_29_255,VGND,li1,127.8800,92.4800,0.000002
FILLER_29_252,VGND,li1,126.7300,92.4800,0.000002
FILLER_29_249,VGND,li1,125.3500,92.4800,0.000002
FILLER_29_246,VGND,li1,123.9700,92.4800,0.000002
FILLER_29_243,VGND,li1,122.5900,92.4800,0.000001
FILLER_29_240,VGND,li1,121.2100,92.4800,0.000001
FILLER_29_237,VGND,li1,119.8300,92.4800,0.000001
FILLER_29_234,VGND,li1,118.4500,92.4800,0.000001
FILLER_29_231,VGND,li1,117.0700,92.4800,0.000001
FILLER_29_228,VGND,li1,115.6900,92.4800,0.000001
FILLER_29_225,VGND,li1,114.3100,92.4800,0.000001
FILLER_29_223,VGND,li1,112.9300,92.4800,0.000001
FILLER_29_220,VGND,li1,112.0100,92.4800,0.000001
FILLER_29_217,VGND,li1,110.6300,92.4800,0.000001
FILLER_29_211,VGND,li1,107.8700,92.4800,0.000001
FILLER_29_208,VGND,li1,106.4900,92.4800,0.000001
FILLER_29_205,VGND,li1,105.1100,92.4800,0.000002
FILLER_29_202,VGND,li1,103.7300,92.4800,0.000002
FILLER_29_199,VGND,li1,102.3500,92.4800,0.000002
FILLER_29_196,VGND,li1,100.9700,92.4800,0.000002
FILLER_29_193,VGND,li1,99.5900,92.4800,0.000002
FILLER_29_190,VGND,li1,98.2100,92.4800,0.000002
FILLER_29_187,VGND,li1,96.8300,92.4800,0.000002
FILLER_29_184,VGND,li1,95.4500,92.4800,0.000003
FILLER_29_181,VGND,li1,94.0700,92.4800,0.000003
FILLER_29_178,VGND,li1,92.6900,92.4800,0.000003
FILLER_29_175,VGND,li1,91.3100,92.4800,0.000003
FILLER_29_172,VGND,li1,89.9300,92.4800,0.000003
FILLER_29_169,VGND,li1,88.5500,92.4800,0.000003
FILLER_29_166,VGND,li1,86.9400,92.4800,0.000004
FILLER_29_163,VGND,li1,85.7900,92.4800,0.000004
FILLER_29_154,VGND,li1,81.1900,92.4800,0.000004
FILLER_29_151,VGND,li1,80.2700,92.4800,0.000004
FILLER_29_148,VGND,li1,78.8900,92.4800,0.000004
FILLER_29_128,VGND,li1,69.6900,92.4800,0.000008
FILLER_29_125,VGND,li1,68.3100,92.4800,0.000008
FILLER_29_89,VGND,li1,51.7500,92.4800,0.000008
FILLER_29_86,VGND,li1,50.3700,92.4800,0.000008
FILLER_29_68,VGND,li1,41.6300,92.4800,0.000010
FILLER_29_65,VGND,li1,40.7100,92.4800,0.000010
FILLER_29_53,VGND,li1,35.1900,92.4800,0.000011
FILLER_29_50,VGND,li1,33.8100,92.4800,0.000011
FILLER_29_30,VGND,li1,24.6100,92.4800,0.000008
FILLER_29_3,VGND,li1,11.9600,92.4800,0.000008
FILLER_28_645,VGND,li1,307.5100,87.0400,0.000001
FILLER_28_643,VGND,li1,306.1300,87.0400,0.000001
FILLER_28_640,VGND,li1,305.2100,87.0400,0.000001
FILLER_28_637,VGND,li1,303.8300,87.0400,0.000001
FILLER_28_634,VGND,li1,302.4500,87.0400,0.000001
FILLER_28_631,VGND,li1,301.0700,87.0400,0.000001
FILLER_28_628,VGND,li1,299.6900,87.0400,0.000001
FILLER_28_625,VGND,li1,298.3100,87.0400,0.000001
FILLER_28_622,VGND,li1,296.9300,87.0400,0.000001
FILLER_28_619,VGND,li1,295.5500,87.0400,0.000001
FILLER_28_616,VGND,li1,294.1700,87.0400,0.000001
FILLER_28_613,VGND,li1,292.7900,87.0400,0.000001
FILLER_28_610,VGND,li1,291.4100,87.0400,0.000001
FILLER_28_607,VGND,li1,290.0300,87.0400,0.000001
FILLER_28_604,VGND,li1,288.6500,87.0400,0.000001
FILLER_28_601,VGND,li1,287.2700,87.0400,0.000001
FILLER_28_598,VGND,li1,285.8900,87.0400,0.000001
FILLER_28_595,VGND,li1,284.5100,87.0400,0.000001
FILLER_28_592,VGND,li1,283.1300,87.0400,0.000001
FILLER_28_589,VGND,li1,281.7500,87.0400,0.000001
FILLER_28_586,VGND,li1,280.1400,87.0400,0.000001
FILLER_28_583,VGND,li1,278.9900,87.0400,0.000001
FILLER_28_568,VGND,li1,272.0900,87.0400,0.000002
FILLER_28_547,VGND,li1,262.2000,87.0400,0.000002
FILLER_28_539,VGND,li1,258.5200,87.0400,0.000001
FILLER_28_536,VGND,li1,257.3700,87.0400,0.000001
FILLER_28_533,VGND,li1,255.9900,87.0400,0.000002
FILLER_28_530,VGND,li1,254.3800,87.0400,0.000002
FILLER_28_519,VGND,li1,249.5500,87.0400,0.000002
FILLER_28_494,VGND,li1,237.5900,87.0400,0.000002
FILLER_28_477,VGND,li1,230.2300,87.0400,0.000001
FILLER_28_467,VGND,li1,225.1700,87.0400,0.000001
FILLER_28_464,VGND,li1,224.2500,87.0400,0.000001
FILLER_28_461,VGND,li1,222.8700,87.0400,0.000001
FILLER_28_458,VGND,li1,221.4900,87.0400,0.000001
FILLER_28_455,VGND,li1,220.1100,87.0400,0.000001
FILLER_28_452,VGND,li1,218.7300,87.0400,0.000001
FILLER_28_449,VGND,li1,217.3500,87.0400,0.000001
FILLER_28_446,VGND,li1,215.9700,87.0400,0.000001
FILLER_28_435,VGND,li1,210.9100,87.0400,0.000001
FILLER_28_432,VGND,li1,209.5300,87.0400,0.000001
FILLER_28_421,VGND,li1,204.4700,87.0400,0.000001
FILLER_28_419,VGND,li1,203.0900,87.0400,0.000001
FILLER_28_408,VGND,li1,198.0300,87.0400,0.000001
FILLER_28_389,VGND,li1,189.7500,87.0400,0.000002
FILLER_28_386,VGND,li1,188.3700,87.0400,0.000002
FILLER_28_383,VGND,li1,186.9900,87.0400,0.000002
FILLER_28_377,VGND,li1,184.0000,87.0400,0.000002
FILLER_28_374,VGND,li1,182.8500,87.0400,0.000002
FILLER_28_365,VGND,li1,178.2500,87.0400,0.000002
FILLER_28_354,VGND,li1,173.6500,87.0400,0.000002
FILLER_28_351,VGND,li1,172.2700,87.0400,0.000002
FILLER_28_348,VGND,li1,170.8900,87.0400,0.000002
FILLER_28_345,VGND,li1,169.5100,87.0400,0.000001
FILLER_28_342,VGND,li1,168.1300,87.0400,0.000001
FILLER_28_339,VGND,li1,166.7500,87.0400,0.000001
FILLER_28_336,VGND,li1,165.3700,87.0400,0.000002
FILLER_28_333,VGND,li1,163.9900,87.0400,0.000002
FILLER_28_305,VGND,li1,151.1100,87.0400,0.000002
FILLER_28_302,VGND,li1,149.7300,87.0400,0.000002
FILLER_28_295,VGND,li1,146.2800,87.0400,0.000002
FILLER_28_292,VGND,li1,145.1300,87.0400,0.000002
FILLER_28_289,VGND,li1,143.7500,87.0400,0.000002
FILLER_28_285,VGND,li1,141.4500,87.0400,0.000002
FILLER_28_282,VGND,li1,140.5300,87.0400,0.000002
FILLER_28_279,VGND,li1,139.1500,87.0400,0.000002
FILLER_28_276,VGND,li1,137.7700,87.0400,0.000003
FILLER_28_273,VGND,li1,136.3900,87.0400,0.000003
FILLER_28_270,VGND,li1,135.0100,87.0400,0.000003
FILLER_28_262,VGND,li1,131.3300,87.0400,0.000004
FILLER_28_259,VGND,li1,129.9500,87.0400,0.000005
FILLER_28_256,VGND,li1,128.5700,87.0400,0.000005
FILLER_28_253,VGND,li1,127.1900,87.0400,0.000005
FILLER_28_251,VGND,li1,125.8100,87.0400,0.000005
FILLER_28_248,VGND,li1,124.8900,87.0400,0.000006
FILLER_28_245,VGND,li1,123.5100,87.0400,0.000006
FILLER_28_242,VGND,li1,122.1300,87.0400,0.000007
FILLER_28_239,VGND,li1,120.7500,87.0400,0.000007
FILLER_28_236,VGND,li1,119.3700,87.0400,0.000008
FILLER_28_233,VGND,li1,117.9900,87.0400,0.000008
FILLER_28_216,VGND,li1,110.1700,87.0400,0.000010
FILLER_28_213,VGND,li1,108.7900,87.0400,0.000010
FILLER_28_210,VGND,li1,107.4100,87.0400,0.000010
FILLER_28_207,VGND,li1,106.0300,87.0400,0.000014
FILLER_28_197,VGND,li1,100.9700,87.0400,0.000021
FILLER_28_195,VGND,li1,100.0500,87.0400,0.000024
FILLER_28_192,VGND,li1,99.1300,87.0400,0.000024
FILLER_28_170,VGND,li1,88.7800,87.0400,0.000029
FILLER_28_167,VGND,li1,87.6300,87.0400,0.000029
FILLER_28_159,VGND,li1,83.7200,87.0400,0.000022
FILLER_28_156,VGND,li1,82.5700,87.0400,0.000022
FILLER_28_153,VGND,li1,81.1900,87.0400,0.000020
FILLER_28_150,VGND,li1,79.8100,87.0400,0.000018
FILLER_28_147,VGND,li1,78.4300,87.0400,0.000018
FILLER_28_144,VGND,li1,77.0500,87.0400,0.000020
FILLER_28_141,VGND,li1,75.6700,87.0400,0.000020
FILLER_28_139,VGND,li1,74.2900,87.0400,0.000023
FILLER_28_136,VGND,li1,73.3700,87.0400,0.000023
FILLER_28_133,VGND,li1,71.9900,87.0400,0.000025
FILLER_28_130,VGND,li1,70.6100,87.0400,0.000025
FILLER_28_123,VGND,li1,67.1600,87.0400,0.000028
FILLER_28_94,VGND,li1,53.5900,87.0400,0.000020
FILLER_28_85,VGND,li1,49.4500,87.0400,0.000013
FILLER_28_73,VGND,li1,44.3900,87.0400,0.000012
FILLER_28_70,VGND,li1,43.0100,87.0400,0.000012
FILLER_28_63,VGND,li1,39.7900,87.0400,0.000012
FILLER_28_60,VGND,li1,38.4100,87.0400,0.000011
FILLER_28_57,VGND,li1,37.0300,87.0400,0.000011
FILLER_28_46,VGND,li1,31.9700,87.0400,0.000010
FILLER_28_37,VGND,li1,27.3700,87.0400,0.000009
FILLER_28_22,VGND,li1,20.4700,87.0400,0.000006
FILLER_28_11,VGND,li1,15.8700,87.0400,0.000006
FILLER_27_647,VGND,li1,307.9700,87.0400,0.000001
FILLER_27_644,VGND,li1,307.0500,87.0400,0.000001
FILLER_27_641,VGND,li1,305.6700,87.0400,0.000001
FILLER_27_638,VGND,li1,304.2900,87.0400,0.000001
FILLER_27_635,VGND,li1,302.9100,87.0400,0.000001
FILLER_27_632,VGND,li1,301.5300,87.0400,0.000001
FILLER_27_629,VGND,li1,300.1500,87.0400,0.000001
FILLER_27_626,VGND,li1,298.7700,87.0400,0.000001
FILLER_27_623,VGND,li1,297.3900,87.0400,0.000001
FILLER_27_620,VGND,li1,296.0100,87.0400,0.000001
FILLER_27_617,VGND,li1,294.6300,87.0400,0.000001
FILLER_27_615,VGND,li1,293.2500,87.0400,0.000001
FILLER_27_612,VGND,li1,292.3300,87.0400,0.000001
FILLER_27_609,VGND,li1,290.9500,87.0400,0.000001
FILLER_27_606,VGND,li1,289.5700,87.0400,0.000001
FILLER_27_603,VGND,li1,288.1900,87.0400,0.000001
FILLER_27_600,VGND,li1,286.8100,87.0400,0.000001
FILLER_27_597,VGND,li1,285.4300,87.0400,0.000001
FILLER_27_594,VGND,li1,284.0500,87.0400,0.000001
FILLER_27_591,VGND,li1,282.6700,87.0400,0.000001
FILLER_27_588,VGND,li1,281.2900,87.0400,0.000001
FILLER_27_585,VGND,li1,279.9100,87.0400,0.000001
FILLER_27_582,VGND,li1,278.5300,87.0400,0.000001
FILLER_27_579,VGND,li1,277.1500,87.0400,0.000002
FILLER_27_576,VGND,li1,275.7700,87.0400,0.000002
FILLER_27_573,VGND,li1,274.3900,87.0400,0.000002
FILLER_27_570,VGND,li1,273.0100,87.0400,0.000002
FILLER_27_567,VGND,li1,271.6300,87.0400,0.000002
FILLER_27_564,VGND,li1,270.2500,87.0400,0.000002
FILLER_27_561,VGND,li1,268.8700,87.0400,0.000002
FILLER_27_557,VGND,li1,267.0300,87.0400,0.000002
FILLER_27_554,VGND,li1,265.6500,87.0400,0.000002
FILLER_27_551,VGND,li1,264.2700,87.0400,0.000002
FILLER_27_545,VGND,li1,261.5100,87.0400,0.000002
FILLER_27_542,VGND,li1,260.1300,87.0400,0.000002
FILLER_27_539,VGND,li1,258.7500,87.0400,0.000001
FILLER_27_536,VGND,li1,257.3700,87.0400,0.000001
FILLER_27_525,VGND,li1,252.3100,87.0400,0.000002
FILLER_27_505,VGND,li1,243.1100,87.0400,0.000003
FILLER_27_494,VGND,li1,237.5900,87.0400,0.000002
FILLER_27_491,VGND,li1,236.6700,87.0400,0.000002
FILLER_27_482,VGND,li1,232.0700,87.0400,0.000002
FILLER_27_460,VGND,li1,222.1800,87.0400,0.000001
FILLER_27_457,VGND,li1,221.0300,87.0400,0.000001
FILLER_27_443,VGND,li1,214.3600,87.0400,0.000001
FILLER_27_435,VGND,li1,210.6800,87.0400,0.000001
FILLER_27_432,VGND,li1,209.5300,87.0400,0.000001
FILLER_27_421,VGND,li1,204.4700,87.0400,0.000001
FILLER_27_418,VGND,li1,203.0900,87.0400,0.000001
FILLER_27_415,VGND,li1,201.7100,87.0400,0.000001
FILLER_27_412,VGND,li1,200.3300,87.0400,0.000001
FILLER_27_403,VGND,li1,195.7300,87.0400,0.000001
FILLER_27_393,VGND,li1,191.3600,87.0400,0.000001
FILLER_27_391,VGND,li1,190.2100,87.0400,0.000001
FILLER_27_388,VGND,li1,189.2900,87.0400,0.000002
FILLER_27_378,VGND,li1,184.2300,87.0400,0.000002
FILLER_27_375,VGND,li1,183.3100,87.0400,0.000002
FILLER_27_372,VGND,li1,181.9300,87.0400,0.000002
FILLER_27_348,VGND,li1,170.8900,87.0400,0.000002
FILLER_27_345,VGND,li1,169.5100,87.0400,0.000001
FILLER_27_316,VGND,li1,155.9400,87.0400,0.000002
FILLER_27_313,VGND,li1,154.7900,87.0400,0.000002
FILLER_27_310,VGND,li1,153.4100,87.0400,0.000002
FILLER_27_307,VGND,li1,152.0300,87.0400,0.000002
FILLER_27_304,VGND,li1,150.6500,87.0400,0.000002
FILLER_27_301,VGND,li1,149.2700,87.0400,0.000002
FILLER_27_298,VGND,li1,147.8900,87.0400,0.000002
FILLER_27_295,VGND,li1,146.5100,87.0400,0.000002
FILLER_27_281,VGND,li1,139.8400,87.0400,0.000002
FILLER_27_277,VGND,li1,138.2300,87.0400,0.000003
FILLER_27_274,VGND,li1,136.8500,87.0400,0.000003
FILLER_27_271,VGND,li1,135.4700,87.0400,0.000003
FILLER_27_265,VGND,li1,132.7100,87.0400,0.000004
FILLER_27_262,VGND,li1,131.3300,87.0400,0.000004
FILLER_27_259,VGND,li1,129.9500,87.0400,0.000005
FILLER_27_256,VGND,li1,128.5700,87.0400,0.000005
FILLER_27_253,VGND,li1,127.1900,87.0400,0.000005
FILLER_27_221,VGND,li1,112.4700,87.0400,0.000009
FILLER_27_218,VGND,li1,111.0900,87.0400,0.000010
FILLER_27_201,VGND,li1,103.0400,87.0400,0.000017
FILLER_27_194,VGND,li1,99.8200,87.0400,0.000024
FILLER_27_191,VGND,li1,98.6700,87.0400,0.000024
FILLER_27_180,VGND,li1,93.6100,87.0400,0.000034
FILLER_27_177,VGND,li1,92.2300,87.0400,0.000034
FILLER_27_169,VGND,li1,88.0900,87.0400,0.000029
FILLER_27_165,VGND,li1,86.7100,87.0400,0.000026
FILLER_27_162,VGND,li1,85.3300,87.0400,0.000026
FILLER_27_159,VGND,li1,83.9500,87.0400,0.000022
FILLER_27_122,VGND,li1,66.9300,87.0400,0.000028
FILLER_27_113,VGND,li1,62.3300,87.0400,0.000032
FILLER_27_93,VGND,li1,53.3600,87.0400,0.000020
FILLER_27_90,VGND,li1,52.2100,87.0400,0.000016
FILLER_27_87,VGND,li1,50.8300,87.0400,0.000016
FILLER_27_60,VGND,li1,38.1800,87.0400,0.000011
FILLER_27_57,VGND,li1,37.0300,87.0400,0.000011
FILLER_27_55,VGND,li1,35.6500,87.0400,0.000011
FILLER_27_28,VGND,li1,23.2300,87.0400,0.000007
FILLER_27_25,VGND,li1,22.3100,87.0400,0.000007
FILLER_27_22,VGND,li1,20.9300,87.0400,0.000006
FILLER_27_3,VGND,li1,11.9600,87.0400,0.000006
FILLER_26_645,VGND,li1,307.5100,81.6000,0.000003
FILLER_26_641,VGND,li1,305.6700,81.6000,0.000003
FILLER_26_638,VGND,li1,304.2900,81.6000,0.000003
FILLER_26_635,VGND,li1,302.9100,81.6000,0.000003
FILLER_26_632,VGND,li1,301.5300,81.6000,0.000003
FILLER_26_629,VGND,li1,300.1500,81.6000,0.000003
FILLER_26_626,VGND,li1,298.7700,81.6000,0.000003
FILLER_26_623,VGND,li1,297.3900,81.6000,0.000003
FILLER_26_620,VGND,li1,296.0100,81.6000,0.000003
FILLER_26_617,VGND,li1,294.6300,81.6000,0.000003
FILLER_26_614,VGND,li1,293.2500,81.6000,0.000003
FILLER_26_611,VGND,li1,291.8700,81.6000,0.000003
FILLER_26_608,VGND,li1,290.4900,81.6000,0.000003
FILLER_26_605,VGND,li1,289.1100,81.6000,0.000003
FILLER_26_602,VGND,li1,287.7300,81.6000,0.000004
FILLER_26_599,VGND,li1,286.3500,81.6000,0.000005
FILLER_26_596,VGND,li1,284.9700,81.6000,0.000005
FILLER_26_593,VGND,li1,283.5900,81.6000,0.000006
FILLER_26_589,VGND,li1,281.2900,81.6000,0.000007
FILLER_26_587,VGND,li1,280.3700,81.6000,0.000007
FILLER_26_584,VGND,li1,279.4500,81.6000,0.000007
FILLER_26_581,VGND,li1,278.0700,81.6000,0.000007
FILLER_26_557,VGND,li1,267.0300,81.6000,0.000008
FILLER_26_531,VGND,li1,254.6100,81.6000,0.000006
FILLER_26_528,VGND,li1,253.6900,81.6000,0.000007
FILLER_26_525,VGND,li1,252.3100,81.6000,0.000007
FILLER_26_514,VGND,li1,247.0200,81.6000,0.000006
FILLER_26_511,VGND,li1,245.8700,81.6000,0.000006
FILLER_26_505,VGND,li1,243.1100,81.6000,0.000006
FILLER_26_502,VGND,li1,241.7300,81.6000,0.000006
FILLER_26_480,VGND,li1,231.1500,81.6000,0.000004
FILLER_26_477,VGND,li1,230.2300,81.6000,0.000004
FILLER_26_475,VGND,li1,228.8500,81.6000,0.000004
FILLER_26_472,VGND,li1,227.9300,81.6000,0.000004
FILLER_26_458,VGND,li1,221.0300,81.6000,0.000005
FILLER_26_436,VGND,li1,210.9100,81.6000,0.000005
FILLER_26_433,VGND,li1,209.9900,81.6000,0.000005
FILLER_26_409,VGND,li1,198.9500,81.6000,0.000003
FILLER_26_398,VGND,li1,193.6600,81.6000,0.000003
FILLER_26_395,VGND,li1,192.5100,81.6000,0.000003
FILLER_26_392,VGND,li1,191.1300,81.6000,0.000003
FILLER_26_385,VGND,li1,187.4500,81.6000,0.000003
FILLER_26_374,VGND,li1,182.8500,81.6000,0.000003
FILLER_26_360,VGND,li1,175.9500,81.6000,0.000003
FILLER_26_338,VGND,li1,165.8300,81.6000,0.000003
FILLER_26_335,VGND,li1,164.9100,81.6000,0.000003
FILLER_26_332,VGND,li1,163.5300,81.6000,0.000003
FILLER_26_329,VGND,li1,162.1500,81.6000,0.000003
FILLER_26_321,VGND,li1,158.0100,81.6000,0.000003
FILLER_26_318,VGND,li1,157.0900,81.6000,0.000003
FILLER_26_315,VGND,li1,155.7100,81.6000,0.000003
FILLER_26_312,VGND,li1,154.3300,81.6000,0.000003
FILLER_26_309,VGND,li1,152.9500,81.6000,0.000004
FILLER_26_300,VGND,li1,148.3500,81.6000,0.000003
FILLER_26_297,VGND,li1,147.4300,81.6000,0.000003
FILLER_26_294,VGND,li1,146.0500,81.6000,0.000002
FILLER_26_291,VGND,li1,144.6700,81.6000,0.000002
FILLER_26_284,VGND,li1,141.4500,81.6000,0.000002
FILLER_26_281,VGND,li1,140.0700,81.6000,0.000002
FILLER_26_278,VGND,li1,138.6900,81.6000,0.000001
FILLER_26_268,VGND,li1,133.6300,81.6000,0.000001
FILLER_26_265,VGND,li1,132.7100,81.6000,0.000001
FILLER_26_262,VGND,li1,131.3300,81.6000,0.000001
FILLER_26_259,VGND,li1,129.9500,81.6000,0.000001
FILLER_26_256,VGND,li1,128.5700,81.6000,0.000001
FILLER_26_253,VGND,li1,127.1900,81.6000,0.000001
FILLER_26_242,VGND,li1,122.1300,81.6000,0.000001
FILLER_26_239,VGND,li1,120.7500,81.6000,0.000001
FILLER_26_236,VGND,li1,119.3700,81.6000,0.000001
FILLER_26_233,VGND,li1,117.9900,81.6000,0.000001
FILLER_26_230,VGND,li1,116.6100,81.6000,0.000001
FILLER_26_227,VGND,li1,115.2300,81.6000,0.000001
FILLER_26_224,VGND,li1,113.8500,81.6000,0.000001
FILLER_26_221,VGND,li1,112.4700,81.6000,0.000001
FILLER_26_218,VGND,li1,111.0900,81.6000,0.000001
FILLER_26_215,VGND,li1,109.7100,81.6000,0.000001
FILLER_26_212,VGND,li1,108.3300,81.6000,0.000001
FILLER_26_209,VGND,li1,106.9500,81.6000,0.000001
FILLER_26_206,VGND,li1,105.5700,81.6000,0.000001
FILLER_26_203,VGND,li1,104.1900,81.6000,0.000001
FILLER_26_200,VGND,li1,102.8100,81.6000,0.000001
FILLER_26_197,VGND,li1,101.4300,81.6000,0.000001
FILLER_26_195,VGND,li1,100.0500,81.6000,0.000001
FILLER_26_192,VGND,li1,99.1300,81.6000,0.000001
FILLER_26_189,VGND,li1,97.7500,81.6000,0.000001
FILLER_26_186,VGND,li1,96.3700,81.6000,0.000001
FILLER_26_183,VGND,li1,94.9900,81.6000,0.000001
FILLER_26_180,VGND,li1,93.6100,81.6000,0.000001
FILLER_26_177,VGND,li1,92.2300,81.6000,0.000001
FILLER_26_174,VGND,li1,90.8500,81.6000,0.000001
FILLER_26_161,VGND,li1,84.4100,81.6000,0.000002
FILLER_26_158,VGND,li1,83.4900,81.6000,0.000002
FILLER_26_155,VGND,li1,82.1100,81.6000,0.000002
FILLER_26_147,VGND,li1,78.4300,81.6000,0.000002
FILLER_26_144,VGND,li1,77.0500,81.6000,0.000003
FILLER_26_141,VGND,li1,75.6700,81.6000,0.000003
FILLER_26_137,VGND,li1,73.8300,81.6000,0.000003
FILLER_26_126,VGND,li1,68.5400,81.6000,0.000005
FILLER_26_123,VGND,li1,67.3900,81.6000,0.000005
FILLER_26_120,VGND,li1,66.0100,81.6000,0.000005
FILLER_26_117,VGND,li1,64.6300,81.6000,0.000005
FILLER_26_114,VGND,li1,63.2500,81.6000,0.000005
FILLER_26_111,VGND,li1,61.8700,81.6000,0.000005
FILLER_26_108,VGND,li1,60.4900,81.6000,0.000005
FILLER_26_105,VGND,li1,59.1100,81.6000,0.000005
FILLER_26_102,VGND,li1,57.7300,81.6000,0.000005
FILLER_26_82,VGND,li1,48.3000,81.6000,0.000005
FILLER_26_55,VGND,li1,35.8800,81.6000,0.000007
FILLER_26_49,VGND,li1,33.1200,81.6000,0.000007
FILLER_26_46,VGND,li1,31.9700,81.6000,0.000007
FILLER_26_43,VGND,li1,30.5900,81.6000,0.000007
FILLER_26_40,VGND,li1,29.2100,81.6000,0.000007
FILLER_26_29,VGND,li1,24.1500,81.6000,0.000006
FILLER_25_647,VGND,li1,307.9700,81.6000,0.000003
FILLER_25_644,VGND,li1,307.0500,81.6000,0.000003
FILLER_25_641,VGND,li1,305.6700,81.6000,0.000003
FILLER_25_638,VGND,li1,304.2900,81.6000,0.000003
FILLER_25_635,VGND,li1,302.9100,81.6000,0.000003
FILLER_25_632,VGND,li1,301.5300,81.6000,0.000003
FILLER_25_629,VGND,li1,300.1500,81.6000,0.000003
FILLER_25_626,VGND,li1,298.7700,81.6000,0.000003
FILLER_25_623,VGND,li1,297.3900,81.6000,0.000003
FILLER_25_620,VGND,li1,296.0100,81.6000,0.000003
FILLER_25_617,VGND,li1,294.6300,81.6000,0.000003
FILLER_25_615,VGND,li1,293.2500,81.6000,0.000003
FILLER_25_612,VGND,li1,292.3300,81.6000,0.000003
FILLER_25_609,VGND,li1,290.9500,81.6000,0.000003
FILLER_25_606,VGND,li1,289.5700,81.6000,0.000003
FILLER_25_603,VGND,li1,288.1900,81.6000,0.000004
FILLER_25_600,VGND,li1,286.8100,81.6000,0.000004
FILLER_25_577,VGND,li1,276.0000,81.6000,0.000008
FILLER_25_574,VGND,li1,274.8500,81.6000,0.000008
FILLER_25_570,VGND,li1,272.5500,81.6000,0.000008
FILLER_25_537,VGND,li1,257.6000,81.6000,0.000006
FILLER_25_514,VGND,li1,247.0200,81.6000,0.000006
FILLER_25_511,VGND,li1,245.8700,81.6000,0.000006
FILLER_25_508,VGND,li1,244.4900,81.6000,0.000006
FILLER_25_505,VGND,li1,243.1100,81.6000,0.000006
FILLER_25_501,VGND,li1,241.2700,81.6000,0.000006
FILLER_25_498,VGND,li1,239.8900,81.6000,0.000006
FILLER_25_495,VGND,li1,238.5100,81.6000,0.000006
FILLER_25_489,VGND,li1,235.7500,81.6000,0.000006
FILLER_25_478,VGND,li1,230.4600,81.6000,0.000004
FILLER_25_475,VGND,li1,229.3100,81.6000,0.000004
FILLER_25_472,VGND,li1,227.9300,81.6000,0.000004
FILLER_25_461,VGND,li1,222.6400,81.6000,0.000004
FILLER_25_458,VGND,li1,221.4900,81.6000,0.000005
FILLER_25_455,VGND,li1,220.1100,81.6000,0.000005
FILLER_25_452,VGND,li1,218.7300,81.6000,0.000005
FILLER_25_449,VGND,li1,217.3500,81.6000,0.000005
FILLER_25_445,VGND,li1,215.5100,81.6000,0.000005
FILLER_25_442,VGND,li1,214.1300,81.6000,0.000005
FILLER_25_439,VGND,li1,212.7500,81.6000,0.000005
FILLER_25_436,VGND,li1,211.3700,81.6000,0.000005
FILLER_25_433,VGND,li1,209.9900,81.6000,0.000005
FILLER_25_430,VGND,li1,208.6100,81.6000,0.000005
FILLER_25_427,VGND,li1,207.2300,81.6000,0.000004
FILLER_25_401,VGND,li1,194.8100,81.6000,0.000003
FILLER_25_391,VGND,li1,190.2100,81.6000,0.000003
FILLER_25_388,VGND,li1,189.2900,81.6000,0.000003
FILLER_25_385,VGND,li1,187.9100,81.6000,0.000003
FILLER_25_382,VGND,li1,186.5300,81.6000,0.000003
FILLER_25_371,VGND,li1,181.4700,81.6000,0.000003
FILLER_25_368,VGND,li1,180.0900,81.6000,0.000003
FILLER_25_365,VGND,li1,178.7100,81.6000,0.000003
FILLER_25_362,VGND,li1,177.3300,81.6000,0.000003
FILLER_25_359,VGND,li1,175.9500,81.6000,0.000003
FILLER_25_356,VGND,li1,174.5700,81.6000,0.000003
FILLER_25_353,VGND,li1,173.1900,81.6000,0.000003
FILLER_25_340,VGND,li1,166.7500,81.6000,0.000003
FILLER_25_337,VGND,li1,165.8300,81.6000,0.000003
FILLER_25_334,VGND,li1,164.2200,81.6000,0.000003
FILLER_25_331,VGND,li1,163.0700,81.6000,0.000003
FILLER_25_328,VGND,li1,161.6900,81.6000,0.000003
FILLER_25_325,VGND,li1,160.3100,81.6000,0.000003
FILLER_25_322,VGND,li1,158.9300,81.6000,0.000003
FILLER_25_299,VGND,li1,148.1200,81.6000,0.000003
FILLER_25_296,VGND,li1,146.9700,81.6000,0.000003
FILLER_25_293,VGND,li1,145.5900,81.6000,0.000002
FILLER_25_290,VGND,li1,144.2100,81.6000,0.000002
FILLER_25_287,VGND,li1,142.8300,81.6000,0.000002
FILLER_25_284,VGND,li1,141.4500,81.6000,0.000002
FILLER_25_281,VGND,li1,140.0700,81.6000,0.000002
FILLER_25_277,VGND,li1,138.2300,81.6000,0.000001
FILLER_25_274,VGND,li1,136.8500,81.6000,0.000001
FILLER_25_271,VGND,li1,135.4700,81.6000,0.000001
FILLER_25_268,VGND,li1,134.0900,81.6000,0.000001
FILLER_25_260,VGND,li1,129.9500,81.6000,0.000001
FILLER_25_257,VGND,li1,129.0300,81.6000,0.000001
FILLER_25_254,VGND,li1,127.6500,81.6000,0.000001
FILLER_25_251,VGND,li1,126.2700,81.6000,0.000001
FILLER_25_243,VGND,li1,122.1300,81.6000,0.000001
FILLER_25_240,VGND,li1,121.2100,81.6000,0.000001
FILLER_25_237,VGND,li1,119.8300,81.6000,0.000001
FILLER_25_234,VGND,li1,118.4500,81.6000,0.000001
FILLER_25_231,VGND,li1,117.0700,81.6000,0.000001
FILLER_25_228,VGND,li1,115.6900,81.6000,0.000001
FILLER_25_225,VGND,li1,114.3100,81.6000,0.000001
FILLER_25_214,VGND,li1,109.2500,81.6000,0.000001
FILLER_25_211,VGND,li1,107.8700,81.6000,0.000001
FILLER_25_208,VGND,li1,106.4900,81.6000,0.000001
FILLER_25_205,VGND,li1,105.1100,81.6000,0.000001
FILLER_25_202,VGND,li1,103.7300,81.6000,0.000001
FILLER_25_199,VGND,li1,102.3500,81.6000,0.000001
FILLER_25_196,VGND,li1,100.9700,81.6000,0.000001
FILLER_25_193,VGND,li1,99.5900,81.6000,0.000001
FILLER_25_190,VGND,li1,98.2100,81.6000,0.000001
FILLER_25_187,VGND,li1,96.8300,81.6000,0.000001
FILLER_25_184,VGND,li1,95.4500,81.6000,0.000001
FILLER_25_181,VGND,li1,94.0700,81.6000,0.000001
FILLER_25_178,VGND,li1,92.6900,81.6000,0.000001
FILLER_25_175,VGND,li1,91.3100,81.6000,0.000001
FILLER_25_172,VGND,li1,89.9300,81.6000,0.000001
FILLER_25_169,VGND,li1,88.5500,81.6000,0.000001
FILLER_25_165,VGND,li1,86.7100,81.6000,0.000002
FILLER_25_162,VGND,li1,85.3300,81.6000,0.000002
FILLER_25_159,VGND,li1,83.9500,81.6000,0.000002
FILLER_25_153,VGND,li1,80.7300,81.6000,0.000002
FILLER_25_111,VGND,li1,61.4100,81.6000,0.000005
FILLER_25_108,VGND,li1,60.4900,81.6000,0.000005
FILLER_25_105,VGND,li1,59.1100,81.6000,0.000005
FILLER_25_102,VGND,li1,57.7300,81.6000,0.000005
FILLER_25_84,VGND,li1,49.2200,81.6000,0.000005
FILLER_25_81,VGND,li1,48.0700,81.6000,0.000005
FILLER_25_78,VGND,li1,46.6900,81.6000,0.000006
FILLER_25_75,VGND,li1,45.3100,81.6000,0.000006
FILLER_25_57,VGND,li1,36.5700,81.6000,0.000007
FILLER_25_46,VGND,li1,31.7400,81.6000,0.000007
FILLER_25_43,VGND,li1,30.5900,81.6000,0.000007
FILLER_25_40,VGND,li1,29.2100,81.6000,0.000007
FILLER_25_22,VGND,li1,20.4700,81.6000,0.000005
FILLER_25_11,VGND,li1,15.8700,81.6000,0.000005
FILLER_24_645,VGND,li1,307.5100,76.1600,0.000002
FILLER_24_643,VGND,li1,306.1300,76.1600,0.000002
FILLER_24_640,VGND,li1,305.2100,76.1600,0.000002
FILLER_24_637,VGND,li1,303.8300,76.1600,0.000002
FILLER_24_634,VGND,li1,302.4500,76.1600,0.000002
FILLER_24_631,VGND,li1,301.0700,76.1600,0.000002
FILLER_24_628,VGND,li1,299.6900,76.1600,0.000002
FILLER_24_625,VGND,li1,298.3100,76.1600,0.000002
FILLER_24_622,VGND,li1,296.9300,76.1600,0.000002
FILLER_24_619,VGND,li1,295.5500,76.1600,0.000002
FILLER_24_616,VGND,li1,294.1700,76.1600,0.000002
FILLER_24_613,VGND,li1,292.7900,76.1600,0.000002
FILLER_24_610,VGND,li1,291.4100,76.1600,0.000002
FILLER_24_607,VGND,li1,290.0300,76.1600,0.000002
FILLER_24_604,VGND,li1,288.6500,76.1600,0.000002
FILLER_24_601,VGND,li1,287.2700,76.1600,0.000003
FILLER_24_598,VGND,li1,285.8900,76.1600,0.000003
FILLER_24_589,VGND,li1,281.2900,76.1600,0.000004
FILLER_24_574,VGND,li1,274.8500,76.1600,0.000004
FILLER_24_571,VGND,li1,273.4700,76.1600,0.000004
FILLER_24_568,VGND,li1,272.0900,76.1600,0.000004
FILLER_24_565,VGND,li1,270.7100,76.1600,0.000004
FILLER_24_558,VGND,li1,267.4900,76.1600,0.000004
FILLER_24_555,VGND,li1,266.1100,76.1600,0.000004
FILLER_24_552,VGND,li1,264.7300,76.1600,0.000004
FILLER_24_549,VGND,li1,263.3500,76.1600,0.000004
FILLER_24_546,VGND,li1,261.9700,76.1600,0.000003
FILLER_24_543,VGND,li1,260.5900,76.1600,0.000003
FILLER_24_540,VGND,li1,259.2100,76.1600,0.000003
FILLER_24_537,VGND,li1,257.8300,76.1600,0.000004
FILLER_24_531,VGND,li1,254.6100,76.1600,0.000004
FILLER_24_527,VGND,li1,252.7700,76.1600,0.000004
FILLER_24_524,VGND,li1,251.8500,76.1600,0.000004
FILLER_24_513,VGND,li1,246.7900,76.1600,0.000004
FILLER_24_510,VGND,li1,245.4100,76.1600,0.000004
FILLER_24_507,VGND,li1,244.0300,76.1600,0.000004
FILLER_24_504,VGND,li1,242.6500,76.1600,0.000004
FILLER_24_501,VGND,li1,241.2700,76.1600,0.000004
FILLER_24_498,VGND,li1,239.8900,76.1600,0.000003
FILLER_24_495,VGND,li1,238.5100,76.1600,0.000003
FILLER_24_492,VGND,li1,237.1300,76.1600,0.000003
FILLER_24_489,VGND,li1,235.7500,76.1600,0.000003
FILLER_24_486,VGND,li1,234.3700,76.1600,0.000003
FILLER_24_483,VGND,li1,232.9900,76.1600,0.000002
FILLER_24_480,VGND,li1,231.6100,76.1600,0.000002
FILLER_24_477,VGND,li1,230.2300,76.1600,0.000002
FILLER_24_474,VGND,li1,228.6200,76.1600,0.000002
FILLER_24_471,VGND,li1,227.4700,76.1600,0.000002
FILLER_24_468,VGND,li1,226.0900,76.1600,0.000002
FILLER_24_465,VGND,li1,224.7100,76.1600,0.000002
FILLER_24_456,VGND,li1,220.1100,76.1600,0.000003
FILLER_24_453,VGND,li1,219.1900,76.1600,0.000003
FILLER_24_450,VGND,li1,217.8100,76.1600,0.000003
FILLER_24_447,VGND,li1,216.4300,76.1600,0.000004
FILLER_24_424,VGND,li1,205.6200,76.1600,0.000004
FILLER_24_421,VGND,li1,204.4700,76.1600,0.000003
FILLER_24_419,VGND,li1,203.0900,76.1600,0.000003
FILLER_24_416,VGND,li1,202.1700,76.1600,0.000003
FILLER_24_412,VGND,li1,199.8700,76.1600,0.000003
FILLER_24_409,VGND,li1,198.9500,76.1600,0.000003
FILLER_24_406,VGND,li1,197.5700,76.1600,0.000003
FILLER_24_403,VGND,li1,196.1900,76.1600,0.000003
FILLER_24_381,VGND,li1,185.6100,76.1600,0.000005
FILLER_24_378,VGND,li1,184.6900,76.1600,0.000005
FILLER_24_375,VGND,li1,183.3100,76.1600,0.000005
FILLER_24_365,VGND,li1,178.4800,76.1600,0.000005
FILLER_24_360,VGND,li1,175.9500,76.1600,0.000005
FILLER_24_357,VGND,li1,175.0300,76.1600,0.000005
FILLER_24_354,VGND,li1,173.6500,76.1600,0.000004
FILLER_24_351,VGND,li1,172.2700,76.1600,0.000004
FILLER_24_348,VGND,li1,170.8900,76.1600,0.000004
FILLER_24_345,VGND,li1,169.5100,76.1600,0.000003
FILLER_24_321,VGND,li1,158.4700,76.1600,0.000003
FILLER_24_309,VGND,li1,152.4900,76.1600,0.000002
FILLER_24_298,VGND,li1,147.8900,76.1600,0.000002
FILLER_24_292,VGND,li1,144.9000,76.1600,0.000002
FILLER_24_289,VGND,li1,143.7500,76.1600,0.000002
FILLER_24_286,VGND,li1,142.3700,76.1600,0.000001
FILLER_24_262,VGND,li1,130.8700,76.1600,0.000001
FILLER_24_259,VGND,li1,129.9500,76.1600,0.000001
FILLER_24_256,VGND,li1,128.5700,76.1600,0.000001
FILLER_24_253,VGND,li1,127.1900,76.1600,0.000001
FILLER_24_239,VGND,li1,120.5200,76.1600,0.000001
FILLER_24_236,VGND,li1,119.3700,76.1600,0.000001
FILLER_24_233,VGND,li1,117.9900,76.1600,0.000001
FILLER_24_230,VGND,li1,116.6100,76.1600,0.000001
FILLER_24_227,VGND,li1,115.2300,76.1600,0.000001
FILLER_24_224,VGND,li1,113.8500,76.1600,0.000001
FILLER_24_221,VGND,li1,112.4700,76.1600,0.000001
FILLER_24_218,VGND,li1,111.0900,76.1600,0.000001
FILLER_24_215,VGND,li1,109.7100,76.1600,0.000001
FILLER_24_212,VGND,li1,108.3300,76.1600,0.000001
FILLER_24_209,VGND,li1,106.9500,76.1600,0.000001
FILLER_24_206,VGND,li1,105.5700,76.1600,0.000001
FILLER_24_203,VGND,li1,104.1900,76.1600,0.000001
FILLER_24_200,VGND,li1,102.8100,76.1600,0.000001
FILLER_24_197,VGND,li1,101.4300,76.1600,0.000001
FILLER_24_188,VGND,li1,96.8300,76.1600,0.000001
FILLER_24_185,VGND,li1,95.9100,76.1600,0.000001
FILLER_24_177,VGND,li1,92.0000,76.1600,0.000002
FILLER_24_174,VGND,li1,90.8500,76.1600,0.000002
FILLER_24_171,VGND,li1,89.4700,76.1600,0.000002
FILLER_24_168,VGND,li1,88.0900,76.1600,0.000002
FILLER_24_157,VGND,li1,82.5700,76.1600,0.000002
FILLER_24_154,VGND,li1,81.6500,76.1600,0.000002
FILLER_24_144,VGND,li1,76.5900,76.1600,0.000003
FILLER_24_141,VGND,li1,75.6700,76.1600,0.000003
FILLER_24_137,VGND,li1,73.8300,76.1600,0.000004
FILLER_24_134,VGND,li1,72.4500,76.1600,0.000005
FILLER_24_124,VGND,li1,67.3900,76.1600,0.000007
FILLER_24_121,VGND,li1,66.4700,76.1600,0.000007
FILLER_24_118,VGND,li1,65.0900,76.1600,0.000008
FILLER_24_91,VGND,li1,52.4400,76.1600,0.000011
FILLER_24_88,VGND,li1,51.2900,76.1600,0.000011
FILLER_24_85,VGND,li1,49.9100,76.1600,0.000011
FILLER_24_64,VGND,li1,40.2500,76.1600,0.000021
FILLER_24_61,VGND,li1,38.8700,76.1600,0.000023
FILLER_24_58,VGND,li1,37.4900,76.1600,0.000025
FILLER_23_647,VGND,li1,307.9700,76.1600,0.000002
FILLER_23_644,VGND,li1,307.0500,76.1600,0.000002
FILLER_23_641,VGND,li1,305.6700,76.1600,0.000002
FILLER_23_638,VGND,li1,304.2900,76.1600,0.000002
FILLER_23_635,VGND,li1,302.9100,76.1600,0.000002
FILLER_23_632,VGND,li1,301.5300,76.1600,0.000002
FILLER_23_629,VGND,li1,300.1500,76.1600,0.000002
FILLER_23_626,VGND,li1,298.7700,76.1600,0.000002
FILLER_23_623,VGND,li1,297.3900,76.1600,0.000002
FILLER_23_620,VGND,li1,296.0100,76.1600,0.000002
FILLER_23_617,VGND,li1,294.6300,76.1600,0.000002
FILLER_23_613,VGND,li1,292.7900,76.1600,0.000002
FILLER_23_610,VGND,li1,291.4100,76.1600,0.000002
FILLER_23_607,VGND,li1,290.0300,76.1600,0.000002
FILLER_23_604,VGND,li1,288.6500,76.1600,0.000002
FILLER_23_601,VGND,li1,287.2700,76.1600,0.000003
FILLER_23_598,VGND,li1,285.8900,76.1600,0.000003
FILLER_23_595,VGND,li1,284.5100,76.1600,0.000003
FILLER_23_573,VGND,li1,273.9300,76.1600,0.000004
FILLER_23_564,VGND,li1,270.2500,76.1600,0.000004
FILLER_23_561,VGND,li1,268.8700,76.1600,0.000004
FILLER_23_558,VGND,li1,267.2600,76.1600,0.000004
FILLER_23_555,VGND,li1,266.1100,76.1600,0.000004
FILLER_23_537,VGND,li1,257.8300,76.1600,0.000004
FILLER_23_534,VGND,li1,256.4500,76.1600,0.000004
FILLER_23_531,VGND,li1,255.0700,76.1600,0.000004
FILLER_23_508,VGND,li1,244.2600,76.1600,0.000004
FILLER_23_505,VGND,li1,243.1100,76.1600,0.000004
FILLER_23_502,VGND,li1,241.5000,76.1600,0.000004
FILLER_23_491,VGND,li1,236.4400,76.1600,0.000003
FILLER_23_488,VGND,li1,235.2900,76.1600,0.000003
FILLER_23_478,VGND,li1,230.2300,76.1600,0.000002
FILLER_23_458,VGND,li1,221.2600,76.1600,0.000003
FILLER_23_443,VGND,li1,214.3600,76.1600,0.000004
FILLER_23_440,VGND,li1,213.2100,76.1600,0.000004
FILLER_23_435,VGND,li1,210.6800,76.1600,0.000004
FILLER_23_424,VGND,li1,205.6200,76.1600,0.000004
FILLER_23_421,VGND,li1,204.4700,76.1600,0.000003
FILLER_23_418,VGND,li1,203.0900,76.1600,0.000003
FILLER_23_414,VGND,li1,200.7900,76.1600,0.000003
FILLER_23_411,VGND,li1,199.8700,76.1600,0.000003
FILLER_23_408,VGND,li1,198.4900,76.1600,0.000003
FILLER_23_405,VGND,li1,197.1100,76.1600,0.000003
FILLER_23_402,VGND,li1,195.7300,76.1600,0.000004
FILLER_23_399,VGND,li1,194.3500,76.1600,0.000004
FILLER_23_396,VGND,li1,192.9700,76.1600,0.000005
FILLER_23_389,VGND,li1,189.7500,76.1600,0.000005
FILLER_23_379,VGND,li1,185.1500,76.1600,0.000005
FILLER_23_354,VGND,li1,173.1900,76.1600,0.000004
FILLER_23_351,VGND,li1,172.2700,76.1600,0.000004
FILLER_23_348,VGND,li1,170.8900,76.1600,0.000004
FILLER_23_345,VGND,li1,169.5100,76.1600,0.000003
FILLER_23_331,VGND,li1,162.8400,76.1600,0.000004
FILLER_23_303,VGND,li1,149.9600,76.1600,0.000002
FILLER_23_300,VGND,li1,148.8100,76.1600,0.000002
FILLER_23_297,VGND,li1,147.4300,76.1600,0.000002
FILLER_23_275,VGND,li1,136.8500,76.1600,0.000001
FILLER_23_268,VGND,li1,134.0900,76.1600,0.000001
FILLER_23_265,VGND,li1,132.7100,76.1600,0.000001
FILLER_23_262,VGND,li1,131.3300,76.1600,0.000001
FILLER_23_259,VGND,li1,129.9500,76.1600,0.000001
FILLER_23_256,VGND,li1,128.5700,76.1600,0.000001
FILLER_23_253,VGND,li1,127.1900,76.1600,0.000001
FILLER_23_250,VGND,li1,125.8100,76.1600,0.000001
FILLER_23_247,VGND,li1,124.4300,76.1600,0.000001
FILLER_23_244,VGND,li1,123.0500,76.1600,0.000001
FILLER_23_241,VGND,li1,121.6700,76.1600,0.000001
FILLER_23_238,VGND,li1,120.2900,76.1600,0.000001
FILLER_23_235,VGND,li1,118.9100,76.1600,0.000001
FILLER_23_232,VGND,li1,117.5300,76.1600,0.000001
FILLER_23_214,VGND,li1,108.7900,76.1600,0.000001
FILLER_23_211,VGND,li1,107.8700,76.1600,0.000001
FILLER_23_208,VGND,li1,106.4900,76.1600,0.000001
FILLER_23_205,VGND,li1,105.1100,76.1600,0.000001
FILLER_23_187,VGND,li1,96.3700,76.1600,0.000001
FILLER_23_184,VGND,li1,95.4500,76.1600,0.000002
FILLER_23_181,VGND,li1,94.0700,76.1600,0.000002
FILLER_23_178,VGND,li1,92.6900,76.1600,0.000002
FILLER_23_175,VGND,li1,91.3100,76.1600,0.000002
FILLER_23_172,VGND,li1,89.9300,76.1600,0.000002
FILLER_23_169,VGND,li1,88.5500,76.1600,0.000002
FILLER_23_165,VGND,li1,86.7100,76.1600,0.000002
FILLER_23_162,VGND,li1,85.3300,76.1600,0.000002
FILLER_23_159,VGND,li1,83.9500,76.1600,0.000002
FILLER_23_156,VGND,li1,82.5700,76.1600,0.000002
FILLER_23_153,VGND,li1,81.1900,76.1600,0.000003
FILLER_23_150,VGND,li1,79.8100,76.1600,0.000003
FILLER_23_147,VGND,li1,78.4300,76.1600,0.000003
FILLER_23_144,VGND,li1,77.0500,76.1600,0.000003
FILLER_23_141,VGND,li1,75.6700,76.1600,0.000003
FILLER_23_135,VGND,li1,72.6800,76.1600,0.000005
FILLER_23_132,VGND,li1,71.5300,76.1600,0.000005
FILLER_23_129,VGND,li1,70.1500,76.1600,0.000006
FILLER_23_126,VGND,li1,68.7700,76.1600,0.000006
FILLER_23_111,VGND,li1,61.4100,76.1600,0.000009
FILLER_23_84,VGND,li1,48.9900,76.1600,0.000011
FILLER_23_66,VGND,li1,40.9400,76.1600,0.000021
FILLER_22_645,VGND,li1,307.5100,70.7200,0.000002
FILLER_22_643,VGND,li1,306.1300,70.7200,0.000002
FILLER_22_640,VGND,li1,305.2100,70.7200,0.000002
FILLER_22_637,VGND,li1,303.8300,70.7200,0.000002
FILLER_22_634,VGND,li1,302.4500,70.7200,0.000002
FILLER_22_631,VGND,li1,301.0700,70.7200,0.000002
FILLER_22_628,VGND,li1,299.6900,70.7200,0.000002
FILLER_22_625,VGND,li1,298.3100,70.7200,0.000002
FILLER_22_622,VGND,li1,296.9300,70.7200,0.000002
FILLER_22_619,VGND,li1,295.5500,70.7200,0.000002
FILLER_22_616,VGND,li1,294.1700,70.7200,0.000002
FILLER_22_613,VGND,li1,292.7900,70.7200,0.000002
FILLER_22_610,VGND,li1,291.4100,70.7200,0.000002
FILLER_22_607,VGND,li1,290.0300,70.7200,0.000002
FILLER_22_604,VGND,li1,288.6500,70.7200,0.000002
FILLER_22_601,VGND,li1,287.2700,70.7200,0.000003
FILLER_22_598,VGND,li1,285.8900,70.7200,0.000004
FILLER_22_595,VGND,li1,284.5100,70.7200,0.000004
FILLER_22_592,VGND,li1,283.1300,70.7200,0.000004
FILLER_22_589,VGND,li1,281.7500,70.7200,0.000005
FILLER_22_586,VGND,li1,280.1400,70.7200,0.000005
FILLER_22_530,VGND,li1,254.3800,70.7200,0.000003
FILLER_22_508,VGND,li1,244.2600,70.7200,0.000003
FILLER_22_497,VGND,li1,239.2000,70.7200,0.000003
FILLER_22_494,VGND,li1,238.0500,70.7200,0.000003
FILLER_22_491,VGND,li1,236.6700,70.7200,0.000003
FILLER_22_488,VGND,li1,235.2900,70.7200,0.000003
FILLER_22_477,VGND,li1,230.2300,70.7200,0.000002
FILLER_22_474,VGND,li1,228.6200,70.7200,0.000002
FILLER_22_471,VGND,li1,227.4700,70.7200,0.000002
FILLER_22_468,VGND,li1,226.0900,70.7200,0.000003
FILLER_22_465,VGND,li1,224.7100,70.7200,0.000003
FILLER_22_462,VGND,li1,223.3300,70.7200,0.000003
FILLER_22_439,VGND,li1,212.5200,70.7200,0.000005
FILLER_22_436,VGND,li1,211.3700,70.7200,0.000005
FILLER_22_433,VGND,li1,209.9900,70.7200,0.000005
FILLER_22_430,VGND,li1,208.6100,70.7200,0.000005
FILLER_22_421,VGND,li1,204.0100,70.7200,0.000005
FILLER_22_419,VGND,li1,203.0900,70.7200,0.000005
FILLER_22_416,VGND,li1,202.1700,70.7200,0.000005
FILLER_22_386,VGND,li1,188.3700,70.7200,0.000006
FILLER_22_383,VGND,li1,186.9900,70.7200,0.000006
FILLER_22_363,VGND,li1,177.3300,70.7200,0.000006
FILLER_22_337,VGND,li1,165.3700,70.7200,0.000004
FILLER_22_327,VGND,li1,161.0000,70.7200,0.000004
FILLER_22_324,VGND,li1,159.8500,70.7200,0.000004
FILLER_22_315,VGND,li1,155.2500,70.7200,0.000005
FILLER_22_312,VGND,li1,154.3300,70.7200,0.000005
FILLER_22_305,VGND,li1,151.1100,70.7200,0.000004
FILLER_22_302,VGND,li1,149.7300,70.7200,0.000004
FILLER_22_299,VGND,li1,148.3500,70.7200,0.000004
FILLER_22_296,VGND,li1,146.9700,70.7200,0.000004
FILLER_22_289,VGND,li1,143.5200,70.7200,0.000003
FILLER_22_286,VGND,li1,142.3700,70.7200,0.000003
FILLER_22_283,VGND,li1,140.9900,70.7200,0.000003
FILLER_22_280,VGND,li1,139.6100,70.7200,0.000003
FILLER_22_277,VGND,li1,138.2300,70.7200,0.000003
FILLER_22_274,VGND,li1,136.8500,70.7200,0.000003
FILLER_22_244,VGND,li1,122.5900,70.7200,0.000003
FILLER_22_241,VGND,li1,121.6700,70.7200,0.000003
FILLER_22_235,VGND,li1,118.4500,70.7200,0.000002
FILLER_22_232,VGND,li1,117.5300,70.7200,0.000002
FILLER_22_229,VGND,li1,116.1500,70.7200,0.000002
FILLER_22_226,VGND,li1,114.7700,70.7200,0.000002
FILLER_22_223,VGND,li1,113.3900,70.7200,0.000002
FILLER_22_220,VGND,li1,112.0100,70.7200,0.000001
FILLER_22_217,VGND,li1,110.6300,70.7200,0.000001
FILLER_22_214,VGND,li1,109.2500,70.7200,0.000001
FILLER_22_211,VGND,li1,107.8700,70.7200,0.000001
FILLER_22_200,VGND,li1,102.3500,70.7200,0.000001
FILLER_22_197,VGND,li1,101.4300,70.7200,0.000001
FILLER_22_195,VGND,li1,100.0500,70.7200,0.000001
FILLER_22_192,VGND,li1,99.1300,70.7200,0.000001
FILLER_22_189,VGND,li1,97.7500,70.7200,0.000001
FILLER_22_186,VGND,li1,96.3700,70.7200,0.000001
FILLER_22_183,VGND,li1,94.9900,70.7200,0.000001
FILLER_22_180,VGND,li1,93.6100,70.7200,0.000001
FILLER_22_177,VGND,li1,92.2300,70.7200,0.000001
FILLER_22_169,VGND,li1,88.5500,70.7200,0.000001
FILLER_22_163,VGND,li1,85.3300,70.7200,0.000001
FILLER_22_160,VGND,li1,84.4100,70.7200,0.000001
FILLER_22_152,VGND,li1,80.2700,70.7200,0.000001
FILLER_22_149,VGND,li1,79.3500,70.7200,0.000001
FILLER_22_131,VGND,li1,70.6100,70.7200,0.000003
FILLER_22_128,VGND,li1,69.6900,70.7200,0.000003
FILLER_22_125,VGND,li1,68.3100,70.7200,0.000004
FILLER_22_122,VGND,li1,66.9300,70.7200,0.000004
FILLER_22_112,VGND,li1,62.3300,70.7200,0.000005
FILLER_22_106,VGND,li1,59.3400,70.7200,0.000005
FILLER_22_103,VGND,li1,58.1900,70.7200,0.000005
FILLER_22_100,VGND,li1,56.8100,70.7200,0.000006
FILLER_22_97,VGND,li1,55.4300,70.7200,0.000006
FILLER_22_94,VGND,li1,54.0500,70.7200,0.000006
FILLER_22_91,VGND,li1,52.6700,70.7200,0.000006
FILLER_22_88,VGND,li1,51.2900,70.7200,0.000006
FILLER_22_85,VGND,li1,49.9100,70.7200,0.000006
FILLER_22_81,VGND,li1,48.0700,70.7200,0.000006
FILLER_22_55,VGND,li1,35.6500,70.7200,0.000013
FILLER_22_50,VGND,li1,33.3500,70.7200,0.000014
FILLER_22_38,VGND,li1,27.8300,70.7200,0.000013
FILLER_22_29,VGND,li1,23.6900,70.7200,0.000011
FILLER_22_26,VGND,li1,22.5400,70.7200,0.000010
FILLER_22_23,VGND,li1,21.3900,70.7200,0.000010
FILLER_22_3,VGND,li1,12.1900,70.7200,0.000008
FILLER_21_647,VGND,li1,307.9700,70.7200,0.000002
FILLER_21_644,VGND,li1,307.0500,70.7200,0.000002
FILLER_21_641,VGND,li1,305.6700,70.7200,0.000002
FILLER_21_638,VGND,li1,304.2900,70.7200,0.000002
FILLER_21_635,VGND,li1,302.9100,70.7200,0.000002
FILLER_21_632,VGND,li1,301.5300,70.7200,0.000002
FILLER_21_629,VGND,li1,300.1500,70.7200,0.000002
FILLER_21_626,VGND,li1,298.7700,70.7200,0.000002
FILLER_21_623,VGND,li1,297.3900,70.7200,0.000002
FILLER_21_620,VGND,li1,296.0100,70.7200,0.000002
FILLER_21_617,VGND,li1,294.6300,70.7200,0.000002
FILLER_21_614,VGND,li1,293.0200,70.7200,0.000002
FILLER_21_611,VGND,li1,291.8700,70.7200,0.000002
FILLER_21_608,VGND,li1,290.4900,70.7200,0.000002
FILLER_21_605,VGND,li1,289.1100,70.7200,0.000002
FILLER_21_602,VGND,li1,287.7300,70.7200,0.000003
FILLER_21_599,VGND,li1,286.3500,70.7200,0.000003
FILLER_21_596,VGND,li1,284.9700,70.7200,0.000004
FILLER_21_593,VGND,li1,283.5900,70.7200,0.000004
FILLER_21_590,VGND,li1,282.2100,70.7200,0.000004
FILLER_21_568,VGND,li1,271.6300,70.7200,0.000007
FILLER_21_546,VGND,li1,261.5100,70.7200,0.000005
FILLER_21_542,VGND,li1,259.6700,70.7200,0.000005
FILLER_21_539,VGND,li1,258.7500,70.7200,0.000004
FILLER_21_536,VGND,li1,257.3700,70.7200,0.000004
FILLER_21_526,VGND,li1,252.5400,70.7200,0.000003
FILLER_21_523,VGND,li1,251.3900,70.7200,0.000003
FILLER_21_520,VGND,li1,250.0100,70.7200,0.000003
FILLER_21_511,VGND,li1,245.4100,70.7200,0.000003
FILLER_21_508,VGND,li1,244.4900,70.7200,0.000003
FILLER_21_505,VGND,li1,243.1100,70.7200,0.000003
FILLER_21_502,VGND,li1,241.5000,70.7200,0.000003
FILLER_21_495,VGND,li1,238.5100,70.7200,0.000003
FILLER_21_492,VGND,li1,237.1300,70.7200,0.000003
FILLER_21_489,VGND,li1,235.7500,70.7200,0.000003
FILLER_21_480,VGND,li1,231.1500,70.7200,0.000002
FILLER_21_470,VGND,li1,226.7800,70.7200,0.000003
FILLER_21_467,VGND,li1,225.6300,70.7200,0.000003
FILLER_21_464,VGND,li1,224.2500,70.7200,0.000003
FILLER_21_461,VGND,li1,222.8700,70.7200,0.000004
FILLER_21_458,VGND,li1,221.4900,70.7200,0.000004
FILLER_21_455,VGND,li1,220.1100,70.7200,0.000004
FILLER_21_452,VGND,li1,218.7300,70.7200,0.000004
FILLER_21_449,VGND,li1,217.3500,70.7200,0.000005
FILLER_21_446,VGND,li1,215.7400,70.7200,0.000005
FILLER_21_443,VGND,li1,214.5900,70.7200,0.000005
FILLER_21_440,VGND,li1,213.2100,70.7200,0.000005
FILLER_21_407,VGND,li1,198.0300,70.7200,0.000005
FILLER_21_404,VGND,li1,196.6500,70.7200,0.000005
FILLER_21_393,VGND,li1,191.5900,70.7200,0.000006
FILLER_21_390,VGND,li1,189.9800,70.7200,0.000006
FILLER_21_387,VGND,li1,188.8300,70.7200,0.000006
FILLER_21_384,VGND,li1,187.4500,70.7200,0.000006
FILLER_21_360,VGND,li1,176.4100,70.7200,0.000006
FILLER_21_357,VGND,li1,175.0300,70.7200,0.000006
FILLER_21_354,VGND,li1,173.6500,70.7200,0.000006
FILLER_21_337,VGND,li1,165.8300,70.7200,0.000004
FILLER_21_335,VGND,li1,164.4500,70.7200,0.000004
FILLER_21_332,VGND,li1,163.5300,70.7200,0.000004
FILLER_21_329,VGND,li1,162.1500,70.7200,0.000004
FILLER_21_326,VGND,li1,160.7700,70.7200,0.000004
FILLER_21_323,VGND,li1,159.3900,70.7200,0.000004
FILLER_21_320,VGND,li1,158.0100,70.7200,0.000004
FILLER_21_296,VGND,li1,146.9700,70.7200,0.000004
FILLER_21_293,VGND,li1,145.5900,70.7200,0.000004
FILLER_21_284,VGND,li1,141.2200,70.7200,0.000003
FILLER_21_281,VGND,li1,140.0700,70.7200,0.000003
FILLER_21_277,VGND,li1,138.2300,70.7200,0.000003
FILLER_21_274,VGND,li1,136.8500,70.7200,0.000003
FILLER_21_271,VGND,li1,135.4700,70.7200,0.000003
FILLER_21_268,VGND,li1,134.0900,70.7200,0.000003
FILLER_21_256,VGND,li1,128.1100,70.7200,0.000003
FILLER_21_253,VGND,li1,127.1900,70.7200,0.000003
FILLER_21_228,VGND,li1,115.6900,70.7200,0.000002
FILLER_21_225,VGND,li1,114.3100,70.7200,0.000002
FILLER_21_222,VGND,li1,112.7000,70.7200,0.000001
FILLER_21_219,VGND,li1,111.5500,70.7200,0.000001
FILLER_21_216,VGND,li1,110.1700,70.7200,0.000001
FILLER_21_213,VGND,li1,108.7900,70.7200,0.000001
FILLER_21_210,VGND,li1,107.4100,70.7200,0.000001
FILLER_21_207,VGND,li1,106.0300,70.7200,0.000001
FILLER_21_204,VGND,li1,104.6500,70.7200,0.000001
FILLER_21_201,VGND,li1,103.2700,70.7200,0.000001
FILLER_21_198,VGND,li1,101.8900,70.7200,0.000001
FILLER_21_195,VGND,li1,100.5100,70.7200,0.000001
FILLER_21_192,VGND,li1,99.1300,70.7200,0.000001
FILLER_21_189,VGND,li1,97.7500,70.7200,0.000001
FILLER_21_186,VGND,li1,96.3700,70.7200,0.000001
FILLER_21_175,VGND,li1,91.3100,70.7200,0.000001
FILLER_21_172,VGND,li1,89.9300,70.7200,0.000001
FILLER_21_169,VGND,li1,88.5500,70.7200,0.000001
FILLER_21_166,VGND,li1,86.9400,70.7200,0.000001
FILLER_21_163,VGND,li1,85.7900,70.7200,0.000001
FILLER_21_160,VGND,li1,84.4100,70.7200,0.000001
FILLER_21_157,VGND,li1,83.0300,70.7200,0.000001
FILLER_21_154,VGND,li1,81.6500,70.7200,0.000001
FILLER_21_151,VGND,li1,80.2700,70.7200,0.000001
FILLER_21_148,VGND,li1,78.8900,70.7200,0.000001
FILLER_21_145,VGND,li1,77.5100,70.7200,0.000002
FILLER_21_142,VGND,li1,76.1300,70.7200,0.000002
FILLER_21_139,VGND,li1,74.7500,70.7200,0.000002
FILLER_21_136,VGND,li1,73.3700,70.7200,0.000003
FILLER_21_125,VGND,li1,68.3100,70.7200,0.000004
FILLER_21_122,VGND,li1,66.9300,70.7200,0.000004
FILLER_21_84,VGND,li1,49.4500,70.7200,0.000006
FILLER_21_57,VGND,li1,36.5700,70.7200,0.000013
FILLER_21_55,VGND,li1,35.6500,70.7200,0.000013
FILLER_21_11,VGND,li1,15.6400,70.7200,0.000008
FILLER_20_645,VGND,li1,307.5100,65.2800,0.000010
FILLER_20_643,VGND,li1,306.1300,65.2800,0.000010
FILLER_20_640,VGND,li1,305.2100,65.2800,0.000010
FILLER_20_637,VGND,li1,303.8300,65.2800,0.000010
FILLER_20_634,VGND,li1,302.4500,65.2800,0.000010
FILLER_20_631,VGND,li1,301.0700,65.2800,0.000010
FILLER_20_628,VGND,li1,299.6900,65.2800,0.000010
FILLER_20_625,VGND,li1,298.3100,65.2800,0.000010
FILLER_20_622,VGND,li1,296.9300,65.2800,0.000010
FILLER_20_619,VGND,li1,295.5500,65.2800,0.000010
FILLER_20_616,VGND,li1,294.1700,65.2800,0.000010
FILLER_20_613,VGND,li1,292.7900,65.2800,0.000010
FILLER_20_610,VGND,li1,291.4100,65.2800,0.000010
FILLER_20_607,VGND,li1,290.0300,65.2800,0.000010
FILLER_20_604,VGND,li1,288.6500,65.2800,0.000010
FILLER_20_601,VGND,li1,287.2700,65.2800,0.000012
FILLER_20_598,VGND,li1,285.8900,65.2800,0.000015
FILLER_20_595,VGND,li1,284.5100,65.2800,0.000015
FILLER_20_592,VGND,li1,283.1300,65.2800,0.000018
FILLER_20_589,VGND,li1,281.7500,65.2800,0.000020
FILLER_20_586,VGND,li1,280.1400,65.2800,0.000022
FILLER_20_583,VGND,li1,278.9900,65.2800,0.000022
FILLER_20_580,VGND,li1,277.6100,65.2800,0.000026
FILLER_20_558,VGND,li1,267.0300,65.2800,0.000018
FILLER_20_530,VGND,li1,254.3800,65.2800,0.000011
FILLER_20_527,VGND,li1,253.2300,65.2800,0.000011
FILLER_20_517,VGND,li1,248.1700,65.2800,0.000011
FILLER_20_514,VGND,li1,247.2500,65.2800,0.000011
FILLER_20_491,VGND,li1,236.4400,65.2800,0.000008
FILLER_20_488,VGND,li1,235.2900,65.2800,0.000008
FILLER_20_477,VGND,li1,230.0000,65.2800,0.000006
FILLER_20_475,VGND,li1,228.8500,65.2800,0.000006
FILLER_20_472,VGND,li1,227.9300,65.2800,0.000006
FILLER_20_438,VGND,li1,211.8300,65.2800,0.000006
FILLER_20_435,VGND,li1,210.9100,65.2800,0.000006
FILLER_20_432,VGND,li1,209.5300,65.2800,0.000006
FILLER_20_429,VGND,li1,208.1500,65.2800,0.000006
FILLER_20_426,VGND,li1,206.7700,65.2800,0.000006
FILLER_20_421,VGND,li1,204.2400,65.2800,0.000005
FILLER_20_417,VGND,li1,202.6300,65.2800,0.000005
FILLER_20_414,VGND,li1,201.2500,65.2800,0.000005
FILLER_20_411,VGND,li1,199.8700,65.2800,0.000005
FILLER_20_408,VGND,li1,198.4900,65.2800,0.000005
FILLER_20_397,VGND,li1,193.4300,65.2800,0.000007
FILLER_20_394,VGND,li1,192.0500,65.2800,0.000007
FILLER_20_391,VGND,li1,190.6700,65.2800,0.000007
FILLER_20_388,VGND,li1,189.2900,65.2800,0.000007
FILLER_20_368,VGND,li1,180.0900,65.2800,0.000007
FILLER_20_365,VGND,li1,178.7100,65.2800,0.000006
FILLER_20_361,VGND,li1,176.8700,65.2800,0.000006
FILLER_20_358,VGND,li1,175.4900,65.2800,0.000005
FILLER_20_355,VGND,li1,174.1100,65.2800,0.000005
FILLER_20_326,VGND,li1,160.3100,65.2800,0.000003
FILLER_20_323,VGND,li1,159.3900,65.2800,0.000003
FILLER_20_316,VGND,li1,156.1700,65.2800,0.000002
FILLER_20_307,VGND,li1,151.5700,65.2800,0.000002
FILLER_20_304,VGND,li1,150.6500,65.2800,0.000002
FILLER_20_301,VGND,li1,149.2700,65.2800,0.000002
FILLER_20_298,VGND,li1,147.8900,65.2800,0.000001
FILLER_20_287,VGND,li1,142.8300,65.2800,0.000001
FILLER_20_284,VGND,li1,141.4500,65.2800,0.000001
FILLER_20_276,VGND,li1,137.3100,65.2800,0.000001
FILLER_20_264,VGND,li1,132.2500,65.2800,0.000001
FILLER_20_253,VGND,li1,127.1900,65.2800,0.000001
FILLER_20_247,VGND,li1,123.9700,65.2800,0.000001
FILLER_20_244,VGND,li1,123.0500,65.2800,0.000001
FILLER_20_236,VGND,li1,118.9100,65.2800,0.000000
FILLER_20_233,VGND,li1,117.9900,65.2800,0.000000
FILLER_20_230,VGND,li1,116.6100,65.2800,0.000000
FILLER_20_227,VGND,li1,115.2300,65.2800,0.000000
FILLER_20_224,VGND,li1,113.8500,65.2800,0.000000
FILLER_20_215,VGND,li1,109.4800,65.2800,0.000000
FILLER_20_212,VGND,li1,108.3300,65.2800,0.000000
FILLER_20_209,VGND,li1,106.9500,65.2800,0.000000
FILLER_20_206,VGND,li1,105.5700,65.2800,0.000001
FILLER_20_203,VGND,li1,104.1900,65.2800,0.000001
FILLER_20_200,VGND,li1,102.8100,65.2800,0.000001
FILLER_20_197,VGND,li1,101.4300,65.2800,0.000001
FILLER_20_195,VGND,li1,100.0500,65.2800,0.000001
FILLER_20_192,VGND,li1,99.1300,65.2800,0.000001
FILLER_20_189,VGND,li1,97.7500,65.2800,0.000001
FILLER_20_186,VGND,li1,96.3700,65.2800,0.000001
FILLER_20_183,VGND,li1,94.9900,65.2800,0.000001
FILLER_20_180,VGND,li1,93.6100,65.2800,0.000001
FILLER_20_177,VGND,li1,92.2300,65.2800,0.000001
FILLER_20_174,VGND,li1,90.8500,65.2800,0.000001
FILLER_20_171,VGND,li1,89.4700,65.2800,0.000001
FILLER_20_168,VGND,li1,88.0900,65.2800,0.000001
FILLER_20_160,VGND,li1,84.1800,65.2800,0.000001
FILLER_20_150,VGND,li1,79.5800,65.2800,0.000002
FILLER_20_147,VGND,li1,78.4300,65.2800,0.000002
FILLER_20_144,VGND,li1,77.0500,65.2800,0.000002
FILLER_20_141,VGND,li1,75.6700,65.2800,0.000002
FILLER_20_129,VGND,li1,69.9200,65.2800,0.000004
FILLER_20_118,VGND,li1,64.8600,65.2800,0.000004
FILLER_20_115,VGND,li1,63.7100,65.2800,0.000004
FILLER_20_112,VGND,li1,62.3300,65.2800,0.000004
FILLER_20_103,VGND,li1,57.7300,65.2800,0.000004
FILLER_20_91,VGND,li1,52.6700,65.2800,0.000003
FILLER_20_88,VGND,li1,51.2900,65.2800,0.000003
FILLER_20_85,VGND,li1,49.9100,65.2800,0.000002
FILLER_20_75,VGND,li1,45.0800,65.2800,0.000002
FILLER_20_66,VGND,li1,40.7100,65.2800,0.000002
FILLER_20_63,VGND,li1,39.7900,65.2800,0.000002
FILLER_20_60,VGND,li1,38.4100,65.2800,0.000002
FILLER_20_57,VGND,li1,37.0300,65.2800,0.000002
FILLER_20_54,VGND,li1,35.6500,65.2800,0.000002
FILLER_20_44,VGND,li1,30.8200,65.2800,0.000002
FILLER_20_32,VGND,li1,25.5300,65.2800,0.000002
FILLER_20_29,VGND,li1,24.1500,65.2800,0.000002
FILLER_20_26,VGND,li1,22.5400,65.2800,0.000002
FILLER_20_23,VGND,li1,21.3900,65.2800,0.000002
FILLER_20_20,VGND,li1,20.0100,65.2800,0.000002
FILLER_20_11,VGND,li1,15.4100,65.2800,0.000002
FILLER_19_647,VGND,li1,307.9700,65.2800,0.000010
FILLER_19_644,VGND,li1,307.0500,65.2800,0.000010
FILLER_19_641,VGND,li1,305.6700,65.2800,0.000010
FILLER_19_638,VGND,li1,304.2900,65.2800,0.000010
FILLER_19_635,VGND,li1,302.9100,65.2800,0.000010
FILLER_19_632,VGND,li1,301.5300,65.2800,0.000010
FILLER_19_629,VGND,li1,300.1500,65.2800,0.000010
FILLER_19_626,VGND,li1,298.7700,65.2800,0.000010
FILLER_19_623,VGND,li1,297.3900,65.2800,0.000010
FILLER_19_620,VGND,li1,296.0100,65.2800,0.000010
FILLER_19_617,VGND,li1,294.6300,65.2800,0.000010
FILLER_19_615,VGND,li1,293.2500,65.2800,0.000010
FILLER_19_612,VGND,li1,292.3300,65.2800,0.000010
FILLER_19_609,VGND,li1,290.9500,65.2800,0.000010
FILLER_19_606,VGND,li1,289.5700,65.2800,0.000010
FILLER_19_603,VGND,li1,288.1900,65.2800,0.000012
FILLER_19_600,VGND,li1,286.8100,65.2800,0.000012
FILLER_19_597,VGND,li1,285.4300,65.2800,0.000015
FILLER_19_594,VGND,li1,284.0500,65.2800,0.000018
FILLER_19_591,VGND,li1,282.6700,65.2800,0.000018
FILLER_19_588,VGND,li1,281.2900,65.2800,0.000020
FILLER_19_567,VGND,li1,271.1700,65.2800,0.000021
FILLER_19_551,VGND,li1,264.2700,65.2800,0.000016
FILLER_19_548,VGND,li1,262.8900,65.2800,0.000013
FILLER_19_545,VGND,li1,261.5100,65.2800,0.000013
FILLER_19_539,VGND,li1,258.5200,65.2800,0.000011
FILLER_19_517,VGND,li1,248.1700,65.2800,0.000011
FILLER_19_514,VGND,li1,247.2500,65.2800,0.000011
FILLER_19_511,VGND,li1,245.8700,65.2800,0.000010
FILLER_19_508,VGND,li1,244.4900,65.2800,0.000010
FILLER_19_493,VGND,li1,237.5900,65.2800,0.000009
FILLER_19_490,VGND,li1,236.2100,65.2800,0.000008
FILLER_19_487,VGND,li1,234.8300,65.2800,0.000008
FILLER_19_480,VGND,li1,231.6100,65.2800,0.000006
FILLER_19_449,VGND,li1,217.1200,65.2800,0.000007
FILLER_19_438,VGND,li1,211.8300,65.2800,0.000006
FILLER_19_435,VGND,li1,210.9100,65.2800,0.000006
FILLER_19_432,VGND,li1,209.5300,65.2800,0.000006
FILLER_19_429,VGND,li1,208.1500,65.2800,0.000006
FILLER_19_426,VGND,li1,206.7700,65.2800,0.000006
FILLER_19_420,VGND,li1,204.0100,65.2800,0.000005
FILLER_19_417,VGND,li1,202.6300,65.2800,0.000005
FILLER_19_414,VGND,li1,201.2500,65.2800,0.000005
FILLER_19_391,VGND,li1,190.2100,65.2800,0.000007
FILLER_19_388,VGND,li1,189.2900,65.2800,0.000007
FILLER_19_385,VGND,li1,187.9100,65.2800,0.000007
FILLER_19_373,VGND,li1,181.9300,65.2800,0.000007
FILLER_19_370,VGND,li1,181.0100,65.2800,0.000007
FILLER_19_367,VGND,li1,179.6300,65.2800,0.000006
FILLER_19_364,VGND,li1,178.2500,65.2800,0.000006
FILLER_19_358,VGND,li1,175.0300,65.2800,0.000005
FILLER_19_355,VGND,li1,174.1100,65.2800,0.000005
FILLER_19_352,VGND,li1,172.7300,65.2800,0.000004
FILLER_19_349,VGND,li1,171.3500,65.2800,0.000004
FILLER_19_340,VGND,li1,166.7500,65.2800,0.000003
FILLER_19_337,VGND,li1,165.8300,65.2800,0.000003
FILLER_19_334,VGND,li1,164.2200,65.2800,0.000003
FILLER_19_331,VGND,li1,163.0700,65.2800,0.000003
FILLER_19_328,VGND,li1,161.6900,65.2800,0.000003
FILLER_19_325,VGND,li1,160.3100,65.2800,0.000003
FILLER_19_322,VGND,li1,158.9300,65.2800,0.000003
FILLER_19_319,VGND,li1,157.5500,65.2800,0.000002
FILLER_19_316,VGND,li1,156.1700,65.2800,0.000002
FILLER_19_306,VGND,li1,151.5700,65.2800,0.000002
FILLER_19_303,VGND,li1,150.1900,65.2800,0.000002
FILLER_19_300,VGND,li1,148.8100,65.2800,0.000001
FILLER_19_297,VGND,li1,147.4300,65.2800,0.000001
FILLER_19_289,VGND,li1,143.2900,65.2800,0.000001
FILLER_19_286,VGND,li1,142.3700,65.2800,0.000001
FILLER_19_277,VGND,li1,138.2300,65.2800,0.000001
FILLER_19_274,VGND,li1,136.8500,65.2800,0.000001
FILLER_19_271,VGND,li1,135.4700,65.2800,0.000001
FILLER_19_268,VGND,li1,134.0900,65.2800,0.000001
FILLER_19_265,VGND,li1,132.7100,65.2800,0.000001
FILLER_19_257,VGND,li1,128.5700,65.2800,0.000001
FILLER_19_254,VGND,li1,127.6500,65.2800,0.000001
FILLER_19_251,VGND,li1,126.2700,65.2800,0.000001
FILLER_19_248,VGND,li1,124.8900,65.2800,0.000001
FILLER_19_245,VGND,li1,123.5100,65.2800,0.000001
FILLER_19_242,VGND,li1,122.1300,65.2800,0.000001
FILLER_19_239,VGND,li1,120.7500,65.2800,0.000001
FILLER_19_236,VGND,li1,119.3700,65.2800,0.000000
FILLER_19_233,VGND,li1,117.9900,65.2800,0.000000
FILLER_19_218,VGND,li1,110.8600,65.2800,0.000000
FILLER_19_200,VGND,li1,102.3500,65.2800,0.000001
FILLER_19_197,VGND,li1,101.4300,65.2800,0.000001
FILLER_19_194,VGND,li1,100.0500,65.2800,0.000001
FILLER_19_181,VGND,li1,94.0700,65.2800,0.000001
FILLER_19_172,VGND,li1,89.7000,65.2800,0.000001
FILLER_19_169,VGND,li1,88.5500,65.2800,0.000001
FILLER_19_167,VGND,li1,87.1700,65.2800,0.000001
FILLER_19_164,VGND,li1,86.2500,65.2800,0.000001
FILLER_19_161,VGND,li1,84.8700,65.2800,0.000001
FILLER_19_158,VGND,li1,83.4900,65.2800,0.000001
FILLER_19_155,VGND,li1,82.1100,65.2800,0.000001
FILLER_19_152,VGND,li1,80.7300,65.2800,0.000001
FILLER_19_149,VGND,li1,79.3500,65.2800,0.000002
FILLER_19_146,VGND,li1,77.9700,65.2800,0.000002
FILLER_19_143,VGND,li1,76.5900,65.2800,0.000002
FILLER_19_140,VGND,li1,75.2100,65.2800,0.000002
FILLER_19_137,VGND,li1,73.8300,65.2800,0.000003
FILLER_19_134,VGND,li1,72.4500,65.2800,0.000003
FILLER_19_131,VGND,li1,71.0700,65.2800,0.000004
FILLER_19_113,VGND,li1,62.3300,65.2800,0.000004
FILLER_19_92,VGND,li1,53.1300,65.2800,0.000003
FILLER_19_89,VGND,li1,51.7500,65.2800,0.000003
FILLER_19_86,VGND,li1,50.3700,65.2800,0.000002
FILLER_19_83,VGND,li1,48.9900,65.2800,0.000002
FILLER_19_75,VGND,li1,45.3100,65.2800,0.000002
FILLER_19_72,VGND,li1,43.9300,65.2800,0.000002
FILLER_19_69,VGND,li1,42.5500,65.2800,0.000002
FILLER_19_66,VGND,li1,41.1700,65.2800,0.000002
FILLER_19_53,VGND,li1,35.1900,65.2800,0.000002
FILLER_19_50,VGND,li1,33.8100,65.2800,0.000002
FILLER_19_47,VGND,li1,32.4300,65.2800,0.000002
FILLER_19_44,VGND,li1,31.0500,65.2800,0.000002
FILLER_19_41,VGND,li1,29.6700,65.2800,0.000002
FILLER_19_31,VGND,li1,24.6100,65.2800,0.000002
FILLER_19_28,VGND,li1,23.6900,65.2800,0.000002
FILLER_18_645,VGND,li1,307.5100,59.8400,0.000001
FILLER_18_643,VGND,li1,306.1300,59.8400,0.000001
FILLER_18_640,VGND,li1,305.2100,59.8400,0.000001
FILLER_18_637,VGND,li1,303.8300,59.8400,0.000001
FILLER_18_634,VGND,li1,302.4500,59.8400,0.000001
FILLER_18_631,VGND,li1,301.0700,59.8400,0.000001
FILLER_18_628,VGND,li1,299.6900,59.8400,0.000001
FILLER_18_625,VGND,li1,298.3100,59.8400,0.000001
FILLER_18_622,VGND,li1,296.9300,59.8400,0.000001
FILLER_18_619,VGND,li1,295.5500,59.8400,0.000001
FILLER_18_616,VGND,li1,294.1700,59.8400,0.000001
FILLER_18_613,VGND,li1,292.7900,59.8400,0.000001
FILLER_18_610,VGND,li1,291.4100,59.8400,0.000001
FILLER_18_607,VGND,li1,290.0300,59.8400,0.000001
FILLER_18_604,VGND,li1,288.6500,59.8400,0.000001
FILLER_18_601,VGND,li1,287.2700,59.8400,0.000001
FILLER_18_598,VGND,li1,285.8900,59.8400,0.000001
FILLER_18_595,VGND,li1,284.5100,59.8400,0.000002
FILLER_18_592,VGND,li1,283.1300,59.8400,0.000002
FILLER_18_589,VGND,li1,281.7500,59.8400,0.000002
FILLER_18_587,VGND,li1,280.3700,59.8400,0.000002
FILLER_18_584,VGND,li1,279.4500,59.8400,0.000002
FILLER_18_581,VGND,li1,278.0700,59.8400,0.000002
FILLER_18_578,VGND,li1,276.6900,59.8400,0.000003
FILLER_18_565,VGND,li1,270.4800,59.8400,0.000003
FILLER_18_555,VGND,li1,265.8800,59.8400,0.000002
FILLER_18_552,VGND,li1,264.7300,59.8400,0.000002
FILLER_18_523,VGND,li1,250.9300,59.8400,0.000002
FILLER_18_512,VGND,li1,246.1000,59.8400,0.000002
FILLER_18_509,VGND,li1,244.9500,59.8400,0.000002
FILLER_18_506,VGND,li1,243.5700,59.8400,0.000002
FILLER_18_503,VGND,li1,242.1900,59.8400,0.000002
FILLER_18_500,VGND,li1,240.8100,59.8400,0.000002
FILLER_18_497,VGND,li1,239.4300,59.8400,0.000002
FILLER_18_494,VGND,li1,238.0500,59.8400,0.000002
FILLER_18_491,VGND,li1,236.6700,59.8400,0.000002
FILLER_18_488,VGND,li1,235.2900,59.8400,0.000002
FILLER_18_485,VGND,li1,233.9100,59.8400,0.000002
FILLER_18_473,VGND,li1,228.3900,59.8400,0.000002
FILLER_18_470,VGND,li1,227.0100,59.8400,0.000003
FILLER_18_467,VGND,li1,225.6300,59.8400,0.000003
FILLER_18_464,VGND,li1,224.2500,59.8400,0.000004
FILLER_18_461,VGND,li1,222.8700,59.8400,0.000004
FILLER_18_445,VGND,li1,215.0500,59.8400,0.000007
FILLER_18_441,VGND,li1,213.2100,59.8400,0.000007
FILLER_18_438,VGND,li1,212.2900,59.8400,0.000007
FILLER_18_435,VGND,li1,210.9100,59.8400,0.000008
FILLER_18_432,VGND,li1,209.5300,59.8400,0.000009
FILLER_18_429,VGND,li1,208.1500,59.8400,0.000009
FILLER_18_419,VGND,li1,203.0900,59.8400,0.000011
FILLER_18_402,VGND,li1,195.7300,59.8400,0.000017
FILLER_18_368,VGND,li1,180.0900,59.8400,0.000021
FILLER_18_365,VGND,li1,178.7100,59.8400,0.000019
FILLER_18_354,VGND,li1,173.1900,59.8400,0.000015
FILLER_18_337,VGND,li1,165.3700,59.8400,0.000008
FILLER_18_334,VGND,li1,164.4500,59.8400,0.000007
FILLER_18_331,VGND,li1,163.0700,59.8400,0.000007
FILLER_18_313,VGND,li1,154.5600,59.8400,0.000005
FILLER_18_306,VGND,li1,151.3400,59.8400,0.000005
FILLER_18_303,VGND,li1,150.1900,59.8400,0.000005
FILLER_18_300,VGND,li1,148.8100,59.8400,0.000005
FILLER_18_293,VGND,li1,145.3600,59.8400,0.000004
FILLER_18_290,VGND,li1,144.2100,59.8400,0.000004
FILLER_18_287,VGND,li1,142.8300,59.8400,0.000003
FILLER_18_284,VGND,li1,141.4500,59.8400,0.000003
FILLER_18_281,VGND,li1,140.0700,59.8400,0.000002
FILLER_18_278,VGND,li1,138.6900,59.8400,0.000002
FILLER_18_272,VGND,li1,135.4700,59.8400,0.000003
FILLER_18_269,VGND,li1,134.5500,59.8400,0.000003
FILLER_18_266,VGND,li1,133.1700,59.8400,0.000003
FILLER_18_263,VGND,li1,131.7900,59.8400,0.000003
FILLER_18_253,VGND,li1,126.9600,59.8400,0.000003
FILLER_18_249,VGND,li1,125.3500,59.8400,0.000003
FILLER_18_246,VGND,li1,123.9700,59.8400,0.000003
FILLER_18_243,VGND,li1,122.5900,59.8400,0.000003
FILLER_18_240,VGND,li1,121.2100,59.8400,0.000003
FILLER_18_227,VGND,li1,115.2300,59.8400,0.000002
FILLER_18_218,VGND,li1,111.0900,59.8400,0.000001
FILLER_18_215,VGND,li1,109.7100,59.8400,0.000001
FILLER_18_212,VGND,li1,108.3300,59.8400,0.000001
FILLER_18_209,VGND,li1,106.9500,59.8400,0.000001
FILLER_18_195,VGND,li1,100.0500,59.8400,0.000001
FILLER_18_192,VGND,li1,99.1300,59.8400,0.000001
FILLER_18_189,VGND,li1,97.7500,59.8400,0.000001
FILLER_18_186,VGND,li1,96.3700,59.8400,0.000001
FILLER_18_183,VGND,li1,94.9900,59.8400,0.000001
FILLER_18_180,VGND,li1,93.6100,59.8400,0.000001
FILLER_18_177,VGND,li1,92.2300,59.8400,0.000001
FILLER_18_174,VGND,li1,90.8500,59.8400,0.000001
FILLER_18_171,VGND,li1,89.4700,59.8400,0.000001
FILLER_18_168,VGND,li1,88.0900,59.8400,0.000001
FILLER_18_165,VGND,li1,86.7100,59.8400,0.000001
FILLER_18_162,VGND,li1,85.3300,59.8400,0.000000
FILLER_18_159,VGND,li1,83.9500,59.8400,0.000000
FILLER_18_153,VGND,li1,80.9600,59.8400,0.000000
FILLER_18_150,VGND,li1,79.8100,59.8400,0.000000
FILLER_18_147,VGND,li1,78.4300,59.8400,0.000000
FILLER_18_144,VGND,li1,77.0500,59.8400,0.000000
FILLER_18_141,VGND,li1,75.6700,59.8400,0.000001
FILLER_18_138,VGND,li1,74.0600,59.8400,0.000001
FILLER_18_135,VGND,li1,72.9100,59.8400,0.000001
FILLER_18_129,VGND,li1,69.9200,59.8400,0.000001
FILLER_18_126,VGND,li1,68.7700,59.8400,0.000001
FILLER_18_123,VGND,li1,67.3900,59.8400,0.000001
FILLER_18_120,VGND,li1,66.0100,59.8400,0.000001
FILLER_18_117,VGND,li1,64.6300,59.8400,0.000001
FILLER_18_114,VGND,li1,63.2500,59.8400,0.000001
FILLER_18_111,VGND,li1,61.8700,59.8400,0.000001
FILLER_18_108,VGND,li1,60.4900,59.8400,0.000001
FILLER_18_105,VGND,li1,59.1100,59.8400,0.000001
FILLER_18_97,VGND,li1,54.9700,59.8400,0.000001
FILLER_18_88,VGND,li1,51.2900,59.8400,0.000001
FILLER_18_85,VGND,li1,49.9100,59.8400,0.000001
FILLER_18_83,VGND,li1,48.5300,59.8400,0.000001
FILLER_18_80,VGND,li1,47.6100,59.8400,0.000001
FILLER_18_71,VGND,li1,43.0100,59.8400,0.000002
FILLER_18_68,VGND,li1,42.0900,59.8400,0.000003
FILLER_18_65,VGND,li1,40.7100,59.8400,0.000003
FILLER_18_57,VGND,li1,36.8000,59.8400,0.000003
FILLER_18_54,VGND,li1,35.6500,59.8400,0.000004
FILLER_18_27,VGND,li1,22.7700,59.8400,0.000005
FILLER_18_24,VGND,li1,21.8500,59.8400,0.000005
FILLER_18_21,VGND,li1,20.4700,59.8400,0.000004
FILLER_18_3,VGND,li1,11.7300,59.8400,0.000005
FILLER_17_647,VGND,li1,307.9700,59.8400,0.000001
FILLER_17_644,VGND,li1,307.0500,59.8400,0.000001
FILLER_17_641,VGND,li1,305.6700,59.8400,0.000001
FILLER_17_638,VGND,li1,304.2900,59.8400,0.000001
FILLER_17_635,VGND,li1,302.9100,59.8400,0.000001
FILLER_17_632,VGND,li1,301.5300,59.8400,0.000001
FILLER_17_629,VGND,li1,300.1500,59.8400,0.000001
FILLER_17_626,VGND,li1,298.7700,59.8400,0.000001
FILLER_17_623,VGND,li1,297.3900,59.8400,0.000001
FILLER_17_620,VGND,li1,296.0100,59.8400,0.000001
FILLER_17_617,VGND,li1,294.6300,59.8400,0.000001
FILLER_17_615,VGND,li1,293.2500,59.8400,0.000001
FILLER_17_612,VGND,li1,292.3300,59.8400,0.000001
FILLER_17_609,VGND,li1,290.9500,59.8400,0.000001
FILLER_17_606,VGND,li1,289.5700,59.8400,0.000001
FILLER_17_603,VGND,li1,288.1900,59.8400,0.000001
FILLER_17_600,VGND,li1,286.8100,59.8400,0.000001
FILLER_17_597,VGND,li1,285.4300,59.8400,0.000002
FILLER_17_594,VGND,li1,284.0500,59.8400,0.000002
FILLER_17_591,VGND,li1,282.6700,59.8400,0.000002
FILLER_17_588,VGND,li1,281.2900,59.8400,0.000002
FILLER_17_585,VGND,li1,279.9100,59.8400,0.000002
FILLER_17_582,VGND,li1,278.5300,59.8400,0.000002
FILLER_17_558,VGND,li1,267.2600,59.8400,0.000002
FILLER_17_547,VGND,li1,262.2000,59.8400,0.000002
FILLER_17_544,VGND,li1,261.0500,59.8400,0.000002
FILLER_17_535,VGND,li1,256.4500,59.8400,0.000001
FILLER_17_532,VGND,li1,255.5300,59.8400,0.000001
FILLER_17_529,VGND,li1,254.1500,59.8400,0.000001
FILLER_17_526,VGND,li1,252.7700,59.8400,0.000001
FILLER_17_523,VGND,li1,251.3900,59.8400,0.000002
FILLER_17_511,VGND,li1,245.8700,59.8400,0.000002
FILLER_17_508,VGND,li1,244.4900,59.8400,0.000002
FILLER_17_505,VGND,li1,243.1100,59.8400,0.000002
FILLER_17_492,VGND,li1,237.1300,59.8400,0.000002
FILLER_17_489,VGND,li1,235.7500,59.8400,0.000002
FILLER_17_470,VGND,li1,227.0100,59.8400,0.000003
FILLER_17_460,VGND,li1,222.1800,59.8400,0.000005
FILLER_17_457,VGND,li1,221.0300,59.8400,0.000005
FILLER_17_446,VGND,li1,215.7400,59.8400,0.000007
FILLER_17_436,VGND,li1,210.9100,59.8400,0.000008
FILLER_17_433,VGND,li1,209.9900,59.8400,0.000008
FILLER_17_430,VGND,li1,208.6100,59.8400,0.000009
FILLER_17_408,VGND,li1,198.0300,59.8400,0.000013
FILLER_17_405,VGND,li1,197.1100,59.8400,0.000013
FILLER_17_402,VGND,li1,195.7300,59.8400,0.000017
FILLER_17_399,VGND,li1,194.3500,59.8400,0.000017
FILLER_17_396,VGND,li1,192.9700,59.8400,0.000019
FILLER_17_393,VGND,li1,191.5900,59.8400,0.000023
FILLER_17_390,VGND,li1,189.9800,59.8400,0.000023
FILLER_17_367,VGND,li1,179.4000,59.8400,0.000019
FILLER_17_364,VGND,li1,178.2500,59.8400,0.000019
FILLER_17_361,VGND,li1,176.8700,59.8400,0.000017
FILLER_17_358,VGND,li1,175.4900,59.8400,0.000017
FILLER_17_327,VGND,li1,161.0000,59.8400,0.000007
FILLER_17_324,VGND,li1,159.8500,59.8400,0.000006
FILLER_17_321,VGND,li1,158.4700,59.8400,0.000006
FILLER_17_318,VGND,li1,157.0900,59.8400,0.000006
FILLER_17_313,VGND,li1,154.5600,59.8400,0.000005
FILLER_17_310,VGND,li1,153.4100,59.8400,0.000005
FILLER_17_307,VGND,li1,152.0300,59.8400,0.000005
FILLER_17_304,VGND,li1,150.6500,59.8400,0.000005
FILLER_17_301,VGND,li1,149.2700,59.8400,0.000005
FILLER_17_298,VGND,li1,147.8900,59.8400,0.000004
FILLER_17_295,VGND,li1,146.5100,59.8400,0.000004
FILLER_17_292,VGND,li1,145.1300,59.8400,0.000004
FILLER_17_289,VGND,li1,143.7500,59.8400,0.000004
FILLER_17_284,VGND,li1,141.2200,59.8400,0.000003
FILLER_17_278,VGND,li1,138.4600,59.8400,0.000002
FILLER_17_270,VGND,li1,134.5500,59.8400,0.000003
FILLER_17_267,VGND,li1,133.6300,59.8400,0.000003
FILLER_17_240,VGND,li1,121.2100,59.8400,0.000003
FILLER_17_237,VGND,li1,119.8300,59.8400,0.000002
FILLER_17_234,VGND,li1,118.4500,59.8400,0.000002
FILLER_17_231,VGND,li1,117.0700,59.8400,0.000002
FILLER_17_228,VGND,li1,115.6900,59.8400,0.000002
FILLER_17_225,VGND,li1,114.3100,59.8400,0.000002
FILLER_17_222,VGND,li1,112.7000,59.8400,0.000001
FILLER_17_219,VGND,li1,111.5500,59.8400,0.000001
FILLER_17_216,VGND,li1,110.1700,59.8400,0.000001
FILLER_17_213,VGND,li1,108.7900,59.8400,0.000001
FILLER_17_210,VGND,li1,107.4100,59.8400,0.000001
FILLER_17_207,VGND,li1,106.0300,59.8400,0.000001
FILLER_17_204,VGND,li1,104.6500,59.8400,0.000001
FILLER_17_201,VGND,li1,103.2700,59.8400,0.000001
FILLER_17_198,VGND,li1,101.8900,59.8400,0.000001
FILLER_17_195,VGND,li1,100.5100,59.8400,0.000001
FILLER_17_192,VGND,li1,99.1300,59.8400,0.000001
FILLER_17_189,VGND,li1,97.7500,59.8400,0.000001
FILLER_17_186,VGND,li1,96.3700,59.8400,0.000001
FILLER_17_183,VGND,li1,94.9900,59.8400,0.000001
FILLER_17_180,VGND,li1,93.6100,59.8400,0.000001
FILLER_17_169,VGND,li1,88.5500,59.8400,0.000001
FILLER_17_165,VGND,li1,86.7100,59.8400,0.000001
FILLER_17_162,VGND,li1,85.3300,59.8400,0.000000
FILLER_17_159,VGND,li1,83.9500,59.8400,0.000000
FILLER_17_146,VGND,li1,77.9700,59.8400,0.000000
FILLER_17_134,VGND,li1,72.4500,59.8400,0.000001
FILLER_17_125,VGND,li1,68.0800,59.8400,0.000001
FILLER_17_122,VGND,li1,66.9300,59.8400,0.000001
FILLER_17_119,VGND,li1,65.5500,59.8400,0.000001
FILLER_17_116,VGND,li1,64.1700,59.8400,0.000001
FILLER_17_109,VGND,li1,60.9500,59.8400,0.000001
FILLER_17_106,VGND,li1,59.5700,59.8400,0.000001
FILLER_17_103,VGND,li1,58.1900,59.8400,0.000001
FILLER_17_100,VGND,li1,56.8100,59.8400,0.000001
FILLER_17_97,VGND,li1,55.4300,59.8400,0.000001
FILLER_17_94,VGND,li1,54.0500,59.8400,0.000001
FILLER_17_91,VGND,li1,52.6700,59.8400,0.000001
FILLER_17_88,VGND,li1,51.2900,59.8400,0.000001
FILLER_17_85,VGND,li1,49.9100,59.8400,0.000001
FILLER_17_82,VGND,li1,48.5300,59.8400,0.000001
FILLER_17_72,VGND,li1,43.4700,59.8400,0.000002
FILLER_17_69,VGND,li1,42.5500,59.8400,0.000002
FILLER_17_66,VGND,li1,41.1700,59.8400,0.000003
FILLER_17_63,VGND,li1,39.7900,59.8400,0.000003
FILLER_17_60,VGND,li1,38.4100,59.8400,0.000003
FILLER_17_57,VGND,li1,37.0300,59.8400,0.000003
FILLER_17_49,VGND,li1,32.8900,59.8400,0.000004
FILLER_17_46,VGND,li1,31.9700,59.8400,0.000004
FILLER_17_35,VGND,li1,26.9100,59.8400,0.000005
FILLER_17_9,VGND,li1,14.4900,59.8400,0.000005
FILLER_17_6,VGND,li1,13.5700,59.8400,0.000005
FILLER_17_3,VGND,li1,12.1900,59.8400,0.000005
FILLER_16_645,VGND,li1,307.5100,54.4000,0.000001
FILLER_16_643,VGND,li1,306.1300,54.4000,0.000001
FILLER_16_640,VGND,li1,305.2100,54.4000,0.000001
FILLER_16_637,VGND,li1,303.8300,54.4000,0.000001
FILLER_16_634,VGND,li1,302.4500,54.4000,0.000001
FILLER_16_631,VGND,li1,301.0700,54.4000,0.000001
FILLER_16_628,VGND,li1,299.6900,54.4000,0.000001
FILLER_16_625,VGND,li1,298.3100,54.4000,0.000001
FILLER_16_622,VGND,li1,296.9300,54.4000,0.000001
FILLER_16_619,VGND,li1,295.5500,54.4000,0.000001
FILLER_16_616,VGND,li1,294.1700,54.4000,0.000001
FILLER_16_613,VGND,li1,292.7900,54.4000,0.000001
FILLER_16_610,VGND,li1,291.4100,54.4000,0.000001
FILLER_16_607,VGND,li1,290.0300,54.4000,0.000001
FILLER_16_604,VGND,li1,288.6500,54.4000,0.000001
FILLER_16_601,VGND,li1,287.2700,54.4000,0.000002
FILLER_16_598,VGND,li1,285.8900,54.4000,0.000002
FILLER_16_595,VGND,li1,284.5100,54.4000,0.000002
FILLER_16_592,VGND,li1,283.1300,54.4000,0.000002
FILLER_16_589,VGND,li1,281.7500,54.4000,0.000003
FILLER_16_586,VGND,li1,280.1400,54.4000,0.000003
FILLER_16_583,VGND,li1,278.9900,54.4000,0.000003
FILLER_16_580,VGND,li1,277.6100,54.4000,0.000003
FILLER_16_577,VGND,li1,276.2300,54.4000,0.000004
FILLER_16_574,VGND,li1,274.8500,54.4000,0.000004
FILLER_16_569,VGND,li1,272.3200,54.4000,0.000004
FILLER_16_566,VGND,li1,271.1700,54.4000,0.000004
FILLER_16_544,VGND,li1,260.5900,54.4000,0.000005
FILLER_16_533,VGND,li1,255.7600,54.4000,0.000005
FILLER_16_522,VGND,li1,250.7000,54.4000,0.000007
FILLER_16_510,VGND,li1,245.4100,54.4000,0.000007
FILLER_16_483,VGND,li1,232.5300,54.4000,0.000005
FILLER_16_480,VGND,li1,231.6100,54.4000,0.000005
FILLER_16_477,VGND,li1,230.2300,54.4000,0.000005
FILLER_16_475,VGND,li1,228.8500,54.4000,0.000004
FILLER_16_472,VGND,li1,227.9300,54.4000,0.000004
FILLER_16_462,VGND,li1,222.8700,54.4000,0.000004
FILLER_16_459,VGND,li1,221.9500,54.4000,0.000004
FILLER_16_456,VGND,li1,220.5700,54.4000,0.000004
FILLER_16_453,VGND,li1,219.1900,54.4000,0.000004
FILLER_16_431,VGND,li1,208.6100,54.4000,0.000004
FILLER_16_421,VGND,li1,204.2400,54.4000,0.000003
FILLER_16_417,VGND,li1,202.6300,54.4000,0.000002
FILLER_16_414,VGND,li1,201.2500,54.4000,0.000002
FILLER_16_411,VGND,li1,199.8700,54.4000,0.000002
FILLER_16_408,VGND,li1,198.4900,54.4000,0.000002
FILLER_16_405,VGND,li1,197.1100,54.4000,0.000002
FILLER_16_402,VGND,li1,195.7300,54.4000,0.000002
FILLER_16_391,VGND,li1,190.6700,54.4000,0.000002
FILLER_16_388,VGND,li1,189.2900,54.4000,0.000002
FILLER_16_385,VGND,li1,187.9100,54.4000,0.000002
FILLER_16_374,VGND,li1,182.3900,54.4000,0.000002
FILLER_16_371,VGND,li1,181.4700,54.4000,0.000002
FILLER_16_368,VGND,li1,180.0900,54.4000,0.000003
FILLER_16_365,VGND,li1,178.7100,54.4000,0.000003
FILLER_16_362,VGND,li1,177.1000,54.4000,0.000003
FILLER_16_359,VGND,li1,175.9500,54.4000,0.000003
FILLER_16_356,VGND,li1,174.5700,54.4000,0.000003
FILLER_16_353,VGND,li1,173.1900,54.4000,0.000003
FILLER_16_350,VGND,li1,171.8100,54.4000,0.000003
FILLER_16_347,VGND,li1,170.4300,54.4000,0.000003
FILLER_16_341,VGND,li1,167.6700,54.4000,0.000003
FILLER_16_338,VGND,li1,166.2900,54.4000,0.000004
FILLER_16_335,VGND,li1,164.9100,54.4000,0.000004
FILLER_16_332,VGND,li1,163.5300,54.4000,0.000005
FILLER_16_329,VGND,li1,162.1500,54.4000,0.000005
FILLER_16_321,VGND,li1,158.4700,54.4000,0.000007
FILLER_16_318,VGND,li1,157.0900,54.4000,0.000007
FILLER_16_312,VGND,li1,153.8700,54.4000,0.000008
FILLER_16_309,VGND,li1,152.9500,54.4000,0.000009
FILLER_16_265,VGND,li1,132.4800,54.4000,0.000014
FILLER_16_262,VGND,li1,131.3300,54.4000,0.000013
FILLER_16_259,VGND,li1,129.9500,54.4000,0.000013
FILLER_16_253,VGND,li1,127.1900,54.4000,0.000012
FILLER_16_228,VGND,li1,115.6900,54.4000,0.000007
FILLER_16_225,VGND,li1,114.3100,54.4000,0.000007
FILLER_16_222,VGND,li1,112.9300,54.4000,0.000006
FILLER_16_219,VGND,li1,111.5500,54.4000,0.000005
FILLER_16_216,VGND,li1,110.1700,54.4000,0.000005
FILLER_16_213,VGND,li1,108.7900,54.4000,0.000004
FILLER_16_210,VGND,li1,107.4100,54.4000,0.000004
FILLER_16_207,VGND,li1,106.0300,54.4000,0.000003
FILLER_16_197,VGND,li1,100.9700,54.4000,0.000003
FILLER_16_194,VGND,li1,99.8200,54.4000,0.000003
FILLER_16_191,VGND,li1,98.6700,54.4000,0.000003
FILLER_16_188,VGND,li1,97.2900,54.4000,0.000003
FILLER_16_185,VGND,li1,95.9100,54.4000,0.000003
FILLER_16_182,VGND,li1,94.5300,54.4000,0.000003
FILLER_16_179,VGND,li1,93.1500,54.4000,0.000003
FILLER_16_171,VGND,li1,89.0100,54.4000,0.000002
FILLER_16_168,VGND,li1,88.0900,54.4000,0.000002
FILLER_16_147,VGND,li1,78.2000,54.4000,0.000002
FILLER_16_144,VGND,li1,77.0500,54.4000,0.000002
FILLER_16_141,VGND,li1,75.6700,54.4000,0.000002
FILLER_16_139,VGND,li1,74.2900,54.4000,0.000002
FILLER_16_136,VGND,li1,73.3700,54.4000,0.000002
FILLER_16_127,VGND,li1,69.0000,54.4000,0.000003
FILLER_16_124,VGND,li1,67.8500,54.4000,0.000003
FILLER_16_88,VGND,li1,50.8300,54.4000,0.000003
FILLER_16_85,VGND,li1,49.9100,54.4000,0.000002
FILLER_16_76,VGND,li1,45.5400,54.4000,0.000003
FILLER_16_51,VGND,li1,34.0400,54.4000,0.000005
FILLER_16_40,VGND,li1,29.2100,54.4000,0.000005
FILLER_16_37,VGND,li1,27.8300,54.4000,0.000005
FILLER_15_647,VGND,li1,307.9700,54.4000,0.000001
FILLER_15_644,VGND,li1,307.0500,54.4000,0.000001
FILLER_15_641,VGND,li1,305.6700,54.4000,0.000001
FILLER_15_638,VGND,li1,304.2900,54.4000,0.000001
FILLER_15_635,VGND,li1,302.9100,54.4000,0.000001
FILLER_15_632,VGND,li1,301.5300,54.4000,0.000001
FILLER_15_629,VGND,li1,300.1500,54.4000,0.000001
FILLER_15_626,VGND,li1,298.7700,54.4000,0.000001
FILLER_15_623,VGND,li1,297.3900,54.4000,0.000001
FILLER_15_620,VGND,li1,296.0100,54.4000,0.000001
FILLER_15_617,VGND,li1,294.6300,54.4000,0.000001
FILLER_15_615,VGND,li1,293.2500,54.4000,0.000001
FILLER_15_612,VGND,li1,292.3300,54.4000,0.000001
FILLER_15_609,VGND,li1,290.9500,54.4000,0.000001
FILLER_15_606,VGND,li1,289.5700,54.4000,0.000001
FILLER_15_603,VGND,li1,288.1900,54.4000,0.000002
FILLER_15_600,VGND,li1,286.8100,54.4000,0.000002
FILLER_15_597,VGND,li1,285.4300,54.4000,0.000002
FILLER_15_594,VGND,li1,284.0500,54.4000,0.000002
FILLER_15_591,VGND,li1,282.6700,54.4000,0.000002
FILLER_15_588,VGND,li1,281.2900,54.4000,0.000003
FILLER_15_585,VGND,li1,279.9100,54.4000,0.000003
FILLER_15_582,VGND,li1,278.5300,54.4000,0.000003
FILLER_15_579,VGND,li1,277.1500,54.4000,0.000003
FILLER_15_576,VGND,li1,275.7700,54.4000,0.000004
FILLER_15_573,VGND,li1,274.3900,54.4000,0.000004
FILLER_15_570,VGND,li1,273.0100,54.4000,0.000004
FILLER_15_567,VGND,li1,271.6300,54.4000,0.000004
FILLER_15_564,VGND,li1,270.2500,54.4000,0.000004
FILLER_15_561,VGND,li1,268.8700,54.4000,0.000004
FILLER_15_557,VGND,li1,267.0300,54.4000,0.000005
FILLER_15_553,VGND,li1,264.7300,54.4000,0.000005
FILLER_15_508,VGND,li1,244.4900,54.4000,0.000007
FILLER_15_505,VGND,li1,243.1100,54.4000,0.000007
FILLER_15_501,VGND,li1,241.2700,54.4000,0.000007
FILLER_15_498,VGND,li1,239.8900,54.4000,0.000007
FILLER_15_495,VGND,li1,238.5100,54.4000,0.000006
FILLER_15_492,VGND,li1,237.1300,54.4000,0.000006
FILLER_15_489,VGND,li1,235.7500,54.4000,0.000005
FILLER_15_486,VGND,li1,234.3700,54.4000,0.000005
FILLER_15_464,VGND,li1,223.7900,54.4000,0.000004
FILLER_15_461,VGND,li1,222.8700,54.4000,0.000004
FILLER_15_458,VGND,li1,221.4900,54.4000,0.000004
FILLER_15_455,VGND,li1,220.1100,54.4000,0.000004
FILLER_15_452,VGND,li1,218.7300,54.4000,0.000005
FILLER_15_449,VGND,li1,217.3500,54.4000,0.000005
FILLER_15_442,VGND,li1,214.1300,54.4000,0.000005
FILLER_15_439,VGND,li1,212.7500,54.4000,0.000004
FILLER_15_436,VGND,li1,211.3700,54.4000,0.000004
FILLER_15_433,VGND,li1,209.9900,54.4000,0.000004
FILLER_15_430,VGND,li1,208.6100,54.4000,0.000004
FILLER_15_427,VGND,li1,207.2300,54.4000,0.000003
FILLER_15_424,VGND,li1,205.8500,54.4000,0.000003
FILLER_15_417,VGND,li1,202.4000,54.4000,0.000002
FILLER_15_414,VGND,li1,201.2500,54.4000,0.000002
FILLER_15_405,VGND,li1,196.6500,54.4000,0.000002
FILLER_15_402,VGND,li1,195.7300,54.4000,0.000002
FILLER_15_399,VGND,li1,194.3500,54.4000,0.000002
FILLER_15_396,VGND,li1,192.9700,54.4000,0.000002
FILLER_15_393,VGND,li1,191.5900,54.4000,0.000002
FILLER_15_390,VGND,li1,189.9800,54.4000,0.000002
FILLER_15_387,VGND,li1,188.8300,54.4000,0.000002
FILLER_15_378,VGND,li1,184.2300,54.4000,0.000002
FILLER_15_375,VGND,li1,183.3100,54.4000,0.000002
FILLER_15_372,VGND,li1,181.9300,54.4000,0.000002
FILLER_15_369,VGND,li1,180.5500,54.4000,0.000003
FILLER_15_366,VGND,li1,179.1700,54.4000,0.000003
FILLER_15_363,VGND,li1,177.7900,54.4000,0.000003
FILLER_15_352,VGND,li1,172.5000,54.4000,0.000003
FILLER_15_349,VGND,li1,171.3500,54.4000,0.000003
FILLER_15_346,VGND,li1,169.9700,54.4000,0.000003
FILLER_15_343,VGND,li1,168.5900,54.4000,0.000003
FILLER_15_340,VGND,li1,167.2100,54.4000,0.000003
FILLER_15_337,VGND,li1,165.8300,54.4000,0.000004
FILLER_15_321,VGND,li1,158.4700,54.4000,0.000007
FILLER_15_318,VGND,li1,157.0900,54.4000,0.000007
FILLER_15_313,VGND,li1,154.3300,54.4000,0.000008
FILLER_15_306,VGND,li1,151.5700,54.4000,0.000010
FILLER_15_302,VGND,li1,149.2700,54.4000,0.000010
FILLER_15_299,VGND,li1,148.3500,54.4000,0.000010
FILLER_15_278,VGND,li1,138.4600,54.4000,0.000015
FILLER_15_272,VGND,li1,135.7000,54.4000,0.000015
FILLER_15_269,VGND,li1,134.5500,54.4000,0.000015
FILLER_15_266,VGND,li1,133.1700,54.4000,0.000014
FILLER_15_263,VGND,li1,131.7900,54.4000,0.000013
FILLER_15_260,VGND,li1,130.4100,54.4000,0.000013
FILLER_15_257,VGND,li1,129.0300,54.4000,0.000013
FILLER_15_254,VGND,li1,127.6500,54.4000,0.000012
FILLER_15_251,VGND,li1,126.2700,54.4000,0.000012
FILLER_15_242,VGND,li1,121.6700,54.4000,0.000011
FILLER_15_239,VGND,li1,120.7500,54.4000,0.000010
FILLER_15_236,VGND,li1,119.3700,54.4000,0.000010
FILLER_15_225,VGND,li1,114.3100,54.4000,0.000007
FILLER_15_223,VGND,li1,112.9300,54.4000,0.000006
FILLER_15_220,VGND,li1,112.0100,54.4000,0.000006
FILLER_15_217,VGND,li1,110.6300,54.4000,0.000005
FILLER_15_208,VGND,li1,106.2600,54.4000,0.000003
FILLER_15_205,VGND,li1,105.1100,54.4000,0.000003
FILLER_15_202,VGND,li1,103.7300,54.4000,0.000003
FILLER_15_193,VGND,li1,99.3600,54.4000,0.000003
FILLER_15_182,VGND,li1,94.3000,54.4000,0.000003
FILLER_15_172,VGND,li1,89.9300,54.4000,0.000002
FILLER_15_169,VGND,li1,88.5500,54.4000,0.000002
FILLER_15_167,VGND,li1,87.1700,54.4000,0.000002
FILLER_15_164,VGND,li1,86.2500,54.4000,0.000002
FILLER_15_161,VGND,li1,84.8700,54.4000,0.000002
FILLER_15_153,VGND,li1,80.7300,54.4000,0.000002
FILLER_15_150,VGND,li1,79.8100,54.4000,0.000002
FILLER_15_147,VGND,li1,78.4300,54.4000,0.000002
FILLER_15_144,VGND,li1,77.0500,54.4000,0.000002
FILLER_15_141,VGND,li1,75.6700,54.4000,0.000002
FILLER_15_138,VGND,li1,74.2900,54.4000,0.000002
FILLER_15_135,VGND,li1,72.9100,54.4000,0.000002
FILLER_15_126,VGND,li1,68.5400,54.4000,0.000003
FILLER_15_123,VGND,li1,67.3900,54.4000,0.000003
FILLER_15_113,VGND,li1,62.5600,54.4000,0.000004
FILLER_15_109,VGND,li1,60.9500,54.4000,0.000004
FILLER_15_106,VGND,li1,59.5700,54.4000,0.000003
FILLER_15_103,VGND,li1,58.1900,54.4000,0.000003
FILLER_15_95,VGND,li1,54.2800,54.4000,0.000003
FILLER_15_92,VGND,li1,53.1300,54.4000,0.000003
FILLER_15_82,VGND,li1,48.3000,54.4000,0.000002
FILLER_15_79,VGND,li1,47.1500,54.4000,0.000002
FILLER_15_71,VGND,li1,43.2400,54.4000,0.000003
FILLER_15_68,VGND,li1,42.0900,54.4000,0.000003
FILLER_15_57,VGND,li1,37.0300,54.4000,0.000004
FILLER_15_9,VGND,li1,14.4900,54.4000,0.000005
FILLER_15_6,VGND,li1,13.5700,54.4000,0.000005
FILLER_15_3,VGND,li1,12.1900,54.4000,0.000005
FILLER_14_645,VGND,li1,307.5100,48.9600,0.000001
FILLER_14_643,VGND,li1,306.1300,48.9600,0.000001
FILLER_14_640,VGND,li1,305.2100,48.9600,0.000001
FILLER_14_637,VGND,li1,303.8300,48.9600,0.000001
FILLER_14_634,VGND,li1,302.4500,48.9600,0.000001
FILLER_14_631,VGND,li1,301.0700,48.9600,0.000001
FILLER_14_628,VGND,li1,299.6900,48.9600,0.000001
FILLER_14_625,VGND,li1,298.3100,48.9600,0.000001
FILLER_14_622,VGND,li1,296.9300,48.9600,0.000001
FILLER_14_619,VGND,li1,295.5500,48.9600,0.000001
FILLER_14_616,VGND,li1,294.1700,48.9600,0.000001
FILLER_14_613,VGND,li1,292.7900,48.9600,0.000001
FILLER_14_610,VGND,li1,291.4100,48.9600,0.000001
FILLER_14_607,VGND,li1,290.0300,48.9600,0.000001
FILLER_14_604,VGND,li1,288.6500,48.9600,0.000001
FILLER_14_601,VGND,li1,287.2700,48.9600,0.000001
FILLER_14_598,VGND,li1,285.8900,48.9600,0.000001
FILLER_14_595,VGND,li1,284.5100,48.9600,0.000001
FILLER_14_592,VGND,li1,283.1300,48.9600,0.000002
FILLER_14_589,VGND,li1,281.7500,48.9600,0.000002
FILLER_14_586,VGND,li1,280.1400,48.9600,0.000002
FILLER_14_583,VGND,li1,278.9900,48.9600,0.000002
FILLER_14_580,VGND,li1,277.6100,48.9600,0.000002
FILLER_14_577,VGND,li1,276.2300,48.9600,0.000002
FILLER_14_574,VGND,li1,274.8500,48.9600,0.000003
FILLER_14_571,VGND,li1,273.4700,48.9600,0.000003
FILLER_14_568,VGND,li1,272.0900,48.9600,0.000003
FILLER_14_565,VGND,li1,270.7100,48.9600,0.000003
FILLER_14_531,VGND,li1,254.6100,48.9600,0.000003
FILLER_14_528,VGND,li1,253.6900,48.9600,0.000003
FILLER_14_525,VGND,li1,252.3100,48.9600,0.000004
FILLER_14_520,VGND,li1,249.7800,48.9600,0.000004
FILLER_14_517,VGND,li1,248.6300,48.9600,0.000004
FILLER_14_514,VGND,li1,247.2500,48.9600,0.000005
FILLER_14_511,VGND,li1,245.8700,48.9600,0.000005
FILLER_14_500,VGND,li1,240.5800,48.9600,0.000004
FILLER_14_497,VGND,li1,239.4300,48.9600,0.000004
FILLER_14_494,VGND,li1,238.0500,48.9600,0.000004
FILLER_14_491,VGND,li1,236.6700,48.9600,0.000004
FILLER_14_488,VGND,li1,235.2900,48.9600,0.000004
FILLER_14_439,VGND,li1,212.2900,48.9600,0.000003
FILLER_14_436,VGND,li1,211.3700,48.9600,0.000003
FILLER_14_421,VGND,li1,204.4700,48.9600,0.000002
FILLER_14_419,VGND,li1,203.0900,48.9600,0.000002
FILLER_14_416,VGND,li1,202.1700,48.9600,0.000001
FILLER_14_413,VGND,li1,200.7900,48.9600,0.000001
FILLER_14_402,VGND,li1,195.7300,48.9600,0.000001
FILLER_14_399,VGND,li1,194.3500,48.9600,0.000001
FILLER_14_396,VGND,li1,192.9700,48.9600,0.000001
FILLER_14_393,VGND,li1,191.5900,48.9600,0.000001
FILLER_14_378,VGND,li1,184.2300,48.9600,0.000001
FILLER_14_375,VGND,li1,183.3100,48.9600,0.000001
FILLER_14_361,VGND,li1,176.8700,48.9600,0.000000
FILLER_14_348,VGND,li1,170.8900,48.9600,0.000000
FILLER_14_345,VGND,li1,169.5100,48.9600,0.000000
FILLER_14_342,VGND,li1,168.1300,48.9600,0.000000
FILLER_14_339,VGND,li1,166.7500,48.9600,0.000000
FILLER_14_331,VGND,li1,162.6100,48.9600,0.000000
FILLER_14_315,VGND,li1,155.2500,48.9600,0.000000
FILLER_14_309,VGND,li1,152.9500,48.9600,0.000000
FILLER_14_307,VGND,li1,151.5700,48.9600,0.000000
FILLER_14_304,VGND,li1,150.6500,48.9600,0.000000
FILLER_14_301,VGND,li1,149.2700,48.9600,0.000000
FILLER_14_298,VGND,li1,147.8900,48.9600,0.000000
FILLER_14_295,VGND,li1,146.5100,48.9600,0.000000
FILLER_14_292,VGND,li1,145.1300,48.9600,0.000000
FILLER_14_289,VGND,li1,143.7500,48.9600,0.000000
FILLER_14_286,VGND,li1,142.3700,48.9600,0.000000
FILLER_14_283,VGND,li1,140.9900,48.9600,0.000000
FILLER_14_280,VGND,li1,139.6100,48.9600,0.000000
FILLER_14_277,VGND,li1,138.2300,48.9600,0.000000
FILLER_14_274,VGND,li1,136.8500,48.9600,0.000000
FILLER_14_261,VGND,li1,130.8700,48.9600,0.000000
FILLER_14_258,VGND,li1,129.4900,48.9600,0.000000
FILLER_14_251,VGND,li1,125.8100,48.9600,0.000000
FILLER_14_248,VGND,li1,124.8900,48.9600,0.000000
FILLER_14_245,VGND,li1,123.5100,48.9600,0.000000
FILLER_14_242,VGND,li1,122.1300,48.9600,0.000000
FILLER_14_239,VGND,li1,120.7500,48.9600,0.000000
FILLER_14_236,VGND,li1,119.3700,48.9600,0.000000
FILLER_14_233,VGND,li1,117.9900,48.9600,0.000000
FILLER_14_230,VGND,li1,116.6100,48.9600,0.000000
FILLER_14_206,VGND,li1,105.5700,48.9600,0.000000
FILLER_14_203,VGND,li1,104.1900,48.9600,0.000000
FILLER_14_200,VGND,li1,102.8100,48.9600,0.000000
FILLER_14_197,VGND,li1,101.4300,48.9600,0.000000
FILLER_14_193,VGND,li1,99.5900,48.9600,0.000000
FILLER_14_190,VGND,li1,98.2100,48.9600,0.000000
FILLER_14_187,VGND,li1,96.8300,48.9600,0.000000
FILLER_14_184,VGND,li1,95.4500,48.9600,0.000000
FILLER_14_181,VGND,li1,94.0700,48.9600,0.000000
FILLER_14_178,VGND,li1,92.6900,48.9600,0.000000
FILLER_14_170,VGND,li1,88.5500,48.9600,0.000000
FILLER_14_167,VGND,li1,87.6300,48.9600,0.000000
FILLER_14_164,VGND,li1,86.2500,48.9600,0.000000
FILLER_14_161,VGND,li1,84.8700,48.9600,0.000000
FILLER_14_147,VGND,li1,77.9700,48.9600,0.000000
FILLER_14_144,VGND,li1,77.0500,48.9600,0.000001
FILLER_14_141,VGND,li1,75.6700,48.9600,0.000001
FILLER_14_139,VGND,li1,74.2900,48.9600,0.000001
FILLER_14_136,VGND,li1,73.3700,48.9600,0.000001
FILLER_14_133,VGND,li1,71.9900,48.9600,0.000001
FILLER_14_130,VGND,li1,70.6100,48.9600,0.000001
FILLER_14_127,VGND,li1,69.2300,48.9600,0.000001
FILLER_14_124,VGND,li1,67.8500,48.9600,0.000001
FILLER_14_121,VGND,li1,66.4700,48.9600,0.000001
FILLER_14_118,VGND,li1,65.0900,48.9600,0.000001
FILLER_14_115,VGND,li1,63.7100,48.9600,0.000001
FILLER_14_112,VGND,li1,62.3300,48.9600,0.000002
FILLER_14_109,VGND,li1,60.9500,48.9600,0.000002
FILLER_14_106,VGND,li1,59.5700,48.9600,0.000002
FILLER_14_100,VGND,li1,56.3500,48.9600,0.000002
FILLER_14_91,VGND,li1,52.2100,48.9600,0.000002
FILLER_14_88,VGND,li1,51.2900,48.9600,0.000002
FILLER_14_85,VGND,li1,49.9100,48.9600,0.000002
FILLER_14_83,VGND,li1,48.5300,48.9600,0.000002
FILLER_14_80,VGND,li1,47.6100,48.9600,0.000003
FILLER_14_77,VGND,li1,46.2300,48.9600,0.000003
FILLER_14_74,VGND,li1,44.8500,48.9600,0.000003
FILLER_14_71,VGND,li1,43.4700,48.9600,0.000003
FILLER_14_68,VGND,li1,42.0900,48.9600,0.000003
FILLER_14_41,VGND,li1,29.4400,48.9600,0.000004
FILLER_14_29,VGND,li1,24.1500,48.9600,0.000003
FILLER_14_27,VGND,li1,22.7700,48.9600,0.000003
FILLER_14_24,VGND,li1,21.8500,48.9600,0.000003
FILLER_14_6,VGND,li1,13.1100,48.9600,0.000003
FILLER_14_3,VGND,li1,12.1900,48.9600,0.000003
FILLER_13_647,VGND,li1,307.9700,48.9600,0.000001
FILLER_13_644,VGND,li1,307.0500,48.9600,0.000001
FILLER_13_641,VGND,li1,305.6700,48.9600,0.000001
FILLER_13_638,VGND,li1,304.2900,48.9600,0.000001
FILLER_13_635,VGND,li1,302.9100,48.9600,0.000001
FILLER_13_632,VGND,li1,301.5300,48.9600,0.000001
FILLER_13_629,VGND,li1,300.1500,48.9600,0.000001
FILLER_13_626,VGND,li1,298.7700,48.9600,0.000001
FILLER_13_623,VGND,li1,297.3900,48.9600,0.000001
FILLER_13_620,VGND,li1,296.0100,48.9600,0.000001
FILLER_13_617,VGND,li1,294.6300,48.9600,0.000001
FILLER_13_615,VGND,li1,293.2500,48.9600,0.000001
FILLER_13_612,VGND,li1,292.3300,48.9600,0.000001
FILLER_13_609,VGND,li1,290.9500,48.9600,0.000001
FILLER_13_606,VGND,li1,289.5700,48.9600,0.000001
FILLER_13_603,VGND,li1,288.1900,48.9600,0.000001
FILLER_13_600,VGND,li1,286.8100,48.9600,0.000001
FILLER_13_597,VGND,li1,285.4300,48.9600,0.000001
FILLER_13_594,VGND,li1,284.0500,48.9600,0.000002
FILLER_13_591,VGND,li1,282.6700,48.9600,0.000002
FILLER_13_588,VGND,li1,281.2900,48.9600,0.000002
FILLER_13_585,VGND,li1,279.9100,48.9600,0.000002
FILLER_13_582,VGND,li1,278.5300,48.9600,0.000002
FILLER_13_579,VGND,li1,277.1500,48.9600,0.000002
FILLER_13_576,VGND,li1,275.7700,48.9600,0.000003
FILLER_13_573,VGND,li1,274.3900,48.9600,0.000003
FILLER_13_570,VGND,li1,273.0100,48.9600,0.000003
FILLER_13_567,VGND,li1,271.6300,48.9600,0.000003
FILLER_13_564,VGND,li1,270.2500,48.9600,0.000003
FILLER_13_561,VGND,li1,268.8700,48.9600,0.000003
FILLER_13_547,VGND,li1,262.2000,48.9600,0.000003
FILLER_13_544,VGND,li1,261.0500,48.9600,0.000003
FILLER_13_541,VGND,li1,259.6700,48.9600,0.000003
FILLER_13_530,VGND,li1,254.6100,48.9600,0.000003
FILLER_13_527,VGND,li1,253.2300,48.9600,0.000003
FILLER_13_502,VGND,li1,241.5000,48.9600,0.000004
FILLER_13_499,VGND,li1,240.3500,48.9600,0.000004
FILLER_13_466,VGND,li1,225.1700,48.9600,0.000003
FILLER_13_463,VGND,li1,223.7900,48.9600,0.000003
FILLER_13_449,VGND,li1,216.8900,48.9600,0.000004
FILLER_13_446,VGND,li1,215.7400,48.9600,0.000004
FILLER_13_443,VGND,li1,214.5900,48.9600,0.000004
FILLER_13_440,VGND,li1,213.2100,48.9600,0.000003
FILLER_13_437,VGND,li1,211.8300,48.9600,0.000003
FILLER_13_434,VGND,li1,210.4500,48.9600,0.000003
FILLER_13_431,VGND,li1,209.0700,48.9600,0.000002
FILLER_13_428,VGND,li1,207.6900,48.9600,0.000002
FILLER_13_425,VGND,li1,206.3100,48.9600,0.000002
FILLER_13_422,VGND,li1,204.9300,48.9600,0.000002
FILLER_13_419,VGND,li1,203.5500,48.9600,0.000002
FILLER_13_416,VGND,li1,202.1700,48.9600,0.000001
FILLER_13_413,VGND,li1,200.7900,48.9600,0.000001
FILLER_13_410,VGND,li1,199.4100,48.9600,0.000001
FILLER_13_407,VGND,li1,198.0300,48.9600,0.000001
FILLER_13_404,VGND,li1,196.6500,48.9600,0.000001
FILLER_13_396,VGND,li1,192.7400,48.9600,0.000001
FILLER_13_393,VGND,li1,191.5900,48.9600,0.000001
FILLER_13_390,VGND,li1,189.9800,48.9600,0.000001
FILLER_13_378,VGND,li1,184.4600,48.9600,0.000001
FILLER_13_375,VGND,li1,183.3100,48.9600,0.000001
FILLER_13_372,VGND,li1,181.9300,48.9600,0.000001
FILLER_13_369,VGND,li1,180.5500,48.9600,0.000001
FILLER_13_366,VGND,li1,179.1700,48.9600,0.000001
FILLER_13_361,VGND,li1,176.4100,48.9600,0.000000
FILLER_13_358,VGND,li1,175.4900,48.9600,0.000000
FILLER_13_355,VGND,li1,174.1100,48.9600,0.000000
FILLER_13_348,VGND,li1,170.8900,48.9600,0.000000
FILLER_13_337,VGND,li1,165.6000,48.9600,0.000000
FILLER_13_331,VGND,li1,162.6100,48.9600,0.000000
FILLER_13_328,VGND,li1,161.6900,48.9600,0.000000
FILLER_13_325,VGND,li1,160.3100,48.9600,0.000000
FILLER_13_322,VGND,li1,158.9300,48.9600,0.000000
FILLER_13_319,VGND,li1,157.5500,48.9600,0.000000
FILLER_13_316,VGND,li1,156.1700,48.9600,0.000000
FILLER_13_313,VGND,li1,154.7900,48.9600,0.000000
FILLER_13_310,VGND,li1,153.4100,48.9600,0.000000
FILLER_13_307,VGND,li1,152.0300,48.9600,0.000000
FILLER_13_297,VGND,li1,147.2000,48.9600,0.000000
FILLER_13_294,VGND,li1,146.0500,48.9600,0.000000
FILLER_13_291,VGND,li1,144.6700,48.9600,0.000000
FILLER_13_281,VGND,li1,139.8400,48.9600,0.000000
FILLER_13_277,VGND,li1,138.2300,48.9600,0.000000
FILLER_13_274,VGND,li1,136.8500,48.9600,0.000000
FILLER_13_271,VGND,li1,135.4700,48.9600,0.000000
FILLER_13_255,VGND,li1,127.6500,48.9600,0.000000
FILLER_13_252,VGND,li1,126.7300,48.9600,0.000000
FILLER_13_240,VGND,li1,120.7500,48.9600,0.000000
FILLER_13_237,VGND,li1,119.8300,48.9600,0.000000
FILLER_13_234,VGND,li1,118.4500,48.9600,0.000000
FILLER_13_231,VGND,li1,117.0700,48.9600,0.000000
FILLER_13_228,VGND,li1,115.6900,48.9600,0.000000
FILLER_13_225,VGND,li1,114.3100,48.9600,0.000000
FILLER_13_222,VGND,li1,112.7000,48.9600,0.000000
FILLER_13_219,VGND,li1,111.5500,48.9600,0.000000
FILLER_13_216,VGND,li1,110.1700,48.9600,0.000000
FILLER_13_213,VGND,li1,108.7900,48.9600,0.000000
FILLER_13_210,VGND,li1,107.4100,48.9600,0.000000
FILLER_13_207,VGND,li1,106.0300,48.9600,0.000000
FILLER_13_204,VGND,li1,104.6500,48.9600,0.000000
FILLER_13_201,VGND,li1,103.2700,48.9600,0.000000
FILLER_13_191,VGND,li1,98.6700,48.9600,0.000000
FILLER_13_188,VGND,li1,97.2900,48.9600,0.000000
FILLER_13_185,VGND,li1,95.9100,48.9600,0.000000
FILLER_13_182,VGND,li1,94.5300,48.9600,0.000000
FILLER_13_172,VGND,li1,89.9300,48.9600,0.000000
FILLER_13_169,VGND,li1,88.5500,48.9600,0.000000
FILLER_13_157,VGND,li1,82.8000,48.9600,0.000000
FILLER_13_154,VGND,li1,81.6500,48.9600,0.000000
FILLER_13_151,VGND,li1,80.2700,48.9600,0.000000
FILLER_13_148,VGND,li1,78.8900,48.9600,0.000000
FILLER_13_132,VGND,li1,71.5300,48.9600,0.000001
FILLER_13_129,VGND,li1,70.1500,48.9600,0.000001
FILLER_13_119,VGND,li1,65.3200,48.9600,0.000001
FILLER_13_116,VGND,li1,64.1700,48.9600,0.000001
FILLER_13_113,VGND,li1,62.7900,48.9600,0.000002
FILLER_13_98,VGND,li1,55.6600,48.9600,0.000002
FILLER_13_95,VGND,li1,54.5100,48.9600,0.000002
FILLER_13_92,VGND,li1,53.1300,48.9600,0.000002
FILLER_13_74,VGND,li1,44.3900,48.9600,0.000003
FILLER_13_71,VGND,li1,43.4700,48.9600,0.000003
FILLER_13_68,VGND,li1,42.0900,48.9600,0.000003
FILLER_13_57,VGND,li1,36.8000,48.9600,0.000004
FILLER_13_55,VGND,li1,35.6500,48.9600,0.000004
FILLER_13_52,VGND,li1,34.7300,48.9600,0.000004
FILLER_13_49,VGND,li1,33.3500,48.9600,0.000004
FILLER_13_46,VGND,li1,31.9700,48.9600,0.000004
FILLER_13_35,VGND,li1,26.9100,48.9600,0.000003
FILLER_13_32,VGND,li1,25.5300,48.9600,0.000003
FILLER_13_14,VGND,li1,17.0200,48.9600,0.000003
FILLER_13_11,VGND,li1,15.8700,48.9600,0.000003
FILLER_12_645,VGND,li1,307.5100,43.5200,0.000003
FILLER_12_643,VGND,li1,306.1300,43.5200,0.000003
FILLER_12_640,VGND,li1,305.2100,43.5200,0.000003
FILLER_12_637,VGND,li1,303.8300,43.5200,0.000003
FILLER_12_634,VGND,li1,302.4500,43.5200,0.000003
FILLER_12_631,VGND,li1,301.0700,43.5200,0.000003
FILLER_12_628,VGND,li1,299.6900,43.5200,0.000003
FILLER_12_625,VGND,li1,298.3100,43.5200,0.000003
FILLER_12_622,VGND,li1,296.9300,43.5200,0.000003
FILLER_12_619,VGND,li1,295.5500,43.5200,0.000003
FILLER_12_616,VGND,li1,294.1700,43.5200,0.000003
FILLER_12_613,VGND,li1,292.7900,43.5200,0.000003
FILLER_12_610,VGND,li1,291.4100,43.5200,0.000003
FILLER_12_607,VGND,li1,290.0300,43.5200,0.000003
FILLER_12_604,VGND,li1,288.6500,43.5200,0.000003
FILLER_12_601,VGND,li1,287.2700,43.5200,0.000003
FILLER_12_598,VGND,li1,285.8900,43.5200,0.000003
FILLER_12_595,VGND,li1,284.5100,43.5200,0.000004
FILLER_12_592,VGND,li1,283.1300,43.5200,0.000005
FILLER_12_589,VGND,li1,281.7500,43.5200,0.000005
FILLER_12_585,VGND,li1,279.9100,43.5200,0.000005
FILLER_12_582,VGND,li1,278.5300,43.5200,0.000006
FILLER_12_579,VGND,li1,277.1500,43.5200,0.000006
FILLER_12_576,VGND,li1,275.7700,43.5200,0.000007
FILLER_12_573,VGND,li1,274.3900,43.5200,0.000007
FILLER_12_570,VGND,li1,273.0100,43.5200,0.000008
FILLER_12_567,VGND,li1,271.6300,43.5200,0.000008
FILLER_12_564,VGND,li1,270.2500,43.5200,0.000009
FILLER_12_561,VGND,li1,268.8700,43.5200,0.000009
FILLER_12_558,VGND,li1,267.4900,43.5200,0.000009
FILLER_12_555,VGND,li1,266.1100,43.5200,0.000010
FILLER_12_552,VGND,li1,264.7300,43.5200,0.000010
FILLER_12_545,VGND,li1,261.0500,43.5200,0.000011
FILLER_12_542,VGND,li1,260.1300,43.5200,0.000012
FILLER_12_539,VGND,li1,258.7500,43.5200,0.000012
FILLER_12_536,VGND,li1,257.3700,43.5200,0.000017
FILLER_12_531,VGND,li1,254.6100,43.5200,0.000021
FILLER_12_528,VGND,li1,253.6900,43.5200,0.000021
FILLER_12_505,VGND,li1,243.1100,43.5200,0.000024
FILLER_12_502,VGND,li1,241.7300,43.5200,0.000022
FILLER_12_484,VGND,li1,232.9900,43.5200,0.000013
FILLER_12_480,VGND,li1,231.1500,43.5200,0.000011
FILLER_12_477,VGND,li1,230.2300,43.5200,0.000008
FILLER_12_456,VGND,li1,220.5700,43.5200,0.000006
FILLER_12_453,VGND,li1,219.1900,43.5200,0.000006
FILLER_12_450,VGND,li1,217.8100,43.5200,0.000006
FILLER_12_447,VGND,li1,216.4300,43.5200,0.000005
FILLER_12_444,VGND,li1,215.0500,43.5200,0.000005
FILLER_12_441,VGND,li1,213.6700,43.5200,0.000005
FILLER_12_438,VGND,li1,212.2900,43.5200,0.000004
FILLER_12_435,VGND,li1,210.9100,43.5200,0.000004
FILLER_12_432,VGND,li1,209.5300,43.5200,0.000004
FILLER_12_429,VGND,li1,208.1500,43.5200,0.000003
FILLER_12_426,VGND,li1,206.7700,43.5200,0.000003
FILLER_12_417,VGND,li1,202.6300,43.5200,0.000002
FILLER_12_408,VGND,li1,198.0300,43.5200,0.000001
FILLER_12_405,VGND,li1,197.1100,43.5200,0.000001
FILLER_12_402,VGND,li1,195.7300,43.5200,0.000001
FILLER_12_399,VGND,li1,194.3500,43.5200,0.000001
FILLER_12_396,VGND,li1,192.9700,43.5200,0.000001
FILLER_12_393,VGND,li1,191.5900,43.5200,0.000001
FILLER_12_390,VGND,li1,190.2100,43.5200,0.000001
FILLER_12_387,VGND,li1,188.8300,43.5200,0.000001
FILLER_12_384,VGND,li1,187.4500,43.5200,0.000001
FILLER_12_381,VGND,li1,186.0700,43.5200,0.000001
FILLER_12_378,VGND,li1,184.6900,43.5200,0.000001
FILLER_12_373,VGND,li1,181.9300,43.5200,0.000001
FILLER_12_361,VGND,li1,176.8700,43.5200,0.000001
FILLER_12_354,VGND,li1,173.1900,43.5200,0.000000
FILLER_12_351,VGND,li1,172.2700,43.5200,0.000000
FILLER_12_348,VGND,li1,170.8900,43.5200,0.000000
FILLER_12_345,VGND,li1,169.5100,43.5200,0.000000
FILLER_12_337,VGND,li1,165.8300,43.5200,0.000000
FILLER_12_328,VGND,li1,161.4600,43.5200,0.000000
FILLER_12_325,VGND,li1,160.3100,43.5200,0.000000
FILLER_12_309,VGND,li1,152.9500,43.5200,0.000000
FILLER_12_306,VGND,li1,151.3400,43.5200,0.000000
FILLER_12_303,VGND,li1,150.1900,43.5200,0.000000
FILLER_12_300,VGND,li1,148.8100,43.5200,0.000000
FILLER_12_297,VGND,li1,147.4300,43.5200,0.000000
FILLER_12_290,VGND,li1,143.9800,43.5200,0.000000
FILLER_12_287,VGND,li1,142.8300,43.5200,0.000000
FILLER_12_284,VGND,li1,141.4500,43.5200,0.000000
FILLER_12_281,VGND,li1,140.0700,43.5200,0.000000
FILLER_12_278,VGND,li1,138.6900,43.5200,0.000000
FILLER_12_275,VGND,li1,137.3100,43.5200,0.000000
FILLER_12_272,VGND,li1,135.9300,43.5200,0.000000
FILLER_12_269,VGND,li1,134.5500,43.5200,0.000000
FILLER_12_265,VGND,li1,132.2500,43.5200,0.000000
FILLER_12_262,VGND,li1,131.3300,43.5200,0.000000
FILLER_12_259,VGND,li1,129.9500,43.5200,0.000000
FILLER_12_256,VGND,li1,128.5700,43.5200,0.000000
FILLER_12_253,VGND,li1,127.1900,43.5200,0.000000
FILLER_12_251,VGND,li1,125.8100,43.5200,0.000000
FILLER_12_248,VGND,li1,124.8900,43.5200,0.000000
FILLER_12_245,VGND,li1,123.5100,43.5200,0.000000
FILLER_12_242,VGND,li1,122.1300,43.5200,0.000000
FILLER_12_236,VGND,li1,118.9100,43.5200,0.000000
FILLER_12_233,VGND,li1,117.9900,43.5200,0.000000
FILLER_12_230,VGND,li1,116.6100,43.5200,0.000000
FILLER_12_227,VGND,li1,115.2300,43.5200,0.000000
FILLER_12_224,VGND,li1,113.8500,43.5200,0.000000
FILLER_12_221,VGND,li1,112.4700,43.5200,0.000000
FILLER_12_218,VGND,li1,111.0900,43.5200,0.000000
FILLER_12_215,VGND,li1,109.7100,43.5200,0.000000
FILLER_12_212,VGND,li1,108.3300,43.5200,0.000001
FILLER_12_209,VGND,li1,106.9500,43.5200,0.000001
FILLER_12_206,VGND,li1,105.5700,43.5200,0.000001
FILLER_12_203,VGND,li1,104.1900,43.5200,0.000001
FILLER_12_200,VGND,li1,102.8100,43.5200,0.000001
FILLER_12_197,VGND,li1,101.4300,43.5200,0.000001
FILLER_12_194,VGND,li1,99.8200,43.5200,0.000001
FILLER_12_191,VGND,li1,98.6700,43.5200,0.000001
FILLER_12_188,VGND,li1,97.2900,43.5200,0.000001
FILLER_12_185,VGND,li1,95.9100,43.5200,0.000001
FILLER_12_177,VGND,li1,92.2300,43.5200,0.000002
FILLER_12_174,VGND,li1,90.8500,43.5200,0.000002
FILLER_12_171,VGND,li1,89.4700,43.5200,0.000002
FILLER_12_168,VGND,li1,88.0900,43.5200,0.000002
FILLER_12_165,VGND,li1,86.7100,43.5200,0.000002
FILLER_12_162,VGND,li1,85.3300,43.5200,0.000002
FILLER_12_159,VGND,li1,83.9500,43.5200,0.000002
FILLER_12_156,VGND,li1,82.5700,43.5200,0.000002
FILLER_12_153,VGND,li1,81.1900,43.5200,0.000002
FILLER_12_150,VGND,li1,79.8100,43.5200,0.000003
FILLER_12_147,VGND,li1,78.4300,43.5200,0.000003
FILLER_12_144,VGND,li1,77.0500,43.5200,0.000004
FILLER_12_141,VGND,li1,75.6700,43.5200,0.000004
FILLER_12_132,VGND,li1,71.3000,43.5200,0.000005
FILLER_12_129,VGND,li1,70.1500,43.5200,0.000006
FILLER_12_109,VGND,li1,60.9500,43.5200,0.000008
FILLER_12_99,VGND,li1,56.1200,43.5200,0.000009
FILLER_12_96,VGND,li1,54.9700,43.5200,0.000009
FILLER_12_81,VGND,li1,48.0700,43.5200,0.000009
FILLER_12_61,VGND,li1,38.8700,43.5200,0.000019
FILLER_12_58,VGND,li1,37.4900,43.5200,0.000019
FILLER_12_55,VGND,li1,36.1100,43.5200,0.000020
FILLER_12_52,VGND,li1,34.7300,43.5200,0.000022
FILLER_12_49,VGND,li1,33.3500,43.5200,0.000022
FILLER_12_26,VGND,li1,22.5400,43.5200,0.000018
FILLER_12_9,VGND,li1,14.4900,43.5200,0.000014
FILLER_12_3,VGND,li1,11.9600,43.5200,0.000014
FILLER_11_647,VGND,li1,307.9700,43.5200,0.000003
FILLER_11_644,VGND,li1,307.0500,43.5200,0.000003
FILLER_11_641,VGND,li1,305.6700,43.5200,0.000003
FILLER_11_638,VGND,li1,304.2900,43.5200,0.000003
FILLER_11_635,VGND,li1,302.9100,43.5200,0.000003
FILLER_11_632,VGND,li1,301.5300,43.5200,0.000003
FILLER_11_629,VGND,li1,300.1500,43.5200,0.000003
FILLER_11_626,VGND,li1,298.7700,43.5200,0.000003
FILLER_11_623,VGND,li1,297.3900,43.5200,0.000003
FILLER_11_620,VGND,li1,296.0100,43.5200,0.000003
FILLER_11_617,VGND,li1,294.6300,43.5200,0.000003
FILLER_11_615,VGND,li1,293.2500,43.5200,0.000003
FILLER_11_612,VGND,li1,292.3300,43.5200,0.000003
FILLER_11_609,VGND,li1,290.9500,43.5200,0.000003
FILLER_11_606,VGND,li1,289.5700,43.5200,0.000003
FILLER_11_603,VGND,li1,288.1900,43.5200,0.000003
FILLER_11_600,VGND,li1,286.8100,43.5200,0.000003
FILLER_11_597,VGND,li1,285.4300,43.5200,0.000004
FILLER_11_594,VGND,li1,284.0500,43.5200,0.000004
FILLER_11_591,VGND,li1,282.6700,43.5200,0.000005
FILLER_11_588,VGND,li1,281.2900,43.5200,0.000005
FILLER_11_585,VGND,li1,279.9100,43.5200,0.000005
FILLER_11_582,VGND,li1,278.5300,43.5200,0.000006
FILLER_11_579,VGND,li1,277.1500,43.5200,0.000006
FILLER_11_576,VGND,li1,275.7700,43.5200,0.000007
FILLER_11_573,VGND,li1,274.3900,43.5200,0.000007
FILLER_11_570,VGND,li1,273.0100,43.5200,0.000008
FILLER_11_567,VGND,li1,271.6300,43.5200,0.000008
FILLER_11_564,VGND,li1,270.2500,43.5200,0.000009
FILLER_11_561,VGND,li1,268.8700,43.5200,0.000009
FILLER_11_559,VGND,li1,267.4900,43.5200,0.000009
FILLER_11_555,VGND,li1,265.6500,43.5200,0.000010
FILLER_11_546,VGND,li1,261.5100,43.5200,0.000011
FILLER_11_543,VGND,li1,260.5900,43.5200,0.000011
FILLER_11_519,VGND,li1,249.5500,43.5200,0.000029
FILLER_11_505,VGND,li1,243.1100,43.5200,0.000024
FILLER_11_493,VGND,li1,237.5900,43.5200,0.000019
FILLER_11_490,VGND,li1,236.2100,43.5200,0.000016
FILLER_11_487,VGND,li1,234.8300,43.5200,0.000016
FILLER_11_476,VGND,li1,229.7700,43.5200,0.000008
FILLER_11_473,VGND,li1,228.3900,43.5200,0.000008
FILLER_11_470,VGND,li1,227.0100,43.5200,0.000008
FILLER_11_467,VGND,li1,225.6300,43.5200,0.000007
FILLER_11_464,VGND,li1,224.2500,43.5200,0.000007
FILLER_11_461,VGND,li1,222.8700,43.5200,0.000007
FILLER_11_458,VGND,li1,221.4900,43.5200,0.000007
FILLER_11_455,VGND,li1,220.1100,43.5200,0.000006
FILLER_11_452,VGND,li1,218.7300,43.5200,0.000006
FILLER_11_449,VGND,li1,217.3500,43.5200,0.000006
FILLER_11_445,VGND,li1,215.5100,43.5200,0.000005
FILLER_11_442,VGND,li1,214.1300,43.5200,0.000005
FILLER_11_432,VGND,li1,209.0700,43.5200,0.000004
FILLER_11_429,VGND,li1,208.1500,43.5200,0.000003
FILLER_11_426,VGND,li1,206.7700,43.5200,0.000003
FILLER_11_423,VGND,li1,205.3900,43.5200,0.000003
FILLER_11_420,VGND,li1,204.0100,43.5200,0.000002
FILLER_11_417,VGND,li1,202.6300,43.5200,0.000002
FILLER_11_414,VGND,li1,201.2500,43.5200,0.000002
FILLER_11_411,VGND,li1,199.8700,43.5200,0.000002
FILLER_11_408,VGND,li1,198.4900,43.5200,0.000001
FILLER_11_399,VGND,li1,193.8900,43.5200,0.000001
FILLER_11_396,VGND,li1,192.9700,43.5200,0.000001
FILLER_11_393,VGND,li1,191.5900,43.5200,0.000001
FILLER_11_390,VGND,li1,189.9800,43.5200,0.000001
FILLER_11_378,VGND,li1,184.4600,43.5200,0.000001
FILLER_11_375,VGND,li1,183.3100,43.5200,0.000001
FILLER_11_369,VGND,li1,180.5500,43.5200,0.000001
FILLER_11_366,VGND,li1,179.1700,43.5200,0.000001
FILLER_11_363,VGND,li1,177.7900,43.5200,0.000001
FILLER_11_360,VGND,li1,176.4100,43.5200,0.000001
FILLER_11_349,VGND,li1,171.1200,43.5200,0.000000
FILLER_11_346,VGND,li1,169.9700,43.5200,0.000000
FILLER_11_343,VGND,li1,168.5900,43.5200,0.000000
FILLER_11_340,VGND,li1,167.2100,43.5200,0.000000
FILLER_11_337,VGND,li1,165.8300,43.5200,0.000000
FILLER_11_335,VGND,li1,164.4500,43.5200,0.000000
FILLER_11_332,VGND,li1,163.5300,43.5200,0.000000
FILLER_11_329,VGND,li1,162.1500,43.5200,0.000000
FILLER_11_326,VGND,li1,160.7700,43.5200,0.000000
FILLER_11_323,VGND,li1,159.3900,43.5200,0.000000
FILLER_11_320,VGND,li1,158.0100,43.5200,0.000000
FILLER_11_317,VGND,li1,156.6300,43.5200,0.000000
FILLER_11_314,VGND,li1,155.2500,43.5200,0.000000
FILLER_11_311,VGND,li1,153.8700,43.5200,0.000000
FILLER_11_308,VGND,li1,152.4900,43.5200,0.000000
FILLER_11_305,VGND,li1,151.1100,43.5200,0.000000
FILLER_11_302,VGND,li1,149.7300,43.5200,0.000000
FILLER_11_299,VGND,li1,148.3500,43.5200,0.000000
FILLER_11_296,VGND,li1,146.9700,43.5200,0.000000
FILLER_11_293,VGND,li1,145.5900,43.5200,0.000000
FILLER_11_290,VGND,li1,144.2100,43.5200,0.000000
FILLER_11_287,VGND,li1,142.8300,43.5200,0.000000
FILLER_11_284,VGND,li1,141.4500,43.5200,0.000000
FILLER_11_281,VGND,li1,140.0700,43.5200,0.000000
FILLER_11_278,VGND,li1,138.4600,43.5200,0.000000
FILLER_11_275,VGND,li1,137.3100,43.5200,0.000000
FILLER_11_272,VGND,li1,135.9300,43.5200,0.000000
FILLER_11_269,VGND,li1,134.5500,43.5200,0.000000
FILLER_11_263,VGND,li1,131.3300,43.5200,0.000000
FILLER_11_260,VGND,li1,130.4100,43.5200,0.000000
FILLER_11_257,VGND,li1,129.0300,43.5200,0.000000
FILLER_11_254,VGND,li1,127.6500,43.5200,0.000000
FILLER_11_251,VGND,li1,126.2700,43.5200,0.000000
FILLER_11_248,VGND,li1,124.8900,43.5200,0.000000
FILLER_11_245,VGND,li1,123.5100,43.5200,0.000000
FILLER_11_242,VGND,li1,122.1300,43.5200,0.000000
FILLER_11_239,VGND,li1,120.7500,43.5200,0.000000
FILLER_11_236,VGND,li1,119.3700,43.5200,0.000000
FILLER_11_233,VGND,li1,117.9900,43.5200,0.000000
FILLER_11_230,VGND,li1,116.6100,43.5200,0.000000
FILLER_11_215,VGND,li1,109.4800,43.5200,0.000000
FILLER_11_212,VGND,li1,108.3300,43.5200,0.000001
FILLER_11_209,VGND,li1,106.9500,43.5200,0.000001
FILLER_11_193,VGND,li1,99.3600,43.5200,0.000001
FILLER_11_190,VGND,li1,98.2100,43.5200,0.000001
FILLER_11_187,VGND,li1,96.8300,43.5200,0.000001
FILLER_11_184,VGND,li1,95.4500,43.5200,0.000001
FILLER_11_181,VGND,li1,94.0700,43.5200,0.000002
FILLER_11_178,VGND,li1,92.6900,43.5200,0.000002
FILLER_11_175,VGND,li1,91.3100,43.5200,0.000002
FILLER_11_172,VGND,li1,89.9300,43.5200,0.000002
FILLER_11_169,VGND,li1,88.5500,43.5200,0.000002
FILLER_11_156,VGND,li1,82.5700,43.5200,0.000002
FILLER_11_153,VGND,li1,81.1900,43.5200,0.000002
FILLER_11_150,VGND,li1,79.8100,43.5200,0.000003
FILLER_11_147,VGND,li1,78.4300,43.5200,0.000003
FILLER_11_144,VGND,li1,77.0500,43.5200,0.000004
FILLER_11_141,VGND,li1,75.6700,43.5200,0.000004
FILLER_11_138,VGND,li1,74.2900,43.5200,0.000005
FILLER_11_135,VGND,li1,72.9100,43.5200,0.000005
FILLER_11_132,VGND,li1,71.5300,43.5200,0.000005
FILLER_11_129,VGND,li1,70.1500,43.5200,0.000006
FILLER_11_126,VGND,li1,68.7700,43.5200,0.000006
FILLER_11_116,VGND,li1,63.7100,43.5200,0.000008
FILLER_11_113,VGND,li1,62.7900,43.5200,0.000008
FILLER_11_110,VGND,li1,61.1800,43.5200,0.000008
FILLER_11_107,VGND,li1,60.0300,43.5200,0.000009
FILLER_11_88,VGND,li1,51.0600,43.5200,0.000009
FILLER_11_69,VGND,li1,42.5500,43.5200,0.000015
FILLER_11_66,VGND,li1,41.1700,43.5200,0.000017
FILLER_11_63,VGND,li1,39.7900,43.5200,0.000017
FILLER_11_60,VGND,li1,38.4100,43.5200,0.000019
FILLER_11_57,VGND,li1,37.0300,43.5200,0.000020
FILLER_11_54,VGND,li1,35.4200,43.5200,0.000020
FILLER_11_27,VGND,li1,23.0000,43.5200,0.000018
FILLER_11_24,VGND,li1,21.8500,43.5200,0.000018
FILLER_11_6,VGND,li1,13.1100,43.5200,0.000014
FILLER_11_3,VGND,li1,12.1900,43.5200,0.000014
FILLER_10_645,VGND,li1,307.5100,38.0800,0.000001
FILLER_10_637,VGND,li1,303.8300,38.0800,0.000001
FILLER_10_634,VGND,li1,302.4500,38.0800,0.000001
FILLER_10_631,VGND,li1,301.0700,38.0800,0.000001
FILLER_10_628,VGND,li1,299.6900,38.0800,0.000001
FILLER_10_625,VGND,li1,298.3100,38.0800,0.000001
FILLER_10_622,VGND,li1,296.9300,38.0800,0.000001
FILLER_10_619,VGND,li1,295.5500,38.0800,0.000001
FILLER_10_616,VGND,li1,294.1700,38.0800,0.000001
FILLER_10_613,VGND,li1,292.7900,38.0800,0.000001
FILLER_10_610,VGND,li1,291.4100,38.0800,0.000001
FILLER_10_607,VGND,li1,290.0300,38.0800,0.000001
FILLER_10_604,VGND,li1,288.6500,38.0800,0.000001
FILLER_10_601,VGND,li1,287.2700,38.0800,0.000001
FILLER_10_598,VGND,li1,285.8900,38.0800,0.000001
FILLER_10_595,VGND,li1,284.5100,38.0800,0.000001
FILLER_10_592,VGND,li1,283.1300,38.0800,0.000002
FILLER_10_589,VGND,li1,281.7500,38.0800,0.000002
FILLER_10_586,VGND,li1,280.1400,38.0800,0.000002
FILLER_10_583,VGND,li1,278.9900,38.0800,0.000002
FILLER_10_580,VGND,li1,277.6100,38.0800,0.000002
FILLER_10_577,VGND,li1,276.2300,38.0800,0.000002
FILLER_10_574,VGND,li1,274.8500,38.0800,0.000002
FILLER_10_571,VGND,li1,273.4700,38.0800,0.000003
FILLER_10_543,VGND,li1,260.5900,38.0800,0.000003
FILLER_10_540,VGND,li1,259.2100,38.0800,0.000002
FILLER_10_537,VGND,li1,257.8300,38.0800,0.000002
FILLER_10_533,VGND,li1,255.5300,38.0800,0.000003
FILLER_10_521,VGND,li1,250.2400,38.0800,0.000002
FILLER_10_503,VGND,li1,241.9600,38.0800,0.000002
FILLER_10_500,VGND,li1,240.8100,38.0800,0.000002
FILLER_10_489,VGND,li1,235.7500,38.0800,0.000001
FILLER_10_486,VGND,li1,234.3700,38.0800,0.000001
FILLER_10_483,VGND,li1,232.9900,38.0800,0.000001
FILLER_10_480,VGND,li1,231.6100,38.0800,0.000001
FILLER_10_477,VGND,li1,230.2300,38.0800,0.000001
FILLER_10_474,VGND,li1,228.6200,38.0800,0.000001
FILLER_10_454,VGND,li1,219.4200,38.0800,0.000000
FILLER_10_451,VGND,li1,218.2700,38.0800,0.000000
FILLER_10_448,VGND,li1,216.8900,38.0800,0.000000
FILLER_10_445,VGND,li1,215.5100,38.0800,0.000000
FILLER_10_433,VGND,li1,209.9900,38.0800,0.000000
FILLER_10_430,VGND,li1,208.6100,38.0800,0.000000
FILLER_10_427,VGND,li1,207.2300,38.0800,0.000000
FILLER_10_419,VGND,li1,203.0900,38.0800,0.000000
FILLER_10_416,VGND,li1,202.1700,38.0800,0.000000
FILLER_10_413,VGND,li1,200.7900,38.0800,0.000000
FILLER_10_410,VGND,li1,199.4100,38.0800,0.000000
FILLER_10_407,VGND,li1,198.0300,38.0800,0.000000
FILLER_10_404,VGND,li1,196.6500,38.0800,0.000000
FILLER_10_401,VGND,li1,195.2700,38.0800,0.000000
FILLER_10_398,VGND,li1,193.8900,38.0800,0.000000
FILLER_10_395,VGND,li1,192.5100,38.0800,0.000000
FILLER_10_383,VGND,li1,186.7600,38.0800,0.000000
FILLER_10_380,VGND,li1,185.6100,38.0800,0.000000
FILLER_10_377,VGND,li1,184.2300,38.0800,0.000000
FILLER_10_374,VGND,li1,182.8500,38.0800,0.000000
FILLER_10_371,VGND,li1,181.4700,38.0800,0.000000
FILLER_10_368,VGND,li1,180.0900,38.0800,0.000000
FILLER_10_365,VGND,li1,178.7100,38.0800,0.000000
FILLER_10_361,VGND,li1,176.8700,38.0800,0.000000
FILLER_10_358,VGND,li1,175.4900,38.0800,0.000000
FILLER_10_346,VGND,li1,169.9700,38.0800,0.000000
FILLER_10_343,VGND,li1,168.5900,38.0800,0.000000
FILLER_10_340,VGND,li1,167.2100,38.0800,0.000000
FILLER_10_337,VGND,li1,165.8300,38.0800,0.000000
FILLER_10_334,VGND,li1,164.4500,38.0800,0.000000
FILLER_10_331,VGND,li1,163.0700,38.0800,0.000000
FILLER_10_321,VGND,li1,158.0100,38.0800,0.000000
FILLER_10_318,VGND,li1,157.0900,38.0800,0.000000
FILLER_10_315,VGND,li1,155.7100,38.0800,0.000000
FILLER_10_312,VGND,li1,154.3300,38.0800,0.000000
FILLER_10_309,VGND,li1,152.9500,38.0800,0.000000
FILLER_10_305,VGND,li1,151.1100,38.0800,0.000000
FILLER_10_302,VGND,li1,149.7300,38.0800,0.000000
FILLER_10_299,VGND,li1,148.3500,38.0800,0.000000
FILLER_10_296,VGND,li1,146.9700,38.0800,0.000000
FILLER_10_283,VGND,li1,140.7600,38.0800,0.000000
FILLER_10_280,VGND,li1,139.6100,38.0800,0.000000
FILLER_10_277,VGND,li1,138.2300,38.0800,0.000000
FILLER_10_274,VGND,li1,136.8500,38.0800,0.000000
FILLER_10_271,VGND,li1,135.4700,38.0800,0.000000
FILLER_10_268,VGND,li1,134.0900,38.0800,0.000000
FILLER_10_265,VGND,li1,132.7100,38.0800,0.000000
FILLER_10_262,VGND,li1,131.3300,38.0800,0.000000
FILLER_10_259,VGND,li1,129.9500,38.0800,0.000000
FILLER_10_256,VGND,li1,128.5700,38.0800,0.000000
FILLER_10_253,VGND,li1,127.1900,38.0800,0.000000
FILLER_10_250,VGND,li1,125.5800,38.0800,0.000000
FILLER_10_247,VGND,li1,124.4300,38.0800,0.000000
FILLER_10_244,VGND,li1,123.0500,38.0800,0.000000
FILLER_10_241,VGND,li1,121.6700,38.0800,0.000000
FILLER_10_236,VGND,li1,119.1400,38.0800,0.000000
FILLER_10_233,VGND,li1,117.9900,38.0800,0.000000
FILLER_10_230,VGND,li1,116.6100,38.0800,0.000000
FILLER_10_227,VGND,li1,115.2300,38.0800,0.000000
FILLER_10_224,VGND,li1,113.8500,38.0800,0.000000
FILLER_10_221,VGND,li1,112.4700,38.0800,0.000000
FILLER_10_218,VGND,li1,111.0900,38.0800,0.000000
FILLER_10_215,VGND,li1,109.7100,38.0800,0.000000
FILLER_10_212,VGND,li1,108.3300,38.0800,0.000000
FILLER_10_209,VGND,li1,106.9500,38.0800,0.000000
FILLER_10_206,VGND,li1,105.5700,38.0800,0.000000
FILLER_10_203,VGND,li1,104.1900,38.0800,0.000000
FILLER_10_200,VGND,li1,102.8100,38.0800,0.000001
FILLER_10_197,VGND,li1,101.4300,38.0800,0.000001
FILLER_10_193,VGND,li1,99.5900,38.0800,0.000001
FILLER_10_190,VGND,li1,98.2100,38.0800,0.000001
FILLER_10_187,VGND,li1,96.8300,38.0800,0.000001
FILLER_10_177,VGND,li1,92.2300,38.0800,0.000001
FILLER_10_174,VGND,li1,90.8500,38.0800,0.000001
FILLER_10_171,VGND,li1,89.4700,38.0800,0.000001
FILLER_10_163,VGND,li1,85.7900,38.0800,0.000001
FILLER_10_160,VGND,li1,84.4100,38.0800,0.000001
FILLER_10_157,VGND,li1,83.0300,38.0800,0.000001
FILLER_10_148,VGND,li1,78.4300,38.0800,0.000002
FILLER_10_131,VGND,li1,70.8400,38.0800,0.000004
FILLER_10_128,VGND,li1,69.6900,38.0800,0.000004
FILLER_10_125,VGND,li1,68.3100,38.0800,0.000004
FILLER_10_106,VGND,li1,59.3400,38.0800,0.000005
FILLER_10_96,VGND,li1,54.7400,38.0800,0.000005
FILLER_10_93,VGND,li1,53.5900,38.0800,0.000005
FILLER_10_49,VGND,li1,33.1200,38.0800,0.000007
FILLER_10_29,VGND,li1,24.1500,38.0800,0.000006
FILLER_9_647,VGND,li1,307.9700,38.0800,0.000001
FILLER_9_644,VGND,li1,307.0500,38.0800,0.000001
FILLER_9_641,VGND,li1,305.6700,38.0800,0.000001
FILLER_9_638,VGND,li1,304.2900,38.0800,0.000001
FILLER_9_635,VGND,li1,302.9100,38.0800,0.000001
FILLER_9_632,VGND,li1,301.5300,38.0800,0.000001
FILLER_9_629,VGND,li1,300.1500,38.0800,0.000001
FILLER_9_626,VGND,li1,298.7700,38.0800,0.000001
FILLER_9_623,VGND,li1,297.3900,38.0800,0.000001
FILLER_9_620,VGND,li1,296.0100,38.0800,0.000001
FILLER_9_617,VGND,li1,294.6300,38.0800,0.000001
FILLER_9_615,VGND,li1,293.2500,38.0800,0.000001
FILLER_9_612,VGND,li1,292.3300,38.0800,0.000001
FILLER_9_609,VGND,li1,290.9500,38.0800,0.000001
FILLER_9_606,VGND,li1,289.5700,38.0800,0.000001
FILLER_9_603,VGND,li1,288.1900,38.0800,0.000001
FILLER_9_600,VGND,li1,286.8100,38.0800,0.000001
FILLER_9_597,VGND,li1,285.4300,38.0800,0.000001
FILLER_9_594,VGND,li1,284.0500,38.0800,0.000002
FILLER_9_591,VGND,li1,282.6700,38.0800,0.000002
FILLER_9_588,VGND,li1,281.2900,38.0800,0.000002
FILLER_9_585,VGND,li1,279.9100,38.0800,0.000002
FILLER_9_582,VGND,li1,278.5300,38.0800,0.000002
FILLER_9_579,VGND,li1,277.1500,38.0800,0.000002
FILLER_9_576,VGND,li1,275.7700,38.0800,0.000002
FILLER_9_573,VGND,li1,274.3900,38.0800,0.000003
FILLER_9_570,VGND,li1,273.0100,38.0800,0.000003
FILLER_9_567,VGND,li1,271.6300,38.0800,0.000003
FILLER_9_564,VGND,li1,270.2500,38.0800,0.000003
FILLER_9_561,VGND,li1,268.8700,38.0800,0.000003
FILLER_9_559,VGND,li1,267.4900,38.0800,0.000003
FILLER_9_556,VGND,li1,266.5700,38.0800,0.000003
FILLER_9_552,VGND,li1,264.2700,38.0800,0.000003
FILLER_9_549,VGND,li1,263.3500,38.0800,0.000003
FILLER_9_546,VGND,li1,261.9700,38.0800,0.000003
FILLER_9_508,VGND,li1,244.2600,38.0800,0.000002
FILLER_9_505,VGND,li1,243.1100,38.0800,0.000002
FILLER_9_503,VGND,li1,241.7300,38.0800,0.000002
FILLER_9_500,VGND,li1,240.8100,38.0800,0.000002
FILLER_9_497,VGND,li1,239.4300,38.0800,0.000001
FILLER_9_494,VGND,li1,238.0500,38.0800,0.000001
FILLER_9_477,VGND,li1,229.7700,38.0800,0.000001
FILLER_9_474,VGND,li1,228.8500,38.0800,0.000001
FILLER_9_471,VGND,li1,227.4700,38.0800,0.000001
FILLER_9_468,VGND,li1,226.0900,38.0800,0.000001
FILLER_9_465,VGND,li1,224.7100,38.0800,0.000001
FILLER_9_446,VGND,li1,215.7400,38.0800,0.000000
FILLER_9_443,VGND,li1,214.5900,38.0800,0.000000
FILLER_9_430,VGND,li1,208.1500,38.0800,0.000000
FILLER_9_427,VGND,li1,207.2300,38.0800,0.000000
FILLER_9_420,VGND,li1,203.5500,38.0800,0.000000
FILLER_9_417,VGND,li1,202.6300,38.0800,0.000000
FILLER_9_414,VGND,li1,201.2500,38.0800,0.000000
FILLER_9_402,VGND,li1,195.7300,38.0800,0.000000
FILLER_9_399,VGND,li1,194.3500,38.0800,0.000000
FILLER_9_396,VGND,li1,192.9700,38.0800,0.000000
FILLER_9_393,VGND,li1,191.5900,38.0800,0.000000
FILLER_9_389,VGND,li1,189.7500,38.0800,0.000000
FILLER_9_386,VGND,li1,188.3700,38.0800,0.000000
FILLER_9_383,VGND,li1,186.9900,38.0800,0.000000
FILLER_9_380,VGND,li1,185.6100,38.0800,0.000000
FILLER_9_377,VGND,li1,184.2300,38.0800,0.000000
FILLER_9_367,VGND,li1,179.1700,38.0800,0.000000
FILLER_9_364,VGND,li1,178.2500,38.0800,0.000000
FILLER_9_361,VGND,li1,176.8700,38.0800,0.000000
FILLER_9_358,VGND,li1,175.4900,38.0800,0.000000
FILLER_9_355,VGND,li1,174.1100,38.0800,0.000000
FILLER_9_340,VGND,li1,166.9800,38.0800,0.000000
FILLER_9_337,VGND,li1,165.8300,38.0800,0.000000
FILLER_9_334,VGND,li1,164.2200,38.0800,0.000000
FILLER_9_331,VGND,li1,163.0700,38.0800,0.000000
FILLER_9_323,VGND,li1,159.3900,38.0800,0.000000
FILLER_9_298,VGND,li1,147.4300,38.0800,0.000000
FILLER_9_295,VGND,li1,146.5100,38.0800,0.000000
FILLER_9_292,VGND,li1,145.1300,38.0800,0.000000
FILLER_9_284,VGND,li1,140.9900,38.0800,0.000000
FILLER_9_281,VGND,li1,140.0700,38.0800,0.000000
FILLER_9_277,VGND,li1,138.2300,38.0800,0.000000
FILLER_9_274,VGND,li1,136.8500,38.0800,0.000000
FILLER_9_271,VGND,li1,135.4700,38.0800,0.000000
FILLER_9_262,VGND,li1,131.1000,38.0800,0.000000
FILLER_9_259,VGND,li1,129.9500,38.0800,0.000000
FILLER_9_256,VGND,li1,128.5700,38.0800,0.000000
FILLER_9_246,VGND,li1,123.5100,38.0800,0.000000
FILLER_9_243,VGND,li1,122.5900,38.0800,0.000000
FILLER_9_234,VGND,li1,117.9900,38.0800,0.000000
FILLER_9_231,VGND,li1,117.0700,38.0800,0.000000
FILLER_9_228,VGND,li1,115.6900,38.0800,0.000000
FILLER_9_225,VGND,li1,114.3100,38.0800,0.000000
FILLER_9_223,VGND,li1,112.9300,38.0800,0.000000
FILLER_9_220,VGND,li1,112.0100,38.0800,0.000000
FILLER_9_211,VGND,li1,107.8700,38.0800,0.000000
FILLER_9_208,VGND,li1,106.4900,38.0800,0.000000
FILLER_9_205,VGND,li1,105.1100,38.0800,0.000000
FILLER_9_202,VGND,li1,103.7300,38.0800,0.000000
FILLER_9_199,VGND,li1,102.3500,38.0800,0.000001
FILLER_9_196,VGND,li1,100.9700,38.0800,0.000001
FILLER_9_193,VGND,li1,99.5900,38.0800,0.000001
FILLER_9_190,VGND,li1,98.2100,38.0800,0.000001
FILLER_9_187,VGND,li1,96.8300,38.0800,0.000001
FILLER_9_184,VGND,li1,95.4500,38.0800,0.000001
FILLER_9_181,VGND,li1,94.0700,38.0800,0.000001
FILLER_9_178,VGND,li1,92.6900,38.0800,0.000001
FILLER_9_175,VGND,li1,91.3100,38.0800,0.000001
FILLER_9_172,VGND,li1,89.9300,38.0800,0.000001
FILLER_9_169,VGND,li1,88.5500,38.0800,0.000001
FILLER_9_167,VGND,li1,87.1700,38.0800,0.000001
FILLER_9_164,VGND,li1,86.2500,38.0800,0.000001
FILLER_9_161,VGND,li1,84.8700,38.0800,0.000001
FILLER_9_158,VGND,li1,83.4900,38.0800,0.000001
FILLER_9_155,VGND,li1,82.1100,38.0800,0.000001
FILLER_9_152,VGND,li1,80.7300,38.0800,0.000001
FILLER_9_149,VGND,li1,79.3500,38.0800,0.000002
FILLER_9_146,VGND,li1,77.9700,38.0800,0.000002
FILLER_9_143,VGND,li1,76.5900,38.0800,0.000002
FILLER_9_136,VGND,li1,73.1400,38.0800,0.000003
FILLER_9_133,VGND,li1,71.9900,38.0800,0.000003
FILLER_9_130,VGND,li1,70.6100,38.0800,0.000004
FILLER_9_127,VGND,li1,69.2300,38.0800,0.000004
FILLER_9_124,VGND,li1,67.8500,38.0800,0.000004
FILLER_9_113,VGND,li1,62.7900,38.0800,0.000005
FILLER_9_95,VGND,li1,54.0500,38.0800,0.000005
FILLER_9_92,VGND,li1,53.1300,38.0800,0.000005
FILLER_9_74,VGND,li1,44.3900,38.0800,0.000007
FILLER_9_53,VGND,li1,35.1900,38.0800,0.000008
FILLER_9_50,VGND,li1,33.8100,38.0800,0.000007
FILLER_9_47,VGND,li1,32.4300,38.0800,0.000007
FILLER_9_28,VGND,li1,23.2300,38.0800,0.000006
FILLER_9_11,VGND,li1,15.4100,38.0800,0.000005
FILLER_8_645,VGND,li1,307.5100,32.6400,0.000001
FILLER_8_643,VGND,li1,306.1300,32.6400,0.000001
FILLER_8_640,VGND,li1,305.2100,32.6400,0.000001
FILLER_8_637,VGND,li1,303.8300,32.6400,0.000001
FILLER_8_634,VGND,li1,302.4500,32.6400,0.000001
FILLER_8_631,VGND,li1,301.0700,32.6400,0.000001
FILLER_8_628,VGND,li1,299.6900,32.6400,0.000001
FILLER_8_625,VGND,li1,298.3100,32.6400,0.000001
FILLER_8_622,VGND,li1,296.9300,32.6400,0.000001
FILLER_8_619,VGND,li1,295.5500,32.6400,0.000001
FILLER_8_616,VGND,li1,294.1700,32.6400,0.000001
FILLER_8_613,VGND,li1,292.7900,32.6400,0.000001
FILLER_8_610,VGND,li1,291.4100,32.6400,0.000001
FILLER_8_607,VGND,li1,290.0300,32.6400,0.000001
FILLER_8_604,VGND,li1,288.6500,32.6400,0.000001
FILLER_8_601,VGND,li1,287.2700,32.6400,0.000001
FILLER_8_598,VGND,li1,285.8900,32.6400,0.000002
FILLER_8_595,VGND,li1,284.5100,32.6400,0.000002
FILLER_8_592,VGND,li1,283.1300,32.6400,0.000002
FILLER_8_589,VGND,li1,281.7500,32.6400,0.000002
FILLER_8_587,VGND,li1,280.3700,32.6400,0.000002
FILLER_8_584,VGND,li1,279.4500,32.6400,0.000002
FILLER_8_581,VGND,li1,278.0700,32.6400,0.000003
FILLER_8_578,VGND,li1,276.6900,32.6400,0.000003
FILLER_8_575,VGND,li1,275.3100,32.6400,0.000003
FILLER_8_572,VGND,li1,273.9300,32.6400,0.000003
FILLER_8_542,VGND,li1,259.6700,32.6400,0.000005
FILLER_8_539,VGND,li1,258.7500,32.6400,0.000004
FILLER_8_536,VGND,li1,257.3700,32.6400,0.000005
FILLER_8_533,VGND,li1,255.9900,32.6400,0.000005
FILLER_8_531,VGND,li1,254.6100,32.6400,0.000006
FILLER_8_528,VGND,li1,253.6900,32.6400,0.000006
FILLER_8_525,VGND,li1,252.3100,32.6400,0.000008
FILLER_8_503,VGND,li1,241.7300,32.6400,0.000011
FILLER_8_500,VGND,li1,240.8100,32.6400,0.000011
FILLER_8_489,VGND,li1,235.7500,32.6400,0.000013
FILLER_8_486,VGND,li1,234.3700,32.6400,0.000013
FILLER_8_483,VGND,li1,232.9900,32.6400,0.000013
FILLER_8_480,VGND,li1,231.6100,32.6400,0.000014
FILLER_8_477,VGND,li1,230.2300,32.6400,0.000014
FILLER_8_473,VGND,li1,228.3900,32.6400,0.000014
FILLER_8_470,VGND,li1,227.0100,32.6400,0.000019
FILLER_8_467,VGND,li1,225.6300,32.6400,0.000019
FILLER_8_464,VGND,li1,224.2500,32.6400,0.000024
FILLER_8_451,VGND,li1,218.0400,32.6400,0.000022
FILLER_8_441,VGND,li1,213.4400,32.6400,0.000019
FILLER_8_424,VGND,li1,205.3900,32.6400,0.000013
FILLER_8_421,VGND,li1,204.4700,32.6400,0.000012
FILLER_8_418,VGND,li1,202.8600,32.6400,0.000010
FILLER_8_415,VGND,li1,201.7100,32.6400,0.000010
FILLER_8_412,VGND,li1,200.3300,32.6400,0.000008
FILLER_8_409,VGND,li1,198.9500,32.6400,0.000007
FILLER_8_385,VGND,li1,187.9100,32.6400,0.000006
FILLER_8_382,VGND,li1,186.5300,32.6400,0.000005
FILLER_8_379,VGND,li1,185.1500,32.6400,0.000005
FILLER_8_376,VGND,li1,183.7700,32.6400,0.000005
FILLER_8_368,VGND,li1,179.6300,32.6400,0.000004
FILLER_8_365,VGND,li1,178.7100,32.6400,0.000004
FILLER_8_363,VGND,li1,177.3300,32.6400,0.000003
FILLER_8_355,VGND,li1,173.8800,32.6400,0.000003
FILLER_8_352,VGND,li1,172.7300,32.6400,0.000002
FILLER_8_339,VGND,li1,166.2900,32.6400,0.000001
FILLER_8_336,VGND,li1,165.3700,32.6400,0.000001
FILLER_8_333,VGND,li1,163.9900,32.6400,0.000001
FILLER_8_330,VGND,li1,162.6100,32.6400,0.000001
FILLER_8_327,VGND,li1,161.2300,32.6400,0.000001
FILLER_8_324,VGND,li1,159.8500,32.6400,0.000001
FILLER_8_321,VGND,li1,158.4700,32.6400,0.000001
FILLER_8_318,VGND,li1,157.0900,32.6400,0.000001
FILLER_8_315,VGND,li1,155.7100,32.6400,0.000001
FILLER_8_312,VGND,li1,154.3300,32.6400,0.000001
FILLER_8_309,VGND,li1,152.9500,32.6400,0.000001
FILLER_8_302,VGND,li1,149.2700,32.6400,0.000001
FILLER_8_299,VGND,li1,148.3500,32.6400,0.000001
FILLER_8_296,VGND,li1,146.9700,32.6400,0.000001
FILLER_8_293,VGND,li1,145.5900,32.6400,0.000001
FILLER_8_290,VGND,li1,144.2100,32.6400,0.000001
FILLER_8_287,VGND,li1,142.8300,32.6400,0.000000
FILLER_8_284,VGND,li1,141.4500,32.6400,0.000000
FILLER_8_281,VGND,li1,140.0700,32.6400,0.000000
FILLER_8_278,VGND,li1,138.6900,32.6400,0.000000
FILLER_8_271,VGND,li1,135.4700,32.6400,0.000000
FILLER_8_268,VGND,li1,134.0900,32.6400,0.000000
FILLER_8_265,VGND,li1,132.7100,32.6400,0.000000
FILLER_8_262,VGND,li1,131.3300,32.6400,0.000000
FILLER_8_259,VGND,li1,129.9500,32.6400,0.000000
FILLER_8_256,VGND,li1,128.5700,32.6400,0.000000
FILLER_8_253,VGND,li1,127.1900,32.6400,0.000000
FILLER_8_251,VGND,li1,125.8100,32.6400,0.000000
FILLER_8_248,VGND,li1,124.8900,32.6400,0.000000
FILLER_8_245,VGND,li1,123.5100,32.6400,0.000000
FILLER_8_242,VGND,li1,122.1300,32.6400,0.000000
FILLER_8_239,VGND,li1,120.7500,32.6400,0.000000
FILLER_8_236,VGND,li1,119.3700,32.6400,0.000000
FILLER_8_233,VGND,li1,117.9900,32.6400,0.000001
FILLER_8_230,VGND,li1,116.6100,32.6400,0.000001
FILLER_8_227,VGND,li1,115.2300,32.6400,0.000001
FILLER_8_224,VGND,li1,113.8500,32.6400,0.000001
FILLER_8_221,VGND,li1,112.4700,32.6400,0.000001
FILLER_8_206,VGND,li1,105.1100,32.6400,0.000001
FILLER_8_203,VGND,li1,104.1900,32.6400,0.000001
FILLER_8_200,VGND,li1,102.8100,32.6400,0.000001
FILLER_8_178,VGND,li1,92.4600,32.6400,0.000002
FILLER_8_175,VGND,li1,91.3100,32.6400,0.000002
FILLER_8_172,VGND,li1,89.9300,32.6400,0.000002
FILLER_8_169,VGND,li1,88.5500,32.6400,0.000002
FILLER_8_156,VGND,li1,82.3400,32.6400,0.000003
FILLER_8_153,VGND,li1,81.1900,32.6400,0.000003
FILLER_8_150,VGND,li1,79.8100,32.6400,0.000003
FILLER_8_147,VGND,li1,78.4300,32.6400,0.000003
FILLER_8_144,VGND,li1,77.0500,32.6400,0.000004
FILLER_8_141,VGND,li1,75.6700,32.6400,0.000004
FILLER_8_137,VGND,li1,73.8300,32.6400,0.000005
FILLER_8_134,VGND,li1,72.4500,32.6400,0.000006
FILLER_8_99,VGND,li1,55.8900,32.6400,0.000008
FILLER_8_88,VGND,li1,51.0600,32.6400,0.000007
FILLER_8_85,VGND,li1,49.9100,32.6400,0.000006
FILLER_8_73,VGND,li1,44.3900,32.6400,0.000007
FILLER_8_70,VGND,li1,43.0100,32.6400,0.000008
FILLER_8_67,VGND,li1,41.6300,32.6400,0.000009
FILLER_8_64,VGND,li1,40.2500,32.6400,0.000009
FILLER_8_29,VGND,li1,23.6900,32.6400,0.000010
FILLER_8_27,VGND,li1,22.7700,32.6400,0.000009
FILLER_8_24,VGND,li1,21.8500,32.6400,0.000009
FILLER_8_6,VGND,li1,13.1100,32.6400,0.000008
FILLER_8_3,VGND,li1,12.1900,32.6400,0.000008
FILLER_7_647,VGND,li1,307.9700,32.6400,0.000001
FILLER_7_644,VGND,li1,307.0500,32.6400,0.000001
FILLER_7_641,VGND,li1,305.6700,32.6400,0.000001
FILLER_7_638,VGND,li1,304.2900,32.6400,0.000001
FILLER_7_635,VGND,li1,302.9100,32.6400,0.000001
FILLER_7_632,VGND,li1,301.5300,32.6400,0.000001
FILLER_7_629,VGND,li1,300.1500,32.6400,0.000001
FILLER_7_626,VGND,li1,298.7700,32.6400,0.000001
FILLER_7_623,VGND,li1,297.3900,32.6400,0.000001
FILLER_7_620,VGND,li1,296.0100,32.6400,0.000001
FILLER_7_617,VGND,li1,294.6300,32.6400,0.000001
FILLER_7_615,VGND,li1,293.2500,32.6400,0.000001
FILLER_7_612,VGND,li1,292.3300,32.6400,0.000001
FILLER_7_609,VGND,li1,290.9500,32.6400,0.000001
FILLER_7_606,VGND,li1,289.5700,32.6400,0.000001
FILLER_7_603,VGND,li1,288.1900,32.6400,0.000001
FILLER_7_600,VGND,li1,286.8100,32.6400,0.000002
FILLER_7_597,VGND,li1,285.4300,32.6400,0.000002
FILLER_7_594,VGND,li1,284.0500,32.6400,0.000002
FILLER_7_591,VGND,li1,282.6700,32.6400,0.000002
FILLER_7_588,VGND,li1,281.2900,32.6400,0.000002
FILLER_7_585,VGND,li1,279.9100,32.6400,0.000002
FILLER_7_582,VGND,li1,278.5300,32.6400,0.000003
FILLER_7_579,VGND,li1,277.1500,32.6400,0.000003
FILLER_7_576,VGND,li1,275.7700,32.6400,0.000003
FILLER_7_573,VGND,li1,274.3900,32.6400,0.000003
FILLER_7_570,VGND,li1,273.0100,32.6400,0.000003
FILLER_7_567,VGND,li1,271.6300,32.6400,0.000004
FILLER_7_564,VGND,li1,270.2500,32.6400,0.000004
FILLER_7_561,VGND,li1,268.8700,32.6400,0.000004
FILLER_7_558,VGND,li1,267.2600,32.6400,0.000004
FILLER_7_555,VGND,li1,266.1100,32.6400,0.000004
FILLER_7_543,VGND,li1,260.5900,32.6400,0.000005
FILLER_7_540,VGND,li1,259.2100,32.6400,0.000004
FILLER_7_537,VGND,li1,257.8300,32.6400,0.000004
FILLER_7_534,VGND,li1,256.4500,32.6400,0.000005
FILLER_7_531,VGND,li1,255.0700,32.6400,0.000006
FILLER_7_528,VGND,li1,253.6900,32.6400,0.000006
FILLER_7_525,VGND,li1,252.3100,32.6400,0.000008
FILLER_7_522,VGND,li1,250.9300,32.6400,0.000008
FILLER_7_519,VGND,li1,249.5500,32.6400,0.000009
FILLER_7_516,VGND,li1,248.1700,32.6400,0.000009
FILLER_7_505,VGND,li1,242.8800,32.6400,0.000011
FILLER_7_495,VGND,li1,238.5100,32.6400,0.000012
FILLER_7_492,VGND,li1,237.1300,32.6400,0.000012
FILLER_7_482,VGND,li1,232.0700,32.6400,0.000013
FILLER_7_473,VGND,li1,227.9300,32.6400,0.000014
FILLER_7_452,VGND,li1,218.2700,32.6400,0.000022
FILLER_7_449,VGND,li1,217.3500,32.6400,0.000021
FILLER_7_447,VGND,li1,215.9700,32.6400,0.000021
FILLER_7_424,VGND,li1,205.6200,32.6400,0.000013
FILLER_7_421,VGND,li1,204.4700,32.6400,0.000012
FILLER_7_411,VGND,li1,199.4100,32.6400,0.000008
FILLER_7_402,VGND,li1,195.2700,32.6400,0.000007
FILLER_7_389,VGND,li1,189.7500,32.6400,0.000006
FILLER_7_386,VGND,li1,188.3700,32.6400,0.000006
FILLER_7_383,VGND,li1,186.9900,32.6400,0.000005
FILLER_7_380,VGND,li1,185.6100,32.6400,0.000005
FILLER_7_371,VGND,li1,181.0100,32.6400,0.000004
FILLER_7_368,VGND,li1,180.0900,32.6400,0.000004
FILLER_7_365,VGND,li1,178.7100,32.6400,0.000004
FILLER_7_362,VGND,li1,177.3300,32.6400,0.000003
FILLER_7_353,VGND,li1,172.9600,32.6400,0.000002
FILLER_7_350,VGND,li1,171.8100,32.6400,0.000002
FILLER_7_334,VGND,li1,164.2200,32.6400,0.000001
FILLER_7_331,VGND,li1,163.0700,32.6400,0.000001
FILLER_7_328,VGND,li1,161.6900,32.6400,0.000001
FILLER_7_325,VGND,li1,160.3100,32.6400,0.000001
FILLER_7_322,VGND,li1,158.9300,32.6400,0.000001
FILLER_7_319,VGND,li1,157.5500,32.6400,0.000001
FILLER_7_300,VGND,li1,148.8100,32.6400,0.000001
FILLER_7_297,VGND,li1,147.4300,32.6400,0.000001
FILLER_7_294,VGND,li1,146.0500,32.6400,0.000001
FILLER_7_291,VGND,li1,144.6700,32.6400,0.000001
FILLER_7_288,VGND,li1,143.2900,32.6400,0.000001
FILLER_7_281,VGND,li1,140.0700,32.6400,0.000000
FILLER_7_279,VGND,li1,138.6900,32.6400,0.000000
FILLER_7_276,VGND,li1,137.7700,32.6400,0.000000
FILLER_7_273,VGND,li1,136.3900,32.6400,0.000000
FILLER_7_270,VGND,li1,135.0100,32.6400,0.000000
FILLER_7_267,VGND,li1,133.6300,32.6400,0.000000
FILLER_7_264,VGND,li1,132.2500,32.6400,0.000000
FILLER_7_261,VGND,li1,130.8700,32.6400,0.000000
FILLER_7_258,VGND,li1,129.4900,32.6400,0.000000
FILLER_7_255,VGND,li1,128.1100,32.6400,0.000000
FILLER_7_252,VGND,li1,126.7300,32.6400,0.000000
FILLER_7_249,VGND,li1,125.3500,32.6400,0.000000
FILLER_7_246,VGND,li1,123.9700,32.6400,0.000000
FILLER_7_243,VGND,li1,122.5900,32.6400,0.000000
FILLER_7_240,VGND,li1,121.2100,32.6400,0.000000
FILLER_7_237,VGND,li1,119.8300,32.6400,0.000000
FILLER_7_234,VGND,li1,118.4500,32.6400,0.000000
FILLER_7_231,VGND,li1,117.0700,32.6400,0.000001
FILLER_7_228,VGND,li1,115.6900,32.6400,0.000001
FILLER_7_225,VGND,li1,114.3100,32.6400,0.000001
FILLER_7_222,VGND,li1,112.7000,32.6400,0.000001
FILLER_7_219,VGND,li1,111.5500,32.6400,0.000001
FILLER_7_216,VGND,li1,110.1700,32.6400,0.000001
FILLER_7_213,VGND,li1,108.7900,32.6400,0.000001
FILLER_7_202,VGND,li1,103.7300,32.6400,0.000001
FILLER_7_199,VGND,li1,102.3500,32.6400,0.000001
FILLER_7_196,VGND,li1,100.9700,32.6400,0.000001
FILLER_7_193,VGND,li1,99.5900,32.6400,0.000001
FILLER_7_190,VGND,li1,98.2100,32.6400,0.000001
FILLER_7_187,VGND,li1,96.8300,32.6400,0.000001
FILLER_7_184,VGND,li1,95.4500,32.6400,0.000002
FILLER_7_181,VGND,li1,94.0700,32.6400,0.000002
FILLER_7_178,VGND,li1,92.6900,32.6400,0.000002
FILLER_7_175,VGND,li1,91.3100,32.6400,0.000002
FILLER_7_172,VGND,li1,89.9300,32.6400,0.000002
FILLER_7_169,VGND,li1,88.5500,32.6400,0.000002
FILLER_7_167,VGND,li1,87.1700,32.6400,0.000002
FILLER_7_164,VGND,li1,86.2500,32.6400,0.000002
FILLER_7_161,VGND,li1,84.8700,32.6400,0.000002
FILLER_7_158,VGND,li1,83.4900,32.6400,0.000003
FILLER_7_155,VGND,li1,82.1100,32.6400,0.000003
FILLER_7_147,VGND,li1,78.4300,32.6400,0.000003
FILLER_7_133,VGND,li1,71.5300,32.6400,0.000006
FILLER_7_124,VGND,li1,67.3900,32.6400,0.000008
FILLER_7_110,VGND,li1,61.1800,32.6400,0.000009
FILLER_7_107,VGND,li1,60.0300,32.6400,0.000009
FILLER_7_89,VGND,li1,51.2900,32.6400,0.000007
FILLER_7_86,VGND,li1,50.3700,32.6400,0.000006
FILLER_7_77,VGND,li1,45.7700,32.6400,0.000007
FILLER_7_74,VGND,li1,44.8500,32.6400,0.000007
FILLER_7_71,VGND,li1,43.4700,32.6400,0.000008
FILLER_7_68,VGND,li1,42.0900,32.6400,0.000008
FILLER_7_55,VGND,li1,35.6500,32.6400,0.000010
FILLER_7_20,VGND,li1,19.7800,32.6400,0.000008
FILLER_6_645,VGND,li1,307.5100,27.2000,0.000001
FILLER_6_643,VGND,li1,306.1300,27.2000,0.000001
FILLER_6_640,VGND,li1,305.2100,27.2000,0.000001
FILLER_6_637,VGND,li1,303.8300,27.2000,0.000001
FILLER_6_634,VGND,li1,302.4500,27.2000,0.000001
FILLER_6_631,VGND,li1,301.0700,27.2000,0.000001
FILLER_6_628,VGND,li1,299.6900,27.2000,0.000001
FILLER_6_625,VGND,li1,298.3100,27.2000,0.000001
FILLER_6_622,VGND,li1,296.9300,27.2000,0.000001
FILLER_6_619,VGND,li1,295.5500,27.2000,0.000001
FILLER_6_616,VGND,li1,294.1700,27.2000,0.000001
FILLER_6_613,VGND,li1,292.7900,27.2000,0.000001
FILLER_6_610,VGND,li1,291.4100,27.2000,0.000001
FILLER_6_607,VGND,li1,290.0300,27.2000,0.000001
FILLER_6_604,VGND,li1,288.6500,27.2000,0.000001
FILLER_6_601,VGND,li1,287.2700,27.2000,0.000001
FILLER_6_598,VGND,li1,285.8900,27.2000,0.000001
FILLER_6_595,VGND,li1,284.5100,27.2000,0.000001
FILLER_6_592,VGND,li1,283.1300,27.2000,0.000001
FILLER_6_589,VGND,li1,281.7500,27.2000,0.000001
FILLER_6_587,VGND,li1,280.3700,27.2000,0.000002
FILLER_6_584,VGND,li1,279.4500,27.2000,0.000002
FILLER_6_581,VGND,li1,278.0700,27.2000,0.000002
FILLER_6_578,VGND,li1,276.6900,27.2000,0.000002
FILLER_6_575,VGND,li1,275.3100,27.2000,0.000002
FILLER_6_572,VGND,li1,273.9300,27.2000,0.000002
FILLER_6_569,VGND,li1,272.5500,27.2000,0.000002
FILLER_6_566,VGND,li1,271.1700,27.2000,0.000003
FILLER_6_563,VGND,li1,269.7900,27.2000,0.000003
FILLER_6_560,VGND,li1,268.4100,27.2000,0.000003
FILLER_6_557,VGND,li1,267.0300,27.2000,0.000003
FILLER_6_554,VGND,li1,265.6500,27.2000,0.000003
FILLER_6_508,VGND,li1,244.4900,27.2000,0.000005
FILLER_6_498,VGND,li1,239.6600,27.2000,0.000005
FILLER_6_463,VGND,li1,223.3300,27.2000,0.000005
FILLER_6_460,VGND,li1,222.4100,27.2000,0.000005
FILLER_6_457,VGND,li1,221.0300,27.2000,0.000005
FILLER_6_435,VGND,li1,210.4500,27.2000,0.000004
FILLER_6_432,VGND,li1,209.5300,27.2000,0.000004
FILLER_6_429,VGND,li1,208.1500,27.2000,0.000004
FILLER_6_424,VGND,li1,205.6200,27.2000,0.000003
FILLER_6_421,VGND,li1,204.4700,27.2000,0.000003
FILLER_6_417,VGND,li1,202.6300,27.2000,0.000002
FILLER_6_414,VGND,li1,201.2500,27.2000,0.000002
FILLER_6_411,VGND,li1,199.8700,27.2000,0.000002
FILLER_6_408,VGND,li1,198.4900,27.2000,0.000002
FILLER_6_405,VGND,li1,197.1100,27.2000,0.000001
FILLER_6_400,VGND,li1,194.5800,27.2000,0.000001
FILLER_6_397,VGND,li1,193.4300,27.2000,0.000001
FILLER_6_394,VGND,li1,192.0500,27.2000,0.000001
FILLER_6_391,VGND,li1,190.6700,27.2000,0.000001
FILLER_6_388,VGND,li1,189.2900,27.2000,0.000001
FILLER_6_385,VGND,li1,187.9100,27.2000,0.000001
FILLER_6_374,VGND,li1,182.8500,27.2000,0.000001
FILLER_6_371,VGND,li1,181.4700,27.2000,0.000001
FILLER_6_368,VGND,li1,180.0900,27.2000,0.000001
FILLER_6_365,VGND,li1,178.7100,27.2000,0.000001
FILLER_6_361,VGND,li1,176.8700,27.2000,0.000001
FILLER_6_358,VGND,li1,175.4900,27.2000,0.000001
FILLER_6_355,VGND,li1,174.1100,27.2000,0.000001
FILLER_6_352,VGND,li1,172.7300,27.2000,0.000001
FILLER_6_333,VGND,li1,163.7600,27.2000,0.000001
FILLER_6_330,VGND,li1,162.6100,27.2000,0.000001
FILLER_6_321,VGND,li1,158.0100,27.2000,0.000001
FILLER_6_318,VGND,li1,157.0900,27.2000,0.000001
FILLER_6_315,VGND,li1,155.7100,27.2000,0.000001
FILLER_6_309,VGND,li1,152.4900,27.2000,0.000001
FILLER_6_278,VGND,li1,138.2300,27.2000,0.000001
FILLER_6_275,VGND,li1,137.3100,27.2000,0.000001
FILLER_6_265,VGND,li1,132.7100,27.2000,0.000002
FILLER_6_262,VGND,li1,131.3300,27.2000,0.000002
FILLER_6_253,VGND,li1,127.1900,27.2000,0.000003
FILLER_6_229,VGND,li1,115.9200,27.2000,0.000004
FILLER_6_226,VGND,li1,114.7700,27.2000,0.000004
FILLER_6_223,VGND,li1,113.3900,27.2000,0.000003
FILLER_6_218,VGND,li1,110.6300,27.2000,0.000003
FILLER_6_215,VGND,li1,109.7100,27.2000,0.000003
FILLER_6_212,VGND,li1,108.3300,27.2000,0.000004
FILLER_6_209,VGND,li1,106.9500,27.2000,0.000004
FILLER_6_206,VGND,li1,105.5700,27.2000,0.000005
FILLER_6_203,VGND,li1,104.1900,27.2000,0.000005
FILLER_6_200,VGND,li1,102.8100,27.2000,0.000005
FILLER_6_197,VGND,li1,101.4300,27.2000,0.000006
FILLER_6_193,VGND,li1,99.5900,27.2000,0.000006
FILLER_6_190,VGND,li1,98.2100,27.2000,0.000006
FILLER_6_187,VGND,li1,96.8300,27.2000,0.000007
FILLER_6_184,VGND,li1,95.4500,27.2000,0.000007
FILLER_6_181,VGND,li1,94.0700,27.2000,0.000008
FILLER_6_178,VGND,li1,92.6900,27.2000,0.000009
FILLER_6_175,VGND,li1,91.3100,27.2000,0.000009
FILLER_6_172,VGND,li1,89.9300,27.2000,0.000010
FILLER_6_169,VGND,li1,88.5500,27.2000,0.000010
FILLER_6_166,VGND,li1,87.1700,27.2000,0.000010
FILLER_6_163,VGND,li1,85.7900,27.2000,0.000011
FILLER_6_160,VGND,li1,84.4100,27.2000,0.000011
FILLER_6_157,VGND,li1,83.0300,27.2000,0.000012
FILLER_6_154,VGND,li1,81.6500,27.2000,0.000012
FILLER_6_151,VGND,li1,80.2700,27.2000,0.000013
FILLER_6_148,VGND,li1,78.8900,27.2000,0.000013
FILLER_6_91,VGND,li1,52.6700,27.2000,0.000022
FILLER_6_88,VGND,li1,51.2900,27.2000,0.000020
FILLER_6_85,VGND,li1,49.9100,27.2000,0.000020
FILLER_6_66,VGND,li1,40.7100,27.2000,0.000028
FILLER_6_47,VGND,li1,32.2000,27.2000,0.000022
FILLER_6_29,VGND,li1,23.9200,27.2000,0.000015
FILLER_6_27,VGND,li1,22.7700,27.2000,0.000013
FILLER_6_24,VGND,li1,21.8500,27.2000,0.000013
FILLER_6_6,VGND,li1,13.3400,27.2000,0.000009
FILLER_6_3,VGND,li1,12.1900,27.2000,0.000009
FILLER_5_647,VGND,li1,307.9700,27.2000,0.000001
FILLER_5_644,VGND,li1,307.0500,27.2000,0.000001
FILLER_5_641,VGND,li1,305.6700,27.2000,0.000001
FILLER_5_638,VGND,li1,304.2900,27.2000,0.000001
FILLER_5_635,VGND,li1,302.9100,27.2000,0.000001
FILLER_5_632,VGND,li1,301.5300,27.2000,0.000001
FILLER_5_629,VGND,li1,300.1500,27.2000,0.000001
FILLER_5_626,VGND,li1,298.7700,27.2000,0.000001
FILLER_5_623,VGND,li1,297.3900,27.2000,0.000001
FILLER_5_620,VGND,li1,296.0100,27.2000,0.000001
FILLER_5_617,VGND,li1,294.6300,27.2000,0.000001
FILLER_5_615,VGND,li1,293.2500,27.2000,0.000001
FILLER_5_612,VGND,li1,292.3300,27.2000,0.000001
FILLER_5_609,VGND,li1,290.9500,27.2000,0.000001
FILLER_5_606,VGND,li1,289.5700,27.2000,0.000001
FILLER_5_603,VGND,li1,288.1900,27.2000,0.000001
FILLER_5_600,VGND,li1,286.8100,27.2000,0.000001
FILLER_5_597,VGND,li1,285.4300,27.2000,0.000001
FILLER_5_594,VGND,li1,284.0500,27.2000,0.000001
FILLER_5_591,VGND,li1,282.6700,27.2000,0.000001
FILLER_5_588,VGND,li1,281.2900,27.2000,0.000002
FILLER_5_585,VGND,li1,279.9100,27.2000,0.000002
FILLER_5_582,VGND,li1,278.5300,27.2000,0.000002
FILLER_5_579,VGND,li1,277.1500,27.2000,0.000002
FILLER_5_576,VGND,li1,275.7700,27.2000,0.000002
FILLER_5_573,VGND,li1,274.3900,27.2000,0.000002
FILLER_5_570,VGND,li1,273.0100,27.2000,0.000002
FILLER_5_567,VGND,li1,271.6300,27.2000,0.000002
FILLER_5_564,VGND,li1,270.2500,27.2000,0.000003
FILLER_5_561,VGND,li1,268.8700,27.2000,0.000003
FILLER_5_559,VGND,li1,267.4900,27.2000,0.000003
FILLER_5_556,VGND,li1,266.5700,27.2000,0.000003
FILLER_5_553,VGND,li1,265.1900,27.2000,0.000003
FILLER_5_550,VGND,li1,263.8100,27.2000,0.000003
FILLER_5_537,VGND,li1,257.6000,27.2000,0.000003
FILLER_5_530,VGND,li1,254.1500,27.2000,0.000004
FILLER_5_526,VGND,li1,252.3100,27.2000,0.000005
FILLER_5_523,VGND,li1,251.3900,27.2000,0.000005
FILLER_5_508,VGND,li1,244.2600,27.2000,0.000005
FILLER_5_505,VGND,li1,243.1100,27.2000,0.000005
FILLER_5_493,VGND,li1,237.5900,27.2000,0.000005
FILLER_5_490,VGND,li1,236.2100,27.2000,0.000005
FILLER_5_484,VGND,li1,233.4500,27.2000,0.000005
FILLER_5_481,VGND,li1,232.0700,27.2000,0.000005
FILLER_5_459,VGND,li1,221.4900,27.2000,0.000005
FILLER_5_449,VGND,li1,216.8900,27.2000,0.000005
FILLER_5_437,VGND,li1,211.6000,27.2000,0.000004
FILLER_5_434,VGND,li1,210.4500,27.2000,0.000004
FILLER_5_431,VGND,li1,209.0700,27.2000,0.000004
FILLER_5_428,VGND,li1,207.6900,27.2000,0.000004
FILLER_5_425,VGND,li1,206.3100,27.2000,0.000003
FILLER_5_422,VGND,li1,204.9300,27.2000,0.000003
FILLER_5_419,VGND,li1,203.5500,27.2000,0.000003
FILLER_5_410,VGND,li1,198.9500,27.2000,0.000002
FILLER_5_399,VGND,li1,194.1200,27.2000,0.000001
FILLER_5_396,VGND,li1,192.9700,27.2000,0.000001
FILLER_5_393,VGND,li1,191.5900,27.2000,0.000001
FILLER_5_382,VGND,li1,186.3000,27.2000,0.000001
FILLER_5_353,VGND,li1,172.7300,27.2000,0.000001
FILLER_5_343,VGND,li1,168.3600,27.2000,0.000000
FILLER_5_340,VGND,li1,167.2100,27.2000,0.000000
FILLER_5_337,VGND,li1,165.8300,27.2000,0.000001
FILLER_5_333,VGND,li1,163.9900,27.2000,0.000001
FILLER_5_330,VGND,li1,162.6100,27.2000,0.000001
FILLER_5_327,VGND,li1,161.2300,27.2000,0.000001
FILLER_5_324,VGND,li1,159.8500,27.2000,0.000001
FILLER_5_321,VGND,li1,158.4700,27.2000,0.000001
FILLER_5_315,VGND,li1,155.2500,27.2000,0.000001
FILLER_5_312,VGND,li1,154.3300,27.2000,0.000001
FILLER_5_309,VGND,li1,152.9500,27.2000,0.000001
FILLER_5_301,VGND,li1,149.2700,27.2000,0.000001
FILLER_5_298,VGND,li1,147.8900,27.2000,0.000001
FILLER_5_295,VGND,li1,146.5100,27.2000,0.000001
FILLER_5_292,VGND,li1,145.1300,27.2000,0.000001
FILLER_5_284,VGND,li1,141.4500,27.2000,0.000001
FILLER_5_281,VGND,li1,140.0700,27.2000,0.000001
FILLER_5_278,VGND,li1,138.4600,27.2000,0.000001
FILLER_5_275,VGND,li1,137.3100,27.2000,0.000001
FILLER_5_272,VGND,li1,135.9300,27.2000,0.000002
FILLER_5_269,VGND,li1,134.5500,27.2000,0.000002
FILLER_5_266,VGND,li1,133.1700,27.2000,0.000002
FILLER_5_263,VGND,li1,131.7900,27.2000,0.000002
FILLER_5_260,VGND,li1,130.4100,27.2000,0.000003
FILLER_5_257,VGND,li1,129.0300,27.2000,0.000003
FILLER_5_254,VGND,li1,127.6500,27.2000,0.000003
FILLER_5_251,VGND,li1,126.2700,27.2000,0.000003
FILLER_5_248,VGND,li1,124.8900,27.2000,0.000004
FILLER_5_245,VGND,li1,123.5100,27.2000,0.000004
FILLER_5_242,VGND,li1,122.1300,27.2000,0.000004
FILLER_5_231,VGND,li1,116.8400,27.2000,0.000004
FILLER_5_228,VGND,li1,115.6900,27.2000,0.000004
FILLER_5_223,VGND,li1,112.9300,27.2000,0.000003
FILLER_5_200,VGND,li1,102.3500,27.2000,0.000005
FILLER_5_197,VGND,li1,101.4300,27.2000,0.000006
FILLER_5_175,VGND,li1,91.3100,27.2000,0.000009
FILLER_5_172,VGND,li1,89.9300,27.2000,0.000010
FILLER_5_169,VGND,li1,88.5500,27.2000,0.000010
FILLER_5_160,VGND,li1,84.4100,27.2000,0.000011
FILLER_5_143,VGND,li1,76.5900,27.2000,0.000017
FILLER_5_140,VGND,li1,75.2100,27.2000,0.000022
FILLER_5_137,VGND,li1,73.8300,27.2000,0.000022
FILLER_5_119,VGND,li1,65.0900,27.2000,0.000029
FILLER_5_116,VGND,li1,64.1700,27.2000,0.000028
FILLER_5_113,VGND,li1,62.7900,27.2000,0.000027
FILLER_5_110,VGND,li1,61.1800,27.2000,0.000027
FILLER_5_93,VGND,li1,53.1300,27.2000,0.000022
FILLER_5_55,VGND,li1,35.6500,27.2000,0.000024
FILLER_5_18,VGND,li1,19.0900,27.2000,0.000009
FILLER_5_15,VGND,li1,17.7100,27.2000,0.000009
FILLER_5_12,VGND,li1,16.3300,27.2000,0.000009
FILLER_5_9,VGND,li1,14.9500,27.2000,0.000009
FILLER_5_6,VGND,li1,13.5700,27.2000,0.000009
FILLER_5_3,VGND,li1,12.1900,27.2000,0.000009
FILLER_4_645,VGND,li1,307.5100,21.7600,0.000001
FILLER_4_643,VGND,li1,306.1300,21.7600,0.000001
FILLER_4_640,VGND,li1,305.2100,21.7600,0.000001
FILLER_4_637,VGND,li1,303.8300,21.7600,0.000001
FILLER_4_634,VGND,li1,302.4500,21.7600,0.000001
FILLER_4_631,VGND,li1,301.0700,21.7600,0.000001
FILLER_4_628,VGND,li1,299.6900,21.7600,0.000001
FILLER_4_625,VGND,li1,298.3100,21.7600,0.000001
FILLER_4_622,VGND,li1,296.9300,21.7600,0.000001
FILLER_4_619,VGND,li1,295.5500,21.7600,0.000001
FILLER_4_616,VGND,li1,294.1700,21.7600,0.000001
FILLER_4_613,VGND,li1,292.7900,21.7600,0.000001
FILLER_4_610,VGND,li1,291.4100,21.7600,0.000001
FILLER_4_607,VGND,li1,290.0300,21.7600,0.000001
FILLER_4_604,VGND,li1,288.6500,21.7600,0.000001
FILLER_4_601,VGND,li1,287.2700,21.7600,0.000001
FILLER_4_598,VGND,li1,285.8900,21.7600,0.000001
FILLER_4_595,VGND,li1,284.5100,21.7600,0.000001
FILLER_4_592,VGND,li1,283.1300,21.7600,0.000001
FILLER_4_589,VGND,li1,281.7500,21.7600,0.000001
FILLER_4_587,VGND,li1,280.3700,21.7600,0.000001
FILLER_4_584,VGND,li1,279.4500,21.7600,0.000001
FILLER_4_581,VGND,li1,278.0700,21.7600,0.000001
FILLER_4_578,VGND,li1,276.6900,21.7600,0.000001
FILLER_4_575,VGND,li1,275.3100,21.7600,0.000001
FILLER_4_572,VGND,li1,273.9300,21.7600,0.000001
FILLER_4_569,VGND,li1,272.5500,21.7600,0.000002
FILLER_4_566,VGND,li1,271.1700,21.7600,0.000002
FILLER_4_563,VGND,li1,269.7900,21.7600,0.000002
FILLER_4_560,VGND,li1,268.4100,21.7600,0.000002
FILLER_4_557,VGND,li1,267.0300,21.7600,0.000002
FILLER_4_554,VGND,li1,265.6500,21.7600,0.000002
FILLER_4_551,VGND,li1,264.2700,21.7600,0.000002
FILLER_4_548,VGND,li1,262.8900,21.7600,0.000002
FILLER_4_545,VGND,li1,261.5100,21.7600,0.000002
FILLER_4_536,VGND,li1,256.9100,21.7600,0.000003
FILLER_4_533,VGND,li1,255.9900,21.7600,0.000004
FILLER_4_531,VGND,li1,254.6100,21.7600,0.000004
FILLER_4_509,VGND,li1,244.4900,21.7600,0.000005
FILLER_4_506,VGND,li1,243.5700,21.7600,0.000005
FILLER_4_503,VGND,li1,242.1900,21.7600,0.000005
FILLER_4_500,VGND,li1,240.8100,21.7600,0.000005
FILLER_4_497,VGND,li1,239.4300,21.7600,0.000005
FILLER_4_494,VGND,li1,238.0500,21.7600,0.000005
FILLER_4_491,VGND,li1,236.6700,21.7600,0.000005
FILLER_4_480,VGND,li1,231.3800,21.7600,0.000005
FILLER_4_477,VGND,li1,230.2300,21.7600,0.000004
FILLER_4_464,VGND,li1,224.2500,21.7600,0.000005
FILLER_4_461,VGND,li1,222.8700,21.7600,0.000006
FILLER_4_458,VGND,li1,221.4900,21.7600,0.000006
FILLER_4_445,VGND,li1,215.2800,21.7600,0.000006
FILLER_4_442,VGND,li1,214.1300,21.7600,0.000006
FILLER_4_417,VGND,li1,202.6300,21.7600,0.000004
FILLER_4_395,VGND,li1,192.0500,21.7600,0.000003
FILLER_4_392,VGND,li1,191.1300,21.7600,0.000003
FILLER_4_384,VGND,li1,187.4500,21.7600,0.000003
FILLER_4_377,VGND,li1,184.0000,21.7600,0.000002
FILLER_4_374,VGND,li1,182.8500,21.7600,0.000002
FILLER_4_368,VGND,li1,179.8600,21.7600,0.000002
FILLER_4_365,VGND,li1,178.7100,21.7600,0.000002
FILLER_4_362,VGND,li1,177.1000,21.7600,0.000002
FILLER_4_359,VGND,li1,175.9500,21.7600,0.000002
FILLER_4_351,VGND,li1,171.8100,21.7600,0.000001
FILLER_4_348,VGND,li1,170.8900,21.7600,0.000001
FILLER_4_342,VGND,li1,167.6700,21.7600,0.000001
FILLER_4_333,VGND,li1,163.5300,21.7600,0.000001
FILLER_4_330,VGND,li1,162.6100,21.7600,0.000001
FILLER_4_327,VGND,li1,161.2300,21.7600,0.000001
FILLER_4_315,VGND,li1,155.7100,21.7600,0.000001
FILLER_4_312,VGND,li1,154.3300,21.7600,0.000001
FILLER_4_309,VGND,li1,152.9500,21.7600,0.000001
FILLER_4_300,VGND,li1,148.3500,21.7600,0.000001
FILLER_4_297,VGND,li1,147.4300,21.7600,0.000001
FILLER_4_294,VGND,li1,146.0500,21.7600,0.000000
FILLER_4_291,VGND,li1,144.6700,21.7600,0.000000
FILLER_4_288,VGND,li1,143.2900,21.7600,0.000000
FILLER_4_285,VGND,li1,141.9100,21.7600,0.000000
FILLER_4_278,VGND,li1,138.6900,21.7600,0.000000
FILLER_4_275,VGND,li1,137.3100,21.7600,0.000000
FILLER_4_272,VGND,li1,135.9300,21.7600,0.000000
FILLER_4_269,VGND,li1,134.5500,21.7600,0.000001
FILLER_4_259,VGND,li1,129.4900,21.7600,0.000001
FILLER_4_256,VGND,li1,128.5700,21.7600,0.000001
FILLER_4_253,VGND,li1,127.1900,21.7600,0.000001
FILLER_4_238,VGND,li1,120.0600,21.7600,0.000001
FILLER_4_235,VGND,li1,118.9100,21.7600,0.000001
FILLER_4_232,VGND,li1,117.5300,21.7600,0.000001
FILLER_4_229,VGND,li1,116.1500,21.7600,0.000001
FILLER_4_226,VGND,li1,114.7700,21.7600,0.000001
FILLER_4_223,VGND,li1,113.3900,21.7600,0.000001
FILLER_4_220,VGND,li1,112.0100,21.7600,0.000001
FILLER_4_215,VGND,li1,109.2500,21.7600,0.000002
FILLER_4_212,VGND,li1,108.3300,21.7600,0.000002
FILLER_4_209,VGND,li1,106.9500,21.7600,0.000002
FILLER_4_200,VGND,li1,102.3500,21.7600,0.000003
FILLER_4_197,VGND,li1,101.4300,21.7600,0.000003
FILLER_4_195,VGND,li1,100.0500,21.7600,0.000004
FILLER_4_192,VGND,li1,99.1300,21.7600,0.000004
FILLER_4_189,VGND,li1,97.7500,21.7600,0.000004
FILLER_4_186,VGND,li1,96.3700,21.7600,0.000004
FILLER_4_183,VGND,li1,94.9900,21.7600,0.000004
FILLER_4_180,VGND,li1,93.6100,21.7600,0.000004
FILLER_4_163,VGND,li1,85.3300,21.7600,0.000004
FILLER_4_149,VGND,li1,78.8900,21.7600,0.000004
FILLER_4_139,VGND,li1,74.2900,21.7600,0.000006
FILLER_4_136,VGND,li1,73.3700,21.7600,0.000006
FILLER_4_127,VGND,li1,68.7700,21.7600,0.000007
FILLER_4_124,VGND,li1,67.8500,21.7600,0.000007
FILLER_4_88,VGND,li1,51.0600,21.7600,0.000007
FILLER_4_85,VGND,li1,49.9100,21.7600,0.000006
FILLER_4_82,VGND,li1,48.3000,21.7600,0.000006
FILLER_4_47,VGND,li1,31.9700,21.7600,0.000008
FILLER_4_29,VGND,li1,23.9200,21.7600,0.000007
FILLER_3_647,VGND,li1,307.9700,21.7600,0.000001
FILLER_3_644,VGND,li1,307.0500,21.7600,0.000001
FILLER_3_641,VGND,li1,305.6700,21.7600,0.000001
FILLER_3_638,VGND,li1,304.2900,21.7600,0.000001
FILLER_3_635,VGND,li1,302.9100,21.7600,0.000001
FILLER_3_632,VGND,li1,301.5300,21.7600,0.000001
FILLER_3_629,VGND,li1,300.1500,21.7600,0.000001
FILLER_3_626,VGND,li1,298.7700,21.7600,0.000001
FILLER_3_623,VGND,li1,297.3900,21.7600,0.000001
FILLER_3_620,VGND,li1,296.0100,21.7600,0.000001
FILLER_3_617,VGND,li1,294.6300,21.7600,0.000001
FILLER_3_615,VGND,li1,293.2500,21.7600,0.000001
FILLER_3_612,VGND,li1,292.3300,21.7600,0.000001
FILLER_3_609,VGND,li1,290.9500,21.7600,0.000001
FILLER_3_606,VGND,li1,289.5700,21.7600,0.000001
FILLER_3_603,VGND,li1,288.1900,21.7600,0.000001
FILLER_3_600,VGND,li1,286.8100,21.7600,0.000001
FILLER_3_597,VGND,li1,285.4300,21.7600,0.000001
FILLER_3_594,VGND,li1,284.0500,21.7600,0.000001
FILLER_3_591,VGND,li1,282.6700,21.7600,0.000001
FILLER_3_588,VGND,li1,281.2900,21.7600,0.000001
FILLER_3_585,VGND,li1,279.9100,21.7600,0.000001
FILLER_3_582,VGND,li1,278.5300,21.7600,0.000001
FILLER_3_579,VGND,li1,277.1500,21.7600,0.000001
FILLER_3_576,VGND,li1,275.7700,21.7600,0.000001
FILLER_3_573,VGND,li1,274.3900,21.7600,0.000001
FILLER_3_570,VGND,li1,273.0100,21.7600,0.000001
FILLER_3_567,VGND,li1,271.6300,21.7600,0.000002
FILLER_3_564,VGND,li1,270.2500,21.7600,0.000002
FILLER_3_561,VGND,li1,268.8700,21.7600,0.000002
FILLER_3_559,VGND,li1,267.4900,21.7600,0.000002
FILLER_3_556,VGND,li1,266.5700,21.7600,0.000002
FILLER_3_553,VGND,li1,265.1900,21.7600,0.000002
FILLER_3_550,VGND,li1,263.8100,21.7600,0.000002
FILLER_3_547,VGND,li1,262.4300,21.7600,0.000002
FILLER_3_544,VGND,li1,261.0500,21.7600,0.000002
FILLER_3_541,VGND,li1,259.6700,21.7600,0.000002
FILLER_3_538,VGND,li1,258.2900,21.7600,0.000003
FILLER_3_535,VGND,li1,256.9100,21.7600,0.000003
FILLER_3_532,VGND,li1,255.5300,21.7600,0.000004
FILLER_3_505,VGND,li1,243.1100,21.7600,0.000005
FILLER_3_503,VGND,li1,241.7300,21.7600,0.000005
FILLER_3_500,VGND,li1,240.8100,21.7600,0.000005
FILLER_3_449,VGND,li1,217.3500,21.7600,0.000006
FILLER_3_446,VGND,li1,215.7400,21.7600,0.000006
FILLER_3_443,VGND,li1,214.5900,21.7600,0.000006
FILLER_3_440,VGND,li1,213.2100,21.7600,0.000006
FILLER_3_437,VGND,li1,211.8300,21.7600,0.000006
FILLER_3_434,VGND,li1,210.4500,21.7600,0.000006
FILLER_3_426,VGND,li1,206.5400,21.7600,0.000005
FILLER_3_423,VGND,li1,205.3900,21.7600,0.000005
FILLER_3_420,VGND,li1,204.0100,21.7600,0.000005
FILLER_3_417,VGND,li1,202.6300,21.7600,0.000004
FILLER_3_414,VGND,li1,201.2500,21.7600,0.000004
FILLER_3_411,VGND,li1,199.8700,21.7600,0.000003
FILLER_3_396,VGND,li1,192.5100,21.7600,0.000003
FILLER_3_393,VGND,li1,191.5900,21.7600,0.000003
FILLER_3_390,VGND,li1,189.9800,21.7600,0.000003
FILLER_3_387,VGND,li1,188.8300,21.7600,0.000003
FILLER_3_384,VGND,li1,187.4500,21.7600,0.000003
FILLER_3_381,VGND,li1,186.0700,21.7600,0.000003
FILLER_3_378,VGND,li1,184.6900,21.7600,0.000002
FILLER_3_375,VGND,li1,183.3100,21.7600,0.000002
FILLER_3_372,VGND,li1,181.9300,21.7600,0.000002
FILLER_3_369,VGND,li1,180.5500,21.7600,0.000002
FILLER_3_366,VGND,li1,179.1700,21.7600,0.000002
FILLER_3_363,VGND,li1,177.7900,21.7600,0.000002
FILLER_3_360,VGND,li1,176.4100,21.7600,0.000002
FILLER_3_352,VGND,li1,172.7300,21.7600,0.000001
FILLER_3_349,VGND,li1,171.3500,21.7600,0.000001
FILLER_3_346,VGND,li1,169.9700,21.7600,0.000001
FILLER_3_343,VGND,li1,168.5900,21.7600,0.000001
FILLER_3_340,VGND,li1,167.2100,21.7600,0.000001
FILLER_3_337,VGND,li1,165.8300,21.7600,0.000001
FILLER_3_333,VGND,li1,163.9900,21.7600,0.000001
FILLER_3_330,VGND,li1,162.6100,21.7600,0.000001
FILLER_3_319,VGND,li1,157.3200,21.7600,0.000001
FILLER_3_316,VGND,li1,156.1700,21.7600,0.000001
FILLER_3_313,VGND,li1,154.7900,21.7600,0.000001
FILLER_3_306,VGND,li1,151.5700,21.7600,0.000001
FILLER_3_303,VGND,li1,150.1900,21.7600,0.000001
FILLER_3_300,VGND,li1,148.8100,21.7600,0.000001
FILLER_3_297,VGND,li1,147.4300,21.7600,0.000001
FILLER_3_294,VGND,li1,146.0500,21.7600,0.000000
FILLER_3_291,VGND,li1,144.6700,21.7600,0.000000
FILLER_3_281,VGND,li1,139.8400,21.7600,0.000000
FILLER_3_277,VGND,li1,138.2300,21.7600,0.000000
FILLER_3_274,VGND,li1,136.8500,21.7600,0.000000
FILLER_3_268,VGND,li1,133.6300,21.7600,0.000001
FILLER_3_265,VGND,li1,132.7100,21.7600,0.000001
FILLER_3_262,VGND,li1,131.3300,21.7600,0.000001
FILLER_3_259,VGND,li1,129.9500,21.7600,0.000001
FILLER_3_256,VGND,li1,128.5700,21.7600,0.000001
FILLER_3_246,VGND,li1,123.9700,21.7600,0.000001
FILLER_3_243,VGND,li1,122.5900,21.7600,0.000001
FILLER_3_240,VGND,li1,121.2100,21.7600,0.000001
FILLER_3_237,VGND,li1,119.8300,21.7600,0.000001
FILLER_3_234,VGND,li1,118.4500,21.7600,0.000001
FILLER_3_231,VGND,li1,117.0700,21.7600,0.000001
FILLER_3_228,VGND,li1,115.6900,21.7600,0.000001
FILLER_3_225,VGND,li1,114.3100,21.7600,0.000001
FILLER_3_222,VGND,li1,112.7000,21.7600,0.000001
FILLER_3_219,VGND,li1,111.5500,21.7600,0.000001
FILLER_3_216,VGND,li1,110.1700,21.7600,0.000002
FILLER_3_213,VGND,li1,108.7900,21.7600,0.000002
FILLER_3_210,VGND,li1,107.4100,21.7600,0.000002
FILLER_3_207,VGND,li1,106.0300,21.7600,0.000003
FILLER_3_184,VGND,li1,95.2200,21.7600,0.000004
FILLER_3_181,VGND,li1,94.0700,21.7600,0.000004
FILLER_3_178,VGND,li1,92.6900,21.7600,0.000004
FILLER_3_175,VGND,li1,91.3100,21.7600,0.000004
FILLER_3_172,VGND,li1,89.9300,21.7600,0.000004
FILLER_3_169,VGND,li1,88.5500,21.7600,0.000004
FILLER_3_167,VGND,li1,87.1700,21.7600,0.000004
FILLER_3_164,VGND,li1,86.2500,21.7600,0.000004
FILLER_3_161,VGND,li1,84.8700,21.7600,0.000004
FILLER_3_158,VGND,li1,83.4900,21.7600,0.000004
FILLER_3_155,VGND,li1,82.1100,21.7600,0.000004
FILLER_3_152,VGND,li1,80.7300,21.7600,0.000004
FILLER_3_149,VGND,li1,79.3500,21.7600,0.000004
FILLER_3_113,VGND,li1,62.7900,21.7600,0.000008
FILLER_3_94,VGND,li1,53.5900,21.7600,0.000008
FILLER_3_84,VGND,li1,48.9900,21.7600,0.000006
FILLER_3_57,VGND,li1,36.8000,21.7600,0.000009
FILLER_3_36,VGND,li1,27.3700,21.7600,0.000007
FILLER_3_12,VGND,li1,16.3300,21.7600,0.000005
FILLER_3_9,VGND,li1,14.9500,21.7600,0.000005
FILLER_3_6,VGND,li1,13.5700,21.7600,0.000005
FILLER_3_3,VGND,li1,12.1900,21.7600,0.000005
FILLER_2_643,VGND,li1,306.1300,16.3200,0.000000
FILLER_2_640,VGND,li1,305.2100,16.3200,0.000000
FILLER_2_637,VGND,li1,303.8300,16.3200,0.000000
FILLER_2_634,VGND,li1,302.4500,16.3200,0.000000
FILLER_2_631,VGND,li1,301.0700,16.3200,0.000000
FILLER_2_628,VGND,li1,299.6900,16.3200,0.000000
FILLER_2_625,VGND,li1,298.3100,16.3200,0.000000
FILLER_2_622,VGND,li1,296.9300,16.3200,0.000000
FILLER_2_619,VGND,li1,295.5500,16.3200,0.000000
FILLER_2_616,VGND,li1,294.1700,16.3200,0.000000
FILLER_2_613,VGND,li1,292.7900,16.3200,0.000000
FILLER_2_610,VGND,li1,291.4100,16.3200,0.000000
FILLER_2_607,VGND,li1,290.0300,16.3200,0.000000
FILLER_2_604,VGND,li1,288.6500,16.3200,0.000000
FILLER_2_601,VGND,li1,287.2700,16.3200,0.000000
FILLER_2_598,VGND,li1,285.8900,16.3200,0.000000
FILLER_2_595,VGND,li1,284.5100,16.3200,0.000001
FILLER_2_592,VGND,li1,283.1300,16.3200,0.000001
FILLER_2_589,VGND,li1,281.7500,16.3200,0.000001
FILLER_2_587,VGND,li1,280.3700,16.3200,0.000001
FILLER_2_584,VGND,li1,279.4500,16.3200,0.000001
FILLER_2_581,VGND,li1,278.0700,16.3200,0.000001
FILLER_2_578,VGND,li1,276.6900,16.3200,0.000001
FILLER_2_575,VGND,li1,275.3100,16.3200,0.000001
FILLER_2_572,VGND,li1,273.9300,16.3200,0.000001
FILLER_2_569,VGND,li1,272.5500,16.3200,0.000001
FILLER_2_566,VGND,li1,271.1700,16.3200,0.000001
FILLER_2_563,VGND,li1,269.7900,16.3200,0.000001
FILLER_2_560,VGND,li1,268.4100,16.3200,0.000001
FILLER_2_557,VGND,li1,267.0300,16.3200,0.000001
FILLER_2_554,VGND,li1,265.6500,16.3200,0.000001
FILLER_2_551,VGND,li1,264.2700,16.3200,0.000001
FILLER_2_548,VGND,li1,262.8900,16.3200,0.000001
FILLER_2_545,VGND,li1,261.5100,16.3200,0.000001
FILLER_2_542,VGND,li1,260.1300,16.3200,0.000001
FILLER_2_539,VGND,li1,258.7500,16.3200,0.000002
FILLER_2_536,VGND,li1,257.3700,16.3200,0.000002
FILLER_2_533,VGND,li1,255.9900,16.3200,0.000002
FILLER_2_531,VGND,li1,254.6100,16.3200,0.000003
FILLER_2_526,VGND,li1,252.3100,16.3200,0.000003
FILLER_2_523,VGND,li1,251.3900,16.3200,0.000003
FILLER_2_520,VGND,li1,250.0100,16.3200,0.000003
FILLER_2_517,VGND,li1,248.6300,16.3200,0.000004
FILLER_2_514,VGND,li1,247.2500,16.3200,0.000004
FILLER_2_490,VGND,li1,236.2100,16.3200,0.000006
FILLER_2_480,VGND,li1,231.3800,16.3200,0.000006
FILLER_2_474,VGND,li1,228.6200,16.3200,0.000005
FILLER_2_462,VGND,li1,222.8700,16.3200,0.000006
FILLER_2_432,VGND,li1,209.0700,16.3200,0.000007
FILLER_2_419,VGND,li1,203.0900,16.3200,0.000006
FILLER_2_416,VGND,li1,202.1700,16.3200,0.000005
FILLER_2_413,VGND,li1,200.7900,16.3200,0.000005
FILLER_2_410,VGND,li1,199.4100,16.3200,0.000004
FILLER_2_386,VGND,li1,188.3700,16.3200,0.000004
FILLER_2_381,VGND,li1,185.6100,16.3200,0.000004
FILLER_2_378,VGND,li1,184.6900,16.3200,0.000004
FILLER_2_368,VGND,li1,179.8600,16.3200,0.000003
FILLER_2_365,VGND,li1,178.7100,16.3200,0.000003
FILLER_2_361,VGND,li1,176.8700,16.3200,0.000003
FILLER_2_358,VGND,li1,175.4900,16.3200,0.000003
FILLER_2_355,VGND,li1,174.1100,16.3200,0.000002
FILLER_2_352,VGND,li1,172.7300,16.3200,0.000002
FILLER_2_349,VGND,li1,171.3500,16.3200,0.000002
FILLER_2_337,VGND,li1,165.6000,16.3200,0.000002
FILLER_2_334,VGND,li1,164.4500,16.3200,0.000003
FILLER_2_318,VGND,li1,156.8600,16.3200,0.000003
FILLER_2_315,VGND,li1,155.7100,16.3200,0.000003
FILLER_2_309,VGND,li1,152.7200,16.3200,0.000003
FILLER_2_300,VGND,li1,148.8100,16.3200,0.000002
FILLER_2_293,VGND,li1,145.3600,16.3200,0.000002
FILLER_2_290,VGND,li1,144.2100,16.3200,0.000002
FILLER_2_279,VGND,li1,139.1500,16.3200,0.000001
FILLER_2_276,VGND,li1,137.7700,16.3200,0.000001
FILLER_2_273,VGND,li1,136.3900,16.3200,0.000001
FILLER_2_265,VGND,li1,132.7100,16.3200,0.000001
FILLER_2_262,VGND,li1,131.3300,16.3200,0.000001
FILLER_2_259,VGND,li1,129.9500,16.3200,0.000001
FILLER_2_256,VGND,li1,128.5700,16.3200,0.000001
FILLER_2_253,VGND,li1,127.1900,16.3200,0.000001
FILLER_2_251,VGND,li1,125.8100,16.3200,0.000001
FILLER_2_248,VGND,li1,124.8900,16.3200,0.000001
FILLER_2_245,VGND,li1,123.5100,16.3200,0.000001
FILLER_2_242,VGND,li1,122.1300,16.3200,0.000001
FILLER_2_239,VGND,li1,120.7500,16.3200,0.000001
FILLER_2_236,VGND,li1,119.3700,16.3200,0.000001
FILLER_2_229,VGND,li1,115.9200,16.3200,0.000002
FILLER_2_226,VGND,li1,114.7700,16.3200,0.000002
FILLER_2_223,VGND,li1,113.3900,16.3200,0.000002
FILLER_2_220,VGND,li1,112.0100,16.3200,0.000002
FILLER_2_212,VGND,li1,108.3300,16.3200,0.000002
FILLER_2_205,VGND,li1,104.8800,16.3200,0.000002
FILLER_2_192,VGND,li1,98.6700,16.3200,0.000004
FILLER_2_189,VGND,li1,97.7500,16.3200,0.000004
FILLER_2_186,VGND,li1,96.3700,16.3200,0.000004
FILLER_2_183,VGND,li1,94.9900,16.3200,0.000004
FILLER_2_180,VGND,li1,93.6100,16.3200,0.000004
FILLER_2_177,VGND,li1,92.2300,16.3200,0.000004
FILLER_2_174,VGND,li1,90.8500,16.3200,0.000004
FILLER_2_171,VGND,li1,89.4700,16.3200,0.000004
FILLER_2_168,VGND,li1,88.0900,16.3200,0.000004
FILLER_2_165,VGND,li1,86.7100,16.3200,0.000004
FILLER_2_162,VGND,li1,85.3300,16.3200,0.000004
FILLER_2_159,VGND,li1,83.9500,16.3200,0.000004
FILLER_2_156,VGND,li1,82.5700,16.3200,0.000004
FILLER_2_153,VGND,li1,81.1900,16.3200,0.000004
FILLER_2_150,VGND,li1,79.8100,16.3200,0.000004
FILLER_2_147,VGND,li1,78.4300,16.3200,0.000004
FILLER_2_144,VGND,li1,77.0500,16.3200,0.000004
FILLER_2_141,VGND,li1,75.6700,16.3200,0.000005
FILLER_2_123,VGND,li1,66.9300,16.3200,0.000007
FILLER_2_105,VGND,li1,58.6500,16.3200,0.000008
FILLER_2_88,VGND,li1,50.8300,16.3200,0.000006
FILLER_2_85,VGND,li1,49.9100,16.3200,0.000006
FILLER_2_82,VGND,li1,48.3000,16.3200,0.000006
FILLER_2_27,VGND,li1,22.7700,16.3200,0.000006
FILLER_2_18,VGND,li1,18.6300,16.3200,0.000004
FILLER_2_15,VGND,li1,17.7100,16.3200,0.000004
FILLER_2_12,VGND,li1,16.3300,16.3200,0.000004
FILLER_2_9,VGND,li1,14.9500,16.3200,0.000004
FILLER_2_6,VGND,li1,13.5700,16.3200,0.000004
FILLER_2_3,VGND,li1,12.1900,16.3200,0.000004
FILLER_1_629,VGND,li1,300.1500,16.3200,0.000000
FILLER_1_626,VGND,li1,298.7700,16.3200,0.000000
FILLER_1_623,VGND,li1,297.3900,16.3200,0.000000
FILLER_1_620,VGND,li1,296.0100,16.3200,0.000000
FILLER_1_617,VGND,li1,294.6300,16.3200,0.000000
FILLER_1_614,VGND,li1,293.0200,16.3200,0.000000
FILLER_1_611,VGND,li1,291.8700,16.3200,0.000000
FILLER_1_608,VGND,li1,290.4900,16.3200,0.000000
FILLER_1_605,VGND,li1,289.1100,16.3200,0.000000
FILLER_1_602,VGND,li1,287.7300,16.3200,0.000000
FILLER_1_599,VGND,li1,286.3500,16.3200,0.000000
FILLER_1_596,VGND,li1,284.9700,16.3200,0.000000
FILLER_1_593,VGND,li1,283.5900,16.3200,0.000001
FILLER_1_588,VGND,li1,280.8300,16.3200,0.000001
FILLER_1_585,VGND,li1,279.9100,16.3200,0.000001
FILLER_1_582,VGND,li1,278.5300,16.3200,0.000001
FILLER_1_579,VGND,li1,277.1500,16.3200,0.000001
FILLER_1_576,VGND,li1,275.7700,16.3200,0.000001
FILLER_1_573,VGND,li1,274.3900,16.3200,0.000001
FILLER_1_570,VGND,li1,273.0100,16.3200,0.000001
FILLER_1_567,VGND,li1,271.6300,16.3200,0.000001
FILLER_1_564,VGND,li1,270.2500,16.3200,0.000001
FILLER_1_561,VGND,li1,268.8700,16.3200,0.000001
FILLER_1_559,VGND,li1,267.4900,16.3200,0.000001
FILLER_1_556,VGND,li1,266.5700,16.3200,0.000001
FILLER_1_553,VGND,li1,265.1900,16.3200,0.000001
FILLER_1_550,VGND,li1,263.8100,16.3200,0.000001
FILLER_1_547,VGND,li1,262.4300,16.3200,0.000001
FILLER_1_544,VGND,li1,261.0500,16.3200,0.000001
FILLER_1_541,VGND,li1,259.6700,16.3200,0.000002
FILLER_1_538,VGND,li1,258.2900,16.3200,0.000002
FILLER_1_535,VGND,li1,256.9100,16.3200,0.000002
FILLER_1_532,VGND,li1,255.5300,16.3200,0.000003
FILLER_1_529,VGND,li1,254.1500,16.3200,0.000003
FILLER_1_526,VGND,li1,252.7700,16.3200,0.000003
FILLER_1_523,VGND,li1,251.3900,16.3200,0.000003
FILLER_1_520,VGND,li1,250.0100,16.3200,0.000003
FILLER_1_517,VGND,li1,248.6300,16.3200,0.000004
FILLER_1_514,VGND,li1,247.2500,16.3200,0.000004
FILLER_1_511,VGND,li1,245.8700,16.3200,0.000005
FILLER_1_508,VGND,li1,244.4900,16.3200,0.000005
FILLER_1_449,VGND,li1,217.1200,16.3200,0.000007
FILLER_1_446,VGND,li1,215.7400,16.3200,0.000007
FILLER_1_442,VGND,li1,213.6700,16.3200,0.000008
FILLER_1_439,VGND,li1,212.7500,16.3200,0.000008
FILLER_1_432,VGND,li1,209.0700,16.3200,0.000007
FILLER_1_403,VGND,li1,195.9600,16.3200,0.000004
FILLER_1_393,VGND,li1,191.3600,16.3200,0.000004
FILLER_1_376,VGND,li1,183.7700,16.3200,0.000003
FILLER_1_369,VGND,li1,180.3200,16.3200,0.000003
FILLER_1_361,VGND,li1,176.6400,16.3200,0.000003
FILLER_1_352,VGND,li1,172.5000,16.3200,0.000002
FILLER_1_345,VGND,li1,169.0500,16.3200,0.000002
FILLER_1_334,VGND,li1,164.2200,16.3200,0.000003
FILLER_1_331,VGND,li1,163.0700,16.3200,0.000003
FILLER_1_300,VGND,li1,148.8100,16.3200,0.000002
FILLER_1_297,VGND,li1,147.4300,16.3200,0.000002
FILLER_1_281,VGND,li1,139.6100,16.3200,0.000001
FILLER_1_277,VGND,li1,138.2300,16.3200,0.000001
FILLER_1_274,VGND,li1,136.8500,16.3200,0.000001
FILLER_1_267,VGND,li1,133.1700,16.3200,0.000001
FILLER_1_264,VGND,li1,132.2500,16.3200,0.000001
FILLER_1_261,VGND,li1,130.8700,16.3200,0.000001
FILLER_1_258,VGND,li1,129.4900,16.3200,0.000001
FILLER_1_252,VGND,li1,126.2700,16.3200,0.000001
FILLER_1_249,VGND,li1,125.3500,16.3200,0.000001
FILLER_1_246,VGND,li1,123.9700,16.3200,0.000001
FILLER_1_243,VGND,li1,122.5900,16.3200,0.000001
FILLER_1_240,VGND,li1,121.2100,16.3200,0.000001
FILLER_1_237,VGND,li1,119.8300,16.3200,0.000001
FILLER_1_228,VGND,li1,115.4600,16.3200,0.000002
FILLER_1_225,VGND,li1,114.3100,16.3200,0.000002
FILLER_1_223,VGND,li1,112.9300,16.3200,0.000002
FILLER_1_220,VGND,li1,112.0100,16.3200,0.000002
FILLER_1_213,VGND,li1,108.3300,16.3200,0.000002
FILLER_1_206,VGND,li1,105.3400,16.3200,0.000002
FILLER_1_203,VGND,li1,104.1900,16.3200,0.000003
FILLER_1_181,VGND,li1,93.6100,16.3200,0.000004
FILLER_1_178,VGND,li1,92.6900,16.3200,0.000004
FILLER_1_175,VGND,li1,91.3100,16.3200,0.000004
FILLER_1_172,VGND,li1,89.9300,16.3200,0.000004
FILLER_1_169,VGND,li1,88.5500,16.3200,0.000004
FILLER_1_167,VGND,li1,87.1700,16.3200,0.000004
FILLER_1_164,VGND,li1,86.2500,16.3200,0.000004
FILLER_1_155,VGND,li1,81.6500,16.3200,0.000004
FILLER_1_152,VGND,li1,80.7300,16.3200,0.000004
FILLER_1_149,VGND,li1,79.3500,16.3200,0.000004
FILLER_1_146,VGND,li1,77.9700,16.3200,0.000004
FILLER_1_143,VGND,li1,76.5900,16.3200,0.000004
FILLER_1_125,VGND,li1,67.8500,16.3200,0.000007
FILLER_1_122,VGND,li1,66.9300,16.3200,0.000007
FILLER_1_113,VGND,li1,62.3300,16.3200,0.000008
FILLER_1_109,VGND,li1,60.9500,16.3200,0.000008
FILLER_1_106,VGND,li1,59.5700,16.3200,0.000008
FILLER_1_63,VGND,li1,39.3300,16.3200,0.000008
FILLER_1_60,VGND,li1,38.4100,16.3200,0.000008
FILLER_1_57,VGND,li1,37.0300,16.3200,0.000008
FILLER_1_21,VGND,li1,20.0100,16.3200,0.000004
FILLER_1_18,VGND,li1,19.0900,16.3200,0.000004
FILLER_1_15,VGND,li1,17.7100,16.3200,0.000004
FILLER_1_12,VGND,li1,16.3300,16.3200,0.000004
FILLER_1_9,VGND,li1,14.9500,16.3200,0.000004
FILLER_0_635,VGND,li1,302.4500,10.8800,0.000000
FILLER_0_632,VGND,li1,301.5300,10.8800,0.000000
FILLER_0_629,VGND,li1,300.1500,10.8800,0.000000
FILLER_0_620,VGND,li1,295.5500,10.8800,0.000000
FILLER_0_617,VGND,li1,294.6300,10.8800,0.000000
FILLER_0_614,VGND,li1,293.0200,10.8800,0.000000
FILLER_0_611,VGND,li1,291.8700,10.8800,0.000000
FILLER_0_608,VGND,li1,290.4900,10.8800,0.000000
FILLER_0_605,VGND,li1,289.1100,10.8800,0.000000
FILLER_0_595,VGND,li1,284.2800,10.8800,0.000000
FILLER_0_592,VGND,li1,283.1300,10.8800,0.000000
FILLER_0_446,VGND,li1,215.7400,10.8800,0.000001
FILLER_0_443,VGND,li1,214.5900,10.8800,0.000001
FILLER_0_440,VGND,li1,213.2100,10.8800,0.000001
FILLER_0_437,VGND,li1,211.8300,10.8800,0.000001
FILLER_0_426,VGND,li1,206.7700,10.8800,0.000000
FILLER_0_419,VGND,li1,203.0900,10.8800,0.000000
FILLER_0_416,VGND,li1,202.1700,10.8800,0.000000
FILLER_0_413,VGND,li1,200.7900,10.8800,0.000000
FILLER_0_402,VGND,li1,195.7300,10.8800,0.000000
FILLER_0_399,VGND,li1,194.3500,10.8800,0.000000
FILLER_0_396,VGND,li1,192.9700,10.8800,0.000000
FILLER_0_393,VGND,li1,191.5900,10.8800,0.000000
FILLER_0_389,VGND,li1,189.7500,10.8800,0.000000
FILLER_0_379,VGND,li1,184.9200,10.8800,0.000000
FILLER_0_371,VGND,li1,181.4700,10.8800,0.000000
FILLER_0_368,VGND,li1,180.0900,10.8800,0.000000
FILLER_0_365,VGND,li1,178.7100,10.8800,0.000000
FILLER_0_353,VGND,li1,173.1900,10.8800,0.000000
FILLER_0_350,VGND,li1,171.8100,10.8800,0.000000
FILLER_0_333,VGND,li1,163.9900,10.8800,0.000000
FILLER_0_589,VGND,li1,281.7500,10.8800,0.000000
FILLER_0_330,VGND,li1,162.6100,10.8800,0.000000
FILLER_0_327,VGND,li1,161.2300,10.8800,0.000000
FILLER_0_324,VGND,li1,159.8500,10.8800,0.000000
FILLER_0_519,VGND,li1,249.5500,10.8800,0.000001
FILLER_0_320,VGND,li1,157.5500,10.8800,0.000000
FILLER_0_587,VGND,li1,280.3700,10.8800,0.000000
FILLER_0_516,VGND,li1,248.1700,10.8800,0.000001
FILLER_0_584,VGND,li1,279.4500,10.8800,0.000000
FILLER_0_581,VGND,li1,278.0700,10.8800,0.000000
FILLER_0_317,VGND,li1,156.6300,10.8800,0.000000
FILLER_0_305,VGND,li1,151.1100,10.8800,0.000000
FILLER_0_302,VGND,li1,149.7300,10.8800,0.000000
FILLER_0_299,VGND,li1,148.3500,10.8800,0.000000
FILLER_0_296,VGND,li1,146.9700,10.8800,0.000000
FILLER_0_293,VGND,li1,145.5900,10.8800,0.000000
FILLER_0_284,VGND,li1,140.9900,10.8800,0.000000
FILLER_0_281,VGND,li1,140.0700,10.8800,0.000000
FILLER_0_278,VGND,li1,138.4600,10.8800,0.000000
FILLER_0_275,VGND,li1,137.3100,10.8800,0.000000
FILLER_0_272,VGND,li1,135.9300,10.8800,0.000000
FILLER_0_269,VGND,li1,134.5500,10.8800,0.000000
FILLER_0_259,VGND,li1,129.7200,10.8800,0.000000
FILLER_0_256,VGND,li1,128.5700,10.8800,0.000000
FILLER_0_253,VGND,li1,127.1900,10.8800,0.000000
FILLER_0_251,VGND,li1,125.8100,10.8800,0.000000
FILLER_0_248,VGND,li1,124.8900,10.8800,0.000000
FILLER_0_245,VGND,li1,123.5100,10.8800,0.000000
FILLER_0_234,VGND,li1,118.4500,10.8800,0.000000
FILLER_0_231,VGND,li1,117.0700,10.8800,0.000000
FILLER_0_570,VGND,li1,273.0100,10.8800,0.000000
FILLER_0_228,VGND,li1,115.6900,10.8800,0.000000
FILLER_0_225,VGND,li1,114.3100,10.8800,0.000000
FILLER_0_221,VGND,li1,112.4700,10.8800,0.000000
FILLER_0_513,VGND,li1,246.7900,10.8800,0.000001
FILLER_0_211,VGND,li1,107.6400,10.8800,0.000000
FILLER_0_567,VGND,li1,271.6300,10.8800,0.000000
FILLER_0_480,VGND,li1,231.6100,10.8800,0.000001
FILLER_0_564,VGND,li1,270.2500,10.8800,0.000000
FILLER_0_561,VGND,li1,268.8700,10.8800,0.000000
FILLER_0_208,VGND,li1,106.4900,10.8800,0.000000
FILLER_0_186,VGND,li1,96.1400,10.8800,0.000001
FILLER_0_183,VGND,li1,94.9900,10.8800,0.000001
FILLER_0_180,VGND,li1,93.6100,10.8800,0.000001
FILLER_0_177,VGND,li1,92.2300,10.8800,0.000001
FILLER_0_167,VGND,li1,87.1700,10.8800,0.000001
FILLER_0_164,VGND,li1,86.2500,10.8800,0.000001
FILLER_0_161,VGND,li1,84.8700,10.8800,0.000001
FILLER_0_158,VGND,li1,83.4900,10.8800,0.000001
FILLER_0_155,VGND,li1,82.1100,10.8800,0.000001
FILLER_0_152,VGND,li1,80.7300,10.8800,0.000001
FILLER_0_149,VGND,li1,79.3500,10.8800,0.000002
FILLER_0_138,VGND,li1,74.0600,10.8800,0.000003
FILLER_0_135,VGND,li1,72.9100,10.8800,0.000003
FILLER_0_116,VGND,li1,63.9400,10.8800,0.000004
FILLER_0_113,VGND,li1,62.7900,10.8800,0.000004
FILLER_0_102,VGND,li1,57.5000,10.8800,0.000004
FILLER_0_57,VGND,li1,36.8000,10.8800,0.000003
FILLER_0_557,VGND,li1,267.0300,10.8800,0.000000
FILLER_0_38,VGND,li1,28.0600,10.8800,0.000002
FILLER_0_29,VGND,li1,23.6900,10.8800,0.000001
FILLER_0_27,VGND,li1,22.7700,10.8800,0.000001
FILLER_0_548,VGND,li1,262.4300,10.8800,0.000000
FILLER_0_477,VGND,li1,230.2300,10.8800,0.000001
FILLER_0_545,VGND,li1,261.5100,10.8800,0.000001
FILLER_0_542,VGND,li1,260.1300,10.8800,0.000001
FILLER_0_24,VGND,li1,21.8500,10.8800,0.000001
FILLER_0_20,VGND,li1,19.5500,10.8800,0.000001
FILLER_0_17,VGND,li1,18.6300,10.8800,0.000001
FILLER_0_14,VGND,li1,17.2500,10.8800,0.000001
FILLER_0_11,VGND,li1,15.8700,10.8800,0.000001
FILLER_0_539,VGND,li1,258.7500,10.8800,0.000001
FILLER_0_473,VGND,li1,228.3900,10.8800,0.000001
FILLER_0_536,VGND,li1,257.3700,10.8800,0.000001
FILLER_0_449,VGND,li1,217.1200,10.8800,0.000001
FILLER_0_533,VGND,li1,255.9900,10.8800,0.000001
FILLER_0_522,VGND,li1,250.7000,10.8800,0.000001
ANTENNA_11,VGND,li1,95.2200,293.7600,0.000008
ANTENNA_10,VGND,li1,150.8800,76.1600,0.000002
ANTENNA_9,VGND,li1,125.5800,184.9600,0.000004
ANTENNA_8,VGND,li1,51.0600,266.5600,0.000004
ANTENNA_7,VGND,li1,54.7400,212.1600,0.000005
ANTENNA_6,VGND,li1,215.7400,195.8400,0.000005
ANTENNA_5,VGND,li1,53.8200,43.5200,0.000009
ANTENNA_4,VGND,li1,161.4600,244.8000,0.000005
ANTENNA_3,VGND,li1,165.6000,125.1200,0.000004
ANTENNA_2,VGND,li1,162.3800,157.7600,0.000030
ANTENNA_1,VGND,li1,69.9200,195.8400,0.000004
hold883,VGND,li1,261.7400,76.1600,0.000003
hold882,VGND,li1,123.2800,179.5200,0.000002
hold881,VGND,li1,123.7400,114.2400,0.000006
hold884,VGND,li1,123.2800,244.8000,0.000013
hold886,VGND,li1,102.5800,10.8800,0.000001
hold885,VGND,li1,120.5200,168.6400,0.000003
hold887,VGND,li1,132.9400,304.6400,0.000006
hold879,VGND,li1,282.9000,217.6000,0.000019
hold880,VGND,li1,186.3000,54.4000,0.000002
hold877,VGND,li1,233.6800,16.3200,0.000006
hold878,VGND,li1,290.2600,261.1200,0.000005
hold875,VGND,li1,102.5800,16.3200,0.000003
hold876,VGND,li1,188.1400,125.1200,0.000004
hold873,VGND,li1,265.8800,48.9600,0.000004
hold874,VGND,li1,224.4800,10.8800,0.000001
hold871,VGND,li1,264.5000,141.4400,0.000008
hold872,VGND,li1,262.6600,184.9600,0.000017
hold869,VGND,li1,224.9400,16.3200,0.000006
hold870,VGND,li1,106.7200,304.6400,0.000005
hold867,VGND,li1,276.4600,212.1600,0.000006
hold868,VGND,li1,277.3800,293.7600,0.000004
hold865,VGND,li1,278.7600,76.1600,0.000004
hold866,VGND,li1,118.2200,304.6400,0.000006
hold863,VGND,li1,172.0400,299.2000,0.000002
hold864,VGND,li1,175.7200,266.5600,0.000002
hold861,VGND,li1,123.2800,184.9600,0.000004
hold862,VGND,li1,272.3200,250.2400,0.000006
hold859,VGND,li1,270.0200,255.6800,0.000003
hold860,VGND,li1,231.3800,130.5600,0.000013
hold857,VGND,li1,129.2600,59.8400,0.000004
hold858,VGND,li1,137.0800,201.2800,0.000002
hold855,VGND,li1,128.3400,190.4000,0.000006
hold856,VGND,li1,120.5200,136.0000,0.000002
hold853,VGND,li1,120.5200,141.4400,0.000004
hold854,VGND,li1,120.5200,125.1200,0.000004
hold851,VGND,li1,245.6400,168.6400,0.000006
hold852,VGND,li1,270.0200,299.2000,0.000005
hold849,VGND,li1,213.4400,277.4400,0.000008
hold850,VGND,li1,128.3400,146.8800,0.000004
hold847,VGND,li1,227.2400,87.0400,0.000001
hold848,VGND,li1,219.8800,125.1200,0.000008
hold845,VGND,li1,192.7400,81.6000,0.000003
hold846,VGND,li1,257.6000,184.9600,0.000019
hold843,VGND,li1,245.6400,152.3200,0.000004
hold844,VGND,li1,128.3400,103.3600,0.000001
hold841,VGND,li1,180.7800,76.1600,0.000005
hold842,VGND,li1,235.9800,130.5600,0.000012
hold839,VGND,li1,129.2600,206.7200,0.000002
hold840,VGND,li1,195.9600,21.7600,0.000004
hold837,VGND,li1,42.3200,228.4800,0.000006
hold838,VGND,li1,46.9200,250.2400,0.000009
hold835,VGND,li1,46.4600,288.3200,0.000005
hold836,VGND,li1,43.2400,244.8000,0.000006
hold833,VGND,li1,51.0600,282.8800,0.000004
hold834,VGND,li1,58.4200,304.6400,0.000004
hold831,VGND,li1,63.9400,299.2000,0.000003
hold832,VGND,li1,69.0000,16.3200,0.000007
hold829,VGND,li1,28.5200,293.7600,0.000007
hold830,VGND,li1,31.2800,250.2400,0.000020
hold827,VGND,li1,32.6600,288.3200,0.000007
hold828,VGND,li1,31.2800,125.1200,0.000007
hold825,VGND,li1,38.6400,288.3200,0.000006
hold826,VGND,li1,33.1200,272.0000,0.000006
hold823,VGND,li1,17.4800,261.1200,0.000003
hold824,VGND,li1,46.9200,97.9200,0.000012
hold821,VGND,li1,43.7000,223.0400,0.000006
hold822,VGND,li1,17.0200,266.5600,0.000006
hold819,VGND,li1,50.6000,299.2000,0.000001
hold820,VGND,li1,21.1600,114.2400,0.000004
hold817,VGND,li1,34.0400,217.6000,0.000024
hold818,VGND,li1,25.3000,266.5600,0.000006
hold815,VGND,li1,51.0600,277.4400,0.000012
hold816,VGND,li1,17.0200,163.2000,0.000005
hold813,VGND,li1,25.3000,163.2000,0.000006
hold814,VGND,li1,21.1600,244.8000,0.000005
hold811,VGND,li1,63.9400,184.9600,0.000026
hold812,VGND,li1,17.4800,184.9600,0.000004
hold809,VGND,li1,70.8400,190.4000,0.000005
hold810,VGND,li1,30.8200,282.8800,0.000006
hold807,VGND,li1,21.1600,244.8000,0.000005
hold808,VGND,li1,25.3000,190.4000,0.000008
hold805,VGND,li1,46.9200,261.1200,0.000003
hold806,VGND,li1,21.1600,174.0800,0.000019
hold803,VGND,li1,34.0400,206.7200,0.000021
hold804,VGND,li1,46.9200,299.2000,0.000001
hold801,VGND,li1,38.6400,299.2000,0.000001
hold802,VGND,li1,16.1000,272.0000,0.000005
hold799,VGND,li1,32.2000,293.7600,0.000008
hold800,VGND,li1,72.2200,174.0800,0.000006
hold797,VGND,li1,38.6400,152.3200,0.000005
hold798,VGND,li1,51.5200,184.9600,0.000014
hold795,VGND,li1,26.2200,217.6000,0.000017
hold796,VGND,li1,66.2400,157.7600,0.000004
hold793,VGND,li1,63.9400,174.0800,0.000009
hold794,VGND,li1,40.9400,201.2800,0.000009
hold791,VGND,li1,55.6600,184.9600,0.000019
hold792,VGND,li1,21.1600,217.6000,0.000012
hold789,VGND,li1,17.4800,244.8000,0.000004
hold790,VGND,li1,30.3600,228.4800,0.000006
hold787,VGND,li1,38.6400,261.1200,0.000006
hold788,VGND,li1,55.2000,97.9200,0.000010
hold785,VGND,li1,32.2000,233.9200,0.000006
hold786,VGND,li1,31.2800,261.1200,0.000006
hold783,VGND,li1,54.7400,163.2000,0.000005
hold784,VGND,li1,67.6200,174.0800,0.000007
hold781,VGND,li1,29.9000,114.2400,0.000006
hold782,VGND,li1,21.1600,168.6400,0.000004
hold779,VGND,li1,30.3600,201.2800,0.000011
hold780,VGND,li1,56.1200,299.2000,0.000002
hold777,VGND,li1,59.8000,282.8800,0.000003
hold778,VGND,li1,21.1600,261.1200,0.000004
hold775,VGND,li1,53.8200,195.8400,0.000006
hold776,VGND,li1,16.1000,190.4000,0.000006
hold773,VGND,li1,34.0400,255.6800,0.000008
hold774,VGND,li1,38.1800,266.5600,0.000007
hold771,VGND,li1,46.9200,190.4000,0.000006
hold772,VGND,li1,17.0200,125.1200,0.000005
hold769,VGND,li1,44.1600,272.0000,0.000005
hold770,VGND,li1,30.3600,179.5200,0.000004
hold767,VGND,li1,65.3200,38.0800,0.000005
hold768,VGND,li1,59.8000,65.2800,0.000004
hold765,VGND,li1,21.1600,250.2400,0.000020
hold766,VGND,li1,27.1400,157.7600,0.000006
hold763,VGND,li1,33.1200,190.4000,0.000009
hold764,VGND,li1,20.2400,233.9200,0.000004
hold761,VGND,li1,46.9200,212.1600,0.000006
hold762,VGND,li1,32.6600,163.2000,0.000007
hold759,VGND,li1,39.1000,190.4000,0.000008
hold760,VGND,li1,28.5200,233.9200,0.000005
hold757,VGND,li1,19.7800,179.5200,0.000003
hold758,VGND,li1,51.0600,179.5200,0.000003
hold755,VGND,li1,57.0400,179.5200,0.000005
hold756,VGND,li1,51.0600,168.6400,0.000004
hold753,VGND,li1,28.9800,184.9600,0.000007
hold754,VGND,li1,22.0800,92.4800,0.000007
hold751,VGND,li1,21.1600,223.0400,0.000007
hold752,VGND,li1,46.9200,87.0400,0.000013
hold749,VGND,li1,22.5400,282.8800,0.000004
hold750,VGND,li1,40.9400,255.6800,0.000007
hold747,VGND,li1,21.1600,141.4400,0.000008
hold748,VGND,li1,21.1600,206.7200,0.000019
hold745,VGND,li1,46.9200,119.6800,0.000005
hold746,VGND,li1,29.4400,125.1200,0.000007
hold743,VGND,li1,15.6400,97.9200,0.000013
hold744,VGND,li1,13.8000,250.2400,0.000017
hold741,VGND,li1,30.3600,266.5600,0.000007
hold742,VGND,li1,17.4800,136.0000,0.000003
hold739,VGND,li1,17.4800,146.8800,0.000008
hold740,VGND,li1,41.8600,125.1200,0.000008
hold737,VGND,li1,21.1600,157.7600,0.000005
hold738,VGND,li1,51.0600,212.1600,0.000005
hold735,VGND,li1,56.5800,114.2400,0.000009
hold736,VGND,li1,57.9600,244.8000,0.000007
hold733,VGND,li1,46.4600,141.4400,0.000007
hold734,VGND,li1,17.4800,114.2400,0.000004
hold731,VGND,li1,46.9200,228.4800,0.000005
hold732,VGND,li1,40.4800,87.0400,0.000012
hold729,VGND,li1,28.5200,244.8000,0.000007
hold730,VGND,li1,45.0800,163.2000,0.000005
hold727,VGND,li1,65.3200,21.7600,0.000008
hold728,VGND,li1,17.4800,174.0800,0.000013
hold725,VGND,li1,55.2000,27.2000,0.000024
hold726,VGND,li1,28.9800,92.4800,0.000010
hold723,VGND,li1,34.0400,136.0000,0.000006
hold724,VGND,li1,43.2400,108.8000,0.000005
hold721,VGND,li1,38.1800,206.7200,0.000018
hold722,VGND,li1,21.1600,81.6000,0.000005
hold719,VGND,li1,17.4800,228.4800,0.000004
hold720,VGND,li1,17.4800,201.2800,0.000007
hold717,VGND,li1,26.6800,228.4800,0.000006
hold718,VGND,li1,34.0400,195.8400,0.000009
hold715,VGND,li1,72.6800,16.3200,0.000006
hold716,VGND,li1,56.1200,108.8000,0.000004
hold713,VGND,li1,58.8800,27.2000,0.000025
hold714,VGND,li1,68.0800,108.8000,0.000004
hold711,VGND,li1,64.4000,239.3600,0.000020
hold712,VGND,li1,38.6400,141.4400,0.000009
hold709,VGND,li1,34.0400,228.4800,0.000006
hold710,VGND,li1,21.1600,228.4800,0.000005
hold707,VGND,li1,46.0000,16.3200,0.000007
hold708,VGND,li1,21.1600,195.8400,0.000007
hold705,VGND,li1,45.5400,70.7200,0.000008
hold706,VGND,li1,46.9200,157.7600,0.000005
hold703,VGND,li1,30.3600,217.6000,0.000021
hold704,VGND,li1,30.3600,201.2800,0.000011
hold701,VGND,li1,44.1600,195.8400,0.000007
hold702,VGND,li1,70.8400,21.7600,0.000006
hold699,VGND,li1,39.5600,244.8000,0.000007
hold700,VGND,li1,38.1800,108.8000,0.000005
hold697,VGND,li1,54.7400,157.7600,0.000006
hold698,VGND,li1,52.4400,146.8800,0.000014
hold695,VGND,li1,53.8200,223.0400,0.000004
hold696,VGND,li1,25.3000,54.4000,0.000005
hold693,VGND,li1,42.3200,212.1600,0.000007
hold694,VGND,li1,45.0800,206.7200,0.000013
hold691,VGND,li1,42.7800,233.9200,0.000006
hold692,VGND,li1,31.7400,146.8800,0.000019
hold689,VGND,li1,21.1600,76.1600,0.000017
hold690,VGND,li1,17.9400,103.3600,0.000005
hold687,VGND,li1,48.7600,206.7200,0.000009
hold688,VGND,li1,51.5200,250.2400,0.000007
hold685,VGND,li1,18.4000,217.6000,0.000010
hold686,VGND,li1,26.2200,27.2000,0.000018
hold683,VGND,li1,55.6600,108.8000,0.000004
hold684,VGND,li1,29.4400,48.9600,0.000004
hold681,VGND,li1,15.6400,27.2000,0.000009
hold682,VGND,li1,18.4000,87.0400,0.000005
hold679,VGND,li1,17.4800,38.0800,0.000004
hold680,VGND,li1,55.6600,136.0000,0.000005
hold677,VGND,li1,60.2600,206.7200,0.000008
hold678,VGND,li1,34.0400,239.3600,0.000021
hold675,VGND,li1,46.0000,81.6000,0.000006
hold676,VGND,li1,41.8600,168.6400,0.000004
hold673,VGND,li1,64.8600,217.6000,0.000018
hold674,VGND,li1,25.7600,103.3600,0.000008
hold671,VGND,li1,14.7200,217.6000,0.000011
hold672,VGND,li1,59.8000,228.4800,0.000004
hold669,VGND,li1,21.1600,146.8800,0.000011
hold670,VGND,li1,17.4800,206.7200,0.000014
hold667,VGND,li1,34.0400,10.8800,0.000003
hold668,VGND,li1,30.3600,136.0000,0.000006
hold665,VGND,li1,34.0400,81.6000,0.000007
hold666,VGND,li1,38.1800,32.6400,0.000009
hold663,VGND,li1,18.8600,282.8800,0.000003
hold664,VGND,li1,46.9200,136.0000,0.000005
hold661,VGND,li1,33.5800,114.2400,0.000006
hold662,VGND,li1,21.1600,119.6800,0.000007
hold659,VGND,li1,38.1800,250.2400,0.000016
hold660,VGND,li1,30.3600,141.4400,0.000010
hold657,VGND,li1,30.8200,157.7600,0.000007
hold658,VGND,li1,25.7600,70.7200,0.000012
hold655,VGND,li1,72.6800,97.9200,0.000007
hold656,VGND,li1,63.9400,146.8800,0.000010
hold653,VGND,li1,17.9400,70.7200,0.000007
hold654,VGND,li1,16.5600,59.8400,0.000005
hold651,VGND,li1,56.1200,38.0800,0.000005
hold652,VGND,li1,67.6200,48.9600,0.000001
hold649,VGND,li1,41.4000,16.3200,0.000008
hold650,VGND,li1,34.5000,16.3200,0.000008
hold647,VGND,li1,64.8600,54.4000,0.000004
hold648,VGND,li1,76.8200,21.7600,0.000004
hold645,VGND,li1,64.4000,16.3200,0.000008
hold646,VGND,li1,43.2400,97.9200,0.000015
hold643,VGND,li1,69.4600,32.6400,0.000007
hold644,VGND,li1,63.9400,76.1600,0.000008
hold641,VGND,li1,55.6600,21.7600,0.000008
hold642,VGND,li1,18.4000,81.6000,0.000004
hold639,VGND,li1,66.2400,92.4800,0.000008
hold640,VGND,li1,17.0200,152.3200,0.000005
hold637,VGND,li1,29.9000,21.7600,0.000008
hold638,VGND,li1,46.9200,130.5600,0.000010
hold635,VGND,li1,54.7400,76.1600,0.000011
hold636,VGND,li1,26.6800,81.6000,0.000006
hold633,VGND,li1,64.4000,103.3600,0.000007
hold634,VGND,li1,38.1800,92.4800,0.000010
hold631,VGND,li1,59.8000,97.9200,0.000010
hold632,VGND,li1,40.4800,103.3600,0.000008
hold629,VGND,li1,59.8000,38.0800,0.000005
hold630,VGND,li1,29.4400,87.0400,0.000010
hold627,VGND,li1,13.8000,114.2400,0.000004
hold628,VGND,li1,57.0400,38.0800,0.000005
hold625,VGND,li1,21.1600,146.8800,0.000011
hold626,VGND,li1,19.3200,97.9200,0.000012
hold623,VGND,li1,17.4800,130.5600,0.000014
hold624,VGND,li1,42.3200,141.4400,0.000008
hold621,VGND,li1,51.5200,125.1200,0.000009
hold622,VGND,li1,72.2200,103.3600,0.000005
hold619,VGND,li1,42.7800,65.2800,0.000002
hold620,VGND,li1,21.1600,54.4000,0.000005
hold617,VGND,li1,33.1200,65.2800,0.000002
hold618,VGND,li1,55.6600,87.0400,0.000023
hold615,VGND,li1,56.5800,16.3200,0.000008
hold616,VGND,li1,50.6000,54.4000,0.000002
hold613,VGND,li1,29.4400,59.8400,0.000005
hold614,VGND,li1,46.9200,114.2400,0.000006
hold611,VGND,li1,39.5600,54.4000,0.000004
hold612,VGND,li1,51.0600,38.0800,0.000005
hold609,VGND,li1,55.2000,81.6000,0.000005
hold610,VGND,li1,38.6400,27.2000,0.000026
hold607,VGND,li1,19.3200,27.2000,0.000009
hold608,VGND,li1,46.9200,76.1600,0.000013
hold605,VGND,li1,31.7400,54.4000,0.000005
hold606,VGND,li1,29.9000,27.2000,0.000021
hold603,VGND,li1,19.3200,48.9600,0.000003
hold604,VGND,li1,16.5600,54.4000,0.000005
hold601,VGND,li1,17.4800,65.2800,0.000002
hold602,VGND,li1,29.9000,32.6400,0.000010
hold599,VGND,li1,45.0800,43.5200,0.000012
hold600,VGND,li1,13.3400,76.1600,0.000015
hold597,VGND,li1,28.9800,277.4400,0.000023
hold598,VGND,li1,20.7000,16.3200,0.000005
hold595,VGND,li1,46.9200,32.6400,0.000006
hold596,VGND,li1,29.9000,21.7600,0.000008
hold593,VGND,li1,33.1200,43.5200,0.000022
hold594,VGND,li1,23.0000,48.9600,0.000003
hold591,VGND,li1,51.0600,27.2000,0.000020
hold592,VGND,li1,33.5800,32.6400,0.000010
hold589,VGND,li1,22.5400,277.4400,0.000017
hold590,VGND,li1,47.3800,27.2000,0.000018
hold587,VGND,li1,39.1000,38.0800,0.000008
hold588,VGND,li1,25.7600,10.8800,0.000002
hold585,VGND,li1,56.5800,130.5600,0.000007
hold586,VGND,li1,56.5800,206.7200,0.000009
hold583,VGND,li1,55.2000,255.6800,0.000004
hold584,VGND,li1,51.9800,250.2400,0.000007
hold581,VGND,li1,55.2000,125.1200,0.000011
hold582,VGND,li1,58.4200,119.6800,0.000005
hold579,VGND,li1,54.2800,201.2800,0.000006
hold580,VGND,li1,59.8000,255.6800,0.000004
hold1128,VGND,li1,252.5400,244.8000,0.000004
hold1127,VGND,li1,214.3600,217.6000,0.000002
hold1126,VGND,li1,295.7800,277.4400,0.000003
hold1125,VGND,li1,249.3200,136.0000,0.000002
hold1124,VGND,li1,249.7800,21.7600,0.000005
hold1123,VGND,li1,253.0000,152.3200,0.000004
hold1122,VGND,li1,238.2800,174.0800,0.000002
hold1121,VGND,li1,218.9600,21.7600,0.000006
hold1120,VGND,li1,192.7400,272.0000,0.000009
hold1119,VGND,li1,238.7400,114.2400,0.000004
hold1118,VGND,li1,275.5400,146.8800,0.000007
hold1117,VGND,li1,232.7600,48.9600,0.000004
hold1116,VGND,li1,253.4600,299.2000,0.000004
hold1115,VGND,li1,223.5600,125.1200,0.000008
hold1114,VGND,li1,220.3400,114.2400,0.000006
hold1113,VGND,li1,287.5000,136.0000,0.000003
hold1112,VGND,li1,278.3000,141.4400,0.000016
hold1111,VGND,li1,244.2600,201.2800,0.000002
hold1110,VGND,li1,235.0600,288.3200,0.000002
hold1109,VGND,li1,274.1600,174.0800,0.000005
hold1108,VGND,li1,271.4000,32.6400,0.000004
hold1107,VGND,li1,232.3000,195.8400,0.000005
hold1106,VGND,li1,150.4200,288.3200,0.000001
hold1105,VGND,li1,278.7600,266.5600,0.000005
hold1104,VGND,li1,285.2000,152.3200,0.000005
hold1103,VGND,li1,282.9000,114.2400,0.000001
hold888,VGND,li1,111.3200,244.8000,0.000018
hold889,VGND,li1,131.1000,244.8000,0.000009
hold1069,VGND,li1,265.8800,201.2800,0.000003
hold1068,VGND,li1,276.0000,125.1200,0.000010
hold1067,VGND,li1,286.1200,228.4800,0.000004
hold1211,VGND,li1,295.7800,195.8400,0.000005
hold1191,VGND,li1,294.8600,261.1200,0.000006
hold1179,VGND,li1,245.6400,87.0400,0.000003
hold1190,VGND,li1,290.2600,266.5600,0.000004
hold890,VGND,li1,124.2000,250.2400,0.000003
hold891,VGND,li1,131.5600,233.9200,0.000004
hold892,VGND,li1,287.0400,130.5600,0.000005
hold893,VGND,li1,110.4000,304.6400,0.000004
hold894,VGND,li1,124.2000,299.2000,0.000007
hold895,VGND,li1,284.7400,212.1600,0.000005
hold896,VGND,li1,98.4400,299.2000,0.000004
hold897,VGND,li1,283.3600,76.1600,0.000003
hold898,VGND,li1,288.8800,201.2800,0.000003
hold899,VGND,li1,300.8400,212.1600,0.000005
hold900,VGND,li1,290.7200,130.5600,0.000004
hold901,VGND,li1,291.1800,108.8000,0.000003
hold902,VGND,li1,184.4600,70.7200,0.000006
hold903,VGND,li1,71.7600,157.7600,0.000003
hold904,VGND,li1,68.0800,114.2400,0.000011
hold905,VGND,li1,62.5600,255.6800,0.000004
hold906,VGND,li1,70.8400,70.7200,0.000003
hold907,VGND,li1,63.9400,146.8800,0.000010
hold908,VGND,li1,75.4400,81.6000,0.000003
hold909,VGND,li1,47.3800,261.1200,0.000003
hold910,VGND,li1,59.8000,70.7200,0.000005
hold911,VGND,li1,77.2800,87.0400,0.000020
hold912,VGND,li1,45.0800,277.4400,0.000017
hold913,VGND,li1,58.8800,282.8800,0.000003
hold914,VGND,li1,51.5200,97.9200,0.000010
hold915,VGND,li1,59.8000,223.0400,0.000003
hold916,VGND,li1,68.5400,233.9200,0.000003
hold917,VGND,li1,63.9400,136.0000,0.000004
hold918,VGND,li1,76.8200,201.2800,0.000003
hold919,VGND,li1,52.4400,272.0000,0.000004
hold920,VGND,li1,77.7400,179.5200,0.000004
hold921,VGND,li1,64.4000,293.7600,0.000022
hold922,VGND,li1,37.7200,288.3200,0.000007
hold923,VGND,li1,263.1200,97.9200,0.000005
hold924,VGND,li1,198.2600,59.8400,0.000013
hold925,VGND,li1,231.3800,250.2400,0.000004
hold926,VGND,li1,197.8000,190.4000,0.000009
hold927,VGND,li1,238.2800,212.1600,0.000005
hold928,VGND,li1,64.8600,190.4000,0.000005
hold929,VGND,li1,69.9200,212.1600,0.000003
hold930,VGND,li1,231.3800,244.8000,0.000002
hold931,VGND,li1,155.9400,76.1600,0.000003
hold932,VGND,li1,206.0800,130.5600,0.000017
hold933,VGND,li1,64.4000,157.7600,0.000005
hold934,VGND,li1,209.3000,272.0000,0.000020
hold935,VGND,li1,65.3200,201.2800,0.000005
hold936,VGND,li1,257.1400,48.9600,0.000003
hold937,VGND,li1,180.3200,87.0400,0.000002
hold938,VGND,li1,168.3600,119.6800,0.000006
hold939,VGND,li1,198.7200,125.1200,0.000004
hold940,VGND,li1,172.9600,206.7200,0.000006
hold941,VGND,li1,63.9400,272.0000,0.000003
hold942,VGND,li1,162.8400,152.3200,0.000004
hold943,VGND,li1,156.8600,76.1600,0.000003
hold944,VGND,li1,175.7200,179.5200,0.000001
hold945,VGND,li1,161.9200,108.8000,0.000014
hold946,VGND,li1,200.5600,233.9200,0.000013
hold947,VGND,li1,158.2400,130.5600,0.000012
hold948,VGND,li1,197.8000,87.0400,0.000001
hold949,VGND,li1,52.4400,190.4000,0.000006
hold950,VGND,li1,186.7600,212.1600,0.000002
hold951,VGND,li1,181.7000,233.9200,0.000009
hold952,VGND,li1,202.4000,282.8800,0.000004
hold953,VGND,li1,188.6000,288.3200,0.000001
hold954,VGND,li1,131.5600,70.7200,0.000004
hold955,VGND,li1,162.8400,168.6400,0.000004
hold956,VGND,li1,166.9800,76.1600,0.000003
hold957,VGND,li1,248.8600,27.2000,0.000005
hold958,VGND,li1,265.8800,70.7200,0.000006
hold959,VGND,li1,137.0800,201.2800,0.000002
hold960,VGND,li1,237.3600,277.4400,0.000003
hold961,VGND,li1,174.3400,92.4800,0.000014
hold962,VGND,li1,206.0800,70.7200,0.000005
hold963,VGND,li1,164.6800,157.7600,0.000026
hold964,VGND,li1,207.9200,266.5600,0.000004
hold965,VGND,li1,245.1800,108.8000,0.000004
hold966,VGND,li1,234.1400,87.0400,0.000002
hold967,VGND,li1,167.4400,59.8400,0.000008
hold968,VGND,li1,239.6600,304.6400,0.000005
hold969,VGND,li1,149.0400,179.5200,0.000003
hold970,VGND,li1,219.4200,261.1200,0.000001
hold971,VGND,li1,166.9800,103.3600,0.000004
hold972,VGND,li1,154.1000,97.9200,0.000005
hold973,VGND,li1,181.2400,179.5200,0.000001
hold974,VGND,li1,137.0800,288.3200,0.000001
hold975,VGND,li1,140.3000,299.2000,0.000004
hold976,VGND,li1,171.1200,70.7200,0.000005
hold977,VGND,li1,194.1200,70.7200,0.000006
hold978,VGND,li1,157.7800,108.8000,0.000019
hold979,VGND,li1,198.7200,141.4400,0.000005
hold980,VGND,li1,159.1600,228.4800,0.000004
hold981,VGND,li1,141.2200,233.9200,0.000003
hold982,VGND,li1,218.5000,141.4400,0.000007
hold983,VGND,li1,173.8800,136.0000,0.000000
hold984,VGND,li1,205.6200,59.8400,0.000009
hold985,VGND,li1,168.8200,65.2800,0.000003
hold986,VGND,li1,140.3000,255.6800,0.000014
hold987,VGND,li1,161.4600,136.0000,0.000000
hold988,VGND,li1,214.3600,184.9600,0.000010
hold989,VGND,li1,167.4400,304.6400,0.000003
hold990,VGND,li1,174.8000,163.2000,0.000004
hold991,VGND,li1,218.5000,59.8400,0.000005
hold992,VGND,li1,160.0800,97.9200,0.000005
hold993,VGND,li1,251.6200,244.8000,0.000004
hold994,VGND,li1,245.1800,266.5600,0.000004
hold995,VGND,li1,198.7200,114.2400,0.000005
hold996,VGND,li1,174.3400,125.1200,0.000004
hold997,VGND,li1,174.8000,146.8800,0.000004
hold998,VGND,li1,209.7600,163.2000,0.000003
hold999,VGND,li1,166.9800,174.0800,0.000003
hold1000,VGND,li1,256.2200,103.3600,0.000003
hold1001,VGND,li1,176.1800,114.2400,0.000006
hold1002,VGND,li1,207.0000,217.6000,0.000003
hold1003,VGND,li1,187.2200,141.4400,0.000006
hold1004,VGND,li1,205.6200,190.4000,0.000014
hold1005,VGND,li1,212.9800,125.1200,0.000008
hold1006,VGND,li1,231.3800,293.7600,0.000003
hold1007,VGND,li1,189.0600,125.1200,0.000004
hold1008,VGND,li1,185.8400,174.0800,0.000005
hold1009,VGND,li1,242.4200,250.2400,0.000006
hold1010,VGND,li1,197.3400,212.1600,0.000002
hold1011,VGND,li1,192.7400,206.7200,0.000010
hold1012,VGND,li1,199.6400,223.0400,0.000004
hold1013,VGND,li1,253.0000,277.4400,0.000003
hold1014,VGND,li1,205.6200,146.8800,0.000006
hold1015,VGND,li1,158.2400,146.8800,0.000004
hold1016,VGND,li1,236.9000,299.2000,0.000004
hold1017,VGND,li1,175.2600,157.7600,0.000019
hold1210,VGND,li1,218.5000,223.0400,0.000005
hold1063,VGND,li1,122.3600,282.8800,0.000007
hold1215,VGND,li1,270.0200,163.2000,0.000006
hold1064,VGND,li1,141.2200,146.8800,0.000004
hold1065,VGND,li1,123.7400,54.4000,0.000012
hold1066,VGND,li1,218.5000,190.4000,0.000018
hold1209,VGND,li1,258.0600,168.6400,0.000004
hold1214,VGND,li1,65.7800,304.6400,0.000004
hold1208,VGND,li1,299.9200,233.9200,0.000008
hold1213,VGND,li1,248.4000,195.8400,0.000006
hold1062,VGND,li1,186.7600,190.4000,0.000014
hold1061,VGND,li1,250.7000,174.0800,0.000003
hold1060,VGND,li1,141.2200,184.9600,0.000002
hold1059,VGND,li1,218.5000,239.3600,0.000011
hold1058,VGND,li1,258.5200,59.8400,0.000001
hold1057,VGND,li1,262.2000,59.8400,0.000002
hold1056,VGND,li1,265.8800,87.0400,0.000002
hold1055,VGND,li1,268.6400,277.4400,0.000002
hold1054,VGND,li1,262.2000,299.2000,0.000004
hold1053,VGND,li1,202.8600,136.0000,0.000001
hold1052,VGND,li1,236.4400,266.5600,0.000004
hold1051,VGND,li1,218.5000,87.0400,0.000001
hold1050,VGND,li1,128.3400,179.5200,0.000002
hold1049,VGND,li1,201.4800,119.6800,0.000022
hold1048,VGND,li1,161.9200,130.5600,0.000013
hold1047,VGND,li1,181.2400,190.4000,0.000016
hold1046,VGND,li1,144.4400,261.1200,0.000002
hold1045,VGND,li1,149.9600,304.6400,0.000006
hold1044,VGND,li1,161.4600,272.0000,0.000007
hold1043,VGND,li1,231.3800,299.2000,0.000003
hold1042,VGND,li1,161.0000,255.6800,0.000012
hold1041,VGND,li1,261.7400,108.8000,0.000005
hold1040,VGND,li1,133.4000,288.3200,0.000001
hold1224,VGND,li1,278.7600,195.8400,0.000006
hold1223,VGND,li1,277.8400,174.0800,0.000005
hold1212,VGND,li1,265.8800,157.7600,0.000004
hold1222,VGND,li1,271.4000,168.6400,0.000005
hold1195,VGND,li1,221.7200,304.6400,0.000003
hold1221,VGND,li1,128.8000,293.7600,0.000012
hold1189,VGND,li1,257.1400,304.6400,0.000003
hold1220,VGND,li1,265.8800,174.0800,0.000004
hold1219,VGND,li1,285.2000,108.8000,0.000004
hold1218,VGND,li1,218.5000,152.3200,0.000003
hold1217,VGND,li1,83.2600,92.4800,0.000004
hold1024,VGND,li1,214.3600,212.1600,0.000005
hold1130,VGND,li1,213.9000,119.6800,0.000030
hold1194,VGND,li1,278.7600,223.0400,0.000007
hold1129,VGND,li1,224.9400,217.6000,0.000002
hold1025,VGND,li1,175.7200,293.7600,0.000003
hold1200,VGND,li1,207.4600,32.6400,0.000015
hold1199,VGND,li1,261.2800,27.2000,0.000004
hold1198,VGND,li1,205.6200,97.9200,0.000004
hold1178,VGND,li1,201.0200,27.2000,0.000002
hold1177,VGND,li1,302.2200,239.3600,0.000012
hold1176,VGND,li1,220.3400,103.3600,0.000005
hold1175,VGND,li1,220.8000,16.3200,0.000007
hold1174,VGND,li1,162.3800,261.1200,0.000002
hold1173,VGND,li1,214.3600,293.7600,0.000002
hold1172,VGND,li1,251.6200,212.1600,0.000006
hold1171,VGND,li1,222.1800,76.1600,0.000003
hold1170,VGND,li1,253.0000,190.4000,0.000012
hold1169,VGND,li1,135.2400,184.9600,0.000002
hold1168,VGND,li1,219.4200,65.2800,0.000007
hold1167,VGND,li1,260.3600,179.5200,0.000004
hold1166,VGND,li1,252.5400,157.7600,0.000004
hold1165,VGND,li1,232.3000,190.4000,0.000015
hold1164,VGND,li1,235.5200,228.4800,0.000004
hold1163,VGND,li1,253.0000,59.8400,0.000001
hold1162,VGND,li1,251.6200,136.0000,0.000002
hold1161,VGND,li1,250.2400,217.6000,0.000006
hold1160,VGND,li1,231.8400,146.8800,0.000005
hold1101,VGND,li1,219.4200,168.6400,0.000005
hold1188,VGND,li1,254.8400,87.0400,0.000002
hold1187,VGND,li1,218.5000,157.7600,0.000009
hold1186,VGND,li1,253.0000,54.4000,0.000006
hold1185,VGND,li1,298.0800,212.1600,0.000005
hold1184,VGND,li1,147.2000,206.7200,0.000002
hold1183,VGND,li1,194.1200,103.3600,0.000005
hold1182,VGND,li1,288.4200,206.7200,0.000005
hold1181,VGND,li1,236.9000,239.3600,0.000007
hold1100,VGND,li1,289.3400,190.4000,0.000004
hold1102,VGND,li1,241.9600,27.2000,0.000005
hold1099,VGND,li1,145.3600,223.0400,0.000003
hold1098,VGND,li1,270.0200,152.3200,0.000006
hold1097,VGND,li1,278.3000,184.9600,0.000022
hold1096,VGND,li1,263.5800,43.5200,0.000011
hold1095,VGND,li1,137.5400,266.5600,0.000001
hold1094,VGND,li1,276.0000,190.4000,0.000008
hold1093,VGND,li1,188.6000,108.8000,0.000004
hold1092,VGND,li1,202.4000,174.0800,0.000004
hold1091,VGND,li1,240.1200,16.3200,0.000006
hold1090,VGND,li1,211.1400,32.6400,0.000018
hold1089,VGND,li1,282.9000,239.3600,0.000007
hold1088,VGND,li1,240.1200,65.2800,0.000010
hold1087,VGND,li1,137.5400,272.0000,0.000004
hold1086,VGND,li1,229.0800,70.7200,0.000002
hold1085,VGND,li1,276.0000,119.6800,0.000007
hold1084,VGND,li1,141.2200,223.0400,0.000003
hold1083,VGND,li1,268.1800,59.8400,0.000002
hold1082,VGND,li1,224.0200,48.9600,0.000003
hold1081,VGND,li1,265.8800,233.9200,0.000007
hold1080,VGND,li1,227.2400,201.2800,0.000002
hold1079,VGND,li1,221.2600,244.8000,0.000002
hold1078,VGND,li1,128.8000,261.1200,0.000002
hold1077,VGND,li1,173.4200,108.8000,0.000007
hold1076,VGND,li1,211.1400,228.4800,0.000016
hold1075,VGND,li1,282.9000,233.9200,0.000007
hold1197,VGND,li1,159.1600,304.6400,0.000005
hold1193,VGND,li1,253.4600,201.2800,0.000002
hold1192,VGND,li1,295.7800,223.0400,0.000005
hold1196,VGND,li1,253.0000,282.8800,0.000006
hold1028,VGND,li1,123.7400,272.0000,0.000005
hold1018,VGND,li1,199.1800,163.2000,0.000002
hold1019,VGND,li1,224.9400,228.4800,0.000007
hold1070,VGND,li1,239.6600,97.9200,0.000005
hold1071,VGND,li1,240.1200,43.5200,0.000022
hold1072,VGND,li1,149.9600,146.8800,0.000005
hold1073,VGND,li1,209.3000,168.6400,0.000005
hold1216,VGND,li1,261.7400,163.2000,0.000005
hold1159,VGND,li1,278.3000,108.8000,0.000006
hold1158,VGND,li1,266.8000,125.1200,0.000011
hold1157,VGND,li1,252.5400,141.4400,0.000006
hold1156,VGND,li1,238.2800,184.9600,0.000019
hold1155,VGND,li1,227.7000,152.3200,0.000002
hold1154,VGND,li1,234.1400,174.0800,0.000002
hold1153,VGND,li1,284.7400,244.8000,0.000016
hold1152,VGND,li1,213.9000,103.3600,0.000006
hold1151,VGND,li1,276.4600,87.0400,0.000002
hold1150,VGND,li1,228.1600,179.5200,0.000003
hold1149,VGND,li1,266.3400,288.3200,0.000009
hold1148,VGND,li1,257.1400,255.6800,0.000003
hold1147,VGND,li1,188.6000,97.9200,0.000005
hold1146,VGND,li1,287.0400,168.6400,0.000003
hold1145,VGND,li1,258.9800,272.0000,0.000020
hold1144,VGND,li1,236.9000,163.2000,0.000006
hold1143,VGND,li1,257.1400,48.9600,0.000003
hold1142,VGND,li1,259.4400,206.7200,0.000006
hold1141,VGND,li1,270.4800,223.0400,0.000006
hold1140,VGND,li1,277.8400,70.7200,0.000006
hold1139,VGND,li1,286.1200,136.0000,0.000003
hold1138,VGND,li1,154.1000,272.0000,0.000007
hold1137,VGND,li1,189.0600,266.5600,0.000004
hold1136,VGND,li1,250.2400,119.6800,0.000008
hold1135,VGND,li1,287.0400,119.6800,0.000004
hold1134,VGND,li1,218.5000,97.9200,0.000004
hold1133,VGND,li1,265.8800,239.3600,0.000005
hold1132,VGND,li1,197.3400,32.6400,0.000007
hold1204,VGND,li1,304.5200,244.8000,0.000026
hold1205,VGND,li1,230.0000,32.6400,0.000014
hold1202,VGND,li1,151.3400,255.6800,0.000019
hold1203,VGND,li1,201.4800,81.6000,0.000004
hold1206,VGND,li1,265.8800,217.6000,0.000017
hold1207,VGND,li1,205.6200,16.3200,0.000006
hold1037,VGND,li1,201.4800,179.5200,0.000002
hold1038,VGND,li1,149.9600,136.0000,0.000001
hold1201,VGND,li1,161.9200,299.2000,0.000003
hold1180,VGND,li1,257.1400,130.5600,0.000007
hold1131,VGND,li1,278.7600,277.4400,0.000002
hold1027,VGND,li1,175.7200,277.4400,0.000016
hold1029,VGND,li1,262.2000,114.2400,0.000003
hold1030,VGND,li1,252.0800,70.7200,0.000003
hold1020,VGND,li1,215.7400,293.7600,0.000002
hold1031,VGND,li1,249.3200,76.1600,0.000004
hold1074,VGND,li1,272.7800,59.8400,0.000003
hold1039,VGND,li1,221.7200,146.8800,0.000006
hold1032,VGND,li1,194.1200,146.8800,0.000005
hold1023,VGND,li1,229.5400,59.8400,0.000002
hold1033,VGND,li1,211.6000,195.8400,0.000004
hold1034,VGND,li1,161.9200,282.8800,0.000006
hold1035,VGND,li1,245.6400,255.6800,0.000005
hold1036,VGND,li1,254.8400,70.7200,0.000003
hold1026,VGND,li1,186.3000,103.3600,0.000005
hold1021,VGND,li1,176.6400,97.9200,0.000005
hold1022,VGND,li1,143.5200,212.1600,0.000004
clkbuf_leaf_0_clk,VGND,li1,28.0600,43.5200,0.000027
clkload36,VGND,li1,220.5700,272.0000,0.000029
clkload37,VGND,li1,249.3200,272.0000,0.000046
clkload34,VGND,li1,220.5700,190.4000,0.000019
clkload35,VGND,li1,182.3900,282.8800,0.000008
clkload32,VGND,li1,281.7500,179.5200,0.000006
clkload33,VGND,li1,252.3100,190.4000,0.000012
clkload30,VGND,li1,167.4400,190.4000,0.000013
clkload31,VGND,li1,200.1000,228.4800,0.000012
clkload28,VGND,li1,135.0100,299.2000,0.000006
clkload29,VGND,li1,136.8500,255.6800,0.000014
clkload26,VGND,li1,20.7000,255.6800,0.000007
clkload27,VGND,li1,69.6900,288.3200,0.000005
clkload24,VGND,li1,49.4500,239.3600,0.000020
clkload25,VGND,li1,135.0100,217.6000,0.000018
clkload22,VGND,li1,25.9900,201.2800,0.000011
clkload23,VGND,li1,38.8700,217.6000,0.000028
clkload20,VGND,li1,166.7500,125.1200,0.000004
clkload21,VGND,li1,68.3100,179.5200,0.000007
clkload18,VGND,li1,244.0300,125.1200,0.000024
clkload19,VGND,li1,275.7700,141.4400,0.000015
clkload16,VGND,li1,189.7500,92.4800,0.000027
clkload17,VGND,li1,217.8100,136.0000,0.000002
clkload14,VGND,li1,221.0300,32.6400,0.000024
clkload15,VGND,li1,184.6900,65.2800,0.000008
clkload12,VGND,li1,270.4800,70.7200,0.000007
clkload13,VGND,li1,246.3300,43.5200,0.000028
clkload10,VGND,li1,126.0400,163.2000,0.000018
clkload11,VGND,li1,141.9100,108.8000,0.000018
clkload8,VGND,li1,39.3300,146.8800,0.000023
clkload9,VGND,li1,70.6100,125.1200,0.000016
clkload6,VGND,li1,40.7100,32.6400,0.000009
clkload7,VGND,li1,21.3900,136.0000,0.000004
clkload4,VGND,li1,59.1100,92.4800,0.000011
clkload5,VGND,li1,66.4700,32.6400,0.000008
clkload2,VGND,li1,211.6000,239.3600,0.000015
clkload3,VGND,li1,30.5900,70.7200,0.000014
clkload0,VGND,li1,208.3800,119.6800,0.000037
clkload1,VGND,li1,105.3400,244.8000,0.000028
clkbuf_3_6__f_clk,VGND,li1,217.5800,206.7200,0.000032
clkbuf_3_7__f_clk,VGND,li1,214.3600,233.9200,0.000033
clkbuf_3_4__f_clk,VGND,li1,93.8400,217.6000,0.000032
clkbuf_3_5__f_clk,VGND,li1,103.5000,244.8000,0.000031
clkbuf_3_2__f_clk,VGND,li1,207.4600,92.4800,0.000038
clkbuf_3_3__f_clk,VGND,li1,207.4600,119.6800,0.000037
clkbuf_3_0__f_clk,VGND,li1,93.8400,87.0400,0.000034
clkbuf_3_1__f_clk,VGND,li1,92.0000,114.2400,0.000030
clkbuf_leaf_44_clk,VGND,li1,40.9400,27.2000,0.000028
clkbuf_0_clk,VGND,li1,157.3200,157.7600,0.000040
clkbuf_leaf_42_clk,VGND,li1,137.5400,54.4000,0.000015
clkbuf_leaf_43_clk,VGND,li1,69.9200,27.2000,0.000030
clkbuf_leaf_40_clk,VGND,li1,171.1200,130.5600,0.000018
clkbuf_leaf_41_clk,VGND,li1,146.7400,108.8000,0.000025
clkbuf_leaf_38_clk,VGND,li1,186.7600,59.8400,0.000027
clkbuf_leaf_39_clk,VGND,li1,197.8000,92.4800,0.000031
clkbuf_leaf_36_clk,VGND,li1,248.4000,43.5200,0.000029
clkbuf_leaf_37_clk,VGND,li1,223.1000,32.6400,0.000024
clkbuf_leaf_34_clk,VGND,li1,266.3400,92.4800,0.000026
clkbuf_leaf_35_clk,VGND,li1,276.0000,65.2800,0.000026
clkbuf_leaf_32_clk,VGND,li1,247.9400,125.1200,0.000026
clkbuf_leaf_33_clk,VGND,li1,284.7400,141.4400,0.000018
clkbuf_leaf_30_clk,VGND,li1,198.2600,157.7600,0.000020
clkbuf_leaf_31_clk,VGND,li1,221.7200,130.5600,0.000026
clkbuf_leaf_28_clk,VGND,li1,250.2400,184.9600,0.000029
clkbuf_leaf_29_clk,VGND,li1,225.8600,190.4000,0.000020
clkbuf_leaf_26_clk,VGND,li1,276.0000,217.6000,0.000027
clkbuf_leaf_27_clk,VGND,li1,284.7400,184.9600,0.000024
clkbuf_leaf_24_clk,VGND,li1,286.5800,288.3200,0.000018
clkbuf_leaf_25_clk,VGND,li1,289.8000,244.8000,0.000023
clkbuf_leaf_22_clk,VGND,li1,225.8600,272.0000,0.000032
clkbuf_leaf_23_clk,VGND,li1,248.8600,272.0000,0.000046
clkbuf_leaf_20_clk,VGND,li1,203.7800,228.4800,0.000020
clkbuf_leaf_21_clk,VGND,li1,185.8400,277.4400,0.000026
clkbuf_leaf_18_clk,VGND,li1,138.4600,217.6000,0.000019
clkbuf_leaf_19_clk,VGND,li1,171.1200,190.4000,0.000019
clkbuf_leaf_16_clk,VGND,li1,138.0000,293.7600,0.000015
clkbuf_leaf_17_clk,VGND,li1,143.9800,255.6800,0.000024
clkbuf_leaf_14_clk,VGND,li1,37.2600,277.4400,0.000030
clkbuf_leaf_15_clk,VGND,li1,72.2200,293.7600,0.000025
clkbuf_leaf_12_clk,VGND,li1,53.8200,239.3600,0.000028
clkbuf_leaf_13_clk,VGND,li1,24.8400,250.2400,0.000024
clkbuf_leaf_10_clk,VGND,li1,27.1400,206.7200,0.000027
clkbuf_leaf_11_clk,VGND,li1,41.8600,217.6000,0.000029
clkbuf_leaf_8_clk,VGND,li1,70.3800,184.9600,0.000030
clkbuf_leaf_9_clk,VGND,li1,30.3600,174.0800,0.000029
clkbuf_leaf_6_clk,VGND,li1,76.8200,125.1200,0.000017
clkbuf_leaf_7_clk,VGND,li1,134.3200,163.2000,0.000023
clkbuf_leaf_4_clk,VGND,li1,25.3000,130.5600,0.000026
clkbuf_leaf_5_clk,VGND,li1,43.2400,146.8800,0.000025
clkbuf_leaf_2_clk,VGND,li1,62.1000,87.0400,0.000032
clkbuf_leaf_3_clk,VGND,li1,30.8200,97.9200,0.000027
clkbuf_leaf_1_clk,VGND,li1,31.2800,76.1600,0.000030
output458,VGND,li1,13.3400,10.8800,0.000001
output459,VGND,li1,13.3400,114.2400,0.000004
single_cycle_cpu_577,VGND,li1,12.1900,16.3200,0.000004
single_cycle_cpu_576,VGND,li1,307.5100,16.3200,0.000000
single_cycle_cpu_575,VGND,li1,307.5100,10.8800,0.000000
single_cycle_cpu_578,VGND,li1,20.4700,10.8800,0.000001
single_cycle_cpu,VGND,li1,218.2700,10.8800,0.000001
max_cap573,VGND,li1,265.8800,125.1200,0.000011
max_cap574,VGND,li1,143.5200,125.1200,0.000004
max_cap571,VGND,li1,194.1200,223.0400,0.000005
max_cap572,VGND,li1,279.6800,163.2000,0.000006
max_cap569,VGND,li1,276.9200,228.4800,0.000006
wire570,VGND,li1,170.6600,27.2000,0.000001
max_cap567,VGND,li1,279.6800,233.9200,0.000008
max_cap568,VGND,li1,298.5400,223.0400,0.000006
max_cap565,VGND,li1,146.2800,114.2400,0.000004
max_cap566,VGND,li1,230.4600,261.1200,0.000002
max_cap563,VGND,li1,183.0800,43.5200,0.000001
wire564,VGND,li1,163.7600,48.9600,0.000000
wire561,VGND,li1,185.3800,87.0400,0.000002
wire562,VGND,li1,137.0800,32.6400,0.000000
wire559,VGND,li1,111.3200,168.6400,0.000002
max_cap560,VGND,li1,82.3400,59.8400,0.000000
max_cap557,VGND,li1,85.5600,168.6400,0.000002
max_cap558,VGND,li1,97.5200,168.6400,0.000002
max_cap555,VGND,li1,94.9900,141.4400,0.000002
max_cap556,VGND,li1,86.0200,163.2000,0.000003
max_cap553,VGND,li1,98.4400,108.8000,0.000003
max_cap554,VGND,li1,94.7600,92.4800,0.000003
max_cap551,VGND,li1,111.3200,266.5600,0.000001
max_cap552,VGND,li1,73.6000,293.7600,0.000019
wire549,VGND,li1,109.2500,92.4800,0.000001
wire550,VGND,li1,60.2600,108.8000,0.000004
output547,VGND,li1,98.4400,304.6400,0.000006
output548,VGND,li1,103.0400,304.6400,0.000005
output545,VGND,li1,76.8200,304.6400,0.000003
output546,VGND,li1,89.7000,304.6400,0.000004
output543,VGND,li1,54.7400,304.6400,0.000004
output544,VGND,li1,65.7800,304.6400,0.000004
output541,VGND,li1,306.3600,299.2000,0.000002
output542,VGND,li1,43.7000,304.6400,0.000002
output539,VGND,li1,32.6600,304.6400,0.000001
output540,VGND,li1,304.5200,299.2000,0.000002
output537,VGND,li1,306.3600,304.6400,0.000003
output538,VGND,li1,302.6800,304.6400,0.000003
output535,VGND,li1,297.6200,304.6400,0.000003
output536,VGND,li1,304.5200,304.6400,0.000003
output533,VGND,li1,275.5400,304.6400,0.000003
output534,VGND,li1,286.5800,304.6400,0.000003
output531,VGND,li1,260.8200,304.6400,0.000004
output532,VGND,li1,264.5000,304.6400,0.000004
output529,VGND,li1,231.3800,304.6400,0.000004
output530,VGND,li1,244.2600,304.6400,0.000005
output527,VGND,li1,225.4000,304.6400,0.000003
output528,VGND,li1,21.1600,304.6400,0.000001
output525,VGND,li1,198.2600,304.6400,0.000001
output526,VGND,li1,209.3000,304.6400,0.000002
output523,VGND,li1,175.7200,304.6400,0.000003
output524,VGND,li1,187.2200,304.6400,0.000002
output521,VGND,li1,154.1000,304.6400,0.000006
output522,VGND,li1,162.8400,304.6400,0.000004
output519,VGND,li1,129.2600,304.6400,0.000006
output520,VGND,li1,143.0600,304.6400,0.000006
output517,VGND,li1,13.3400,299.2000,0.000000
output518,VGND,li1,121.9000,304.6400,0.000006
output515,VGND,li1,98.4400,10.8800,0.000001
output516,VGND,li1,109.9400,10.8800,0.000000
output513,VGND,li1,76.8200,10.8800,0.000002
output514,VGND,li1,89.7000,10.8800,0.000001
output511,VGND,li1,46.9200,10.8800,0.000003
output512,VGND,li1,59.8000,10.8800,0.000004
output509,VGND,li1,302.6800,16.3200,0.000000
output510,VGND,li1,30.8200,16.3200,0.000008
output507,VGND,li1,306.3600,16.3200,0.000000
output508,VGND,li1,30.3600,10.8800,0.000002
output505,VGND,li1,297.6200,10.8800,0.000000
output506,VGND,li1,304.5200,10.8800,0.000000
output503,VGND,li1,275.5400,10.8800,0.000000
output504,VGND,li1,286.5800,10.8800,0.000000
output501,VGND,li1,253.0000,10.8800,0.000001
output502,VGND,li1,264.5000,10.8800,0.000000
output499,VGND,li1,220.8000,10.8800,0.000001
output500,VGND,li1,244.2600,10.8800,0.000002
output497,VGND,li1,198.2600,10.8800,0.000000
output498,VGND,li1,209.3000,10.8800,0.000001
output495,VGND,li1,175.7200,10.8800,0.000000
output496,VGND,li1,187.2200,10.8800,0.000000
output493,VGND,li1,154.1000,10.8800,0.000000
output494,VGND,li1,166.9800,10.8800,0.000000
output491,VGND,li1,132.0200,10.8800,0.000000
output492,VGND,li1,143.0600,10.8800,0.000000
output489,VGND,li1,13.3400,103.3600,0.000006
output490,VGND,li1,120.9800,10.8800,0.000000
output487,VGND,li1,13.3400,81.6000,0.000005
output488,VGND,li1,13.3400,87.0400,0.000006
output485,VGND,li1,13.3400,65.2800,0.000002
output486,VGND,li1,13.3400,70.7200,0.000008
output483,VGND,li1,13.3400,38.0800,0.000005
output484,VGND,li1,13.3400,48.9600,0.000003
output481,VGND,li1,13.3400,299.2000,0.000000
output482,VGND,li1,17.0200,304.6400,0.000000
output479,VGND,li1,17.0200,304.6400,0.000000
output480,VGND,li1,21.1600,38.0800,0.000005
output477,VGND,li1,13.3400,304.6400,0.000000
output478,VGND,li1,13.3400,304.6400,0.000000
output475,VGND,li1,13.3400,282.8800,0.000003
output476,VGND,li1,13.3400,293.7600,0.000003
output473,VGND,li1,13.3400,266.5600,0.000006
output474,VGND,li1,13.3400,277.4400,0.000013
output471,VGND,li1,13.3400,244.8000,0.000005
output472,VGND,li1,13.3400,261.1200,0.000004
output469,VGND,li1,13.3400,21.7600,0.000005
output470,VGND,li1,13.3400,228.4800,0.000004
output468,VGND,li1,13.3400,223.0400,0.000007
output467,VGND,li1,13.3400,206.7200,0.000014
output465,VGND,li1,13.3400,184.9600,0.000004
output464,VGND,li1,13.3400,174.0800,0.000014
output466,VGND,li1,13.3400,195.8400,0.000007
output463,VGND,li1,13.3400,163.2000,0.000005
output462,VGND,li1,13.3400,146.8800,0.000009
output460,VGND,li1,13.3400,130.5600,0.000015
output461,VGND,li1,13.3400,136.0000,0.000003
fanout74,VGND,li1,162.8400,250.2400,0.000003
fanout73,VGND,li1,163.7600,244.8000,0.000005
fanout72,VGND,li1,175.2600,244.8000,0.000003
fanout71,VGND,li1,228.3900,255.6800,0.000004
fanout70,VGND,li1,266.3400,299.2000,0.000005
fanout69,VGND,li1,163.7600,244.8000,0.000005
fanout68,VGND,li1,131.5600,282.8800,0.000007
fanout67,VGND,li1,167.9000,244.8000,0.000003
fanout66,VGND,li1,275.0800,233.9200,0.000008
fanout65,VGND,li1,291.6400,250.2400,0.000004
fanout64,VGND,li1,295.3200,244.8000,0.000025
fanout63,VGND,li1,278.0700,233.9200,0.000008
fanout62,VGND,li1,282.9000,266.5600,0.000004
fanout61,VGND,li1,292.3300,233.9200,0.000006
fanout60,VGND,li1,298.5400,223.0400,0.000006
fanout59,VGND,li1,276.2300,233.9200,0.000008
fanout58,VGND,li1,277.8400,233.9200,0.000008
fanout57,VGND,li1,172.5000,244.8000,0.000003
fanout56,VGND,li1,180.7800,277.4400,0.000020
fanout55,VGND,li1,143.0600,228.4800,0.000004
fanout54,VGND,li1,172.0400,239.3600,0.000003
fanout53,VGND,li1,184.6900,228.4800,0.000008
fanout52,VGND,li1,208.8400,233.9200,0.000025
fanout51,VGND,li1,128.3400,244.8000,0.000011
fanout50,VGND,li1,133.8600,244.8000,0.000008
fanout49,VGND,li1,131.5600,195.8400,0.000005
fanout48,VGND,li1,274.6200,130.5600,0.000008
fanout47,VGND,li1,270.0200,179.5200,0.000006
fanout46,VGND,li1,272.7800,184.9600,0.000020
fanout45,VGND,li1,271.8600,179.5200,0.000006
fanout44,VGND,li1,278.7600,163.2000,0.000006
fanout43,VGND,li1,284.7400,157.7600,0.000003
fanout42,VGND,li1,280.3700,168.6400,0.000004
fanout41,VGND,li1,272.7800,141.4400,0.000013
fanout40,VGND,li1,263.8100,119.6800,0.000006
fanout39,VGND,li1,191.8200,146.8800,0.000005
fanout38,VGND,li1,184.9200,168.6400,0.000004
fanout37,VGND,li1,191.8200,119.6800,0.000016
fanout36,VGND,li1,264.0400,125.1200,0.000011
fanout35,VGND,li1,270.9400,92.4800,0.000022
fanout34,VGND,li1,276.4600,92.4800,0.000018
fanout33,VGND,li1,279.2200,92.4800,0.000016
fanout32,VGND,li1,273.7000,87.0400,0.000002
fanout31,VGND,li1,264.5000,76.1600,0.000004
fanout30,VGND,li1,269.5600,87.0400,0.000002
fanout29,VGND,li1,232.7600,87.0400,0.000002
fanout28,VGND,li1,269.1000,76.1600,0.000004
fanout27,VGND,li1,205.6200,81.6000,0.000004
fanout26,VGND,li1,256.2200,76.1600,0.000004
fanout25,VGND,li1,258.9800,21.7600,0.000002
fanout24,VGND,li1,253.9200,21.7600,0.000004
fanout23,VGND,li1,166.9800,130.5600,0.000014
fanout22,VGND,li1,141.9100,125.1200,0.000004
fanout21,VGND,li1,145.3600,125.1200,0.000005
fanout20,VGND,li1,146.7400,108.8000,0.000025
fanout19,VGND,li1,164.2200,92.4800,0.000007
fanout18,VGND,li1,162.8400,97.9200,0.000005
place455,VGND,li1,149.9600,119.6800,0.000005
place456,VGND,li1,153.1800,21.7600,0.000001
place453,VGND,li1,141.6800,32.6400,0.000000
place454,VGND,li1,135.7000,76.1600,0.000001
place451,VGND,li1,138.0000,76.1600,0.000001
place452,VGND,li1,140.3000,21.7600,0.000000
place397,VGND,li1,193.2000,282.8800,0.000005
place266,VGND,li1,44.1600,174.0800,0.000015
place427,VGND,li1,170.2000,32.6400,0.000002
place406,VGND,li1,235.0600,92.4800,0.000013
place407,VGND,li1,176.1800,70.7200,0.000006
place404,VGND,li1,269.1000,97.9200,0.000005
place405,VGND,li1,271.8600,38.0800,0.000003
place402,VGND,li1,279.6800,190.4000,0.000008
place403,VGND,li1,278.7600,114.2400,0.000002
place375,VGND,li1,146.2800,136.0000,0.000001
place376,VGND,li1,161.4600,48.9600,0.000000
place357,VGND,li1,226.3200,81.6000,0.000004
place358,VGND,li1,218.0400,48.9600,0.000004
place274,VGND,li1,24.8400,108.8000,0.000004
place282,VGND,li1,26.2200,97.9200,0.000020
place272,VGND,li1,60.7200,48.9600,0.000002
place273,VGND,li1,34.9600,54.4000,0.000005
place270,VGND,li1,37.7200,184.9600,0.000009
place271,VGND,li1,46.0000,152.3200,0.000005
place263,VGND,li1,109.4800,206.7200,0.000001
place267,VGND,li1,63.0200,92.4800,0.000010
place317,VGND,li1,177.5600,48.9600,0.000000
place316,VGND,li1,176.6400,201.2800,0.000003
place333,VGND,li1,111.7800,27.2000,0.000003
place335,VGND,li1,229.0800,157.7600,0.000004
place321,VGND,li1,205.1600,184.9600,0.000007
place315,VGND,li1,252.5400,136.0000,0.000002
place314,VGND,li1,159.1600,136.0000,0.000001
place336,VGND,li1,191.8200,125.1200,0.000004
place388,VGND,li1,196.4200,184.9600,0.000005
place448,VGND,li1,140.3000,54.4000,0.000012
place457,VGND,li1,149.5000,114.2400,0.000004
place441,VGND,li1,221.7200,179.5200,0.000005
place340,VGND,li1,246.1000,103.3600,0.000004
place328,VGND,li1,69.4600,130.5600,0.000004
place327,VGND,li1,59.8000,152.3200,0.000004
place326,VGND,li1,61.1800,212.1600,0.000005
place394,VGND,li1,243.3400,206.7200,0.000010
place426,VGND,li1,182.1600,32.6400,0.000004
place414,VGND,li1,159.1600,119.6800,0.000006
place442,VGND,li1,223.5600,179.5200,0.000004
place424,VGND,li1,259.4400,92.4800,0.000016
place425,VGND,li1,247.0200,38.0800,0.000002
place412,VGND,li1,211.6000,201.2800,0.000003
place411,VGND,li1,213.4400,255.6800,0.000005
place387,VGND,li1,259.9000,65.2800,0.000011
place447,VGND,li1,158.2400,16.3200,0.000003
place449,VGND,li1,154.1000,16.3200,0.000003
place439,VGND,li1,163.7600,146.8800,0.000004
place438,VGND,li1,150.8800,125.1200,0.000005
place203,VGND,li1,281.9800,16.3200,0.000001
place408,VGND,li1,240.1200,70.7200,0.000003
place409,VGND,li1,157.7800,65.2800,0.000002
place318,VGND,li1,204.7000,114.2400,0.000006
place319,VGND,li1,227.2400,266.5600,0.000004
place323,VGND,li1,120.0600,228.4800,0.000002
place386,VGND,li1,227.2400,217.6000,0.000002
place384,VGND,li1,137.0800,54.4000,0.000015
place391,VGND,li1,172.9600,233.9200,0.000007
place392,VGND,li1,140.7600,103.3600,0.000002
place374,VGND,li1,129.7200,152.3200,0.000003
place372,VGND,li1,120.5200,114.2400,0.000007
place368,VGND,li1,186.3000,27.2000,0.000001
place351,VGND,li1,221.2600,59.8400,0.000005
place346,VGND,li1,196.8800,136.0000,0.000001
place344,VGND,li1,112.2400,65.2800,0.000000
place413,VGND,li1,258.0600,184.9600,0.000019
place312,VGND,li1,284.7400,157.7600,0.000003
place269,VGND,li1,23.9200,146.8800,0.000013
place362,VGND,li1,122.3600,228.4800,0.000002
place268,VGND,li1,23.9200,244.8000,0.000006
place363,VGND,li1,122.3600,125.1200,0.000004
place265,VGND,li1,71.3000,59.8400,0.000001
place301,VGND,li1,103.5000,179.5200,0.000002
place295,VGND,li1,46.0000,97.9200,0.000012
place440,VGND,li1,170.2000,206.7200,0.000004
place275,VGND,li1,17.9400,21.7600,0.000005
place345,VGND,li1,177.5600,217.6000,0.000005
place364,VGND,li1,181.2400,21.7600,0.000002
place398,VGND,li1,179.4000,201.2800,0.000003
place399,VGND,li1,212.5200,130.5600,0.000021
place309,VGND,li1,125.1200,65.2800,0.000001
place400,VGND,li1,228.1600,97.9200,0.000003
place303,VGND,li1,78.6600,108.8000,0.000002
place421,VGND,li1,179.4000,97.9200,0.000005
place422,VGND,li1,270.4800,168.6400,0.000005
place355,VGND,li1,242.4200,217.6000,0.000005
place329,VGND,li1,172.5000,48.9600,0.000000
place325,VGND,li1,121.9000,76.1600,0.000001
place320,VGND,li1,224.4800,217.6000,0.000002
place415,VGND,li1,186.7600,16.3200,0.000004
place308,VGND,li1,75.9000,184.9600,0.000018
place300,VGND,li1,99.3600,114.2400,0.000020
place348,VGND,li1,192.2800,92.4800,0.000028
place334,VGND,li1,224.9400,223.0400,0.000005
place338,VGND,li1,211.6000,212.1600,0.000004
place365,VGND,li1,263.1200,217.6000,0.000013
place366,VGND,li1,255.3000,157.7600,0.000004
place359,VGND,li1,237.3600,223.0400,0.000005
place379,VGND,li1,132.9400,92.4800,0.000002
place383,VGND,li1,158.7000,43.5200,0.000000
place352,VGND,li1,199.1800,261.1200,0.000001
place353,VGND,li1,189.5200,163.2000,0.000004
place433,VGND,li1,148.1200,163.2000,0.000012
place435,VGND,li1,177.1000,228.4800,0.000006
place417,VGND,li1,193.2000,233.9200,0.000010
place418,VGND,li1,259.4400,233.9200,0.000005
place419,VGND,li1,254.3800,212.1600,0.000005
place396,VGND,li1,184.4600,27.2000,0.000001
place377,VGND,li1,156.8600,119.6800,0.000006
place389,VGND,li1,160.5400,141.4400,0.000006
place390,VGND,li1,305.4400,38.0800,0.000001
place342,VGND,li1,101.6600,163.2000,0.000005
place341,VGND,li1,145.3600,103.3600,0.000004
place330,VGND,li1,227.7000,217.6000,0.000002
place369,VGND,li1,142.1400,54.4000,0.000012
place370,VGND,li1,52.4400,136.0000,0.000004
place307,VGND,li1,110.4000,21.7600,0.000002
place429,VGND,li1,257.1400,233.9200,0.000006
place432,VGND,li1,153.1800,59.8400,0.000005
place305,VGND,li1,80.5000,179.5200,0.000003
place434,VGND,li1,143.0600,81.6000,0.000002
place437,VGND,li1,157.3200,114.2400,0.000005
place289,VGND,li1,34.5000,70.7200,0.000014
place279,VGND,li1,53.8200,217.6000,0.000019
place278,VGND,li1,35.8800,190.4000,0.000009
place288,VGND,li1,60.7200,70.7200,0.000005
place381,VGND,li1,228.1600,157.7600,0.000004
place280,VGND,li1,34.9600,146.8800,0.000020
place292,VGND,li1,34.0400,261.1200,0.000006
place283,VGND,li1,51.5200,261.1200,0.000003
place293,VGND,li1,28.0600,190.4000,0.000008
place313,VGND,li1,265.8800,65.2800,0.000016
place306,VGND,li1,110.8600,141.4400,0.000002
place281,VGND,li1,22.0800,103.3600,0.000006
place264,VGND,li1,78.2000,206.7200,0.000004
place112,VGND,li1,13.3400,43.5200,0.000014
place294,VGND,li1,34.0400,125.1200,0.000007
place285,VGND,li1,24.3800,146.8800,0.000013
place286,VGND,li1,37.7200,146.8800,0.000022
place284,VGND,li1,23.9200,212.1600,0.000008
place287,VGND,li1,22.0800,92.4800,0.000007
place290,VGND,li1,51.9800,163.2000,0.000005
place298,VGND,li1,74.0600,76.1600,0.000004
place322,VGND,li1,204.7000,81.6000,0.000004
place356,VGND,li1,224.4800,119.6800,0.000017
place291,VGND,li1,34.9600,130.5600,0.000020
place296,VGND,li1,24.3800,16.3200,0.000006
place297,VGND,li1,34.5000,81.6000,0.000007
place299,VGND,li1,41.4000,87.0400,0.000012
place302,VGND,li1,83.7200,76.1600,0.000002
place304,VGND,li1,77.7400,76.1600,0.000003
place310,VGND,li1,75.9000,157.7600,0.000002
place276,VGND,li1,24.3800,76.1600,0.000020
place380,VGND,li1,230.9200,277.4400,0.000003
place382,VGND,li1,233.2200,65.2800,0.000007
place277,VGND,li1,25.3000,223.0400,0.000008
place350,VGND,li1,234.1400,130.5600,0.000012
place331,VGND,li1,232.3000,157.7600,0.000004
place393,VGND,li1,233.6800,206.7200,0.000011
place311,VGND,li1,288.4200,233.9200,0.000005
place416,VGND,li1,197.3400,266.5600,0.000003
place349,VGND,li1,243.8000,212.1600,0.000005
place395,VGND,li1,244.7200,97.9200,0.000005
place450,VGND,li1,153.1800,54.4000,0.000009
place431,VGND,li1,249.7800,92.4800,0.000013
place428,VGND,li1,184.0000,32.6400,0.000005
place360,VGND,li1,232.3000,190.4000,0.000015
place354,VGND,li1,199.1800,119.6800,0.000017
place361,VGND,li1,224.4800,114.2400,0.000005
place373,VGND,li1,132.9400,206.7200,0.000002
place367,VGND,li1,243.3400,97.9200,0.000005
place401,VGND,li1,282.4400,206.7200,0.000007
place324,VGND,li1,117.3000,141.4400,0.000004
place378,VGND,li1,155.4800,54.4000,0.000008
place420,VGND,li1,178.9400,157.7600,0.000019
place410,VGND,li1,211.1400,261.1200,0.000001
place343,VGND,li1,82.3400,87.0400,0.000022
place332,VGND,li1,227.2400,87.0400,0.000001
place371,VGND,li1,50.6000,119.6800,0.000004
place347,VGND,li1,230.4600,136.0000,0.000002
place339,VGND,li1,244.7200,157.7600,0.000005
place423,VGND,li1,271.8600,125.1200,0.000011
place337,VGND,li1,219.8800,299.2000,0.000005
place430,VGND,li1,256.2200,157.7600,0.000004
place444,VGND,li1,146.2800,76.1600,0.000002
place385,VGND,li1,253.0000,146.8800,0.000007
place436,VGND,li1,143.0600,179.5200,0.000003
place446,VGND,li1,132.0200,76.1600,0.000001
place445,VGND,li1,78.2000,304.6400,0.000003
place443,VGND,li1,215.2800,92.4800,0.000029
TAP_TAPCELL_ROW_108_1493,VGND,li1,306.5900,304.9310,0.000003
TAP_TAPCELL_ROW_108_1492,VGND,li1,293.7100,304.9310,0.000003
TAP_TAPCELL_ROW_108_1491,VGND,li1,280.8300,304.9310,0.000003
TAP_TAPCELL_ROW_108_1490,VGND,li1,267.9500,304.9310,0.000004
TAP_TAPCELL_ROW_108_1489,VGND,li1,255.0700,304.9310,0.000004
TAP_TAPCELL_ROW_108_1488,VGND,li1,242.1900,304.9310,0.000005
TAP_TAPCELL_ROW_108_1487,VGND,li1,229.3100,304.9310,0.000004
TAP_TAPCELL_ROW_108_1486,VGND,li1,216.4300,304.9310,0.000002
TAP_TAPCELL_ROW_108_1485,VGND,li1,203.5500,304.9310,0.000002
TAP_TAPCELL_ROW_108_1484,VGND,li1,190.6700,304.9310,0.000002
TAP_TAPCELL_ROW_108_1483,VGND,li1,177.7900,304.9310,0.000003
TAP_TAPCELL_ROW_108_1482,VGND,li1,164.9100,304.9310,0.000004
TAP_TAPCELL_ROW_108_1481,VGND,li1,152.0300,304.9310,0.000006
TAP_TAPCELL_ROW_108_1480,VGND,li1,139.1500,304.9310,0.000004
TAP_TAPCELL_ROW_108_1479,VGND,li1,126.2700,304.9310,0.000006
TAP_TAPCELL_ROW_108_1478,VGND,li1,113.3900,304.9310,0.000005
TAP_TAPCELL_ROW_108_1477,VGND,li1,100.5100,304.9310,0.000005
TAP_TAPCELL_ROW_108_1476,VGND,li1,87.6300,304.9310,0.000004
TAP_TAPCELL_ROW_108_1475,VGND,li1,74.7500,304.9310,0.000004
TAP_TAPCELL_ROW_108_1474,VGND,li1,61.8700,304.9310,0.000004
TAP_TAPCELL_ROW_108_1473,VGND,li1,48.9900,304.9310,0.000002
TAP_TAPCELL_ROW_108_1472,VGND,li1,36.1100,304.9310,0.000001
TAP_TAPCELL_ROW_108_1471,VGND,li1,23.2300,304.9310,0.000001
TAP_TAPCELL_ROW_107_1470,VGND,li1,293.7100,304.3480,0.000003
TAP_TAPCELL_ROW_107_1469,VGND,li1,267.9500,304.3480,0.000004
TAP_TAPCELL_ROW_107_1468,VGND,li1,242.1900,304.3480,0.000005
TAP_TAPCELL_ROW_107_1467,VGND,li1,216.4300,304.3480,0.000002
TAP_TAPCELL_ROW_107_1466,VGND,li1,190.6700,304.3480,0.000002
TAP_TAPCELL_ROW_107_1465,VGND,li1,164.9100,304.3480,0.000004
TAP_TAPCELL_ROW_107_1464,VGND,li1,139.1500,304.3480,0.000004
TAP_TAPCELL_ROW_107_1463,VGND,li1,113.3900,304.3480,0.000005
TAP_TAPCELL_ROW_107_1462,VGND,li1,87.6300,304.3480,0.000004
TAP_TAPCELL_ROW_107_1461,VGND,li1,61.8700,304.3480,0.000004
TAP_TAPCELL_ROW_107_1460,VGND,li1,36.1100,304.3480,0.000001
TAP_TAPCELL_ROW_106_1459,VGND,li1,306.5900,299.4910,0.000002
TAP_TAPCELL_ROW_106_1458,VGND,li1,280.8300,299.4910,0.000004
TAP_TAPCELL_ROW_106_1457,VGND,li1,255.0700,299.4910,0.000004
TAP_TAPCELL_ROW_106_1456,VGND,li1,229.3100,299.4910,0.000003
TAP_TAPCELL_ROW_106_1455,VGND,li1,203.5500,299.4910,0.000003
TAP_TAPCELL_ROW_106_1454,VGND,li1,177.7900,299.4910,0.000002
TAP_TAPCELL_ROW_106_1453,VGND,li1,152.0300,299.4910,0.000004
TAP_TAPCELL_ROW_106_1452,VGND,li1,126.2700,299.4910,0.000008
TAP_TAPCELL_ROW_106_1451,VGND,li1,100.5100,299.4910,0.000004
TAP_TAPCELL_ROW_106_1450,VGND,li1,74.7500,299.4910,0.000002
TAP_TAPCELL_ROW_106_1449,VGND,li1,48.9900,299.4910,0.000001
TAP_TAPCELL_ROW_106_1448,VGND,li1,23.2300,299.4910,0.000000
TAP_TAPCELL_ROW_105_1447,VGND,li1,293.7100,298.9080,0.000002
TAP_TAPCELL_ROW_105_1446,VGND,li1,267.9500,298.9080,0.000005
TAP_TAPCELL_ROW_105_1445,VGND,li1,242.1900,298.9080,0.000005
TAP_TAPCELL_ROW_105_1444,VGND,li1,216.4300,298.9080,0.000006
TAP_TAPCELL_ROW_105_1443,VGND,li1,190.6700,298.9080,0.000002
TAP_TAPCELL_ROW_105_1442,VGND,li1,164.9100,298.9080,0.000003
TAP_TAPCELL_ROW_105_1441,VGND,li1,139.1500,298.9080,0.000004
TAP_TAPCELL_ROW_105_1440,VGND,li1,113.3900,298.9080,0.000006
TAP_TAPCELL_ROW_105_1439,VGND,li1,87.6300,298.9080,0.000003
TAP_TAPCELL_ROW_105_1438,VGND,li1,61.8700,298.9080,0.000003
TAP_TAPCELL_ROW_105_1437,VGND,li1,36.1100,298.9080,0.000001
TAP_TAPCELL_ROW_104_1436,VGND,li1,306.5900,294.0510,0.000004
TAP_TAPCELL_ROW_104_1435,VGND,li1,280.8300,294.0510,0.000004
TAP_TAPCELL_ROW_104_1434,VGND,li1,255.0700,294.0510,0.000004
TAP_TAPCELL_ROW_104_1433,VGND,li1,229.3100,294.0510,0.000002
TAP_TAPCELL_ROW_104_1432,VGND,li1,203.5500,294.0510,0.000001
TAP_TAPCELL_ROW_104_1431,VGND,li1,177.7900,294.0510,0.000003
TAP_TAPCELL_ROW_104_1430,VGND,li1,152.0300,294.0510,0.000011
TAP_TAPCELL_ROW_104_1429,VGND,li1,126.2700,294.0510,0.000012
TAP_TAPCELL_ROW_104_1428,VGND,li1,100.5100,294.0510,0.000007
TAP_TAPCELL_ROW_104_1427,VGND,li1,74.7500,294.0510,0.000019
TAP_TAPCELL_ROW_104_1426,VGND,li1,48.9900,294.0510,0.000010
TAP_TAPCELL_ROW_104_1425,VGND,li1,23.2300,294.0510,0.000004
TAP_TAPCELL_ROW_103_1424,VGND,li1,293.7100,293.4680,0.000004
TAP_TAPCELL_ROW_103_1423,VGND,li1,267.9500,293.4680,0.000005
TAP_TAPCELL_ROW_103_1422,VGND,li1,242.1900,293.4680,0.000004
TAP_TAPCELL_ROW_103_1421,VGND,li1,216.4300,293.4680,0.000002
TAP_TAPCELL_ROW_103_1420,VGND,li1,190.6700,293.4680,0.000002
TAP_TAPCELL_ROW_103_1419,VGND,li1,164.9100,293.4680,0.000006
TAP_TAPCELL_ROW_103_1418,VGND,li1,139.1500,293.4680,0.000015
TAP_TAPCELL_ROW_103_1417,VGND,li1,113.3900,293.4680,0.000007
TAP_TAPCELL_ROW_103_1416,VGND,li1,87.6300,293.4680,0.000010
TAP_TAPCELL_ROW_103_1415,VGND,li1,61.8700,293.4680,0.000020
TAP_TAPCELL_ROW_103_1414,VGND,li1,36.1100,293.4680,0.000009
TAP_TAPCELL_ROW_102_1413,VGND,li1,306.5900,288.6110,0.000014
TAP_TAPCELL_ROW_102_1412,VGND,li1,280.8300,288.6110,0.000016
TAP_TAPCELL_ROW_102_1411,VGND,li1,255.0700,288.6110,0.000004
TAP_TAPCELL_ROW_102_1410,VGND,li1,229.3100,288.6110,0.000001
TAP_TAPCELL_ROW_102_1409,VGND,li1,203.5500,288.6110,0.000002
TAP_TAPCELL_ROW_102_1408,VGND,li1,177.7900,288.6110,0.000001
TAP_TAPCELL_ROW_102_1407,VGND,li1,152.0300,288.6110,0.000001
TAP_TAPCELL_ROW_102_1406,VGND,li1,126.2700,288.6110,0.000001
TAP_TAPCELL_ROW_102_1405,VGND,li1,100.5100,288.6110,0.000001
TAP_TAPCELL_ROW_102_1404,VGND,li1,74.7500,288.6110,0.000004
TAP_TAPCELL_ROW_102_1403,VGND,li1,48.9900,288.6110,0.000005
TAP_TAPCELL_ROW_102_1402,VGND,li1,23.2300,288.6110,0.000004
TAP_TAPCELL_ROW_101_1401,VGND,li1,293.7100,288.0280,0.000014
TAP_TAPCELL_ROW_101_1400,VGND,li1,267.9500,288.0280,0.000010
TAP_TAPCELL_ROW_101_1399,VGND,li1,242.1900,288.0280,0.000003
TAP_TAPCELL_ROW_101_1398,VGND,li1,216.4300,288.0280,0.000003
TAP_TAPCELL_ROW_101_1397,VGND,li1,190.6700,288.0280,0.000001
TAP_TAPCELL_ROW_101_1396,VGND,li1,164.9100,288.0280,0.000002
TAP_TAPCELL_ROW_101_1395,VGND,li1,139.1500,288.0280,0.000000
TAP_TAPCELL_ROW_101_1394,VGND,li1,113.3900,288.0280,0.000001
TAP_TAPCELL_ROW_101_1393,VGND,li1,87.6300,288.0280,0.000002
TAP_TAPCELL_ROW_101_1392,VGND,li1,61.8700,288.0280,0.000006
TAP_TAPCELL_ROW_101_1391,VGND,li1,36.1100,288.0280,0.000007
TAP_TAPCELL_ROW_100_1390,VGND,li1,306.5900,283.1710,0.000009
TAP_TAPCELL_ROW_100_1389,VGND,li1,280.8300,283.1710,0.000009
TAP_TAPCELL_ROW_100_1388,VGND,li1,255.0700,283.1710,0.000005
TAP_TAPCELL_ROW_100_1387,VGND,li1,229.3100,283.1710,0.000004
TAP_TAPCELL_ROW_100_1386,VGND,li1,203.5500,283.1710,0.000004
TAP_TAPCELL_ROW_100_1385,VGND,li1,177.7900,283.1710,0.000007
TAP_TAPCELL_ROW_100_1384,VGND,li1,152.0300,283.1710,0.000007
TAP_TAPCELL_ROW_100_1383,VGND,li1,126.2700,283.1710,0.000007
TAP_TAPCELL_ROW_100_1382,VGND,li1,100.5100,283.1710,0.000002
TAP_TAPCELL_ROW_100_1381,VGND,li1,74.7500,283.1710,0.000001
TAP_TAPCELL_ROW_100_1380,VGND,li1,48.9900,283.1710,0.000004
TAP_TAPCELL_ROW_100_1379,VGND,li1,23.2300,283.1710,0.000004
TAP_TAPCELL_ROW_99_1378,VGND,li1,293.7100,282.5880,0.000008
TAP_TAPCELL_ROW_99_1377,VGND,li1,267.9500,282.5880,0.000009
TAP_TAPCELL_ROW_99_1376,VGND,li1,242.1900,282.5880,0.000006
TAP_TAPCELL_ROW_99_1375,VGND,li1,216.4300,282.5880,0.000004
TAP_TAPCELL_ROW_99_1374,VGND,li1,190.6700,282.5880,0.000006
TAP_TAPCELL_ROW_99_1373,VGND,li1,164.9100,282.5880,0.000006
TAP_TAPCELL_ROW_99_1372,VGND,li1,139.1500,282.5880,0.000006
TAP_TAPCELL_ROW_99_1371,VGND,li1,113.3900,282.5880,0.000004
TAP_TAPCELL_ROW_99_1370,VGND,li1,87.6300,282.5880,0.000001
TAP_TAPCELL_ROW_99_1369,VGND,li1,61.8700,282.5880,0.000003
TAP_TAPCELL_ROW_99_1368,VGND,li1,36.1100,282.5880,0.000007
TAP_TAPCELL_ROW_98_1367,VGND,li1,306.5900,277.7310,0.000003
TAP_TAPCELL_ROW_98_1366,VGND,li1,280.8300,277.7310,0.000002
TAP_TAPCELL_ROW_98_1365,VGND,li1,255.0700,277.7310,0.000002
TAP_TAPCELL_ROW_98_1364,VGND,li1,229.3100,277.7310,0.000003
TAP_TAPCELL_ROW_98_1363,VGND,li1,203.5500,277.7310,0.000009
TAP_TAPCELL_ROW_98_1362,VGND,li1,177.7900,277.7310,0.000018
TAP_TAPCELL_ROW_98_1361,VGND,li1,152.0300,277.7310,0.000006
TAP_TAPCELL_ROW_98_1360,VGND,li1,126.2700,277.7310,0.000003
TAP_TAPCELL_ROW_98_1359,VGND,li1,100.5100,277.7310,0.000002
TAP_TAPCELL_ROW_98_1358,VGND,li1,74.7500,277.7310,0.000004
TAP_TAPCELL_ROW_98_1357,VGND,li1,48.9900,277.7310,0.000013
TAP_TAPCELL_ROW_98_1356,VGND,li1,23.2300,277.7310,0.000017
TAP_TAPCELL_ROW_97_1355,VGND,li1,293.7100,277.1480,0.000003
TAP_TAPCELL_ROW_97_1354,VGND,li1,267.9500,277.1480,0.000002
TAP_TAPCELL_ROW_97_1353,VGND,li1,242.1900,277.1480,0.000003
TAP_TAPCELL_ROW_97_1352,VGND,li1,216.4300,277.1480,0.000007
TAP_TAPCELL_ROW_97_1351,VGND,li1,190.6700,277.1480,0.000020
TAP_TAPCELL_ROW_97_1350,VGND,li1,164.9100,277.1480,0.000007
TAP_TAPCELL_ROW_97_1349,VGND,li1,139.1500,277.1480,0.000004
TAP_TAPCELL_ROW_97_1348,VGND,li1,113.3900,277.1480,0.000002
TAP_TAPCELL_ROW_97_1347,VGND,li1,87.6300,277.1480,0.000002
TAP_TAPCELL_ROW_97_1346,VGND,li1,61.8700,277.1480,0.000009
TAP_TAPCELL_ROW_97_1345,VGND,li1,36.1100,277.1480,0.000030
TAP_TAPCELL_ROW_96_1344,VGND,li1,306.5900,272.2910,0.000011
TAP_TAPCELL_ROW_96_1343,VGND,li1,280.8300,272.2910,0.000014
TAP_TAPCELL_ROW_96_1342,VGND,li1,255.0700,272.2910,0.000032
TAP_TAPCELL_ROW_96_1341,VGND,li1,229.3100,272.2910,0.000024
TAP_TAPCELL_ROW_96_1340,VGND,li1,203.5500,272.2910,0.000014
TAP_TAPCELL_ROW_96_1339,VGND,li1,177.7900,272.2910,0.000008
TAP_TAPCELL_ROW_96_1338,VGND,li1,152.0300,272.2910,0.000007
TAP_TAPCELL_ROW_96_1337,VGND,li1,126.2700,272.2910,0.000005
TAP_TAPCELL_ROW_96_1336,VGND,li1,100.5100,272.2910,0.000002
TAP_TAPCELL_ROW_96_1335,VGND,li1,74.7500,272.2910,0.000002
TAP_TAPCELL_ROW_96_1334,VGND,li1,48.9900,272.2910,0.000004
TAP_TAPCELL_ROW_96_1333,VGND,li1,23.2300,272.2910,0.000006
TAP_TAPCELL_ROW_95_1332,VGND,li1,293.7100,271.7080,0.000010
TAP_TAPCELL_ROW_95_1331,VGND,li1,267.9500,271.7080,0.000019
TAP_TAPCELL_ROW_95_1330,VGND,li1,242.1900,271.7080,0.000039
TAP_TAPCELL_ROW_95_1329,VGND,li1,216.4300,271.7080,0.000026
TAP_TAPCELL_ROW_95_1328,VGND,li1,190.6700,271.7080,0.000010
TAP_TAPCELL_ROW_95_1327,VGND,li1,164.9100,271.7080,0.000006
TAP_TAPCELL_ROW_95_1326,VGND,li1,139.1500,271.7080,0.000004
TAP_TAPCELL_ROW_95_1325,VGND,li1,113.3900,271.7080,0.000003
TAP_TAPCELL_ROW_95_1324,VGND,li1,87.6300,271.7080,0.000001
TAP_TAPCELL_ROW_95_1323,VGND,li1,61.8700,271.7080,0.000004
TAP_TAPCELL_ROW_95_1322,VGND,li1,36.1100,271.7080,0.000006
TAP_TAPCELL_ROW_94_1321,VGND,li1,306.5900,266.8510,0.000005
TAP_TAPCELL_ROW_94_1320,VGND,li1,280.8300,266.8510,0.000004
TAP_TAPCELL_ROW_94_1319,VGND,li1,255.0700,266.8510,0.000003
TAP_TAPCELL_ROW_94_1318,VGND,li1,229.3100,266.8510,0.000003
TAP_TAPCELL_ROW_94_1317,VGND,li1,203.5500,266.8510,0.000004
TAP_TAPCELL_ROW_94_1316,VGND,li1,177.7900,266.8510,0.000003
TAP_TAPCELL_ROW_94_1315,VGND,li1,152.0300,266.8510,0.000001
TAP_TAPCELL_ROW_94_1314,VGND,li1,126.2700,266.8510,0.000003
TAP_TAPCELL_ROW_94_1313,VGND,li1,100.5100,266.8510,0.000001
TAP_TAPCELL_ROW_94_1312,VGND,li1,74.7500,266.8510,0.000001
TAP_TAPCELL_ROW_94_1311,VGND,li1,48.9900,266.8510,0.000004
TAP_TAPCELL_ROW_94_1310,VGND,li1,23.2300,266.8510,0.000006
TAP_TAPCELL_ROW_93_1309,VGND,li1,293.7100,266.2680,0.000005
TAP_TAPCELL_ROW_93_1308,VGND,li1,267.9500,266.2680,0.000005
TAP_TAPCELL_ROW_93_1307,VGND,li1,242.1900,266.2680,0.000004
TAP_TAPCELL_ROW_93_1306,VGND,li1,216.4300,266.2680,0.000004
TAP_TAPCELL_ROW_93_1305,VGND,li1,190.6700,266.2680,0.000004
TAP_TAPCELL_ROW_93_1304,VGND,li1,164.9100,266.2680,0.000001
TAP_TAPCELL_ROW_93_1303,VGND,li1,139.1500,266.2680,0.000001
TAP_TAPCELL_ROW_93_1302,VGND,li1,113.3900,266.2680,0.000001
TAP_TAPCELL_ROW_93_1301,VGND,li1,87.6300,266.2680,0.000001
TAP_TAPCELL_ROW_93_1300,VGND,li1,61.8700,266.2680,0.000003
TAP_TAPCELL_ROW_93_1299,VGND,li1,36.1100,266.2680,0.000007
TAP_TAPCELL_ROW_92_1298,VGND,li1,306.5900,261.4110,0.000007
TAP_TAPCELL_ROW_92_1297,VGND,li1,280.8300,261.4110,0.000005
TAP_TAPCELL_ROW_92_1296,VGND,li1,255.0700,261.4110,0.000002
TAP_TAPCELL_ROW_92_1295,VGND,li1,229.3100,261.4110,0.000002
TAP_TAPCELL_ROW_92_1294,VGND,li1,203.5500,261.4110,0.000001
TAP_TAPCELL_ROW_92_1293,VGND,li1,177.7900,261.4110,0.000001
TAP_TAPCELL_ROW_92_1292,VGND,li1,152.0300,261.4110,0.000003
TAP_TAPCELL_ROW_92_1291,VGND,li1,126.2700,261.4110,0.000002
TAP_TAPCELL_ROW_92_1290,VGND,li1,100.5100,261.4110,0.000001
TAP_TAPCELL_ROW_92_1289,VGND,li1,74.7500,261.4110,0.000002
TAP_TAPCELL_ROW_92_1288,VGND,li1,48.9900,261.4110,0.000003
TAP_TAPCELL_ROW_92_1287,VGND,li1,23.2300,261.4110,0.000004
TAP_TAPCELL_ROW_91_1286,VGND,li1,293.7100,260.8280,0.000005
TAP_TAPCELL_ROW_91_1285,VGND,li1,267.9500,260.8280,0.000004
TAP_TAPCELL_ROW_91_1284,VGND,li1,242.1900,260.8280,0.000003
TAP_TAPCELL_ROW_91_1283,VGND,li1,216.4300,260.8280,0.000001
TAP_TAPCELL_ROW_91_1282,VGND,li1,190.6700,260.8280,0.000001
TAP_TAPCELL_ROW_91_1281,VGND,li1,164.9100,260.8280,0.000002
TAP_TAPCELL_ROW_91_1280,VGND,li1,139.1500,260.8280,0.000002
TAP_TAPCELL_ROW_91_1279,VGND,li1,113.3900,260.8280,0.000001
TAP_TAPCELL_ROW_91_1278,VGND,li1,87.6300,260.8280,0.000001
TAP_TAPCELL_ROW_91_1277,VGND,li1,61.8700,260.8280,0.000003
TAP_TAPCELL_ROW_91_1276,VGND,li1,36.1100,260.8280,0.000006
TAP_TAPCELL_ROW_90_1275,VGND,li1,306.5900,255.9710,0.000009
TAP_TAPCELL_ROW_90_1274,VGND,li1,280.8300,255.9710,0.000004
TAP_TAPCELL_ROW_90_1273,VGND,li1,255.0700,255.9710,0.000004
TAP_TAPCELL_ROW_90_1272,VGND,li1,229.3100,255.9710,0.000004
TAP_TAPCELL_ROW_90_1271,VGND,li1,203.5500,255.9710,0.000005
TAP_TAPCELL_ROW_90_1270,VGND,li1,177.7900,255.9710,0.000005
TAP_TAPCELL_ROW_90_1269,VGND,li1,152.0300,255.9710,0.000019
TAP_TAPCELL_ROW_90_1268,VGND,li1,126.2700,255.9710,0.000012
TAP_TAPCELL_ROW_90_1267,VGND,li1,100.5100,255.9710,0.000003
TAP_TAPCELL_ROW_90_1266,VGND,li1,74.7500,255.9710,0.000002
TAP_TAPCELL_ROW_90_1265,VGND,li1,48.9900,255.9710,0.000005
TAP_TAPCELL_ROW_90_1264,VGND,li1,23.2300,255.9710,0.000008
TAP_TAPCELL_ROW_89_1263,VGND,li1,293.7100,255.3880,0.000006
TAP_TAPCELL_ROW_89_1262,VGND,li1,267.9500,255.3880,0.000003
TAP_TAPCELL_ROW_89_1261,VGND,li1,242.1900,255.3880,0.000005
TAP_TAPCELL_ROW_89_1260,VGND,li1,216.4300,255.3880,0.000006
TAP_TAPCELL_ROW_89_1259,VGND,li1,190.6700,255.3880,0.000004
TAP_TAPCELL_ROW_89_1258,VGND,li1,164.9100,255.3880,0.000009
TAP_TAPCELL_ROW_89_1257,VGND,li1,139.1500,255.3880,0.000014
TAP_TAPCELL_ROW_89_1256,VGND,li1,113.3900,255.3880,0.000006
TAP_TAPCELL_ROW_89_1255,VGND,li1,87.6300,255.3880,0.000002
TAP_TAPCELL_ROW_89_1254,VGND,li1,61.8700,255.3880,0.000004
TAP_TAPCELL_ROW_89_1253,VGND,li1,36.1100,255.3880,0.000008
TAP_TAPCELL_ROW_88_1252,VGND,li1,306.5900,250.5310,0.000004
TAP_TAPCELL_ROW_88_1251,VGND,li1,280.8300,250.5310,0.000006
TAP_TAPCELL_ROW_88_1250,VGND,li1,255.0700,250.5310,0.000004
TAP_TAPCELL_ROW_88_1249,VGND,li1,229.3100,250.5310,0.000004
TAP_TAPCELL_ROW_88_1248,VGND,li1,203.5500,250.5310,0.000003
TAP_TAPCELL_ROW_88_1247,VGND,li1,177.7900,250.5310,0.000002
TAP_TAPCELL_ROW_88_1246,VGND,li1,152.0300,250.5310,0.000004
TAP_TAPCELL_ROW_88_1245,VGND,li1,126.2700,250.5310,0.000004
TAP_TAPCELL_ROW_88_1244,VGND,li1,100.5100,250.5310,0.000001
TAP_TAPCELL_ROW_88_1243,VGND,li1,74.7500,250.5310,0.000003
TAP_TAPCELL_ROW_88_1242,VGND,li1,48.9900,250.5310,0.000007
TAP_TAPCELL_ROW_88_1241,VGND,li1,23.2300,250.5310,0.000024
TAP_TAPCELL_ROW_87_1240,VGND,li1,293.7100,249.9480,0.000004
TAP_TAPCELL_ROW_87_1239,VGND,li1,267.9500,249.9480,0.000006
TAP_TAPCELL_ROW_87_1238,VGND,li1,242.1900,249.9480,0.000006
TAP_TAPCELL_ROW_87_1237,VGND,li1,216.4300,249.9480,0.000005
TAP_TAPCELL_ROW_87_1236,VGND,li1,190.6700,249.9480,0.000002
TAP_TAPCELL_ROW_87_1235,VGND,li1,164.9100,249.9480,0.000003
TAP_TAPCELL_ROW_87_1234,VGND,li1,139.1500,249.9480,0.000003
TAP_TAPCELL_ROW_87_1233,VGND,li1,113.3900,249.9480,0.000002
TAP_TAPCELL_ROW_87_1232,VGND,li1,87.6300,249.9480,0.000002
TAP_TAPCELL_ROW_87_1231,VGND,li1,61.8700,249.9480,0.000006
TAP_TAPCELL_ROW_87_1230,VGND,li1,36.1100,249.9480,0.000017
TAP_TAPCELL_ROW_86_1229,VGND,li1,306.5900,245.0910,0.000026
TAP_TAPCELL_ROW_86_1228,VGND,li1,280.8300,245.0910,0.000014
TAP_TAPCELL_ROW_86_1227,VGND,li1,255.0700,245.0910,0.000004
TAP_TAPCELL_ROW_86_1226,VGND,li1,229.3100,245.0910,0.000002
TAP_TAPCELL_ROW_86_1225,VGND,li1,203.5500,245.0910,0.000002
TAP_TAPCELL_ROW_86_1224,VGND,li1,177.7900,245.0910,0.000003
TAP_TAPCELL_ROW_86_1223,VGND,li1,152.0300,245.0910,0.000006
TAP_TAPCELL_ROW_86_1222,VGND,li1,126.2700,245.0910,0.000012
TAP_TAPCELL_ROW_86_1221,VGND,li1,100.5100,245.0910,0.000028
TAP_TAPCELL_ROW_86_1220,VGND,li1,74.7500,245.0910,0.000007
TAP_TAPCELL_ROW_86_1219,VGND,li1,48.9900,245.0910,0.000005
TAP_TAPCELL_ROW_86_1218,VGND,li1,23.2300,245.0910,0.000006
TAP_TAPCELL_ROW_85_1217,VGND,li1,293.7100,244.5080,0.000024
TAP_TAPCELL_ROW_85_1216,VGND,li1,267.9500,244.5080,0.000009
TAP_TAPCELL_ROW_85_1215,VGND,li1,242.1900,244.5080,0.000003
TAP_TAPCELL_ROW_85_1214,VGND,li1,216.4300,244.5080,0.000002
TAP_TAPCELL_ROW_85_1213,VGND,li1,190.6700,244.5080,0.000002
TAP_TAPCELL_ROW_85_1212,VGND,li1,164.9100,244.5080,0.000004
TAP_TAPCELL_ROW_85_1211,VGND,li1,139.1500,244.5080,0.000005
TAP_TAPCELL_ROW_85_1210,VGND,li1,113.3900,244.5080,0.000017
TAP_TAPCELL_ROW_85_1209,VGND,li1,87.6300,244.5080,0.000016
TAP_TAPCELL_ROW_85_1208,VGND,li1,61.8700,244.5080,0.000007
TAP_TAPCELL_ROW_85_1207,VGND,li1,36.1100,244.5080,0.000007
TAP_TAPCELL_ROW_84_1206,VGND,li1,306.5900,239.6510,0.000012
TAP_TAPCELL_ROW_84_1205,VGND,li1,280.8300,239.6510,0.000007
TAP_TAPCELL_ROW_84_1204,VGND,li1,255.0700,239.6510,0.000005
TAP_TAPCELL_ROW_84_1203,VGND,li1,229.3100,239.6510,0.000006
TAP_TAPCELL_ROW_84_1202,VGND,li1,203.5500,239.6510,0.000009
TAP_TAPCELL_ROW_84_1201,VGND,li1,177.7900,239.6510,0.000004
TAP_TAPCELL_ROW_84_1200,VGND,li1,152.0300,239.6510,0.000003
TAP_TAPCELL_ROW_84_1199,VGND,li1,126.2700,239.6510,0.000005
TAP_TAPCELL_ROW_84_1198,VGND,li1,100.5100,239.6510,0.000005
TAP_TAPCELL_ROW_84_1197,VGND,li1,74.7500,239.6510,0.000011
TAP_TAPCELL_ROW_84_1196,VGND,li1,48.9900,239.6510,0.000020
TAP_TAPCELL_ROW_84_1195,VGND,li1,23.2300,239.6510,0.000014
TAP_TAPCELL_ROW_83_1194,VGND,li1,293.7100,239.0680,0.000009
TAP_TAPCELL_ROW_83_1193,VGND,li1,267.9500,239.0680,0.000006
TAP_TAPCELL_ROW_83_1192,VGND,li1,242.1900,239.0680,0.000007
TAP_TAPCELL_ROW_83_1191,VGND,li1,216.4300,239.0680,0.000012
TAP_TAPCELL_ROW_83_1190,VGND,li1,190.6700,239.0680,0.000005
TAP_TAPCELL_ROW_83_1189,VGND,li1,164.9100,239.0680,0.000002
TAP_TAPCELL_ROW_83_1188,VGND,li1,139.1500,239.0680,0.000003
TAP_TAPCELL_ROW_83_1187,VGND,li1,113.3900,239.0680,0.000004
TAP_TAPCELL_ROW_83_1186,VGND,li1,87.6300,239.0680,0.000006
TAP_TAPCELL_ROW_83_1185,VGND,li1,61.8700,239.0680,0.000024
TAP_TAPCELL_ROW_83_1184,VGND,li1,36.1100,239.0680,0.000021
TAP_TAPCELL_ROW_82_1183,VGND,li1,306.5900,234.2110,0.000008
TAP_TAPCELL_ROW_82_1182,VGND,li1,280.8300,234.2110,0.000007
TAP_TAPCELL_ROW_82_1181,VGND,li1,255.0700,234.2110,0.000006
TAP_TAPCELL_ROW_82_1180,VGND,li1,229.3100,234.2110,0.000012
TAP_TAPCELL_ROW_82_1179,VGND,li1,203.5500,234.2110,0.000017
TAP_TAPCELL_ROW_82_1178,VGND,li1,177.7900,234.2110,0.000008
TAP_TAPCELL_ROW_82_1177,VGND,li1,152.0300,234.2110,0.000005
TAP_TAPCELL_ROW_82_1176,VGND,li1,126.2700,234.2110,0.000003
TAP_TAPCELL_ROW_82_1175,VGND,li1,100.5100,234.2110,0.000001
TAP_TAPCELL_ROW_82_1174,VGND,li1,74.7500,234.2110,0.000002
TAP_TAPCELL_ROW_82_1173,VGND,li1,48.9900,234.2110,0.000004
TAP_TAPCELL_ROW_82_1172,VGND,li1,23.2300,234.2110,0.000004
TAP_TAPCELL_ROW_81_1171,VGND,li1,293.7100,233.6280,0.000007
TAP_TAPCELL_ROW_81_1170,VGND,li1,267.9500,233.6280,0.000008
TAP_TAPCELL_ROW_81_1169,VGND,li1,242.1900,233.6280,0.000011
TAP_TAPCELL_ROW_81_1168,VGND,li1,216.4300,233.6280,0.000030
TAP_TAPCELL_ROW_81_1167,VGND,li1,190.6700,233.6280,0.000010
TAP_TAPCELL_ROW_81_1166,VGND,li1,164.9100,233.6280,0.000006
TAP_TAPCELL_ROW_81_1165,VGND,li1,139.1500,233.6280,0.000003
TAP_TAPCELL_ROW_81_1164,VGND,li1,113.3900,233.6280,0.000002
TAP_TAPCELL_ROW_81_1163,VGND,li1,87.6300,233.6280,0.000001
TAP_TAPCELL_ROW_81_1162,VGND,li1,61.8700,233.6280,0.000005
TAP_TAPCELL_ROW_81_1161,VGND,li1,36.1100,233.6280,0.000006
TAP_TAPCELL_ROW_80_1160,VGND,li1,306.5900,228.7710,0.000006
TAP_TAPCELL_ROW_80_1159,VGND,li1,280.8300,228.7710,0.000006
TAP_TAPCELL_ROW_80_1158,VGND,li1,255.0700,228.7710,0.000003
TAP_TAPCELL_ROW_80_1157,VGND,li1,229.3100,228.7710,0.000005
TAP_TAPCELL_ROW_80_1156,VGND,li1,203.5500,228.7710,0.000020
TAP_TAPCELL_ROW_80_1155,VGND,li1,177.7900,228.7710,0.000006
TAP_TAPCELL_ROW_80_1154,VGND,li1,152.0300,228.7710,0.000005
TAP_TAPCELL_ROW_80_1153,VGND,li1,126.2700,228.7710,0.000002
TAP_TAPCELL_ROW_80_1152,VGND,li1,100.5100,228.7710,0.000001
TAP_TAPCELL_ROW_80_1151,VGND,li1,74.7500,228.7710,0.000002
TAP_TAPCELL_ROW_80_1150,VGND,li1,48.9900,228.7710,0.000004
TAP_TAPCELL_ROW_80_1149,VGND,li1,23.2300,228.7710,0.000005
TAP_TAPCELL_ROW_79_1148,VGND,li1,293.7100,228.1880,0.000005
TAP_TAPCELL_ROW_79_1147,VGND,li1,267.9500,228.1880,0.000006
TAP_TAPCELL_ROW_79_1146,VGND,li1,242.1900,228.1880,0.000004
TAP_TAPCELL_ROW_79_1145,VGND,li1,216.4300,228.1880,0.000014
TAP_TAPCELL_ROW_79_1144,VGND,li1,190.6700,228.1880,0.000010
TAP_TAPCELL_ROW_79_1143,VGND,li1,164.9100,228.1880,0.000004
TAP_TAPCELL_ROW_79_1142,VGND,li1,139.1500,228.1880,0.000003
TAP_TAPCELL_ROW_79_1141,VGND,li1,113.3900,228.1880,0.000001
TAP_TAPCELL_ROW_79_1140,VGND,li1,87.6300,228.1880,0.000001
TAP_TAPCELL_ROW_79_1139,VGND,li1,61.8700,228.1880,0.000004
TAP_TAPCELL_ROW_79_1138,VGND,li1,36.1100,228.1880,0.000006
TAP_TAPCELL_ROW_78_1137,VGND,li1,306.5900,223.3310,0.000006
TAP_TAPCELL_ROW_78_1136,VGND,li1,280.8300,223.3310,0.000007
TAP_TAPCELL_ROW_78_1135,VGND,li1,255.0700,223.3310,0.000004
TAP_TAPCELL_ROW_78_1134,VGND,li1,229.3100,223.3310,0.000004
TAP_TAPCELL_ROW_78_1133,VGND,li1,203.5500,223.3310,0.000005
TAP_TAPCELL_ROW_78_1132,VGND,li1,177.7900,223.3310,0.000003
TAP_TAPCELL_ROW_78_1131,VGND,li1,152.0300,223.3310,0.000003
TAP_TAPCELL_ROW_78_1130,VGND,li1,126.2700,223.3310,0.000002
TAP_TAPCELL_ROW_78_1129,VGND,li1,100.5100,223.3310,0.000001
TAP_TAPCELL_ROW_78_1128,VGND,li1,74.7500,223.3310,0.000002
TAP_TAPCELL_ROW_78_1127,VGND,li1,48.9900,223.3310,0.000004
TAP_TAPCELL_ROW_78_1126,VGND,li1,23.2300,223.3310,0.000008
TAP_TAPCELL_ROW_77_1125,VGND,li1,293.7100,222.7480,0.000005
TAP_TAPCELL_ROW_77_1124,VGND,li1,267.9500,222.7480,0.000006
TAP_TAPCELL_ROW_77_1123,VGND,li1,242.1900,222.7480,0.000005
TAP_TAPCELL_ROW_77_1122,VGND,li1,216.4300,222.7480,0.000006
TAP_TAPCELL_ROW_77_1121,VGND,li1,190.6700,222.7480,0.000004
TAP_TAPCELL_ROW_77_1120,VGND,li1,164.9100,222.7480,0.000002
TAP_TAPCELL_ROW_77_1119,VGND,li1,139.1500,222.7480,0.000002
TAP_TAPCELL_ROW_77_1118,VGND,li1,113.3900,222.7480,0.000001
TAP_TAPCELL_ROW_77_1117,VGND,li1,87.6300,222.7480,0.000001
TAP_TAPCELL_ROW_77_1116,VGND,li1,61.8700,222.7480,0.000003
TAP_TAPCELL_ROW_77_1115,VGND,li1,36.1100,222.7480,0.000009
TAP_TAPCELL_ROW_76_1114,VGND,li1,306.5900,217.8910,0.000017
TAP_TAPCELL_ROW_76_1113,VGND,li1,280.8300,217.8910,0.000021
TAP_TAPCELL_ROW_76_1112,VGND,li1,255.0700,217.8910,0.000007
TAP_TAPCELL_ROW_76_1111,VGND,li1,229.3100,217.8910,0.000002
TAP_TAPCELL_ROW_76_1110,VGND,li1,203.5500,217.8910,0.000003
TAP_TAPCELL_ROW_76_1109,VGND,li1,177.7900,217.8910,0.000005
TAP_TAPCELL_ROW_76_1108,VGND,li1,152.0300,217.8910,0.000010
TAP_TAPCELL_ROW_76_1107,VGND,li1,126.2700,217.8910,0.000016
TAP_TAPCELL_ROW_76_1106,VGND,li1,100.5100,217.8910,0.000024
TAP_TAPCELL_ROW_76_1105,VGND,li1,74.7500,217.8910,0.000015
TAP_TAPCELL_ROW_76_1104,VGND,li1,48.9900,217.8910,0.000018
TAP_TAPCELL_ROW_76_1103,VGND,li1,23.2300,217.8910,0.000015
TAP_TAPCELL_ROW_75_1102,VGND,li1,293.7100,217.3080,0.000016
TAP_TAPCELL_ROW_75_1101,VGND,li1,267.9500,217.3080,0.000020
TAP_TAPCELL_ROW_75_1100,VGND,li1,242.1900,217.3080,0.000005
TAP_TAPCELL_ROW_75_1099,VGND,li1,216.4300,217.3080,0.000002
TAP_TAPCELL_ROW_75_1098,VGND,li1,190.6700,217.3080,0.000004
TAP_TAPCELL_ROW_75_1097,VGND,li1,164.9100,217.3080,0.000005
TAP_TAPCELL_ROW_75_1096,VGND,li1,139.1500,217.3080,0.000014
TAP_TAPCELL_ROW_75_1095,VGND,li1,113.3900,217.3080,0.000013
TAP_TAPCELL_ROW_75_1094,VGND,li1,87.6300,217.3080,0.000025
TAP_TAPCELL_ROW_75_1093,VGND,li1,61.8700,217.3080,0.000019
TAP_TAPCELL_ROW_75_1092,VGND,li1,36.1100,217.3080,0.000026
TAP_TAPCELL_ROW_74_1091,VGND,li1,306.5900,212.4510,0.000005
TAP_TAPCELL_ROW_74_1090,VGND,li1,280.8300,212.4510,0.000005
TAP_TAPCELL_ROW_74_1089,VGND,li1,255.0700,212.4510,0.000005
TAP_TAPCELL_ROW_74_1088,VGND,li1,229.3100,212.4510,0.000004
TAP_TAPCELL_ROW_74_1087,VGND,li1,203.5500,212.4510,0.000003
TAP_TAPCELL_ROW_74_1086,VGND,li1,177.7900,212.4510,0.000002
TAP_TAPCELL_ROW_74_1085,VGND,li1,152.0300,212.4510,0.000004
TAP_TAPCELL_ROW_74_1084,VGND,li1,126.2700,212.4510,0.000004
TAP_TAPCELL_ROW_74_1083,VGND,li1,100.5100,212.4510,0.000001
TAP_TAPCELL_ROW_74_1082,VGND,li1,74.7500,212.4510,0.000002
TAP_TAPCELL_ROW_74_1081,VGND,li1,48.9900,212.4510,0.000005
TAP_TAPCELL_ROW_74_1080,VGND,li1,23.2300,212.4510,0.000008
TAP_TAPCELL_ROW_73_1079,VGND,li1,293.7100,211.8680,0.000005
TAP_TAPCELL_ROW_73_1078,VGND,li1,267.9500,211.8680,0.000007
TAP_TAPCELL_ROW_73_1077,VGND,li1,242.1900,211.8680,0.000005
TAP_TAPCELL_ROW_73_1076,VGND,li1,216.4300,211.8680,0.000005
TAP_TAPCELL_ROW_73_1075,VGND,li1,190.6700,211.8680,0.000002
TAP_TAPCELL_ROW_73_1074,VGND,li1,164.9100,211.8680,0.000002
TAP_TAPCELL_ROW_73_1073,VGND,li1,139.1500,211.8680,0.000003
TAP_TAPCELL_ROW_73_1072,VGND,li1,113.3900,211.8680,0.000002
TAP_TAPCELL_ROW_73_1071,VGND,li1,87.6300,211.8680,0.000001
TAP_TAPCELL_ROW_73_1070,VGND,li1,61.8700,211.8680,0.000005
TAP_TAPCELL_ROW_73_1069,VGND,li1,36.1100,211.8680,0.000009
TAP_TAPCELL_ROW_72_1068,VGND,li1,306.5900,207.0110,0.000007
TAP_TAPCELL_ROW_72_1067,VGND,li1,280.8300,207.0110,0.000007
TAP_TAPCELL_ROW_72_1066,VGND,li1,255.0700,207.0110,0.000007
TAP_TAPCELL_ROW_72_1065,VGND,li1,229.3100,207.0110,0.000012
TAP_TAPCELL_ROW_72_1064,VGND,li1,203.5500,207.0110,0.000017
TAP_TAPCELL_ROW_72_1063,VGND,li1,177.7900,207.0110,0.000007
TAP_TAPCELL_ROW_72_1062,VGND,li1,152.0300,207.0110,0.000003
TAP_TAPCELL_ROW_72_1061,VGND,li1,126.2700,207.0110,0.000002
TAP_TAPCELL_ROW_72_1060,VGND,li1,100.5100,207.0110,0.000001
TAP_TAPCELL_ROW_72_1059,VGND,li1,74.7500,207.0110,0.000005
TAP_TAPCELL_ROW_72_1058,VGND,li1,48.9900,207.0110,0.000009
TAP_TAPCELL_ROW_72_1057,VGND,li1,23.2300,207.0110,0.000023
TAP_TAPCELL_ROW_71_1056,VGND,li1,293.7100,206.4280,0.000006
TAP_TAPCELL_ROW_71_1055,VGND,li1,267.9500,206.4280,0.000007
TAP_TAPCELL_ROW_71_1054,VGND,li1,242.1900,206.4280,0.000010
TAP_TAPCELL_ROW_71_1053,VGND,li1,216.4300,206.4280,0.000032
TAP_TAPCELL_ROW_71_1052,VGND,li1,190.6700,206.4280,0.000010
TAP_TAPCELL_ROW_71_1051,VGND,li1,164.9100,206.4280,0.000003
TAP_TAPCELL_ROW_71_1050,VGND,li1,139.1500,206.4280,0.000002
TAP_TAPCELL_ROW_71_1049,VGND,li1,113.3900,206.4280,0.000001
TAP_TAPCELL_ROW_71_1048,VGND,li1,87.6300,206.4280,0.000002
TAP_TAPCELL_ROW_71_1047,VGND,li1,61.8700,206.4280,0.000008
TAP_TAPCELL_ROW_71_1046,VGND,li1,36.1100,206.4280,0.000020
TAP_TAPCELL_ROW_70_1045,VGND,li1,306.5900,201.5710,0.000003
TAP_TAPCELL_ROW_70_1044,VGND,li1,280.8300,201.5710,0.000004
TAP_TAPCELL_ROW_70_1043,VGND,li1,255.0700,201.5710,0.000002
TAP_TAPCELL_ROW_70_1042,VGND,li1,229.3100,201.5710,0.000002
TAP_TAPCELL_ROW_70_1041,VGND,li1,203.5500,201.5710,0.000003
TAP_TAPCELL_ROW_70_1040,VGND,li1,177.7900,201.5710,0.000003
TAP_TAPCELL_ROW_70_1039,VGND,li1,152.0300,201.5710,0.000005
TAP_TAPCELL_ROW_70_1038,VGND,li1,126.2700,201.5710,0.000002
TAP_TAPCELL_ROW_70_1037,VGND,li1,100.5100,201.5710,0.000001
TAP_TAPCELL_ROW_70_1036,VGND,li1,74.7500,201.5710,0.000004
TAP_TAPCELL_ROW_70_1035,VGND,li1,48.9900,201.5710,0.000006
TAP_TAPCELL_ROW_70_1034,VGND,li1,23.2300,201.5710,0.000010
TAP_TAPCELL_ROW_69_1033,VGND,li1,293.7100,200.9880,0.000003
TAP_TAPCELL_ROW_69_1032,VGND,li1,267.9500,200.9880,0.000003
TAP_TAPCELL_ROW_69_1031,VGND,li1,242.1900,200.9880,0.000002
TAP_TAPCELL_ROW_69_1030,VGND,li1,216.4300,200.9880,0.000003
TAP_TAPCELL_ROW_69_1029,VGND,li1,190.6700,200.9880,0.000002
TAP_TAPCELL_ROW_69_1028,VGND,li1,164.9100,200.9880,0.000003
TAP_TAPCELL_ROW_69_1027,VGND,li1,139.1500,200.9880,0.000002
TAP_TAPCELL_ROW_69_1026,VGND,li1,113.3900,200.9880,0.000001
TAP_TAPCELL_ROW_69_1025,VGND,li1,87.6300,200.9880,0.000002
TAP_TAPCELL_ROW_69_1024,VGND,li1,61.8700,200.9880,0.000006
TAP_TAPCELL_ROW_69_1023,VGND,li1,36.1100,200.9880,0.000010
TAP_TAPCELL_ROW_68_1022,VGND,li1,306.5900,196.1310,0.000005
TAP_TAPCELL_ROW_68_1021,VGND,li1,280.8300,196.1310,0.000005
TAP_TAPCELL_ROW_68_1020,VGND,li1,255.0700,196.1310,0.000006
TAP_TAPCELL_ROW_68_1019,VGND,li1,229.3100,196.1310,0.000005
TAP_TAPCELL_ROW_68_1018,VGND,li1,203.5500,196.1310,0.000003
TAP_TAPCELL_ROW_68_1017,VGND,li1,177.7900,196.1310,0.000005
TAP_TAPCELL_ROW_68_1016,VGND,li1,152.0300,196.1310,0.000005
TAP_TAPCELL_ROW_68_1015,VGND,li1,126.2700,196.1310,0.000005
TAP_TAPCELL_ROW_68_1014,VGND,li1,100.5100,196.1310,0.000002
TAP_TAPCELL_ROW_68_1013,VGND,li1,74.7500,196.1310,0.000003
TAP_TAPCELL_ROW_68_1012,VGND,li1,48.9900,196.1310,0.000005
TAP_TAPCELL_ROW_68_1011,VGND,li1,23.2300,196.1310,0.000007
TAP_TAPCELL_ROW_67_1010,VGND,li1,293.7100,195.5480,0.000005
TAP_TAPCELL_ROW_67_1009,VGND,li1,267.9500,195.5480,0.000006
TAP_TAPCELL_ROW_67_1008,VGND,li1,242.1900,195.5480,0.000007
TAP_TAPCELL_ROW_67_1007,VGND,li1,216.4300,195.5480,0.000005
TAP_TAPCELL_ROW_67_1006,VGND,li1,190.6700,195.5480,0.000004
TAP_TAPCELL_ROW_67_1005,VGND,li1,164.9100,195.5480,0.000004
TAP_TAPCELL_ROW_67_1004,VGND,li1,139.1500,195.5480,0.000004
TAP_TAPCELL_ROW_67_1003,VGND,li1,113.3900,195.5480,0.000003
TAP_TAPCELL_ROW_67_1002,VGND,li1,87.6300,195.5480,0.000002
TAP_TAPCELL_ROW_67_1001,VGND,li1,61.8700,195.5480,0.000006
TAP_TAPCELL_ROW_67_1000,VGND,li1,36.1100,195.5480,0.000009
TAP_TAPCELL_ROW_66_999,VGND,li1,306.5900,190.6910,0.000004
TAP_TAPCELL_ROW_66_998,VGND,li1,280.8300,190.6910,0.000007
TAP_TAPCELL_ROW_66_997,VGND,li1,255.0700,190.6910,0.000010
TAP_TAPCELL_ROW_66_996,VGND,li1,229.3100,190.6910,0.000015
TAP_TAPCELL_ROW_66_995,VGND,li1,203.5500,190.6910,0.000013
TAP_TAPCELL_ROW_66_994,VGND,li1,177.7900,190.6910,0.000017
TAP_TAPCELL_ROW_66_993,VGND,li1,152.0300,190.6910,0.000009
TAP_TAPCELL_ROW_66_992,VGND,li1,126.2700,190.6910,0.000006
TAP_TAPCELL_ROW_66_991,VGND,li1,100.5100,190.6910,0.000002
TAP_TAPCELL_ROW_66_990,VGND,li1,74.7500,190.6910,0.000004
TAP_TAPCELL_ROW_66_989,VGND,li1,48.9900,190.6910,0.000005
TAP_TAPCELL_ROW_66_988,VGND,li1,23.2300,190.6910,0.000007
TAP_TAPCELL_ROW_65_987,VGND,li1,293.7100,190.1080,0.000004
TAP_TAPCELL_ROW_65_986,VGND,li1,267.9500,190.1080,0.000009
TAP_TAPCELL_ROW_65_985,VGND,li1,242.1900,190.1080,0.000014
TAP_TAPCELL_ROW_65_984,VGND,li1,216.4300,190.1080,0.000017
TAP_TAPCELL_ROW_65_983,VGND,li1,190.6700,190.1080,0.000013
TAP_TAPCELL_ROW_65_982,VGND,li1,164.9100,190.1080,0.000012
TAP_TAPCELL_ROW_65_981,VGND,li1,139.1500,190.1080,0.000006
TAP_TAPCELL_ROW_65_980,VGND,li1,113.3900,190.1080,0.000004
TAP_TAPCELL_ROW_65_979,VGND,li1,87.6300,190.1080,0.000003
TAP_TAPCELL_ROW_65_978,VGND,li1,61.8700,190.1080,0.000006
TAP_TAPCELL_ROW_65_977,VGND,li1,36.1100,190.1080,0.000009
TAP_TAPCELL_ROW_64_976,VGND,li1,306.5900,185.2510,0.000016
TAP_TAPCELL_ROW_64_975,VGND,li1,280.8300,185.2510,0.000023
TAP_TAPCELL_ROW_64_974,VGND,li1,255.0700,185.2510,0.000021
TAP_TAPCELL_ROW_64_973,VGND,li1,229.3100,185.2510,0.000010
TAP_TAPCELL_ROW_64_972,VGND,li1,203.5500,185.2510,0.000006
TAP_TAPCELL_ROW_64_971,VGND,li1,177.7900,185.2510,0.000006
TAP_TAPCELL_ROW_64_970,VGND,li1,152.0300,185.2510,0.000002
TAP_TAPCELL_ROW_64_969,VGND,li1,126.2700,185.2510,0.000004
TAP_TAPCELL_ROW_64_968,VGND,li1,100.5100,185.2510,0.000006
TAP_TAPCELL_ROW_64_967,VGND,li1,74.7500,185.2510,0.000022
TAP_TAPCELL_ROW_64_966,VGND,li1,48.9900,185.2510,0.000011
TAP_TAPCELL_ROW_64_965,VGND,li1,23.2300,185.2510,0.000005
TAP_TAPCELL_ROW_63_964,VGND,li1,293.7100,184.6680,0.000016
TAP_TAPCELL_ROW_63_963,VGND,li1,267.9500,184.6680,0.000018
TAP_TAPCELL_ROW_63_962,VGND,li1,242.1900,184.6680,0.000021
TAP_TAPCELL_ROW_63_961,VGND,li1,216.4300,184.6680,0.000010
TAP_TAPCELL_ROW_63_960,VGND,li1,190.6700,184.6680,0.000006
TAP_TAPCELL_ROW_63_959,VGND,li1,164.9100,184.6680,0.000003
TAP_TAPCELL_ROW_63_958,VGND,li1,139.1500,184.6680,0.000002
TAP_TAPCELL_ROW_63_957,VGND,li1,113.3900,184.6680,0.000003
TAP_TAPCELL_ROW_63_956,VGND,li1,87.6300,184.6680,0.000010
TAP_TAPCELL_ROW_63_955,VGND,li1,61.8700,184.6680,0.000024
TAP_TAPCELL_ROW_63_954,VGND,li1,36.1100,184.6680,0.000009
TAP_TAPCELL_ROW_62_953,VGND,li1,306.5900,179.8110,0.000004
TAP_TAPCELL_ROW_62_952,VGND,li1,280.8300,179.8110,0.000006
TAP_TAPCELL_ROW_62_951,VGND,li1,255.0700,179.8110,0.000004
TAP_TAPCELL_ROW_62_950,VGND,li1,229.3100,179.8110,0.000004
TAP_TAPCELL_ROW_62_949,VGND,li1,203.5500,179.8110,0.000003
TAP_TAPCELL_ROW_62_948,VGND,li1,177.7900,179.8110,0.000001
TAP_TAPCELL_ROW_62_947,VGND,li1,152.0300,179.8110,0.000003
TAP_TAPCELL_ROW_62_946,VGND,li1,126.2700,179.8110,0.000002
TAP_TAPCELL_ROW_62_945,VGND,li1,100.5100,179.8110,0.000002
TAP_TAPCELL_ROW_62_944,VGND,li1,74.7500,179.8110,0.000005
TAP_TAPCELL_ROW_62_943,VGND,li1,48.9900,179.8110,0.000003
TAP_TAPCELL_ROW_62_942,VGND,li1,23.2300,179.8110,0.000004
TAP_TAPCELL_ROW_61_941,VGND,li1,293.7100,179.2280,0.000004
TAP_TAPCELL_ROW_61_940,VGND,li1,267.9500,179.2280,0.000005
TAP_TAPCELL_ROW_61_939,VGND,li1,242.1900,179.2280,0.000005
TAP_TAPCELL_ROW_61_938,VGND,li1,216.4300,179.2280,0.000005
TAP_TAPCELL_ROW_61_937,VGND,li1,190.6700,179.2280,0.000002
TAP_TAPCELL_ROW_61_936,VGND,li1,164.9100,179.2280,0.000002
TAP_TAPCELL_ROW_61_935,VGND,li1,139.1500,179.2280,0.000003
TAP_TAPCELL_ROW_61_934,VGND,li1,113.3900,179.2280,0.000001
TAP_TAPCELL_ROW_61_933,VGND,li1,87.6300,179.2280,0.000003
TAP_TAPCELL_ROW_61_932,VGND,li1,61.8700,179.2280,0.000006
TAP_TAPCELL_ROW_61_931,VGND,li1,36.1100,179.2280,0.000004
TAP_TAPCELL_ROW_60_930,VGND,li1,306.5900,174.3710,0.000003
TAP_TAPCELL_ROW_60_929,VGND,li1,280.8300,174.3710,0.000004
TAP_TAPCELL_ROW_60_928,VGND,li1,255.0700,174.3710,0.000003
TAP_TAPCELL_ROW_60_927,VGND,li1,229.3100,174.3710,0.000002
TAP_TAPCELL_ROW_60_926,VGND,li1,203.5500,174.3710,0.000004
TAP_TAPCELL_ROW_60_925,VGND,li1,177.7900,174.3710,0.000005
TAP_TAPCELL_ROW_60_924,VGND,li1,152.0300,174.3710,0.000002
TAP_TAPCELL_ROW_60_923,VGND,li1,126.2700,174.3710,0.000004
TAP_TAPCELL_ROW_60_922,VGND,li1,100.5100,174.3710,0.000003
TAP_TAPCELL_ROW_60_921,VGND,li1,74.7500,174.3710,0.000005
TAP_TAPCELL_ROW_60_920,VGND,li1,48.9900,174.3710,0.000010
TAP_TAPCELL_ROW_60_919,VGND,li1,23.2300,174.3710,0.000022
TAP_TAPCELL_ROW_59_918,VGND,li1,293.7100,173.7880,0.000003
TAP_TAPCELL_ROW_59_917,VGND,li1,267.9500,173.7880,0.000004
TAP_TAPCELL_ROW_59_916,VGND,li1,242.1900,173.7880,0.000003
TAP_TAPCELL_ROW_59_915,VGND,li1,216.4300,173.7880,0.000004
TAP_TAPCELL_ROW_59_914,VGND,li1,190.6700,173.7880,0.000005
TAP_TAPCELL_ROW_59_913,VGND,li1,164.9100,173.7880,0.000003
TAP_TAPCELL_ROW_59_912,VGND,li1,139.1500,173.7880,0.000002
TAP_TAPCELL_ROW_59_911,VGND,li1,113.3900,173.7880,0.000004
TAP_TAPCELL_ROW_59_910,VGND,li1,87.6300,173.7880,0.000003
TAP_TAPCELL_ROW_59_909,VGND,li1,61.8700,173.7880,0.000009
TAP_TAPCELL_ROW_59_908,VGND,li1,36.1100,173.7880,0.000023
TAP_TAPCELL_ROW_58_907,VGND,li1,306.5900,168.9310,0.000003
TAP_TAPCELL_ROW_58_906,VGND,li1,280.8300,168.9310,0.000004
TAP_TAPCELL_ROW_58_905,VGND,li1,255.0700,168.9310,0.000006
TAP_TAPCELL_ROW_58_904,VGND,li1,229.3100,168.9310,0.000005
TAP_TAPCELL_ROW_58_903,VGND,li1,203.5500,168.9310,0.000004
TAP_TAPCELL_ROW_58_902,VGND,li1,177.7900,168.9310,0.000004
TAP_TAPCELL_ROW_58_901,VGND,li1,152.0300,168.9310,0.000004
TAP_TAPCELL_ROW_58_900,VGND,li1,126.2700,168.9310,0.000004
TAP_TAPCELL_ROW_58_899,VGND,li1,100.5100,168.9310,0.000002
TAP_TAPCELL_ROW_58_898,VGND,li1,74.7500,168.9310,0.000004
TAP_TAPCELL_ROW_58_897,VGND,li1,48.9900,168.9310,0.000003
TAP_TAPCELL_ROW_58_896,VGND,li1,23.2300,168.9310,0.000004
TAP_TAPCELL_ROW_57_895,VGND,li1,293.7100,168.3480,0.000003
TAP_TAPCELL_ROW_57_894,VGND,li1,267.9500,168.3480,0.000005
TAP_TAPCELL_ROW_57_893,VGND,li1,242.1900,168.3480,0.000006
TAP_TAPCELL_ROW_57_892,VGND,li1,216.4300,168.3480,0.000006
TAP_TAPCELL_ROW_57_891,VGND,li1,190.6700,168.3480,0.000004
TAP_TAPCELL_ROW_57_890,VGND,li1,164.9100,168.3480,0.000004
TAP_TAPCELL_ROW_57_889,VGND,li1,139.1500,168.3480,0.000003
TAP_TAPCELL_ROW_57_888,VGND,li1,113.3900,168.3480,0.000002
TAP_TAPCELL_ROW_57_887,VGND,li1,87.6300,168.3480,0.000002
TAP_TAPCELL_ROW_57_886,VGND,li1,61.8700,168.3480,0.000005
TAP_TAPCELL_ROW_57_885,VGND,li1,36.1100,168.3480,0.000004
TAP_TAPCELL_ROW_56_884,VGND,li1,306.5900,163.4910,0.000004
TAP_TAPCELL_ROW_56_883,VGND,li1,280.8300,163.4910,0.000006
TAP_TAPCELL_ROW_56_882,VGND,li1,255.0700,163.4910,0.000005
TAP_TAPCELL_ROW_56_881,VGND,li1,229.3100,163.4910,0.000003
TAP_TAPCELL_ROW_56_880,VGND,li1,203.5500,163.4910,0.000002
TAP_TAPCELL_ROW_56_879,VGND,li1,177.7900,163.4910,0.000004
TAP_TAPCELL_ROW_56_878,VGND,li1,152.0300,163.4910,0.000011
TAP_TAPCELL_ROW_56_877,VGND,li1,126.2700,163.4910,0.000018
TAP_TAPCELL_ROW_56_876,VGND,li1,100.5100,163.4910,0.000004
TAP_TAPCELL_ROW_56_875,VGND,li1,74.7500,163.4910,0.000004
TAP_TAPCELL_ROW_56_874,VGND,li1,48.9900,163.4910,0.000004
TAP_TAPCELL_ROW_56_873,VGND,li1,23.2300,163.4910,0.000006
TAP_TAPCELL_ROW_55_872,VGND,li1,293.7100,162.9080,0.000004
TAP_TAPCELL_ROW_55_871,VGND,li1,267.9500,162.9080,0.000006
TAP_TAPCELL_ROW_55_870,VGND,li1,242.1900,162.9080,0.000006
TAP_TAPCELL_ROW_55_869,VGND,li1,216.4300,162.9080,0.000003
TAP_TAPCELL_ROW_55_868,VGND,li1,190.6700,162.9080,0.000004
TAP_TAPCELL_ROW_55_867,VGND,li1,164.9100,162.9080,0.000006
TAP_TAPCELL_ROW_55_866,VGND,li1,139.1500,162.9080,0.000013
TAP_TAPCELL_ROW_55_865,VGND,li1,113.3900,162.9080,0.000009
TAP_TAPCELL_ROW_55_864,VGND,li1,87.6300,162.9080,0.000004
TAP_TAPCELL_ROW_55_863,VGND,li1,61.8700,162.9080,0.000005
TAP_TAPCELL_ROW_55_862,VGND,li1,36.1100,162.9080,0.000007
TAP_TAPCELL_ROW_54_861,VGND,li1,306.5900,158.0510,0.000002
TAP_TAPCELL_ROW_54_860,VGND,li1,280.8300,158.0510,0.000003
TAP_TAPCELL_ROW_54_859,VGND,li1,255.0700,158.0510,0.000004
TAP_TAPCELL_ROW_54_858,VGND,li1,229.3100,158.0510,0.000004
TAP_TAPCELL_ROW_54_857,VGND,li1,203.5500,158.0510,0.000014
TAP_TAPCELL_ROW_54_856,VGND,li1,177.7900,158.0510,0.000019
TAP_TAPCELL_ROW_54_855,VGND,li1,152.0300,158.0510,0.000031
TAP_TAPCELL_ROW_54_854,VGND,li1,126.2700,158.0510,0.000007
TAP_TAPCELL_ROW_54_853,VGND,li1,100.5100,158.0510,0.000002
TAP_TAPCELL_ROW_54_852,VGND,li1,74.7500,158.0510,0.000003
TAP_TAPCELL_ROW_54_851,VGND,li1,48.9900,158.0510,0.000005
TAP_TAPCELL_ROW_54_850,VGND,li1,23.2300,158.0510,0.000006
TAP_TAPCELL_ROW_53_849,VGND,li1,293.7100,157.4680,0.000002
TAP_TAPCELL_ROW_53_848,VGND,li1,267.9500,157.4680,0.000004
TAP_TAPCELL_ROW_53_847,VGND,li1,242.1900,157.4680,0.000005
TAP_TAPCELL_ROW_53_846,VGND,li1,216.4300,157.4680,0.000011
TAP_TAPCELL_ROW_53_845,VGND,li1,190.6700,157.4680,0.000020
TAP_TAPCELL_ROW_53_844,VGND,li1,164.9100,157.4680,0.000026
TAP_TAPCELL_ROW_53_843,VGND,li1,139.1500,157.4680,0.000010
TAP_TAPCELL_ROW_53_842,VGND,li1,113.3900,157.4680,0.000003
TAP_TAPCELL_ROW_53_841,VGND,li1,87.6300,157.4680,0.000002
TAP_TAPCELL_ROW_53_840,VGND,li1,61.8700,157.4680,0.000005
TAP_TAPCELL_ROW_53_839,VGND,li1,36.1100,157.4680,0.000008
TAP_TAPCELL_ROW_52_838,VGND,li1,306.5900,152.6110,0.000003
TAP_TAPCELL_ROW_52_837,VGND,li1,280.8300,152.6110,0.000006
TAP_TAPCELL_ROW_52_836,VGND,li1,255.0700,152.6110,0.000004
TAP_TAPCELL_ROW_52_835,VGND,li1,229.3100,152.6110,0.000002
TAP_TAPCELL_ROW_52_834,VGND,li1,203.5500,152.6110,0.000002
TAP_TAPCELL_ROW_52_833,VGND,li1,177.7900,152.6110,0.000003
TAP_TAPCELL_ROW_52_832,VGND,li1,152.0300,152.6110,0.000004
TAP_TAPCELL_ROW_52_831,VGND,li1,126.2700,152.6110,0.000003
TAP_TAPCELL_ROW_52_830,VGND,li1,100.5100,152.6110,0.000001
TAP_TAPCELL_ROW_52_829,VGND,li1,74.7500,152.6110,0.000002
TAP_TAPCELL_ROW_52_828,VGND,li1,48.9900,152.6110,0.000004
TAP_TAPCELL_ROW_52_827,VGND,li1,23.2300,152.6110,0.000006
TAP_TAPCELL_ROW_51_826,VGND,li1,293.7100,152.0280,0.000003
TAP_TAPCELL_ROW_51_825,VGND,li1,267.9500,152.0280,0.000006
TAP_TAPCELL_ROW_51_824,VGND,li1,242.1900,152.0280,0.000003
TAP_TAPCELL_ROW_51_823,VGND,li1,216.4300,152.0280,0.000003
TAP_TAPCELL_ROW_51_822,VGND,li1,190.6700,152.0280,0.000004
TAP_TAPCELL_ROW_51_821,VGND,li1,164.9100,152.0280,0.000003
TAP_TAPCELL_ROW_51_820,VGND,li1,139.1500,152.0280,0.000002
TAP_TAPCELL_ROW_51_819,VGND,li1,113.3900,152.0280,0.000002
TAP_TAPCELL_ROW_51_818,VGND,li1,87.6300,152.0280,0.000001
TAP_TAPCELL_ROW_51_817,VGND,li1,61.8700,152.0280,0.000004
TAP_TAPCELL_ROW_51_816,VGND,li1,36.1100,152.0280,0.000006
TAP_TAPCELL_ROW_50_815,VGND,li1,306.5900,147.1710,0.000003
TAP_TAPCELL_ROW_50_814,VGND,li1,280.8300,147.1710,0.000006
TAP_TAPCELL_ROW_50_813,VGND,li1,255.0700,147.1710,0.000006
TAP_TAPCELL_ROW_50_812,VGND,li1,229.3100,147.1710,0.000005
TAP_TAPCELL_ROW_50_811,VGND,li1,203.5500,147.1710,0.000005
TAP_TAPCELL_ROW_50_810,VGND,li1,177.7900,147.1710,0.000005
TAP_TAPCELL_ROW_50_809,VGND,li1,152.0300,147.1710,0.000004
TAP_TAPCELL_ROW_50_808,VGND,li1,126.2700,147.1710,0.000004
TAP_TAPCELL_ROW_50_807,VGND,li1,100.5100,147.1710,0.000002
TAP_TAPCELL_ROW_50_806,VGND,li1,74.7500,147.1710,0.000005
TAP_TAPCELL_ROW_50_805,VGND,li1,48.9900,147.1710,0.000014
TAP_TAPCELL_ROW_50_804,VGND,li1,23.2300,147.1710,0.000013
TAP_TAPCELL_ROW_49_803,VGND,li1,293.7100,146.5880,0.000003
TAP_TAPCELL_ROW_49_802,VGND,li1,267.9500,146.5880,0.000007
TAP_TAPCELL_ROW_49_801,VGND,li1,242.1900,146.5880,0.000007
TAP_TAPCELL_ROW_49_800,VGND,li1,216.4300,146.5880,0.000006
TAP_TAPCELL_ROW_49_799,VGND,li1,190.6700,146.5880,0.000006
TAP_TAPCELL_ROW_49_798,VGND,li1,164.9100,146.5880,0.000004
TAP_TAPCELL_ROW_49_797,VGND,li1,139.1500,146.5880,0.000004
TAP_TAPCELL_ROW_49_796,VGND,li1,113.3900,146.5880,0.000003
TAP_TAPCELL_ROW_49_795,VGND,li1,87.6300,146.5880,0.000003
TAP_TAPCELL_ROW_49_794,VGND,li1,61.8700,146.5880,0.000011
TAP_TAPCELL_ROW_49_793,VGND,li1,36.1100,146.5880,0.000022
TAP_TAPCELL_ROW_48_792,VGND,li1,306.5900,141.7310,0.000014
TAP_TAPCELL_ROW_48_791,VGND,li1,280.8300,141.7310,0.000017
TAP_TAPCELL_ROW_48_790,VGND,li1,255.0700,141.7310,0.000006
TAP_TAPCELL_ROW_48_789,VGND,li1,229.3100,141.7310,0.000004
TAP_TAPCELL_ROW_48_788,VGND,li1,203.5500,141.7310,0.000006
TAP_TAPCELL_ROW_48_787,VGND,li1,177.7900,141.7310,0.000006
TAP_TAPCELL_ROW_48_786,VGND,li1,152.0300,141.7310,0.000006
TAP_TAPCELL_ROW_48_785,VGND,li1,126.2700,141.7310,0.000003
TAP_TAPCELL_ROW_48_784,VGND,li1,100.5100,141.7310,0.000002
TAP_TAPCELL_ROW_48_783,VGND,li1,74.7500,141.7310,0.000003
TAP_TAPCELL_ROW_48_782,VGND,li1,48.9900,141.7310,0.000006
TAP_TAPCELL_ROW_48_781,VGND,li1,23.2300,141.7310,0.000009
TAP_TAPCELL_ROW_47_780,VGND,li1,293.7100,141.1480,0.000014
TAP_TAPCELL_ROW_47_779,VGND,li1,267.9500,141.1480,0.000010
TAP_TAPCELL_ROW_47_778,VGND,li1,242.1900,141.1480,0.000006
TAP_TAPCELL_ROW_47_777,VGND,li1,216.4300,141.1480,0.000007
TAP_TAPCELL_ROW_47_776,VGND,li1,190.6700,141.1480,0.000006
TAP_TAPCELL_ROW_47_775,VGND,li1,164.9100,141.1480,0.000005
TAP_TAPCELL_ROW_47_774,VGND,li1,139.1500,141.1480,0.000003
TAP_TAPCELL_ROW_47_773,VGND,li1,113.3900,141.1480,0.000003
TAP_TAPCELL_ROW_47_772,VGND,li1,87.6300,141.1480,0.000002
TAP_TAPCELL_ROW_47_771,VGND,li1,61.8700,141.1480,0.000007
TAP_TAPCELL_ROW_47_770,VGND,li1,36.1100,141.1480,0.000010
TAP_TAPCELL_ROW_46_769,VGND,li1,306.5900,136.2910,0.000002
TAP_TAPCELL_ROW_46_768,VGND,li1,280.8300,136.2910,0.000004
TAP_TAPCELL_ROW_46_767,VGND,li1,255.0700,136.2910,0.000002
TAP_TAPCELL_ROW_46_766,VGND,li1,229.3100,136.2910,0.000002
TAP_TAPCELL_ROW_46_765,VGND,li1,203.5500,136.2910,0.000001
TAP_TAPCELL_ROW_46_764,VGND,li1,177.7900,136.2910,0.000000
TAP_TAPCELL_ROW_46_763,VGND,li1,152.0300,136.2910,0.000001
TAP_TAPCELL_ROW_46_762,VGND,li1,126.2700,136.2910,0.000002
TAP_TAPCELL_ROW_46_761,VGND,li1,100.5100,136.2910,0.000001
TAP_TAPCELL_ROW_46_760,VGND,li1,74.7500,136.2910,0.000002
TAP_TAPCELL_ROW_46_759,VGND,li1,48.9900,136.2910,0.000004
TAP_TAPCELL_ROW_46_758,VGND,li1,23.2300,136.2910,0.000004
TAP_TAPCELL_ROW_45_757,VGND,li1,293.7100,135.7080,0.000002
TAP_TAPCELL_ROW_45_756,VGND,li1,267.9500,135.7080,0.000004
TAP_TAPCELL_ROW_45_755,VGND,li1,242.1900,135.7080,0.000002
TAP_TAPCELL_ROW_45_754,VGND,li1,216.4300,135.7080,0.000002
TAP_TAPCELL_ROW_45_753,VGND,li1,190.6700,135.7080,0.000001
TAP_TAPCELL_ROW_45_752,VGND,li1,164.9100,135.7080,0.000000
TAP_TAPCELL_ROW_45_751,VGND,li1,139.1500,135.7080,0.000001
TAP_TAPCELL_ROW_45_750,VGND,li1,113.3900,135.7080,0.000001
TAP_TAPCELL_ROW_45_749,VGND,li1,87.6300,135.7080,0.000001
TAP_TAPCELL_ROW_45_748,VGND,li1,61.8700,135.7080,0.000004
TAP_TAPCELL_ROW_45_747,VGND,li1,36.1100,135.7080,0.000007
TAP_TAPCELL_ROW_44_746,VGND,li1,306.5900,130.8510,0.000004
TAP_TAPCELL_ROW_44_745,VGND,li1,280.8300,130.8510,0.000007
TAP_TAPCELL_ROW_44_744,VGND,li1,255.0700,130.8510,0.000008
TAP_TAPCELL_ROW_44_743,VGND,li1,229.3100,130.8510,0.000013
TAP_TAPCELL_ROW_44_742,VGND,li1,203.5500,130.8510,0.000015
TAP_TAPCELL_ROW_44_741,VGND,li1,177.7900,130.8510,0.000018
TAP_TAPCELL_ROW_44_740,VGND,li1,152.0300,130.8510,0.000008
TAP_TAPCELL_ROW_44_739,VGND,li1,126.2700,130.8510,0.000002
TAP_TAPCELL_ROW_44_738,VGND,li1,100.5100,130.8510,0.000001
TAP_TAPCELL_ROW_44_737,VGND,li1,74.7500,130.8510,0.000003
TAP_TAPCELL_ROW_44_736,VGND,li1,48.9900,130.8510,0.000008
TAP_TAPCELL_ROW_44_735,VGND,li1,23.2300,130.8510,0.000023
TAP_TAPCELL_ROW_43_734,VGND,li1,293.7100,130.2680,0.000004
TAP_TAPCELL_ROW_43_733,VGND,li1,267.9500,130.2680,0.000008
TAP_TAPCELL_ROW_43_732,VGND,li1,242.1900,130.2680,0.000011
TAP_TAPCELL_ROW_43_731,VGND,li1,216.4300,130.2680,0.000023
TAP_TAPCELL_ROW_43_730,VGND,li1,190.6700,130.2680,0.000015
TAP_TAPCELL_ROW_43_729,VGND,li1,164.9100,130.2680,0.000014
TAP_TAPCELL_ROW_43_728,VGND,li1,139.1500,130.2680,0.000003
TAP_TAPCELL_ROW_43_727,VGND,li1,113.3900,130.2680,0.000001
TAP_TAPCELL_ROW_43_726,VGND,li1,87.6300,130.2680,0.000001
TAP_TAPCELL_ROW_43_725,VGND,li1,61.8700,130.2680,0.000006
TAP_TAPCELL_ROW_43_724,VGND,li1,36.1100,130.2680,0.000018
TAP_TAPCELL_ROW_42_723,VGND,li1,306.5900,125.4110,0.000006
TAP_TAPCELL_ROW_42_722,VGND,li1,280.8300,125.4110,0.000009
TAP_TAPCELL_ROW_42_721,VGND,li1,255.0700,125.4110,0.000017
TAP_TAPCELL_ROW_42_720,VGND,li1,229.3100,125.4110,0.000010
TAP_TAPCELL_ROW_42_719,VGND,li1,203.5500,125.4110,0.000006
TAP_TAPCELL_ROW_42_718,VGND,li1,177.7900,125.4110,0.000004
TAP_TAPCELL_ROW_42_717,VGND,li1,152.0300,125.4110,0.000005
TAP_TAPCELL_ROW_42_716,VGND,li1,126.2700,125.4110,0.000005
TAP_TAPCELL_ROW_42_715,VGND,li1,100.5100,125.4110,0.000006
TAP_TAPCELL_ROW_42_714,VGND,li1,74.7500,125.4110,0.000017
TAP_TAPCELL_ROW_42_713,VGND,li1,48.9900,125.4110,0.000007
TAP_TAPCELL_ROW_42_712,VGND,li1,23.2300,125.4110,0.000006
TAP_TAPCELL_ROW_41_711,VGND,li1,293.7100,124.8280,0.000006
TAP_TAPCELL_ROW_41_710,VGND,li1,267.9500,124.8280,0.000011
TAP_TAPCELL_ROW_41_709,VGND,li1,242.1900,124.8280,0.000022
TAP_TAPCELL_ROW_41_708,VGND,li1,216.4300,124.8280,0.000008
TAP_TAPCELL_ROW_41_707,VGND,li1,190.6700,124.8280,0.000004
TAP_TAPCELL_ROW_41_706,VGND,li1,164.9100,124.8280,0.000005
TAP_TAPCELL_ROW_41_705,VGND,li1,139.1500,124.8280,0.000003
TAP_TAPCELL_ROW_41_704,VGND,li1,113.3900,124.8280,0.000004
TAP_TAPCELL_ROW_41_703,VGND,li1,87.6300,124.8280,0.000011
TAP_TAPCELL_ROW_41_702,VGND,li1,61.8700,124.8280,0.000013
TAP_TAPCELL_ROW_41_701,VGND,li1,36.1100,124.8280,0.000008
TAP_TAPCELL_ROW_40_700,VGND,li1,306.5900,119.9710,0.000003
TAP_TAPCELL_ROW_40_699,VGND,li1,280.8300,119.9710,0.000006
TAP_TAPCELL_ROW_40_698,VGND,li1,255.0700,119.9710,0.000006
TAP_TAPCELL_ROW_40_697,VGND,li1,229.3100,119.9710,0.000011
TAP_TAPCELL_ROW_40_696,VGND,li1,203.5500,119.9710,0.000028
TAP_TAPCELL_ROW_40_695,VGND,li1,177.7900,119.9710,0.000010
TAP_TAPCELL_ROW_40_694,VGND,li1,152.0300,119.9710,0.000006
TAP_TAPCELL_ROW_40_693,VGND,li1,126.2700,119.9710,0.000005
TAP_TAPCELL_ROW_40_692,VGND,li1,100.5100,119.9710,0.000002
TAP_TAPCELL_ROW_40_691,VGND,li1,74.7500,119.9710,0.000002
TAP_TAPCELL_ROW_40_690,VGND,li1,48.9900,119.9710,0.000004
TAP_TAPCELL_ROW_40_689,VGND,li1,23.2300,119.9710,0.000008
TAP_TAPCELL_ROW_39_688,VGND,li1,293.7100,119.3880,0.000003
TAP_TAPCELL_ROW_39_687,VGND,li1,267.9500,119.3880,0.000006
TAP_TAPCELL_ROW_39_686,VGND,li1,242.1900,119.3880,0.000009
TAP_TAPCELL_ROW_39_685,VGND,li1,216.4300,119.3880,0.000027
TAP_TAPCELL_ROW_39_684,VGND,li1,190.6700,119.3880,0.000016
TAP_TAPCELL_ROW_39_683,VGND,li1,164.9100,119.3880,0.000006
TAP_TAPCELL_ROW_39_682,VGND,li1,139.1500,119.3880,0.000004
TAP_TAPCELL_ROW_39_681,VGND,li1,113.3900,119.3880,0.000004
TAP_TAPCELL_ROW_39_680,VGND,li1,87.6300,119.3880,0.000002
TAP_TAPCELL_ROW_39_679,VGND,li1,61.8700,119.3880,0.000004
TAP_TAPCELL_ROW_39_678,VGND,li1,36.1100,119.3880,0.000007
TAP_TAPCELL_ROW_38_677,VGND,li1,306.5900,114.5310,0.000001
TAP_TAPCELL_ROW_38_676,VGND,li1,280.8300,114.5310,0.000001
TAP_TAPCELL_ROW_38_675,VGND,li1,255.0700,114.5310,0.000002
TAP_TAPCELL_ROW_38_674,VGND,li1,229.3100,114.5310,0.000003
TAP_TAPCELL_ROW_38_673,VGND,li1,203.5500,114.5310,0.000006
TAP_TAPCELL_ROW_38_672,VGND,li1,177.7900,114.5310,0.000006
TAP_TAPCELL_ROW_38_671,VGND,li1,152.0300,114.5310,0.000004
TAP_TAPCELL_ROW_38_670,VGND,li1,126.2700,114.5310,0.000005
TAP_TAPCELL_ROW_38_669,VGND,li1,100.5100,114.5310,0.000020
TAP_TAPCELL_ROW_38_668,VGND,li1,74.7500,114.5310,0.000011
TAP_TAPCELL_ROW_38_667,VGND,li1,48.9900,114.5310,0.000006
TAP_TAPCELL_ROW_38_666,VGND,li1,23.2300,114.5310,0.000005
TAP_TAPCELL_ROW_37_665,VGND,li1,293.7100,113.9480,0.000001
TAP_TAPCELL_ROW_37_664,VGND,li1,267.9500,113.9480,0.000002
TAP_TAPCELL_ROW_37_663,VGND,li1,242.1900,113.9480,0.000004
TAP_TAPCELL_ROW_37_662,VGND,li1,216.4300,113.9480,0.000006
TAP_TAPCELL_ROW_37_661,VGND,li1,190.6700,113.9480,0.000006
TAP_TAPCELL_ROW_37_660,VGND,li1,164.9100,113.9480,0.000005
TAP_TAPCELL_ROW_37_659,VGND,li1,139.1500,113.9480,0.000003
TAP_TAPCELL_ROW_37_658,VGND,li1,113.3900,113.9480,0.000008
TAP_TAPCELL_ROW_37_657,VGND,li1,87.6300,113.9480,0.000022
TAP_TAPCELL_ROW_37_656,VGND,li1,61.8700,113.9480,0.000011
TAP_TAPCELL_ROW_37_655,VGND,li1,36.1100,113.9480,0.000006
TAP_TAPCELL_ROW_36_654,VGND,li1,306.5900,109.0910,0.000003
TAP_TAPCELL_ROW_36_653,VGND,li1,280.8300,109.0910,0.000005
TAP_TAPCELL_ROW_36_652,VGND,li1,255.0700,109.0910,0.000004
TAP_TAPCELL_ROW_36_651,VGND,li1,229.3100,109.0910,0.000002
TAP_TAPCELL_ROW_36_650,VGND,li1,203.5500,109.0910,0.000002
TAP_TAPCELL_ROW_36_649,VGND,li1,177.7900,109.0910,0.000006
TAP_TAPCELL_ROW_36_648,VGND,li1,152.0300,109.0910,0.000022
TAP_TAPCELL_ROW_36_647,VGND,li1,126.2700,109.0910,0.000011
TAP_TAPCELL_ROW_36_646,VGND,li1,100.5100,109.0910,0.000003
TAP_TAPCELL_ROW_36_645,VGND,li1,74.7500,109.0910,0.000003
TAP_TAPCELL_ROW_36_644,VGND,li1,48.9900,109.0910,0.000004
TAP_TAPCELL_ROW_36_643,VGND,li1,23.2300,109.0910,0.000004
TAP_TAPCELL_ROW_35_642,VGND,li1,293.7100,108.5080,0.000003
TAP_TAPCELL_ROW_35_641,VGND,li1,267.9500,108.5080,0.000006
TAP_TAPCELL_ROW_35_640,VGND,li1,242.1900,108.5080,0.000004
TAP_TAPCELL_ROW_35_639,VGND,li1,216.4300,108.5080,0.000002
TAP_TAPCELL_ROW_35_638,VGND,li1,190.6700,108.5080,0.000003
TAP_TAPCELL_ROW_35_637,VGND,li1,164.9100,108.5080,0.000011
TAP_TAPCELL_ROW_35_636,VGND,li1,139.1500,108.5080,0.000013
TAP_TAPCELL_ROW_35_635,VGND,li1,113.3900,108.5080,0.000006
TAP_TAPCELL_ROW_35_634,VGND,li1,87.6300,108.5080,0.000002
TAP_TAPCELL_ROW_35_633,VGND,li1,61.8700,108.5080,0.000004
TAP_TAPCELL_ROW_35_632,VGND,li1,36.1100,108.5080,0.000005
TAP_TAPCELL_ROW_34_631,VGND,li1,306.5900,103.6510,0.000003
TAP_TAPCELL_ROW_34_630,VGND,li1,280.8300,103.6510,0.000004
TAP_TAPCELL_ROW_34_629,VGND,li1,255.0700,103.6510,0.000003
TAP_TAPCELL_ROW_34_628,VGND,li1,229.3100,103.6510,0.000003
TAP_TAPCELL_ROW_34_627,VGND,li1,203.5500,103.6510,0.000005
TAP_TAPCELL_ROW_34_626,VGND,li1,177.7900,103.6510,0.000004
TAP_TAPCELL_ROW_34_625,VGND,li1,152.0300,103.6510,0.000005
TAP_TAPCELL_ROW_34_624,VGND,li1,126.2700,103.6510,0.000001
TAP_TAPCELL_ROW_34_623,VGND,li1,100.5100,103.6510,0.000001
TAP_TAPCELL_ROW_34_622,VGND,li1,74.7500,103.6510,0.000004
TAP_TAPCELL_ROW_34_621,VGND,li1,48.9900,103.6510,0.000005
TAP_TAPCELL_ROW_34_620,VGND,li1,23.2300,103.6510,0.000007
TAP_TAPCELL_ROW_33_619,VGND,li1,293.7100,103.0680,0.000003
TAP_TAPCELL_ROW_33_618,VGND,li1,267.9500,103.0680,0.000004
TAP_TAPCELL_ROW_33_617,VGND,li1,242.1900,103.0680,0.000005
TAP_TAPCELL_ROW_33_616,VGND,li1,216.4300,103.0680,0.000006
TAP_TAPCELL_ROW_33_615,VGND,li1,190.6700,103.0680,0.000005
TAP_TAPCELL_ROW_33_614,VGND,li1,164.9100,103.0680,0.000004
TAP_TAPCELL_ROW_33_613,VGND,li1,139.1500,103.0680,0.000002
TAP_TAPCELL_ROW_33_612,VGND,li1,113.3900,103.0680,0.000001
TAP_TAPCELL_ROW_33_611,VGND,li1,87.6300,103.0680,0.000002
TAP_TAPCELL_ROW_33_610,VGND,li1,61.8700,103.0680,0.000007
TAP_TAPCELL_ROW_33_609,VGND,li1,36.1100,103.0680,0.000009
TAP_TAPCELL_ROW_32_608,VGND,li1,306.5900,98.2110,0.000002
TAP_TAPCELL_ROW_32_607,VGND,li1,280.8300,98.2110,0.000004
TAP_TAPCELL_ROW_32_606,VGND,li1,255.0700,98.2110,0.000004
TAP_TAPCELL_ROW_32_605,VGND,li1,229.3100,98.2110,0.000003
TAP_TAPCELL_ROW_32_604,VGND,li1,203.5500,98.2110,0.000003
TAP_TAPCELL_ROW_32_603,VGND,li1,177.7900,98.2110,0.000005
TAP_TAPCELL_ROW_32_602,VGND,li1,152.0300,98.2110,0.000005
TAP_TAPCELL_ROW_32_601,VGND,li1,126.2700,98.2110,0.000005
TAP_TAPCELL_ROW_32_600,VGND,li1,100.5100,98.2110,0.000003
TAP_TAPCELL_ROW_32_599,VGND,li1,74.7500,98.2110,0.000006
TAP_TAPCELL_ROW_32_598,VGND,li1,48.9900,98.2110,0.000010
TAP_TAPCELL_ROW_32_597,VGND,li1,23.2300,98.2110,0.000018
TAP_TAPCELL_ROW_31_596,VGND,li1,293.7100,97.6280,0.000002
TAP_TAPCELL_ROW_31_595,VGND,li1,267.9500,97.6280,0.000005
TAP_TAPCELL_ROW_31_594,VGND,li1,242.1900,97.6280,0.000005
TAP_TAPCELL_ROW_31_593,VGND,li1,216.4300,97.6280,0.000005
TAP_TAPCELL_ROW_31_592,VGND,li1,190.6700,97.6280,0.000005
TAP_TAPCELL_ROW_31_591,VGND,li1,164.9100,97.6280,0.000004
TAP_TAPCELL_ROW_31_590,VGND,li1,139.1500,97.6280,0.000003
TAP_TAPCELL_ROW_31_589,VGND,li1,113.3900,97.6280,0.000003
TAP_TAPCELL_ROW_31_588,VGND,li1,87.6300,97.6280,0.000003
TAP_TAPCELL_ROW_31_587,VGND,li1,61.8700,97.6280,0.000010
TAP_TAPCELL_ROW_31_586,VGND,li1,36.1100,97.6280,0.000023
TAP_TAPCELL_ROW_30_585,VGND,li1,306.5900,92.7710,0.000008
TAP_TAPCELL_ROW_30_584,VGND,li1,280.8300,92.7710,0.000014
TAP_TAPCELL_ROW_30_583,VGND,li1,255.0700,92.7710,0.000013
TAP_TAPCELL_ROW_30_582,VGND,li1,229.3100,92.7710,0.000012
TAP_TAPCELL_ROW_30_581,VGND,li1,203.5500,92.7710,0.000032
TAP_TAPCELL_ROW_30_580,VGND,li1,177.7900,92.7710,0.000016
TAP_TAPCELL_ROW_30_579,VGND,li1,152.0300,92.7710,0.000005
TAP_TAPCELL_ROW_30_578,VGND,li1,126.2700,92.7710,0.000002
TAP_TAPCELL_ROW_30_577,VGND,li1,100.5100,92.7710,0.000002
TAP_TAPCELL_ROW_30_576,VGND,li1,74.7500,92.7710,0.000005
TAP_TAPCELL_ROW_30_575,VGND,li1,48.9900,92.7710,0.000007
TAP_TAPCELL_ROW_30_574,VGND,li1,23.2300,92.7710,0.000008
TAP_TAPCELL_ROW_29_573,VGND,li1,293.7100,92.1880,0.000008
TAP_TAPCELL_ROW_29_572,VGND,li1,267.9500,92.1880,0.000026
TAP_TAPCELL_ROW_29_571,VGND,li1,242.1900,92.1880,0.000014
TAP_TAPCELL_ROW_29_570,VGND,li1,216.4300,92.1880,0.000027
TAP_TAPCELL_ROW_29_569,VGND,li1,190.6700,92.1880,0.000027
TAP_TAPCELL_ROW_29_568,VGND,li1,164.9100,92.1880,0.000007
TAP_TAPCELL_ROW_29_567,VGND,li1,139.1500,92.1880,0.000002
TAP_TAPCELL_ROW_29_566,VGND,li1,113.3900,92.1880,0.000001
TAP_TAPCELL_ROW_29_565,VGND,li1,87.6300,92.1880,0.000003
TAP_TAPCELL_ROW_29_564,VGND,li1,61.8700,92.1880,0.000010
TAP_TAPCELL_ROW_29_563,VGND,li1,36.1100,92.1880,0.000011
TAP_TAPCELL_ROW_28_562,VGND,li1,306.5900,87.3310,0.000001
TAP_TAPCELL_ROW_28_561,VGND,li1,280.8300,87.3310,0.000001
TAP_TAPCELL_ROW_28_560,VGND,li1,255.0700,87.3310,0.000002
TAP_TAPCELL_ROW_28_559,VGND,li1,229.3100,87.3310,0.000001
TAP_TAPCELL_ROW_28_558,VGND,li1,203.5500,87.3310,0.000001
TAP_TAPCELL_ROW_28_557,VGND,li1,177.7900,87.3310,0.000002
TAP_TAPCELL_ROW_28_556,VGND,li1,152.0300,87.3310,0.000002
TAP_TAPCELL_ROW_28_555,VGND,li1,126.2700,87.3310,0.000005
TAP_TAPCELL_ROW_28_554,VGND,li1,100.5100,87.3310,0.000021
TAP_TAPCELL_ROW_28_553,VGND,li1,74.7500,87.3310,0.000023
TAP_TAPCELL_ROW_28_552,VGND,li1,48.9900,87.3310,0.000013
TAP_TAPCELL_ROW_28_551,VGND,li1,23.2300,87.3310,0.000007
TAP_TAPCELL_ROW_27_550,VGND,li1,293.7100,86.7480,0.000001
TAP_TAPCELL_ROW_27_549,VGND,li1,267.9500,86.7480,0.000002
TAP_TAPCELL_ROW_27_548,VGND,li1,242.1900,86.7480,0.000003
TAP_TAPCELL_ROW_27_547,VGND,li1,216.4300,86.7480,0.000001
TAP_TAPCELL_ROW_27_546,VGND,li1,190.6700,86.7480,0.000001
TAP_TAPCELL_ROW_27_545,VGND,li1,164.9100,86.7480,0.000002
TAP_TAPCELL_ROW_27_544,VGND,li1,139.1500,86.7480,0.000002
TAP_TAPCELL_ROW_27_543,VGND,li1,113.3900,86.7480,0.000009
TAP_TAPCELL_ROW_27_542,VGND,li1,87.6300,86.7480,0.000029
TAP_TAPCELL_ROW_27_541,VGND,li1,61.8700,86.7480,0.000032
TAP_TAPCELL_ROW_27_540,VGND,li1,36.1100,86.7480,0.000011
TAP_TAPCELL_ROW_26_539,VGND,li1,306.5900,81.8910,0.000003
TAP_TAPCELL_ROW_26_538,VGND,li1,280.8300,81.8910,0.000007
TAP_TAPCELL_ROW_26_537,VGND,li1,255.0700,81.8910,0.000006
TAP_TAPCELL_ROW_26_536,VGND,li1,229.3100,81.8910,0.000004
TAP_TAPCELL_ROW_26_535,VGND,li1,203.5500,81.8910,0.000004
TAP_TAPCELL_ROW_26_534,VGND,li1,177.7900,81.8910,0.000003
TAP_TAPCELL_ROW_26_533,VGND,li1,152.0300,81.8910,0.000004
TAP_TAPCELL_ROW_26_532,VGND,li1,126.2700,81.8910,0.000001
TAP_TAPCELL_ROW_26_531,VGND,li1,100.5100,81.8910,0.000001
TAP_TAPCELL_ROW_26_530,VGND,li1,74.7500,81.8910,0.000003
TAP_TAPCELL_ROW_26_529,VGND,li1,48.9900,81.8910,0.000005
TAP_TAPCELL_ROW_26_528,VGND,li1,23.2300,81.8910,0.000006
TAP_TAPCELL_ROW_25_527,VGND,li1,293.7100,81.3080,0.000003
TAP_TAPCELL_ROW_25_526,VGND,li1,267.9500,81.3080,0.000008
TAP_TAPCELL_ROW_25_525,VGND,li1,242.1900,81.3080,0.000006
TAP_TAPCELL_ROW_25_524,VGND,li1,216.4300,81.3080,0.000005
TAP_TAPCELL_ROW_25_523,VGND,li1,190.6700,81.3080,0.000003
TAP_TAPCELL_ROW_25_522,VGND,li1,164.9100,81.3080,0.000003
TAP_TAPCELL_ROW_25_521,VGND,li1,139.1500,81.3080,0.000001
TAP_TAPCELL_ROW_25_520,VGND,li1,113.3900,81.3080,0.000001
TAP_TAPCELL_ROW_25_519,VGND,li1,87.6300,81.3080,0.000001
TAP_TAPCELL_ROW_25_518,VGND,li1,61.8700,81.3080,0.000005
TAP_TAPCELL_ROW_25_517,VGND,li1,36.1100,81.3080,0.000007
TAP_TAPCELL_ROW_24_516,VGND,li1,306.5900,76.4510,0.000002
TAP_TAPCELL_ROW_24_515,VGND,li1,280.8300,76.4510,0.000004
TAP_TAPCELL_ROW_24_514,VGND,li1,255.0700,76.4510,0.000004
TAP_TAPCELL_ROW_24_513,VGND,li1,229.3100,76.4510,0.000002
TAP_TAPCELL_ROW_24_512,VGND,li1,203.5500,76.4510,0.000003
TAP_TAPCELL_ROW_24_511,VGND,li1,177.7900,76.4510,0.000005
TAP_TAPCELL_ROW_24_510,VGND,li1,152.0300,76.4510,0.000002
TAP_TAPCELL_ROW_24_509,VGND,li1,126.2700,76.4510,0.000001
TAP_TAPCELL_ROW_24_508,VGND,li1,100.5100,76.4510,0.000001
TAP_TAPCELL_ROW_24_507,VGND,li1,74.7500,76.4510,0.000004
TAP_TAPCELL_ROW_24_506,VGND,li1,48.9900,76.4510,0.000011
TAP_TAPCELL_ROW_24_505,VGND,li1,23.2300,76.4510,0.000020
TAP_TAPCELL_ROW_23_504,VGND,li1,293.7100,75.8680,0.000002
TAP_TAPCELL_ROW_23_503,VGND,li1,267.9500,75.8680,0.000004
TAP_TAPCELL_ROW_23_502,VGND,li1,242.1900,75.8680,0.000004
TAP_TAPCELL_ROW_23_501,VGND,li1,216.4300,75.8680,0.000004
TAP_TAPCELL_ROW_23_500,VGND,li1,190.6700,75.8680,0.000005
TAP_TAPCELL_ROW_23_499,VGND,li1,164.9100,75.8680,0.000004
TAP_TAPCELL_ROW_23_498,VGND,li1,139.1500,75.8680,0.000001
TAP_TAPCELL_ROW_23_497,VGND,li1,113.3900,75.8680,0.000001
TAP_TAPCELL_ROW_23_496,VGND,li1,87.6300,75.8680,0.000002
TAP_TAPCELL_ROW_23_495,VGND,li1,61.8700,75.8680,0.000009
TAP_TAPCELL_ROW_23_494,VGND,li1,36.1100,75.8680,0.000025
TAP_TAPCELL_ROW_22_493,VGND,li1,306.5900,71.0110,0.000002
TAP_TAPCELL_ROW_22_492,VGND,li1,280.8300,71.0110,0.000005
TAP_TAPCELL_ROW_22_491,VGND,li1,255.0700,71.0110,0.000003
TAP_TAPCELL_ROW_22_490,VGND,li1,229.3100,71.0110,0.000002
TAP_TAPCELL_ROW_22_489,VGND,li1,203.5500,71.0110,0.000005
TAP_TAPCELL_ROW_22_488,VGND,li1,177.7900,71.0110,0.000006
TAP_TAPCELL_ROW_22_487,VGND,li1,152.0300,71.0110,0.000005
TAP_TAPCELL_ROW_22_486,VGND,li1,126.2700,71.0110,0.000003
TAP_TAPCELL_ROW_22_485,VGND,li1,100.5100,71.0110,0.000001
TAP_TAPCELL_ROW_22_484,VGND,li1,74.7500,71.0110,0.000002
TAP_TAPCELL_ROW_22_483,VGND,li1,48.9900,71.0110,0.000006
TAP_TAPCELL_ROW_22_482,VGND,li1,23.2300,71.0110,0.000011
TAP_TAPCELL_ROW_21_481,VGND,li1,293.7100,70.4280,0.000002
TAP_TAPCELL_ROW_21_480,VGND,li1,267.9500,70.4280,0.000006
TAP_TAPCELL_ROW_21_479,VGND,li1,242.1900,70.4280,0.000003
TAP_TAPCELL_ROW_21_478,VGND,li1,216.4300,70.4280,0.000005
TAP_TAPCELL_ROW_21_477,VGND,li1,190.6700,70.4280,0.000006
TAP_TAPCELL_ROW_21_476,VGND,li1,164.9100,70.4280,0.000004
TAP_TAPCELL_ROW_21_475,VGND,li1,139.1500,70.4280,0.000003
TAP_TAPCELL_ROW_21_474,VGND,li1,113.3900,70.4280,0.000002
TAP_TAPCELL_ROW_21_473,VGND,li1,87.6300,70.4280,0.000001
TAP_TAPCELL_ROW_21_472,VGND,li1,61.8700,70.4280,0.000005
TAP_TAPCELL_ROW_21_471,VGND,li1,36.1100,70.4280,0.000013
TAP_TAPCELL_ROW_20_470,VGND,li1,306.5900,65.5710,0.000010
TAP_TAPCELL_ROW_20_469,VGND,li1,280.8300,65.5710,0.000020
TAP_TAPCELL_ROW_20_468,VGND,li1,255.0700,65.5710,0.000011
TAP_TAPCELL_ROW_20_467,VGND,li1,229.3100,65.5710,0.000006
TAP_TAPCELL_ROW_20_466,VGND,li1,203.5500,65.5710,0.000005
TAP_TAPCELL_ROW_20_465,VGND,li1,177.7900,65.5710,0.000006
TAP_TAPCELL_ROW_20_464,VGND,li1,152.0300,65.5710,0.000002
TAP_TAPCELL_ROW_20_463,VGND,li1,126.2700,65.5710,0.000001
TAP_TAPCELL_ROW_20_462,VGND,li1,100.5100,65.5710,0.000001
TAP_TAPCELL_ROW_20_461,VGND,li1,74.7500,65.5710,0.000002
TAP_TAPCELL_ROW_20_460,VGND,li1,48.9900,65.5710,0.000002
TAP_TAPCELL_ROW_20_459,VGND,li1,23.2300,65.5710,0.000002
TAP_TAPCELL_ROW_19_458,VGND,li1,293.7100,64.9880,0.000010
TAP_TAPCELL_ROW_19_457,VGND,li1,267.9500,64.9880,0.000018
TAP_TAPCELL_ROW_19_456,VGND,li1,242.1900,64.9880,0.000010
TAP_TAPCELL_ROW_19_455,VGND,li1,216.4300,64.9880,0.000007
TAP_TAPCELL_ROW_19_454,VGND,li1,190.6700,64.9880,0.000007
TAP_TAPCELL_ROW_19_453,VGND,li1,164.9100,64.9880,0.000003
TAP_TAPCELL_ROW_19_452,VGND,li1,139.1500,64.9880,0.000001
TAP_TAPCELL_ROW_19_451,VGND,li1,113.3900,64.9880,0.000000
TAP_TAPCELL_ROW_19_450,VGND,li1,87.6300,64.9880,0.000001
TAP_TAPCELL_ROW_19_449,VGND,li1,61.8700,64.9880,0.000004
TAP_TAPCELL_ROW_19_448,VGND,li1,36.1100,64.9880,0.000002
TAP_TAPCELL_ROW_18_447,VGND,li1,306.5900,60.1310,0.000001
TAP_TAPCELL_ROW_18_446,VGND,li1,280.8300,60.1310,0.000002
TAP_TAPCELL_ROW_18_445,VGND,li1,255.0700,60.1310,0.000001
TAP_TAPCELL_ROW_18_444,VGND,li1,229.3100,60.1310,0.000002
TAP_TAPCELL_ROW_18_443,VGND,li1,203.5500,60.1310,0.000010
TAP_TAPCELL_ROW_18_442,VGND,li1,177.7900,60.1310,0.000019
TAP_TAPCELL_ROW_18_441,VGND,li1,152.0300,60.1310,0.000005
TAP_TAPCELL_ROW_18_440,VGND,li1,126.2700,60.1310,0.000003
TAP_TAPCELL_ROW_18_439,VGND,li1,100.5100,60.1310,0.000001
TAP_TAPCELL_ROW_18_438,VGND,li1,74.7500,60.1310,0.000001
TAP_TAPCELL_ROW_18_437,VGND,li1,48.9900,60.1310,0.000001
TAP_TAPCELL_ROW_18_436,VGND,li1,23.2300,60.1310,0.000005
TAP_TAPCELL_ROW_17_435,VGND,li1,293.7100,59.5480,0.000001
TAP_TAPCELL_ROW_17_434,VGND,li1,267.9500,59.5480,0.000002
TAP_TAPCELL_ROW_17_433,VGND,li1,242.1900,59.5480,0.000002
TAP_TAPCELL_ROW_17_432,VGND,li1,216.4300,59.5480,0.000006
TAP_TAPCELL_ROW_17_431,VGND,li1,190.6700,59.5480,0.000023
TAP_TAPCELL_ROW_17_430,VGND,li1,164.9100,59.5480,0.000008
TAP_TAPCELL_ROW_17_429,VGND,li1,139.1500,59.5480,0.000002
TAP_TAPCELL_ROW_17_428,VGND,li1,113.3900,59.5480,0.000002
TAP_TAPCELL_ROW_17_427,VGND,li1,87.6300,59.5480,0.000001
TAP_TAPCELL_ROW_17_426,VGND,li1,61.8700,59.5480,0.000001
TAP_TAPCELL_ROW_17_425,VGND,li1,36.1100,59.5480,0.000004
TAP_TAPCELL_ROW_16_424,VGND,li1,306.5900,54.6910,0.000001
TAP_TAPCELL_ROW_16_423,VGND,li1,280.8300,54.6910,0.000003
TAP_TAPCELL_ROW_16_422,VGND,li1,255.0700,54.6910,0.000005
TAP_TAPCELL_ROW_16_421,VGND,li1,229.3100,54.6910,0.000004
TAP_TAPCELL_ROW_16_420,VGND,li1,203.5500,54.6910,0.000003
TAP_TAPCELL_ROW_16_419,VGND,li1,177.7900,54.6910,0.000003
TAP_TAPCELL_ROW_16_418,VGND,li1,152.0300,54.6910,0.000009
TAP_TAPCELL_ROW_16_417,VGND,li1,126.2700,54.6910,0.000012
TAP_TAPCELL_ROW_16_416,VGND,li1,100.5100,54.6910,0.000003
TAP_TAPCELL_ROW_16_415,VGND,li1,74.7500,54.6910,0.000002
TAP_TAPCELL_ROW_16_414,VGND,li1,48.9900,54.6910,0.000002
TAP_TAPCELL_ROW_16_413,VGND,li1,23.2300,54.6910,0.000005
TAP_TAPCELL_ROW_15_412,VGND,li1,293.7100,54.1080,0.000001
TAP_TAPCELL_ROW_15_411,VGND,li1,267.9500,54.1080,0.000005
TAP_TAPCELL_ROW_15_410,VGND,li1,242.1900,54.1080,0.000007
TAP_TAPCELL_ROW_15_409,VGND,li1,216.4300,54.1080,0.000005
TAP_TAPCELL_ROW_15_408,VGND,li1,190.6700,54.1080,0.000002
TAP_TAPCELL_ROW_15_407,VGND,li1,164.9100,54.1080,0.000004
TAP_TAPCELL_ROW_15_406,VGND,li1,139.1500,54.1080,0.000012
TAP_TAPCELL_ROW_15_405,VGND,li1,113.3900,54.1080,0.000006
TAP_TAPCELL_ROW_15_404,VGND,li1,87.6300,54.1080,0.000002
TAP_TAPCELL_ROW_15_403,VGND,li1,61.8700,54.1080,0.000004
TAP_TAPCELL_ROW_15_402,VGND,li1,36.1100,54.1080,0.000004
TAP_TAPCELL_ROW_14_401,VGND,li1,306.5900,49.2510,0.000001
TAP_TAPCELL_ROW_14_400,VGND,li1,280.8300,49.2510,0.000002
TAP_TAPCELL_ROW_14_399,VGND,li1,255.0700,49.2510,0.000003
TAP_TAPCELL_ROW_14_398,VGND,li1,229.3100,49.2510,0.000004
TAP_TAPCELL_ROW_14_397,VGND,li1,203.5500,49.2510,0.000002
TAP_TAPCELL_ROW_14_396,VGND,li1,177.7900,49.2510,0.000000
TAP_TAPCELL_ROW_14_395,VGND,li1,152.0300,49.2510,0.000000
TAP_TAPCELL_ROW_14_394,VGND,li1,126.2700,49.2510,0.000000
TAP_TAPCELL_ROW_14_393,VGND,li1,100.5100,49.2510,0.000000
TAP_TAPCELL_ROW_14_392,VGND,li1,74.7500,49.2510,0.000001
TAP_TAPCELL_ROW_14_391,VGND,li1,48.9900,49.2510,0.000002
TAP_TAPCELL_ROW_14_390,VGND,li1,23.2300,49.2510,0.000003
TAP_TAPCELL_ROW_13_389,VGND,li1,293.7100,48.6680,0.000001
TAP_TAPCELL_ROW_13_388,VGND,li1,267.9500,48.6680,0.000003
TAP_TAPCELL_ROW_13_387,VGND,li1,242.1900,48.6680,0.000004
TAP_TAPCELL_ROW_13_386,VGND,li1,216.4300,48.6680,0.000004
TAP_TAPCELL_ROW_13_385,VGND,li1,190.6700,48.6680,0.000001
TAP_TAPCELL_ROW_13_384,VGND,li1,164.9100,48.6680,0.000000
TAP_TAPCELL_ROW_13_383,VGND,li1,139.1500,48.6680,0.000000
TAP_TAPCELL_ROW_13_382,VGND,li1,113.3900,48.6680,0.000000
TAP_TAPCELL_ROW_13_381,VGND,li1,87.6300,48.6680,0.000000
TAP_TAPCELL_ROW_13_380,VGND,li1,61.8700,48.6680,0.000002
TAP_TAPCELL_ROW_13_379,VGND,li1,36.1100,48.6680,0.000004
TAP_TAPCELL_ROW_12_378,VGND,li1,306.5900,43.8110,0.000003
TAP_TAPCELL_ROW_12_377,VGND,li1,280.8300,43.8110,0.000005
TAP_TAPCELL_ROW_12_376,VGND,li1,255.0700,43.8110,0.000021
TAP_TAPCELL_ROW_12_375,VGND,li1,229.3100,43.8110,0.000008
TAP_TAPCELL_ROW_12_374,VGND,li1,203.5500,43.8110,0.000002
TAP_TAPCELL_ROW_12_373,VGND,li1,177.7900,43.8110,0.000001
TAP_TAPCELL_ROW_12_372,VGND,li1,152.0300,43.8110,0.000000
TAP_TAPCELL_ROW_12_371,VGND,li1,126.2700,43.8110,0.000000
TAP_TAPCELL_ROW_12_370,VGND,li1,100.5100,43.8110,0.000001
TAP_TAPCELL_ROW_12_369,VGND,li1,74.7500,43.8110,0.000005
TAP_TAPCELL_ROW_12_368,VGND,li1,48.9900,43.8110,0.000009
TAP_TAPCELL_ROW_12_367,VGND,li1,23.2300,43.8110,0.000018
TAP_TAPCELL_ROW_11_366,VGND,li1,293.7100,43.2280,0.000003
TAP_TAPCELL_ROW_11_365,VGND,li1,267.9500,43.2280,0.000009
TAP_TAPCELL_ROW_11_364,VGND,li1,242.1900,43.2280,0.000024
TAP_TAPCELL_ROW_11_363,VGND,li1,216.4300,43.2280,0.000005
TAP_TAPCELL_ROW_11_362,VGND,li1,190.6700,43.2280,0.000001
TAP_TAPCELL_ROW_11_361,VGND,li1,164.9100,43.2280,0.000000
TAP_TAPCELL_ROW_11_360,VGND,li1,139.1500,43.2280,0.000000
TAP_TAPCELL_ROW_11_359,VGND,li1,113.3900,43.2280,0.000000
TAP_TAPCELL_ROW_11_358,VGND,li1,87.6300,43.2280,0.000002
TAP_TAPCELL_ROW_11_357,VGND,li1,61.8700,43.2280,0.000008
TAP_TAPCELL_ROW_11_356,VGND,li1,36.1100,43.2280,0.000020
TAP_TAPCELL_ROW_10_355,VGND,li1,306.5900,38.3710,0.000001
TAP_TAPCELL_ROW_10_354,VGND,li1,280.8300,38.3710,0.000002
TAP_TAPCELL_ROW_10_353,VGND,li1,255.0700,38.3710,0.000003
TAP_TAPCELL_ROW_10_352,VGND,li1,229.3100,38.3710,0.000001
TAP_TAPCELL_ROW_10_351,VGND,li1,203.5500,38.3710,0.000000
TAP_TAPCELL_ROW_10_350,VGND,li1,177.7900,38.3710,0.000000
TAP_TAPCELL_ROW_10_349,VGND,li1,152.0300,38.3710,0.000000
TAP_TAPCELL_ROW_10_348,VGND,li1,126.2700,38.3710,0.000000
TAP_TAPCELL_ROW_10_347,VGND,li1,100.5100,38.3710,0.000001
TAP_TAPCELL_ROW_10_346,VGND,li1,74.7500,38.3710,0.000002
TAP_TAPCELL_ROW_10_345,VGND,li1,48.9900,38.3710,0.000005
TAP_TAPCELL_ROW_10_344,VGND,li1,23.2300,38.3710,0.000006
TAP_TAPCELL_ROW_9_343,VGND,li1,293.7100,37.7880,0.000001
TAP_TAPCELL_ROW_9_342,VGND,li1,267.9500,37.7880,0.000003
TAP_TAPCELL_ROW_9_341,VGND,li1,242.1900,37.7880,0.000002
TAP_TAPCELL_ROW_9_340,VGND,li1,216.4300,37.7880,0.000000
TAP_TAPCELL_ROW_9_339,VGND,li1,190.6700,37.7880,0.000000
TAP_TAPCELL_ROW_9_338,VGND,li1,164.9100,37.7880,0.000000
TAP_TAPCELL_ROW_9_337,VGND,li1,139.1500,37.7880,0.000000
TAP_TAPCELL_ROW_9_336,VGND,li1,113.3900,37.7880,0.000000
TAP_TAPCELL_ROW_9_335,VGND,li1,87.6300,37.7880,0.000001
TAP_TAPCELL_ROW_9_334,VGND,li1,61.8700,37.7880,0.000005
TAP_TAPCELL_ROW_9_333,VGND,li1,36.1100,37.7880,0.000008
TAP_TAPCELL_ROW_8_332,VGND,li1,306.5900,32.9310,0.000001
TAP_TAPCELL_ROW_8_331,VGND,li1,280.8300,32.9310,0.000002
TAP_TAPCELL_ROW_8_330,VGND,li1,255.0700,32.9310,0.000006
TAP_TAPCELL_ROW_8_329,VGND,li1,229.3100,32.9310,0.000014
TAP_TAPCELL_ROW_8_328,VGND,li1,203.5500,32.9310,0.000012
TAP_TAPCELL_ROW_8_327,VGND,li1,177.7900,32.9310,0.000004
TAP_TAPCELL_ROW_8_326,VGND,li1,152.0300,32.9310,0.000001
TAP_TAPCELL_ROW_8_325,VGND,li1,126.2700,32.9310,0.000000
TAP_TAPCELL_ROW_8_324,VGND,li1,100.5100,32.9310,0.000001
TAP_TAPCELL_ROW_8_323,VGND,li1,74.7500,32.9310,0.000005
TAP_TAPCELL_ROW_8_322,VGND,li1,48.9900,32.9310,0.000006
TAP_TAPCELL_ROW_8_321,VGND,li1,23.2300,32.9310,0.000009
TAP_TAPCELL_ROW_7_320,VGND,li1,293.7100,32.3480,0.000001
TAP_TAPCELL_ROW_7_319,VGND,li1,267.9500,32.3480,0.000004
TAP_TAPCELL_ROW_7_318,VGND,li1,242.1900,32.3480,0.000011
TAP_TAPCELL_ROW_7_317,VGND,li1,216.4300,32.3480,0.000021
TAP_TAPCELL_ROW_7_316,VGND,li1,190.6700,32.3480,0.000006
TAP_TAPCELL_ROW_7_315,VGND,li1,164.9100,32.3480,0.000001
TAP_TAPCELL_ROW_7_314,VGND,li1,139.1500,32.3480,0.000000
TAP_TAPCELL_ROW_7_313,VGND,li1,113.3900,32.3480,0.000001
TAP_TAPCELL_ROW_7_312,VGND,li1,87.6300,32.3480,0.000002
TAP_TAPCELL_ROW_7_311,VGND,li1,61.8700,32.3480,0.000008
TAP_TAPCELL_ROW_7_310,VGND,li1,36.1100,32.3480,0.000010
TAP_TAPCELL_ROW_6_309,VGND,li1,306.5900,27.4910,0.000001
TAP_TAPCELL_ROW_6_308,VGND,li1,280.8300,27.4910,0.000002
TAP_TAPCELL_ROW_6_307,VGND,li1,255.0700,27.4910,0.000004
TAP_TAPCELL_ROW_6_306,VGND,li1,229.3100,27.4910,0.000004
TAP_TAPCELL_ROW_6_305,VGND,li1,203.5500,27.4910,0.000003
TAP_TAPCELL_ROW_6_304,VGND,li1,177.7900,27.4910,0.000001
TAP_TAPCELL_ROW_6_303,VGND,li1,152.0300,27.4910,0.000001
TAP_TAPCELL_ROW_6_302,VGND,li1,126.2700,27.4910,0.000003
TAP_TAPCELL_ROW_6_301,VGND,li1,100.5100,27.4910,0.000006
TAP_TAPCELL_ROW_6_300,VGND,li1,74.7500,27.4910,0.000022
TAP_TAPCELL_ROW_6_299,VGND,li1,48.9900,27.4910,0.000018
TAP_TAPCELL_ROW_6_298,VGND,li1,23.2300,27.4910,0.000013
TAP_TAPCELL_ROW_5_297,VGND,li1,293.7100,26.9080,0.000001
TAP_TAPCELL_ROW_5_296,VGND,li1,267.9500,26.9080,0.000003
TAP_TAPCELL_ROW_5_295,VGND,li1,242.1900,26.9080,0.000005
TAP_TAPCELL_ROW_5_294,VGND,li1,216.4300,26.9080,0.000005
TAP_TAPCELL_ROW_5_293,VGND,li1,190.6700,26.9080,0.000001
TAP_TAPCELL_ROW_5_292,VGND,li1,164.9100,26.9080,0.000001
TAP_TAPCELL_ROW_5_291,VGND,li1,139.1500,26.9080,0.000001
TAP_TAPCELL_ROW_5_290,VGND,li1,113.3900,26.9080,0.000003
TAP_TAPCELL_ROW_5_289,VGND,li1,87.6300,26.9080,0.000010
TAP_TAPCELL_ROW_5_288,VGND,li1,61.8700,26.9080,0.000027
TAP_TAPCELL_ROW_5_287,VGND,li1,36.1100,26.9080,0.000024
TAP_TAPCELL_ROW_4_286,VGND,li1,306.5900,22.0510,0.000001
TAP_TAPCELL_ROW_4_285,VGND,li1,280.8300,22.0510,0.000001
TAP_TAPCELL_ROW_4_284,VGND,li1,255.0700,22.0510,0.000004
TAP_TAPCELL_ROW_4_283,VGND,li1,229.3100,22.0510,0.000004
TAP_TAPCELL_ROW_4_282,VGND,li1,203.5500,22.0510,0.000005
TAP_TAPCELL_ROW_4_281,VGND,li1,177.7900,22.0510,0.000002
TAP_TAPCELL_ROW_4_280,VGND,li1,152.0300,22.0510,0.000001
TAP_TAPCELL_ROW_4_279,VGND,li1,126.2700,22.0510,0.000001
TAP_TAPCELL_ROW_4_278,VGND,li1,100.5100,22.0510,0.000004
TAP_TAPCELL_ROW_4_277,VGND,li1,74.7500,22.0510,0.000006
TAP_TAPCELL_ROW_4_276,VGND,li1,48.9900,22.0510,0.000006
TAP_TAPCELL_ROW_4_275,VGND,li1,23.2300,22.0510,0.000007
TAP_TAPCELL_ROW_3_274,VGND,li1,293.7100,21.4680,0.000001
TAP_TAPCELL_ROW_3_273,VGND,li1,267.9500,21.4680,0.000002
TAP_TAPCELL_ROW_3_272,VGND,li1,242.1900,21.4680,0.000005
TAP_TAPCELL_ROW_3_271,VGND,li1,216.4300,21.4680,0.000006
TAP_TAPCELL_ROW_3_270,VGND,li1,190.6700,21.4680,0.000003
TAP_TAPCELL_ROW_3_269,VGND,li1,164.9100,21.4680,0.000001
TAP_TAPCELL_ROW_3_268,VGND,li1,139.1500,21.4680,0.000000
TAP_TAPCELL_ROW_3_267,VGND,li1,113.3900,21.4680,0.000001
TAP_TAPCELL_ROW_3_266,VGND,li1,87.6300,21.4680,0.000004
TAP_TAPCELL_ROW_3_265,VGND,li1,61.8700,21.4680,0.000008
TAP_TAPCELL_ROW_3_264,VGND,li1,36.1100,21.4680,0.000009
TAP_TAPCELL_ROW_2_263,VGND,li1,306.5900,16.6110,0.000000
TAP_TAPCELL_ROW_2_262,VGND,li1,280.8300,16.6110,0.000001
TAP_TAPCELL_ROW_2_261,VGND,li1,255.0700,16.6110,0.000003
TAP_TAPCELL_ROW_2_260,VGND,li1,229.3100,16.6110,0.000005
TAP_TAPCELL_ROW_2_259,VGND,li1,203.5500,16.6110,0.000006
TAP_TAPCELL_ROW_2_258,VGND,li1,177.7900,16.6110,0.000003
TAP_TAPCELL_ROW_2_257,VGND,li1,152.0300,16.6110,0.000002
TAP_TAPCELL_ROW_2_256,VGND,li1,126.2700,16.6110,0.000001
TAP_TAPCELL_ROW_2_255,VGND,li1,100.5100,16.6110,0.000004
TAP_TAPCELL_ROW_2_254,VGND,li1,74.7500,16.6110,0.000005
TAP_TAPCELL_ROW_2_253,VGND,li1,48.9900,16.6110,0.000006
TAP_TAPCELL_ROW_2_252,VGND,li1,23.2300,16.6110,0.000006
TAP_TAPCELL_ROW_1_251,VGND,li1,293.7100,16.0280,0.000000
TAP_TAPCELL_ROW_1_250,VGND,li1,267.9500,16.0280,0.000001
TAP_TAPCELL_ROW_1_249,VGND,li1,242.1900,16.0280,0.000005
TAP_TAPCELL_ROW_1_248,VGND,li1,216.4300,16.0280,0.000007
TAP_TAPCELL_ROW_1_247,VGND,li1,190.6700,16.0280,0.000004
TAP_TAPCELL_ROW_1_246,VGND,li1,164.9100,16.0280,0.000002
TAP_TAPCELL_ROW_1_245,VGND,li1,139.1500,16.0280,0.000001
TAP_TAPCELL_ROW_1_244,VGND,li1,113.3900,16.0280,0.000002
TAP_TAPCELL_ROW_1_243,VGND,li1,87.6300,16.0280,0.000004
TAP_TAPCELL_ROW_1_242,VGND,li1,61.8700,16.0280,0.000008
TAP_TAPCELL_ROW_1_241,VGND,li1,36.1100,16.0280,0.000008
TAP_TAPCELL_ROW_0_240,VGND,li1,306.5900,11.1710,0.000000
TAP_TAPCELL_ROW_0_239,VGND,li1,293.7100,11.1710,0.000000
TAP_TAPCELL_ROW_0_238,VGND,li1,280.8300,11.1710,0.000000
TAP_TAPCELL_ROW_0_237,VGND,li1,267.9500,11.1710,0.000000
TAP_TAPCELL_ROW_0_236,VGND,li1,255.0700,11.1710,0.000001
TAP_TAPCELL_ROW_0_235,VGND,li1,242.1900,11.1710,0.000002
TAP_TAPCELL_ROW_0_234,VGND,li1,229.3100,11.1710,0.000001
TAP_TAPCELL_ROW_0_233,VGND,li1,216.4300,11.1710,0.000001
TAP_TAPCELL_ROW_0_232,VGND,li1,203.5500,11.1710,0.000000
TAP_TAPCELL_ROW_0_231,VGND,li1,190.6700,11.1710,0.000000
TAP_TAPCELL_ROW_0_230,VGND,li1,177.7900,11.1710,0.000000
TAP_TAPCELL_ROW_0_229,VGND,li1,164.9100,11.1710,0.000000
TAP_TAPCELL_ROW_0_228,VGND,li1,152.0300,11.1710,0.000000
TAP_TAPCELL_ROW_0_227,VGND,li1,139.1500,11.1710,0.000000
TAP_TAPCELL_ROW_0_226,VGND,li1,126.2700,11.1710,0.000000
TAP_TAPCELL_ROW_0_225,VGND,li1,113.3900,11.1710,0.000000
TAP_TAPCELL_ROW_0_224,VGND,li1,100.5100,11.1710,0.000001
TAP_TAPCELL_ROW_0_223,VGND,li1,87.6300,11.1710,0.000001
TAP_TAPCELL_ROW_0_222,VGND,li1,74.7500,11.1710,0.000002
TAP_TAPCELL_ROW_0_221,VGND,li1,61.8700,11.1710,0.000004
TAP_TAPCELL_ROW_0_220,VGND,li1,48.9900,11.1710,0.000003
TAP_TAPCELL_ROW_0_219,VGND,li1,36.1100,11.1710,0.000003
TAP_TAPCELL_ROW_0_218,VGND,li1,23.2300,11.1710,0.000001
PHY_EDGE_ROW_108_Left_217,VGND,li1,10.8100,304.6400,0.000000
PHY_EDGE_ROW_107_Left_216,VGND,li1,10.8100,304.6400,0.000000
PHY_EDGE_ROW_106_Left_215,VGND,li1,10.8100,299.2000,0.000000
PHY_EDGE_ROW_105_Left_214,VGND,li1,10.8100,299.2000,0.000000
PHY_EDGE_ROW_104_Left_213,VGND,li1,10.8100,293.7600,0.000003
PHY_EDGE_ROW_103_Left_212,VGND,li1,10.8100,293.7600,0.000003
PHY_EDGE_ROW_102_Left_211,VGND,li1,10.8100,288.3200,0.000003
PHY_EDGE_ROW_101_Left_210,VGND,li1,10.8100,288.3200,0.000003
PHY_EDGE_ROW_100_Left_209,VGND,li1,10.8100,282.8800,0.000003
PHY_EDGE_ROW_99_Left_208,VGND,li1,10.8100,282.8800,0.000003
PHY_EDGE_ROW_98_Left_207,VGND,li1,10.8100,277.4400,0.000013
PHY_EDGE_ROW_97_Left_206,VGND,li1,10.8100,277.4400,0.000013
PHY_EDGE_ROW_96_Left_205,VGND,li1,10.8100,272.0000,0.000005
PHY_EDGE_ROW_95_Left_204,VGND,li1,10.8100,272.0000,0.000005
PHY_EDGE_ROW_94_Left_203,VGND,li1,10.8100,266.5600,0.000006
PHY_EDGE_ROW_93_Left_202,VGND,li1,10.8100,266.5600,0.000006
PHY_EDGE_ROW_92_Left_201,VGND,li1,10.8100,261.1200,0.000004
PHY_EDGE_ROW_91_Left_200,VGND,li1,10.8100,261.1200,0.000004
PHY_EDGE_ROW_90_Left_199,VGND,li1,10.8100,255.6800,0.000007
PHY_EDGE_ROW_89_Left_198,VGND,li1,10.8100,255.6800,0.000007
PHY_EDGE_ROW_88_Left_197,VGND,li1,10.8100,250.2400,0.000017
PHY_EDGE_ROW_87_Left_196,VGND,li1,10.8100,250.2400,0.000017
PHY_EDGE_ROW_86_Left_195,VGND,li1,10.8100,244.8000,0.000005
PHY_EDGE_ROW_85_Left_194,VGND,li1,10.8100,244.8000,0.000005
PHY_EDGE_ROW_84_Left_193,VGND,li1,10.8100,239.3600,0.000011
PHY_EDGE_ROW_83_Left_192,VGND,li1,10.8100,239.3600,0.000011
PHY_EDGE_ROW_82_Left_191,VGND,li1,10.8100,233.9200,0.000004
PHY_EDGE_ROW_81_Left_190,VGND,li1,10.8100,233.9200,0.000004
PHY_EDGE_ROW_80_Left_189,VGND,li1,10.8100,228.4800,0.000004
PHY_EDGE_ROW_79_Left_188,VGND,li1,10.8100,228.4800,0.000004
PHY_EDGE_ROW_78_Left_187,VGND,li1,10.8100,223.0400,0.000007
PHY_EDGE_ROW_77_Left_186,VGND,li1,10.8100,223.0400,0.000007
PHY_EDGE_ROW_76_Left_185,VGND,li1,10.8100,217.6000,0.000011
PHY_EDGE_ROW_75_Left_184,VGND,li1,10.8100,217.6000,0.000011
PHY_EDGE_ROW_74_Left_183,VGND,li1,10.8100,212.1600,0.000007
PHY_EDGE_ROW_73_Left_182,VGND,li1,10.8100,212.1600,0.000007
PHY_EDGE_ROW_72_Left_181,VGND,li1,10.8100,206.7200,0.000014
PHY_EDGE_ROW_71_Left_180,VGND,li1,10.8100,206.7200,0.000014
PHY_EDGE_ROW_70_Left_179,VGND,li1,10.8100,201.2800,0.000007
PHY_EDGE_ROW_69_Left_178,VGND,li1,10.8100,201.2800,0.000007
PHY_EDGE_ROW_68_Left_177,VGND,li1,10.8100,195.8400,0.000007
PHY_EDGE_ROW_67_Left_176,VGND,li1,10.8100,195.8400,0.000007
PHY_EDGE_ROW_66_Left_175,VGND,li1,10.8100,190.4000,0.000006
PHY_EDGE_ROW_65_Left_174,VGND,li1,10.8100,190.4000,0.000006
PHY_EDGE_ROW_64_Left_173,VGND,li1,10.8100,184.9600,0.000004
PHY_EDGE_ROW_63_Left_172,VGND,li1,10.8100,184.9600,0.000004
PHY_EDGE_ROW_62_Left_171,VGND,li1,10.8100,179.5200,0.000004
PHY_EDGE_ROW_61_Left_170,VGND,li1,10.8100,179.5200,0.000004
PHY_EDGE_ROW_60_Left_169,VGND,li1,10.8100,174.0800,0.000014
PHY_EDGE_ROW_59_Left_168,VGND,li1,10.8100,174.0800,0.000014
PHY_EDGE_ROW_58_Left_167,VGND,li1,10.8100,168.6400,0.000004
PHY_EDGE_ROW_57_Left_166,VGND,li1,10.8100,168.6400,0.000004
PHY_EDGE_ROW_56_Left_165,VGND,li1,10.8100,163.2000,0.000005
PHY_EDGE_ROW_55_Left_164,VGND,li1,10.8100,163.2000,0.000005
PHY_EDGE_ROW_54_Left_163,VGND,li1,10.8100,157.7600,0.000006
PHY_EDGE_ROW_53_Left_162,VGND,li1,10.8100,157.7600,0.000006
PHY_EDGE_ROW_52_Left_161,VGND,li1,10.8100,152.3200,0.000005
PHY_EDGE_ROW_51_Left_160,VGND,li1,10.8100,152.3200,0.000005
PHY_EDGE_ROW_50_Left_159,VGND,li1,10.8100,146.8800,0.000009
PHY_EDGE_ROW_49_Left_158,VGND,li1,10.8100,146.8800,0.000009
PHY_EDGE_ROW_48_Left_157,VGND,li1,10.8100,141.4400,0.000009
PHY_EDGE_ROW_47_Left_156,VGND,li1,10.8100,141.4400,0.000009
PHY_EDGE_ROW_46_Left_155,VGND,li1,10.8100,136.0000,0.000003
PHY_EDGE_ROW_45_Left_154,VGND,li1,10.8100,136.0000,0.000003
PHY_EDGE_ROW_44_Left_153,VGND,li1,10.8100,130.5600,0.000015
PHY_EDGE_ROW_43_Left_152,VGND,li1,10.8100,130.5600,0.000015
PHY_EDGE_ROW_42_Left_151,VGND,li1,10.8100,125.1200,0.000005
PHY_EDGE_ROW_41_Left_150,VGND,li1,10.8100,125.1200,0.000005
PHY_EDGE_ROW_40_Left_149,VGND,li1,10.8100,119.6800,0.000006
PHY_EDGE_ROW_39_Left_148,VGND,li1,10.8100,119.6800,0.000006
PHY_EDGE_ROW_38_Left_147,VGND,li1,10.8100,114.2400,0.000004
PHY_EDGE_ROW_37_Left_146,VGND,li1,10.8100,114.2400,0.000004
PHY_EDGE_ROW_36_Left_145,VGND,li1,10.8100,108.8000,0.000005
PHY_EDGE_ROW_35_Left_144,VGND,li1,10.8100,108.8000,0.000005
PHY_EDGE_ROW_34_Left_143,VGND,li1,10.8100,103.3600,0.000006
PHY_EDGE_ROW_33_Left_142,VGND,li1,10.8100,103.3600,0.000006
PHY_EDGE_ROW_32_Left_141,VGND,li1,10.8100,97.9200,0.000013
PHY_EDGE_ROW_31_Left_140,VGND,li1,10.8100,97.9200,0.000013
PHY_EDGE_ROW_30_Left_139,VGND,li1,10.8100,92.4800,0.000008
PHY_EDGE_ROW_29_Left_138,VGND,li1,10.8100,92.4800,0.000008
PHY_EDGE_ROW_28_Left_137,VGND,li1,10.8100,87.0400,0.000006
PHY_EDGE_ROW_27_Left_136,VGND,li1,10.8100,87.0400,0.000006
PHY_EDGE_ROW_26_Left_135,VGND,li1,10.8100,81.6000,0.000005
PHY_EDGE_ROW_25_Left_134,VGND,li1,10.8100,81.6000,0.000005
PHY_EDGE_ROW_24_Left_133,VGND,li1,10.8100,76.1600,0.000015
PHY_EDGE_ROW_23_Left_132,VGND,li1,10.8100,76.1600,0.000015
PHY_EDGE_ROW_22_Left_131,VGND,li1,10.8100,70.7200,0.000008
PHY_EDGE_ROW_21_Left_130,VGND,li1,10.8100,70.7200,0.000008
PHY_EDGE_ROW_20_Left_129,VGND,li1,10.8100,65.2800,0.000002
PHY_EDGE_ROW_19_Left_128,VGND,li1,10.8100,65.2800,0.000002
PHY_EDGE_ROW_18_Left_127,VGND,li1,10.8100,59.8400,0.000005
PHY_EDGE_ROW_17_Left_126,VGND,li1,10.8100,59.8400,0.000005
PHY_EDGE_ROW_16_Left_125,VGND,li1,10.8100,54.4000,0.000005
PHY_EDGE_ROW_15_Left_124,VGND,li1,10.8100,54.4000,0.000005
PHY_EDGE_ROW_14_Left_123,VGND,li1,10.8100,48.9600,0.000003
PHY_EDGE_ROW_13_Left_122,VGND,li1,10.8100,48.9600,0.000003
PHY_EDGE_ROW_12_Left_121,VGND,li1,10.8100,43.5200,0.000014
PHY_EDGE_ROW_11_Left_120,VGND,li1,10.8100,43.5200,0.000014
PHY_EDGE_ROW_10_Left_119,VGND,li1,10.8100,38.0800,0.000005
PHY_EDGE_ROW_9_Left_118,VGND,li1,10.8100,38.0800,0.000005
PHY_EDGE_ROW_8_Left_117,VGND,li1,10.8100,32.6400,0.000008
PHY_EDGE_ROW_7_Left_116,VGND,li1,10.8100,32.6400,0.000008
PHY_EDGE_ROW_6_Left_115,VGND,li1,10.8100,27.2000,0.000009
PHY_EDGE_ROW_5_Left_114,VGND,li1,10.8100,27.2000,0.000009
PHY_EDGE_ROW_4_Left_113,VGND,li1,10.8100,21.7600,0.000005
PHY_EDGE_ROW_3_Left_112,VGND,li1,10.8100,21.7600,0.000005
PHY_EDGE_ROW_2_Left_111,VGND,li1,10.8100,16.3200,0.000004
PHY_EDGE_ROW_1_Left_110,VGND,li1,10.8100,16.3200,0.000004
PHY_EDGE_ROW_0_Left_109,VGND,li1,10.8100,10.8800,0.000001
PHY_EDGE_ROW_108_Right_108,VGND,li1,308.8900,304.6400,0.000003
PHY_EDGE_ROW_107_Right_107,VGND,li1,308.8900,304.6400,0.000003
PHY_EDGE_ROW_106_Right_106,VGND,li1,308.8900,299.2000,0.000002
PHY_EDGE_ROW_105_Right_105,VGND,li1,308.8900,299.2000,0.000002
PHY_EDGE_ROW_104_Right_104,VGND,li1,308.8900,293.7600,0.000004
PHY_EDGE_ROW_103_Right_103,VGND,li1,308.8900,293.7600,0.000004
PHY_EDGE_ROW_102_Right_102,VGND,li1,308.8900,288.3200,0.000014
PHY_EDGE_ROW_101_Right_101,VGND,li1,308.8900,288.3200,0.000014
PHY_EDGE_ROW_100_Right_100,VGND,li1,308.8900,282.8800,0.000009
PHY_EDGE_ROW_99_Right_99,VGND,li1,308.8900,282.8800,0.000009
PHY_EDGE_ROW_98_Right_98,VGND,li1,308.8900,277.4400,0.000003
PHY_EDGE_ROW_97_Right_97,VGND,li1,308.8900,277.4400,0.000003
PHY_EDGE_ROW_96_Right_96,VGND,li1,308.8900,272.0000,0.000011
PHY_EDGE_ROW_95_Right_95,VGND,li1,308.8900,272.0000,0.000011
PHY_EDGE_ROW_94_Right_94,VGND,li1,308.8900,266.5600,0.000005
PHY_EDGE_ROW_93_Right_93,VGND,li1,308.8900,266.5600,0.000005
PHY_EDGE_ROW_92_Right_92,VGND,li1,308.8900,261.1200,0.000007
PHY_EDGE_ROW_91_Right_91,VGND,li1,308.8900,261.1200,0.000007
PHY_EDGE_ROW_90_Right_90,VGND,li1,308.8900,255.6800,0.000009
PHY_EDGE_ROW_89_Right_89,VGND,li1,308.8900,255.6800,0.000009
PHY_EDGE_ROW_88_Right_88,VGND,li1,308.8900,250.2400,0.000004
PHY_EDGE_ROW_87_Right_87,VGND,li1,308.8900,250.2400,0.000004
PHY_EDGE_ROW_86_Right_86,VGND,li1,308.8900,244.8000,0.000026
PHY_EDGE_ROW_85_Right_85,VGND,li1,308.8900,244.8000,0.000026
PHY_EDGE_ROW_84_Right_84,VGND,li1,308.8900,239.3600,0.000012
PHY_EDGE_ROW_83_Right_83,VGND,li1,308.8900,239.3600,0.000012
PHY_EDGE_ROW_82_Right_82,VGND,li1,308.8900,233.9200,0.000008
PHY_EDGE_ROW_81_Right_81,VGND,li1,308.8900,233.9200,0.000008
PHY_EDGE_ROW_80_Right_80,VGND,li1,308.8900,228.4800,0.000006
PHY_EDGE_ROW_79_Right_79,VGND,li1,308.8900,228.4800,0.000006
PHY_EDGE_ROW_78_Right_78,VGND,li1,308.8900,223.0400,0.000006
PHY_EDGE_ROW_77_Right_77,VGND,li1,308.8900,223.0400,0.000006
PHY_EDGE_ROW_76_Right_76,VGND,li1,308.8900,217.6000,0.000017
PHY_EDGE_ROW_75_Right_75,VGND,li1,308.8900,217.6000,0.000017
PHY_EDGE_ROW_74_Right_74,VGND,li1,308.8900,212.1600,0.000005
PHY_EDGE_ROW_73_Right_73,VGND,li1,308.8900,212.1600,0.000005
PHY_EDGE_ROW_72_Right_72,VGND,li1,308.8900,206.7200,0.000007
PHY_EDGE_ROW_71_Right_71,VGND,li1,308.8900,206.7200,0.000007
PHY_EDGE_ROW_70_Right_70,VGND,li1,308.8900,201.2800,0.000003
PHY_EDGE_ROW_69_Right_69,VGND,li1,308.8900,201.2800,0.000003
PHY_EDGE_ROW_68_Right_68,VGND,li1,308.8900,195.8400,0.000005
PHY_EDGE_ROW_67_Right_67,VGND,li1,308.8900,195.8400,0.000005
PHY_EDGE_ROW_66_Right_66,VGND,li1,308.8900,190.4000,0.000004
PHY_EDGE_ROW_65_Right_65,VGND,li1,308.8900,190.4000,0.000004
PHY_EDGE_ROW_64_Right_64,VGND,li1,308.8900,184.9600,0.000016
PHY_EDGE_ROW_63_Right_63,VGND,li1,308.8900,184.9600,0.000016
PHY_EDGE_ROW_62_Right_62,VGND,li1,308.8900,179.5200,0.000004
PHY_EDGE_ROW_61_Right_61,VGND,li1,308.8900,179.5200,0.000004
PHY_EDGE_ROW_60_Right_60,VGND,li1,308.8900,174.0800,0.000003
PHY_EDGE_ROW_59_Right_59,VGND,li1,308.8900,174.0800,0.000003
PHY_EDGE_ROW_58_Right_58,VGND,li1,308.8900,168.6400,0.000003
PHY_EDGE_ROW_57_Right_57,VGND,li1,308.8900,168.6400,0.000003
PHY_EDGE_ROW_56_Right_56,VGND,li1,308.8900,163.2000,0.000004
PHY_EDGE_ROW_55_Right_55,VGND,li1,308.8900,163.2000,0.000004
PHY_EDGE_ROW_54_Right_54,VGND,li1,308.8900,157.7600,0.000002
PHY_EDGE_ROW_53_Right_53,VGND,li1,308.8900,157.7600,0.000002
PHY_EDGE_ROW_52_Right_52,VGND,li1,308.8900,152.3200,0.000003
PHY_EDGE_ROW_51_Right_51,VGND,li1,308.8900,152.3200,0.000003
PHY_EDGE_ROW_50_Right_50,VGND,li1,308.8900,146.8800,0.000003
PHY_EDGE_ROW_49_Right_49,VGND,li1,308.8900,146.8800,0.000003
PHY_EDGE_ROW_48_Right_48,VGND,li1,308.8900,141.4400,0.000014
PHY_EDGE_ROW_47_Right_47,VGND,li1,308.8900,141.4400,0.000014
PHY_EDGE_ROW_46_Right_46,VGND,li1,308.8900,136.0000,0.000002
PHY_EDGE_ROW_45_Right_45,VGND,li1,308.8900,136.0000,0.000002
PHY_EDGE_ROW_44_Right_44,VGND,li1,308.8900,130.5600,0.000004
PHY_EDGE_ROW_43_Right_43,VGND,li1,308.8900,130.5600,0.000004
PHY_EDGE_ROW_42_Right_42,VGND,li1,308.8900,125.1200,0.000006
PHY_EDGE_ROW_41_Right_41,VGND,li1,308.8900,125.1200,0.000006
PHY_EDGE_ROW_40_Right_40,VGND,li1,308.8900,119.6800,0.000003
PHY_EDGE_ROW_39_Right_39,VGND,li1,308.8900,119.6800,0.000003
PHY_EDGE_ROW_38_Right_38,VGND,li1,308.8900,114.2400,0.000001
PHY_EDGE_ROW_37_Right_37,VGND,li1,308.8900,114.2400,0.000001
PHY_EDGE_ROW_36_Right_36,VGND,li1,308.8900,108.8000,0.000003
PHY_EDGE_ROW_35_Right_35,VGND,li1,308.8900,108.8000,0.000003
PHY_EDGE_ROW_34_Right_34,VGND,li1,308.8900,103.3600,0.000003
PHY_EDGE_ROW_33_Right_33,VGND,li1,308.8900,103.3600,0.000003
PHY_EDGE_ROW_32_Right_32,VGND,li1,308.8900,97.9200,0.000002
PHY_EDGE_ROW_31_Right_31,VGND,li1,308.8900,97.9200,0.000002
PHY_EDGE_ROW_30_Right_30,VGND,li1,308.8900,92.4800,0.000008
PHY_EDGE_ROW_29_Right_29,VGND,li1,308.8900,92.4800,0.000008
PHY_EDGE_ROW_28_Right_28,VGND,li1,308.8900,87.0400,0.000001
PHY_EDGE_ROW_27_Right_27,VGND,li1,308.8900,87.0400,0.000001
PHY_EDGE_ROW_26_Right_26,VGND,li1,308.8900,81.6000,0.000003
PHY_EDGE_ROW_25_Right_25,VGND,li1,308.8900,81.6000,0.000003
PHY_EDGE_ROW_24_Right_24,VGND,li1,308.8900,76.1600,0.000002
PHY_EDGE_ROW_23_Right_23,VGND,li1,308.8900,76.1600,0.000002
PHY_EDGE_ROW_22_Right_22,VGND,li1,308.8900,70.7200,0.000002
PHY_EDGE_ROW_21_Right_21,VGND,li1,308.8900,70.7200,0.000002
PHY_EDGE_ROW_20_Right_20,VGND,li1,308.8900,65.2800,0.000010
PHY_EDGE_ROW_19_Right_19,VGND,li1,308.8900,65.2800,0.000010
PHY_EDGE_ROW_18_Right_18,VGND,li1,308.8900,59.8400,0.000001
PHY_EDGE_ROW_17_Right_17,VGND,li1,308.8900,59.8400,0.000001
PHY_EDGE_ROW_16_Right_16,VGND,li1,308.8900,54.4000,0.000001
PHY_EDGE_ROW_15_Right_15,VGND,li1,308.8900,54.4000,0.000001
PHY_EDGE_ROW_14_Right_14,VGND,li1,308.8900,48.9600,0.000001
PHY_EDGE_ROW_13_Right_13,VGND,li1,308.8900,48.9600,0.000001
PHY_EDGE_ROW_12_Right_12,VGND,li1,308.8900,43.5200,0.000003
PHY_EDGE_ROW_11_Right_11,VGND,li1,308.8900,43.5200,0.000003
PHY_EDGE_ROW_10_Right_10,VGND,li1,308.8900,38.0800,0.000001
PHY_EDGE_ROW_9_Right_9,VGND,li1,308.8900,38.0800,0.000001
PHY_EDGE_ROW_8_Right_8,VGND,li1,308.8900,32.6400,0.000001
PHY_EDGE_ROW_7_Right_7,VGND,li1,308.8900,32.6400,0.000001
PHY_EDGE_ROW_6_Right_6,VGND,li1,308.8900,27.2000,0.000001
PHY_EDGE_ROW_5_Right_5,VGND,li1,308.8900,27.2000,0.000001
PHY_EDGE_ROW_4_Right_4,VGND,li1,308.8900,21.7600,0.000001
PHY_EDGE_ROW_3_Right_3,VGND,li1,308.8900,21.7600,0.000001
PHY_EDGE_ROW_2_Right_2,VGND,li1,308.8900,16.3200,0.000000
PHY_EDGE_ROW_1_Right_1,VGND,li1,308.8900,16.3200,0.000000
PHY_EDGE_ROW_0_Right_0,VGND,li1,308.8900,10.8800,0.000000
_7412_,VGND,li1,253.4600,16.3200,0.000003
_7406_,VGND,li1,125.8100,266.5600,0.000003
_7405_,VGND,li1,134.0900,277.4400,0.000004
_7404_,VGND,li1,129.4900,282.8800,0.000007
_7403_,VGND,li1,126.2700,299.2000,0.000008
_7402_,VGND,li1,134.0900,272.0000,0.000005
_7401_,VGND,li1,137.3100,250.2400,0.000003
_7400_,VGND,li1,142.3700,239.3600,0.000004
_7399_,VGND,li1,133.1700,293.7600,0.000014
_7398_,VGND,li1,131.7900,190.4000,0.000007
_7397_,VGND,li1,134.5500,223.0400,0.000003
_7396_,VGND,li1,143.7500,201.2800,0.000004
_7395_,VGND,li1,137.3100,228.4800,0.000003
_7394_,VGND,li1,134.0900,206.7200,0.000003
_7393_,VGND,li1,136.8500,212.1600,0.000004
_7392_,VGND,li1,145.1300,179.5200,0.000003
_7391_,VGND,li1,124.8900,184.9600,0.000004
_7390_,VGND,li1,136.8500,179.5200,0.000003
_7389_,VGND,li1,158.9300,163.2000,0.000009
_7388_,VGND,li1,146.5100,146.8800,0.000005
_7387_,VGND,li1,158.4700,125.1200,0.000006
_7386_,VGND,li1,136.3900,146.8800,0.000004
_7385_,VGND,li1,146.9700,141.4400,0.000005
_7384_,VGND,li1,165.8300,119.6800,0.000006
_7383_,VGND,li1,156.1700,108.8000,0.000019
_7382_,VGND,li1,163.9900,76.1600,0.000004
_7381_,VGND,li1,152.4900,70.7200,0.000005
_7380_,VGND,li1,170.4300,70.7200,0.000005
_7379_,VGND,li1,168.5900,65.2800,0.000003
_7378_,VGND,li1,124.4300,97.9200,0.000005
_7377_,VGND,li1,163.5300,103.3600,0.000005
_7376_,VGND,li1,170.8900,92.4800,0.000011
_7375_,VGND,li1,150.6500,103.3600,0.000005
_7374_,VGND,li1,273.4700,266.5600,0.000005
_7373_,VGND,li1,273.4700,272.0000,0.000018
_7372_,VGND,li1,224.2500,272.0000,0.000032
_7371_,VGND,li1,224.2500,282.8800,0.000005
_7370_,VGND,li1,219.1900,255.6800,0.000006
_7369_,VGND,li1,144.2100,277.4400,0.000005
_7368_,VGND,li1,275.7700,239.3600,0.000007
_7367_,VGND,li1,137.3100,282.8800,0.000005
_7366_,VGND,li1,245.4100,223.0400,0.000006
_7365_,VGND,li1,275.7700,206.7200,0.000008
_7364_,VGND,li1,273.0100,190.4000,0.000009
_7363_,VGND,li1,242.1900,233.9200,0.000011
_7362_,VGND,li1,219.6500,195.8400,0.000005
_7361_,VGND,li1,262.8900,195.8400,0.000006
_7360_,VGND,li1,264.7300,168.6400,0.000005
_7359_,VGND,li1,273.0100,174.0800,0.000005
_7358_,VGND,li1,262.8900,163.2000,0.000005
_7357_,VGND,li1,190.6700,152.3200,0.000004
_7356_,VGND,li1,264.2700,152.3200,0.000006
_7355_,VGND,li1,273.4700,103.3600,0.000005
_7354_,VGND,li1,269.7900,136.0000,0.000004
_7353_,VGND,li1,273.0100,146.8800,0.000007
_7352_,VGND,li1,253.2300,108.8000,0.000005
_7351_,VGND,li1,262.8900,108.8000,0.000005
_7350_,VGND,li1,259.6700,54.4000,0.000005
_7349_,VGND,li1,234.3700,27.2000,0.000005
_7348_,VGND,li1,256.4500,38.0800,0.000003
_7347_,VGND,li1,246.7900,32.6400,0.000010
_7346_,VGND,li1,274.8500,97.9200,0.000005
_7345_,VGND,li1,210.9100,76.1600,0.000004
_7344_,VGND,li1,237.1300,92.4800,0.000014
_7343_,VGND,li1,170.8900,81.6000,0.000003
_7342_,VGND,li1,301.5300,261.1200,0.000007
_7341_,VGND,li1,287.2700,272.0000,0.000011
_7340_,VGND,li1,280.3700,272.0000,0.000015
_7339_,VGND,li1,238.9700,282.8800,0.000006
_7338_,VGND,li1,301.0700,255.6800,0.000009
_7337_,VGND,li1,152.0300,272.0000,0.000007
_7336_,VGND,li1,295.5500,239.3600,0.000010
_7335_,VGND,li1,146.9700,282.8800,0.000007
_7334_,VGND,li1,276.2300,228.4800,0.000006
_7333_,VGND,li1,296.4700,206.7200,0.000007
_7332_,VGND,li1,282.6700,190.4000,0.000007
_7331_,VGND,li1,299.2300,228.4800,0.000006
_7330_,VGND,li1,279.9100,195.8400,0.000006
_7329_,VGND,li1,273.0100,201.2800,0.000004
_7328_,VGND,li1,282.6700,174.0800,0.000004
_7327_,VGND,li1,279.4500,179.5200,0.000007
_7326_,VGND,li1,273.9300,163.2000,0.000007
_7325_,VGND,li1,195.7300,141.4400,0.000006
_7324_,VGND,li1,275.7700,152.3200,0.000006
_7323_,VGND,li1,285.4300,119.6800,0.000005
_7322_,VGND,li1,280.8300,136.0000,0.000004
_7321_,VGND,li1,282.6700,146.8800,0.000006
_7320_,VGND,li1,242.1900,103.3600,0.000005
_7319_,VGND,li1,274.8500,108.8000,0.000006
_7318_,VGND,li1,265.6500,54.4000,0.000005
_7317_,VGND,li1,249.5500,21.7600,0.000005
_7316_,VGND,li1,264.7300,32.6400,0.000005
_7315_,VGND,li1,250.0100,27.2000,0.000005
_7314_,VGND,li1,272.5500,81.6000,0.000008
_7313_,VGND,li1,249.5500,76.1600,0.000004
_7312_,VGND,li1,236.2100,97.9200,0.000005
_7311_,VGND,li1,176.4100,87.0400,0.000003
_7310_,VGND,li1,295.0900,255.6800,0.000007
_7309_,VGND,li1,300.6100,272.0000,0.000011
_7308_,VGND,li1,294.1700,277.4400,0.000003
_7307_,VGND,li1,297.8500,282.8800,0.000009
_7306_,VGND,li1,301.5300,244.8000,0.000026
_7305_,VGND,li1,293.7100,266.5600,0.000005
_7304_,VGND,li1,302.9100,239.3600,0.000012
_7303_,VGND,li1,288.1900,282.8800,0.000007
_7302_,VGND,li1,293.2500,217.6000,0.000016
_7301_,VGND,li1,291.4100,212.1600,0.000005
_7300_,VGND,li1,289.1100,184.9600,0.000016
_7299_,VGND,li1,298.7700,233.9200,0.000008
_7298_,VGND,li1,293.7100,195.8400,0.000005
_7297_,VGND,li1,287.2700,206.7200,0.000006
_7296_,VGND,li1,288.6500,168.6400,0.000003
_7295_,VGND,li1,288.1900,179.5200,0.000004
_7294_,VGND,li1,286.8100,163.2000,0.000005
_7293_,VGND,li1,270.2500,157.7600,0.000004
_7292_,VGND,li1,286.8100,152.3200,0.000005
_7291_,VGND,li1,288.6500,125.1200,0.000006
_7290_,VGND,li1,287.2700,130.5600,0.000005
_7289_,VGND,li1,287.2700,141.4400,0.000014
_7288_,VGND,li1,275.7700,119.6800,0.000007
_7287_,VGND,li1,284.5100,108.8000,0.000005
_7286_,VGND,li1,273.0100,59.8400,0.000003
_7285_,VGND,li1,241.7300,16.3200,0.000006
_7284_,VGND,li1,260.1300,27.2000,0.000004
_7283_,VGND,li1,266.1100,38.0800,0.000003
_7282_,VGND,li1,262.8900,81.6000,0.000008
_7281_,VGND,li1,241.7300,65.2800,0.000010
_7280_,VGND,li1,232.5300,108.8000,0.000003
_7279_,VGND,li1,193.8900,70.7200,0.000006
_7278_,VGND,li1,237.1300,255.6800,0.000006
_7277_,VGND,li1,250.0100,277.4400,0.000004
_7276_,VGND,li1,211.3700,299.2000,0.000006
_7275_,VGND,li1,243.5700,299.2000,0.000005
_7274_,VGND,li1,168.1300,288.3200,0.000002
_7273_,VGND,li1,137.7700,261.1200,0.000002
_7272_,VGND,li1,237.1300,250.2400,0.000006
_7271_,VGND,li1,144.6700,304.6400,0.000006
_7270_,VGND,li1,267.9500,228.4800,0.000006
_7269_,VGND,li1,221.4900,233.9200,0.000023
_7268_,VGND,li1,204.4700,190.4000,0.000013
_7267_,VGND,li1,208.6100,228.4800,0.000018
_7266_,VGND,li1,208.6100,201.2800,0.000003
_7265_,VGND,li1,210.9100,206.7200,0.000027
_7264_,VGND,li1,195.7300,174.0800,0.000004
_7263_,VGND,li1,182.8500,184.9600,0.000007
_7262_,VGND,li1,205.8500,168.6400,0.000005
_7261_,VGND,li1,195.2700,163.2000,0.000003
_7260_,VGND,li1,202.1700,146.8800,0.000005
_7259_,VGND,li1,199.4100,125.1200,0.000004
_7258_,VGND,li1,209.0700,125.1200,0.000007
_7257_,VGND,li1,180.0900,141.4400,0.000007
_7256_,VGND,li1,184.6900,114.2400,0.000007
_7255_,VGND,li1,195.7300,114.2400,0.000006
_7254_,VGND,li1,228.8500,54.4000,0.000004
_7253_,VGND,li1,210.9100,32.6400,0.000018
_7252_,VGND,li1,208.6100,21.7600,0.000006
_7251_,VGND,li1,217.3500,48.9600,0.000004
_7250_,VGND,li1,260.1300,81.6000,0.000007
_7249_,VGND,li1,226.0900,65.2800,0.000006
_7248_,VGND,li1,200.7900,103.3600,0.000005
_7247_,VGND,li1,192.0500,97.9200,0.000005
_7246_,VGND,li1,232.5300,266.5600,0.000004
_7245_,VGND,li1,282.6700,282.8800,0.000008
_7244_,VGND,li1,227.9300,293.7600,0.000003
_7243_,VGND,li1,260.5900,299.2000,0.000004
_7242_,VGND,li1,173.1900,282.8800,0.000007
_7241_,VGND,li1,161.2300,272.0000,0.000007
_7240_,VGND,li1,285.8900,239.3600,0.000007
_7239_,VGND,li1,163.5300,299.2000,0.000003
_7238_,VGND,li1,286.3500,223.0400,0.000006
_7237_,VGND,li1,214.1300,212.1600,0.000005
_7236_,VGND,li1,216.8900,184.9600,0.000010
_7235_,VGND,li1,286.8100,233.9200,0.000007
_7234_,VGND,li1,227.4700,201.2800,0.000002
_7233_,VGND,li1,250.0100,206.7200,0.000008
_7232_,VGND,li1,253.2300,174.0800,0.000003
_7231_,VGND,li1,260.1300,179.5200,0.000004
_7230_,VGND,li1,217.8100,168.6400,0.000006
_7229_,VGND,li1,211.3700,174.0800,0.000005
_7228_,VGND,li1,224.2500,152.3200,0.000003
_7227_,VGND,li1,275.7700,125.1200,0.000010
_7226_,VGND,li1,262.8900,130.5600,0.000008
_7225_,VGND,li1,187.4500,146.8800,0.000006
_7224_,VGND,li1,262.8900,114.2400,0.000003
_7223_,VGND,li1,224.2500,103.3600,0.000005
_7222_,VGND,li1,272.0900,65.2800,0.000023
_7221_,VGND,li1,214.1300,16.3200,0.000008
_7220_,VGND,li1,204.0100,16.3200,0.000006
_7219_,VGND,li1,237.1300,10.8800,0.000002
_7218_,VGND,li1,262.8900,92.4800,0.000021
_7217_,VGND,li1,276.6900,70.7200,0.000007
_7216_,VGND,li1,215.9700,81.6000,0.000005
_7215_,VGND,li1,81.1900,92.4800,0.000004
_7214_,VGND,li1,242.1900,261.1200,0.000003
_7213_,VGND,li1,273.0100,282.8800,0.000009
_7212_,VGND,li1,227.4700,304.6400,0.000003
_7211_,VGND,li1,119.8300,282.8800,0.000006
_7210_,VGND,li1,121.2100,272.0000,0.000005
_7209_,VGND,li1,157.0900,250.2400,0.000004
_7208_,VGND,li1,248.1700,239.3600,0.000007
_7207_,VGND,li1,158.9300,282.8800,0.000007
_7206_,VGND,li1,204.4700,223.0400,0.000005
_7205_,VGND,li1,192.9700,223.0400,0.000005
_7204_,VGND,li1,179.6300,195.8400,0.000005
_7203_,VGND,li1,213.2100,239.3600,0.000015
_7202_,VGND,li1,188.8300,206.7200,0.000010
_7201_,VGND,li1,195.7300,217.6000,0.000004
_7200_,VGND,li1,182.8500,174.0800,0.000006
_7199_,VGND,li1,198.9500,184.9600,0.000005
_7198_,VGND,li1,170.8900,168.6400,0.000004
_7197_,VGND,li1,171.8100,157.7600,0.000019
_7196_,VGND,li1,168.1300,146.8800,0.000003
_7195_,VGND,li1,185.6100,130.5600,0.000017
_7194_,VGND,li1,214.1300,141.4400,0.000008
_7193_,VGND,li1,205.3900,141.4400,0.000007
_7192_,VGND,li1,170.4300,125.1200,0.000004
_7191_,VGND,li1,172.2700,114.2400,0.000005
_7190_,VGND,li1,260.1300,65.2800,0.000011
_7189_,VGND,li1,131.3300,70.7200,0.000004
_7188_,VGND,li1,121.2100,54.4000,0.000011
_7187_,VGND,li1,213.6700,54.4000,0.000005
_7186_,VGND,li1,254.1500,97.9200,0.000005
_7185_,VGND,li1,184.6900,103.3600,0.000005
_7184_,VGND,li1,172.7300,97.9200,0.000004
_7183_,VGND,li1,153.4100,97.9200,0.000005
_7182_,VGND,li1,253.2300,255.6800,0.000004
_7181_,VGND,li1,250.0100,282.8800,0.000006
_7180_,VGND,li1,211.3700,288.3200,0.000003
_7179_,VGND,li1,250.0100,293.7600,0.000004
_7178_,VGND,li1,187.9100,272.0000,0.000010
_7177_,VGND,li1,158.9300,261.1200,0.000003
_7176_,VGND,li1,248.6300,250.2400,0.000006
_7175_,VGND,li1,158.4700,293.7600,0.000009
_7174_,VGND,li1,269.3300,212.1600,0.000007
_7173_,VGND,li1,250.0100,212.1600,0.000006
_7172_,VGND,li1,254.6100,195.8400,0.000006
_7171_,VGND,li1,234.3700,239.3600,0.000007
_7170_,VGND,li1,241.2700,195.8400,0.000007
_7169_,VGND,li1,259.6700,206.7200,0.000006
_7168_,VGND,li1,229.7700,168.6400,0.000005
_7167_,VGND,li1,236.6700,184.9600,0.000017
_7166_,VGND,li1,237.1300,163.2000,0.000006
_7165_,VGND,li1,215.0500,146.8800,0.000007
_7164_,VGND,li1,249.5500,157.7600,0.000005
_7163_,VGND,li1,252.3100,130.5600,0.000010
_7162_,VGND,li1,228.8500,146.8800,0.000005
_7161_,VGND,li1,252.3100,146.8800,0.000007
_7160_,VGND,li1,235.7500,114.2400,0.000004
_7159_,VGND,li1,218.7300,114.2400,0.000006
_7158_,VGND,li1,250.0100,54.4000,0.000007
_7157_,VGND,li1,232.5300,21.7600,0.000005
_7156_,VGND,li1,197.1100,21.7600,0.000004
_7155_,VGND,li1,230.6900,48.9600,0.000004
_7154_,VGND,li1,244.0300,87.0400,0.000003
_7153_,VGND,li1,217.8100,70.7200,0.000005
_7152_,VGND,li1,215.9700,97.9200,0.000005
_7151_,VGND,li1,186.0700,92.4800,0.000024
_7150_,VGND,li1,260.1300,266.5600,0.000003
_7149_,VGND,li1,267.9500,282.8800,0.000009
_7148_,VGND,li1,216.8900,299.2000,0.000006
_7147_,VGND,li1,253.2300,304.6400,0.000005
_7146_,VGND,li1,185.6100,266.5600,0.000004
_7145_,VGND,li1,146.9700,255.6800,0.000023
_7144_,VGND,li1,267.9500,233.9200,0.000008
_7143_,VGND,li1,156.1700,304.6400,0.000006
_7142_,VGND,li1,267.4900,223.0400,0.000006
_7141_,VGND,li1,214.1300,223.0400,0.000006
_7140_,VGND,li1,246.3300,190.4000,0.000014
_7139_,VGND,li1,231.6100,223.0400,0.000005
_7138_,VGND,li1,229.3100,195.8400,0.000005
_7137_,VGND,li1,223.7900,212.1600,0.000005
_7136_,VGND,li1,236.2100,179.5200,0.000005
_7135_,VGND,li1,223.7900,184.9600,0.000011
_7134_,VGND,li1,221.4900,179.5200,0.000005
_7133_,VGND,li1,215.0500,157.7600,0.000011
_7132_,VGND,li1,253.2300,152.3200,0.000004
_7131_,VGND,li1,250.0100,130.5600,0.000010
_7130_,VGND,li1,221.4900,130.5600,0.000026
_7129_,VGND,li1,247.2500,141.4400,0.000007
_7128_,VGND,li1,247.2500,119.6800,0.000009
_7127_,VGND,li1,208.6100,114.2400,0.000006
_7126_,VGND,li1,253.2300,65.2800,0.000011
_7125_,VGND,li1,215.5100,27.2000,0.000005
_7124_,VGND,li1,193.4300,32.6400,0.000007
_7123_,VGND,li1,226.5500,27.2000,0.000005
_7122_,VGND,li1,252.3100,81.6000,0.000007
_7121_,VGND,li1,216.8900,65.2800,0.000007
_7120_,VGND,li1,210.4500,103.3600,0.000006
_7119_,VGND,li1,199.8700,81.6000,0.000003
_7118_,VGND,li1,288.6500,261.1200,0.000005
_7117_,VGND,li1,275.3100,288.3200,0.000014
_7116_,VGND,li1,211.3700,277.4400,0.000009
_7115_,VGND,li1,267.9500,293.7600,0.000005
_7114_,VGND,li1,267.9500,250.2400,0.000006
_7113_,VGND,li1,175.4900,272.0000,0.000008
_7112_,VGND,li1,270.2500,244.8000,0.000011
_7111_,VGND,li1,169.9700,304.6400,0.000004
_7110_,VGND,li1,280.8300,223.0400,0.000007
_7109_,VGND,li1,283.1300,217.6000,0.000019
_7108_,VGND,li1,260.5900,190.4000,0.000009
_7107_,VGND,li1,298.7700,217.6000,0.000017
_7106_,VGND,li1,286.8100,201.2800,0.000003
_7105_,VGND,li1,274.8500,212.1600,0.000007
_7104_,VGND,li1,243.5700,163.2000,0.000006
_7103_,VGND,li1,250.9300,184.9600,0.000029
_7102_,VGND,li1,217.8100,119.6800,0.000025
_7101_,VGND,li1,227.9300,136.0000,0.000002
_7100_,VGND,li1,243.1100,146.8800,0.000007
_7099_,VGND,li1,280.3700,130.5600,0.000007
_7098_,VGND,li1,234.3700,125.1200,0.000016
_7097_,VGND,li1,262.8900,146.8800,0.000007
_7096_,VGND,li1,288.1900,125.1200,0.000006
_7095_,VGND,li1,286.3500,103.3600,0.000004
_7094_,VGND,li1,260.1300,70.7200,0.000005
_7093_,VGND,li1,222.8700,21.7600,0.000006
_7092_,VGND,li1,222.4100,16.3200,0.000007
_7091_,VGND,li1,232.0700,16.3200,0.000006
_7090_,VGND,li1,281.2900,81.6000,0.000007
_7089_,VGND,li1,278.9900,76.1600,0.000004
_7088_,VGND,li1,227.0100,92.4800,0.000016
_7087_,VGND,li1,265.1900,48.9600,0.000004
_7086_,VGND,li1,123.9700,255.6800,0.000011
_7085_,VGND,li1,131.3300,299.2000,0.000007
_7084_,VGND,li1,116.6100,299.2000,0.000006
_7083_,VGND,li1,97.2900,304.6400,0.000006
_7082_,VGND,li1,105.5700,299.2000,0.000004
_7081_,VGND,li1,122.1300,304.6400,0.000006
_7080_,VGND,li1,129.4900,250.2400,0.000004
_7079_,VGND,li1,108.3300,304.6400,0.000005
_7078_,VGND,li1,111.5500,239.3600,0.000004
_7077_,VGND,li1,121.2100,239.3600,0.000005
_7076_,VGND,li1,127.1900,212.1600,0.000004
_7075_,VGND,li1,129.4900,233.9200,0.000004
_7074_,VGND,li1,137.3100,195.8400,0.000005
_7073_,VGND,li1,125.8100,195.8400,0.000005
_7072_,VGND,li1,121.2100,174.0800,0.000005
_7071_,VGND,li1,121.2100,190.4000,0.000006
_7070_,VGND,li1,118.4500,174.0800,0.000005
_7069_,VGND,li1,125.3500,152.3200,0.000003
_7068_,VGND,li1,118.4500,146.8800,0.000004
_7067_,VGND,li1,186.0700,119.6800,0.000014
_7066_,VGND,li1,118.4500,141.4400,0.000004
_7065_,VGND,li1,118.4500,119.6800,0.000006
_7064_,VGND,li1,121.6700,119.6800,0.000006
_7063_,VGND,li1,124.4300,108.8000,0.000010
_7062_,VGND,li1,184.6900,59.8400,0.000026
_7061_,VGND,li1,193.8900,16.3200,0.000005
_7060_,VGND,li1,98.6700,16.3200,0.000004
_7059_,VGND,li1,100.5100,21.7600,0.000004
_7058_,VGND,li1,178.2500,76.1600,0.000005
_7057_,VGND,li1,181.9300,70.7200,0.000007
_7056_,VGND,li1,128.1100,59.8400,0.000004
_7055_,VGND,li1,190.6700,76.1600,0.000005
_7054_,VGND,li1,204.4700,266.5600,0.000004
_7053_,VGND,li1,195.7300,282.8800,0.000005
_7052_,VGND,li1,182.8500,282.8800,0.000008
_7051_,VGND,li1,221.4900,250.2400,0.000005
_7050_,VGND,li1,197.5700,239.3600,0.000006
_7049_,VGND,li1,183.3100,217.6000,0.000005
_7048_,VGND,li1,179.1700,233.9200,0.000008
_7047_,VGND,li1,152.4900,228.4800,0.000005
_7046_,VGND,li1,172.7300,206.7200,0.000006
_7045_,VGND,li1,162.6100,168.6400,0.000005
_7044_,VGND,li1,178.2500,184.9600,0.000006
_7043_,VGND,li1,172.7300,174.0800,0.000004
_7042_,VGND,li1,162.6100,163.2000,0.000008
_7041_,VGND,li1,164.4500,152.3200,0.000004
_7040_,VGND,li1,161.6900,130.5600,0.000013
_7039_,VGND,li1,154.3300,152.3200,0.000005
_7038_,VGND,li1,158.4700,141.4400,0.000006
_7037_,VGND,li1,258.7500,119.6800,0.000005
_7036_,VGND,li1,159.3900,114.2400,0.000005
_7035_,VGND,li1,169.9700,59.8400,0.000011
_7034_,VGND,li1,203.5500,70.7200,0.000005
_7033_,VGND,li1,195.7300,65.2800,0.000006
_7032_,VGND,li1,255.0700,43.5200,0.000021
_7031_,VGND,li1,265.1900,97.9200,0.000005
_7030_,VGND,li1,269.7900,70.7200,0.000007
_7029_,VGND,li1,196.6500,92.4800,0.000031
_7028_,VGND,li1,153.4100,81.6000,0.000004
_7027_,VGND,li1,234.3700,272.0000,0.000031
_7026_,VGND,li1,237.1300,304.6400,0.000005
_7025_,VGND,li1,208.6100,272.0000,0.000020
_7024_,VGND,li1,222.4100,266.5600,0.000005
_7023_,VGND,li1,228.8500,255.6800,0.000004
_7022_,VGND,li1,134.0900,304.6400,0.000006
_7021_,VGND,li1,193.8900,190.4000,0.000012
_7020_,VGND,li1,227.4700,244.8000,0.000003
_7019_,VGND,li1,144.2100,223.0400,0.000003
_7018_,VGND,li1,235.2900,212.1600,0.000005
_7017_,VGND,li1,212.7500,179.5200,0.000005
_7016_,VGND,li1,206.7700,130.5600,0.000017
_7015_,VGND,li1,203.0900,59.8400,0.000011
_7014_,VGND,li1,197.1100,130.5600,0.000013
_7013_,VGND,li1,223.7900,141.4400,0.000006
_7012_,VGND,li1,170.4300,141.4400,0.000005
_7011_,VGND,li1,236.2100,81.6000,0.000006
_7010_,VGND,li1,72.4500,304.6400,0.000004
_7009_,VGND,li1,64.1700,299.2000,0.000003
_7008_,VGND,li1,276.6900,299.2000,0.000005
_7007_,VGND,li1,262.8900,304.6400,0.000004
_7006_,VGND,li1,288.6500,304.6400,0.000003
_7005_,VGND,li1,290.4900,293.7600,0.000004
_7004_,VGND,li1,288.6500,293.7600,0.000004
_7003_,VGND,li1,290.4900,250.2400,0.000004
_7002_,VGND,li1,281.2900,250.2400,0.000006
_7001_,VGND,li1,278.9900,261.1200,0.000005
_7000_,VGND,li1,209.9900,250.2400,0.000005
_6999_,VGND,li1,202.6300,255.6800,0.000004
_6998_,VGND,li1,151.5700,244.8000,0.000006
_6997_,VGND,li1,150.1900,233.9200,0.000005
_6996_,VGND,li1,164.9100,233.9200,0.000006
_6995_,VGND,li1,149.7300,212.1600,0.000004
_6994_,VGND,li1,151.5700,201.2800,0.000005
_6993_,VGND,li1,169.9700,201.2800,0.000003
_6992_,VGND,li1,169.9700,195.8400,0.000004
_6991_,VGND,li1,149.7300,195.8400,0.000005
_6990_,VGND,li1,138.6900,190.4000,0.000005
_6989_,VGND,li1,136.8500,168.6400,0.000004
_6988_,VGND,li1,132.7100,163.2000,0.000023
_6987_,VGND,li1,129.9500,168.6400,0.000005
_6986_,VGND,li1,128.1100,136.0000,0.000003
_6985_,VGND,li1,127.6500,125.1200,0.000005
_6984_,VGND,li1,137.3100,108.8000,0.000013
_6983_,VGND,li1,157.5500,16.3200,0.000003
_6982_,VGND,li1,146.9700,54.4000,0.000011
_6981_,VGND,li1,121.2100,27.2000,0.000004
_6980_,VGND,li1,132.7100,97.9200,0.000005
_6979_,VGND,li1,144.2100,119.6800,0.000005
_6978_,VGND,li1,40.2500,81.6000,0.000007
_6977_,VGND,li1,43.9300,21.7600,0.000009
_6976_,VGND,li1,23.2300,190.4000,0.000007
_6975_,VGND,li1,47.1500,16.3200,0.000007
_6974_,VGND,li1,24.1500,201.2800,0.000010
_6973_,VGND,li1,15.4100,81.6000,0.000005
_6972_,VGND,li1,57.2700,27.2000,0.000025
_6971_,VGND,li1,15.4100,190.4000,0.000006
_6970_,VGND,li1,62.7900,16.3200,0.000008
_6969_,VGND,li1,19.0900,195.8400,0.000006
_6968_,VGND,li1,15.4100,223.0400,0.000007
_6967_,VGND,li1,24.1500,16.3200,0.000006
_6966_,VGND,li1,27.3700,244.8000,0.000007
_6965_,VGND,li1,49.9100,244.8000,0.000006
_6964_,VGND,li1,40.2500,38.0800,0.000008
_6963_,VGND,li1,16.3300,92.4800,0.000008
_6962_,VGND,li1,15.4100,228.4800,0.000004
_6961_,VGND,li1,31.9700,16.3200,0.000008
_6960_,VGND,li1,15.4100,244.8000,0.000005
_6959_,VGND,li1,36.5700,244.8000,0.000007
_6958_,VGND,li1,37.4900,48.9600,0.000004
_6957_,VGND,li1,29.2100,92.4800,0.000010
_6956_,VGND,li1,20.9300,223.0400,0.000007
_6955_,VGND,li1,22.7700,21.7600,0.000007
_6954_,VGND,li1,27.3700,250.2400,0.000022
_6953_,VGND,li1,43.9300,250.2400,0.000012
_6952_,VGND,li1,35.6500,32.6400,0.000010
_6951_,VGND,li1,34.7300,92.4800,0.000011
_6950_,VGND,li1,15.4100,217.6000,0.000011
_6949_,VGND,li1,40.2500,16.3200,0.000008
_6948_,VGND,li1,16.3300,250.2400,0.000017
_6947_,VGND,li1,37.0300,239.3600,0.000021
_6946_,VGND,li1,43.4700,43.5200,0.000015
_6945_,VGND,li1,16.3300,92.4800,0.000008
_6944_,VGND,li1,53.1300,255.6800,0.000005
_6943_,VGND,li1,48.5300,293.7600,0.000010
_6942_,VGND,li1,40.2500,228.4800,0.000006
_6941_,VGND,li1,30.1300,288.3200,0.000007
_6940_,VGND,li1,58.1900,277.4400,0.000011
_6939_,VGND,li1,29.6700,282.8800,0.000006
_6938_,VGND,li1,35.1900,266.5600,0.000008
_6937_,VGND,li1,54.5100,293.7600,0.000014
_6936_,VGND,li1,51.7500,146.8800,0.000014
_6935_,VGND,li1,51.7500,223.0400,0.000004
_6934_,VGND,li1,62.3300,239.3600,0.000022
_6933_,VGND,li1,49.4500,233.9200,0.000004
_6932_,VGND,li1,54.5100,206.7200,0.000009
_6931_,VGND,li1,69.2300,184.9600,0.000030
_6930_,VGND,li1,63.7100,38.0800,0.000005
_6929_,VGND,li1,48.9900,108.8000,0.000004
_6928_,VGND,li1,60.4900,157.7600,0.000006
_6927_,VGND,li1,65.5500,174.0800,0.000009
_6926_,VGND,li1,42.0900,163.2000,0.000006
_6925_,VGND,li1,67.8500,32.6400,0.000008
_6924_,VGND,li1,60.4900,141.4400,0.000007
_6923_,VGND,li1,45.3100,217.6000,0.000022
_6922_,VGND,li1,54.5100,130.5600,0.000008
_6921_,VGND,li1,57.7300,114.2400,0.000009
_6920_,VGND,li1,48.5300,38.0800,0.000005
_6919_,VGND,li1,58.6500,103.3600,0.000007
_6918_,VGND,li1,53.1300,81.6000,0.000005
_6917_,VGND,li1,44.8500,76.1600,0.000018
_6916_,VGND,li1,57.2700,184.9600,0.000019
_6915_,VGND,li1,71.5300,97.9200,0.000007
_6914_,VGND,li1,42.5500,92.4800,0.000010
_6913_,VGND,li1,70.6100,103.3600,0.000006
_6912_,VGND,li1,16.7900,277.4400,0.000013
_6911_,VGND,li1,15.4100,174.0800,0.000014
_6910_,VGND,li1,31.9700,206.7200,0.000023
_6909_,VGND,li1,15.8700,125.1200,0.000005
_6908_,VGND,li1,17.7100,239.3600,0.000010
_6907_,VGND,li1,19.0900,76.1600,0.000014
_6906_,VGND,li1,49.9100,125.1200,0.000007
_6905_,VGND,li1,43.9300,206.7200,0.000013
_6904_,VGND,li1,15.4100,272.0000,0.000005
_6903_,VGND,li1,15.4100,184.9600,0.000004
_6902_,VGND,li1,33.8100,195.8400,0.000009
_6901_,VGND,li1,22.7700,125.1200,0.000006
_6900_,VGND,li1,15.4100,239.3600,0.000011
_6899_,VGND,li1,32.8900,76.1600,0.000030
_6898_,VGND,li1,39.7900,125.1200,0.000008
_6897_,VGND,li1,37.0300,201.2800,0.000010
_6896_,VGND,li1,54.5100,244.8000,0.000007
_6895_,VGND,li1,44.8500,293.7600,0.000011
_6894_,VGND,li1,41.6300,233.9200,0.000006
_6893_,VGND,li1,36.5700,293.7600,0.000010
_6892_,VGND,li1,48.0700,277.4400,0.000013
_6891_,VGND,li1,40.2500,282.8800,0.000007
_6890_,VGND,li1,40.2500,261.1200,0.000006
_6889_,VGND,li1,56.3500,304.6400,0.000004
_6888_,VGND,li1,44.8500,152.3200,0.000005
_6887_,VGND,li1,48.9900,228.4800,0.000004
_6886_,VGND,li1,55.8900,239.3600,0.000027
_6885_,VGND,li1,43.9300,266.5600,0.000007
_6884_,VGND,li1,54.5100,201.2800,0.000006
_6883_,VGND,li1,54.5100,195.8400,0.000006
_6882_,VGND,li1,55.4300,43.5200,0.000009
_6881_,VGND,li1,41.1700,97.9200,0.000019
_6880_,VGND,li1,61.8700,168.6400,0.000005
_6879_,VGND,li1,48.9900,174.0800,0.000010
_6878_,VGND,li1,40.2500,157.7600,0.000007
_6877_,VGND,li1,65.5500,43.5200,0.000008
_6876_,VGND,li1,46.6900,136.0000,0.000005
_6875_,VGND,li1,48.9900,212.1600,0.000005
_6874_,VGND,li1,56.8100,119.6800,0.000005
_6873_,VGND,li1,42.0900,108.8000,0.000005
_6872_,VGND,li1,48.5300,48.9600,0.000002
_6871_,VGND,li1,57.7300,65.2800,0.000004
_6870_,VGND,li1,46.2300,87.0400,0.000013
_6869_,VGND,li1,39.7900,70.7200,0.000012
_6868_,VGND,li1,54.5100,157.7600,0.000006
_6867_,VGND,li1,60.4900,76.1600,0.000010
_6866_,VGND,li1,53.1300,97.9200,0.000010
_6865_,VGND,li1,57.7300,87.0400,0.000027
_6864_,VGND,li1,19.0900,277.4400,0.000013
_6863_,VGND,li1,27.3700,179.5200,0.000004
_6862_,VGND,li1,28.2900,195.8400,0.000009
_6861_,VGND,li1,28.7500,130.5600,0.000024
_6860_,VGND,li1,27.3700,228.4800,0.000006
_6859_,VGND,li1,40.7100,81.6000,0.000007
_6858_,VGND,li1,46.6900,130.5600,0.000010
_6857_,VGND,li1,46.6900,201.2800,0.000007
_6856_,VGND,li1,27.3700,272.0000,0.000007
_6855_,VGND,li1,17.7100,179.5200,0.000004
_6854_,VGND,li1,40.7100,190.4000,0.000008
_6853_,VGND,li1,15.4100,130.5600,0.000015
_6852_,VGND,li1,18.1700,233.9200,0.000004
_6851_,VGND,li1,24.6100,81.6000,0.000006
_6850_,VGND,li1,44.8500,119.6800,0.000006
_6849_,VGND,li1,41.6300,195.8400,0.000008
_6848_,VGND,li1,27.3700,59.8400,0.000005
_6847_,VGND,li1,17.2500,32.6400,0.000007
_6846_,VGND,li1,29.6700,114.2400,0.000006
_6845_,VGND,li1,55.4300,21.7600,0.000008
_6844_,VGND,li1,16.3300,141.4400,0.000009
_6843_,VGND,li1,15.4100,65.2800,0.000002
_6842_,VGND,li1,15.4100,32.6400,0.000008
_6841_,VGND,li1,15.8700,108.8000,0.000005
_6840_,VGND,li1,41.1700,10.8800,0.000004
_6839_,VGND,li1,15.4100,141.4400,0.000009
_6838_,VGND,li1,22.3100,59.8400,0.000005
_6837_,VGND,li1,27.8300,32.6400,0.000011
_6836_,VGND,li1,16.3300,108.8000,0.000005
_6835_,VGND,li1,53.1300,10.8800,0.000004
_6834_,VGND,li1,40.2500,136.0000,0.000007
_6833_,VGND,li1,15.8700,59.8400,0.000005
_6832_,VGND,li1,24.1500,32.6400,0.000010
_6831_,VGND,li1,19.0900,114.2400,0.000004
_6830_,VGND,li1,44.8500,21.7600,0.000009
_6829_,VGND,li1,32.4300,136.0000,0.000006
_6828_,VGND,li1,28.7500,212.1600,0.000010
_6827_,VGND,li1,23.6900,27.2000,0.000015
_6826_,VGND,li1,30.5900,163.2000,0.000007
_6825_,VGND,li1,28.7500,38.0800,0.000007
_6824_,VGND,li1,30.5900,261.1200,0.000006
_6823_,VGND,li1,15.4100,212.1600,0.000007
_6822_,VGND,li1,31.5100,27.2000,0.000021
_6821_,VGND,li1,15.4100,157.7600,0.000006
_6820_,VGND,li1,15.4100,38.0800,0.000005
_6819_,VGND,li1,15.8700,261.1200,0.000004
_6818_,VGND,li1,27.8300,212.1600,0.000010
_6817_,VGND,li1,19.0900,21.7600,0.000005
_6816_,VGND,li1,18.1700,157.7600,0.000005
_6815_,VGND,li1,27.3700,43.5200,0.000027
_6814_,VGND,li1,15.4100,266.5600,0.000006
_6813_,VGND,li1,18.1700,212.1600,0.000007
_6812_,VGND,li1,36.1100,21.7600,0.000009
_6811_,VGND,li1,22.7700,163.2000,0.000006
_6810_,VGND,li1,17.2500,43.5200,0.000014
_6809_,VGND,li1,23.2300,266.5600,0.000006
_6808_,VGND,li1,57.7300,250.2400,0.000007
_6807_,VGND,li1,44.3900,288.3200,0.000006
_6806_,VGND,li1,44.8500,239.3600,0.000021
_6805_,VGND,li1,26.9100,288.3200,0.000006
_6804_,VGND,li1,48.5300,282.8800,0.000004
_6803_,VGND,li1,28.7500,277.4400,0.000023
_6802_,VGND,li1,31.0500,272.0000,0.000007
_6801_,VGND,li1,62.3300,293.7600,0.000020
_6800_,VGND,li1,44.3900,141.4400,0.000008
_6799_,VGND,li1,57.7300,228.4800,0.000005
_6798_,VGND,li1,62.7900,217.6000,0.000019
_6797_,VGND,li1,44.8500,266.5600,0.000007
_6796_,VGND,li1,57.7300,212.1600,0.000005
_6795_,VGND,li1,61.4100,184.9600,0.000024
_6794_,VGND,li1,63.2500,54.4000,0.000004
_6793_,VGND,li1,38.4100,103.3600,0.000008
_6792_,VGND,li1,70.6100,168.6400,0.000005
_6791_,VGND,li1,55.4300,174.0800,0.000010
_6790_,VGND,li1,36.5700,157.7600,0.000008
_6789_,VGND,li1,60.0300,32.6400,0.000009
_6788_,VGND,li1,53.5900,141.4400,0.000007
_6787_,VGND,li1,41.6300,223.0400,0.000008
_6786_,VGND,li1,57.7300,125.1200,0.000012
_6785_,VGND,li1,47.1500,114.2400,0.000006
_6784_,VGND,li1,44.8500,38.0800,0.000007
_6783_,VGND,li1,54.9700,103.3600,0.000007
_6782_,VGND,li1,53.1300,76.1600,0.000011
_6781_,VGND,li1,40.7100,70.7200,0.000012
_6780_,VGND,li1,49.4500,184.9600,0.000011
_6779_,VGND,li1,64.1700,97.9200,0.000010
_6778_,VGND,li1,58.6500,92.4800,0.000011
_6777_,VGND,li1,66.0100,108.8000,0.000004
_6776_,VGND,li1,33.8100,255.6800,0.000008
_6775_,VGND,li1,28.2900,239.3600,0.000018
_6774_,VGND,li1,28.7500,174.0800,0.000029
_6773_,VGND,li1,69.2300,27.2000,0.000030
_6772_,VGND,li1,44.8500,184.9600,0.000011
_6771_,VGND,li1,17.2500,103.3600,0.000006
_6770_,VGND,li1,15.4100,255.6800,0.000007
_6769_,VGND,li1,31.9700,233.9200,0.000006
_6768_,VGND,li1,15.4100,168.6400,0.000004
_6767_,VGND,li1,71.9900,16.3200,0.000006
_6766_,VGND,li1,44.8500,190.4000,0.000007
_6765_,VGND,li1,15.4100,97.9200,0.000013
_6764_,VGND,li1,25.5300,255.6800,0.000008
_6763_,VGND,li1,26.4500,239.3600,0.000017
_6762_,VGND,li1,21.8500,168.6400,0.000004
_6761_,VGND,li1,63.2500,21.7600,0.000008
_6760_,VGND,li1,53.1300,163.2000,0.000005
_6759_,VGND,li1,31.5100,103.3600,0.000009
_6758_,VGND,li1,17.2500,255.6800,0.000006
_6757_,VGND,li1,40.2500,239.3600,0.000022
_6756_,VGND,li1,16.7900,163.2000,0.000005
_6755_,VGND,li1,74.7500,21.7600,0.000006
_6754_,VGND,li1,47.6100,168.6400,0.000004
_6753_,VGND,li1,27.3700,103.3600,0.000008
_6752_,VGND,li1,28.7500,152.3200,0.000007
_6751_,VGND,li1,17.2500,48.9600,0.000003
_6750_,VGND,li1,17.2500,119.6800,0.000006
_6749_,VGND,li1,32.8900,223.0400,0.000009
_6748_,VGND,li1,16.7900,70.7200,0.000008
_6747_,VGND,li1,28.2900,141.4400,0.000010
_6746_,VGND,li1,26.4500,152.3200,0.000007
_6745_,VGND,li1,22.3100,54.4000,0.000005
_6744_,VGND,li1,27.3700,119.6800,0.000009
_6743_,VGND,li1,31.9700,217.6000,0.000021
_6742_,VGND,li1,15.4100,76.1600,0.000015
_6741_,VGND,li1,15.4100,146.8800,0.000009
_6740_,VGND,li1,36.5700,141.4400,0.000010
_6739_,VGND,li1,30.1300,54.4000,0.000005
_6738_,VGND,li1,27.8300,119.6800,0.000009
_6737_,VGND,li1,28.7500,223.0400,0.000009
_6736_,VGND,li1,31.5100,70.7200,0.000014
_6735_,VGND,li1,24.1500,141.4400,0.000009
_6734_,VGND,li1,29.6700,146.8800,0.000018
_6733_,VGND,li1,15.4100,54.4000,0.000005
_6732_,VGND,li1,15.4100,119.6800,0.000006
_6731_,VGND,li1,37.9500,212.1600,0.000009
_6730_,VGND,li1,23.6900,70.7200,0.000011
_6729_,VGND,li1,17.2500,152.3200,0.000005
_6728_,VGND,li1,16.3300,87.0400,0.000006
_6727_,VGND,li1,44.8500,27.2000,0.000022
_6726_,VGND,li1,31.0500,190.4000,0.000009
_6725_,VGND,li1,54.9700,16.3200,0.000008
_6724_,VGND,li1,16.3300,206.7200,0.000014
_6723_,VGND,li1,27.3700,87.0400,0.000009
_6722_,VGND,li1,55.4300,32.6400,0.000008
_6721_,VGND,li1,15.4100,195.8400,0.000007
_6720_,VGND,li1,68.3100,10.8800,0.000004
_6719_,VGND,li1,15.4100,201.2800,0.000007
_6718_,VGND,li1,58.1900,261.1200,0.000004
_6717_,VGND,li1,52.2100,288.3200,0.000006
_6716_,VGND,li1,57.7300,272.0000,0.000005
_6715_,VGND,li1,39.3300,282.8800,0.000007
_6714_,VGND,li1,49.9100,272.0000,0.000004
_6713_,VGND,li1,40.2500,277.4400,0.000024
_6712_,VGND,li1,42.5500,255.6800,0.000007
_6711_,VGND,li1,63.2500,288.3200,0.000006
_6710_,VGND,li1,54.9700,190.4000,0.000006
_6709_,VGND,li1,55.8900,217.6000,0.000019
_6708_,VGND,li1,63.2500,195.8400,0.000006
_6707_,VGND,li1,62.7900,233.9200,0.000005
_6706_,VGND,li1,71.0700,201.2800,0.000005
_6705_,VGND,li1,70.6100,190.4000,0.000005
_6704_,VGND,li1,250.9300,168.6400,0.000006
_6703_,VGND,li1,255.5300,168.6400,0.000006
_6702_,VGND,li1,70.6100,163.2000,0.000005
_6701_,VGND,li1,71.9900,179.5200,0.000007
_6700_,VGND,li1,63.2500,152.3200,0.000004
_6699_,VGND,li1,240.8100,54.4000,0.000007
_6698_,VGND,li1,57.7300,136.0000,0.000005
_6697_,VGND,li1,68.7700,206.7200,0.000007
_6696_,VGND,li1,62.3300,114.2400,0.000011
_6695_,VGND,li1,167.6700,108.8000,0.000008
_6694_,VGND,li1,246.3300,48.9600,0.000005
_6693_,VGND,li1,66.4700,65.2800,0.000004
_6692_,VGND,li1,54.0500,70.7200,0.000006
_6691_,VGND,li1,237.1300,43.5200,0.000019
_6690_,VGND,li1,58.1900,146.8800,0.000012
_6689_,VGND,li1,69.6900,81.6000,0.000005
_6688_,VGND,li1,45.7700,92.4800,0.000009
_6687_,VGND,li1,71.5300,87.0400,0.000025
_6686_,VGND,li1,128.1100,261.1200,0.000002
_6685_,VGND,li1,135.0100,272.0000,0.000005
_6684_,VGND,li1,129.9500,288.3200,0.000001
_6683_,VGND,li1,127.1900,293.7600,0.000012
_6682_,VGND,li1,134.5500,266.5600,0.000002
_6681_,VGND,li1,135.0100,255.6800,0.000014
_6680_,VGND,li1,142.8300,239.3600,0.000004
_6679_,VGND,li1,133.6300,288.3200,0.000001
_6678_,VGND,li1,132.2500,184.9600,0.000003
_6677_,VGND,li1,134.5500,228.4800,0.000003
_6676_,VGND,li1,144.2100,201.2800,0.000004
_6675_,VGND,li1,136.8500,233.9200,0.000003
_6674_,VGND,li1,134.5500,201.2800,0.000002
_6673_,VGND,li1,142.3700,217.6000,0.000014
_6672_,VGND,li1,144.6700,179.5200,0.000003
_6671_,VGND,li1,127.1900,184.9600,0.000004
_6670_,VGND,li1,137.7700,179.5200,0.000003
_6669_,VGND,li1,162.6100,157.7600,0.000030
_6668_,VGND,li1,148.3500,141.4400,0.000006
_6667_,VGND,li1,157.5500,119.6800,0.000006
_6666_,VGND,li1,137.3100,146.8800,0.000004
_6665_,VGND,li1,146.9700,141.4400,0.000005
_6664_,VGND,li1,164.9100,114.2400,0.000005
_6663_,VGND,li1,157.5500,103.3600,0.000005
_6662_,VGND,li1,163.9900,76.1600,0.000004
_6661_,VGND,li1,152.9500,70.7200,0.000005
_6660_,VGND,li1,168.5900,70.7200,0.000004
_6659_,VGND,li1,167.2100,70.7200,0.000004
_6658_,VGND,li1,125.3500,92.4800,0.000002
_6657_,VGND,li1,163.9900,103.3600,0.000005
_6656_,VGND,li1,170.8900,92.4800,0.000011
_6655_,VGND,li1,151.1100,97.9200,0.000005
_6654_,VGND,li1,274.8500,261.1200,0.000005
_6653_,VGND,li1,274.8500,272.0000,0.000017
_6652_,VGND,li1,225.6300,277.4400,0.000004
_6651_,VGND,li1,225.1700,282.8800,0.000005
_6650_,VGND,li1,217.3500,255.6800,0.000006
_6649_,VGND,li1,144.6700,277.4400,0.000005
_6648_,VGND,li1,277.1500,239.3600,0.000007
_6647_,VGND,li1,141.4500,282.8800,0.000006
_6646_,VGND,li1,244.4900,228.4800,0.000004
_6645_,VGND,li1,277.1500,206.7200,0.000008
_6644_,VGND,li1,272.5500,184.9600,0.000020
_6643_,VGND,li1,241.2700,239.3600,0.000007
_6642_,VGND,li1,221.4900,195.8400,0.000005
_6641_,VGND,li1,265.1900,195.8400,0.000006
_6640_,VGND,li1,266.1100,168.6400,0.000005
_6639_,VGND,li1,273.9300,168.6400,0.000005
_6638_,VGND,li1,264.2700,157.7600,0.000003
_6637_,VGND,li1,191.5900,157.7600,0.000020
_6636_,VGND,li1,265.1900,146.8800,0.000007
_6635_,VGND,li1,274.8500,97.9200,0.000005
_6634_,VGND,li1,270.2500,130.5600,0.000008
_6633_,VGND,li1,270.7100,146.8800,0.000007
_6632_,VGND,li1,254.1500,103.3600,0.000003
_6631_,VGND,li1,266.1100,103.3600,0.000004
_6630_,VGND,li1,259.6700,48.9600,0.000003
_6629_,VGND,li1,234.8300,27.2000,0.000005
_6628_,VGND,li1,256.4500,38.0800,0.000003
_6627_,VGND,li1,245.4100,38.0800,0.000002
_6626_,VGND,li1,273.4700,97.9200,0.000005
_6625_,VGND,li1,211.8300,76.1600,0.000004
_6624_,VGND,li1,238.5100,87.0400,0.000003
_6623_,VGND,li1,171.8100,81.6000,0.000003
_6622_,VGND,li1,301.9900,261.1200,0.000007
_6621_,VGND,li1,288.6500,272.0000,0.000009
_6620_,VGND,li1,281.7500,266.5600,0.000004
_6619_,VGND,li1,239.8900,282.8800,0.000006
_6618_,VGND,li1,301.5300,250.2400,0.000004
_6617_,VGND,li1,151.1100,272.0000,0.000007
_6616_,VGND,li1,292.7900,244.8000,0.000024
_6615_,VGND,li1,152.9500,282.8800,0.000007
_6614_,VGND,li1,275.3100,223.0400,0.000007
_6613_,VGND,li1,295.5500,212.1600,0.000005
_6612_,VGND,li1,283.1300,190.4000,0.000007
_6611_,VGND,li1,299.6900,228.4800,0.000006
_6610_,VGND,li1,281.7500,195.8400,0.000005
_6609_,VGND,li1,272.5500,195.8400,0.000006
_6608_,VGND,li1,282.2100,168.6400,0.000004
_6607_,VGND,li1,275.7700,184.9600,0.000021
_6606_,VGND,li1,271.6300,157.7600,0.000004
_6605_,VGND,li1,198.4900,136.0000,0.000001
_6604_,VGND,li1,276.2300,157.7600,0.000004
_6603_,VGND,li1,285.4300,114.2400,0.000001
_6602_,VGND,li1,281.7500,130.5600,0.000007
_6601_,VGND,li1,279.9100,146.8800,0.000006
_6600_,VGND,li1,241.2700,103.3600,0.000005
_6599_,VGND,li1,275.7700,103.3600,0.000004
_6598_,VGND,li1,265.6500,54.4000,0.000005
_6597_,VGND,li1,252.3100,21.7600,0.000004
_6596_,VGND,li1,265.1900,38.0800,0.000003
_6595_,VGND,li1,253.2300,27.2000,0.000004
_6594_,VGND,li1,273.4700,81.6000,0.000008
_6593_,VGND,li1,249.5500,70.7200,0.000003
_6592_,VGND,li1,236.6700,103.3600,0.000004
_6591_,VGND,li1,176.8700,81.6000,0.000003
_6590_,VGND,li1,295.5500,261.1200,0.000006
_6589_,VGND,li1,299.2300,272.0000,0.000011
_6588_,VGND,li1,295.0900,272.0000,0.000010
_6587_,VGND,li1,296.0100,288.3200,0.000014
_6586_,VGND,li1,301.9900,244.8000,0.000026
_6585_,VGND,li1,294.6300,266.5600,0.000005
_6584_,VGND,li1,302.9100,233.9200,0.000008
_6583_,VGND,li1,288.6500,282.8800,0.000007
_6582_,VGND,li1,292.7900,223.0400,0.000005
_6581_,VGND,li1,291.8700,212.1600,0.000005
_6580_,VGND,li1,288.6500,190.4000,0.000004
_6579_,VGND,li1,297.3900,233.9200,0.000007
_6578_,VGND,li1,294.6300,201.2800,0.000003
_6577_,VGND,li1,290.9500,206.7200,0.000006
_6576_,VGND,li1,289.5700,168.6400,0.000003
_6575_,VGND,li1,288.1900,179.5200,0.000004
_6574_,VGND,li1,287.2700,163.2000,0.000005
_6573_,VGND,li1,270.2500,152.3200,0.000006
_6572_,VGND,li1,287.7300,152.3200,0.000003
_6571_,VGND,li1,289.5700,119.6800,0.000003
_6570_,VGND,li1,289.1100,136.0000,0.000002
_6569_,VGND,li1,288.1900,146.8800,0.000003
_6568_,VGND,li1,278.5300,119.6800,0.000006
_6567_,VGND,li1,287.7300,108.8000,0.000003
_6566_,VGND,li1,273.4700,54.4000,0.000004
_6565_,VGND,li1,243.1100,16.3200,0.000005
_6564_,VGND,li1,258.7500,27.2000,0.000003
_6563_,VGND,li1,266.5700,43.5200,0.000009
_6562_,VGND,li1,265.6500,81.6000,0.000008
_6561_,VGND,li1,243.1100,65.2800,0.000010
_6560_,VGND,li1,234.8300,103.3600,0.000004
_6559_,VGND,li1,201.7100,76.1600,0.000003
_6558_,VGND,li1,237.5900,261.1200,0.000003
_6557_,VGND,li1,250.0100,288.3200,0.000004
_6556_,VGND,li1,211.3700,299.2000,0.000006
_6555_,VGND,li1,243.1100,304.6400,0.000005
_6554_,VGND,li1,168.1300,288.3200,0.000002
_6553_,VGND,li1,137.7700,266.5600,0.000001
_6552_,VGND,li1,237.5900,250.2400,0.000006
_6551_,VGND,li1,145.5900,304.6400,0.000006
_6550_,VGND,li1,269.3300,233.9200,0.000008
_6549_,VGND,li1,222.4100,233.9200,0.000023
_6548_,VGND,li1,204.9300,195.8400,0.000003
_6547_,VGND,li1,208.6100,223.0400,0.000006
_6546_,VGND,li1,209.0700,195.8400,0.000004
_6545_,VGND,li1,209.5300,201.2800,0.000003
_6544_,VGND,li1,193.4300,168.6400,0.000004
_6543_,VGND,li1,183.7700,184.9600,0.000007
_6542_,VGND,li1,205.8500,174.0800,0.000004
_6541_,VGND,li1,195.7300,168.6400,0.000004
_6540_,VGND,li1,202.6300,146.8800,0.000005
_6539_,VGND,li1,200.7900,119.6800,0.000022
_6538_,VGND,li1,218.7300,119.6800,0.000025
_6537_,VGND,li1,180.0900,141.4400,0.000007
_6536_,VGND,li1,185.1500,114.2400,0.000007
_6535_,VGND,li1,196.1900,108.8000,0.000002
_6534_,VGND,li1,230.2300,48.9600,0.000004
_6533_,VGND,li1,209.0700,38.0800,0.000000
_6532_,VGND,li1,207.6900,21.7600,0.000006
_6531_,VGND,li1,215.5100,54.4000,0.000005
_6530_,VGND,li1,262.8900,87.0400,0.000002
_6529_,VGND,li1,226.5500,65.2800,0.000006
_6528_,VGND,li1,201.2500,114.2400,0.000005
_6527_,VGND,li1,191.5900,103.3600,0.000005
_6526_,VGND,li1,232.9900,266.5600,0.000004
_6525_,VGND,li1,281.7500,277.4400,0.000002
_6524_,VGND,li1,228.3900,293.7600,0.000002
_6523_,VGND,li1,259.6700,299.2000,0.000004
_6522_,VGND,li1,173.1900,277.4400,0.000014
_6521_,VGND,li1,162.1500,277.4400,0.000007
_6520_,VGND,li1,285.8900,239.3600,0.000007
_6519_,VGND,li1,169.0500,299.2000,0.000002
_6518_,VGND,li1,287.2700,223.0400,0.000006
_6517_,VGND,li1,230.2300,212.1600,0.000004
_6516_,VGND,li1,215.5100,190.4000,0.000017
_6515_,VGND,li1,287.2700,228.4800,0.000004
_6514_,VGND,li1,230.2300,201.2800,0.000002
_6513_,VGND,li1,251.3900,201.2800,0.000002
_6512_,VGND,li1,254.1500,174.0800,0.000003
_6511_,VGND,li1,262.4300,184.9600,0.000017
_6510_,VGND,li1,218.2700,163.2000,0.000003
_6509_,VGND,li1,214.5900,174.0800,0.000004
_6508_,VGND,li1,225.1700,152.3200,0.000003
_6507_,VGND,li1,278.5300,125.1200,0.000010
_6506_,VGND,li1,265.6500,130.5600,0.000008
_6505_,VGND,li1,189.2900,146.8800,0.000006
_6504_,VGND,li1,267.0300,108.8000,0.000006
_6503_,VGND,li1,224.7100,97.9200,0.000004
_6502_,VGND,li1,275.3100,59.8400,0.000003
_6501_,VGND,li1,214.5900,16.3200,0.000007
_6500_,VGND,li1,209.0700,21.7600,0.000006
_6499_,VGND,li1,237.5900,16.3200,0.000006
_6498_,VGND,li1,263.3500,87.0400,0.000002
_6497_,VGND,li1,275.3100,70.7200,0.000007
_6496_,VGND,li1,215.5100,87.0400,0.000001
_6495_,VGND,li1,135.4700,92.4800,0.000002
_6494_,VGND,li1,250.9300,266.5600,0.000004
_6493_,VGND,li1,272.0900,277.4400,0.000002
_6492_,VGND,li1,227.9300,304.6400,0.000003
_6491_,VGND,li1,121.2100,277.4400,0.000003
_6490_,VGND,li1,121.2100,272.0000,0.000005
_6489_,VGND,li1,155.2500,255.6800,0.000017
_6488_,VGND,li1,250.0100,239.3600,0.000006
_6487_,VGND,li1,161.2300,277.4400,0.000007
_6486_,VGND,li1,204.9300,217.6000,0.000003
_6485_,VGND,li1,192.5100,223.0400,0.000005
_6484_,VGND,li1,182.8500,195.8400,0.000005
_6483_,VGND,li1,213.6700,244.8000,0.000002
_6482_,VGND,li1,189.2900,212.1600,0.000002
_6481_,VGND,li1,194.8100,212.1600,0.000002
_6480_,VGND,li1,183.7700,168.6400,0.000004
_6479_,VGND,li1,200.3300,179.5200,0.000002
_6478_,VGND,li1,171.3500,168.6400,0.000004
_6477_,VGND,li1,180.5500,157.7600,0.000019
_6476_,VGND,li1,168.5900,152.3200,0.000003
_6475_,VGND,li1,191.5900,130.5600,0.000015
_6474_,VGND,li1,214.1300,146.8800,0.000007
_6473_,VGND,li1,204.4700,141.4400,0.000006
_6472_,VGND,li1,171.3500,119.6800,0.000007
_6471_,VGND,li1,173.1900,119.6800,0.000008
_6470_,VGND,li1,260.5900,70.7200,0.000005
_6469_,VGND,li1,129.0300,70.7200,0.000003
_6468_,VGND,li1,122.5900,59.8400,0.000003
_6467_,VGND,li1,214.1300,59.8400,0.000007
_6466_,VGND,li1,254.1500,97.9200,0.000005
_6465_,VGND,li1,183.7700,103.3600,0.000005
_6464_,VGND,li1,176.4100,92.4800,0.000016
_6463_,VGND,li1,153.8700,92.4800,0.000005
_6462_,VGND,li1,254.1500,250.2400,0.000005
_6461_,VGND,li1,251.3900,288.3200,0.000004
_6460_,VGND,li1,211.8300,288.3200,0.000003
_6459_,VGND,li1,252.3100,293.7600,0.000004
_6458_,VGND,li1,188.3700,277.4400,0.000023
_6457_,VGND,li1,159.3900,261.1200,0.000003
_6456_,VGND,li1,249.0900,250.2400,0.000006
_6455_,VGND,li1,158.0100,293.7600,0.000009
_6454_,VGND,li1,270.7100,217.6000,0.000022
_6453_,VGND,li1,252.7700,217.6000,0.000007
_6452_,VGND,li1,255.9900,190.4000,0.000010
_6451_,VGND,li1,234.3700,239.3600,0.000007
_6450_,VGND,li1,243.1100,195.8400,0.000007
_6449_,VGND,li1,258.7500,201.2800,0.000002
_6448_,VGND,li1,230.2300,163.2000,0.000003
_6447_,VGND,li1,237.1300,179.5200,0.000005
_6446_,VGND,li1,237.1300,157.7600,0.000005
_6445_,VGND,li1,215.5100,152.3200,0.000003
_6444_,VGND,li1,250.4700,152.3200,0.000004
_6443_,VGND,li1,255.9900,136.0000,0.000002
_6442_,VGND,li1,230.2300,141.4400,0.000004
_6441_,VGND,li1,255.9900,141.4400,0.000006
_6440_,VGND,li1,236.6700,108.8000,0.000004
_6439_,VGND,li1,222.8700,114.2400,0.000005
_6438_,VGND,li1,250.9300,48.9600,0.000004
_6437_,VGND,li1,232.5300,21.7600,0.000005
_6436_,VGND,li1,198.4900,21.7600,0.000003
_6435_,VGND,li1,232.0700,43.5200,0.000011
_6434_,VGND,li1,244.4900,81.6000,0.000006
_6433_,VGND,li1,215.5100,76.1600,0.000004
_6432_,VGND,li1,215.5100,97.9200,0.000005
_6431_,VGND,li1,186.0700,97.9200,0.000005
_6430_,VGND,li1,256.4500,272.0000,0.000026
_6429_,VGND,li1,268.8700,288.3200,0.000010
_6428_,VGND,li1,215.5100,304.6400,0.000002
_6427_,VGND,li1,254.1500,299.2000,0.000004
_6426_,VGND,li1,186.0700,261.1200,0.000001
_6425_,VGND,li1,147.4300,261.1200,0.000002
_6424_,VGND,li1,268.8700,239.3600,0.000006
_6423_,VGND,li1,156.6300,304.6400,0.000006
_6422_,VGND,li1,268.8700,217.6000,0.000020
_6421_,VGND,li1,214.5900,228.4800,0.000015
_6420_,VGND,li1,246.7900,195.8400,0.000006
_6419_,VGND,li1,234.3700,223.0400,0.000005
_6418_,VGND,li1,230.2300,190.4000,0.000015
_6417_,VGND,li1,221.0300,217.6000,0.000002
_6416_,VGND,li1,235.7500,174.0800,0.000002
_6415_,VGND,li1,226.5500,184.9600,0.000010
_6414_,VGND,li1,227.0100,174.0800,0.000002
_6413_,VGND,li1,215.5100,163.2000,0.000003
_6412_,VGND,li1,255.9900,152.3200,0.000004
_6411_,VGND,li1,254.1500,136.0000,0.000002
_6410_,VGND,li1,221.0300,125.1200,0.000008
_6409_,VGND,li1,246.7900,136.0000,0.000002
_6408_,VGND,li1,247.7100,119.6800,0.000009
_6407_,VGND,li1,217.3500,119.6800,0.000027
_6406_,VGND,li1,255.9900,59.8400,0.000001
_6405_,VGND,li1,216.4300,21.7600,0.000006
_6404_,VGND,li1,195.7300,27.2000,0.000001
_6403_,VGND,li1,228.3900,27.2000,0.000004
_6402_,VGND,li1,253.6900,76.1600,0.000004
_6401_,VGND,li1,215.9700,59.8400,0.000006
_6400_,VGND,li1,209.9900,97.9200,0.000004
_6399_,VGND,li1,200.7900,76.1600,0.000003
_6398_,VGND,li1,287.2700,255.6800,0.000004
_6397_,VGND,li1,276.2300,288.3200,0.000014
_6396_,VGND,li1,213.6700,272.0000,0.000024
_6395_,VGND,li1,268.8700,293.7600,0.000005
_6394_,VGND,li1,267.0300,255.6800,0.000003
_6393_,VGND,li1,176.4100,266.5600,0.000003
_6392_,VGND,li1,271.1700,244.8000,0.000011
_6391_,VGND,li1,169.5100,299.2000,0.000002
_6390_,VGND,li1,285.4300,217.6000,0.000016
_6389_,VGND,li1,282.2100,212.1600,0.000005
_6388_,VGND,li1,260.1300,184.9600,0.000016
_6387_,VGND,li1,298.3100,212.1600,0.000005
_6386_,VGND,li1,291.4100,201.2800,0.000003
_6385_,VGND,li1,275.3100,217.6000,0.000027
_6384_,VGND,li1,243.1100,168.6400,0.000006
_6383_,VGND,li1,255.9900,184.9600,0.000021
_6382_,VGND,li1,217.3500,125.1200,0.000008
_6381_,VGND,li1,228.3900,136.0000,0.000002
_6380_,VGND,li1,244.0300,146.8800,0.000007
_6379_,VGND,li1,281.7500,125.1200,0.000009
_6378_,VGND,li1,234.8300,125.1200,0.000016
_6377_,VGND,li1,261.9700,141.4400,0.000007
_6376_,VGND,li1,294.6300,130.5600,0.000004
_6375_,VGND,li1,289.1100,108.8000,0.000003
_6374_,VGND,li1,259.2100,76.1600,0.000003
_6373_,VGND,li1,227.4700,16.3200,0.000005
_6372_,VGND,li1,227.0100,10.8800,0.000001
_6371_,VGND,li1,230.2300,16.3200,0.000005
_6370_,VGND,li1,282.2100,81.6000,0.000006
_6369_,VGND,li1,276.2300,76.1600,0.000004
_6368_,VGND,li1,227.4700,92.4800,0.000016
_6367_,VGND,li1,263.3500,48.9600,0.000003
_6366_,VGND,li1,127.1900,255.6800,0.000012
_6365_,VGND,li1,131.7900,299.2000,0.000007
_6364_,VGND,li1,116.6100,304.6400,0.000005
_6363_,VGND,li1,95.9100,299.2000,0.000003
_6362_,VGND,li1,102.8100,304.6400,0.000005
_6361_,VGND,li1,120.7500,299.2000,0.000007
_6360_,VGND,li1,129.9500,250.2400,0.000004
_6359_,VGND,li1,111.0900,299.2000,0.000005
_6358_,VGND,li1,118.4500,239.3600,0.000005
_6357_,VGND,li1,122.5900,239.3600,0.000005
_6356_,VGND,li1,127.6500,212.1600,0.000004
_6355_,VGND,li1,130.4100,228.4800,0.000003
_6354_,VGND,li1,138.2300,195.8400,0.000004
_6353_,VGND,li1,125.3500,190.4000,0.000006
_6352_,VGND,li1,125.8100,179.5200,0.000002
_6351_,VGND,li1,120.7500,184.9600,0.000004
_6350_,VGND,li1,119.3700,179.5200,0.000002
_6349_,VGND,li1,125.3500,146.8800,0.000004
_6348_,VGND,li1,115.6900,141.4400,0.000003
_6347_,VGND,li1,187.9100,119.6800,0.000015
_6346_,VGND,li1,123.0500,141.4400,0.000004
_6345_,VGND,li1,117.9900,125.1200,0.000004
_6344_,VGND,li1,124.4300,114.2400,0.000006
_6343_,VGND,li1,125.3500,103.3600,0.000001
_6342_,VGND,li1,181.4700,59.8400,0.000021
_6341_,VGND,li1,193.4300,21.7600,0.000003
_6340_,VGND,li1,99.5900,16.3200,0.000004
_6339_,VGND,li1,105.1100,10.8800,0.000000
_6338_,VGND,li1,176.8700,76.1600,0.000005
_6337_,VGND,li1,183.7700,76.1600,0.000005
_6336_,VGND,li1,128.5700,54.4000,0.000013
_6335_,VGND,li1,191.5900,76.1600,0.000005
_6334_,VGND,li1,205.3900,261.1200,0.000001
_6333_,VGND,li1,193.8900,277.4400,0.000018
_6332_,VGND,li1,180.5500,277.4400,0.000020
_6331_,VGND,li1,221.4900,244.8000,0.000002
_6330_,VGND,li1,198.0300,233.9200,0.000011
_6329_,VGND,li1,182.8500,217.6000,0.000005
_6328_,VGND,li1,179.1700,233.9200,0.000008
_6327_,VGND,li1,152.9500,228.4800,0.000005
_6326_,VGND,li1,175.4900,206.7200,0.000006
_6325_,VGND,li1,163.0700,174.0800,0.000003
_6324_,VGND,li1,178.7100,179.5200,0.000001
_6323_,VGND,li1,173.1900,174.0800,0.000004
_6322_,VGND,li1,157.0900,168.6400,0.000004
_6321_,VGND,li1,165.8300,157.7600,0.000026
_6320_,VGND,li1,165.8300,136.0000,0.000000
_6319_,VGND,li1,152.4900,146.8800,0.000004
_6318_,VGND,li1,158.9300,141.4400,0.000006
_6317_,VGND,li1,264.7300,114.2400,0.000003
_6316_,VGND,li1,161.6900,108.8000,0.000014
_6315_,VGND,li1,169.0500,54.4000,0.000003
_6314_,VGND,li1,205.3900,65.2800,0.000006
_6313_,VGND,li1,194.3500,59.8400,0.000017
_6312_,VGND,li1,255.9900,43.5200,0.000017
_6311_,VGND,li1,265.6500,97.9200,0.000005
_6310_,VGND,li1,268.8700,70.7200,0.000006
_6309_,VGND,li1,196.1900,97.9200,0.000004
_6308_,VGND,li1,153.4100,76.1600,0.000003
_6307_,VGND,li1,234.3700,272.0000,0.000031
_6306_,VGND,li1,237.1300,299.2000,0.000004
_6305_,VGND,li1,211.8300,272.0000,0.000023
_6304_,VGND,li1,220.5700,266.5600,0.000005
_6303_,VGND,li1,228.3900,250.2400,0.000004
_6302_,VGND,li1,136.3900,304.6400,0.000005
_6301_,VGND,li1,195.2700,190.4000,0.000011
_6300_,VGND,li1,228.3900,244.8000,0.000002
_6299_,VGND,li1,142.8300,228.4800,0.000004
_6298_,VGND,li1,241.2700,212.1600,0.000005
_6297_,VGND,li1,213.6700,179.5200,0.000005
_6296_,VGND,li1,204.9300,125.1200,0.000006
_6295_,VGND,li1,205.3900,65.2800,0.000006
_6294_,VGND,li1,200.7900,130.5600,0.000013
_6293_,VGND,li1,223.3300,141.4400,0.000006
_6292_,VGND,li1,172.7300,141.4400,0.000005
_6291_,VGND,li1,237.1300,81.6000,0.000006
_6290_,VGND,li1,72.9100,299.2000,0.000002
_6289_,VGND,li1,63.2500,304.6400,0.000004
_6288_,VGND,li1,277.6100,293.7600,0.000004
_6287_,VGND,li1,268.8700,304.6400,0.000004
_6286_,VGND,li1,290.0300,299.2000,0.000002
_6285_,VGND,li1,290.4900,299.2000,0.000002
_6284_,VGND,li1,290.9500,288.3200,0.000014
_6283_,VGND,li1,289.1100,250.2400,0.000004
_6282_,VGND,li1,282.2100,244.8000,0.000015
_6281_,VGND,li1,279.9100,255.6800,0.000004
_6280_,VGND,li1,210.9100,255.6800,0.000005
_6279_,VGND,li1,205.3900,255.6800,0.000005
_6278_,VGND,li1,152.9500,239.3600,0.000003
_6277_,VGND,li1,151.5700,239.3600,0.000003
_6276_,VGND,li1,165.8300,239.3600,0.000002
_6275_,VGND,li1,150.1900,212.1600,0.000004
_6274_,VGND,li1,151.1100,201.2800,0.000005
_6273_,VGND,li1,169.0500,201.2800,0.000003
_6272_,VGND,li1,168.5900,195.8400,0.000003
_6271_,VGND,li1,150.1900,195.8400,0.000005
_6270_,VGND,li1,136.8500,195.8400,0.000005
_6269_,VGND,li1,136.3900,174.0800,0.000002
_6268_,VGND,li1,135.4700,168.6400,0.000004
_6267_,VGND,li1,130.4100,174.0800,0.000003
_6266_,VGND,li1,128.5700,130.5600,0.000002
_6265_,VGND,li1,127.6500,125.1200,0.000005
_6264_,VGND,li1,138.2300,114.2400,0.000003
_6263_,VGND,li1,158.4700,10.8800,0.000000
_6262_,VGND,li1,150.1900,54.4000,0.000010
_6261_,VGND,li1,114.3100,27.2000,0.000003
_6260_,VGND,li1,135.0100,103.3600,0.000002
_6259_,VGND,li1,145.1300,119.6800,0.000005
_5737_,VGND,li1,59.1100,261.1200,0.000004
_5735_,VGND,li1,54.9700,282.8800,0.000003
_5733_,VGND,li1,60.9500,266.5600,0.000003
_5731_,VGND,li1,41.6300,288.3200,0.000006
_5729_,VGND,li1,53.5900,266.5600,0.000003
_5727_,VGND,li1,42.0900,272.0000,0.000005
_5725_,VGND,li1,44.8500,255.6800,0.000005
_5723_,VGND,li1,64.1700,288.3200,0.000006
_5721_,VGND,li1,56.3500,190.4000,0.000006
_5719_,VGND,li1,57.2700,212.1600,0.000005
_5717_,VGND,li1,64.1700,195.8400,0.000006
_5715_,VGND,li1,64.1700,233.9200,0.000005
_5712_,VGND,li1,71.5300,195.8400,0.000004
_5710_,VGND,li1,72.4500,195.8400,0.000004
_5708_,VGND,li1,249.5500,168.6400,0.000006
_5706_,VGND,li1,252.7700,163.2000,0.000005
_5705_,VGND,li1,71.7600,157.7600,0.000003
_5703_,VGND,li1,71.9900,174.0800,0.000006
_5701_,VGND,li1,64.1700,152.3200,0.000004
_5699_,VGND,li1,239.8900,59.8400,0.000002
_5697_,VGND,li1,60.0300,136.0000,0.000004
_5695_,VGND,li1,69.6900,206.7200,0.000007
_5693_,VGND,li1,64.1700,114.2400,0.000011
_5690_,VGND,li1,168.1300,108.8000,0.000008
_5688_,VGND,li1,243.1100,48.9600,0.000004
_5686_,VGND,li1,67.3900,65.2800,0.000004
_5684_,VGND,li1,55.4300,65.2800,0.000004
_5682_,VGND,li1,237.5900,48.9600,0.000004
_5680_,VGND,li1,59.1100,146.8800,0.000012
_5678_,VGND,li1,69.6900,76.1600,0.000006
_5676_,VGND,li1,51.2900,92.4800,0.000008
_5674_,VGND,li1,71.0700,81.6000,0.000004
_5671_,VGND,li1,134.7800,16.3200,0.000001
_5670_,VGND,li1,134.5500,16.3200,0.000001
_5668_,VGND,li1,134.5500,97.9200,0.000004
_5667_,VGND,li1,135.9300,119.6800,0.000004
_5666_,VGND,li1,131.7900,119.6800,0.000005
_5665_,VGND,li1,65.3200,261.1200,0.000003
_5664_,VGND,li1,65.3200,250.2400,0.000005
_5663_,VGND,li1,69.4600,250.2400,0.000004
_5662_,VGND,li1,70.6100,168.6400,0.000005
_5661_,VGND,li1,67.1600,141.4400,0.000005
_5660_,VGND,li1,65.7800,92.4800,0.000009
_5659_,VGND,li1,68.7700,87.0400,0.000027
_5658_,VGND,li1,67.1600,130.5600,0.000005
_5657_,VGND,li1,64.8600,212.1600,0.000004
_5656_,VGND,li1,65.3200,244.8000,0.000007
_5655_,VGND,li1,77.2800,255.6800,0.000002
_5654_,VGND,li1,19.5500,304.6400,0.000000
_5653_,VGND,li1,15.8700,299.2000,0.000000
_5652_,VGND,li1,13.5700,282.8800,0.000003
_5651_,VGND,li1,12.6500,103.3600,0.000006
_5650_,VGND,li1,13.5700,16.3200,0.000004
_5649_,VGND,li1,208.1500,16.3200,0.000007
_5648_,VGND,li1,204.9300,10.8800,0.000000
_5647_,VGND,li1,127.6500,48.9600,0.000000
_5646_,VGND,li1,120.2900,38.0800,0.000000
_5645_,VGND,li1,142.1400,21.7600,0.000000
_5644_,VGND,li1,141.6800,16.3200,0.000001
_5643_,VGND,li1,82.5700,16.3200,0.000004
_5642_,VGND,li1,84.4100,16.3200,0.000004
_5641_,VGND,li1,192.5100,16.3200,0.000005
_5640_,VGND,li1,142.3700,38.0800,0.000000
_5634_,VGND,li1,235.9800,87.0400,0.000002
_5633_,VGND,li1,167.6700,136.0000,0.000000
_5632_,VGND,li1,169.5100,136.0000,0.000000
_5630_,VGND,li1,212.0600,141.4400,0.000007
_5628_,VGND,li1,192.9700,125.1200,0.000004
_5626_,VGND,li1,201.4800,59.8400,0.000011
_5624_,VGND,li1,202.1700,125.1200,0.000005
_5622_,VGND,li1,209.0700,179.5200,0.000004
_5621_,VGND,li1,208.6100,184.9600,0.000008
_5619_,VGND,li1,228.3900,212.1600,0.000004
_5617_,VGND,li1,137.5400,223.0400,0.000002
_5615_,VGND,li1,224.2500,244.8000,0.000003
_5613_,VGND,li1,193.4300,190.4000,0.000012
_5611_,VGND,li1,140.7600,299.2000,0.000004
_5609_,VGND,li1,225.1700,250.2400,0.000005
_5607_,VGND,li1,216.2000,261.1200,0.000001
_5605_,VGND,li1,202.1700,272.0000,0.000014
_5602_,VGND,li1,233.6800,299.2000,0.000004
_5600_,VGND,li1,231.8400,272.0000,0.000028
_5598_,VGND,li1,150.1900,76.1600,0.000002
_5597_,VGND,li1,192.0500,87.0400,0.000001
_5595_,VGND,li1,262.8900,70.7200,0.000005
_5593_,VGND,li1,260.1300,97.9200,0.000004
_5591_,VGND,li1,251.3900,48.9600,0.000004
_5589_,VGND,li1,192.5100,59.8400,0.000019
_5587_,VGND,li1,200.1000,70.7200,0.000004
_5586_,VGND,li1,163.0700,59.8400,0.000007
_5585_,VGND,li1,154.3300,108.8000,0.000020
_5583_,VGND,li1,257.3700,114.2400,0.000002
_5581_,VGND,li1,156.6300,136.0000,0.000001
_5579_,VGND,li1,154.3300,146.8800,0.000004
_5577_,VGND,li1,154.7900,130.5600,0.000010
_5576_,VGND,li1,158.0100,152.3200,0.000004
_5575_,VGND,li1,159.3900,168.6400,0.000004
_5574_,VGND,li1,170.4300,179.5200,0.000001
_5573_,VGND,li1,174.5700,179.5200,0.000001
_5572_,VGND,li1,159.8500,174.0800,0.000003
_5571_,VGND,li1,166.2900,206.7200,0.000003
_5570_,VGND,li1,153.8700,223.0400,0.000003
_5569_,VGND,li1,175.7200,233.9200,0.000008
_5568_,VGND,li1,181.9300,212.1600,0.000002
_5567_,VGND,li1,194.8100,233.9200,0.000010
_5566_,VGND,li1,214.5900,244.8000,0.000002
_5564_,VGND,li1,185.3800,288.3200,0.000001
_5563_,VGND,li1,196.8800,277.4400,0.000012
_5561_,VGND,li1,201.7100,266.5600,0.000004
_5429_,VGND,li1,196.1900,81.6000,0.000003
_5427_,VGND,li1,209.5300,103.3600,0.000006
_5425_,VGND,li1,214.1300,65.2800,0.000007
_5423_,VGND,li1,249.5500,81.6000,0.000007
_5421_,VGND,li1,225.6300,27.2000,0.000005
_5419_,VGND,li1,192.9700,32.6400,0.000007
_5417_,VGND,li1,214.1300,27.2000,0.000005
_5415_,VGND,li1,248.6300,59.8400,0.000002
_5413_,VGND,li1,208.1500,114.2400,0.000006
_5411_,VGND,li1,244.9500,119.6800,0.000009
_5409_,VGND,li1,244.0300,136.0000,0.000002
_5407_,VGND,li1,217.8100,125.1200,0.000008
_5404_,VGND,li1,245.8700,136.0000,0.000002
_5402_,VGND,li1,246.3300,152.3200,0.000004
_5400_,VGND,li1,213.2100,157.7600,0.000011
_5398_,VGND,li1,221.9500,174.0800,0.000003
_5396_,VGND,li1,223.7900,184.9600,0.000011
_5394_,VGND,li1,232.5300,174.0800,0.000002
_5392_,VGND,li1,218.7300,212.1600,0.000005
_5390_,VGND,li1,227.0100,190.4000,0.000020
_5388_,VGND,li1,231.6100,223.0400,0.000005
_5386_,VGND,li1,244.4900,190.4000,0.000014
_5383_,VGND,li1,214.1300,223.0400,0.000006
_5381_,VGND,li1,265.1900,223.0400,0.000006
_5379_,VGND,li1,154.3300,299.2000,0.000004
_5377_,VGND,li1,264.7300,239.3600,0.000005
_5375_,VGND,li1,147.4300,250.2400,0.000004
_5373_,VGND,li1,184.2300,266.5600,0.000004
_5371_,VGND,li1,250.0100,304.6400,0.000005
_5369_,VGND,li1,218.7300,304.6400,0.000002
_5367_,VGND,li1,265.1900,288.3200,0.000009
_5365_,VGND,li1,251.1600,266.5600,0.000004
_5362_,VGND,li1,120.0600,38.0800,0.000000
_5360_,VGND,li1,185.1500,92.4800,0.000024
_5358_,VGND,li1,211.8300,97.9200,0.000005
_5356_,VGND,li1,218.7300,76.1600,0.000003
_5354_,VGND,li1,239.8900,87.0400,0.000003
_5352_,VGND,li1,227.0100,43.5200,0.000008
_5350_,VGND,li1,196.6500,27.2000,0.000001
_5348_,VGND,li1,227.0100,21.7600,0.000004
_5346_,VGND,li1,248.1700,54.4000,0.000007
_5344_,VGND,li1,214.1300,114.2400,0.000006
_5342_,VGND,li1,233.4500,114.2400,0.000004
_5340_,VGND,li1,245.4100,141.4400,0.000006
_5338_,VGND,li1,227.0100,146.8800,0.000005
_5336_,VGND,li1,245.4100,130.5600,0.000011
_5333_,VGND,li1,247.7100,157.7600,0.000005
_5331_,VGND,li1,211.8300,152.3200,0.000003
_5329_,VGND,li1,233.9100,157.7600,0.000005
_5327_,VGND,li1,232.5300,184.9600,0.000014
_5325_,VGND,li1,230.2300,174.0800,0.000002
_5323_,VGND,li1,252.7700,206.7200,0.000007
_5321_,VGND,li1,236.6700,201.2800,0.000002
_5319_,VGND,li1,231.1500,239.3600,0.000007
_5317_,VGND,li1,252.3100,195.8400,0.000006
_5315_,VGND,li1,243.1100,212.1600,0.000005
_5312_,VGND,li1,265.1900,217.6000,0.000017
_5310_,VGND,li1,157.5500,299.2000,0.000003
_5308_,VGND,li1,248.1700,244.8000,0.000004
_5306_,VGND,li1,157.5500,255.6800,0.000015
_5304_,VGND,li1,186.0700,272.0000,0.000009
_5302_,VGND,li1,248.6300,299.2000,0.000004
_5300_,VGND,li1,210.4500,293.7600,0.000002
_5298_,VGND,li1,248.1700,282.8800,0.000006
_5296_,VGND,li1,250.2400,255.6800,0.000004
_5294_,VGND,li1,156.6300,27.2000,0.000001
_5292_,VGND,li1,154.3300,92.4800,0.000005
_5290_,VGND,li1,172.2700,97.9200,0.000004
_5288_,VGND,li1,183.3100,97.9200,0.000005
_5286_,VGND,li1,250.9300,97.9200,0.000005
_5284_,VGND,li1,213.2100,59.8400,0.000007
_5283_,VGND,li1,116.8400,54.4000,0.000009
_5282_,VGND,li1,124.4300,70.7200,0.000003
_5280_,VGND,li1,250.4700,65.2800,0.000011
_5278_,VGND,li1,172.2700,114.2400,0.000005
_5276_,VGND,li1,169.9700,125.1200,0.000004
_5274_,VGND,li1,201.2500,136.0000,0.000001
_5272_,VGND,li1,218.7300,146.8800,0.000006
_5270_,VGND,li1,184.6900,125.1200,0.000004
_5268_,VGND,li1,168.5900,146.8800,0.000003
_5266_,VGND,li1,170.4300,157.7600,0.000018
_5264_,VGND,li1,170.4300,163.2000,0.000005
_5262_,VGND,li1,197.5700,179.5200,0.000002
_5260_,VGND,li1,181.0100,174.0800,0.000005
_5258_,VGND,li1,191.5900,212.1600,0.000002
_5256_,VGND,li1,188.3700,206.7200,0.000010
_5253_,VGND,li1,212.2900,233.9200,0.000030
_5251_,VGND,li1,175.4900,190.4000,0.000017
_5249_,VGND,li1,197.1100,223.0400,0.000004
_5247_,VGND,li1,201.2500,217.6000,0.000003
_5245_,VGND,li1,156.6300,277.4400,0.000006
_5243_,VGND,li1,247.2500,239.3600,0.000007
_5241_,VGND,li1,156.6300,250.2400,0.000004
_5240_,VGND,li1,117.3000,272.0000,0.000004
_5239_,VGND,li1,116.6100,282.8800,0.000005
_5238_,VGND,li1,129.4900,48.9600,0.000000
_5236_,VGND,li1,225.6300,299.2000,0.000004
_5234_,VGND,li1,264.7300,277.4400,0.000002
_5232_,VGND,li1,239.8900,266.5600,0.000004
_5229_,VGND,li1,142.1400,48.9600,0.000000
_5228_,VGND,li1,133.1700,43.5200,0.000000
_5227_,VGND,li1,76.5900,92.4800,0.000005
_5225_,VGND,li1,212.5200,87.0400,0.000001
_5223_,VGND,li1,272.3200,76.1600,0.000004
_5221_,VGND,li1,260.3600,87.0400,0.000002
_5219_,VGND,li1,234.6000,21.7600,0.000005
_5217_,VGND,li1,197.8000,16.3200,0.000004
_5215_,VGND,li1,210.6800,16.3200,0.000007
_5213_,VGND,li1,266.3400,65.2800,0.000018
_5211_,VGND,li1,218.0400,103.3600,0.000006
_5209_,VGND,li1,264.9600,108.8000,0.000006
_5207_,VGND,li1,184.4600,146.8800,0.000006
_5205_,VGND,li1,261.7400,125.1200,0.000011
_5203_,VGND,li1,269.5600,125.1200,0.000011
_5200_,VGND,li1,222.1800,152.3200,0.000003
_5198_,VGND,li1,208.3800,174.0800,0.000004
_5196_,VGND,li1,214.3600,168.6400,0.000006
_5194_,VGND,li1,253.4600,179.5200,0.000004
_5192_,VGND,li1,247.4800,174.0800,0.000003
_5190_,VGND,li1,246.1000,206.7200,0.000009
_5188_,VGND,li1,223.5600,201.2800,0.000003
_5186_,VGND,li1,280.6000,233.9200,0.000008
_5184_,VGND,li1,212.9800,190.4000,0.000016
_5182_,VGND,li1,207.9200,212.1600,0.000004
_5179_,VGND,li1,279.2200,228.4800,0.000006
_5177_,VGND,li1,162.3800,304.6400,0.000004
_5175_,VGND,li1,279.6800,239.3600,0.000007
_5173_,VGND,li1,163.3000,266.5600,0.000001
_5171_,VGND,li1,171.1200,277.4400,0.000012
_5169_,VGND,li1,257.1400,299.2000,0.000003
_5167_,VGND,li1,224.4800,293.7600,0.000003
_5165_,VGND,li1,275.5400,277.4400,0.000002
_5163_,VGND,li1,231.3800,261.1200,0.000002
_5161_,VGND,li1,194.3500,16.3200,0.000004
_5159_,VGND,li1,190.2100,103.3600,0.000005
_5157_,VGND,li1,199.4100,97.9200,0.000003
_5156_,VGND,li1,143.2900,97.9200,0.000004
_5155_,VGND,li1,144.6700,92.4800,0.000003
_5154_,VGND,li1,161.6900,87.0400,0.000002
_5153_,VGND,li1,161.6900,87.0400,0.000002
_5152_,VGND,li1,157.5500,87.0400,0.000002
_5151_,VGND,li1,118.9100,92.4800,0.000001
_5150_,VGND,li1,111.5500,81.6000,0.000001
_5149_,VGND,li1,115.9200,97.9200,0.000004
_5148_,VGND,li1,108.5600,87.0400,0.000010
_5147_,VGND,li1,100.5100,97.9200,0.000003
_5146_,VGND,li1,106.4900,97.9200,0.000002
_5145_,VGND,li1,115.6900,87.0400,0.000008
_5144_,VGND,li1,117.9900,87.0400,0.000008
_5142_,VGND,li1,223.7900,65.2800,0.000006
_5140_,VGND,li1,223.3300,81.6000,0.000004
_5139_,VGND,li1,139.1500,97.9200,0.000003
_5138_,VGND,li1,120.2900,103.3600,0.000001
_5136_,VGND,li1,221.0300,48.9600,0.000004
_5135_,VGND,li1,129.7200,65.2800,0.000001
_5134_,VGND,li1,130.4100,65.2800,0.000001
_5132_,VGND,li1,211.3700,43.5200,0.000004
_5131_,VGND,li1,145.3600,65.2800,0.000001
_5130_,VGND,li1,144.9000,16.3200,0.000002
_5129_,VGND,li1,146.9700,16.3200,0.000002
_5128_,VGND,li1,143.2900,70.7200,0.000003
_5126_,VGND,li1,211.8300,38.0800,0.000000
_5125_,VGND,li1,146.9700,59.8400,0.000004
_5124_,VGND,li1,145.1300,65.2800,0.000001
_5122_,VGND,li1,225.1700,54.4000,0.000004
_5121_,VGND,li1,135.9300,81.6000,0.000001
_5120_,VGND,li1,131.3300,103.3600,0.000001
_5119_,VGND,li1,131.3300,108.8000,0.000012
_5118_,VGND,li1,163.5300,43.5200,0.000000
_5117_,VGND,li1,131.7900,81.6000,0.000001
_5116_,VGND,li1,70.1500,59.8400,0.000001
_5115_,VGND,li1,75.2100,59.8400,0.000001
_5114_,VGND,li1,79.8100,59.8400,0.000000
_5113_,VGND,li1,74.7500,32.6400,0.000005
_5112_,VGND,li1,76.5900,27.2000,0.000017
_5111_,VGND,li1,71.0700,54.4000,0.000003
_5110_,VGND,li1,70.6100,54.4000,0.000003
_5108_,VGND,li1,193.4300,108.8000,0.000003
_5107_,VGND,li1,135.2400,114.2400,0.000003
_5106_,VGND,li1,136.8500,119.6800,0.000004
_5105_,VGND,li1,135.0100,103.3600,0.000002
_5104_,VGND,li1,130.4100,103.3600,0.000001
_5103_,VGND,li1,93.8400,97.9200,0.000003
_5102_,VGND,li1,93.6100,103.3600,0.000002
_5101_,VGND,li1,83.9500,103.3600,0.000002
_5100_,VGND,li1,90.3900,97.9200,0.000003
_5099_,VGND,li1,90.3900,97.9200,0.000003
_5098_,VGND,li1,130.4100,119.6800,0.000005
_5097_,VGND,li1,128.1100,114.2400,0.000005
_5095_,VGND,li1,184.2300,108.8000,0.000005
_5094_,VGND,li1,129.9500,125.1200,0.000004
_5093_,VGND,li1,132.7100,130.5600,0.000003
_5092_,VGND,li1,137.0800,130.5600,0.000003
_5091_,VGND,li1,137.7700,125.1200,0.000003
_5090_,VGND,li1,103.7300,103.3600,0.000001
_5089_,VGND,li1,106.2600,108.8000,0.000003
_5088_,VGND,li1,85.1000,108.8000,0.000002
_5087_,VGND,li1,90.1600,108.8000,0.000002
_5086_,VGND,li1,89.2400,103.3600,0.000002
_5085_,VGND,li1,98.4400,103.3600,0.000001
_5084_,VGND,li1,94.7600,103.3600,0.000002
_5083_,VGND,li1,103.7300,103.3600,0.000001
_5082_,VGND,li1,126.7300,130.5600,0.000002
_5080_,VGND,li1,183.3100,141.4400,0.000006
_5079_,VGND,li1,136.8500,141.4400,0.000003
_5078_,VGND,li1,134.5500,141.4400,0.000003
_5077_,VGND,li1,127.6500,141.4400,0.000003
_5075_,VGND,li1,67.1600,125.1200,0.000015
_5074_,VGND,li1,71.5300,114.2400,0.000011
_5073_,VGND,li1,77.9700,114.2400,0.000011
_5072_,VGND,li1,105.8000,125.1200,0.000004
_5071_,VGND,li1,108.3300,125.1200,0.000003
_5070_,VGND,li1,71.9900,119.6800,0.000003
_5069_,VGND,li1,134.5500,136.0000,0.000002
_5068_,VGND,li1,137.0800,130.5600,0.000003
_5067_,VGND,li1,138.2300,119.6800,0.000004
_5066_,VGND,li1,130.4100,146.8800,0.000004
_5065_,VGND,li1,127.6500,146.8800,0.000004
_5063_,VGND,li1,209.0700,125.1200,0.000007
_5061_,VGND,li1,136.3900,157.7600,0.000010
_5060_,VGND,li1,134.3200,152.3200,0.000003
_5059_,VGND,li1,124.4300,152.3200,0.000003
_5058_,VGND,li1,85.5600,130.5600,0.000002
_5057_,VGND,li1,89.0100,130.5600,0.000001
_5056_,VGND,li1,80.5000,125.1200,0.000013
_5055_,VGND,li1,75.6700,130.5600,0.000003
_5054_,VGND,li1,72.9100,130.5600,0.000003
_5053_,VGND,li1,72.9100,119.6800,0.000002
_5052_,VGND,li1,80.7300,130.5600,0.000002
_5051_,VGND,li1,82.5700,119.6800,0.000002
_5050_,VGND,li1,92.6900,119.6800,0.000002
_5049_,VGND,li1,98.9000,130.5600,0.000001
_5048_,VGND,li1,99.5900,114.2400,0.000020
_5047_,VGND,li1,85.5600,87.0400,0.000026
_5046_,VGND,li1,86.7100,97.9200,0.000003
_5045_,VGND,li1,139.1500,152.3200,0.000002
_5044_,VGND,li1,131.7900,157.7600,0.000008
_5043_,VGND,li1,129.0300,157.7600,0.000008
_5041_,VGND,li1,197.5700,119.6800,0.000017
_5040_,VGND,li1,145.1300,125.1200,0.000004
_5039_,VGND,li1,146.5100,130.5600,0.000006
_5038_,VGND,li1,145.1300,157.7600,0.000021
_5037_,VGND,li1,140.9900,157.7600,0.000013
_5036_,VGND,li1,142.3700,163.2000,0.000012
_5034_,VGND,li1,106.0300,136.0000,0.000001
_5033_,VGND,li1,103.0400,141.4400,0.000002
_5032_,VGND,li1,89.4700,136.0000,0.000001
_5031_,VGND,li1,104.1900,141.4400,0.000002
_5030_,VGND,li1,142.3700,174.0800,0.000002
_5028_,VGND,li1,199.4100,146.8800,0.000004
_5027_,VGND,li1,149.9600,157.7600,0.000028
_5026_,VGND,li1,144.2100,184.9600,0.000002
_5025_,VGND,li1,141.4500,184.9600,0.000002
_5024_,VGND,li1,147.6600,152.3200,0.000003
_5023_,VGND,li1,66.0100,141.4400,0.000005
_5022_,VGND,li1,68.5400,141.4400,0.000005
_5021_,VGND,li1,72.4500,141.4400,0.000004
_5020_,VGND,li1,82.5700,141.4400,0.000002
_5019_,VGND,li1,85.5600,152.3200,0.000001
_5018_,VGND,li1,78.4300,136.0000,0.000001
_5017_,VGND,li1,75.2100,136.0000,0.000002
_5016_,VGND,li1,89.4700,136.0000,0.000001
_5015_,VGND,li1,152.7200,168.6400,0.000004
_5014_,VGND,li1,150.6500,163.2000,0.000011
_5012_,VGND,li1,195.2700,163.2000,0.000003
_5011_,VGND,li1,147.4300,168.6400,0.000004
_5010_,VGND,li1,146.5100,168.6400,0.000004
_5009_,VGND,li1,153.4100,179.5200,0.000003
_5008_,VGND,li1,150.6500,184.9600,0.000002
_5007_,VGND,li1,111.0900,168.6400,0.000002
_5006_,VGND,li1,109.4800,163.2000,0.000005
_5005_,VGND,li1,108.7900,174.0800,0.000002
_5004_,VGND,li1,107.8700,168.6400,0.000001
_5003_,VGND,li1,103.2700,168.6400,0.000002
_5002_,VGND,li1,94.0700,168.6400,0.000002
_5001_,VGND,li1,146.9700,195.8400,0.000005
_5000_,VGND,li1,143.7500,195.8400,0.000005
_4998_,VGND,li1,205.8500,163.2000,0.000003
_4997_,VGND,li1,166.9800,179.5200,0.000001
_4996_,VGND,li1,132.4800,179.5200,0.000003
_4995_,VGND,li1,78.6600,163.2000,0.000003
_4994_,VGND,li1,83.2600,163.2000,0.000003
_4993_,VGND,li1,78.8900,163.2000,0.000003
_4992_,VGND,li1,78.8900,157.7600,0.000002
_4991_,VGND,li1,104.1900,157.7600,0.000002
_4990_,VGND,li1,102.3500,152.3200,0.000001
_4989_,VGND,li1,88.0900,146.8800,0.000003
_4988_,VGND,li1,110.1700,157.7600,0.000002
_4987_,VGND,li1,79.3500,168.6400,0.000002
_4986_,VGND,li1,88.5500,163.2000,0.000004
_4985_,VGND,li1,96.3700,152.3200,0.000001
_4984_,VGND,li1,92.6900,141.4400,0.000002
_4983_,VGND,li1,162.8400,179.5200,0.000002
_4982_,VGND,li1,160.0800,179.5200,0.000002
_4981_,VGND,li1,161.6900,195.8400,0.000004
_4979_,VGND,li1,182.3900,190.4000,0.000015
_4978_,VGND,li1,169.0500,184.9600,0.000003
_4977_,VGND,li1,161.6900,201.2800,0.000004
_4976_,VGND,li1,160.7700,195.8400,0.000004
_4975_,VGND,li1,172.7300,184.9600,0.000004
_4974_,VGND,li1,168.5900,184.9600,0.000003
_4973_,VGND,li1,76.5900,184.9600,0.000018
_4972_,VGND,li1,71.5300,179.5200,0.000007
_4971_,VGND,li1,82.3400,184.9600,0.000012
_4970_,VGND,li1,85.1000,179.5200,0.000003
_4969_,VGND,li1,84.1800,174.0800,0.000003
_4968_,VGND,li1,85.7900,174.0800,0.000003
_4967_,VGND,li1,78.4300,179.5200,0.000004
_4965_,VGND,li1,198.4900,168.6400,0.000003
_4964_,VGND,li1,154.1000,174.0800,0.000002
_4963_,VGND,li1,153.4100,201.2800,0.000005
_4962_,VGND,li1,155.7100,201.2800,0.000004
_4961_,VGND,li1,149.7300,174.0800,0.000002
_4960_,VGND,li1,157.7800,184.9600,0.000002
_4959_,VGND,li1,161.2300,190.4000,0.000012
_4958_,VGND,li1,163.5300,190.4000,0.000012
_4957_,VGND,li1,159.8500,184.9600,0.000002
_4956_,VGND,li1,102.1200,184.9600,0.000006
_4955_,VGND,li1,103.0400,179.5200,0.000002
_4954_,VGND,li1,97.5200,174.0800,0.000003
_4953_,VGND,li1,93.3800,174.0800,0.000003
_4952_,VGND,li1,88.0900,174.0800,0.000003
_4951_,VGND,li1,92.2300,184.9600,0.000008
_4950_,VGND,li1,92.2300,179.5200,0.000002
_4949_,VGND,li1,81.1900,179.5200,0.000003
_4948_,VGND,li1,104.6500,184.9600,0.000004
_4946_,VGND,li1,210.9100,206.7200,0.000027
_4945_,VGND,li1,145.8200,206.7200,0.000002
_4944_,VGND,li1,143.5200,212.1600,0.000004
_4943_,VGND,li1,168.1300,212.1600,0.000001
_4942_,VGND,li1,164.6800,212.1600,0.000002
_4941_,VGND,li1,81.6500,195.8400,0.000002
_4940_,VGND,li1,81.6500,190.4000,0.000003
_4939_,VGND,li1,110.6300,190.4000,0.000003
_4938_,VGND,li1,114.7700,195.8400,0.000003
_4937_,VGND,li1,80.7300,190.4000,0.000003
_4936_,VGND,li1,96.3700,195.8400,0.000002
_4935_,VGND,li1,155.2500,212.1600,0.000003
_4933_,VGND,li1,206.3100,195.8400,0.000003
_4932_,VGND,li1,160.3100,212.1600,0.000002
_4931_,VGND,li1,161.2300,233.9200,0.000005
_4930_,VGND,li1,158.9300,228.4800,0.000004
_4929_,VGND,li1,160.7700,223.0400,0.000002
_4928_,VGND,li1,164.2200,223.0400,0.000002
_4927_,VGND,li1,129.7200,212.1600,0.000004
_4926_,VGND,li1,107.8700,206.7200,0.000001
_4925_,VGND,li1,106.9500,201.2800,0.000001
_4924_,VGND,li1,78.8900,201.2800,0.000002
_4923_,VGND,li1,80.2700,201.2800,0.000002
_4922_,VGND,li1,78.4300,195.8400,0.000002
_4921_,VGND,li1,88.3200,190.4000,0.000003
_4920_,VGND,li1,106.9500,201.2800,0.000001
_4919_,VGND,li1,105.3400,195.8400,0.000002
_4918_,VGND,li1,102.3500,190.4000,0.000002
_4917_,VGND,li1,95.2200,184.9600,0.000008
_4916_,VGND,li1,94.9900,179.5200,0.000002
_4914_,VGND,li1,205.8500,223.0400,0.000005
_4913_,VGND,li1,143.2900,233.9200,0.000004
_4912_,VGND,li1,154.3300,239.3600,0.000003
_4911_,VGND,li1,156.6300,239.3600,0.000003
_4910_,VGND,li1,145.5900,228.4800,0.000004
_4909_,VGND,li1,170.6600,233.9200,0.000006
_4908_,VGND,li1,168.1300,228.4800,0.000003
_4907_,VGND,li1,77.5100,212.1600,0.000002
_4906_,VGND,li1,85.5600,212.1600,0.000001
_4905_,VGND,li1,89.9300,212.1600,0.000001
_4904_,VGND,li1,86.2500,206.7200,0.000002
_4903_,VGND,li1,96.6000,212.1600,0.000001
_4901_,VGND,li1,201.2500,190.4000,0.000011
_4899_,VGND,li1,145.3600,228.4800,0.000004
_4898_,VGND,li1,145.8200,217.6000,0.000012
_4897_,VGND,li1,180.3200,223.0400,0.000003
_4896_,VGND,li1,180.0900,223.0400,0.000003
_4895_,VGND,li1,179.6300,228.4800,0.000007
_4894_,VGND,li1,167.9000,233.9200,0.000005
_4893_,VGND,li1,167.6700,223.0400,0.000002
_4892_,VGND,li1,107.8700,223.0400,0.000001
_4891_,VGND,li1,108.7900,212.1600,0.000001
_4890_,VGND,li1,105.1100,212.1600,0.000001
_4889_,VGND,li1,97.2900,217.6000,0.000026
_4888_,VGND,li1,92.6900,217.6000,0.000032
_4887_,VGND,li1,114.3100,223.0400,0.000001
_4886_,VGND,li1,107.1800,223.0400,0.000001
_4885_,VGND,li1,81.1900,206.7200,0.000003
_4884_,VGND,li1,71.5300,217.6000,0.000016
_4882_,VGND,li1,158.2400,244.8000,0.000005
_4881_,VGND,li1,155.7100,244.8000,0.000006
_4879_,VGND,li1,220.1100,228.4800,0.000011
_4878_,VGND,li1,189.0600,239.3600,0.000005
_4877_,VGND,li1,133.4000,239.3600,0.000003
_4875_,VGND,li1,69.0000,239.3600,0.000016
_4874_,VGND,li1,72.6800,239.3600,0.000014
_4873_,VGND,li1,77.7400,228.4800,0.000002
_4872_,VGND,li1,71.7600,233.9200,0.000003
_4871_,VGND,li1,72.2200,228.4800,0.000002
_4870_,VGND,li1,195.7300,244.8000,0.000002
_4869_,VGND,li1,195.7300,244.8000,0.000002
_4868_,VGND,li1,188.3700,244.8000,0.000002
_4867_,VGND,li1,184.6900,244.8000,0.000002
_4865_,VGND,li1,260.1300,233.9200,0.000006
_4864_,VGND,li1,201.2500,239.3600,0.000008
_4862_,VGND,li1,208.1500,250.2400,0.000005
_4861_,VGND,li1,206.3100,244.8000,0.000002
_4860_,VGND,li1,198.9500,250.2400,0.000002
_4859_,VGND,li1,196.1900,250.2400,0.000002
_4858_,VGND,li1,193.2000,250.2400,0.000002
_4857_,VGND,li1,129.9500,239.3600,0.000004
_4855_,VGND,li1,82.5700,239.3600,0.000007
_4854_,VGND,li1,94.7600,233.9200,0.000001
_4852_,VGND,li1,79.5800,239.3600,0.000007
_4851_,VGND,li1,87.6300,233.9200,0.000001
_4850_,VGND,li1,91.3100,233.9200,0.000001
_4849_,VGND,li1,68.3100,233.9200,0.000004
_4848_,VGND,li1,72.6800,217.6000,0.000016
_4847_,VGND,li1,87.6300,217.6000,0.000025
_4846_,VGND,li1,81.1900,217.6000,0.000017
_4845_,VGND,li1,72.4500,228.4800,0.000002
_4844_,VGND,li1,80.9600,233.9200,0.000002
_4843_,VGND,li1,80.2700,233.9200,0.000002
_4842_,VGND,li1,71.5300,223.0400,0.000002
_4841_,VGND,li1,81.1900,217.6000,0.000017
_4840_,VGND,li1,96.8300,212.1600,0.000001
_4839_,VGND,li1,94.9900,206.7200,0.000002
_4837_,VGND,li1,146.9700,299.2000,0.000004
_4836_,VGND,li1,151.1100,261.1200,0.000003
_4835_,VGND,li1,130.8700,255.6800,0.000013
_4834_,VGND,li1,182.8500,255.6800,0.000005
_4833_,VGND,li1,185.6100,255.6800,0.000004
_4832_,VGND,li1,123.0500,255.6800,0.000010
_4831_,VGND,li1,83.2600,255.6800,0.000002
_4830_,VGND,li1,90.8500,255.6800,0.000002
_4829_,VGND,li1,93.6100,255.6800,0.000002
_4828_,VGND,li1,83.7200,261.1200,0.000001
_4827_,VGND,li1,79.3500,250.2400,0.000002
_4826_,VGND,li1,275.7700,255.6800,0.000003
_4825_,VGND,li1,273.0100,255.6800,0.000003
_4823_,VGND,li1,239.4300,244.8000,0.000003
_4822_,VGND,li1,145.8200,250.2400,0.000004
_4821_,VGND,li1,145.3600,244.8000,0.000006
_4820_,VGND,li1,146.5100,163.2000,0.000012
_4819_,VGND,li1,181.2400,250.2400,0.000002
_4818_,VGND,li1,181.4700,250.2400,0.000002
_4817_,VGND,li1,102.5800,250.2400,0.000001
_4816_,VGND,li1,101.2000,250.2400,0.000001
_4815_,VGND,li1,103.9600,239.3600,0.000004
_4814_,VGND,li1,111.0900,244.8000,0.000018
_4813_,VGND,li1,105.1100,250.2400,0.000001
_4812_,VGND,li1,78.8900,244.8000,0.000007
_4811_,VGND,li1,102.5800,255.6800,0.000003
_4810_,VGND,li1,96.6000,250.2400,0.000002
_4809_,VGND,li1,276.2300,250.2400,0.000006
_4807_,VGND,li1,141.9100,261.1200,0.000002
_4806_,VGND,li1,140.9900,250.2400,0.000003
_4805_,VGND,li1,173.8800,250.2400,0.000002
_4804_,VGND,li1,172.7300,250.2400,0.000002
_4803_,VGND,li1,168.8200,244.8000,0.000003
_4802_,VGND,li1,179.6300,244.8000,0.000003
_4801_,VGND,li1,285.4300,255.6800,0.000004
_4800_,VGND,li1,284.0500,250.2400,0.000005
_4799_,VGND,li1,135.9300,250.2400,0.000003
_4798_,VGND,li1,110.4000,261.1200,0.000001
_4797_,VGND,li1,110.4000,266.5600,0.000001
_4796_,VGND,li1,111.3200,255.6800,0.000005
_4795_,VGND,li1,107.4100,266.5600,0.000001
_4793_,VGND,li1,175.0300,288.3200,0.000001
_4792_,VGND,li1,179.8600,288.3200,0.000001
_4791_,VGND,li1,153.6400,125.1200,0.000005
_4790_,VGND,li1,104.6500,272.0000,0.000002
_4789_,VGND,li1,99.1300,282.8800,0.000002
_4788_,VGND,li1,95.9100,282.8800,0.000002
_4787_,VGND,li1,100.5100,277.4400,0.000002
_4786_,VGND,li1,102.3500,266.5600,0.000001
_4785_,VGND,li1,101.4300,266.5600,0.000001
_4784_,VGND,li1,95.4500,261.1200,0.000001
_4783_,VGND,li1,94.5300,244.8000,0.000022
_4782_,VGND,li1,109.4800,277.4400,0.000001
_4781_,VGND,li1,108.7900,277.4400,0.000001
_4780_,VGND,li1,111.0900,255.6800,0.000005
_4779_,VGND,li1,89.0100,244.8000,0.000018
_4778_,VGND,li1,89.7000,244.8000,0.000018
_4777_,VGND,li1,179.4000,293.7600,0.000003
_4776_,VGND,li1,176.4100,293.7600,0.000003
_4775_,VGND,li1,280.8300,288.3200,0.000016
_4774_,VGND,li1,289.1100,288.3200,0.000014
_4772_,VGND,li1,239.8900,299.2000,0.000005
_4771_,VGND,li1,193.2000,293.7600,0.000002
_4770_,VGND,li1,122.3600,288.3200,0.000001
_4769_,VGND,li1,88.5500,288.3200,0.000002
_4768_,VGND,li1,90.8500,299.2000,0.000003
_4767_,VGND,li1,97.2900,299.2000,0.000004
_4766_,VGND,li1,96.3700,288.3200,0.000001
_4765_,VGND,li1,95.2200,282.8800,0.000002
_4764_,VGND,li1,77.5100,174.0800,0.000003
_4763_,VGND,li1,89.9300,299.2000,0.000003
_4762_,VGND,li1,92.6900,299.2000,0.000003
_4761_,VGND,li1,85.5600,288.3200,0.000002
_4760_,VGND,li1,188.8300,299.2000,0.000002
_4759_,VGND,li1,183.3100,299.2000,0.000002
_4758_,VGND,li1,176.4100,299.2000,0.000002
_4757_,VGND,li1,181.9300,304.6400,0.000003
_4755_,VGND,li1,284.5100,299.2000,0.000003
_4753_,VGND,li1,211.8300,293.7600,0.000002
_4752_,VGND,li1,204.4700,293.7600,0.000001
_4751_,VGND,li1,188.3700,288.3200,0.000001
_4750_,VGND,li1,189.5200,299.2000,0.000002
_4749_,VGND,li1,186.5300,304.6400,0.000002
_4748_,VGND,li1,90.8500,282.8800,0.000002
_4747_,VGND,li1,77.7400,299.2000,0.000002
_4746_,VGND,li1,70.6100,293.7600,0.000025
_4745_,VGND,li1,73.3700,299.2000,0.000002
_4744_,VGND,li1,67.3900,293.7600,0.000023
_4743_,VGND,li1,80.2700,293.7600,0.000012
_4742_,VGND,li1,78.2000,288.3200,0.000002
_4741_,VGND,li1,82.1100,288.3200,0.000002
_4740_,VGND,li1,83.0300,299.2000,0.000002
_4739_,VGND,li1,81.8800,299.2000,0.000002
_4738_,VGND,li1,282.6700,299.2000,0.000003
_4737_,VGND,li1,282.2100,304.6400,0.000003
_4735_,VGND,li1,248.6300,277.4400,0.000004
_4734_,VGND,li1,205.6200,282.8800,0.000004
_4731_,VGND,li1,273.7000,304.6400,0.000004
_4730_,VGND,li1,271.1700,304.6400,0.000004
_4729_,VGND,li1,202.1700,277.4400,0.000009
_4728_,VGND,li1,200.3300,299.2000,0.000003
_4727_,VGND,li1,197.5700,299.2000,0.000002
_4726_,VGND,li1,131.1000,261.1200,0.000002
_4725_,VGND,li1,76.8200,272.0000,0.000002
_4724_,VGND,li1,80.2700,272.0000,0.000001
_4723_,VGND,li1,85.5600,266.5600,0.000001
_4721_,VGND,li1,87.6300,266.5600,0.000001
_4720_,VGND,li1,71.5300,277.4400,0.000006
_4718_,VGND,li1,244.7200,255.6800,0.000005
_4716_,VGND,li1,200.7900,261.1200,0.000001
_4713_,VGND,li1,273.0100,299.2000,0.000005
_4712_,VGND,li1,276.2300,304.6400,0.000003
_4711_,VGND,li1,279.2200,304.6400,0.000003
_4710_,VGND,li1,282.4400,288.3200,0.000017
_4709_,VGND,li1,282.9000,255.6800,0.000004
_4708_,VGND,li1,275.5400,255.6800,0.000003
_4707_,VGND,li1,204.7000,250.2400,0.000003
_4706_,VGND,li1,159.1600,239.3600,0.000003
_4705_,VGND,li1,158.7000,233.9200,0.000005
_4704_,VGND,li1,158.2400,201.2800,0.000004
_4703_,VGND,li1,157.7800,195.8400,0.000005
_4702_,VGND,li1,146.7400,190.4000,0.000008
_4701_,VGND,li1,144.4400,184.9600,0.000002
_4700_,VGND,li1,128.3400,163.2000,0.000020
_4699_,VGND,li1,124.6600,146.8800,0.000004
_4698_,VGND,li1,127.8800,119.6800,0.000005
_4697_,VGND,li1,127.8800,103.3600,0.000001
_4696_,VGND,li1,117.5300,16.3200,0.000001
_4695_,VGND,li1,205.6200,304.6400,0.000002
_4694_,VGND,li1,208.6100,304.6400,0.000002
_4693_,VGND,li1,198.9500,304.6400,0.000001
_4692_,VGND,li1,189.0600,304.6400,0.000002
_4691_,VGND,li1,178.7100,304.6400,0.000003
_4690_,VGND,li1,179.4000,299.2000,0.000002
_4689_,VGND,li1,180.7800,255.6800,0.000005
_4688_,VGND,li1,184.2300,255.6800,0.000005
_4687_,VGND,li1,187.2200,255.6800,0.000004
_4686_,VGND,li1,193.2000,255.6800,0.000004
_4685_,VGND,li1,171.8100,223.0400,0.000002
_4684_,VGND,li1,175.0300,223.0400,0.000002
_4683_,VGND,li1,175.4900,223.0400,0.000003
_4682_,VGND,li1,172.0400,217.6000,0.000004
_4681_,VGND,li1,157.3200,190.4000,0.000010
_4680_,VGND,li1,153.4100,184.9600,0.000002
_4679_,VGND,li1,150.1900,168.6400,0.000004
_4678_,VGND,li1,140.0700,163.2000,0.000013
_4677_,VGND,li1,143.0600,163.2000,0.000012
_4676_,VGND,li1,138.0000,136.0000,0.000001
_4675_,VGND,li1,173.8800,48.9600,0.000000
_4674_,VGND,li1,140.9900,168.6400,0.000003
_4673_,VGND,li1,150.6500,184.9600,0.000002
_4672_,VGND,li1,148.8100,190.4000,0.000008
_4671_,VGND,li1,151.3400,190.4000,0.000009
_4670_,VGND,li1,175.0300,217.6000,0.000004
_4669_,VGND,li1,166.5200,217.6000,0.000005
_4668_,VGND,li1,170.6600,223.0400,0.000002
_4667_,VGND,li1,156.6300,217.6000,0.000008
_4666_,VGND,li1,156.6300,223.0400,0.000002
_4665_,VGND,li1,175.9500,304.6400,0.000003
_4664_,VGND,li1,65.5500,261.1200,0.000003
_4663_,VGND,li1,67.3900,266.5600,0.000002
_4662_,VGND,li1,71.7600,266.5600,0.000002
_4660_,VGND,li1,77.7400,266.5600,0.000001
_4659_,VGND,li1,74.0600,266.5600,0.000001
_4658_,VGND,li1,78.8900,266.5600,0.000001
_4657_,VGND,li1,81.6500,266.5600,0.000001
_4655_,VGND,li1,82.5700,277.4400,0.000003
_4654_,VGND,li1,91.5400,272.0000,0.000002
_4653_,VGND,li1,97.9800,266.5600,0.000001
_4652_,VGND,li1,102.8100,255.6800,0.000003
_4651_,VGND,li1,105.8000,255.6800,0.000003
_4650_,VGND,li1,102.3500,288.3200,0.000001
_4649_,VGND,li1,120.5200,244.8000,0.000014
_4648_,VGND,li1,100.5100,272.0000,0.000002
_4647_,VGND,li1,92.0000,261.1200,0.000001
_4646_,VGND,li1,97.7500,244.8000,0.000026
_4645_,VGND,li1,98.4400,233.9200,0.000001
_4644_,VGND,li1,101.2000,228.4800,0.000001
_4643_,VGND,li1,115.2300,217.6000,0.000013
_4642_,VGND,li1,117.5300,228.4800,0.000002
_4641_,VGND,li1,98.4400,201.2800,0.000001
_4640_,VGND,li1,101.8900,195.8400,0.000002
_4639_,VGND,li1,103.2700,190.4000,0.000002
_4638_,VGND,li1,102.1200,184.9600,0.000006
_4637_,VGND,li1,111.3200,184.9600,0.000003
_4636_,VGND,li1,103.7300,174.0800,0.000003
_4635_,VGND,li1,94.3000,206.7200,0.000002
_4634_,VGND,li1,94.0700,190.4000,0.000002
_4633_,VGND,li1,97.2900,228.4800,0.000001
_4632_,VGND,li1,90.8500,168.6400,0.000002
_4631_,VGND,li1,94.5300,163.2000,0.000004
_4630_,VGND,li1,69.6900,152.3200,0.000003
_4629_,VGND,li1,151.1100,136.0000,0.000001
_4628_,VGND,li1,147.4300,136.0000,0.000001
_4627_,VGND,li1,76.5900,152.3200,0.000002
_4626_,VGND,li1,117.7600,152.3200,0.000002
_4625_,VGND,li1,95.4500,141.4400,0.000002
_4624_,VGND,li1,90.1600,141.4400,0.000002
_4623_,VGND,li1,94.7600,130.5600,0.000001
_4622_,VGND,li1,98.4400,130.5600,0.000001
_4621_,VGND,li1,105.8000,114.2400,0.000012
_4620_,VGND,li1,91.7700,146.8800,0.000003
_4619_,VGND,li1,83.2600,114.2400,0.000016
_4617_,VGND,li1,88.0900,92.4800,0.000003
_4616_,VGND,li1,90.3900,48.9600,0.000000
_4615_,VGND,li1,82.5700,54.4000,0.000002
_4614_,VGND,li1,85.3300,48.9600,0.000000
_4613_,VGND,li1,86.4800,32.6400,0.000002
_4612_,VGND,li1,82.1100,59.8400,0.000000
_4611_,VGND,li1,81.6500,304.6400,0.000003
_4610_,VGND,li1,83.4900,304.6400,0.000004
_4608_,VGND,li1,66.4700,255.6800,0.000003
_4606_,VGND,li1,144.6700,108.8000,0.000022
_4604_,VGND,li1,154.3300,48.9600,0.000000
_4603_,VGND,li1,187.4500,76.1600,0.000005
_4601_,VGND,li1,205.8500,108.8000,0.000002
_4599_,VGND,li1,232.5300,65.2800,0.000007
_4597_,VGND,li1,232.9900,81.6000,0.000005
_4595_,VGND,li1,262.6600,43.5200,0.000011
_4593_,VGND,li1,255.7600,27.2000,0.000004
_4591_,VGND,li1,238.7400,21.7600,0.000005
_4589_,VGND,li1,269.5600,65.2800,0.000021
_4587_,VGND,li1,279.2200,103.3600,0.000004
_4585_,VGND,li1,269.5600,119.6800,0.000006
_4583_,VGND,li1,284.2800,146.8800,0.000005
_4581_,VGND,li1,290.7200,136.0000,0.000002
_4579_,VGND,li1,283.8200,119.6800,0.000005
_4577_,VGND,li1,281.9800,152.3200,0.000005
_4575_,VGND,li1,269.5600,157.7600,0.000004
_4573_,VGND,li1,283.8200,163.2000,0.000005
_4571_,VGND,li1,282.9000,184.9600,0.000023
_4569_,VGND,li1,286.1200,174.0800,0.000003
_4567_,VGND,li1,281.0600,206.7200,0.000007
_4565_,VGND,li1,287.5000,195.8400,0.000004
_4563_,VGND,li1,294.4000,233.9200,0.000007
_4561_,VGND,li1,286.1200,190.4000,0.000005
_4559_,VGND,li1,285.2000,212.1600,0.000004
_4556_,VGND,li1,289.3400,223.0400,0.000005
_4554_,VGND,li1,286.5800,288.3200,0.000018
_4552_,VGND,li1,296.7000,239.3600,0.000010
_4550_,VGND,li1,287.5000,266.5600,0.000003
_4548_,VGND,li1,298.5400,244.8000,0.000026
_4546_,VGND,li1,295.3200,282.8800,0.000008
_4544_,VGND,li1,287.9600,277.4400,0.000002
_4542_,VGND,li1,294.4000,272.0000,0.000010
_4540_,VGND,li1,287.0400,261.1200,0.000005
_4537_,VGND,li1,175.7200,32.6400,0.000003
_4536_,VGND,li1,175.9500,87.0400,0.000003
_4534_,VGND,li1,234.8300,97.9200,0.000005
_4532_,VGND,li1,246.7900,70.7200,0.000003
_4530_,VGND,li1,270.2500,81.6000,0.000008
_4528_,VGND,li1,245.8700,27.2000,0.000005
_4526_,VGND,li1,263.3500,32.6400,0.000005
_4524_,VGND,li1,245.8700,21.7600,0.000005
_4522_,VGND,li1,264.7300,59.8400,0.000002
_4520_,VGND,li1,273.9300,108.8000,0.000006
_4519_,VGND,li1,239.8900,108.8000,0.000004
_4517_,VGND,li1,277.6100,141.4400,0.000016
_4515_,VGND,li1,278.5300,136.0000,0.000004
_4513_,VGND,li1,278.5300,114.2400,0.000002
_4510_,VGND,li1,276.6900,152.3200,0.000006
_4509_,VGND,li1,192.9700,136.0000,0.000001
_4507_,VGND,li1,274.3900,163.2000,0.000007
_4505_,VGND,li1,278.0700,179.5200,0.000007
_4503_,VGND,li1,278.5300,168.6400,0.000004
_4501_,VGND,li1,271.1700,201.2800,0.000004
_4499_,VGND,li1,279.9100,201.2800,0.000004
_4497_,VGND,li1,296.9300,228.4800,0.000006
_4495_,VGND,li1,278.5300,184.9600,0.000022
_4493_,VGND,li1,296.0100,206.7200,0.000007
_4491_,VGND,li1,274.3900,223.0400,0.000007
_4488_,VGND,li1,151.1100,282.8800,0.000007
_4486_,VGND,li1,291.4100,239.3600,0.000008
_4484_,VGND,li1,154.3300,266.5600,0.000001
_4482_,VGND,li1,298.7700,250.2400,0.000004
_4480_,VGND,li1,235.2900,282.8800,0.000005
_4478_,VGND,li1,278.9900,277.4400,0.000002
_4476_,VGND,li1,284.0500,277.4400,0.000002
_4474_,VGND,li1,298.3100,261.1200,0.000007
_4471_,VGND,li1,169.0500,81.6000,0.000003
_4470_,VGND,li1,140.9900,92.4800,0.000002
_4469_,VGND,li1,144.2100,87.0400,0.000002
_4468_,VGND,li1,150.1900,81.6000,0.000003
_4467_,VGND,li1,144.2100,114.2400,0.000003
_4466_,VGND,li1,71.5300,92.4800,0.000007
_4465_,VGND,li1,73.8300,92.4800,0.000006
_4464_,VGND,li1,89.9300,87.0400,0.000031
_4463_,VGND,li1,96.1400,87.0400,0.000028
_4462_,VGND,li1,88.5500,81.6000,0.000001
_4460_,VGND,li1,101.4300,87.0400,0.000021
_4459_,VGND,li1,72.6800,255.6800,0.000003
_4458_,VGND,li1,74.7500,255.6800,0.000002
_4457_,VGND,li1,72.9100,277.4400,0.000006
_4456_,VGND,li1,91.7700,277.4400,0.000002
_4455_,VGND,li1,72.6800,282.8800,0.000002
_4454_,VGND,li1,82.3400,282.8800,0.000001
_4453_,VGND,li1,94.5300,299.2000,0.000003
_4452_,VGND,li1,94.0700,299.2000,0.000003
_4451_,VGND,li1,94.9900,288.3200,0.000001
_4450_,VGND,li1,97.0600,293.7600,0.000007
_4449_,VGND,li1,108.3300,282.8800,0.000002
_4448_,VGND,li1,110.6300,272.0000,0.000002
_4447_,VGND,li1,112.0100,261.1200,0.000001
_4446_,VGND,li1,113.3900,244.8000,0.000017
_4445_,VGND,li1,109.2500,250.2400,0.000001
_4444_,VGND,li1,114.7700,272.0000,0.000004
_4443_,VGND,li1,85.5600,244.8000,0.000014
_4442_,VGND,li1,91.3100,244.8000,0.000020
_4441_,VGND,li1,100.9700,288.3200,0.000001
_4440_,VGND,li1,99.1300,288.3200,0.000001
_4439_,VGND,li1,105.1100,288.3200,0.000001
_4438_,VGND,li1,141.9100,288.3200,0.000001
_4437_,VGND,li1,141.4500,293.7600,0.000014
_4436_,VGND,li1,168.1300,266.5600,0.000001
_4435_,VGND,li1,165.1400,277.4400,0.000007
_4434_,VGND,li1,169.0500,293.7600,0.000004
_4433_,VGND,li1,165.6000,293.7600,0.000005
_4432_,VGND,li1,108.1000,293.7600,0.000005
_4431_,VGND,li1,149.5000,293.7600,0.000012
_4430_,VGND,li1,160.7700,293.7600,0.000008
_4429_,VGND,li1,158.9300,288.3200,0.000001
_4428_,VGND,li1,149.9600,288.3200,0.000001
_4426_,VGND,li1,115.2300,250.2400,0.000002
_4425_,VGND,li1,118.6800,250.2400,0.000003
_4424_,VGND,li1,118.4500,250.2400,0.000003
_4423_,VGND,li1,122.3600,250.2400,0.000003
_4422_,VGND,li1,243.3400,244.8000,0.000003
_4421_,VGND,li1,257.3700,244.8000,0.000004
_4420_,VGND,li1,260.8200,239.3600,0.000004
_4419_,VGND,li1,263.3500,244.8000,0.000007
_4418_,VGND,li1,229.3100,250.2400,0.000004
_4417_,VGND,li1,260.5900,250.2400,0.000004
_4416_,VGND,li1,256.4500,250.2400,0.000004
_4415_,VGND,li1,257.3700,239.3600,0.000004
_4414_,VGND,li1,253.9200,239.3600,0.000005
_4413_,VGND,li1,98.2100,272.0000,0.000002
_4412_,VGND,li1,102.3500,282.8800,0.000002
_4411_,VGND,li1,108.1000,282.8800,0.000002
_4410_,VGND,li1,110.6300,282.8800,0.000003
_4409_,VGND,li1,119.3700,282.8800,0.000006
_4408_,VGND,li1,212.9800,266.5600,0.000004
_4407_,VGND,li1,193.8900,261.1200,0.000001
_4406_,VGND,li1,180.0900,266.5600,0.000003
_4405_,VGND,li1,172.0400,272.0000,0.000007
_4404_,VGND,li1,260.3600,255.6800,0.000003
_4403_,VGND,li1,110.6300,282.8800,0.000003
_4402_,VGND,li1,109.4800,288.3200,0.000000
_4401_,VGND,li1,174.1100,288.3200,0.000001
_4400_,VGND,li1,192.9700,266.5600,0.000003
_4399_,VGND,li1,212.5200,261.1200,0.000001
_4398_,VGND,li1,266.3400,255.6800,0.000003
_4397_,VGND,li1,114.7700,266.5600,0.000002
_4396_,VGND,li1,114.3100,266.5600,0.000001
_4395_,VGND,li1,116.8400,266.5600,0.000002
_4394_,VGND,li1,175.9500,255.6800,0.000005
_4393_,VGND,li1,174.5700,261.1200,0.000001
_4392_,VGND,li1,169.0500,261.1200,0.000001
_4391_,VGND,li1,167.2100,255.6800,0.000007
_4390_,VGND,li1,162.8400,255.6800,0.000010
_4389_,VGND,li1,116.8400,293.7600,0.000009
_4388_,VGND,li1,143.5200,266.5600,0.000001
_4387_,VGND,li1,161.2300,266.5600,0.000001
_4386_,VGND,li1,157.0900,266.5600,0.000001
_4385_,VGND,li1,149.0400,266.5600,0.000001
_4384_,VGND,li1,83.2600,223.0400,0.000001
_4383_,VGND,li1,89.2400,195.8400,0.000002
_4382_,VGND,li1,92.2300,190.4000,0.000002
_4381_,VGND,li1,110.1700,179.5200,0.000001
_4380_,VGND,li1,109.7100,179.5200,0.000001
_4379_,VGND,li1,112.0100,195.8400,0.000003
_4378_,VGND,li1,89.7000,157.7600,0.000002
_4377_,VGND,li1,95.9100,157.7600,0.000002
_4376_,VGND,li1,120.5200,163.2000,0.000014
_4375_,VGND,li1,102.5800,157.7600,0.000002
_4374_,VGND,li1,104.1900,146.8800,0.000002
_4373_,VGND,li1,80.7300,136.0000,0.000001
_4372_,VGND,li1,77.0500,146.8800,0.000004
_4371_,VGND,li1,108.7900,152.3200,0.000001
_4370_,VGND,li1,88.3200,119.6800,0.000002
_4369_,VGND,li1,93.6100,119.6800,0.000002
_4368_,VGND,li1,95.9100,119.6800,0.000002
_4367_,VGND,li1,110.4000,130.5600,0.000001
_4366_,VGND,li1,103.7300,114.2400,0.000015
_4365_,VGND,li1,116.8400,108.8000,0.000007
_4364_,VGND,li1,114.3100,114.2400,0.000008
_4363_,VGND,li1,80.2700,119.6800,0.000002
_4362_,VGND,li1,118.2200,136.0000,0.000002
_4361_,VGND,li1,89.7000,114.2400,0.000026
_4360_,VGND,li1,98.6700,125.1200,0.000007
_4359_,VGND,li1,110.1700,130.5600,0.000001
_4358_,VGND,li1,106.2600,130.5600,0.000001
_4357_,VGND,li1,179.6300,130.5600,0.000018
_4356_,VGND,li1,175.4900,136.0000,0.000000
_4355_,VGND,li1,170.8900,136.0000,0.000000
_4354_,VGND,li1,161.9200,136.0000,0.000000
_4353_,VGND,li1,186.7600,136.0000,0.000000
_4352_,VGND,li1,235.7500,141.4400,0.000005
_4351_,VGND,li1,239.6600,141.4400,0.000006
_4350_,VGND,li1,111.5500,125.1200,0.000004
_4349_,VGND,li1,184.2300,136.0000,0.000000
_4348_,VGND,li1,254.1500,141.4400,0.000006
_4347_,VGND,li1,259.9000,141.4400,0.000006
_4346_,VGND,li1,260.8200,136.0000,0.000002
_4345_,VGND,li1,112.0100,103.3600,0.000001
_4344_,VGND,li1,115.4600,103.3600,0.000001
_4343_,VGND,li1,115.4600,108.8000,0.000007
_4342_,VGND,li1,120.2900,103.3600,0.000001
_4341_,VGND,li1,198.9500,108.8000,0.000002
_4340_,VGND,li1,224.0200,108.8000,0.000002
_4339_,VGND,li1,224.0200,108.8000,0.000002
_4338_,VGND,li1,252.7700,108.8000,0.000005
_4337_,VGND,li1,193.8900,108.8000,0.000003
_4336_,VGND,li1,214.3600,108.8000,0.000002
_4335_,VGND,li1,224.0200,103.3600,0.000005
_4334_,VGND,li1,214.8200,108.8000,0.000002
_4333_,VGND,li1,208.6100,108.8000,0.000002
_4332_,VGND,li1,176.8700,108.8000,0.000006
_4331_,VGND,li1,172.9600,108.8000,0.000007
_4330_,VGND,li1,88.5500,125.1200,0.000010
_4329_,VGND,li1,117.7600,130.5600,0.000002
_4328_,VGND,li1,117.5300,130.5600,0.000002
_4327_,VGND,li1,192.0500,136.0000,0.000001
_4326_,VGND,li1,208.8400,136.0000,0.000001
_4325_,VGND,li1,212.9800,136.0000,0.000002
_4324_,VGND,li1,159.6200,146.8800,0.000004
_4323_,VGND,li1,218.0400,136.0000,0.000002
_4322_,VGND,li1,234.8300,136.0000,0.000002
_4321_,VGND,li1,229.5400,130.5600,0.000013
_4320_,VGND,li1,117.0700,136.0000,0.000002
_4319_,VGND,li1,209.7600,130.5600,0.000019
_4318_,VGND,li1,238.9700,136.0000,0.000002
_4317_,VGND,li1,260.1300,136.0000,0.000002
_4316_,VGND,li1,215.2800,130.5600,0.000022
_4315_,VGND,li1,106.4900,108.8000,0.000003
_4314_,VGND,li1,110.8600,114.2400,0.000009
_4313_,VGND,li1,109.7100,114.2400,0.000009
_4312_,VGND,li1,193.8900,114.2400,0.000006
_4311_,VGND,li1,227.7000,119.6800,0.000011
_4310_,VGND,li1,226.7800,114.2400,0.000004
_4309_,VGND,li1,235.9800,119.6800,0.000010
_4308_,VGND,li1,174.8000,119.6800,0.000008
_4307_,VGND,li1,247.0200,114.2400,0.000003
_4306_,VGND,li1,231.3800,119.6800,0.000011
_4305_,VGND,li1,117.5300,114.2400,0.000007
_4304_,VGND,li1,179.6300,114.2400,0.000006
_4303_,VGND,li1,249.0900,114.2400,0.000003
_4302_,VGND,li1,247.4800,108.8000,0.000004
_4301_,VGND,li1,244.4900,114.2400,0.000003
_4300_,VGND,li1,241.9600,114.2400,0.000004
_4299_,VGND,li1,91.7700,65.2800,0.000001
_4298_,VGND,li1,91.0800,59.8400,0.000001
_4297_,VGND,li1,80.2700,32.6400,0.000003
_4296_,VGND,li1,78.8900,27.2000,0.000013
_4295_,VGND,li1,82.1100,27.2000,0.000012
_4294_,VGND,li1,81.1900,48.9600,0.000000
_4293_,VGND,li1,90.8500,54.4000,0.000003
_4292_,VGND,li1,86.0200,54.4000,0.000002
_4291_,VGND,li1,81.6500,54.4000,0.000002
_4290_,VGND,li1,158.7000,59.8400,0.000006
_4289_,VGND,li1,155.2500,146.8800,0.000004
_4288_,VGND,li1,175.4900,59.8400,0.000017
_4287_,VGND,li1,224.4800,59.8400,0.000004
_4286_,VGND,li1,176.4100,65.2800,0.000006
_4285_,VGND,li1,171.1200,59.8400,0.000011
_4284_,VGND,li1,247.4800,70.7200,0.000003
_4283_,VGND,li1,231.3800,59.8400,0.000002
_4282_,VGND,li1,184.9200,54.4000,0.000002
_4281_,VGND,li1,233.2200,59.8400,0.000002
_4280_,VGND,li1,248.6300,59.8400,0.000002
_4279_,VGND,li1,258.5200,59.8400,0.000001
_4278_,VGND,li1,234.8300,54.4000,0.000005
_4277_,VGND,li1,85.3300,157.7600,0.000002
_4275_,VGND,li1,86.2500,168.6400,0.000002
_4274_,VGND,li1,120.0600,163.2000,0.000014
_4273_,VGND,li1,116.6100,163.2000,0.000011
_4272_,VGND,li1,177.7900,163.2000,0.000004
_4271_,VGND,li1,221.7200,157.7600,0.000008
_4270_,VGND,li1,230.6900,157.7600,0.000004
_4269_,VGND,li1,180.0900,168.6400,0.000004
_4268_,VGND,li1,174.3400,163.2000,0.000004
_4267_,VGND,li1,226.3200,163.2000,0.000003
_4266_,VGND,li1,221.2600,119.6800,0.000020
_4265_,VGND,li1,120.7500,168.6400,0.000003
_4264_,VGND,li1,212.7500,163.2000,0.000003
_4263_,VGND,li1,222.6400,163.2000,0.000003
_4262_,VGND,li1,222.1800,163.2000,0.000003
_4261_,VGND,li1,241.2700,157.7600,0.000005
_4260_,VGND,li1,209.7600,163.2000,0.000003
_4258_,VGND,li1,110.1700,157.7600,0.000002
_4257_,VGND,li1,115.6900,157.7600,0.000004
_4256_,VGND,li1,117.0700,157.7600,0.000004
_4255_,VGND,li1,184.2300,152.3200,0.000003
_4254_,VGND,li1,185.6100,163.2000,0.000004
_4253_,VGND,li1,184.6900,163.2000,0.000004
_4252_,VGND,li1,179.8600,157.7600,0.000019
_4251_,VGND,li1,208.1500,136.0000,0.000001
_4250_,VGND,li1,224.4800,125.1200,0.000008
_4249_,VGND,li1,118.9100,152.3200,0.000002
_4248_,VGND,li1,200.7900,157.7600,0.000015
_4247_,VGND,li1,196.6500,157.7600,0.000020
_4246_,VGND,li1,206.0800,157.7600,0.000014
_4245_,VGND,li1,197.5700,152.3200,0.000002
_4244_,VGND,li1,193.2000,152.3200,0.000003
_4243_,VGND,li1,86.2500,152.3200,0.000001
_4241_,VGND,li1,102.8100,136.0000,0.000001
_4240_,VGND,li1,148.5800,136.0000,0.000001
_4239_,VGND,li1,148.8100,130.5600,0.000007
_4238_,VGND,li1,181.7000,125.1200,0.000004
_4237_,VGND,li1,185.6100,119.6800,0.000014
_4236_,VGND,li1,251.1600,125.1200,0.000020
_4235_,VGND,li1,254.8400,125.1200,0.000017
_4234_,VGND,li1,260.3600,125.1200,0.000011
_4233_,VGND,li1,267.2600,119.6800,0.000006
_4232_,VGND,li1,176.8700,125.1200,0.000004
_4231_,VGND,li1,174.5700,130.5600,0.000018
_4230_,VGND,li1,241.2700,125.1200,0.000022
_4229_,VGND,li1,239.6600,130.5600,0.000012
_4228_,VGND,li1,178.7100,130.5600,0.000018
_4227_,VGND,li1,228.1600,125.1200,0.000008
_4226_,VGND,li1,78.8900,152.3200,0.000001
_4225_,VGND,li1,109.2500,146.8800,0.000002
_4224_,VGND,li1,107.6400,146.8800,0.000002
_4223_,VGND,li1,177.1000,152.3200,0.000003
_4222_,VGND,li1,180.5500,152.3200,0.000003
_4221_,VGND,li1,175.4900,152.3200,0.000003
_4220_,VGND,li1,172.0400,152.3200,0.000003
_4219_,VGND,li1,234.3700,152.3200,0.000003
_4218_,VGND,li1,238.2800,152.3200,0.000003
_4217_,VGND,li1,180.3200,48.9600,0.000001
_4216_,VGND,li1,115.6900,146.8800,0.000004
_4215_,VGND,li1,206.5400,152.3200,0.000002
_4214_,VGND,li1,232.0700,152.3200,0.000003
_4213_,VGND,li1,241.7300,152.3200,0.000003
_4212_,VGND,li1,258.5200,146.8800,0.000005
_4211_,VGND,li1,87.8600,223.0400,0.000001
_4210_,VGND,li1,108.3300,233.9200,0.000001
_4209_,VGND,li1,82.3400,228.4800,0.000001
_4208_,VGND,li1,114.7700,228.4800,0.000001
_4207_,VGND,li1,114.5400,228.4800,0.000001
_4206_,VGND,li1,89.0100,201.2800,0.000002
_4205_,VGND,li1,123.7400,201.2800,0.000002
_4204_,VGND,li1,90.3900,201.2800,0.000002
_4203_,VGND,li1,118.2200,201.2800,0.000001
_4202_,VGND,li1,117.0700,206.7200,0.000002
_4201_,VGND,li1,94.9900,174.0800,0.000003
_4200_,VGND,li1,94.0700,179.5200,0.000002
_4199_,VGND,li1,112.0100,179.5200,0.000001
_4198_,VGND,li1,193.4300,179.5200,0.000002
_4197_,VGND,li1,189.7500,179.5200,0.000002
_4196_,VGND,li1,187.9100,184.9600,0.000006
_4195_,VGND,li1,227.2400,179.5200,0.000003
_4194_,VGND,li1,205.8500,179.5200,0.000003
_4193_,VGND,li1,246.5600,179.5200,0.000004
_4192_,VGND,li1,115.0000,184.9600,0.000003
_4191_,VGND,li1,116.6100,184.9600,0.000004
_4190_,VGND,li1,205.8500,184.9600,0.000007
_4189_,VGND,li1,242.6500,179.5200,0.000005
_4188_,VGND,li1,264.0400,179.5200,0.000005
_4187_,VGND,li1,269.1000,179.5200,0.000006
_4186_,VGND,li1,103.7300,174.0800,0.000003
_4185_,VGND,li1,156.4000,174.0800,0.000002
_4184_,VGND,li1,238.9700,168.6400,0.000005
_4183_,VGND,li1,234.8300,168.6400,0.000005
_4182_,VGND,li1,237.8200,174.0800,0.000002
_4181_,VGND,li1,184.0000,179.5200,0.000001
_4180_,VGND,li1,224.4800,174.0800,0.000003
_4179_,VGND,li1,127.4200,174.0800,0.000004
_4178_,VGND,li1,205.3900,168.6400,0.000005
_4177_,VGND,li1,243.8000,168.6400,0.000006
_4176_,VGND,li1,244.2600,174.0800,0.000003
_4175_,VGND,li1,260.8200,174.0800,0.000003
_4174_,VGND,li1,259.9000,174.0800,0.000003
_4173_,VGND,li1,127.1900,174.0800,0.000004
_4172_,VGND,li1,100.5100,201.2800,0.000001
_4171_,VGND,li1,115.2300,201.2800,0.000001
_4170_,VGND,li1,115.9200,201.2800,0.000001
_4169_,VGND,li1,180.5500,206.7200,0.000008
_4168_,VGND,li1,180.0900,206.7200,0.000008
_4167_,VGND,li1,201.2500,206.7200,0.000013
_4166_,VGND,li1,201.0200,212.1600,0.000002
_4165_,VGND,li1,224.7100,212.1600,0.000005
_4164_,VGND,li1,257.1400,212.1600,0.000004
_4163_,VGND,li1,120.7500,195.8400,0.000004
_4162_,VGND,li1,219.1900,201.2800,0.000003
_4161_,VGND,li1,220.1100,206.7200,0.000025
_4160_,VGND,li1,263.3500,206.7200,0.000007
_4159_,VGND,li1,263.8100,201.2800,0.000002
_4158_,VGND,li1,122.5900,206.7200,0.000002
_4157_,VGND,li1,121.6700,206.7200,0.000002
_4156_,VGND,li1,123.9700,206.7200,0.000002
_4155_,VGND,li1,162.6100,206.7200,0.000003
_4154_,VGND,li1,158.9300,206.7200,0.000003
_4153_,VGND,li1,237.1300,201.2800,0.000002
_4152_,VGND,li1,235.9800,195.8400,0.000006
_4151_,VGND,li1,196.6500,206.7200,0.000010
_4150_,VGND,li1,198.2600,206.7200,0.000010
_4149_,VGND,li1,123.9700,201.2800,0.000002
_4148_,VGND,li1,131.1000,201.2800,0.000002
_4147_,VGND,li1,218.7300,201.2800,0.000003
_4146_,VGND,li1,227.2400,195.8400,0.000004
_4145_,VGND,li1,245.1800,201.2800,0.000002
_4144_,VGND,li1,241.5000,201.2800,0.000002
_4143_,VGND,li1,92.2300,223.0400,0.000001
_4142_,VGND,li1,124.6600,217.6000,0.000016
_4141_,VGND,li1,127.6500,223.0400,0.000002
_4140_,VGND,li1,114.7700,217.6000,0.000013
_4139_,VGND,li1,117.5300,228.4800,0.000002
_4138_,VGND,li1,186.9900,228.4800,0.000009
_4137_,VGND,li1,186.0700,233.9200,0.000009
_4136_,VGND,li1,250.0100,233.9200,0.000008
_4135_,VGND,li1,245.1800,217.6000,0.000005
_4134_,VGND,li1,222.4100,239.3600,0.000010
_4133_,VGND,li1,227.2400,239.3600,0.000007
_4132_,VGND,li1,122.3600,233.9200,0.000003
_4131_,VGND,li1,231.3800,228.4800,0.000005
_4130_,VGND,li1,254.1500,233.9200,0.000006
_4129_,VGND,li1,250.0100,228.4800,0.000003
_4128_,VGND,li1,235.0600,228.4800,0.000005
_4126_,VGND,li1,114.3100,212.1600,0.000002
_4125_,VGND,li1,117.5300,212.1600,0.000003
_4124_,VGND,li1,116.1500,212.1600,0.000003
_4123_,VGND,li1,188.8300,201.2800,0.000002
_4122_,VGND,li1,189.2900,195.8400,0.000004
_4121_,VGND,li1,235.2900,190.4000,0.000014
_4120_,VGND,li1,239.2000,190.4000,0.000014
_4119_,VGND,li1,198.9500,201.2800,0.000002
_4118_,VGND,li1,196.8800,195.8400,0.000003
_4117_,VGND,li1,120.9800,212.1600,0.000004
_4116_,VGND,li1,123.9700,212.1600,0.000004
_4115_,VGND,li1,209.5300,190.4000,0.000015
_4114_,VGND,li1,250.9300,179.5200,0.000004
_4113_,VGND,li1,262.2000,190.4000,0.000009
_4112_,VGND,li1,269.5600,184.9600,0.000019
_4111_,VGND,li1,96.8300,223.0400,0.000001
_4110_,VGND,li1,123.9700,223.0400,0.000002
_4109_,VGND,li1,124.2000,223.0400,0.000002
_4108_,VGND,li1,186.0700,223.0400,0.000004
_4107_,VGND,li1,234.3700,217.6000,0.000003
_4106_,VGND,li1,233.2200,217.6000,0.000003
_4105_,VGND,li1,197.1100,228.4800,0.000012
_4104_,VGND,li1,193.2000,228.4800,0.000010
_4103_,VGND,li1,234.6000,212.1600,0.000005
_4102_,VGND,li1,124.4300,239.3600,0.000005
_4101_,VGND,li1,221.9500,223.0400,0.000005
_4100_,VGND,li1,221.9500,223.0400,0.000005
_4099_,VGND,li1,261.0500,212.1600,0.000005
_4098_,VGND,li1,265.6500,212.1600,0.000006
_4096_,VGND,li1,102.3500,233.9200,0.000001
_4095_,VGND,li1,106.9500,233.9200,0.000001
_4094_,VGND,li1,104.6500,233.9200,0.000001
_4093_,VGND,li1,190.2100,228.4800,0.000010
_4092_,VGND,li1,238.0500,223.0400,0.000005
_4091_,VGND,li1,252.3100,223.0400,0.000005
_4090_,VGND,li1,250.7000,223.0400,0.000005
_4089_,VGND,li1,208.3800,217.6000,0.000002
_4088_,VGND,li1,258.5200,228.4800,0.000003
_4087_,VGND,li1,113.6200,233.9200,0.000002
_4086_,VGND,li1,241.7300,228.4800,0.000004
_4085_,VGND,li1,257.8300,223.0400,0.000004
_4084_,VGND,li1,257.1400,223.0400,0.000004
_4083_,VGND,li1,255.3000,217.6000,0.000007
_4082_,VGND,li1,71.5300,288.3200,0.000005
_4081_,VGND,li1,94.9900,293.7600,0.000008
_4080_,VGND,li1,195.7300,288.3200,0.000001
_4079_,VGND,li1,201.0200,293.7600,0.000001
_4078_,VGND,li1,201.4800,282.8800,0.000004
_4077_,VGND,li1,260.1300,293.7600,0.000003
_4076_,VGND,li1,256.2200,293.7600,0.000003
_4075_,VGND,li1,195.5000,288.3200,0.000001
_4074_,VGND,li1,107.1800,293.7600,0.000005
_4073_,VGND,li1,241.5000,293.7600,0.000004
_4072_,VGND,li1,248.6300,293.7600,0.000004
_4071_,VGND,li1,231.6100,282.8800,0.000004
_4070_,VGND,li1,241.9600,288.3200,0.000003
_4069_,VGND,li1,71.5300,299.2000,0.000002
_4068_,VGND,li1,67.3900,299.2000,0.000003
_4067_,VGND,li1,73.1400,288.3200,0.000005
_4066_,VGND,li1,187.4500,293.7600,0.000002
_4065_,VGND,li1,186.5300,282.8800,0.000007
_4064_,VGND,li1,208.6100,282.8800,0.000004
_4063_,VGND,li1,215.2800,272.0000,0.000024
_4062_,VGND,li1,234.8300,293.7600,0.000003
_4061_,VGND,li1,232.3000,288.3200,0.000002
_4060_,VGND,li1,114.5400,293.7600,0.000007
_4059_,VGND,li1,219.4200,293.7600,0.000002
_4058_,VGND,li1,220.1100,293.7600,0.000002
_4057_,VGND,li1,215.0500,282.8800,0.000004
_4056_,VGND,li1,223.1000,277.4400,0.000005
_4055_,VGND,li1,89.4700,272.0000,0.000001
_4054_,VGND,li1,89.0100,277.4400,0.000002
_4053_,VGND,li1,91.3100,277.4400,0.000002
_4052_,VGND,li1,197.5700,272.0000,0.000009
_4050_,VGND,li1,197.5700,272.0000,0.000009
_4049_,VGND,li1,260.5900,277.4400,0.000002
_4048_,VGND,li1,258.5200,288.3200,0.000004
_4047_,VGND,li1,241.2700,272.0000,0.000037
_4046_,VGND,li1,237.8200,272.0000,0.000034
_4045_,VGND,li1,125.1200,277.4400,0.000003
_4044_,VGND,li1,243.8000,277.4400,0.000003
_4043_,VGND,li1,257.3700,272.0000,0.000026
_4042_,VGND,li1,265.1900,272.0000,0.000019
_4041_,VGND,li1,257.6000,282.8800,0.000005
_4040_,VGND,li1,68.7700,255.6800,0.000003
_4039_,VGND,li1,69.0000,255.6800,0.000003
_4038_,VGND,li1,66.4700,255.6800,0.000003
_4037_,VGND,li1,192.0500,255.6800,0.000004
_4036_,VGND,li1,258.2900,261.1200,0.000002
_4035_,VGND,li1,251.3900,261.1200,0.000003
_4034_,VGND,li1,248.4000,266.5600,0.000004
_4033_,VGND,li1,211.1400,266.5600,0.000004
_4032_,VGND,li1,244.2600,266.5600,0.000004
_4020_,VGND,li1,119.1400,255.6800,0.000009
_4019_,VGND,li1,238.9700,255.6800,0.000005
_4018_,VGND,li1,259.9000,266.5600,0.000003
_4017_,VGND,li1,259.9000,261.1200,0.000002
_4011_,VGND,li1,265.6500,266.5600,0.000004
_3996_,VGND,li1,239.4300,92.4800,0.000014
_3994_,VGND,li1,208.1500,76.1600,0.000004
_3993_,VGND,li1,143.2900,103.3600,0.000003
_3992_,VGND,li1,147.8900,87.0400,0.000002
_3991_,VGND,li1,80.2700,103.3600,0.000003
_3989_,VGND,li1,273.0100,92.4800,0.000020
_3987_,VGND,li1,245.4100,32.6400,0.000010
_3985_,VGND,li1,252.7700,38.0800,0.000003
_3983_,VGND,li1,234.3700,32.6400,0.000013
_3981_,VGND,li1,258.2900,54.4000,0.000005
_3979_,VGND,li1,263.3500,103.3600,0.000003
_3977_,VGND,li1,249.0900,103.3600,0.000004
_3975_,VGND,li1,269.7900,141.4400,0.000011
_3973_,VGND,li1,270.2500,136.0000,0.000004
_3970_,VGND,li1,271.1700,114.2400,0.000002
_3968_,VGND,li1,261.9700,152.3200,0.000005
_3966_,VGND,li1,188.3700,157.7600,0.000020
_3964_,VGND,li1,261.5100,157.7600,0.000003
_3962_,VGND,li1,270.2500,174.0800,0.000005
_3960_,VGND,li1,263.3500,168.6400,0.000005
_3958_,VGND,li1,262.4300,195.8400,0.000006
_3956_,VGND,li1,218.7300,195.8400,0.000005
_3954_,VGND,li1,239.8900,233.9200,0.000011
_3952_,VGND,li1,270.2500,190.4000,0.000009
_3949_,VGND,li1,273.0100,206.7200,0.000007
_3947_,VGND,li1,244.4900,223.0400,0.000006
_3945_,VGND,li1,145.1300,282.8800,0.000007
_3943_,VGND,li1,273.4700,239.3600,0.000007
_3941_,VGND,li1,144.2100,272.0000,0.000005
_3939_,VGND,li1,221.4900,255.6800,0.000006
_3937_,VGND,li1,222.4100,282.8800,0.000005
_3935_,VGND,li1,223.3300,266.5600,0.000005
_3933_,VGND,li1,272.0900,272.0000,0.000018
_3931_,VGND,li1,270.7100,261.1200,0.000004
_3928_,VGND,li1,146.9700,97.9200,0.000005
_3927_,VGND,li1,77.5100,103.3600,0.000003
_3926_,VGND,li1,67.3900,103.3600,0.000006
_3925_,VGND,li1,64.4000,87.0400,0.000030
_3924_,VGND,li1,168.5900,92.4800,0.000008
_3923_,VGND,li1,129.9500,92.4800,0.000002
_3922_,VGND,li1,54.5100,92.4800,0.000009
_3921_,VGND,li1,51.5200,87.0400,0.000016
_3920_,VGND,li1,161.2300,103.3600,0.000005
_3919_,VGND,li1,78.4300,97.9200,0.000004
_3918_,VGND,li1,65.5500,97.9200,0.000010
_3917_,VGND,li1,63.9400,81.6000,0.000005
_3915_,VGND,li1,122.1300,92.4800,0.000001
_3914_,VGND,li1,46.9200,157.7600,0.000005
_3913_,VGND,li1,45.3100,201.2800,0.000007
_3912_,VGND,li1,41.4000,206.7200,0.000016
_3911_,VGND,li1,57.2700,152.3200,0.000004
_3910_,VGND,li1,54.7400,179.5200,0.000004
_3909_,VGND,li1,162.1500,65.2800,0.000003
_3908_,VGND,li1,47.1500,65.2800,0.000002
_3907_,VGND,li1,46.6900,70.7200,0.000008
_3906_,VGND,li1,43.2400,76.1600,0.000018
_3905_,VGND,li1,163.3000,70.7200,0.000004
_3904_,VGND,li1,66.9300,76.1600,0.000007
_3903_,VGND,li1,59.1100,76.1600,0.000010
_3902_,VGND,li1,51.5200,81.6000,0.000005
_3901_,VGND,li1,153.1800,76.1600,0.000003
_3900_,VGND,li1,64.6300,70.7200,0.000004
_3899_,VGND,li1,64.1700,70.7200,0.000004
_3898_,VGND,li1,59.8000,108.8000,0.000004
_3897_,VGND,li1,160.5400,76.1600,0.000004
_3896_,VGND,li1,37.7200,119.6800,0.000007
_3895_,VGND,li1,38.4100,114.2400,0.000006
_3894_,VGND,li1,34.0400,108.8000,0.000005
_3893_,VGND,li1,29.2100,108.8000,0.000005
_3892_,VGND,li1,21.1600,97.9200,0.000015
_3891_,VGND,li1,32.4300,97.9200,0.000025
_3890_,VGND,li1,23.0000,97.9200,0.000018
_3889_,VGND,li1,38.4100,136.0000,0.000007
_3888_,VGND,li1,21.1600,136.0000,0.000004
_3887_,VGND,li1,51.2900,43.5200,0.000009
_3886_,VGND,li1,48.7600,43.5200,0.000009
_3885_,VGND,li1,34.0400,179.5200,0.000004
_3884_,VGND,li1,27.3700,261.1200,0.000005
_3883_,VGND,li1,21.1600,272.0000,0.000005
_3882_,VGND,li1,25.5300,195.8400,0.000008
_3881_,VGND,li1,21.1600,201.2800,0.000008
_3880_,VGND,li1,34.9600,119.6800,0.000008
_3879_,VGND,li1,26.9100,146.8800,0.000015
_3878_,VGND,li1,13.3400,152.3200,0.000005
_3877_,VGND,li1,46.6900,125.1200,0.000007
_3876_,VGND,li1,43.2400,130.5600,0.000014
_3875_,VGND,li1,149.7300,108.8000,0.000023
_3874_,VGND,li1,133.1700,87.0400,0.000004
_3873_,VGND,li1,52.9000,114.2400,0.000008
_3872_,VGND,li1,51.7500,108.8000,0.000004
_3871_,VGND,li1,43.2400,114.2400,0.000006
_3870_,VGND,li1,53.5900,168.6400,0.000004
_3869_,VGND,li1,47.8400,195.8400,0.000006
_3868_,VGND,li1,162.6100,119.6800,0.000006
_3867_,VGND,li1,63.2500,130.5600,0.000006
_3866_,VGND,li1,61.1800,125.1200,0.000013
_3864_,VGND,li1,144.6700,136.0000,0.000001
_3863_,VGND,li1,51.2900,206.7200,0.000009
_3862_,VGND,li1,51.0600,217.6000,0.000019
_3860_,VGND,li1,134.0900,146.8800,0.000004
_3859_,VGND,li1,54.5100,141.4400,0.000007
_3858_,VGND,li1,51.0600,136.0000,0.000004
_3857_,VGND,li1,154.7900,130.5600,0.000010
_3856_,VGND,li1,56.8100,59.8400,0.000001
_3855_,VGND,li1,38.4100,65.2800,0.000002
_3854_,VGND,li1,33.1200,59.8400,0.000004
_3853_,VGND,li1,28.2900,65.2800,0.000002
_3852_,VGND,li1,24.8400,76.1600,0.000020
_3851_,VGND,li1,29.6700,38.0800,0.000007
_3850_,VGND,li1,20.2400,43.5200,0.000014
_3849_,VGND,li1,38.4100,76.1600,0.000023
_3848_,VGND,li1,27.1400,76.1600,0.000025
_3847_,VGND,li1,39.3300,48.9600,0.000004
_3846_,VGND,li1,35.4200,38.0800,0.000008
_3845_,VGND,li1,57.7300,48.9600,0.000002
_3844_,VGND,li1,54.2800,48.9600,0.000002
_3843_,VGND,li1,66.0100,43.5200,0.000008
_3842_,VGND,li1,63.9400,32.6400,0.000008
_3841_,VGND,li1,51.2900,21.7600,0.000007
_3840_,VGND,li1,39.1000,21.7600,0.000009
_3839_,VGND,li1,57.9600,48.9600,0.000002
_3838_,VGND,li1,63.2500,27.2000,0.000028
_3837_,VGND,li1,69.0000,21.7600,0.000007
_3836_,VGND,li1,59.5700,21.7600,0.000008
_3835_,VGND,li1,52.9000,16.3200,0.000007
_3833_,VGND,li1,145.5900,146.8800,0.000005
_3832_,VGND,li1,44.3900,179.5200,0.000003
_3831_,VGND,li1,41.4000,174.0800,0.000018
_3830_,VGND,li1,24.1500,233.9200,0.000004
_3829_,VGND,li1,16.5600,233.9200,0.000004
_3828_,VGND,li1,41.1700,163.2000,0.000006
_3827_,VGND,li1,42.3200,157.7600,0.000007
_3826_,VGND,li1,38.4100,212.1600,0.000009
_3825_,VGND,li1,33.1200,228.4800,0.000006
_3824_,VGND,li1,45.3100,244.8000,0.000006
_3823_,VGND,li1,40.0200,250.2400,0.000014
_3822_,VGND,li1,155.2500,157.7600,0.000036
_3821_,VGND,li1,59.8000,174.0800,0.000010
_3820_,VGND,li1,63.9400,179.5200,0.000006
_3819_,VGND,li1,55.6600,174.0800,0.000010
_3818_,VGND,li1,133.1700,184.9600,0.000003
_3817_,VGND,li1,77.5100,174.0800,0.000003
_3816_,VGND,li1,65.5500,168.6400,0.000005
_3815_,VGND,li1,63.9400,163.2000,0.000005
_3814_,VGND,li1,123.2800,179.5200,0.000002
_3813_,VGND,li1,38.4100,174.0800,0.000020
_3812_,VGND,li1,33.8100,168.6400,0.000004
_3811_,VGND,li1,34.5000,108.8000,0.000005
_3810_,VGND,li1,27.3700,108.8000,0.000004
_3809_,VGND,li1,22.0800,108.8000,0.000004
_3808_,VGND,li1,44.3900,103.3600,0.000007
_3807_,VGND,li1,44.1600,103.3600,0.000007
_3806_,VGND,li1,33.3500,250.2400,0.000018
_3805_,VGND,li1,17.4800,250.2400,0.000017
_3804_,VGND,li1,28.7500,157.7600,0.000007
_3803_,VGND,li1,21.1600,152.3200,0.000005
_3802_,VGND,li1,33.8100,168.6400,0.000004
_3801_,VGND,li1,31.7400,130.5600,0.000022
_3800_,VGND,li1,25.5300,136.0000,0.000005
_3799_,VGND,li1,21.1600,130.5600,0.000018
_3798_,VGND,li1,27.3700,125.1200,0.000007
_3797_,VGND,li1,13.3400,125.1200,0.000005
_3796_,VGND,li1,28.7500,184.9600,0.000007
_3795_,VGND,li1,19.7800,190.4000,0.000005
_3794_,VGND,li1,25.9900,168.6400,0.000004
_3793_,VGND,li1,21.1600,174.0800,0.000019
_3792_,VGND,li1,144.2100,174.0800,0.000002
_3791_,VGND,li1,51.2900,179.5200,0.000003
_3790_,VGND,li1,53.1300,54.4000,0.000003
_3789_,VGND,li1,36.5700,54.4000,0.000004
_3788_,VGND,li1,31.7400,48.9600,0.000004
_3787_,VGND,li1,26.9100,48.9600,0.000003
_3786_,VGND,li1,16.5600,43.5200,0.000014
_3785_,VGND,li1,25.5300,38.0800,0.000006
_3784_,VGND,li1,21.1600,38.0800,0.000005
_3783_,VGND,li1,34.7300,27.2000,0.000024
_3782_,VGND,li1,26.2200,21.7600,0.000007
_3781_,VGND,li1,33.8100,21.7600,0.000009
_3780_,VGND,li1,27.1400,16.3200,0.000007
_3779_,VGND,li1,57.2700,54.4000,0.000003
_3778_,VGND,li1,58.4200,43.5200,0.000009
_3777_,VGND,li1,53.5900,32.6400,0.000007
_3776_,VGND,li1,47.8400,32.6400,0.000006
_3775_,VGND,li1,40.0200,184.9600,0.000010
_3774_,VGND,li1,36.1100,233.9200,0.000006
_3773_,VGND,li1,32.2000,244.8000,0.000007
_3772_,VGND,li1,38.4100,195.8400,0.000008
_3771_,VGND,li1,34.0400,201.2800,0.000011
_3770_,VGND,li1,135.9300,212.1600,0.000004
_3769_,VGND,li1,61.1800,190.4000,0.000006
_3768_,VGND,li1,64.4000,190.4000,0.000005
_3767_,VGND,li1,57.5000,195.8400,0.000006
_3766_,VGND,li1,131.7900,201.2800,0.000002
_3765_,VGND,li1,64.1700,206.7200,0.000008
_3764_,VGND,li1,60.2600,201.2800,0.000006
_3763_,VGND,li1,136.8500,233.9200,0.000003
_3762_,VGND,li1,55.2000,233.9200,0.000004
_3760_,VGND,li1,53.8200,233.9200,0.000004
_3759_,VGND,li1,49.6800,266.5600,0.000004
_3757_,VGND,li1,142.8300,206.7200,0.000002
_3756_,VGND,li1,64.1700,223.0400,0.000003
_3755_,VGND,li1,60.2600,244.8000,0.000007
_3754_,VGND,li1,133.1700,223.0400,0.000003
_3753_,VGND,li1,64.1700,228.4800,0.000004
_3752_,VGND,li1,59.1100,223.0400,0.000003
_3751_,VGND,li1,53.8200,228.4800,0.000005
_3750_,VGND,li1,129.7200,184.9600,0.000003
_3749_,VGND,li1,38.6400,179.5200,0.000003
_3748_,VGND,li1,38.8700,152.3200,0.000005
_3747_,VGND,li1,34.5000,87.0400,0.000011
_3746_,VGND,li1,47.3800,54.4000,0.000002
_3745_,VGND,li1,33.3500,87.0400,0.000010
_3744_,VGND,li1,25.3000,87.0400,0.000008
_3743_,VGND,li1,26.9100,65.2800,0.000002
_3742_,VGND,li1,21.1600,65.2800,0.000002
_3741_,VGND,li1,45.7700,59.8400,0.000002
_3740_,VGND,li1,50.3700,152.3200,0.000004
_3739_,VGND,li1,46.9200,146.8800,0.000017
_3738_,VGND,li1,36.5700,146.8800,0.000022
_3737_,VGND,li1,34.5000,152.3200,0.000006
_3735_,VGND,li1,43.0100,54.4000,0.000003
_3734_,VGND,li1,34.0400,184.9600,0.000008
_3733_,VGND,li1,45.0800,54.4000,0.000003
_3732_,VGND,li1,27.8300,255.6800,0.000008
_3731_,VGND,li1,20.7000,266.5600,0.000005
_3730_,VGND,li1,22.3100,217.6000,0.000012
_3729_,VGND,li1,21.1600,228.4800,0.000005
_3728_,VGND,li1,45.7700,59.8400,0.000002
_3727_,VGND,li1,47.1500,65.2800,0.000002
_3726_,VGND,li1,33.1200,179.5200,0.000004
_3725_,VGND,li1,34.5000,59.8400,0.000004
_3724_,VGND,li1,25.9900,206.7200,0.000027
_3723_,VGND,li1,21.1600,212.1600,0.000008
_3721_,VGND,li1,23.6900,179.5200,0.000004
_3720_,VGND,li1,16.1000,179.5200,0.000004
_3714_,VGND,li1,38.6400,59.8400,0.000003
_3713_,VGND,li1,39.7900,54.4000,0.000004
_3712_,VGND,li1,43.9300,59.8400,0.000002
_3711_,VGND,li1,62.7900,59.8400,0.000001
_3710_,VGND,li1,131.3300,288.3200,0.000001
_3709_,VGND,li1,64.6300,282.8800,0.000002
_3708_,VGND,li1,57.2700,288.3200,0.000006
_3707_,VGND,li1,56.5800,293.7600,0.000017
_3705_,VGND,li1,141.9100,244.8000,0.000005
_3704_,VGND,li1,42.5500,261.1200,0.000005
_3703_,VGND,li1,34.0400,266.5600,0.000008
_3702_,VGND,li1,137.3100,255.6800,0.000014
_3701_,VGND,li1,64.6300,277.4400,0.000008
_3700_,VGND,li1,33.8100,277.4400,0.000028
_3699_,VGND,li1,45.0800,282.8800,0.000005
_3698_,VGND,li1,131.5600,266.5600,0.000002
_3697_,VGND,li1,63.7100,272.0000,0.000003
_3696_,VGND,li1,56.8100,277.4400,0.000011
_3695_,VGND,li1,56.1200,272.0000,0.000005
_3693_,VGND,li1,123.5100,293.7600,0.000011
_3692_,VGND,li1,40.2500,293.7600,0.000010
_3691_,VGND,li1,30.8200,293.7600,0.000008
_3684_,VGND,li1,128.3400,282.8800,0.000007
_3683_,VGND,li1,52.9000,261.1200,0.000003
_3682_,VGND,li1,50.3700,255.6800,0.000005
_3681_,VGND,li1,46.6900,233.9200,0.000005
_3680_,VGND,li1,40.0200,223.0400,0.000008
_3679_,VGND,li1,39.7900,228.4800,0.000006
_3677_,VGND,li1,38.4100,228.4800,0.000006
_3676_,VGND,li1,58.1900,266.5600,0.000003
_3674_,VGND,li1,49.9100,233.9200,0.000004
_3673_,VGND,li1,22.0800,272.0000,0.000005
_3672_,VGND,li1,53.3600,59.8400,0.000001
_3671_,VGND,li1,131.7900,272.0000,0.000005
_3670_,VGND,li1,64.6300,277.4400,0.000008
_3669_,VGND,li1,58.1900,288.3200,0.000006
_3668_,VGND,li1,46.9200,299.2000,0.000001
_3665_,VGND,li1,38.4100,125.1200,0.000008
_3661_,VGND,li1,25.0700,92.4800,0.000009
_3656_,VGND,li1,21.8500,87.0400,0.000006
_3651_,VGND,li1,37.9500,119.6800,0.000007
_3650_,VGND,li1,35.1900,125.1200,0.000007
_3645_,VGND,li1,123.0500,261.1200,0.000002
_3644_,VGND,li1,64.6300,250.2400,0.000005
_3642_,VGND,li1,58.8800,250.2400,0.000007
_3640_,VGND,li1,76.8200,70.7200,0.000002
_3639_,VGND,li1,72.4500,65.2800,0.000003
_3638_,VGND,li1,81.8800,65.2800,0.000001
_3637_,VGND,li1,72.6800,70.7200,0.000003
_3636_,VGND,li1,90.3900,70.7200,0.000001
_3635_,VGND,li1,82.1100,70.7200,0.000001
_3634_,VGND,li1,100.5100,76.1600,0.000001
_3633_,VGND,li1,104.8800,70.7200,0.000001
_3632_,VGND,li1,111.0900,76.1600,0.000001
_3631_,VGND,li1,98.6700,76.1600,0.000001
_3630_,VGND,li1,93.8400,76.1600,0.000002
_3629_,VGND,li1,65.0900,179.5200,0.000006
_3627_,VGND,li1,56.1200,54.4000,0.000003
_3626_,VGND,li1,112.9300,48.9600,0.000000
_3625_,VGND,li1,108.3300,54.4000,0.000004
_3624_,VGND,li1,108.1000,48.9600,0.000000
_3622_,VGND,li1,82.1100,81.6000,0.000002
_3621_,VGND,li1,79.8100,76.1600,0.000003
_3620_,VGND,li1,103.2700,54.4000,0.000003
_3619_,VGND,li1,101.4300,54.4000,0.000003
_3618_,VGND,li1,113.1600,59.8400,0.000002
_3617_,VGND,li1,111.5500,43.5200,0.000000
_3616_,VGND,li1,114.7700,43.5200,0.000000
_3615_,VGND,li1,104.6500,43.5200,0.000001
_3614_,VGND,li1,73.1400,43.5200,0.000005
_3613_,VGND,li1,72.9100,38.0800,0.000003
_3612_,VGND,li1,80.5000,38.0800,0.000001
_3611_,VGND,li1,83.9500,32.6400,0.000002
_3610_,VGND,li1,86.7100,70.7200,0.000001
_3609_,VGND,li1,85.7900,81.6000,0.000002
_3607_,VGND,li1,86.2500,27.2000,0.000010
_3606_,VGND,li1,76.5900,38.0800,0.000002
_3605_,VGND,li1,78.8900,81.6000,0.000002
_3604_,VGND,li1,80.2700,87.0400,0.000020
_3603_,VGND,li1,74.7500,38.0800,0.000002
_3602_,VGND,li1,85.3300,43.5200,0.000002
_3601_,VGND,li1,98.6700,32.6400,0.000001
_3600_,VGND,li1,101.4300,32.6400,0.000001
_3599_,VGND,li1,96.3700,27.2000,0.000007
_3598_,VGND,li1,86.7100,21.7600,0.000004
_3597_,VGND,li1,91.7700,21.7600,0.000004
_3596_,VGND,li1,89.2400,21.7600,0.000004
_3595_,VGND,li1,74.0600,48.9600,0.000001
_3594_,VGND,li1,77.0500,48.9600,0.000001
_3593_,VGND,li1,92.2300,54.4000,0.000003
_3592_,VGND,li1,93.6100,27.2000,0.000008
_3591_,VGND,li1,105.3400,27.2000,0.000005
_3590_,VGND,li1,109.9400,38.0800,0.000000
_3589_,VGND,li1,110.6300,32.6400,0.000001
_3587_,VGND,li1,99.1300,27.2000,0.000006
_3586_,VGND,li1,110.4000,27.2000,0.000003
_3585_,VGND,li1,104.4200,21.7600,0.000003
_3584_,VGND,li1,181.4700,32.6400,0.000004
_3583_,VGND,li1,198.4900,38.0800,0.000000
_3582_,VGND,li1,195.9600,43.5200,0.000001
_3581_,VGND,li1,198.2600,48.9600,0.000001
_3580_,VGND,li1,195.9600,65.2800,0.000006
_3579_,VGND,li1,198.7200,54.4000,0.000002
_3578_,VGND,li1,222.1800,38.0800,0.000001
_3577_,VGND,li1,106.4900,16.3200,0.000002
_3576_,VGND,li1,207.9200,48.9600,0.000002
_3575_,VGND,li1,201.7100,32.6400,0.000010
_3574_,VGND,li1,235.5200,38.0800,0.000001
_3573_,VGND,li1,249.7800,38.0800,0.000002
_3572_,VGND,li1,82.1100,21.7600,0.000004
_3571_,VGND,li1,181.4700,38.0800,0.000000
_3570_,VGND,li1,189.5200,38.0800,0.000000
_3569_,VGND,li1,215.7400,32.6400,0.000021
_3568_,VGND,li1,218.5000,38.0800,0.000000
_3567_,VGND,li1,210.4500,70.7200,0.000005
_3566_,VGND,li1,157.3200,70.7200,0.000004
_3565_,VGND,li1,179.8600,43.5200,0.000001
_3564_,VGND,li1,174.8000,43.5200,0.000001
_3562_,VGND,li1,174.5700,16.3200,0.000003
_3561_,VGND,li1,170.6600,16.3200,0.000002
_3560_,VGND,li1,174.5700,21.7600,0.000001
_3559_,VGND,li1,188.6000,27.2000,0.000001
_3558_,VGND,li1,189.2900,21.7600,0.000003
_3557_,VGND,li1,219.1900,27.2000,0.000005
_3556_,VGND,li1,240.5800,32.6400,0.000011
_3555_,VGND,li1,240.1200,27.2000,0.000005
_3554_,VGND,li1,238.2800,32.6400,0.000012
_3553_,VGND,li1,187.2200,43.5200,0.000001
_3552_,VGND,li1,96.8300,54.4000,0.000003
_3551_,VGND,li1,100.9700,48.9600,0.000000
_3550_,VGND,li1,92.2300,48.9600,0.000000
_3548_,VGND,li1,86.0200,76.1600,0.000002
_3547_,VGND,li1,94.0700,43.5200,0.000002
_3546_,VGND,li1,93.8400,70.7200,0.000001
_3545_,VGND,li1,119.8300,70.7200,0.000002
_3544_,VGND,li1,95.9100,65.2800,0.000001
_3543_,VGND,li1,105.1100,87.0400,0.000014
_3541_,VGND,li1,103.2700,87.0400,0.000017
_3540_,VGND,li1,120.7500,87.0400,0.000007
_3539_,VGND,li1,98.2100,65.2800,0.000001
_3538_,VGND,li1,175.0300,54.4000,0.000003
_3537_,VGND,li1,94.9900,32.6400,0.000002
_3536_,VGND,li1,87.6300,38.0800,0.000001
_3535_,VGND,li1,86.0200,65.2800,0.000001
_3534_,VGND,li1,153.8700,65.2800,0.000002
_3532_,VGND,li1,135.0100,65.2800,0.000001
_3528_,VGND,li1,136.8500,59.8400,0.000003
_3527_,VGND,li1,94.5300,38.0800,0.000001
_3526_,VGND,li1,80.2700,81.6000,0.000002
_3525_,VGND,li1,109.9400,16.3200,0.000002
_3523_,VGND,li1,106.4900,65.2800,0.000000
_3522_,VGND,li1,115.4600,65.2800,0.000000
_3521_,VGND,li1,110.1700,16.3200,0.000002
_3520_,VGND,li1,149.7300,27.2000,0.000001
_3519_,VGND,li1,151.1100,27.2000,0.000001
_3517_,VGND,li1,166.9800,16.3200,0.000002
_3516_,VGND,li1,165.6000,21.7600,0.000001
_3515_,VGND,li1,153.8700,65.2800,0.000002
_3510_,VGND,li1,155.7100,43.5200,0.000000
_3509_,VGND,li1,144.2100,54.4000,0.000012
_3508_,VGND,li1,101.8900,59.8400,0.000001
_3507_,VGND,li1,104.6500,59.8400,0.000001
_3506_,VGND,li1,119.3700,59.8400,0.000002
_3505_,VGND,li1,111.5500,65.2800,0.000000
_3504_,VGND,li1,115.2300,76.1600,0.000001
_3503_,VGND,li1,121.4400,70.7200,0.000002
_3502_,VGND,li1,123.9700,81.6000,0.000001
_3501_,VGND,li1,115.2300,87.0400,0.000008
_3500_,VGND,li1,112.4700,87.0400,0.000009
_3499_,VGND,li1,156.1700,87.0400,0.000002
_3498_,VGND,li1,163.0700,54.4000,0.000005
_3497_,VGND,li1,193.6600,87.0400,0.000001
_3496_,VGND,li1,195.7300,87.0400,0.000001
_3495_,VGND,li1,159.8500,81.6000,0.000003
_3494_,VGND,li1,158.2400,92.4800,0.000006
_3493_,VGND,li1,206.5400,54.4000,0.000003
_3492_,VGND,li1,184.0000,81.6000,0.000003
_3491_,VGND,li1,186.5300,87.0400,0.000002
_3490_,VGND,li1,185.3800,81.6000,0.000003
_3489_,VGND,li1,180.0900,81.6000,0.000003
_3488_,VGND,li1,189.0600,81.6000,0.000003
_3487_,VGND,li1,187.2200,48.9600,0.000001
_3486_,VGND,li1,124.4300,81.6000,0.000001
_3485_,VGND,li1,124.4300,87.0400,0.000006
_3484_,VGND,li1,166.9800,87.0400,0.000001
_3483_,VGND,li1,164.4500,48.9600,0.000000
_3482_,VGND,li1,207.0000,87.0400,0.000001
_3481_,VGND,li1,207.0000,87.0400,0.000001
_3480_,VGND,li1,218.5000,92.4800,0.000024
_3479_,VGND,li1,209.5300,92.4800,0.000034
_3478_,VGND,li1,205.8500,92.4800,0.000038
_3477_,VGND,li1,178.0200,92.4800,0.000016
_3476_,VGND,li1,124.4300,76.1600,0.000001
_3475_,VGND,li1,200.5600,87.0400,0.000001
_3474_,VGND,li1,220.5700,92.4800,0.000022
_3473_,VGND,li1,243.5700,92.4800,0.000014
_3472_,VGND,li1,213.4400,87.0400,0.000001
_3471_,VGND,li1,120.7500,65.2800,0.000001
_3470_,VGND,li1,172.7300,38.0800,0.000000
_3469_,VGND,li1,167.6700,43.5200,0.000000
_3468_,VGND,li1,227.9300,76.1600,0.000002
_3467_,VGND,li1,223.7900,76.1600,0.000003
_3466_,VGND,li1,232.5300,76.1600,0.000002
_3465_,VGND,li1,178.0200,103.3600,0.000004
_3463_,VGND,li1,184.6900,65.2800,0.000008
_3462_,VGND,li1,233.2200,70.7200,0.000003
_3461_,VGND,li1,238.9700,76.1600,0.000003
_3460_,VGND,li1,241.7300,70.7200,0.000003
_3459_,VGND,li1,232.7600,70.7200,0.000002
_3458_,VGND,li1,117.0700,59.8400,0.000002
_3457_,VGND,li1,193.2000,54.4000,0.000002
_3456_,VGND,li1,224.4800,87.0400,0.000001
_3455_,VGND,li1,227.4700,97.9200,0.000003
_3454_,VGND,li1,258.2900,97.9200,0.000004
_3453_,VGND,li1,247.4800,97.9200,0.000005
_3449_,VGND,li1,194.5800,48.9600,0.000001
_3448_,VGND,li1,225.1700,81.6000,0.000004
_3447_,VGND,li1,230.0000,87.0400,0.000001
_3442_,VGND,li1,155.2500,54.4000,0.000008
_3441_,VGND,li1,180.3200,70.7200,0.000007
_3440_,VGND,li1,207.4600,81.6000,0.000005
_3439_,VGND,li1,249.5500,87.0400,0.000002
_3438_,VGND,li1,253.2300,92.4800,0.000013
_3434_,VGND,li1,252.0800,87.0400,0.000002
_3429_,VGND,li1,182.3900,27.2000,0.000001
_3427_,VGND,li1,101.4300,43.5200,0.000001
_3426_,VGND,li1,107.4100,32.6400,0.000001
_3425_,VGND,li1,106.2600,32.6400,0.000001
_3424_,VGND,li1,169.2800,32.6400,0.000002
_3423_,VGND,li1,168.1300,48.9600,0.000000
_3421_,VGND,li1,173.6500,43.5200,0.000000
_3420_,VGND,li1,160.3100,54.4000,0.000006
_3419_,VGND,li1,225.8600,38.0800,0.000001
_3418_,VGND,li1,221.7200,38.0800,0.000001
_3417_,VGND,li1,205.1600,38.0800,0.000000
_3415_,VGND,li1,212.7500,38.0800,0.000000
_3414_,VGND,li1,204.0100,54.4000,0.000003
_3413_,VGND,li1,223.1000,43.5200,0.000007
_3412_,VGND,li1,218.5000,59.8400,0.000005
_3410_,VGND,li1,244.2600,38.0800,0.000002
_3409_,VGND,li1,200.1000,43.5200,0.000002
_3407_,VGND,li1,205.1600,38.0800,0.000000
_3406_,VGND,li1,204.9300,43.5200,0.000003
_3405_,VGND,li1,149.5000,48.9600,0.000000
_3403_,VGND,li1,149.2700,119.6800,0.000005
_3402_,VGND,li1,170.4300,38.0800,0.000000
_3401_,VGND,li1,155.4800,38.0800,0.000000
_3400_,VGND,li1,206.7700,27.2000,0.000003
_3399_,VGND,li1,169.9700,27.2000,0.000001
_3398_,VGND,li1,238.5100,125.1200,0.000019
_3395_,VGND,li1,106.9500,16.3200,0.000002
_3394_,VGND,li1,185.6100,21.7600,0.000002
_3392_,VGND,li1,180.0900,27.2000,0.000001
_3391_,VGND,li1,227.4700,48.9600,0.000003
_3390_,VGND,li1,232.3000,43.5200,0.000011
_3389_,VGND,li1,238.2800,38.0800,0.000001
_3388_,VGND,li1,184.6900,27.2000,0.000001
_3387_,VGND,li1,177.1000,27.2000,0.000001
_3386_,VGND,li1,174.1100,27.2000,0.000001
_3385_,VGND,li1,169.5100,16.3200,0.000002
_3384_,VGND,li1,247.9400,38.0800,0.000002
_3383_,VGND,li1,161.2300,38.0800,0.000000
_3380_,VGND,li1,140.5300,65.2800,0.000001
_3379_,VGND,li1,231.8400,38.0800,0.000001
_3378_,VGND,li1,120.2900,43.5200,0.000000
_3377_,VGND,li1,187.4500,16.3200,0.000004
_3376_,VGND,li1,183.3100,10.8800,0.000000
_3375_,VGND,li1,181.9300,16.3200,0.000003
_3373_,VGND,li1,173.6500,21.7600,0.000001
_3371_,VGND,li1,166.0600,27.2000,0.000001
_3370_,VGND,li1,167.2100,16.3200,0.000002
_3369_,VGND,li1,169.0500,21.7600,0.000001
_3368_,VGND,li1,153.1800,32.6400,0.000001
_3366_,VGND,li1,182.1600,16.3200,0.000003
_3365_,VGND,li1,181.9300,43.5200,0.000001
_3364_,VGND,li1,159.8500,21.7600,0.000001
_3363_,VGND,li1,158.4700,21.7600,0.000001
_3362_,VGND,li1,160.7700,16.3200,0.000003
_3361_,VGND,li1,178.4800,16.3200,0.000003
_3360_,VGND,li1,167.2100,32.6400,0.000001
_3359_,VGND,li1,169.9700,10.8800,0.000000
_3358_,VGND,li1,187.6800,48.9600,0.000001
_3357_,VGND,li1,175.0300,32.6400,0.000003
_3356_,VGND,li1,160.0800,27.2000,0.000001
_3355_,VGND,li1,150.1900,21.7600,0.000001
_3354_,VGND,li1,145.8200,27.2000,0.000001
_3353_,VGND,li1,134.5500,92.4800,0.000002
_3352_,VGND,li1,160.3100,54.4000,0.000006
_3351_,VGND,li1,151.1100,16.3200,0.000002
_3350_,VGND,li1,150.6500,16.3200,0.000002
_3349_,VGND,li1,153.8700,27.2000,0.000001
_3348_,VGND,li1,141.4500,16.3200,0.000001
_3347_,VGND,li1,146.5100,54.4000,0.000011
_3346_,VGND,li1,142.3700,59.8400,0.000003
_3345_,VGND,li1,141.4500,76.1600,0.000001
_3344_,VGND,li1,150.6500,32.6400,0.000001
_3342_,VGND,li1,158.0100,48.9600,0.000000
_3341_,VGND,li1,142.3700,87.0400,0.000002
_3340_,VGND,li1,144.9000,38.0800,0.000000
_3339_,VGND,li1,133.8600,48.9600,0.000000
_3335_,VGND,li1,132.9400,48.9600,0.000000
_3334_,VGND,li1,136.3900,59.8400,0.000003
_3332_,VGND,li1,141.4500,87.0400,0.000002
_3331_,VGND,li1,139.1500,65.2800,0.000001
_3330_,VGND,li1,140.0700,59.8400,0.000002
_3329_,VGND,li1,145.5900,43.5200,0.000000
_3328_,VGND,li1,143.2900,27.2000,0.000001
_3327_,VGND,li1,139.6100,27.2000,0.000001
_3326_,VGND,li1,132.7100,43.5200,0.000000
_3325_,VGND,li1,133.1700,38.0800,0.000000
_3324_,VGND,li1,129.2600,27.2000,0.000003
_3323_,VGND,li1,142.8300,38.0800,0.000000
_3321_,VGND,li1,142.3700,27.2000,0.000001
_3320_,VGND,li1,155.7100,59.8400,0.000006
_3319_,VGND,li1,123.5100,48.9600,0.000000
_3318_,VGND,li1,145.1300,70.7200,0.000004
_3316_,VGND,li1,145.1300,76.1600,0.000002
_3314_,VGND,li1,146.5100,114.2400,0.000004
_3313_,VGND,li1,137.3100,76.1600,0.000001
_3312_,VGND,li1,125.8100,38.0800,0.000000
_3311_,VGND,li1,117.5300,16.3200,0.000001
_3310_,VGND,li1,149.9600,38.0800,0.000000
_3309_,VGND,li1,160.3100,38.0800,0.000000
_3308_,VGND,li1,135.0100,21.7600,0.000001
_3306_,VGND,li1,119.3700,27.2000,0.000004
_3305_,VGND,li1,163.0700,16.3200,0.000003
_3304_,VGND,li1,127.6500,16.3200,0.000001
_3303_,VGND,li1,123.2800,21.7600,0.000001
_3302_,VGND,li1,126.2700,21.7600,0.000001
_3301_,VGND,li1,131.7900,21.7600,0.000001
_3300_,VGND,li1,134.0900,87.0400,0.000004
_3299_,VGND,li1,135.0100,27.2000,0.000002
