Instance,Terminal,Layer,X location,Y location,Voltage
FILLER_108_645,VPWR,li1,307.5100,307.3600,1.800000
FILLER_108_635,VPWR,li1,302.4500,307.3600,1.800000
FILLER_108_632,VPWR,li1,301.5300,307.3600,1.800000
FILLER_108_629,VPWR,li1,300.1500,307.3600,1.800000
FILLER_108_620,VPWR,li1,295.5500,307.3600,1.800000
FILLER_108_617,VPWR,li1,294.6300,307.3600,1.800000
FILLER_108_614,VPWR,li1,293.0200,307.3600,1.800000
FILLER_108_611,VPWR,li1,291.8700,307.3600,1.800000
FILLER_108_608,VPWR,li1,290.4900,307.3600,1.800000
FILLER_108_605,VPWR,li1,289.1100,307.3600,1.800000
FILLER_108_595,VPWR,li1,284.2800,307.3600,1.800000
FILLER_108_592,VPWR,li1,283.1300,307.3600,1.800000
FILLER_108_589,VPWR,li1,281.7500,307.3600,1.800000
FILLER_108_587,VPWR,li1,280.3700,307.3600,1.800000
FILLER_108_584,VPWR,li1,279.4500,307.3600,1.800000
FILLER_108_581,VPWR,li1,278.0700,307.3600,1.800000
FILLER_108_570,VPWR,li1,273.0100,307.3600,1.800000
FILLER_108_567,VPWR,li1,271.6300,307.3600,1.800000
FILLER_108_564,VPWR,li1,270.2500,307.3600,1.800000
FILLER_108_561,VPWR,li1,268.8700,307.3600,1.800000
FILLER_108_557,VPWR,li1,267.0300,307.3600,1.800000
FILLER_108_529,VPWR,li1,254.1500,307.3600,1.800000
FILLER_108_526,VPWR,li1,252.7700,307.3600,1.800000
FILLER_108_516,VPWR,li1,247.7100,307.3600,1.800000
FILLER_108_513,VPWR,li1,246.7900,307.3600,1.800000
FILLER_108_503,VPWR,li1,241.7300,307.3600,1.800000
FILLER_108_494,VPWR,li1,237.5900,307.3600,1.800000
FILLER_108_491,VPWR,li1,236.6700,307.3600,1.800000
FILLER_108_488,VPWR,li1,235.2900,307.3600,1.800000
FILLER_108_485,VPWR,li1,233.9100,307.3600,1.800000
FILLER_108_475,VPWR,li1,228.8500,307.3600,1.800000
FILLER_108_455,VPWR,li1,219.6500,307.3600,1.800000
FILLER_108_452,VPWR,li1,218.7300,307.3600,1.800000
FILLER_108_449,VPWR,li1,217.3500,307.3600,1.800000
FILLER_108_446,VPWR,li1,215.7400,307.3600,1.800000
FILLER_108_443,VPWR,li1,214.5900,307.3600,1.800000
FILLER_108_440,VPWR,li1,213.2100,307.3600,1.800000
FILLER_108_437,VPWR,li1,211.8300,307.3600,1.800000
FILLER_108_427,VPWR,li1,207.0000,307.3600,1.800000
FILLER_108_424,VPWR,li1,205.8500,307.3600,1.800000
FILLER_108_421,VPWR,li1,204.4700,307.3600,1.800000
FILLER_108_419,VPWR,li1,203.0900,307.3600,1.800000
FILLER_108_416,VPWR,li1,202.1700,307.3600,1.800000
FILLER_108_413,VPWR,li1,200.7900,307.3600,1.800000
FILLER_108_402,VPWR,li1,195.7300,307.3600,1.800000
FILLER_108_399,VPWR,li1,194.3500,307.3600,1.800000
FILLER_108_396,VPWR,li1,192.9700,307.3600,1.800000
FILLER_108_393,VPWR,li1,191.5900,307.3600,1.800000
FILLER_108_389,VPWR,li1,189.7500,307.3600,1.800000
FILLER_108_380,VPWR,li1,185.1500,307.3600,1.800000
FILLER_108_377,VPWR,li1,184.2300,307.3600,1.800000
FILLER_108_374,VPWR,li1,182.8500,307.3600,1.800000
FILLER_108_371,VPWR,li1,181.4700,307.3600,1.800000
FILLER_108_368,VPWR,li1,180.0900,307.3600,1.800000
FILLER_108_365,VPWR,li1,178.7100,307.3600,1.800000
FILLER_108_355,VPWR,li1,173.6500,307.3600,1.800000
FILLER_108_352,VPWR,li1,172.7300,307.3600,1.800000
FILLER_108_349,VPWR,li1,171.3500,307.3600,1.800000
FILLER_108_346,VPWR,li1,169.9700,307.3600,1.800000
FILLER_108_337,VPWR,li1,165.3700,307.3600,1.800000
FILLER_108_299,VPWR,li1,147.8900,307.3600,1.800000
FILLER_108_296,VPWR,li1,146.9700,307.3600,1.800000
FILLER_108_284,VPWR,li1,140.9900,307.3600,1.800000
FILLER_108_281,VPWR,li1,140.0700,307.3600,1.800000
FILLER_108_279,VPWR,li1,138.6900,307.3600,1.800000
FILLER_108_276,VPWR,li1,137.7700,307.3600,1.800000
FILLER_108_271,VPWR,li1,135.2400,307.3600,1.800000
FILLER_108_253,VPWR,li1,126.9600,307.3600,1.800000
FILLER_108_250,VPWR,li1,125.5800,307.3600,1.800000
FILLER_108_247,VPWR,li1,124.4300,307.3600,1.800000
FILLER_108_228,VPWR,li1,115.6900,307.3600,1.800000
FILLER_108_225,VPWR,li1,114.3100,307.3600,1.800000
FILLER_108_222,VPWR,li1,112.7000,307.3600,1.800000
FILLER_108_197,VPWR,li1,100.9700,307.3600,1.800000
FILLER_108_186,VPWR,li1,96.1400,307.3600,1.800000
FILLER_108_183,VPWR,li1,94.9900,307.3600,1.800000
FILLER_108_180,VPWR,li1,93.6100,307.3600,1.800000
FILLER_108_177,VPWR,li1,92.2300,307.3600,1.800000
FILLER_108_167,VPWR,li1,87.1700,307.3600,1.800000
FILLER_108_164,VPWR,li1,86.2500,307.3600,1.800000
FILLER_108_161,VPWR,li1,84.8700,307.3600,1.800000
FILLER_108_158,VPWR,li1,83.4900,307.3600,1.800000
FILLER_108_155,VPWR,li1,82.1100,307.3600,1.800000
FILLER_108_152,VPWR,li1,80.7300,307.3600,1.800000
FILLER_108_149,VPWR,li1,79.3500,307.3600,1.800000
FILLER_108_137,VPWR,li1,73.8300,307.3600,1.800000
FILLER_108_134,VPWR,li1,72.4500,307.3600,1.800000
FILLER_108_131,VPWR,li1,71.0700,307.3600,1.800000
FILLER_108_128,VPWR,li1,69.6900,307.3600,1.800000
FILLER_108_125,VPWR,li1,68.3100,307.3600,1.800000
FILLER_108_116,VPWR,li1,63.7100,307.3600,1.800000
FILLER_108_113,VPWR,li1,62.7900,307.3600,1.800000
FILLER_108_109,VPWR,li1,60.9500,307.3600,1.800000
FILLER_108_91,VPWR,li1,52.4400,307.3600,1.800000
FILLER_108_88,VPWR,li1,51.2900,307.3600,1.800000
FILLER_108_85,VPWR,li1,49.9100,307.3600,1.800000
FILLER_108_83,VPWR,li1,48.5300,307.3600,1.800000
FILLER_108_80,VPWR,li1,47.6100,307.3600,1.800000
FILLER_108_77,VPWR,li1,46.2300,307.3600,1.800000
FILLER_108_66,VPWR,li1,41.1700,307.3600,1.800000
FILLER_108_63,VPWR,li1,39.7900,307.3600,1.800000
FILLER_108_60,VPWR,li1,38.4100,307.3600,1.800000
FILLER_108_57,VPWR,li1,37.0300,307.3600,1.800000
FILLER_108_53,VPWR,li1,35.1900,307.3600,1.800000
FILLER_108_44,VPWR,li1,30.5900,307.3600,1.800000
FILLER_108_41,VPWR,li1,29.6700,307.3600,1.800000
FILLER_108_38,VPWR,li1,28.2900,307.3600,1.800000
FILLER_108_35,VPWR,li1,26.9100,307.3600,1.800000
FILLER_108_32,VPWR,li1,25.5300,307.3600,1.800000
FILLER_108_29,VPWR,li1,24.1500,307.3600,1.800000
FILLER_108_19,VPWR,li1,19.0900,307.3600,1.800000
FILLER_107_629,VPWR,li1,300.1500,301.9200,1.799996
FILLER_107_626,VPWR,li1,298.7700,301.9200,1.799996
FILLER_107_623,VPWR,li1,297.3900,301.9200,1.799996
FILLER_107_620,VPWR,li1,296.0100,301.9200,1.799996
FILLER_107_617,VPWR,li1,294.6300,301.9200,1.799996
FILLER_107_581,VPWR,li1,277.6100,301.9200,1.799994
FILLER_107_564,VPWR,li1,269.7900,301.9200,1.799993
FILLER_107_517,VPWR,li1,248.1700,301.9200,1.799992
FILLER_107_514,VPWR,li1,247.2500,301.9200,1.799992
FILLER_107_511,VPWR,li1,245.8700,301.9200,1.799991
FILLER_107_508,VPWR,li1,244.4900,301.9200,1.799991
FILLER_107_461,VPWR,li1,222.4100,301.9200,1.799995
FILLER_107_458,VPWR,li1,221.4900,301.9200,1.799995
FILLER_107_443,VPWR,li1,214.3600,301.9200,1.799995
FILLER_107_440,VPWR,li1,213.2100,301.9200,1.799995
FILLER_107_437,VPWR,li1,211.8300,301.9200,1.799995
FILLER_107_434,VPWR,li1,210.4500,301.9200,1.799995
FILLER_107_419,VPWR,li1,203.3200,301.9200,1.799996
FILLER_107_416,VPWR,li1,202.1700,301.9200,1.799997
FILLER_107_413,VPWR,li1,200.7900,301.9200,1.799997
FILLER_107_405,VPWR,li1,197.1100,301.9200,1.799997
FILLER_107_402,VPWR,li1,195.7300,301.9200,1.799998
FILLER_107_399,VPWR,li1,194.3500,301.9200,1.799998
FILLER_107_396,VPWR,li1,192.9700,301.9200,1.799997
FILLER_107_393,VPWR,li1,191.5900,301.9200,1.799997
FILLER_107_380,VPWR,li1,185.1500,301.9200,1.799996
FILLER_107_377,VPWR,li1,184.2300,301.9200,1.799996
FILLER_107_334,VPWR,li1,164.2200,301.9200,1.799995
FILLER_107_306,VPWR,li1,151.1100,301.9200,1.799992
FILLER_107_303,VPWR,li1,150.1900,301.9200,1.799992
FILLER_107_281,VPWR,li1,139.6100,301.9200,1.799992
FILLER_107_257,VPWR,li1,128.8000,301.9200,1.799991
FILLER_107_254,VPWR,li1,127.6500,301.9200,1.799991
FILLER_107_228,VPWR,li1,115.4600,301.9200,1.799990
FILLER_107_225,VPWR,li1,114.3100,301.9200,1.799990
FILLER_107_178,VPWR,li1,92.2300,301.9200,1.799993
FILLER_107_175,VPWR,li1,91.3100,301.9200,1.799993
FILLER_107_172,VPWR,li1,89.9300,301.9200,1.799993
FILLER_107_169,VPWR,li1,88.5500,301.9200,1.799994
FILLER_107_165,VPWR,li1,86.7100,301.9200,1.799994
FILLER_107_162,VPWR,li1,85.3300,301.9200,1.799994
FILLER_107_153,VPWR,li1,80.7300,301.9200,1.799995
FILLER_107_150,VPWR,li1,79.8100,301.9200,1.799995
FILLER_107_113,VPWR,li1,62.3300,301.9200,1.799994
FILLER_107_109,VPWR,li1,60.9500,301.9200,1.799994
FILLER_107_90,VPWR,li1,51.9800,301.9200,1.799995
FILLER_107_87,VPWR,li1,50.8300,301.9200,1.799996
FILLER_107_84,VPWR,li1,49.4500,301.9200,1.799997
FILLER_107_81,VPWR,li1,48.0700,301.9200,1.799997
FILLER_107_78,VPWR,li1,46.6900,301.9200,1.799997
FILLER_107_75,VPWR,li1,45.3100,301.9200,1.799997
FILLER_107_72,VPWR,li1,43.9300,301.9200,1.799998
FILLER_107_69,VPWR,li1,42.5500,301.9200,1.799998
FILLER_107_66,VPWR,li1,41.1700,301.9200,1.799998
FILLER_107_63,VPWR,li1,39.7900,301.9200,1.799998
FILLER_107_60,VPWR,li1,38.4100,301.9200,1.799998
FILLER_107_57,VPWR,li1,37.0300,301.9200,1.799998
FILLER_107_55,VPWR,li1,35.6500,301.9200,1.799998
FILLER_107_52,VPWR,li1,34.7300,301.9200,1.799999
FILLER_107_49,VPWR,li1,33.3500,301.9200,1.799999
FILLER_107_46,VPWR,li1,31.9700,301.9200,1.799999
FILLER_107_43,VPWR,li1,30.5900,301.9200,1.799999
FILLER_107_40,VPWR,li1,29.2100,301.9200,1.799999
FILLER_107_37,VPWR,li1,27.8300,301.9200,1.799999
FILLER_107_34,VPWR,li1,26.4500,301.9200,1.799999
FILLER_107_31,VPWR,li1,25.0700,301.9200,1.799999
FILLER_107_28,VPWR,li1,23.6900,301.9200,1.799999
FILLER_107_25,VPWR,li1,22.3100,301.9200,1.799999
FILLER_107_22,VPWR,li1,20.9300,301.9200,1.799999
FILLER_106_645,VPWR,li1,307.5100,301.9200,1.799996
FILLER_106_634,VPWR,li1,302.2200,301.9200,1.799996
FILLER_106_631,VPWR,li1,301.0700,301.9200,1.799996
FILLER_106_628,VPWR,li1,299.6900,301.9200,1.799996
FILLER_106_625,VPWR,li1,298.3100,301.9200,1.799996
FILLER_106_622,VPWR,li1,296.9300,301.9200,1.799996
FILLER_106_619,VPWR,li1,295.5500,301.9200,1.799996
FILLER_106_616,VPWR,li1,294.1700,301.9200,1.799996
FILLER_106_613,VPWR,li1,292.7900,301.9200,1.799996
FILLER_106_610,VPWR,li1,291.4100,301.9200,1.799996
FILLER_106_604,VPWR,li1,288.6500,301.9200,1.799996
FILLER_106_601,VPWR,li1,287.2700,301.9200,1.799996
FILLER_106_598,VPWR,li1,285.8900,301.9200,1.799996
FILLER_106_595,VPWR,li1,284.5100,301.9200,1.799996
FILLER_106_589,VPWR,li1,281.2900,301.9200,1.799995
FILLER_106_587,VPWR,li1,280.3700,301.9200,1.799995
FILLER_106_584,VPWR,li1,279.4500,301.9200,1.799995
FILLER_106_581,VPWR,li1,278.0700,301.9200,1.799995
FILLER_106_578,VPWR,li1,276.6900,301.9200,1.799994
FILLER_106_562,VPWR,li1,269.3300,301.9200,1.799993
FILLER_106_559,VPWR,li1,267.9500,301.9200,1.799992
FILLER_106_533,VPWR,li1,255.5300,301.9200,1.799994
FILLER_106_527,VPWR,li1,253.0000,301.9200,1.799993
FILLER_106_524,VPWR,li1,251.8500,301.9200,1.799993
FILLER_106_521,VPWR,li1,250.4700,301.9200,1.799992
FILLER_106_518,VPWR,li1,249.0900,301.9200,1.799992
FILLER_106_488,VPWR,li1,234.8300,301.9200,1.799992
FILLER_106_485,VPWR,li1,233.9100,301.9200,1.799992
FILLER_106_473,VPWR,li1,228.3900,301.9200,1.799994
FILLER_106_463,VPWR,li1,223.3300,301.9200,1.799995
FILLER_106_460,VPWR,li1,222.4100,301.9200,1.799995
FILLER_106_433,VPWR,li1,209.9900,301.9200,1.799995
FILLER_106_430,VPWR,li1,208.6100,301.9200,1.799995
FILLER_106_427,VPWR,li1,207.2300,301.9200,1.799996
FILLER_106_424,VPWR,li1,205.8500,301.9200,1.799996
FILLER_106_421,VPWR,li1,204.4700,301.9200,1.799996
FILLER_106_419,VPWR,li1,203.0900,301.9200,1.799996
FILLER_106_416,VPWR,li1,202.1700,301.9200,1.799997
FILLER_106_402,VPWR,li1,195.5000,301.9200,1.799998
FILLER_106_399,VPWR,li1,194.3500,301.9200,1.799998
FILLER_106_396,VPWR,li1,192.9700,301.9200,1.799997
FILLER_106_393,VPWR,li1,191.5900,301.9200,1.799997
FILLER_106_386,VPWR,li1,187.9100,301.9200,1.799997
FILLER_106_383,VPWR,li1,186.9900,301.9200,1.799997
FILLER_106_380,VPWR,li1,185.6100,301.9200,1.799996
FILLER_106_377,VPWR,li1,184.2300,301.9200,1.799996
FILLER_106_374,VPWR,li1,182.8500,301.9200,1.799996
FILLER_106_371,VPWR,li1,181.4700,301.9200,1.799996
FILLER_106_356,VPWR,li1,174.5700,301.9200,1.799995
FILLER_106_344,VPWR,li1,168.5900,301.9200,1.799994
FILLER_106_321,VPWR,li1,158.2400,301.9200,1.799993
FILLER_106_318,VPWR,li1,157.0900,301.9200,1.799992
FILLER_106_305,VPWR,li1,151.1100,301.9200,1.799992
FILLER_106_302,VPWR,li1,149.7300,301.9200,1.799992
FILLER_106_290,VPWR,li1,144.2100,301.9200,1.799992
FILLER_106_287,VPWR,li1,142.8300,301.9200,1.799992
FILLER_106_277,VPWR,li1,138.0000,301.9200,1.799993
FILLER_106_274,VPWR,li1,136.8500,301.9200,1.799993
FILLER_106_242,VPWR,li1,121.9000,301.9200,1.799990
FILLER_106_167,VPWR,li1,87.6300,301.9200,1.799994
FILLER_106_164,VPWR,li1,86.2500,301.9200,1.799994
FILLER_106_161,VPWR,li1,84.8700,301.9200,1.799994
FILLER_106_141,VPWR,li1,75.4400,301.9200,1.799996
FILLER_106_138,VPWR,li1,74.0600,301.9200,1.799996
FILLER_106_134,VPWR,li1,71.9900,301.9200,1.799995
FILLER_106_131,VPWR,li1,71.0700,301.9200,1.799994
FILLER_106_128,VPWR,li1,69.6900,301.9200,1.799994
FILLER_106_106,VPWR,li1,59.1100,301.9200,1.799994
FILLER_106_103,VPWR,li1,58.1900,301.9200,1.799994
FILLER_106_100,VPWR,li1,56.8100,301.9200,1.799994
FILLER_106_97,VPWR,li1,55.4300,301.9200,1.799995
FILLER_106_94,VPWR,li1,54.0500,301.9200,1.799995
FILLER_106_91,VPWR,li1,52.6700,301.9200,1.799995
FILLER_106_88,VPWR,li1,51.2900,301.9200,1.799996
FILLER_106_85,VPWR,li1,49.9100,301.9200,1.799996
FILLER_106_74,VPWR,li1,44.6200,301.9200,1.799998
FILLER_106_71,VPWR,li1,43.4700,301.9200,1.799998
FILLER_106_68,VPWR,li1,42.0900,301.9200,1.799998
FILLER_106_65,VPWR,li1,40.7100,301.9200,1.799998
FILLER_106_62,VPWR,li1,39.3300,301.9200,1.799998
FILLER_106_59,VPWR,li1,37.9500,301.9200,1.799998
FILLER_106_56,VPWR,li1,36.5700,301.9200,1.799998
FILLER_106_53,VPWR,li1,35.1900,301.9200,1.799998
FILLER_106_50,VPWR,li1,33.8100,301.9200,1.799999
FILLER_106_47,VPWR,li1,32.4300,301.9200,1.799999
FILLER_106_44,VPWR,li1,31.0500,301.9200,1.799999
FILLER_106_41,VPWR,li1,29.6700,301.9200,1.799999
FILLER_106_38,VPWR,li1,28.2900,301.9200,1.799999
FILLER_106_35,VPWR,li1,26.9100,301.9200,1.799999
FILLER_106_32,VPWR,li1,25.5300,301.9200,1.799999
FILLER_106_29,VPWR,li1,24.1500,301.9200,1.799999
FILLER_106_26,VPWR,li1,22.5400,301.9200,1.799999
FILLER_106_23,VPWR,li1,21.3900,301.9200,1.799999
FILLER_106_20,VPWR,li1,20.0100,301.9200,1.799999
FILLER_106_17,VPWR,li1,18.6300,301.9200,1.799999
FILLER_106_14,VPWR,li1,17.2500,301.9200,1.799999
FILLER_105_638,VPWR,li1,304.0600,296.4800,1.799995
FILLER_105_635,VPWR,li1,302.9100,296.4800,1.799995
FILLER_105_632,VPWR,li1,301.5300,296.4800,1.799995
FILLER_105_629,VPWR,li1,300.1500,296.4800,1.799995
FILLER_105_626,VPWR,li1,298.7700,296.4800,1.799995
FILLER_105_623,VPWR,li1,297.3900,296.4800,1.799995
FILLER_105_620,VPWR,li1,296.0100,296.4800,1.799995
FILLER_105_617,VPWR,li1,294.6300,296.4800,1.799995
FILLER_105_614,VPWR,li1,293.0200,296.4800,1.799995
FILLER_105_611,VPWR,li1,291.8700,296.4800,1.799995
FILLER_105_606,VPWR,li1,289.3400,296.4800,1.799995
FILLER_105_603,VPWR,li1,288.1900,296.4800,1.799995
FILLER_105_558,VPWR,li1,267.2600,296.4800,1.799994
FILLER_105_555,VPWR,li1,266.1100,296.4800,1.799994
FILLER_105_552,VPWR,li1,264.7300,296.4800,1.799994
FILLER_105_540,VPWR,li1,258.7500,296.4800,1.799996
FILLER_105_533,VPWR,li1,255.5300,296.4800,1.799996
FILLER_105_523,VPWR,li1,251.1600,296.4800,1.799997
FILLER_105_511,VPWR,li1,245.8700,296.4800,1.799996
FILLER_105_508,VPWR,li1,244.4900,296.4800,1.799997
FILLER_105_505,VPWR,li1,243.1100,296.4800,1.799997
FILLER_105_489,VPWR,li1,235.7500,296.4800,1.799997
FILLER_105_482,VPWR,li1,232.0700,296.4800,1.799998
FILLER_105_479,VPWR,li1,231.1500,296.4800,1.799998
FILLER_105_476,VPWR,li1,229.7700,296.4800,1.799998
FILLER_105_473,VPWR,li1,228.3900,296.4800,1.799998
FILLER_105_470,VPWR,li1,227.0100,296.4800,1.799998
FILLER_105_467,VPWR,li1,225.6300,296.4800,1.799998
FILLER_105_464,VPWR,li1,224.2500,296.4800,1.799998
FILLER_105_461,VPWR,li1,222.8700,296.4800,1.799998
FILLER_105_458,VPWR,li1,221.4900,296.4800,1.799998
FILLER_105_452,VPWR,li1,218.5000,296.4800,1.799997
FILLER_105_449,VPWR,li1,217.3500,296.4800,1.799997
FILLER_105_426,VPWR,li1,206.3100,296.4800,1.799997
FILLER_105_423,VPWR,li1,205.3900,296.4800,1.799997
FILLER_105_420,VPWR,li1,204.0100,296.4800,1.799998
FILLER_105_417,VPWR,li1,202.6300,296.4800,1.799998
FILLER_105_414,VPWR,li1,201.2500,296.4800,1.799998
FILLER_105_411,VPWR,li1,199.8700,296.4800,1.799998
FILLER_105_408,VPWR,li1,198.4900,296.4800,1.799998
FILLER_105_405,VPWR,li1,197.1100,296.4800,1.799998
FILLER_105_402,VPWR,li1,195.7300,296.4800,1.799998
FILLER_105_399,VPWR,li1,194.3500,296.4800,1.799998
FILLER_105_396,VPWR,li1,192.9700,296.4800,1.799998
FILLER_105_393,VPWR,li1,191.5900,296.4800,1.799998
FILLER_105_391,VPWR,li1,190.2100,296.4800,1.799998
FILLER_105_383,VPWR,li1,186.9900,296.4800,1.799997
FILLER_105_368,VPWR,li1,179.8600,296.4800,1.799997
FILLER_105_365,VPWR,li1,178.7100,296.4800,1.799997
FILLER_105_362,VPWR,li1,177.3300,296.4800,1.799996
FILLER_105_359,VPWR,li1,175.9500,296.4800,1.799996
FILLER_105_356,VPWR,li1,174.5700,296.4800,1.799996
FILLER_105_353,VPWR,li1,173.1900,296.4800,1.799996
FILLER_105_350,VPWR,li1,171.8100,296.4800,1.799996
FILLER_105_347,VPWR,li1,170.4300,296.4800,1.799996
FILLER_105_343,VPWR,li1,168.1300,296.4800,1.799996
FILLER_105_340,VPWR,li1,167.2100,296.4800,1.799995
FILLER_105_337,VPWR,li1,165.8300,296.4800,1.799995
FILLER_105_334,VPWR,li1,164.2200,296.4800,1.799995
FILLER_105_325,VPWR,li1,159.8500,296.4800,1.799993
FILLER_105_314,VPWR,li1,155.0200,296.4800,1.799989
FILLER_105_311,VPWR,li1,153.8700,296.4800,1.799989
FILLER_105_308,VPWR,li1,152.4900,296.4800,1.799988
FILLER_105_305,VPWR,li1,151.1100,296.4800,1.799987
FILLER_105_302,VPWR,li1,149.7300,296.4800,1.799987
FILLER_105_299,VPWR,li1,148.3500,296.4800,1.799986
FILLER_105_296,VPWR,li1,146.9700,296.4800,1.799986
FILLER_105_293,VPWR,li1,145.5900,296.4800,1.799985
FILLER_105_290,VPWR,li1,144.2100,296.4800,1.799984
FILLER_105_287,VPWR,li1,142.8300,296.4800,1.799984
FILLER_105_278,VPWR,li1,138.4600,296.4800,1.799982
FILLER_105_275,VPWR,li1,137.3100,296.4800,1.799982
FILLER_105_266,VPWR,li1,132.9400,296.4800,1.799987
FILLER_105_237,VPWR,li1,119.6000,296.4800,1.799990
FILLER_105_234,VPWR,li1,118.4500,296.4800,1.799991
FILLER_105_231,VPWR,li1,117.0700,296.4800,1.799991
FILLER_105_228,VPWR,li1,115.6900,296.4800,1.799992
FILLER_105_225,VPWR,li1,114.3100,296.4800,1.799992
FILLER_105_221,VPWR,li1,112.4700,296.4800,1.799993
FILLER_105_218,VPWR,li1,111.0900,296.4800,1.799994
FILLER_105_215,VPWR,li1,109.7100,296.4800,1.799994
FILLER_105_212,VPWR,li1,108.3300,296.4800,1.799996
FILLER_105_209,VPWR,li1,106.9500,296.4800,1.799996
FILLER_105_206,VPWR,li1,105.5700,296.4800,1.799997
FILLER_105_203,VPWR,li1,104.1900,296.4800,1.799997
FILLER_105_200,VPWR,li1,102.8100,296.4800,1.799997
FILLER_105_197,VPWR,li1,101.4300,296.4800,1.799997
FILLER_105_194,VPWR,li1,100.0500,296.4800,1.799997
FILLER_105_179,VPWR,li1,92.6900,296.4800,1.799997
FILLER_105_169,VPWR,li1,88.5500,296.4800,1.799997
FILLER_105_166,VPWR,li1,86.9400,296.4800,1.799997
FILLER_105_163,VPWR,li1,85.7900,296.4800,1.799997
FILLER_105_151,VPWR,li1,80.2700,296.4800,1.799998
FILLER_105_148,VPWR,li1,78.8900,296.4800,1.799998
FILLER_105_145,VPWR,li1,77.5100,296.4800,1.799998
FILLER_105_142,VPWR,li1,76.1300,296.4800,1.799998
FILLER_105_139,VPWR,li1,74.7500,296.4800,1.799997
FILLER_105_130,VPWR,li1,70.1500,296.4800,1.799996
FILLER_105_127,VPWR,li1,69.2300,296.4800,1.799996
FILLER_105_121,VPWR,li1,66.0100,296.4800,1.799995
FILLER_105_110,VPWR,li1,61.1800,296.4800,1.799994
FILLER_105_107,VPWR,li1,60.0300,296.4800,1.799994
FILLER_105_104,VPWR,li1,58.6500,296.4800,1.799994
FILLER_105_95,VPWR,li1,54.0500,296.4800,1.799994
FILLER_105_92,VPWR,li1,53.1300,296.4800,1.799994
FILLER_105_75,VPWR,li1,44.8500,296.4800,1.799996
FILLER_105_72,VPWR,li1,43.9300,296.4800,1.799996
FILLER_105_69,VPWR,li1,42.5500,296.4800,1.799996
FILLER_105_66,VPWR,li1,41.1700,296.4800,1.799996
FILLER_105_57,VPWR,li1,36.5700,296.4800,1.799995
FILLER_105_53,VPWR,li1,35.1900,296.4800,1.799996
FILLER_105_50,VPWR,li1,33.8100,296.4800,1.799996
FILLER_105_47,VPWR,li1,32.4300,296.4800,1.799996
FILLER_105_44,VPWR,li1,31.0500,296.4800,1.799996
FILLER_105_41,VPWR,li1,29.6700,296.4800,1.799997
FILLER_105_38,VPWR,li1,28.2900,296.4800,1.799997
FILLER_105_35,VPWR,li1,26.9100,296.4800,1.799997
FILLER_105_32,VPWR,li1,25.5300,296.4800,1.799997
FILLER_105_29,VPWR,li1,24.1500,296.4800,1.799997
FILLER_105_26,VPWR,li1,22.7700,296.4800,1.799997
FILLER_105_23,VPWR,li1,21.3900,296.4800,1.799998
FILLER_105_20,VPWR,li1,20.0100,296.4800,1.799998
FILLER_105_17,VPWR,li1,18.6300,296.4800,1.799998
FILLER_105_14,VPWR,li1,17.2500,296.4800,1.799998
FILLER_105_11,VPWR,li1,15.8700,296.4800,1.799999
FILLER_104_645,VPWR,li1,307.5100,296.4800,1.799995
FILLER_104_641,VPWR,li1,305.6700,296.4800,1.799995
FILLER_104_638,VPWR,li1,304.2900,296.4800,1.799995
FILLER_104_635,VPWR,li1,302.9100,296.4800,1.799995
FILLER_104_632,VPWR,li1,301.5300,296.4800,1.799995
FILLER_104_629,VPWR,li1,300.1500,296.4800,1.799995
FILLER_104_626,VPWR,li1,298.7700,296.4800,1.799995
FILLER_104_623,VPWR,li1,297.3900,296.4800,1.799995
FILLER_104_620,VPWR,li1,296.0100,296.4800,1.799995
FILLER_104_598,VPWR,li1,285.4300,296.4800,1.799996
FILLER_104_595,VPWR,li1,284.5100,296.4800,1.799996
FILLER_104_592,VPWR,li1,283.1300,296.4800,1.799996
FILLER_104_589,VPWR,li1,281.7500,296.4800,1.799995
FILLER_104_586,VPWR,li1,280.1400,296.4800,1.799995
FILLER_104_583,VPWR,li1,278.9900,296.4800,1.799995
FILLER_104_577,VPWR,li1,276.2300,296.4800,1.799994
FILLER_104_574,VPWR,li1,274.8500,296.4800,1.799994
FILLER_104_571,VPWR,li1,273.4700,296.4800,1.799994
FILLER_104_548,VPWR,li1,262.6600,296.4800,1.799995
FILLER_104_545,VPWR,li1,261.5100,296.4800,1.799995
FILLER_104_542,VPWR,li1,260.1300,296.4800,1.799995
FILLER_104_539,VPWR,li1,258.7500,296.4800,1.799996
FILLER_104_536,VPWR,li1,257.3700,296.4800,1.799996
FILLER_104_533,VPWR,li1,255.9900,296.4800,1.799996
FILLER_104_510,VPWR,li1,244.9500,296.4800,1.799997
FILLER_104_507,VPWR,li1,244.0300,296.4800,1.799997
FILLER_104_497,VPWR,li1,239.2000,296.4800,1.799997
FILLER_104_494,VPWR,li1,238.0500,296.4800,1.799997
FILLER_104_491,VPWR,li1,236.6700,296.4800,1.799997
FILLER_104_488,VPWR,li1,235.2900,296.4800,1.799997
FILLER_104_485,VPWR,li1,233.9100,296.4800,1.799997
FILLER_104_472,VPWR,li1,227.4700,296.4800,1.799998
FILLER_104_469,VPWR,li1,226.5500,296.4800,1.799998
FILLER_104_462,VPWR,li1,222.8700,296.4800,1.799998
FILLER_104_459,VPWR,li1,221.9500,296.4800,1.799998
FILLER_104_433,VPWR,li1,209.5300,296.4800,1.799997
FILLER_104_430,VPWR,li1,208.6100,296.4800,1.799997
FILLER_104_427,VPWR,li1,207.2300,296.4800,1.799997
FILLER_104_424,VPWR,li1,205.8500,296.4800,1.799997
FILLER_104_421,VPWR,li1,204.4700,296.4800,1.799997
FILLER_104_417,VPWR,li1,202.6300,296.4800,1.799998
FILLER_104_414,VPWR,li1,201.2500,296.4800,1.799998
FILLER_104_411,VPWR,li1,199.8700,296.4800,1.799998
FILLER_104_408,VPWR,li1,198.4900,296.4800,1.799998
FILLER_104_405,VPWR,li1,197.1100,296.4800,1.799998
FILLER_104_402,VPWR,li1,195.7300,296.4800,1.799998
FILLER_104_392,VPWR,li1,190.9000,296.4800,1.799998
FILLER_104_389,VPWR,li1,189.7500,296.4800,1.799998
FILLER_104_386,VPWR,li1,188.3700,296.4800,1.799998
FILLER_104_383,VPWR,li1,186.9900,296.4800,1.799997
FILLER_104_380,VPWR,li1,185.6100,296.4800,1.799997
FILLER_104_377,VPWR,li1,184.2300,296.4800,1.799997
FILLER_104_374,VPWR,li1,182.8500,296.4800,1.799997
FILLER_104_371,VPWR,li1,181.4700,296.4800,1.799997
FILLER_104_356,VPWR,li1,174.5700,296.4800,1.799996
FILLER_104_353,VPWR,li1,173.1900,296.4800,1.799996
FILLER_104_350,VPWR,li1,171.8100,296.4800,1.799996
FILLER_104_333,VPWR,li1,163.7600,296.4800,1.799995
FILLER_104_309,VPWR,li1,152.9500,296.4800,1.799988
FILLER_104_307,VPWR,li1,151.5700,296.4800,1.799988
FILLER_104_297,VPWR,li1,147.2000,296.4800,1.799986
FILLER_104_294,VPWR,li1,146.0500,296.4800,1.799985
FILLER_104_291,VPWR,li1,144.6700,296.4800,1.799985
FILLER_104_288,VPWR,li1,143.2900,296.4800,1.799984
FILLER_104_265,VPWR,li1,132.7100,296.4800,1.799987
FILLER_104_262,VPWR,li1,131.3300,296.4800,1.799987
FILLER_104_253,VPWR,li1,126.7300,296.4800,1.799988
FILLER_104_249,VPWR,li1,125.3500,296.4800,1.799988
FILLER_104_246,VPWR,li1,123.9700,296.4800,1.799989
FILLER_104_243,VPWR,li1,122.5900,296.4800,1.799989
FILLER_104_240,VPWR,li1,121.2100,296.4800,1.799990
FILLER_104_237,VPWR,li1,119.8300,296.4800,1.799990
FILLER_104_234,VPWR,li1,118.4500,296.4800,1.799991
FILLER_104_231,VPWR,li1,117.0700,296.4800,1.799991
FILLER_104_221,VPWR,li1,112.2400,296.4800,1.799993
FILLER_104_218,VPWR,li1,111.0900,296.4800,1.799994
FILLER_104_206,VPWR,li1,105.3400,296.4800,1.799997
FILLER_104_203,VPWR,li1,104.1900,296.4800,1.799997
FILLER_104_200,VPWR,li1,102.8100,296.4800,1.799997
FILLER_104_197,VPWR,li1,101.4300,296.4800,1.799997
FILLER_104_195,VPWR,li1,100.0500,296.4800,1.799997
FILLER_104_192,VPWR,li1,99.1300,296.4800,1.799997
FILLER_104_183,VPWR,li1,94.5300,296.4800,1.799997
FILLER_104_180,VPWR,li1,93.6100,296.4800,1.799997
FILLER_104_177,VPWR,li1,92.2300,296.4800,1.799997
FILLER_104_174,VPWR,li1,90.8500,296.4800,1.799997
FILLER_104_171,VPWR,li1,89.4700,296.4800,1.799997
FILLER_104_168,VPWR,li1,88.0900,296.4800,1.799997
FILLER_104_165,VPWR,li1,86.7100,296.4800,1.799997
FILLER_104_162,VPWR,li1,85.3300,296.4800,1.799997
FILLER_104_159,VPWR,li1,83.9500,296.4800,1.799997
FILLER_104_156,VPWR,li1,82.5700,296.4800,1.799998
FILLER_104_153,VPWR,li1,81.1900,296.4800,1.799998
FILLER_104_150,VPWR,li1,79.8100,296.4800,1.799998
FILLER_104_147,VPWR,li1,78.4300,296.4800,1.799998
FILLER_104_144,VPWR,li1,77.0500,296.4800,1.799998
FILLER_104_141,VPWR,li1,75.6700,296.4800,1.799998
FILLER_104_85,VPWR,li1,49.9100,296.4800,1.799995
FILLER_104_66,VPWR,li1,40.7100,296.4800,1.799996
FILLER_104_38,VPWR,li1,28.2900,296.4800,1.799997
FILLER_104_35,VPWR,li1,26.9100,296.4800,1.799997
FILLER_104_32,VPWR,li1,25.5300,296.4800,1.799997
FILLER_104_29,VPWR,li1,24.1500,296.4800,1.799997
FILLER_104_26,VPWR,li1,22.5400,296.4800,1.799997
FILLER_104_23,VPWR,li1,21.3900,296.4800,1.799998
FILLER_104_20,VPWR,li1,20.0100,296.4800,1.799998
FILLER_104_17,VPWR,li1,18.6300,296.4800,1.799998
FILLER_104_14,VPWR,li1,17.2500,296.4800,1.799998
FILLER_104_11,VPWR,li1,15.8700,296.4800,1.799999
FILLER_103_647,VPWR,li1,307.9700,291.0400,1.799996
FILLER_103_644,VPWR,li1,307.0500,291.0400,1.799996
FILLER_103_641,VPWR,li1,305.6700,291.0400,1.799996
FILLER_103_638,VPWR,li1,304.2900,291.0400,1.799996
FILLER_103_635,VPWR,li1,302.9100,291.0400,1.799996
FILLER_103_632,VPWR,li1,301.5300,291.0400,1.799996
FILLER_103_629,VPWR,li1,300.1500,291.0400,1.799996
FILLER_103_626,VPWR,li1,298.7700,291.0400,1.799996
FILLER_103_623,VPWR,li1,297.3900,291.0400,1.799996
FILLER_103_620,VPWR,li1,296.0100,291.0400,1.799996
FILLER_103_617,VPWR,li1,294.6300,291.0400,1.799996
FILLER_103_594,VPWR,li1,283.5900,291.0400,1.799997
FILLER_103_591,VPWR,li1,282.6700,291.0400,1.799997
FILLER_103_588,VPWR,li1,281.2900,291.0400,1.799997
FILLER_103_585,VPWR,li1,279.9100,291.0400,1.799997
FILLER_103_576,VPWR,li1,275.3100,291.0400,1.799996
FILLER_103_573,VPWR,li1,274.3900,291.0400,1.799996
FILLER_103_570,VPWR,li1,273.0100,291.0400,1.799996
FILLER_103_567,VPWR,li1,271.6300,291.0400,1.799996
FILLER_103_564,VPWR,li1,270.2500,291.0400,1.799997
FILLER_103_557,VPWR,li1,267.0300,291.0400,1.799997
FILLER_103_554,VPWR,li1,265.6500,291.0400,1.799997
FILLER_103_551,VPWR,li1,264.2700,291.0400,1.799997
FILLER_103_548,VPWR,li1,262.8900,291.0400,1.799998
FILLER_103_528,VPWR,li1,253.6900,291.0400,1.799998
FILLER_103_523,VPWR,li1,251.1600,291.0400,1.799998
FILLER_103_511,VPWR,li1,245.8700,291.0400,1.799998
FILLER_103_508,VPWR,li1,244.4900,291.0400,1.799998
FILLER_103_505,VPWR,li1,243.1100,291.0400,1.799998
FILLER_103_502,VPWR,li1,241.5000,291.0400,1.799998
FILLER_103_499,VPWR,li1,240.3500,291.0400,1.799998
FILLER_103_496,VPWR,li1,238.9700,291.0400,1.799998
FILLER_103_493,VPWR,li1,237.5900,291.0400,1.799998
FILLER_103_461,VPWR,li1,222.6400,291.0400,1.799997
FILLER_103_449,VPWR,li1,217.3500,291.0400,1.799997
FILLER_103_429,VPWR,li1,207.9200,291.0400,1.799997
FILLER_103_426,VPWR,li1,206.7700,291.0400,1.799997
FILLER_103_408,VPWR,li1,198.4900,291.0400,1.799998
FILLER_103_405,VPWR,li1,197.1100,291.0400,1.799998
FILLER_103_402,VPWR,li1,195.7300,291.0400,1.799998
FILLER_103_399,VPWR,li1,194.3500,291.0400,1.799999
FILLER_103_396,VPWR,li1,192.9700,291.0400,1.799999
FILLER_103_393,VPWR,li1,191.5900,291.0400,1.799999
FILLER_103_389,VPWR,li1,189.7500,291.0400,1.799998
FILLER_103_379,VPWR,li1,185.1500,291.0400,1.799998
FILLER_103_376,VPWR,li1,183.7700,291.0400,1.799998
FILLER_103_373,VPWR,li1,182.3900,291.0400,1.799998
FILLER_103_370,VPWR,li1,181.0100,291.0400,1.799998
FILLER_103_367,VPWR,li1,179.6300,291.0400,1.799998
FILLER_103_364,VPWR,li1,178.2500,291.0400,1.799998
FILLER_103_355,VPWR,li1,173.6500,291.0400,1.799998
FILLER_103_352,VPWR,li1,172.7300,291.0400,1.799998
FILLER_103_349,VPWR,li1,171.3500,291.0400,1.799998
FILLER_103_346,VPWR,li1,169.9700,291.0400,1.799998
FILLER_103_343,VPWR,li1,168.5900,291.0400,1.799998
FILLER_103_340,VPWR,li1,167.2100,291.0400,1.799998
FILLER_103_337,VPWR,li1,165.8300,291.0400,1.799998
FILLER_103_335,VPWR,li1,164.4500,291.0400,1.799998
FILLER_103_332,VPWR,li1,163.5300,291.0400,1.799998
FILLER_103_317,VPWR,li1,156.6300,291.0400,1.799998
FILLER_103_314,VPWR,li1,155.2500,291.0400,1.799998
FILLER_103_311,VPWR,li1,153.8700,291.0400,1.799998
FILLER_103_308,VPWR,li1,152.4900,291.0400,1.799998
FILLER_103_305,VPWR,li1,151.1100,291.0400,1.799998
FILLER_103_302,VPWR,li1,149.7300,291.0400,1.799998
FILLER_103_299,VPWR,li1,148.3500,291.0400,1.799998
FILLER_103_296,VPWR,li1,146.9700,291.0400,1.799998
FILLER_103_293,VPWR,li1,145.5900,291.0400,1.799998
FILLER_103_290,VPWR,li1,144.2100,291.0400,1.799998
FILLER_103_278,VPWR,li1,138.4600,291.0400,1.799998
FILLER_103_256,VPWR,li1,128.1100,291.0400,1.799997
FILLER_103_251,VPWR,li1,126.0400,291.0400,1.799997
FILLER_103_240,VPWR,li1,120.9800,291.0400,1.799997
FILLER_103_237,VPWR,li1,119.8300,291.0400,1.799997
FILLER_103_225,VPWR,li1,114.0800,291.0400,1.799997
FILLER_103_222,VPWR,li1,112.7000,291.0400,1.799997
FILLER_103_219,VPWR,li1,111.5500,291.0400,1.799997
FILLER_103_216,VPWR,li1,110.1700,291.0400,1.799997
FILLER_103_203,VPWR,li1,104.1900,291.0400,1.799997
FILLER_103_200,VPWR,li1,102.8100,291.0400,1.799996
FILLER_103_197,VPWR,li1,101.4300,291.0400,1.799996
FILLER_103_194,VPWR,li1,100.0500,291.0400,1.799995
FILLER_103_191,VPWR,li1,98.6700,291.0400,1.799995
FILLER_103_188,VPWR,li1,97.2900,291.0400,1.799994
FILLER_103_178,VPWR,li1,92.6900,291.0400,1.799993
FILLER_103_175,VPWR,li1,91.3100,291.0400,1.799992
FILLER_103_172,VPWR,li1,89.9300,291.0400,1.799992
FILLER_103_169,VPWR,li1,88.5500,291.0400,1.799991
FILLER_103_165,VPWR,li1,86.7100,291.0400,1.799990
FILLER_103_162,VPWR,li1,85.3300,291.0400,1.799990
FILLER_103_159,VPWR,li1,83.9500,291.0400,1.799989
FILLER_103_156,VPWR,li1,82.5700,291.0400,1.799989
FILLER_103_148,VPWR,li1,78.4300,291.0400,1.799987
FILLER_103_145,VPWR,li1,77.5100,291.0400,1.799987
FILLER_103_122,VPWR,li1,66.9300,291.0400,1.799982
FILLER_103_113,VPWR,li1,62.3300,291.0400,1.799984
FILLER_103_111,VPWR,li1,61.4100,291.0400,1.799984
FILLER_103_108,VPWR,li1,60.4900,291.0400,1.799985
FILLER_103_105,VPWR,li1,59.1100,291.0400,1.799985
FILLER_103_95,VPWR,li1,54.2800,291.0400,1.799989
FILLER_103_92,VPWR,li1,53.1300,291.0400,1.799989
FILLER_103_73,VPWR,li1,44.1600,291.0400,1.799994
FILLER_103_70,VPWR,li1,43.0100,291.0400,1.799994
FILLER_103_60,VPWR,li1,37.9500,291.0400,1.799994
FILLER_103_57,VPWR,li1,37.0300,291.0400,1.799994
FILLER_103_55,VPWR,li1,35.6500,291.0400,1.799994
FILLER_103_52,VPWR,li1,34.7300,291.0400,1.799994
FILLER_103_33,VPWR,li1,25.9900,291.0400,1.799995
FILLER_103_30,VPWR,li1,24.6100,291.0400,1.799995
FILLER_103_27,VPWR,li1,23.2300,291.0400,1.799996
FILLER_103_24,VPWR,li1,21.8500,291.0400,1.799996
FILLER_103_21,VPWR,li1,20.4700,291.0400,1.799997
FILLER_103_18,VPWR,li1,19.0900,291.0400,1.799997
FILLER_103_15,VPWR,li1,17.7100,291.0400,1.799997
FILLER_103_12,VPWR,li1,16.3300,291.0400,1.799997
FILLER_103_9,VPWR,li1,14.9500,291.0400,1.799998
FILLER_103_6,VPWR,li1,13.5700,291.0400,1.799998
FILLER_103_3,VPWR,li1,12.1900,291.0400,1.799998
FILLER_102_645,VPWR,li1,307.5100,291.0400,1.799996
FILLER_102_642,VPWR,li1,305.9000,291.0400,1.799996
FILLER_102_639,VPWR,li1,304.7500,291.0400,1.799996
FILLER_102_636,VPWR,li1,303.3700,291.0400,1.799996
FILLER_102_633,VPWR,li1,301.9900,291.0400,1.799996
FILLER_102_630,VPWR,li1,300.6100,291.0400,1.799996
FILLER_102_627,VPWR,li1,299.2300,291.0400,1.799996
FILLER_102_624,VPWR,li1,297.8500,291.0400,1.799996
FILLER_102_621,VPWR,li1,296.4700,291.0400,1.799996
FILLER_102_618,VPWR,li1,295.0900,291.0400,1.799996
FILLER_102_615,VPWR,li1,293.7100,291.0400,1.799996
FILLER_102_612,VPWR,li1,292.3300,291.0400,1.799996
FILLER_102_595,VPWR,li1,284.5100,291.0400,1.799997
FILLER_102_587,VPWR,li1,280.3700,291.0400,1.799997
FILLER_102_564,VPWR,li1,270.0200,291.0400,1.799997
FILLER_102_561,VPWR,li1,268.8700,291.0400,1.799997
FILLER_102_551,VPWR,li1,264.0400,291.0400,1.799997
FILLER_102_548,VPWR,li1,262.8900,291.0400,1.799998
FILLER_102_545,VPWR,li1,261.5100,291.0400,1.799998
FILLER_102_542,VPWR,li1,260.1300,291.0400,1.799998
FILLER_102_539,VPWR,li1,258.7500,291.0400,1.799998
FILLER_102_536,VPWR,li1,257.3700,291.0400,1.799998
FILLER_102_533,VPWR,li1,255.9900,291.0400,1.799998
FILLER_102_529,VPWR,li1,254.1500,291.0400,1.799999
FILLER_102_526,VPWR,li1,252.7700,291.0400,1.799998
FILLER_102_523,VPWR,li1,251.3900,291.0400,1.799998
FILLER_102_520,VPWR,li1,250.0100,291.0400,1.799998
FILLER_102_517,VPWR,li1,248.6300,291.0400,1.799998
FILLER_102_514,VPWR,li1,247.2500,291.0400,1.799998
FILLER_102_511,VPWR,li1,245.8700,291.0400,1.799998
FILLER_102_508,VPWR,li1,244.4900,291.0400,1.799998
FILLER_102_499,VPWR,li1,239.8900,291.0400,1.799998
FILLER_102_496,VPWR,li1,238.9700,291.0400,1.799998
FILLER_102_493,VPWR,li1,237.5900,291.0400,1.799998
FILLER_102_490,VPWR,li1,236.2100,291.0400,1.799998
FILLER_102_487,VPWR,li1,234.8300,291.0400,1.799998
FILLER_102_477,VPWR,li1,230.0000,291.0400,1.799997
FILLER_102_475,VPWR,li1,228.8500,291.0400,1.799997
FILLER_102_472,VPWR,li1,227.9300,291.0400,1.799997
FILLER_102_469,VPWR,li1,226.5500,291.0400,1.799998
FILLER_102_466,VPWR,li1,225.1700,291.0400,1.799998
FILLER_102_463,VPWR,li1,223.7900,291.0400,1.799997
FILLER_102_460,VPWR,li1,222.4100,291.0400,1.799997
FILLER_102_457,VPWR,li1,221.0300,291.0400,1.799997
FILLER_102_454,VPWR,li1,219.6500,291.0400,1.799997
FILLER_102_451,VPWR,li1,218.2700,291.0400,1.799997
FILLER_102_448,VPWR,li1,216.8900,291.0400,1.799997
FILLER_102_424,VPWR,li1,205.8500,291.0400,1.799997
FILLER_102_421,VPWR,li1,204.4700,291.0400,1.799997
FILLER_102_419,VPWR,li1,203.0900,291.0400,1.799997
FILLER_102_416,VPWR,li1,202.1700,291.0400,1.799998
FILLER_102_413,VPWR,li1,200.7900,291.0400,1.799998
FILLER_102_410,VPWR,li1,199.4100,291.0400,1.799998
FILLER_102_407,VPWR,li1,198.0300,291.0400,1.799998
FILLER_102_398,VPWR,li1,193.6600,291.0400,1.799999
FILLER_102_395,VPWR,li1,192.5100,291.0400,1.799999
FILLER_102_392,VPWR,li1,191.1300,291.0400,1.799998
FILLER_102_382,VPWR,li1,186.3000,291.0400,1.799998
FILLER_102_379,VPWR,li1,185.1500,291.0400,1.799998
FILLER_102_376,VPWR,li1,183.7700,291.0400,1.799998
FILLER_102_373,VPWR,li1,182.3900,291.0400,1.799998
FILLER_102_363,VPWR,li1,177.3300,291.0400,1.799998
FILLER_102_330,VPWR,li1,162.6100,291.0400,1.799998
FILLER_102_327,VPWR,li1,161.2300,291.0400,1.799998
FILLER_102_324,VPWR,li1,159.8500,291.0400,1.799998
FILLER_102_321,VPWR,li1,158.4700,291.0400,1.799998
FILLER_102_318,VPWR,li1,157.0900,291.0400,1.799998
FILLER_102_315,VPWR,li1,155.7100,291.0400,1.799998
FILLER_102_312,VPWR,li1,154.3300,291.0400,1.799998
FILLER_102_309,VPWR,li1,152.9500,291.0400,1.799998
FILLER_102_299,VPWR,li1,147.8900,291.0400,1.799998
FILLER_102_296,VPWR,li1,146.9700,291.0400,1.799998
FILLER_102_293,VPWR,li1,145.5900,291.0400,1.799998
FILLER_102_290,VPWR,li1,144.2100,291.0400,1.799998
FILLER_102_280,VPWR,li1,139.6100,291.0400,1.799998
FILLER_102_270,VPWR,li1,134.7800,291.0400,1.799997
FILLER_102_259,VPWR,li1,129.4900,291.0400,1.799997
FILLER_102_256,VPWR,li1,128.5700,291.0400,1.799997
FILLER_102_253,VPWR,li1,127.1900,291.0400,1.799997
FILLER_102_251,VPWR,li1,125.8100,291.0400,1.799997
FILLER_102_248,VPWR,li1,124.8900,291.0400,1.799997
FILLER_102_238,VPWR,li1,120.0600,291.0400,1.799997
FILLER_102_235,VPWR,li1,118.9100,291.0400,1.799997
FILLER_102_232,VPWR,li1,117.5300,291.0400,1.799997
FILLER_102_229,VPWR,li1,116.1500,291.0400,1.799997
FILLER_102_226,VPWR,li1,114.7700,291.0400,1.799997
FILLER_102_223,VPWR,li1,113.3900,291.0400,1.799997
FILLER_102_220,VPWR,li1,112.0100,291.0400,1.799997
FILLER_102_209,VPWR,li1,106.9500,291.0400,1.799997
FILLER_102_190,VPWR,li1,97.7500,291.0400,1.799994
FILLER_102_187,VPWR,li1,96.8300,291.0400,1.799994
FILLER_102_180,VPWR,li1,93.3800,291.0400,1.799993
FILLER_102_177,VPWR,li1,92.2300,291.0400,1.799993
FILLER_102_174,VPWR,li1,90.8500,291.0400,1.799992
FILLER_102_165,VPWR,li1,86.4800,291.0400,1.799990
FILLER_102_162,VPWR,li1,85.3300,291.0400,1.799990
FILLER_102_159,VPWR,li1,83.9500,291.0400,1.799989
FILLER_102_156,VPWR,li1,82.5700,291.0400,1.799989
FILLER_102_153,VPWR,li1,81.1900,291.0400,1.799988
FILLER_102_150,VPWR,li1,79.8100,291.0400,1.799988
FILLER_102_147,VPWR,li1,78.4300,291.0400,1.799987
FILLER_102_144,VPWR,li1,77.0500,291.0400,1.799987
FILLER_102_141,VPWR,li1,75.6700,291.0400,1.799986
FILLER_102_124,VPWR,li1,67.3900,291.0400,1.799982
FILLER_102_97,VPWR,li1,54.9700,291.0400,1.799988
FILLER_102_94,VPWR,li1,54.0500,291.0400,1.799989
FILLER_102_91,VPWR,li1,52.6700,291.0400,1.799990
FILLER_102_88,VPWR,li1,51.2900,291.0400,1.799990
FILLER_102_85,VPWR,li1,49.9100,291.0400,1.799991
FILLER_102_83,VPWR,li1,48.5300,291.0400,1.799991
FILLER_102_73,VPWR,li1,44.1600,291.0400,1.799994
FILLER_102_55,VPWR,li1,35.6500,291.0400,1.799994
FILLER_102_52,VPWR,li1,34.7300,291.0400,1.799994
FILLER_102_32,VPWR,li1,25.5300,291.0400,1.799995
FILLER_102_29,VPWR,li1,24.1500,291.0400,1.799995
FILLER_102_27,VPWR,li1,22.7700,291.0400,1.799996
FILLER_102_24,VPWR,li1,21.8500,291.0400,1.799996
FILLER_102_21,VPWR,li1,20.4700,291.0400,1.799997
FILLER_102_18,VPWR,li1,19.0900,291.0400,1.799997
FILLER_102_15,VPWR,li1,17.7100,291.0400,1.799997
FILLER_102_12,VPWR,li1,16.3300,291.0400,1.799997
FILLER_102_9,VPWR,li1,14.9500,291.0400,1.799998
FILLER_102_6,VPWR,li1,13.5700,291.0400,1.799998
FILLER_102_3,VPWR,li1,12.1900,291.0400,1.799998
FILLER_101_647,VPWR,li1,307.9700,285.6000,1.799978
FILLER_101_644,VPWR,li1,307.0500,285.6000,1.799978
FILLER_101_641,VPWR,li1,305.6700,285.6000,1.799978
FILLER_101_638,VPWR,li1,304.2900,285.6000,1.799978
FILLER_101_635,VPWR,li1,302.9100,285.6000,1.799978
FILLER_101_632,VPWR,li1,301.5300,285.6000,1.799978
FILLER_101_629,VPWR,li1,300.1500,285.6000,1.799978
FILLER_101_626,VPWR,li1,298.7700,285.6000,1.799978
FILLER_101_623,VPWR,li1,297.3900,285.6000,1.799978
FILLER_101_617,VPWR,li1,294.6300,285.6000,1.799979
FILLER_101_614,VPWR,li1,293.0200,285.6000,1.799979
FILLER_101_611,VPWR,li1,291.8700,285.6000,1.799979
FILLER_101_583,VPWR,li1,278.9900,285.6000,1.799984
FILLER_101_580,VPWR,li1,277.6100,285.6000,1.799984
FILLER_101_576,VPWR,li1,275.3100,285.6000,1.799985
FILLER_101_573,VPWR,li1,274.3900,285.6000,1.799985
FILLER_101_570,VPWR,li1,273.0100,285.6000,1.799985
FILLER_101_567,VPWR,li1,271.6300,285.6000,1.799986
FILLER_101_564,VPWR,li1,270.2500,285.6000,1.799986
FILLER_101_559,VPWR,li1,267.4900,285.6000,1.799987
FILLER_101_547,VPWR,li1,262.4300,285.6000,1.799990
FILLER_101_544,VPWR,li1,261.0500,285.6000,1.799991
FILLER_101_535,VPWR,li1,256.4500,285.6000,1.799994
FILLER_101_532,VPWR,li1,255.5300,285.6000,1.799994
FILLER_101_529,VPWR,li1,254.1500,285.6000,1.799993
FILLER_101_526,VPWR,li1,252.7700,285.6000,1.799993
FILLER_101_517,VPWR,li1,248.6300,285.6000,1.799993
FILLER_101_514,VPWR,li1,247.2500,285.6000,1.799993
FILLER_101_511,VPWR,li1,245.8700,285.6000,1.799993
FILLER_101_508,VPWR,li1,244.4900,285.6000,1.799993
FILLER_101_505,VPWR,li1,243.1100,285.6000,1.799993
FILLER_101_502,VPWR,li1,241.5000,285.6000,1.799993
FILLER_101_499,VPWR,li1,240.3500,285.6000,1.799993
FILLER_101_496,VPWR,li1,238.9700,285.6000,1.799993
FILLER_101_493,VPWR,li1,237.5900,285.6000,1.799993
FILLER_101_482,VPWR,li1,232.5300,285.6000,1.799995
FILLER_101_479,VPWR,li1,231.1500,285.6000,1.799995
FILLER_101_476,VPWR,li1,229.7700,285.6000,1.799995
FILLER_101_473,VPWR,li1,228.3900,285.6000,1.799996
FILLER_101_470,VPWR,li1,227.0100,285.6000,1.799996
FILLER_101_467,VPWR,li1,225.6300,285.6000,1.799997
FILLER_101_464,VPWR,li1,224.2500,285.6000,1.799997
FILLER_101_461,VPWR,li1,222.8700,285.6000,1.799997
FILLER_101_458,VPWR,li1,221.4900,285.6000,1.799997
FILLER_101_455,VPWR,li1,220.1100,285.6000,1.799997
FILLER_101_452,VPWR,li1,218.7300,285.6000,1.799997
FILLER_101_449,VPWR,li1,217.3500,285.6000,1.799997
FILLER_101_446,VPWR,li1,215.7400,285.6000,1.799997
FILLER_101_443,VPWR,li1,214.5900,285.6000,1.799997
FILLER_101_440,VPWR,li1,213.2100,285.6000,1.799997
FILLER_101_434,VPWR,li1,210.4500,285.6000,1.799998
FILLER_101_431,VPWR,li1,209.0700,285.6000,1.799998
FILLER_101_428,VPWR,li1,207.6900,285.6000,1.799998
FILLER_101_425,VPWR,li1,206.3100,285.6000,1.799998
FILLER_101_422,VPWR,li1,204.9300,285.6000,1.799998
FILLER_101_419,VPWR,li1,203.5500,285.6000,1.799998
FILLER_101_416,VPWR,li1,202.1700,285.6000,1.799998
FILLER_101_413,VPWR,li1,200.7900,285.6000,1.799998
FILLER_101_410,VPWR,li1,199.4100,285.6000,1.799998
FILLER_101_407,VPWR,li1,198.0300,285.6000,1.799999
FILLER_101_396,VPWR,li1,192.9700,285.6000,1.799999
FILLER_101_393,VPWR,li1,191.5900,285.6000,1.799999
FILLER_101_390,VPWR,li1,189.9800,285.6000,1.799998
FILLER_101_376,VPWR,li1,183.3100,285.6000,1.799998
FILLER_101_373,VPWR,li1,182.3900,285.6000,1.799998
FILLER_101_370,VPWR,li1,181.0100,285.6000,1.799998
FILLER_101_367,VPWR,li1,179.6300,285.6000,1.799998
FILLER_101_364,VPWR,li1,178.2500,285.6000,1.799998
FILLER_101_361,VPWR,li1,176.8700,285.6000,1.799998
FILLER_101_351,VPWR,li1,171.8100,285.6000,1.799998
FILLER_101_348,VPWR,li1,170.8900,285.6000,1.799998
FILLER_101_345,VPWR,li1,169.5100,285.6000,1.799998
FILLER_101_340,VPWR,li1,166.9800,285.6000,1.799998
FILLER_101_337,VPWR,li1,165.8300,285.6000,1.799998
FILLER_101_334,VPWR,li1,164.2200,285.6000,1.799998
FILLER_101_331,VPWR,li1,163.0700,285.6000,1.799998
FILLER_101_328,VPWR,li1,161.6900,285.6000,1.799998
FILLER_101_318,VPWR,li1,156.6300,285.6000,1.799997
FILLER_101_315,VPWR,li1,155.7100,285.6000,1.799997
FILLER_101_312,VPWR,li1,154.3300,285.6000,1.799996
FILLER_101_309,VPWR,li1,152.9500,285.6000,1.799996
FILLER_101_299,VPWR,li1,148.1200,285.6000,1.799995
FILLER_101_296,VPWR,li1,146.9700,285.6000,1.799995
FILLER_101_293,VPWR,li1,145.5900,285.6000,1.799995
FILLER_101_290,VPWR,li1,144.2100,285.6000,1.799995
FILLER_101_287,VPWR,li1,142.8300,285.6000,1.799996
FILLER_101_284,VPWR,li1,141.4500,285.6000,1.799996
FILLER_101_281,VPWR,li1,140.0700,285.6000,1.799996
FILLER_101_278,VPWR,li1,138.4600,285.6000,1.799996
FILLER_101_275,VPWR,li1,137.3100,285.6000,1.799996
FILLER_101_272,VPWR,li1,135.9300,285.6000,1.799997
FILLER_101_262,VPWR,li1,131.1000,285.6000,1.799996
FILLER_101_258,VPWR,li1,129.0300,285.6000,1.799996
FILLER_101_255,VPWR,li1,128.1100,285.6000,1.799996
FILLER_101_252,VPWR,li1,126.7300,285.6000,1.799996
FILLER_101_249,VPWR,li1,125.3500,285.6000,1.799996
FILLER_101_246,VPWR,li1,123.9700,285.6000,1.799996
FILLER_101_243,VPWR,li1,122.5900,285.6000,1.799996
FILLER_101_240,VPWR,li1,121.2100,285.6000,1.799996
FILLER_101_237,VPWR,li1,119.8300,285.6000,1.799996
FILLER_101_234,VPWR,li1,118.4500,285.6000,1.799996
FILLER_101_231,VPWR,li1,117.0700,285.6000,1.799996
FILLER_101_228,VPWR,li1,115.6900,285.6000,1.799997
FILLER_101_225,VPWR,li1,114.3100,285.6000,1.799997
FILLER_101_221,VPWR,li1,112.4700,285.6000,1.799997
FILLER_101_218,VPWR,li1,111.0900,285.6000,1.799998
FILLER_101_215,VPWR,li1,109.7100,285.6000,1.799998
FILLER_101_212,VPWR,li1,108.3300,285.6000,1.799998
FILLER_101_209,VPWR,li1,106.9500,285.6000,1.799998
FILLER_101_206,VPWR,li1,105.5700,285.6000,1.799998
FILLER_101_203,VPWR,li1,104.1900,285.6000,1.799998
FILLER_101_200,VPWR,li1,102.8100,285.6000,1.799998
FILLER_101_192,VPWR,li1,99.1300,285.6000,1.799999
FILLER_101_189,VPWR,li1,97.7500,285.6000,1.799999
FILLER_101_184,VPWR,li1,95.2200,285.6000,1.799999
FILLER_101_181,VPWR,li1,94.0700,285.6000,1.799999
FILLER_101_178,VPWR,li1,92.6900,285.6000,1.799999
FILLER_101_175,VPWR,li1,91.3100,285.6000,1.799999
FILLER_101_172,VPWR,li1,89.9300,285.6000,1.799999
FILLER_101_169,VPWR,li1,88.5500,285.6000,1.799999
FILLER_101_140,VPWR,li1,75.2100,285.6000,1.799999
FILLER_101_137,VPWR,li1,73.8300,285.6000,1.799998
FILLER_101_128,VPWR,li1,69.4600,285.6000,1.799998
FILLER_101_125,VPWR,li1,68.3100,285.6000,1.799998
FILLER_101_122,VPWR,li1,66.9300,285.6000,1.799997
FILLER_101_109,VPWR,li1,60.9500,285.6000,1.799997
FILLER_101_57,VPWR,li1,36.5700,285.6000,1.799995
FILLER_101_53,VPWR,li1,35.1900,285.6000,1.799995
FILLER_101_27,VPWR,li1,22.7700,285.6000,1.799996
FILLER_101_24,VPWR,li1,21.8500,285.6000,1.799996
FILLER_101_21,VPWR,li1,20.4700,285.6000,1.799997
FILLER_101_18,VPWR,li1,19.0900,285.6000,1.799997
FILLER_101_15,VPWR,li1,17.7100,285.6000,1.799997
FILLER_101_12,VPWR,li1,16.3300,285.6000,1.799998
FILLER_101_9,VPWR,li1,14.9500,285.6000,1.799998
FILLER_101_6,VPWR,li1,13.5700,285.6000,1.799998
FILLER_101_3,VPWR,li1,12.1900,285.6000,1.799998
FILLER_100_645,VPWR,li1,307.5100,285.6000,1.799978
FILLER_100_642,VPWR,li1,305.9000,285.6000,1.799978
FILLER_100_639,VPWR,li1,304.7500,285.6000,1.799978
FILLER_100_636,VPWR,li1,303.3700,285.6000,1.799978
FILLER_100_592,VPWR,li1,282.9000,285.6000,1.799982
FILLER_100_589,VPWR,li1,281.7500,285.6000,1.799983
FILLER_100_586,VPWR,li1,280.1400,285.6000,1.799983
FILLER_100_583,VPWR,li1,278.9900,285.6000,1.799984
FILLER_100_580,VPWR,li1,277.6100,285.6000,1.799984
FILLER_100_577,VPWR,li1,276.2300,285.6000,1.799985
FILLER_100_574,VPWR,li1,274.8500,285.6000,1.799985
FILLER_100_571,VPWR,li1,273.4700,285.6000,1.799985
FILLER_100_548,VPWR,li1,262.6600,285.6000,1.799990
FILLER_100_545,VPWR,li1,261.5100,285.6000,1.799991
FILLER_100_542,VPWR,li1,260.1300,285.6000,1.799991
FILLER_100_539,VPWR,li1,258.7500,285.6000,1.799993
FILLER_100_536,VPWR,li1,257.3700,285.6000,1.799993
FILLER_100_533,VPWR,li1,255.9900,285.6000,1.799994
FILLER_100_508,VPWR,li1,244.4900,285.6000,1.799993
FILLER_100_486,VPWR,li1,233.9100,285.6000,1.799994
FILLER_100_453,VPWR,li1,218.9600,285.6000,1.799997
FILLER_100_450,VPWR,li1,217.8100,285.6000,1.799997
FILLER_100_438,VPWR,li1,212.2900,285.6000,1.799997
FILLER_100_435,VPWR,li1,210.9100,285.6000,1.799998
FILLER_100_432,VPWR,li1,209.5300,285.6000,1.799998
FILLER_100_429,VPWR,li1,208.1500,285.6000,1.799998
FILLER_100_409,VPWR,li1,198.9500,285.6000,1.799999
FILLER_100_406,VPWR,li1,197.5700,285.6000,1.799999
FILLER_100_403,VPWR,li1,196.1900,285.6000,1.799999
FILLER_100_400,VPWR,li1,194.8100,285.6000,1.799999
FILLER_100_394,VPWR,li1,191.8200,285.6000,1.799999
FILLER_100_391,VPWR,li1,190.6700,285.6000,1.799999
FILLER_100_388,VPWR,li1,189.2900,285.6000,1.799998
FILLER_100_377,VPWR,li1,184.0000,285.6000,1.799998
FILLER_100_371,VPWR,li1,181.0100,285.6000,1.799998
FILLER_100_368,VPWR,li1,180.0900,285.6000,1.799998
FILLER_100_365,VPWR,li1,178.7100,285.6000,1.799998
FILLER_100_361,VPWR,li1,176.8700,285.6000,1.799998
FILLER_100_358,VPWR,li1,175.4900,285.6000,1.799998
FILLER_100_355,VPWR,li1,174.1100,285.6000,1.799998
FILLER_100_352,VPWR,li1,172.7300,285.6000,1.799998
FILLER_100_349,VPWR,li1,171.3500,285.6000,1.799998
FILLER_100_346,VPWR,li1,169.9700,285.6000,1.799998
FILLER_100_343,VPWR,li1,168.5900,285.6000,1.799998
FILLER_100_340,VPWR,li1,167.2100,285.6000,1.799998
FILLER_100_337,VPWR,li1,165.8300,285.6000,1.799998
FILLER_100_334,VPWR,li1,164.4500,285.6000,1.799998
FILLER_100_324,VPWR,li1,159.6200,285.6000,1.799997
FILLER_100_321,VPWR,li1,158.4700,285.6000,1.799997
FILLER_100_318,VPWR,li1,157.0900,285.6000,1.799997
FILLER_100_315,VPWR,li1,155.7100,285.6000,1.799997
FILLER_100_312,VPWR,li1,154.3300,285.6000,1.799996
FILLER_100_261,VPWR,li1,130.4100,285.6000,1.799996
FILLER_100_249,VPWR,li1,125.3500,285.6000,1.799996
FILLER_100_226,VPWR,li1,114.5400,285.6000,1.799997
FILLER_100_223,VPWR,li1,113.3900,285.6000,1.799997
FILLER_100_220,VPWR,li1,112.0100,285.6000,1.799997
FILLER_100_209,VPWR,li1,106.4900,285.6000,1.799998
FILLER_100_206,VPWR,li1,105.5700,285.6000,1.799998
FILLER_100_203,VPWR,li1,104.1900,285.6000,1.799998
FILLER_100_200,VPWR,li1,102.8100,285.6000,1.799998
FILLER_100_197,VPWR,li1,101.4300,285.6000,1.799998
FILLER_100_194,VPWR,li1,99.8200,285.6000,1.799999
FILLER_100_191,VPWR,li1,98.6700,285.6000,1.799999
FILLER_100_188,VPWR,li1,97.2900,285.6000,1.799999
FILLER_100_179,VPWR,li1,93.1500,285.6000,1.799999
FILLER_100_170,VPWR,li1,88.7800,285.6000,1.799999
FILLER_100_167,VPWR,li1,87.6300,285.6000,1.799999
FILLER_100_164,VPWR,li1,86.2500,285.6000,1.799999
FILLER_100_161,VPWR,li1,84.8700,285.6000,1.799999
FILLER_100_150,VPWR,li1,79.8100,285.6000,1.799999
FILLER_100_147,VPWR,li1,78.4300,285.6000,1.799999
FILLER_100_144,VPWR,li1,77.0500,285.6000,1.799999
FILLER_100_141,VPWR,li1,75.6700,285.6000,1.799999
FILLER_100_131,VPWR,li1,70.6100,285.6000,1.799998
FILLER_100_128,VPWR,li1,69.6900,285.6000,1.799998
FILLER_100_125,VPWR,li1,68.3100,285.6000,1.799998
FILLER_100_122,VPWR,li1,66.9300,285.6000,1.799997
FILLER_100_119,VPWR,li1,65.5500,285.6000,1.799997
FILLER_100_116,VPWR,li1,64.1700,285.6000,1.799997
FILLER_100_113,VPWR,li1,62.7900,285.6000,1.799997
FILLER_100_110,VPWR,li1,61.4100,285.6000,1.799997
FILLER_100_83,VPWR,li1,48.5300,285.6000,1.799996
FILLER_100_80,VPWR,li1,47.6100,285.6000,1.799996
FILLER_100_52,VPWR,li1,34.7300,285.6000,1.799995
FILLER_100_49,VPWR,li1,33.3500,285.6000,1.799995
FILLER_100_38,VPWR,li1,28.2900,285.6000,1.799995
FILLER_100_35,VPWR,li1,26.9100,285.6000,1.799995
FILLER_100_32,VPWR,li1,25.5300,285.6000,1.799995
FILLER_100_29,VPWR,li1,24.1500,285.6000,1.799996
FILLER_100_26,VPWR,li1,22.5400,285.6000,1.799996
FILLER_100_23,VPWR,li1,21.3900,285.6000,1.799996
FILLER_100_20,VPWR,li1,20.0100,285.6000,1.799997
FILLER_100_17,VPWR,li1,18.6300,285.6000,1.799997
FILLER_100_14,VPWR,li1,17.2500,285.6000,1.799997
FILLER_100_11,VPWR,li1,15.8700,285.6000,1.799998
FILLER_99_647,VPWR,li1,307.9700,280.1600,1.799994
FILLER_99_644,VPWR,li1,307.0500,280.1600,1.799994
FILLER_99_641,VPWR,li1,305.6700,280.1600,1.799994
FILLER_99_638,VPWR,li1,304.2900,280.1600,1.799994
FILLER_99_635,VPWR,li1,302.9100,280.1600,1.799994
FILLER_99_632,VPWR,li1,301.5300,280.1600,1.799994
FILLER_99_629,VPWR,li1,300.1500,280.1600,1.799994
FILLER_99_626,VPWR,li1,298.7700,280.1600,1.799994
FILLER_99_623,VPWR,li1,297.3900,280.1600,1.799994
FILLER_99_613,VPWR,li1,292.7900,280.1600,1.799994
FILLER_99_610,VPWR,li1,291.4100,280.1600,1.799994
FILLER_99_607,VPWR,li1,290.0300,280.1600,1.799994
FILLER_99_603,VPWR,li1,287.7300,280.1600,1.799995
FILLER_99_557,VPWR,li1,267.0300,280.1600,1.799996
FILLER_99_554,VPWR,li1,265.6500,280.1600,1.799996
FILLER_99_551,VPWR,li1,264.2700,280.1600,1.799996
FILLER_99_548,VPWR,li1,262.8900,280.1600,1.799997
FILLER_99_545,VPWR,li1,261.5100,280.1600,1.799997
FILLER_99_542,VPWR,li1,260.1300,280.1600,1.799997
FILLER_99_532,VPWR,li1,255.3000,280.1600,1.799998
FILLER_99_522,VPWR,li1,250.7000,280.1600,1.799998
FILLER_99_511,VPWR,li1,245.6400,280.1600,1.799998
FILLER_99_508,VPWR,li1,244.4900,280.1600,1.799998
FILLER_99_505,VPWR,li1,243.1100,280.1600,1.799998
FILLER_99_501,VPWR,li1,241.2700,280.1600,1.799998
FILLER_99_497,VPWR,li1,238.9700,280.1600,1.799998
FILLER_99_494,VPWR,li1,238.0500,280.1600,1.799998
FILLER_99_484,VPWR,li1,232.9900,280.1600,1.799998
FILLER_99_481,VPWR,li1,232.0700,280.1600,1.799998
FILLER_99_478,VPWR,li1,230.6900,280.1600,1.799998
FILLER_99_475,VPWR,li1,229.3100,280.1600,1.799997
FILLER_99_472,VPWR,li1,227.9300,280.1600,1.799997
FILLER_99_469,VPWR,li1,226.5500,280.1600,1.799997
FILLER_99_455,VPWR,li1,219.8800,280.1600,1.799996
FILLER_99_452,VPWR,li1,218.7300,280.1600,1.799995
FILLER_99_449,VPWR,li1,217.3500,280.1600,1.799995
FILLER_99_445,VPWR,li1,215.5100,280.1600,1.799994
FILLER_99_442,VPWR,li1,214.1300,280.1600,1.799993
FILLER_99_439,VPWR,li1,212.7500,280.1600,1.799993
FILLER_99_436,VPWR,li1,211.3700,280.1600,1.799993
FILLER_99_425,VPWR,li1,206.0800,280.1600,1.799991
FILLER_99_422,VPWR,li1,204.9300,280.1600,1.799991
FILLER_99_389,VPWR,li1,189.7500,280.1600,1.799977
FILLER_99_386,VPWR,li1,188.3700,280.1600,1.799977
FILLER_99_343,VPWR,li1,168.1300,280.1600,1.799988
FILLER_99_340,VPWR,li1,167.2100,280.1600,1.799988
FILLER_99_337,VPWR,li1,165.8300,280.1600,1.799991
FILLER_99_334,VPWR,li1,164.2200,280.1600,1.799991
FILLER_99_311,VPWR,li1,153.6400,280.1600,1.799993
FILLER_99_301,VPWR,li1,148.8100,280.1600,1.799994
FILLER_99_298,VPWR,li1,147.8900,280.1600,1.799994
FILLER_99_287,VPWR,li1,142.6000,280.1600,1.799995
FILLER_99_281,VPWR,li1,140.0700,280.1600,1.799996
FILLER_99_279,VPWR,li1,138.6900,280.1600,1.799996
FILLER_99_276,VPWR,li1,137.7700,280.1600,1.799996
FILLER_99_273,VPWR,li1,136.3900,280.1600,1.799996
FILLER_99_270,VPWR,li1,135.0100,280.1600,1.799997
FILLER_99_248,VPWR,li1,124.4300,280.1600,1.799997
FILLER_99_225,VPWR,li1,114.3100,280.1600,1.799998
FILLER_99_221,VPWR,li1,112.4700,280.1600,1.799998
FILLER_99_209,VPWR,li1,106.4900,280.1600,1.799998
FILLER_99_206,VPWR,li1,105.5700,280.1600,1.799999
FILLER_99_203,VPWR,li1,104.1900,280.1600,1.799999
FILLER_99_181,VPWR,li1,94.0700,280.1600,1.799998
FILLER_99_178,VPWR,li1,92.6900,280.1600,1.799998
FILLER_99_175,VPWR,li1,91.3100,280.1600,1.799998
FILLER_99_172,VPWR,li1,89.9300,280.1600,1.799998
FILLER_99_169,VPWR,li1,88.5500,280.1600,1.799998
FILLER_99_167,VPWR,li1,87.1700,280.1600,1.799997
FILLER_99_164,VPWR,li1,86.2500,280.1600,1.799997
FILLER_99_161,VPWR,li1,84.8700,280.1600,1.799997
FILLER_99_158,VPWR,li1,83.4900,280.1600,1.799997
FILLER_99_155,VPWR,li1,82.1100,280.1600,1.799997
FILLER_99_152,VPWR,li1,80.7300,280.1600,1.799997
FILLER_99_149,VPWR,li1,79.3500,280.1600,1.799997
FILLER_99_146,VPWR,li1,77.9700,280.1600,1.799997
FILLER_99_143,VPWR,li1,76.5900,280.1600,1.799997
FILLER_99_140,VPWR,li1,75.2100,280.1600,1.799996
FILLER_99_137,VPWR,li1,73.8300,280.1600,1.799996
FILLER_99_134,VPWR,li1,72.4500,280.1600,1.799995
FILLER_99_131,VPWR,li1,71.0700,280.1600,1.799994
FILLER_99_128,VPWR,li1,69.6900,280.1600,1.799994
FILLER_99_125,VPWR,li1,68.3100,280.1600,1.799993
FILLER_99_122,VPWR,li1,66.9300,280.1600,1.799993
FILLER_99_113,VPWR,li1,62.5600,280.1600,1.799990
FILLER_99_101,VPWR,li1,57.2700,280.1600,1.799988
FILLER_99_98,VPWR,li1,55.8900,280.1600,1.799988
FILLER_99_95,VPWR,li1,54.5100,280.1600,1.799987
FILLER_99_92,VPWR,li1,53.1300,280.1600,1.799987
FILLER_99_74,VPWR,li1,44.3900,280.1600,1.799985
FILLER_99_54,VPWR,li1,35.4200,280.1600,1.799972
FILLER_99_51,VPWR,li1,34.2700,280.1600,1.799972
FILLER_99_31,VPWR,li1,25.0700,280.1600,1.799979
FILLER_99_12,VPWR,li1,16.3300,280.1600,1.799990
FILLER_99_9,VPWR,li1,14.9500,280.1600,1.799990
FILLER_99_3,VPWR,li1,12.1900,280.1600,1.799990
FILLER_98_645,VPWR,li1,307.5100,280.1600,1.799994
FILLER_98_643,VPWR,li1,306.1300,280.1600,1.799994
FILLER_98_640,VPWR,li1,305.2100,280.1600,1.799994
FILLER_98_637,VPWR,li1,303.8300,280.1600,1.799994
FILLER_98_634,VPWR,li1,302.4500,280.1600,1.799994
FILLER_98_631,VPWR,li1,301.0700,280.1600,1.799994
FILLER_98_628,VPWR,li1,299.6900,280.1600,1.799994
FILLER_98_598,VPWR,li1,285.8900,280.1600,1.799996
FILLER_98_595,VPWR,li1,284.5100,280.1600,1.799996
FILLER_98_592,VPWR,li1,283.1300,280.1600,1.799995
FILLER_98_571,VPWR,li1,273.4700,280.1600,1.799995
FILLER_98_566,VPWR,li1,270.9400,280.1600,1.799995
FILLER_98_548,VPWR,li1,262.4300,280.1600,1.799997
FILLER_98_545,VPWR,li1,261.5100,280.1600,1.799997
FILLER_98_542,VPWR,li1,260.1300,280.1600,1.799997
FILLER_98_539,VPWR,li1,258.7500,280.1600,1.799998
FILLER_98_536,VPWR,li1,257.3700,280.1600,1.799998
FILLER_98_533,VPWR,li1,255.9900,280.1600,1.799998
FILLER_98_523,VPWR,li1,250.9300,280.1600,1.799998
FILLER_98_512,VPWR,li1,246.1000,280.1600,1.799998
FILLER_98_503,VPWR,li1,241.7300,280.1600,1.799998
FILLER_98_500,VPWR,li1,240.8100,280.1600,1.799998
FILLER_98_497,VPWR,li1,239.4300,280.1600,1.799998
FILLER_98_494,VPWR,li1,238.0500,280.1600,1.799998
FILLER_98_491,VPWR,li1,236.6700,280.1600,1.799998
FILLER_98_488,VPWR,li1,235.2900,280.1600,1.799998
FILLER_98_485,VPWR,li1,233.9100,280.1600,1.799998
FILLER_98_482,VPWR,li1,232.5300,280.1600,1.799998
FILLER_98_477,VPWR,li1,229.7700,280.1600,1.799997
FILLER_98_473,VPWR,li1,228.3900,280.1600,1.799997
FILLER_98_470,VPWR,li1,227.0100,280.1600,1.799997
FILLER_98_467,VPWR,li1,225.6300,280.1600,1.799997
FILLER_98_464,VPWR,li1,224.2500,280.1600,1.799997
FILLER_98_461,VPWR,li1,222.8700,280.1600,1.799997
FILLER_98_458,VPWR,li1,221.4900,280.1600,1.799996
FILLER_98_455,VPWR,li1,220.1100,280.1600,1.799996
FILLER_98_452,VPWR,li1,218.7300,280.1600,1.799995
FILLER_98_449,VPWR,li1,217.3500,280.1600,1.799995
FILLER_98_446,VPWR,li1,215.9700,280.1600,1.799994
FILLER_98_436,VPWR,li1,211.1400,280.1600,1.799993
FILLER_98_433,VPWR,li1,209.9900,280.1600,1.799993
FILLER_98_430,VPWR,li1,208.6100,280.1600,1.799992
FILLER_98_427,VPWR,li1,207.2300,280.1600,1.799992
FILLER_98_424,VPWR,li1,205.8500,280.1600,1.799991
FILLER_98_421,VPWR,li1,204.4700,280.1600,1.799991
FILLER_98_413,VPWR,li1,200.5600,280.1600,1.799989
FILLER_98_410,VPWR,li1,199.4100,280.1600,1.799989
FILLER_98_401,VPWR,li1,194.8100,280.1600,1.799987
FILLER_98_395,VPWR,li1,192.5100,280.1600,1.799984
FILLER_98_392,VPWR,li1,191.1300,280.1600,1.799981
FILLER_98_368,VPWR,li1,179.6300,280.1600,1.799977
FILLER_98_365,VPWR,li1,178.7100,280.1600,1.799978
FILLER_98_344,VPWR,li1,169.0500,280.1600,1.799986
FILLER_98_341,VPWR,li1,167.6700,280.1600,1.799988
FILLER_98_330,VPWR,li1,162.6100,280.1600,1.799991
FILLER_98_326,VPWR,li1,160.3100,280.1600,1.799991
FILLER_98_323,VPWR,li1,159.3900,280.1600,1.799991
FILLER_98_312,VPWR,li1,154.1000,280.1600,1.799992
FILLER_98_309,VPWR,li1,152.9500,280.1600,1.799993
FILLER_98_306,VPWR,li1,151.3400,280.1600,1.799993
FILLER_98_303,VPWR,li1,150.1900,280.1600,1.799993
FILLER_98_300,VPWR,li1,148.8100,280.1600,1.799994
FILLER_98_297,VPWR,li1,147.4300,280.1600,1.799994
FILLER_98_294,VPWR,li1,146.0500,280.1600,1.799994
FILLER_98_289,VPWR,li1,143.5200,280.1600,1.799995
FILLER_98_286,VPWR,li1,142.3700,280.1600,1.799995
FILLER_98_283,VPWR,li1,140.9900,280.1600,1.799996
FILLER_98_280,VPWR,li1,139.6100,280.1600,1.799996
FILLER_98_277,VPWR,li1,138.2300,280.1600,1.799996
FILLER_98_274,VPWR,li1,136.8500,280.1600,1.799996
FILLER_98_271,VPWR,li1,135.4700,280.1600,1.799997
FILLER_98_268,VPWR,li1,134.0900,280.1600,1.799997
FILLER_98_265,VPWR,li1,132.7100,280.1600,1.799997
FILLER_98_262,VPWR,li1,131.3300,280.1600,1.799997
FILLER_98_259,VPWR,li1,129.9500,280.1600,1.799996
FILLER_98_256,VPWR,li1,128.5700,280.1600,1.799996
FILLER_98_253,VPWR,li1,127.1900,280.1600,1.799996
FILLER_98_249,VPWR,li1,125.3500,280.1600,1.799997
FILLER_98_246,VPWR,li1,123.9700,280.1600,1.799997
FILLER_98_243,VPWR,li1,122.5900,280.1600,1.799997
FILLER_98_239,VPWR,li1,120.2900,280.1600,1.799997
FILLER_98_236,VPWR,li1,119.3700,280.1600,1.799997
FILLER_98_233,VPWR,li1,117.9900,280.1600,1.799997
FILLER_98_230,VPWR,li1,116.6100,280.1600,1.799997
FILLER_98_227,VPWR,li1,115.2300,280.1600,1.799998
FILLER_98_224,VPWR,li1,113.8500,280.1600,1.799998
FILLER_98_221,VPWR,li1,112.4700,280.1600,1.799998
FILLER_98_218,VPWR,li1,111.0900,280.1600,1.799998
FILLER_98_209,VPWR,li1,106.7200,280.1600,1.799998
FILLER_98_206,VPWR,li1,105.5700,280.1600,1.799999
FILLER_98_203,VPWR,li1,104.1900,280.1600,1.799999
FILLER_98_200,VPWR,li1,102.8100,280.1600,1.799998
FILLER_98_197,VPWR,li1,101.4300,280.1600,1.799998
FILLER_98_194,VPWR,li1,99.8200,280.1600,1.799998
FILLER_98_191,VPWR,li1,98.6700,280.1600,1.799998
FILLER_98_188,VPWR,li1,97.2900,280.1600,1.799998
FILLER_98_185,VPWR,li1,95.9100,280.1600,1.799998
FILLER_98_182,VPWR,li1,94.5300,280.1600,1.799998
FILLER_98_179,VPWR,li1,93.1500,280.1600,1.799998
FILLER_98_171,VPWR,li1,89.4700,280.1600,1.799998
FILLER_98_168,VPWR,li1,88.0900,280.1600,1.799997
FILLER_98_165,VPWR,li1,86.7100,280.1600,1.799997
FILLER_98_162,VPWR,li1,85.3300,280.1600,1.799997
FILLER_98_150,VPWR,li1,79.8100,280.1600,1.799997
FILLER_98_147,VPWR,li1,78.4300,280.1600,1.799997
FILLER_98_144,VPWR,li1,77.0500,280.1600,1.799997
FILLER_98_141,VPWR,li1,75.6700,280.1600,1.799997
FILLER_98_125,VPWR,li1,68.0800,280.1600,1.799993
FILLER_98_122,VPWR,li1,66.9300,280.1600,1.799993
FILLER_98_113,VPWR,li1,62.5600,280.1600,1.799990
FILLER_98_93,VPWR,li1,53.5900,280.1600,1.799987
FILLER_98_83,VPWR,li1,48.5300,280.1600,1.799986
FILLER_98_80,VPWR,li1,47.6100,280.1600,1.799986
FILLER_98_69,VPWR,li1,42.5500,280.1600,1.799982
FILLER_98_29,VPWR,li1,24.1500,280.1600,1.799982
FILLER_97_646,VPWR,li1,307.7400,274.7200,1.799989
FILLER_97_643,VPWR,li1,306.5900,274.7200,1.799989
FILLER_97_640,VPWR,li1,305.2100,274.7200,1.799989
FILLER_97_637,VPWR,li1,303.8300,274.7200,1.799989
FILLER_97_634,VPWR,li1,302.4500,274.7200,1.799989
FILLER_97_631,VPWR,li1,301.0700,274.7200,1.799989
FILLER_97_628,VPWR,li1,299.6900,274.7200,1.799990
FILLER_97_625,VPWR,li1,298.3100,274.7200,1.799990
FILLER_97_615,VPWR,li1,293.2500,274.7200,1.799991
FILLER_97_612,VPWR,li1,292.3300,274.7200,1.799991
FILLER_97_609,VPWR,li1,290.9500,274.7200,1.799992
FILLER_97_606,VPWR,li1,289.5700,274.7200,1.799992
FILLER_97_603,VPWR,li1,288.1900,274.7200,1.799992
FILLER_97_600,VPWR,li1,286.8100,274.7200,1.799992
FILLER_97_589,VPWR,li1,281.5200,274.7200,1.799993
FILLER_97_579,VPWR,li1,276.6900,274.7200,1.799991
FILLER_97_576,VPWR,li1,275.7700,274.7200,1.799991
FILLER_97_573,VPWR,li1,274.3900,274.7200,1.799990
FILLER_97_570,VPWR,li1,273.0100,274.7200,1.799990
FILLER_97_567,VPWR,li1,271.6300,274.7200,1.799990
FILLER_97_564,VPWR,li1,270.2500,274.7200,1.799990
FILLER_97_561,VPWR,li1,268.8700,274.7200,1.799990
FILLER_97_558,VPWR,li1,267.2600,274.7200,1.799990
FILLER_97_555,VPWR,li1,266.1100,274.7200,1.799990
FILLER_97_552,VPWR,li1,264.7300,274.7200,1.799990
FILLER_97_549,VPWR,li1,263.3500,274.7200,1.799990
FILLER_97_538,VPWR,li1,258.0600,274.7200,1.799989
FILLER_97_535,VPWR,li1,256.9100,274.7200,1.799989
FILLER_97_532,VPWR,li1,255.5300,274.7200,1.799989
FILLER_97_508,VPWR,li1,244.4900,274.7200,1.799983
FILLER_97_505,VPWR,li1,243.1100,274.7200,1.799984
FILLER_97_501,VPWR,li1,241.2700,274.7200,1.799985
FILLER_97_498,VPWR,li1,239.8900,274.7200,1.799985
FILLER_97_488,VPWR,li1,235.0600,274.7200,1.799987
FILLER_97_485,VPWR,li1,233.9100,274.7200,1.799987
FILLER_97_482,VPWR,li1,232.5300,274.7200,1.799989
FILLER_97_479,VPWR,li1,231.1500,274.7200,1.799989
FILLER_97_476,VPWR,li1,229.7700,274.7200,1.799990
FILLER_97_473,VPWR,li1,228.3900,274.7200,1.799991
FILLER_97_470,VPWR,li1,227.0100,274.7200,1.799991
FILLER_97_458,VPWR,li1,221.0300,274.7200,1.799991
FILLER_97_455,VPWR,li1,220.1100,274.7200,1.799991
FILLER_97_452,VPWR,li1,218.7300,274.7200,1.799991
FILLER_97_449,VPWR,li1,217.3500,274.7200,1.799991
FILLER_97_426,VPWR,li1,206.3100,274.7200,1.799991
FILLER_97_423,VPWR,li1,205.3900,274.7200,1.799992
FILLER_97_420,VPWR,li1,204.0100,274.7200,1.799992
FILLER_97_417,VPWR,li1,202.6300,274.7200,1.799993
FILLER_97_414,VPWR,li1,201.2500,274.7200,1.799993
FILLER_97_411,VPWR,li1,199.8700,274.7200,1.799993
FILLER_97_408,VPWR,li1,198.4900,274.7200,1.799994
FILLER_97_405,VPWR,li1,197.1100,274.7200,1.799995
FILLER_97_402,VPWR,li1,195.7300,274.7200,1.799995
FILLER_97_399,VPWR,li1,194.3500,274.7200,1.799996
FILLER_97_396,VPWR,li1,192.9700,274.7200,1.799995
FILLER_97_393,VPWR,li1,191.5900,274.7200,1.799995
FILLER_97_389,VPWR,li1,189.7500,274.7200,1.799995
FILLER_97_384,VPWR,li1,187.2200,274.7200,1.799995
FILLER_97_381,VPWR,li1,186.0700,274.7200,1.799995
FILLER_97_378,VPWR,li1,184.6900,274.7200,1.799995
FILLER_97_375,VPWR,li1,183.3100,274.7200,1.799995
FILLER_97_364,VPWR,li1,178.2500,274.7200,1.799995
FILLER_97_361,VPWR,li1,176.8700,274.7200,1.799995
FILLER_97_358,VPWR,li1,175.4900,274.7200,1.799996
FILLER_97_355,VPWR,li1,174.1100,274.7200,1.799996
FILLER_97_352,VPWR,li1,172.7300,274.7200,1.799996
FILLER_97_349,VPWR,li1,171.3500,274.7200,1.799996
FILLER_97_346,VPWR,li1,169.9700,274.7200,1.799996
FILLER_97_343,VPWR,li1,168.5900,274.7200,1.799996
FILLER_97_340,VPWR,li1,167.2100,274.7200,1.799996
FILLER_97_337,VPWR,li1,165.8300,274.7200,1.799997
FILLER_97_335,VPWR,li1,164.4500,274.7200,1.799997
FILLER_97_332,VPWR,li1,163.5300,274.7200,1.799996
FILLER_97_326,VPWR,li1,160.7700,274.7200,1.799995
FILLER_97_323,VPWR,li1,159.3900,274.7200,1.799995
FILLER_97_320,VPWR,li1,158.0100,274.7200,1.799995
FILLER_97_317,VPWR,li1,156.6300,274.7200,1.799995
FILLER_97_314,VPWR,li1,155.2500,274.7200,1.799995
FILLER_97_311,VPWR,li1,153.8700,274.7200,1.799995
FILLER_97_308,VPWR,li1,152.4900,274.7200,1.799995
FILLER_97_305,VPWR,li1,151.1100,274.7200,1.799995
FILLER_97_302,VPWR,li1,149.7300,274.7200,1.799995
FILLER_97_257,VPWR,li1,128.8000,274.7200,1.799996
FILLER_97_254,VPWR,li1,127.6500,274.7200,1.799996
FILLER_97_243,VPWR,li1,122.5900,274.7200,1.799996
FILLER_97_240,VPWR,li1,121.2100,274.7200,1.799996
FILLER_97_237,VPWR,li1,119.8300,274.7200,1.799996
FILLER_97_234,VPWR,li1,118.4500,274.7200,1.799996
FILLER_97_231,VPWR,li1,117.0700,274.7200,1.799996
FILLER_97_228,VPWR,li1,115.6900,274.7200,1.799997
FILLER_97_225,VPWR,li1,114.3100,274.7200,1.799997
FILLER_97_221,VPWR,li1,112.4700,274.7200,1.799997
FILLER_97_209,VPWR,li1,106.7200,274.7200,1.799998
FILLER_97_206,VPWR,li1,105.5700,274.7200,1.799999
FILLER_97_203,VPWR,li1,104.1900,274.7200,1.799999
FILLER_97_187,VPWR,li1,96.8300,274.7200,1.799999
FILLER_97_184,VPWR,li1,95.4500,274.7200,1.799999
FILLER_97_181,VPWR,li1,94.0700,274.7200,1.799999
FILLER_97_167,VPWR,li1,87.1700,274.7200,1.799999
FILLER_97_164,VPWR,li1,86.2500,274.7200,1.799999
FILLER_97_161,VPWR,li1,84.8700,274.7200,1.799999
FILLER_97_158,VPWR,li1,83.4900,274.7200,1.799999
FILLER_97_155,VPWR,li1,82.1100,274.7200,1.799999
FILLER_97_152,VPWR,li1,80.7300,274.7200,1.799999
FILLER_97_149,VPWR,li1,79.3500,274.7200,1.799999
FILLER_97_146,VPWR,li1,77.9700,274.7200,1.799999
FILLER_97_143,VPWR,li1,76.5900,274.7200,1.799999
FILLER_97_140,VPWR,li1,75.2100,274.7200,1.799999
FILLER_97_131,VPWR,li1,70.8400,274.7200,1.799998
FILLER_97_128,VPWR,li1,69.6900,274.7200,1.799998
FILLER_97_125,VPWR,li1,68.3100,274.7200,1.799998
FILLER_97_122,VPWR,li1,66.9300,274.7200,1.799998
FILLER_97_113,VPWR,li1,62.5600,274.7200,1.799997
FILLER_97_109,VPWR,li1,60.9500,274.7200,1.799997
FILLER_97_106,VPWR,li1,59.5700,274.7200,1.799997
FILLER_97_94,VPWR,li1,54.0500,274.7200,1.799997
FILLER_97_91,VPWR,li1,52.6700,274.7200,1.799997
FILLER_97_45,VPWR,li1,31.2800,274.7200,1.799994
FILLER_97_34,VPWR,li1,26.4500,274.7200,1.799994
FILLER_97_31,VPWR,li1,25.0700,274.7200,1.799994
FILLER_97_3,VPWR,li1,12.1900,274.7200,1.799995
FILLER_96_645,VPWR,li1,307.5100,274.7200,1.799989
FILLER_96_642,VPWR,li1,305.9000,274.7200,1.799989
FILLER_96_613,VPWR,li1,292.5600,274.7200,1.799991
FILLER_96_589,VPWR,li1,281.7500,274.7200,1.799993
FILLER_96_586,VPWR,li1,280.1400,274.7200,1.799992
FILLER_96_583,VPWR,li1,278.9900,274.7200,1.799992
FILLER_96_559,VPWR,li1,267.9500,274.7200,1.799990
FILLER_96_548,VPWR,li1,262.6600,274.7200,1.799990
FILLER_96_545,VPWR,li1,261.5100,274.7200,1.799990
FILLER_96_542,VPWR,li1,260.1300,274.7200,1.799990
FILLER_96_507,VPWR,li1,243.5700,274.7200,1.799984
FILLER_96_453,VPWR,li1,218.9600,274.7200,1.799991
FILLER_96_450,VPWR,li1,217.8100,274.7200,1.799991
FILLER_96_412,VPWR,li1,200.3300,274.7200,1.799993
FILLER_96_400,VPWR,li1,194.8100,274.7200,1.799996
FILLER_96_397,VPWR,li1,193.4300,274.7200,1.799996
FILLER_96_374,VPWR,li1,182.6200,274.7200,1.799995
FILLER_96_371,VPWR,li1,181.4700,274.7200,1.799995
FILLER_96_368,VPWR,li1,180.0900,274.7200,1.799995
FILLER_96_365,VPWR,li1,178.7100,274.7200,1.799995
FILLER_96_362,VPWR,li1,177.1000,274.7200,1.799995
FILLER_96_359,VPWR,li1,175.9500,274.7200,1.799995
FILLER_96_356,VPWR,li1,174.5700,274.7200,1.799996
FILLER_96_345,VPWR,li1,169.5100,274.7200,1.799996
FILLER_96_342,VPWR,li1,168.1300,274.7200,1.799996
FILLER_96_339,VPWR,li1,166.7500,274.7200,1.799996
FILLER_96_317,VPWR,li1,156.1700,274.7200,1.799995
FILLER_96_302,VPWR,li1,149.7300,274.7200,1.799995
FILLER_96_299,VPWR,li1,148.3500,274.7200,1.799995
FILLER_96_296,VPWR,li1,146.9700,274.7200,1.799995
FILLER_96_284,VPWR,li1,141.4500,274.7200,1.799995
FILLER_96_281,VPWR,li1,140.0700,274.7200,1.799995
FILLER_96_268,VPWR,li1,133.8600,274.7200,1.799996
FILLER_96_259,VPWR,li1,129.7200,274.7200,1.799996
FILLER_96_256,VPWR,li1,128.5700,274.7200,1.799996
FILLER_96_253,VPWR,li1,127.1900,274.7200,1.799996
FILLER_96_222,VPWR,li1,112.7000,274.7200,1.799997
FILLER_96_213,VPWR,li1,108.5600,274.7200,1.799998
FILLER_96_210,VPWR,li1,107.4100,274.7200,1.799998
FILLER_96_200,VPWR,li1,102.3500,274.7200,1.799999
FILLER_96_197,VPWR,li1,101.4300,274.7200,1.799999
FILLER_96_193,VPWR,li1,99.5900,274.7200,1.799999
FILLER_96_188,VPWR,li1,97.0600,274.7200,1.799999
FILLER_96_185,VPWR,li1,95.9100,274.7200,1.799999
FILLER_96_182,VPWR,li1,94.5300,274.7200,1.799999
FILLER_96_179,VPWR,li1,93.1500,274.7200,1.799999
FILLER_96_176,VPWR,li1,91.7700,274.7200,1.799999
FILLER_96_167,VPWR,li1,87.4000,274.7200,1.799999
FILLER_96_164,VPWR,li1,86.2500,274.7200,1.799999
FILLER_96_161,VPWR,li1,84.8700,274.7200,1.799999
FILLER_96_158,VPWR,li1,83.4900,274.7200,1.799999
FILLER_96_155,VPWR,li1,82.1100,274.7200,1.799999
FILLER_96_152,VPWR,li1,80.7300,274.7200,1.799999
FILLER_96_149,VPWR,li1,79.3500,274.7200,1.799999
FILLER_96_138,VPWR,li1,74.0600,274.7200,1.799999
FILLER_96_135,VPWR,li1,72.9100,274.7200,1.799999
FILLER_96_132,VPWR,li1,71.5300,274.7200,1.799998
FILLER_96_129,VPWR,li1,70.1500,274.7200,1.799998
FILLER_96_126,VPWR,li1,68.7700,274.7200,1.799998
FILLER_96_123,VPWR,li1,67.3900,274.7200,1.799998
FILLER_96_120,VPWR,li1,66.0100,274.7200,1.799998
FILLER_96_110,VPWR,li1,61.4100,274.7200,1.799997
FILLER_96_107,VPWR,li1,60.0300,274.7200,1.799997
FILLER_96_104,VPWR,li1,58.6500,274.7200,1.799997
FILLER_96_85,VPWR,li1,49.9100,274.7200,1.799996
FILLER_96_83,VPWR,li1,48.5300,274.7200,1.799996
FILLER_96_80,VPWR,li1,47.6100,274.7200,1.799996
FILLER_96_77,VPWR,li1,46.2300,274.7200,1.799996
FILLER_96_74,VPWR,li1,44.8500,274.7200,1.799996
FILLER_96_63,VPWR,li1,39.5600,274.7200,1.799995
FILLER_96_60,VPWR,li1,38.4100,274.7200,1.799995
FILLER_96_57,VPWR,li1,37.0300,274.7200,1.799994
FILLER_96_54,VPWR,li1,35.6500,274.7200,1.799994
FILLER_95_645,VPWR,li1,307.5100,269.2800,1.799992
FILLER_95_642,VPWR,li1,306.1300,269.2800,1.799992
FILLER_95_639,VPWR,li1,304.7500,269.2800,1.799992
FILLER_95_636,VPWR,li1,303.3700,269.2800,1.799992
FILLER_95_633,VPWR,li1,301.9900,269.2800,1.799992
FILLER_95_630,VPWR,li1,300.6100,269.2800,1.799992
FILLER_95_624,VPWR,li1,297.8500,269.2800,1.799992
FILLER_95_621,VPWR,li1,296.4700,269.2800,1.799992
FILLER_95_617,VPWR,li1,294.1700,269.2800,1.799992
FILLER_95_613,VPWR,li1,292.7900,269.2800,1.799992
FILLER_95_610,VPWR,li1,291.4100,269.2800,1.799993
FILLER_95_607,VPWR,li1,290.0300,269.2800,1.799993
FILLER_95_601,VPWR,li1,287.2700,269.2800,1.799993
FILLER_95_598,VPWR,li1,285.8900,269.2800,1.799994
FILLER_95_564,VPWR,li1,269.7900,269.2800,1.799988
FILLER_95_561,VPWR,li1,268.8700,269.2800,1.799988
FILLER_95_557,VPWR,li1,267.0300,269.2800,1.799988
FILLER_95_554,VPWR,li1,265.6500,269.2800,1.799987
FILLER_95_551,VPWR,li1,264.2700,269.2800,1.799987
FILLER_95_548,VPWR,li1,262.8900,269.2800,1.799987
FILLER_95_545,VPWR,li1,261.5100,269.2800,1.799987
FILLER_95_532,VPWR,li1,255.3000,269.2800,1.799986
FILLER_95_529,VPWR,li1,254.1500,269.2800,1.799986
FILLER_95_508,VPWR,li1,244.0300,269.2800,1.799976
FILLER_95_505,VPWR,li1,243.1100,269.2800,1.799977
FILLER_95_502,VPWR,li1,241.5000,269.2800,1.799977
FILLER_95_499,VPWR,li1,240.3500,269.2800,1.799977
FILLER_95_489,VPWR,li1,235.5200,269.2800,1.799979
FILLER_95_485,VPWR,li1,233.4500,269.2800,1.799980
FILLER_95_455,VPWR,li1,219.6500,269.2800,1.799985
FILLER_95_452,VPWR,li1,218.7300,269.2800,1.799985
FILLER_95_449,VPWR,li1,217.3500,269.2800,1.799986
FILLER_95_447,VPWR,li1,215.9700,269.2800,1.799987
FILLER_95_444,VPWR,li1,215.0500,269.2800,1.799987
FILLER_95_440,VPWR,li1,212.7500,269.2800,1.799988
FILLER_95_426,VPWR,li1,206.7700,269.2800,1.799991
FILLER_95_423,VPWR,li1,205.3900,269.2800,1.799991
FILLER_95_420,VPWR,li1,204.0100,269.2800,1.799992
FILLER_95_417,VPWR,li1,202.6300,269.2800,1.799993
FILLER_95_414,VPWR,li1,201.2500,269.2800,1.799994
FILLER_95_411,VPWR,li1,199.8700,269.2800,1.799994
FILLER_95_401,VPWR,li1,195.2700,269.2800,1.799996
FILLER_95_390,VPWR,li1,189.9800,269.2800,1.799996
FILLER_95_387,VPWR,li1,188.8300,269.2800,1.799996
FILLER_95_376,VPWR,li1,183.5400,269.2800,1.799996
FILLER_95_373,VPWR,li1,182.3900,269.2800,1.799996
FILLER_95_370,VPWR,li1,181.0100,269.2800,1.799995
FILLER_95_346,VPWR,li1,169.9700,269.2800,1.799996
FILLER_95_343,VPWR,li1,168.5900,269.2800,1.799997
FILLER_95_340,VPWR,li1,167.2100,269.2800,1.799997
FILLER_95_337,VPWR,li1,165.8300,269.2800,1.799997
FILLER_95_333,VPWR,li1,163.9900,269.2800,1.799997
FILLER_95_322,VPWR,li1,158.9300,269.2800,1.799997
FILLER_95_319,VPWR,li1,157.5500,269.2800,1.799996
FILLER_95_296,VPWR,li1,146.7400,269.2800,1.799996
FILLER_95_293,VPWR,li1,145.5900,269.2800,1.799996
FILLER_95_290,VPWR,li1,144.2100,269.2800,1.799997
FILLER_95_287,VPWR,li1,142.8300,269.2800,1.799997
FILLER_95_284,VPWR,li1,141.4500,269.2800,1.799997
FILLER_95_281,VPWR,li1,140.0700,269.2800,1.799997
FILLER_95_257,VPWR,li1,128.8000,269.2800,1.799998
FILLER_95_254,VPWR,li1,127.6500,269.2800,1.799998
FILLER_95_251,VPWR,li1,126.2700,269.2800,1.799998
FILLER_95_237,VPWR,li1,119.8300,269.2800,1.799998
FILLER_95_228,VPWR,li1,115.2300,269.2800,1.799999
FILLER_95_225,VPWR,li1,114.3100,269.2800,1.799999
FILLER_95_222,VPWR,li1,112.7000,269.2800,1.799999
FILLER_95_219,VPWR,li1,111.5500,269.2800,1.799999
FILLER_95_216,VPWR,li1,110.1700,269.2800,1.799999
FILLER_95_213,VPWR,li1,108.7900,269.2800,1.799999
FILLER_95_210,VPWR,li1,107.4100,269.2800,1.799999
FILLER_95_207,VPWR,li1,106.0300,269.2800,1.799999
FILLER_95_204,VPWR,li1,104.6500,269.2800,1.799999
FILLER_95_201,VPWR,li1,103.2700,269.2800,1.799999
FILLER_95_198,VPWR,li1,101.8900,269.2800,1.799999
FILLER_95_193,VPWR,li1,99.3600,269.2800,1.799999
FILLER_95_190,VPWR,li1,98.2100,269.2800,1.799999
FILLER_95_187,VPWR,li1,96.8300,269.2800,1.799999
FILLER_95_184,VPWR,li1,95.4500,269.2800,1.799999
FILLER_95_181,VPWR,li1,94.0700,269.2800,1.799999
FILLER_95_172,VPWR,li1,89.4700,269.2800,1.799999
FILLER_95_169,VPWR,li1,88.5500,269.2800,1.799999
FILLER_95_165,VPWR,li1,86.7100,269.2800,1.799999
FILLER_95_162,VPWR,li1,85.3300,269.2800,1.799999
FILLER_95_159,VPWR,li1,83.9500,269.2800,1.799999
FILLER_95_156,VPWR,li1,82.5700,269.2800,1.799999
FILLER_95_148,VPWR,li1,78.4300,269.2800,1.799998
FILLER_95_145,VPWR,li1,77.5100,269.2800,1.799998
FILLER_95_142,VPWR,li1,76.1300,269.2800,1.799998
FILLER_95_139,VPWR,li1,74.7500,269.2800,1.799998
FILLER_95_136,VPWR,li1,73.3700,269.2800,1.799998
FILLER_95_133,VPWR,li1,71.9900,269.2800,1.799997
FILLER_95_130,VPWR,li1,70.6100,269.2800,1.799997
FILLER_95_127,VPWR,li1,69.2300,269.2800,1.799997
FILLER_95_124,VPWR,li1,67.8500,269.2800,1.799996
FILLER_95_121,VPWR,li1,66.4700,269.2800,1.799996
FILLER_95_69,VPWR,li1,42.0900,269.2800,1.799994
FILLER_95_66,VPWR,li1,41.1700,269.2800,1.799994
FILLER_95_63,VPWR,li1,39.7900,269.2800,1.799994
FILLER_95_60,VPWR,li1,38.4100,269.2800,1.799994
FILLER_95_57,VPWR,li1,37.0300,269.2800,1.799994
FILLER_95_54,VPWR,li1,35.4200,269.2800,1.799993
FILLER_95_35,VPWR,li1,26.6800,269.2800,1.799995
FILLER_95_6,VPWR,li1,13.5700,269.2800,1.799998
FILLER_95_3,VPWR,li1,12.1900,269.2800,1.799998
FILLER_94_645,VPWR,li1,307.5100,269.2800,1.799992
FILLER_94_642,VPWR,li1,305.9000,269.2800,1.799992
FILLER_94_639,VPWR,li1,304.7500,269.2800,1.799992
FILLER_94_636,VPWR,li1,303.3700,269.2800,1.799992
FILLER_94_633,VPWR,li1,301.9900,269.2800,1.799992
FILLER_94_630,VPWR,li1,300.6100,269.2800,1.799992
FILLER_94_627,VPWR,li1,299.2300,269.2800,1.799992
FILLER_94_598,VPWR,li1,285.6600,269.2800,1.799994
FILLER_94_595,VPWR,li1,284.5100,269.2800,1.799993
FILLER_94_592,VPWR,li1,283.1300,269.2800,1.799993
FILLER_94_578,VPWR,li1,276.4600,269.2800,1.799990
FILLER_94_575,VPWR,li1,275.3100,269.2800,1.799990
FILLER_94_572,VPWR,li1,273.9300,269.2800,1.799990
FILLER_94_569,VPWR,li1,272.5500,269.2800,1.799989
FILLER_94_566,VPWR,li1,271.1700,269.2800,1.799989
FILLER_94_563,VPWR,li1,269.7900,269.2800,1.799988
FILLER_94_560,VPWR,li1,268.4100,269.2800,1.799988
FILLER_94_557,VPWR,li1,267.0300,269.2800,1.799988
FILLER_94_554,VPWR,li1,265.6500,269.2800,1.799987
FILLER_94_530,VPWR,li1,254.3800,269.2800,1.799986
FILLER_94_515,VPWR,li1,247.7100,269.2800,1.799975
FILLER_94_505,VPWR,li1,242.8800,269.2800,1.799977
FILLER_94_502,VPWR,li1,241.7300,269.2800,1.799977
FILLER_94_499,VPWR,li1,240.3500,269.2800,1.799977
FILLER_94_496,VPWR,li1,238.9700,269.2800,1.799978
FILLER_94_486,VPWR,li1,234.1400,269.2800,1.799980
FILLER_94_480,VPWR,li1,231.6100,269.2800,1.799980
FILLER_94_477,VPWR,li1,230.2300,269.2800,1.799981
FILLER_94_474,VPWR,li1,228.6200,269.2800,1.799982
FILLER_94_468,VPWR,li1,225.8600,269.2800,1.799983
FILLER_94_454,VPWR,li1,219.4200,269.2800,1.799985
FILLER_94_451,VPWR,li1,218.2700,269.2800,1.799986
FILLER_94_448,VPWR,li1,216.8900,269.2800,1.799986
FILLER_94_445,VPWR,li1,215.5100,269.2800,1.799987
FILLER_94_434,VPWR,li1,210.4500,269.2800,1.799989
FILLER_94_424,VPWR,li1,205.6200,269.2800,1.799991
FILLER_94_421,VPWR,li1,204.4700,269.2800,1.799992
FILLER_94_411,VPWR,li1,199.6400,269.2800,1.799994
FILLER_94_408,VPWR,li1,198.4900,269.2800,1.799995
FILLER_94_405,VPWR,li1,197.1100,269.2800,1.799995
FILLER_94_402,VPWR,li1,195.7300,269.2800,1.799996
FILLER_94_399,VPWR,li1,194.3500,269.2800,1.799996
FILLER_94_396,VPWR,li1,192.9700,269.2800,1.799996
FILLER_94_393,VPWR,li1,191.5900,269.2800,1.799996
FILLER_94_383,VPWR,li1,186.7600,269.2800,1.799996
FILLER_94_354,VPWR,li1,173.4200,269.2800,1.799996
FILLER_94_351,VPWR,li1,172.2700,269.2800,1.799996
FILLER_94_348,VPWR,li1,170.8900,269.2800,1.799996
FILLER_94_336,VPWR,li1,165.3700,269.2800,1.799997
FILLER_94_327,VPWR,li1,161.2300,269.2800,1.799997
FILLER_94_324,VPWR,li1,159.8500,269.2800,1.799997
FILLER_94_321,VPWR,li1,158.4700,269.2800,1.799996
FILLER_94_318,VPWR,li1,157.0900,269.2800,1.799996
FILLER_94_305,VPWR,li1,151.1100,269.2800,1.799996
FILLER_94_302,VPWR,li1,149.7300,269.2800,1.799996
FILLER_94_299,VPWR,li1,148.3500,269.2800,1.799996
FILLER_94_296,VPWR,li1,146.9700,269.2800,1.799996
FILLER_94_293,VPWR,li1,145.5900,269.2800,1.799996
FILLER_94_290,VPWR,li1,144.2100,269.2800,1.799997
FILLER_94_287,VPWR,li1,142.8300,269.2800,1.799997
FILLER_94_284,VPWR,li1,141.4500,269.2800,1.799997
FILLER_94_281,VPWR,li1,140.0700,269.2800,1.799997
FILLER_94_272,VPWR,li1,135.4700,269.2800,1.799997
FILLER_94_268,VPWR,li1,133.6300,269.2800,1.799998
FILLER_94_259,VPWR,li1,129.4900,269.2800,1.799998
FILLER_94_256,VPWR,li1,128.5700,269.2800,1.799998
FILLER_94_253,VPWR,li1,127.1900,269.2800,1.799998
FILLER_94_250,VPWR,li1,125.5800,269.2800,1.799998
FILLER_94_247,VPWR,li1,124.4300,269.2800,1.799998
FILLER_94_244,VPWR,li1,123.0500,269.2800,1.799998
FILLER_94_241,VPWR,li1,121.6700,269.2800,1.799998
FILLER_94_238,VPWR,li1,120.2900,269.2800,1.799998
FILLER_94_235,VPWR,li1,118.9100,269.2800,1.799998
FILLER_94_222,VPWR,li1,112.7000,269.2800,1.799999
FILLER_94_204,VPWR,li1,104.1900,269.2800,1.799999
FILLER_94_184,VPWR,li1,95.2200,269.2800,1.799999
FILLER_94_181,VPWR,li1,94.0700,269.2800,1.799999
FILLER_94_178,VPWR,li1,92.6900,269.2800,1.799999
FILLER_94_175,VPWR,li1,91.3100,269.2800,1.799999
FILLER_94_172,VPWR,li1,89.9300,269.2800,1.799999
FILLER_94_162,VPWR,li1,85.3300,269.2800,1.799999
FILLER_94_159,VPWR,li1,83.9500,269.2800,1.799999
FILLER_94_151,VPWR,li1,79.8100,269.2800,1.799998
FILLER_94_141,VPWR,li1,75.4400,269.2800,1.799998
FILLER_94_127,VPWR,li1,68.7700,269.2800,1.799997
FILLER_94_124,VPWR,li1,67.8500,269.2800,1.799996
FILLER_94_121,VPWR,li1,66.4700,269.2800,1.799996
FILLER_94_118,VPWR,li1,65.0900,269.2800,1.799996
FILLER_94_115,VPWR,li1,63.7100,269.2800,1.799996
FILLER_94_102,VPWR,li1,57.2700,269.2800,1.799994
FILLER_94_99,VPWR,li1,56.3500,269.2800,1.799994
FILLER_94_85,VPWR,li1,49.9100,269.2800,1.799994
FILLER_94_66,VPWR,li1,40.7100,269.2800,1.799994
FILLER_94_63,VPWR,li1,39.7900,269.2800,1.799994
FILLER_94_43,VPWR,li1,30.5900,269.2800,1.799993
FILLER_94_40,VPWR,li1,29.2100,269.2800,1.799994
FILLER_94_37,VPWR,li1,27.8300,269.2800,1.799994
FILLER_94_27,VPWR,li1,22.7700,269.2800,1.799996
FILLER_93_647,VPWR,li1,307.9700,263.8400,1.799993
FILLER_93_644,VPWR,li1,307.0500,263.8400,1.799993
FILLER_93_641,VPWR,li1,305.6700,263.8400,1.799993
FILLER_93_638,VPWR,li1,304.2900,263.8400,1.799993
FILLER_93_635,VPWR,li1,302.9100,263.8400,1.799993
FILLER_93_632,VPWR,li1,301.5300,263.8400,1.799993
FILLER_93_629,VPWR,li1,300.1500,263.8400,1.799993
FILLER_93_626,VPWR,li1,298.7700,263.8400,1.799993
FILLER_93_623,VPWR,li1,297.3900,263.8400,1.799993
FILLER_93_620,VPWR,li1,296.0100,263.8400,1.799994
FILLER_93_613,VPWR,li1,292.7900,263.8400,1.799995
FILLER_93_604,VPWR,li1,288.1900,263.8400,1.799996
FILLER_93_601,VPWR,li1,287.2700,263.8400,1.799996
FILLER_93_598,VPWR,li1,285.8900,263.8400,1.799996
FILLER_93_595,VPWR,li1,284.5100,263.8400,1.799996
FILLER_93_589,VPWR,li1,281.5200,263.8400,1.799996
FILLER_93_586,VPWR,li1,280.3700,263.8400,1.799995
FILLER_93_583,VPWR,li1,278.9900,263.8400,1.799995
FILLER_93_561,VPWR,li1,268.4100,263.8400,1.799995
FILLER_93_550,VPWR,li1,263.3500,263.8400,1.799996
FILLER_93_547,VPWR,li1,262.4300,263.8400,1.799996
FILLER_93_537,VPWR,li1,257.6000,263.8400,1.799997
FILLER_93_534,VPWR,li1,256.4500,263.8400,1.799997
FILLER_93_531,VPWR,li1,255.0700,263.8400,1.799997
FILLER_93_528,VPWR,li1,253.6900,263.8400,1.799997
FILLER_93_525,VPWR,li1,252.3100,263.8400,1.799996
FILLER_93_513,VPWR,li1,246.3300,263.8400,1.799995
FILLER_93_494,VPWR,li1,237.5900,263.8400,1.799994
FILLER_93_472,VPWR,li1,227.4700,263.8400,1.799995
FILLER_93_449,VPWR,li1,217.1200,263.8400,1.799995
FILLER_93_447,VPWR,li1,215.9700,263.8400,1.799995
FILLER_93_444,VPWR,li1,215.0500,263.8400,1.799995
FILLER_93_441,VPWR,li1,213.6700,263.8400,1.799995
FILLER_93_409,VPWR,li1,198.9500,263.8400,1.799997
FILLER_93_402,VPWR,li1,195.7300,263.8400,1.799997
FILLER_93_369,VPWR,li1,180.3200,263.8400,1.799997
FILLER_93_366,VPWR,li1,179.1700,263.8400,1.799997
FILLER_93_363,VPWR,li1,177.7900,263.8400,1.799997
FILLER_93_358,VPWR,li1,175.2600,263.8400,1.799997
FILLER_93_355,VPWR,li1,174.1100,263.8400,1.799997
FILLER_93_352,VPWR,li1,172.7300,263.8400,1.799998
FILLER_93_349,VPWR,li1,171.3500,263.8400,1.799998
FILLER_93_346,VPWR,li1,169.9700,263.8400,1.799998
FILLER_93_343,VPWR,li1,168.5900,263.8400,1.799998
FILLER_93_340,VPWR,li1,167.2100,263.8400,1.799998
FILLER_93_337,VPWR,li1,165.8300,263.8400,1.799998
FILLER_93_333,VPWR,li1,163.9900,263.8400,1.799998
FILLER_93_312,VPWR,li1,154.3300,263.8400,1.799998
FILLER_93_309,VPWR,li1,152.9500,263.8400,1.799998
FILLER_93_306,VPWR,li1,151.5700,263.8400,1.799998
FILLER_93_297,VPWR,li1,146.9700,263.8400,1.799997
FILLER_93_294,VPWR,li1,146.0500,263.8400,1.799997
FILLER_93_284,VPWR,li1,141.2200,263.8400,1.799997
FILLER_93_281,VPWR,li1,140.0700,263.8400,1.799997
FILLER_93_279,VPWR,li1,138.6900,263.8400,1.799997
FILLER_93_274,VPWR,li1,136.6200,263.8400,1.799997
FILLER_93_271,VPWR,li1,135.4700,263.8400,1.799998
FILLER_93_268,VPWR,li1,134.0900,263.8400,1.799998
FILLER_93_265,VPWR,li1,132.7100,263.8400,1.799997
FILLER_93_262,VPWR,li1,131.3300,263.8400,1.799997
FILLER_93_239,VPWR,li1,120.5200,263.8400,1.799997
FILLER_93_236,VPWR,li1,119.3700,263.8400,1.799997
FILLER_93_233,VPWR,li1,117.9900,263.8400,1.799998
FILLER_93_230,VPWR,li1,116.6100,263.8400,1.799998
FILLER_93_222,VPWR,li1,112.7000,263.8400,1.799998
FILLER_93_213,VPWR,li1,108.3300,263.8400,1.799999
FILLER_93_210,VPWR,li1,107.4100,263.8400,1.799999
FILLER_93_207,VPWR,li1,106.0300,263.8400,1.799999
FILLER_93_204,VPWR,li1,104.6500,263.8400,1.799999
FILLER_93_201,VPWR,li1,103.2700,263.8400,1.799999
FILLER_93_193,VPWR,li1,99.5900,263.8400,1.799999
FILLER_93_190,VPWR,li1,98.2100,263.8400,1.799999
FILLER_93_187,VPWR,li1,96.8300,263.8400,1.799999
FILLER_93_184,VPWR,li1,95.4500,263.8400,1.799999
FILLER_93_181,VPWR,li1,94.0700,263.8400,1.799999
FILLER_93_178,VPWR,li1,92.6900,263.8400,1.799999
FILLER_93_175,VPWR,li1,91.3100,263.8400,1.799999
FILLER_93_172,VPWR,li1,89.9300,263.8400,1.799999
FILLER_93_169,VPWR,li1,88.5500,263.8400,1.799999
FILLER_93_158,VPWR,li1,83.2600,263.8400,1.799999
FILLER_93_155,VPWR,li1,82.1100,263.8400,1.799999
FILLER_93_152,VPWR,li1,80.7300,263.8400,1.799999
FILLER_93_144,VPWR,li1,77.0500,263.8400,1.799999
FILLER_93_132,VPWR,li1,71.3000,263.8400,1.799998
FILLER_93_129,VPWR,li1,70.1500,263.8400,1.799998
FILLER_93_119,VPWR,li1,65.0900,263.8400,1.799997
FILLER_93_116,VPWR,li1,64.1700,263.8400,1.799996
FILLER_93_113,VPWR,li1,62.7900,263.8400,1.799996
FILLER_93_111,VPWR,li1,61.4100,263.8400,1.799996
FILLER_93_108,VPWR,li1,60.4900,263.8400,1.799996
FILLER_93_105,VPWR,li1,59.1100,263.8400,1.799995
FILLER_93_102,VPWR,li1,57.7300,263.8400,1.799996
FILLER_93_99,VPWR,li1,56.3500,263.8400,1.799996
FILLER_93_96,VPWR,li1,54.9700,263.8400,1.799996
FILLER_93_93,VPWR,li1,53.5900,263.8400,1.799996
FILLER_93_90,VPWR,li1,52.2100,263.8400,1.799996
FILLER_93_37,VPWR,li1,27.8300,263.8400,1.799992
FILLER_92_645,VPWR,li1,307.5100,263.8400,1.799993
FILLER_92_613,VPWR,li1,292.5600,263.8400,1.799995
FILLER_92_598,VPWR,li1,285.4300,263.8400,1.799996
FILLER_92_595,VPWR,li1,284.5100,263.8400,1.799996
FILLER_92_592,VPWR,li1,283.1300,263.8400,1.799996
FILLER_92_589,VPWR,li1,281.7500,263.8400,1.799996
FILLER_92_586,VPWR,li1,280.1400,263.8400,1.799995
FILLER_92_583,VPWR,li1,278.9900,263.8400,1.799995
FILLER_92_580,VPWR,li1,277.6100,263.8400,1.799995
FILLER_92_577,VPWR,li1,276.2300,263.8400,1.799995
FILLER_92_571,VPWR,li1,273.4700,263.8400,1.799995
FILLER_92_559,VPWR,li1,267.9500,263.8400,1.799995
FILLER_92_556,VPWR,li1,266.5700,263.8400,1.799996
FILLER_92_553,VPWR,li1,265.1900,263.8400,1.799996
FILLER_92_550,VPWR,li1,263.8100,263.8400,1.799996
FILLER_92_547,VPWR,li1,262.4300,263.8400,1.799996
FILLER_92_536,VPWR,li1,257.3700,263.8400,1.799997
FILLER_92_533,VPWR,li1,255.9900,263.8400,1.799997
FILLER_92_529,VPWR,li1,254.1500,263.8400,1.799997
FILLER_92_518,VPWR,li1,248.8600,263.8400,1.799996
FILLER_92_515,VPWR,li1,247.7100,263.8400,1.799995
FILLER_92_493,VPWR,li1,237.1300,263.8400,1.799994
FILLER_92_490,VPWR,li1,236.2100,263.8400,1.799994
FILLER_92_487,VPWR,li1,234.8300,263.8400,1.799995
FILLER_92_484,VPWR,li1,233.4500,263.8400,1.799995
FILLER_92_477,VPWR,li1,229.7700,263.8400,1.799995
FILLER_92_474,VPWR,li1,228.6200,263.8400,1.799995
FILLER_92_471,VPWR,li1,227.4700,263.8400,1.799995
FILLER_92_468,VPWR,li1,226.0900,263.8400,1.799996
FILLER_92_465,VPWR,li1,224.7100,263.8400,1.799996
FILLER_92_462,VPWR,li1,223.3300,263.8400,1.799995
FILLER_92_459,VPWR,li1,221.9500,263.8400,1.799995
FILLER_92_442,VPWR,li1,214.1300,263.8400,1.799995
FILLER_92_439,VPWR,li1,212.7500,263.8400,1.799995
FILLER_92_432,VPWR,li1,209.5300,263.8400,1.799995
FILLER_92_429,VPWR,li1,208.1500,263.8400,1.799995
FILLER_92_426,VPWR,li1,206.7700,263.8400,1.799995
FILLER_92_421,VPWR,li1,204.2400,263.8400,1.799995
FILLER_92_419,VPWR,li1,203.0900,263.8400,1.799995
FILLER_92_407,VPWR,li1,198.0300,263.8400,1.799997
FILLER_92_404,VPWR,li1,196.6500,263.8400,1.799997
FILLER_92_393,VPWR,li1,191.3600,263.8400,1.799997
FILLER_92_390,VPWR,li1,190.2100,263.8400,1.799996
FILLER_92_387,VPWR,li1,188.8300,263.8400,1.799996
FILLER_92_384,VPWR,li1,187.4500,263.8400,1.799996
FILLER_92_380,VPWR,li1,185.1500,263.8400,1.799996
FILLER_92_377,VPWR,li1,184.2300,263.8400,1.799996
FILLER_92_374,VPWR,li1,182.8500,263.8400,1.799996
FILLER_92_371,VPWR,li1,181.4700,263.8400,1.799996
FILLER_92_368,VPWR,li1,180.0900,263.8400,1.799997
FILLER_92_365,VPWR,li1,178.7100,263.8400,1.799997
FILLER_92_362,VPWR,li1,177.1000,263.8400,1.799997
FILLER_92_350,VPWR,li1,171.8100,263.8400,1.799998
FILLER_92_347,VPWR,li1,170.4300,263.8400,1.799998
FILLER_92_344,VPWR,li1,169.0500,263.8400,1.799998
FILLER_92_341,VPWR,li1,167.6700,263.8400,1.799998
FILLER_92_338,VPWR,li1,166.2900,263.8400,1.799998
FILLER_92_335,VPWR,li1,164.9100,263.8400,1.799998
FILLER_92_326,VPWR,li1,160.3100,263.8400,1.799998
FILLER_92_321,VPWR,li1,158.2400,263.8400,1.799998
FILLER_92_318,VPWR,li1,157.0900,263.8400,1.799998
FILLER_92_315,VPWR,li1,155.7100,263.8400,1.799998
FILLER_92_312,VPWR,li1,154.3300,263.8400,1.799998
FILLER_92_309,VPWR,li1,152.9500,263.8400,1.799998
FILLER_92_305,VPWR,li1,151.1100,263.8400,1.799998
FILLER_92_302,VPWR,li1,149.7300,263.8400,1.799998
FILLER_92_299,VPWR,li1,148.3500,263.8400,1.799998
FILLER_92_296,VPWR,li1,146.9700,263.8400,1.799997
FILLER_92_265,VPWR,li1,132.4800,263.8400,1.799997
FILLER_92_262,VPWR,li1,131.3300,263.8400,1.799997
FILLER_92_253,VPWR,li1,126.7300,263.8400,1.799997
FILLER_92_249,VPWR,li1,125.3500,263.8400,1.799997
FILLER_92_240,VPWR,li1,120.9800,263.8400,1.799997
FILLER_92_237,VPWR,li1,119.8300,263.8400,1.799997
FILLER_92_234,VPWR,li1,118.4500,263.8400,1.799997
FILLER_92_231,VPWR,li1,117.0700,263.8400,1.799998
FILLER_92_228,VPWR,li1,115.6900,263.8400,1.799998
FILLER_92_225,VPWR,li1,114.3100,263.8400,1.799998
FILLER_92_222,VPWR,li1,112.9300,263.8400,1.799998
FILLER_92_212,VPWR,li1,108.1000,263.8400,1.799999
FILLER_92_209,VPWR,li1,106.9500,263.8400,1.799999
FILLER_92_206,VPWR,li1,105.5700,263.8400,1.799999
FILLER_92_203,VPWR,li1,104.1900,263.8400,1.799999
FILLER_92_200,VPWR,li1,102.8100,263.8400,1.799999
FILLER_92_197,VPWR,li1,101.4300,263.8400,1.799999
FILLER_92_194,VPWR,li1,99.8200,263.8400,1.799999
FILLER_92_191,VPWR,li1,98.6700,263.8400,1.799999
FILLER_92_188,VPWR,li1,97.2900,263.8400,1.799999
FILLER_92_185,VPWR,li1,95.9100,263.8400,1.799999
FILLER_92_182,VPWR,li1,94.5300,263.8400,1.799999
FILLER_92_171,VPWR,li1,89.4700,263.8400,1.799999
FILLER_92_168,VPWR,li1,88.0900,263.8400,1.799999
FILLER_92_165,VPWR,li1,86.7100,263.8400,1.799999
FILLER_92_162,VPWR,li1,85.3300,263.8400,1.799999
FILLER_92_159,VPWR,li1,83.9500,263.8400,1.799999
FILLER_92_156,VPWR,li1,82.5700,263.8400,1.799999
FILLER_92_153,VPWR,li1,81.1900,263.8400,1.799999
FILLER_92_150,VPWR,li1,79.8100,263.8400,1.799999
FILLER_92_147,VPWR,li1,78.4300,263.8400,1.799999
FILLER_92_144,VPWR,li1,77.0500,263.8400,1.799999
FILLER_92_141,VPWR,li1,75.6700,263.8400,1.799999
FILLER_92_137,VPWR,li1,73.8300,263.8400,1.799998
FILLER_92_134,VPWR,li1,72.4500,263.8400,1.799998
FILLER_92_131,VPWR,li1,71.0700,263.8400,1.799998
FILLER_92_128,VPWR,li1,69.6900,263.8400,1.799998
FILLER_92_125,VPWR,li1,68.3100,263.8400,1.799997
FILLER_92_113,VPWR,li1,62.7900,263.8400,1.799996
FILLER_92_95,VPWR,li1,54.0500,263.8400,1.799996
FILLER_92_92,VPWR,li1,53.1300,263.8400,1.799996
FILLER_92_85,VPWR,li1,49.9100,263.8400,1.799996
FILLER_92_75,VPWR,li1,44.8500,263.8400,1.799996
FILLER_92_56,VPWR,li1,36.3400,263.8400,1.799994
FILLER_92_53,VPWR,li1,35.1900,263.8400,1.799993
FILLER_92_35,VPWR,li1,26.4500,263.8400,1.799992
FILLER_92_32,VPWR,li1,25.5300,263.8400,1.799992
FILLER_92_29,VPWR,li1,24.1500,263.8400,1.799992
FILLER_92_27,VPWR,li1,22.7700,263.8400,1.799992
FILLER_92_24,VPWR,li1,21.8500,263.8400,1.799993
FILLER_92_21,VPWR,li1,20.4700,263.8400,1.799993
FILLER_92_3,VPWR,li1,11.7300,263.8400,1.799994
FILLER_91_645,VPWR,li1,307.5100,258.4000,1.799992
FILLER_91_642,VPWR,li1,306.1300,258.4000,1.799992
FILLER_91_639,VPWR,li1,304.7500,258.4000,1.799992
FILLER_91_636,VPWR,li1,303.3700,258.4000,1.799992
FILLER_91_631,VPWR,li1,300.8400,258.4000,1.799992
FILLER_91_617,VPWR,li1,294.4000,258.4000,1.799992
FILLER_91_573,VPWR,li1,273.9300,258.4000,1.799995
FILLER_91_570,VPWR,li1,273.0100,258.4000,1.799995
FILLER_91_567,VPWR,li1,271.6300,258.4000,1.799996
FILLER_91_564,VPWR,li1,270.2500,258.4000,1.799996
FILLER_91_561,VPWR,li1,268.8700,258.4000,1.799996
FILLER_91_559,VPWR,li1,267.4900,258.4000,1.799996
FILLER_91_556,VPWR,li1,266.5700,258.4000,1.799996
FILLER_91_553,VPWR,li1,265.1900,258.4000,1.799996
FILLER_91_550,VPWR,li1,263.8100,258.4000,1.799997
FILLER_91_547,VPWR,li1,262.4300,258.4000,1.799997
FILLER_91_544,VPWR,li1,261.0500,258.4000,1.799997
FILLER_91_532,VPWR,li1,255.5300,258.4000,1.799998
FILLER_91_529,VPWR,li1,254.1500,258.4000,1.799998
FILLER_91_526,VPWR,li1,252.7700,258.4000,1.799998
FILLER_91_523,VPWR,li1,251.3900,258.4000,1.799997
FILLER_91_520,VPWR,li1,250.0100,258.4000,1.799997
FILLER_91_517,VPWR,li1,248.6300,258.4000,1.799997
FILLER_91_514,VPWR,li1,247.2500,258.4000,1.799997
FILLER_91_511,VPWR,li1,245.8700,258.4000,1.799997
FILLER_91_508,VPWR,li1,244.4900,258.4000,1.799997
FILLER_91_505,VPWR,li1,243.1100,258.4000,1.799996
FILLER_91_502,VPWR,li1,241.5000,258.4000,1.799996
FILLER_91_499,VPWR,li1,240.3500,258.4000,1.799996
FILLER_91_496,VPWR,li1,238.9700,258.4000,1.799996
FILLER_91_490,VPWR,li1,236.2100,258.4000,1.799996
FILLER_91_487,VPWR,li1,234.8300,258.4000,1.799996
FILLER_91_484,VPWR,li1,233.4500,258.4000,1.799996
FILLER_91_481,VPWR,li1,232.0700,258.4000,1.799996
FILLER_91_476,VPWR,li1,229.3100,258.4000,1.799997
FILLER_91_473,VPWR,li1,228.3900,258.4000,1.799997
FILLER_91_470,VPWR,li1,227.0100,258.4000,1.799997
FILLER_91_467,VPWR,li1,225.6300,258.4000,1.799997
FILLER_91_464,VPWR,li1,224.2500,258.4000,1.799997
FILLER_91_461,VPWR,li1,222.8700,258.4000,1.799997
FILLER_91_458,VPWR,li1,221.4900,258.4000,1.799997
FILLER_91_455,VPWR,li1,220.1100,258.4000,1.799997
FILLER_91_452,VPWR,li1,218.7300,258.4000,1.799997
FILLER_91_449,VPWR,li1,217.3500,258.4000,1.799997
FILLER_91_447,VPWR,li1,215.9700,258.4000,1.799997
FILLER_91_444,VPWR,li1,215.0500,258.4000,1.799997
FILLER_91_434,VPWR,li1,210.2200,258.4000,1.799998
FILLER_91_431,VPWR,li1,209.0700,258.4000,1.799998
FILLER_91_428,VPWR,li1,207.6900,258.4000,1.799998
FILLER_91_425,VPWR,li1,206.3100,258.4000,1.799998
FILLER_91_422,VPWR,li1,204.9300,258.4000,1.799998
FILLER_91_419,VPWR,li1,203.5500,258.4000,1.799998
FILLER_91_416,VPWR,li1,202.1700,258.4000,1.799998
FILLER_91_413,VPWR,li1,200.7900,258.4000,1.799998
FILLER_91_408,VPWR,li1,198.0300,258.4000,1.799999
FILLER_91_405,VPWR,li1,197.1100,258.4000,1.799999
FILLER_91_402,VPWR,li1,195.7300,258.4000,1.799999
FILLER_91_399,VPWR,li1,194.3500,258.4000,1.799999
FILLER_91_396,VPWR,li1,192.9700,258.4000,1.799999
FILLER_91_393,VPWR,li1,191.5900,258.4000,1.799999
FILLER_91_389,VPWR,li1,189.7500,258.4000,1.799999
FILLER_91_386,VPWR,li1,188.3700,258.4000,1.799999
FILLER_91_383,VPWR,li1,186.9900,258.4000,1.799999
FILLER_91_380,VPWR,li1,185.6100,258.4000,1.799999
FILLER_91_377,VPWR,li1,184.2300,258.4000,1.799999
FILLER_91_374,VPWR,li1,182.8500,258.4000,1.799999
FILLER_91_371,VPWR,li1,181.4700,258.4000,1.799998
FILLER_91_368,VPWR,li1,180.0900,258.4000,1.799998
FILLER_91_365,VPWR,li1,178.7100,258.4000,1.799998
FILLER_91_362,VPWR,li1,177.3300,258.4000,1.799998
FILLER_91_359,VPWR,li1,175.9500,258.4000,1.799998
FILLER_91_356,VPWR,li1,174.5700,258.4000,1.799998
FILLER_91_353,VPWR,li1,173.1900,258.4000,1.799998
FILLER_91_350,VPWR,li1,171.8100,258.4000,1.799998
FILLER_91_340,VPWR,li1,166.7500,258.4000,1.799998
FILLER_91_337,VPWR,li1,165.8300,258.4000,1.799998
FILLER_91_334,VPWR,li1,164.2200,258.4000,1.799997
FILLER_91_311,VPWR,li1,153.6400,258.4000,1.799996
FILLER_91_300,VPWR,li1,148.5800,258.4000,1.799995
FILLER_91_294,VPWR,li1,146.0500,258.4000,1.799996
FILLER_91_291,VPWR,li1,144.6700,258.4000,1.799996
FILLER_91_281,VPWR,li1,139.6100,258.4000,1.799997
FILLER_91_279,VPWR,li1,138.6900,258.4000,1.799997
FILLER_91_276,VPWR,li1,137.7700,258.4000,1.799997
FILLER_91_273,VPWR,li1,136.3900,258.4000,1.799998
FILLER_91_270,VPWR,li1,135.0100,258.4000,1.799998
FILLER_91_267,VPWR,li1,133.6300,258.4000,1.799998
FILLER_91_258,VPWR,li1,129.0300,258.4000,1.799998
FILLER_91_252,VPWR,li1,126.7300,258.4000,1.799998
FILLER_91_249,VPWR,li1,125.3500,258.4000,1.799998
FILLER_91_246,VPWR,li1,123.9700,258.4000,1.799998
FILLER_91_243,VPWR,li1,122.5900,258.4000,1.799999
FILLER_91_240,VPWR,li1,121.2100,258.4000,1.799999
FILLER_91_237,VPWR,li1,119.8300,258.4000,1.799999
FILLER_91_234,VPWR,li1,118.4500,258.4000,1.799999
FILLER_91_231,VPWR,li1,117.0700,258.4000,1.799999
FILLER_91_228,VPWR,li1,115.6900,258.4000,1.799999
FILLER_91_225,VPWR,li1,114.3100,258.4000,1.799999
FILLER_91_218,VPWR,li1,110.6300,258.4000,1.799999
FILLER_91_215,VPWR,li1,109.7100,258.4000,1.799999
FILLER_91_212,VPWR,li1,108.3300,258.4000,1.799999
FILLER_91_209,VPWR,li1,106.9500,258.4000,1.799999
FILLER_91_206,VPWR,li1,105.5700,258.4000,1.800000
FILLER_91_203,VPWR,li1,104.1900,258.4000,1.800000
FILLER_91_200,VPWR,li1,102.8100,258.4000,1.799999
FILLER_91_197,VPWR,li1,101.4300,258.4000,1.799999
FILLER_91_194,VPWR,li1,100.0500,258.4000,1.799999
FILLER_91_191,VPWR,li1,98.6700,258.4000,1.799999
FILLER_91_188,VPWR,li1,97.2900,258.4000,1.799999
FILLER_91_181,VPWR,li1,93.8400,258.4000,1.799999
FILLER_91_178,VPWR,li1,92.6900,258.4000,1.799999
FILLER_91_175,VPWR,li1,91.3100,258.4000,1.799999
FILLER_91_172,VPWR,li1,89.9300,258.4000,1.799999
FILLER_91_169,VPWR,li1,88.5500,258.4000,1.799999
FILLER_91_167,VPWR,li1,87.1700,258.4000,1.799999
FILLER_91_164,VPWR,li1,86.2500,258.4000,1.799999
FILLER_91_154,VPWR,li1,81.4200,258.4000,1.799999
FILLER_91_151,VPWR,li1,80.2700,258.4000,1.799999
FILLER_91_148,VPWR,li1,78.8900,258.4000,1.799999
FILLER_91_145,VPWR,li1,77.5100,258.4000,1.799999
FILLER_91_142,VPWR,li1,76.1300,258.4000,1.799999
FILLER_91_139,VPWR,li1,74.7500,258.4000,1.799999
FILLER_91_136,VPWR,li1,73.3700,258.4000,1.799999
FILLER_91_133,VPWR,li1,71.9900,258.4000,1.799999
FILLER_91_130,VPWR,li1,70.6100,258.4000,1.799999
FILLER_91_127,VPWR,li1,69.2300,258.4000,1.799999
FILLER_91_124,VPWR,li1,67.8500,258.4000,1.799999
FILLER_91_113,VPWR,li1,62.7900,258.4000,1.799998
FILLER_91_111,VPWR,li1,61.4100,258.4000,1.799998
FILLER_91_101,VPWR,li1,56.8100,258.4000,1.799997
FILLER_91_98,VPWR,li1,55.8900,258.4000,1.799997
FILLER_91_85,VPWR,li1,49.9100,258.4000,1.799997
FILLER_91_74,VPWR,li1,44.8500,258.4000,1.799996
FILLER_91_54,VPWR,li1,35.4200,258.4000,1.799994
FILLER_91_31,VPWR,li1,24.8400,258.4000,1.799995
FILLER_91_28,VPWR,li1,23.6900,258.4000,1.799995
FILLER_91_11,VPWR,li1,15.4100,258.4000,1.799997
FILLER_90_645,VPWR,li1,307.5100,258.4000,1.799992
FILLER_90_642,VPWR,li1,305.9000,258.4000,1.799992
FILLER_90_639,VPWR,li1,304.7500,258.4000,1.799992
FILLER_90_636,VPWR,li1,303.3700,258.4000,1.799992
FILLER_90_633,VPWR,li1,301.9900,258.4000,1.799992
FILLER_90_630,VPWR,li1,300.6100,258.4000,1.799992
FILLER_90_607,VPWR,li1,289.8000,258.4000,1.799993
FILLER_90_604,VPWR,li1,288.6500,258.4000,1.799994
FILLER_90_598,VPWR,li1,285.8900,258.4000,1.799995
FILLER_90_595,VPWR,li1,284.5100,258.4000,1.799995
FILLER_90_592,VPWR,li1,283.1300,258.4000,1.799995
FILLER_90_589,VPWR,li1,281.7500,258.4000,1.799995
FILLER_90_583,VPWR,li1,278.7600,258.4000,1.799995
FILLER_90_580,VPWR,li1,277.6100,258.4000,1.799995
FILLER_90_573,VPWR,li1,274.1600,258.4000,1.799995
FILLER_90_570,VPWR,li1,273.0100,258.4000,1.799995
FILLER_90_567,VPWR,li1,271.6300,258.4000,1.799996
FILLER_90_564,VPWR,li1,270.2500,258.4000,1.799996
FILLER_90_561,VPWR,li1,268.8700,258.4000,1.799996
FILLER_90_550,VPWR,li1,263.8100,258.4000,1.799997
FILLER_90_547,VPWR,li1,262.4300,258.4000,1.799997
FILLER_90_544,VPWR,li1,261.0500,258.4000,1.799997
FILLER_90_541,VPWR,li1,259.6700,258.4000,1.799997
FILLER_90_531,VPWR,li1,254.6100,258.4000,1.799998
FILLER_90_528,VPWR,li1,253.6900,258.4000,1.799998
FILLER_90_480,VPWR,li1,231.6100,258.4000,1.799996
FILLER_90_477,VPWR,li1,230.2300,258.4000,1.799996
FILLER_90_471,VPWR,li1,227.2400,258.4000,1.799997
FILLER_90_468,VPWR,li1,226.0900,258.4000,1.799997
FILLER_90_465,VPWR,li1,224.7100,258.4000,1.799997
FILLER_90_438,VPWR,li1,212.0600,258.4000,1.799997
FILLER_90_435,VPWR,li1,210.9100,258.4000,1.799998
FILLER_90_432,VPWR,li1,209.5300,258.4000,1.799998
FILLER_90_429,VPWR,li1,208.1500,258.4000,1.799998
FILLER_90_426,VPWR,li1,206.7700,258.4000,1.799998
FILLER_90_421,VPWR,li1,204.2400,258.4000,1.799998
FILLER_90_417,VPWR,li1,202.6300,258.4000,1.799998
FILLER_90_414,VPWR,li1,201.2500,258.4000,1.799998
FILLER_90_411,VPWR,li1,199.8700,258.4000,1.799998
FILLER_90_408,VPWR,li1,198.4900,258.4000,1.799999
FILLER_90_405,VPWR,li1,197.1100,258.4000,1.799999
FILLER_90_402,VPWR,li1,195.7300,258.4000,1.799999
FILLER_90_399,VPWR,li1,194.3500,258.4000,1.799999
FILLER_90_391,VPWR,li1,190.2100,258.4000,1.799999
FILLER_90_388,VPWR,li1,189.2900,258.4000,1.799999
FILLER_90_385,VPWR,li1,187.9100,258.4000,1.799999
FILLER_90_371,VPWR,li1,181.2400,258.4000,1.799998
FILLER_90_368,VPWR,li1,180.0900,258.4000,1.799998
FILLER_90_365,VPWR,li1,178.7100,258.4000,1.799998
FILLER_90_354,VPWR,li1,173.6500,258.4000,1.799998
FILLER_90_351,VPWR,li1,172.2700,258.4000,1.799998
FILLER_90_348,VPWR,li1,170.8900,258.4000,1.799998
FILLER_90_345,VPWR,li1,169.5100,258.4000,1.799998
FILLER_90_342,VPWR,li1,168.1300,258.4000,1.799998
FILLER_90_339,VPWR,li1,166.7500,258.4000,1.799998
FILLER_90_336,VPWR,li1,165.3700,258.4000,1.799998
FILLER_90_325,VPWR,li1,160.3100,258.4000,1.799997
FILLER_90_315,VPWR,li1,155.2500,258.4000,1.799996
FILLER_90_312,VPWR,li1,154.3300,258.4000,1.799996
FILLER_90_309,VPWR,li1,152.9500,258.4000,1.799996
FILLER_90_269,VPWR,li1,134.5500,258.4000,1.799998
FILLER_90_266,VPWR,li1,133.1700,258.4000,1.799998
FILLER_90_256,VPWR,li1,128.5700,258.4000,1.799998
FILLER_90_251,VPWR,li1,125.8100,258.4000,1.799998
FILLER_90_248,VPWR,li1,124.8900,258.4000,1.799998
FILLER_90_242,VPWR,li1,121.6700,258.4000,1.799999
FILLER_90_229,VPWR,li1,116.1500,258.4000,1.799999
FILLER_90_226,VPWR,li1,114.7700,258.4000,1.799999
FILLER_90_211,VPWR,li1,107.8700,258.4000,1.799999
FILLER_90_193,VPWR,li1,99.5900,258.4000,1.799999
FILLER_90_190,VPWR,li1,98.2100,258.4000,1.799999
FILLER_90_187,VPWR,li1,96.8300,258.4000,1.799999
FILLER_90_184,VPWR,li1,95.4500,258.4000,1.799999
FILLER_90_181,VPWR,li1,94.0700,258.4000,1.799999
FILLER_90_178,VPWR,li1,92.6900,258.4000,1.799999
FILLER_90_175,VPWR,li1,91.3100,258.4000,1.799999
FILLER_90_172,VPWR,li1,89.9300,258.4000,1.799999
FILLER_90_169,VPWR,li1,88.5500,258.4000,1.799999
FILLER_90_166,VPWR,li1,87.1700,258.4000,1.799999
FILLER_90_163,VPWR,li1,85.7900,258.4000,1.799999
FILLER_90_160,VPWR,li1,84.4100,258.4000,1.799999
FILLER_90_157,VPWR,li1,83.0300,258.4000,1.799999
FILLER_90_154,VPWR,li1,81.6500,258.4000,1.799999
FILLER_90_151,VPWR,li1,80.2700,258.4000,1.799999
FILLER_90_130,VPWR,li1,70.3800,258.4000,1.799999
FILLER_90_118,VPWR,li1,64.8600,258.4000,1.799998
FILLER_90_108,VPWR,li1,60.2600,258.4000,1.799998
FILLER_90_105,VPWR,li1,59.1100,258.4000,1.799998
FILLER_90_102,VPWR,li1,57.7300,258.4000,1.799998
FILLER_90_93,VPWR,li1,53.1300,258.4000,1.799997
FILLER_90_90,VPWR,li1,52.2100,258.4000,1.799997
FILLER_90_82,VPWR,li1,48.3000,258.4000,1.799997
FILLER_90_79,VPWR,li1,47.1500,258.4000,1.799997
FILLER_90_60,VPWR,li1,38.1800,258.4000,1.799994
FILLER_90_32,VPWR,li1,25.3000,258.4000,1.799995
FILLER_90_29,VPWR,li1,24.1500,258.4000,1.799995
FILLER_90_27,VPWR,li1,22.7700,258.4000,1.799996
FILLER_90_24,VPWR,li1,21.8500,258.4000,1.799996
FILLER_90_6,VPWR,li1,13.1100,258.4000,1.799997
FILLER_90_3,VPWR,li1,12.1900,258.4000,1.799997
FILLER_89_646,VPWR,li1,307.7400,252.9600,1.799990
FILLER_89_643,VPWR,li1,306.5900,252.9600,1.799990
FILLER_89_620,VPWR,li1,295.7800,252.9600,1.799992
FILLER_89_617,VPWR,li1,294.6300,252.9600,1.799992
FILLER_89_613,VPWR,li1,292.7900,252.9600,1.799992
FILLER_89_610,VPWR,li1,291.4100,252.9600,1.799993
FILLER_89_607,VPWR,li1,290.0300,252.9600,1.799993
FILLER_89_604,VPWR,li1,288.6500,252.9600,1.799994
FILLER_89_601,VPWR,li1,287.2700,252.9600,1.799994
FILLER_89_589,VPWR,li1,281.2900,252.9600,1.799995
FILLER_89_586,VPWR,li1,280.3700,252.9600,1.799995
FILLER_89_583,VPWR,li1,278.9900,252.9600,1.799995
FILLER_89_580,VPWR,li1,277.6100,252.9600,1.799995
FILLER_89_554,VPWR,li1,265.6500,252.9600,1.799995
FILLER_89_551,VPWR,li1,264.2700,252.9600,1.799995
FILLER_89_548,VPWR,li1,262.8900,252.9600,1.799995
FILLER_89_539,VPWR,li1,258.2900,252.9600,1.799996
FILLER_89_516,VPWR,li1,247.9400,252.9600,1.799996
FILLER_89_505,VPWR,li1,243.1100,252.9600,1.799996
FILLER_89_502,VPWR,li1,241.5000,252.9600,1.799996
FILLER_89_492,VPWR,li1,236.6700,252.9600,1.799996
FILLER_89_489,VPWR,li1,235.7500,252.9600,1.799996
FILLER_89_486,VPWR,li1,234.3700,252.9600,1.799996
FILLER_89_464,VPWR,li1,223.7900,252.9600,1.799997
FILLER_89_452,VPWR,li1,218.7300,252.9600,1.799996
FILLER_89_447,VPWR,li1,215.9700,252.9600,1.799995
FILLER_89_444,VPWR,li1,215.0500,252.9600,1.799995
FILLER_89_441,VPWR,li1,213.6700,252.9600,1.799995
FILLER_89_438,VPWR,li1,212.2900,252.9600,1.799995
FILLER_89_432,VPWR,li1,209.5300,252.9600,1.799994
FILLER_89_429,VPWR,li1,208.1500,252.9600,1.799994
FILLER_89_407,VPWR,li1,197.5700,252.9600,1.799996
FILLER_89_404,VPWR,li1,196.6500,252.9600,1.799996
FILLER_89_401,VPWR,li1,195.2700,252.9600,1.799996
FILLER_89_393,VPWR,li1,191.3600,252.9600,1.799996
FILLER_89_391,VPWR,li1,190.2100,252.9600,1.799996
FILLER_89_388,VPWR,li1,189.2900,252.9600,1.799996
FILLER_89_364,VPWR,li1,178.2500,252.9600,1.799994
FILLER_89_361,VPWR,li1,176.8700,252.9600,1.799994
FILLER_89_358,VPWR,li1,175.4900,252.9600,1.799993
FILLER_89_355,VPWR,li1,174.1100,252.9600,1.799993
FILLER_89_352,VPWR,li1,172.7300,252.9600,1.799993
FILLER_89_349,VPWR,li1,171.3500,252.9600,1.799993
FILLER_89_346,VPWR,li1,169.9700,252.9600,1.799993
FILLER_89_335,VPWR,li1,164.4500,252.9600,1.799992
FILLER_89_332,VPWR,li1,163.5300,252.9600,1.799992
FILLER_89_323,VPWR,li1,158.9300,252.9600,1.799987
FILLER_89_320,VPWR,li1,158.0100,252.9600,1.799984
FILLER_89_317,VPWR,li1,156.6300,252.9600,1.799984
FILLER_89_311,VPWR,li1,153.8700,252.9600,1.799982
FILLER_89_301,VPWR,li1,149.0400,252.9600,1.799976
FILLER_89_267,VPWR,li1,133.6300,252.9600,1.799987
FILLER_89_264,VPWR,li1,132.2500,252.9600,1.799988
FILLER_89_261,VPWR,li1,130.8700,252.9600,1.799988
FILLER_89_258,VPWR,li1,129.4900,252.9600,1.799988
FILLER_89_234,VPWR,li1,118.4500,252.9600,1.799992
FILLER_89_231,VPWR,li1,117.0700,252.9600,1.799992
FILLER_89_228,VPWR,li1,115.6900,252.9600,1.799993
FILLER_89_225,VPWR,li1,114.3100,252.9600,1.799993
FILLER_89_223,VPWR,li1,112.9300,252.9600,1.799993
FILLER_89_213,VPWR,li1,108.7900,252.9600,1.799995
FILLER_89_210,VPWR,li1,107.4100,252.9600,1.799996
FILLER_89_207,VPWR,li1,106.0300,252.9600,1.799997
FILLER_89_204,VPWR,li1,104.6500,252.9600,1.799997
FILLER_89_196,VPWR,li1,100.9700,252.9600,1.799997
FILLER_89_193,VPWR,li1,99.5900,252.9600,1.799997
FILLER_89_190,VPWR,li1,98.2100,252.9600,1.799997
FILLER_89_187,VPWR,li1,96.8300,252.9600,1.799997
FILLER_89_184,VPWR,li1,95.4500,252.9600,1.799997
FILLER_89_169,VPWR,li1,88.5500,252.9600,1.799998
FILLER_89_166,VPWR,li1,86.9400,252.9600,1.799998
FILLER_89_163,VPWR,li1,85.7900,252.9600,1.799998
FILLER_89_153,VPWR,li1,80.9600,252.9600,1.799998
FILLER_89_150,VPWR,li1,79.8100,252.9600,1.799998
FILLER_89_147,VPWR,li1,78.4300,252.9600,1.799998
FILLER_89_144,VPWR,li1,77.0500,252.9600,1.799998
FILLER_89_134,VPWR,li1,72.4500,252.9600,1.799998
FILLER_89_131,VPWR,li1,71.0700,252.9600,1.799998
FILLER_89_119,VPWR,li1,65.0900,252.9600,1.799997
FILLER_89_116,VPWR,li1,64.1700,252.9600,1.799997
FILLER_89_113,VPWR,li1,62.7900,252.9600,1.799997
FILLER_89_102,VPWR,li1,57.5000,252.9600,1.799996
FILLER_89_83,VPWR,li1,48.7600,252.9600,1.799995
FILLER_89_80,VPWR,li1,47.6100,252.9600,1.799995
FILLER_89_60,VPWR,li1,38.4100,252.9600,1.799995
FILLER_89_57,VPWR,li1,37.0300,252.9600,1.799994
FILLER_89_45,VPWR,li1,31.5100,252.9600,1.799993
FILLER_89_42,VPWR,li1,30.1300,252.9600,1.799993
FILLER_89_20,VPWR,li1,19.5500,252.9600,1.799994
FILLER_88_645,VPWR,li1,307.5100,252.9600,1.799990
FILLER_88_641,VPWR,li1,305.6700,252.9600,1.799990
FILLER_88_638,VPWR,li1,304.2900,252.9600,1.799990
FILLER_88_635,VPWR,li1,302.9100,252.9600,1.799990
FILLER_88_620,VPWR,li1,296.0100,252.9600,1.799992
FILLER_88_589,VPWR,li1,281.7500,252.9600,1.799995
FILLER_88_585,VPWR,li1,279.9100,252.9600,1.799995
FILLER_88_571,VPWR,li1,273.0100,252.9600,1.799995
FILLER_88_548,VPWR,li1,262.6600,252.9600,1.799995
FILLER_88_545,VPWR,li1,261.5100,252.9600,1.799996
FILLER_88_542,VPWR,li1,260.1300,252.9600,1.799996
FILLER_88_539,VPWR,li1,258.7500,252.9600,1.799996
FILLER_88_536,VPWR,li1,257.3700,252.9600,1.799996
FILLER_88_533,VPWR,li1,255.9900,252.9600,1.799996
FILLER_88_527,VPWR,li1,253.0000,252.9600,1.799996
FILLER_88_524,VPWR,li1,251.8500,252.9600,1.799996
FILLER_88_521,VPWR,li1,250.4700,252.9600,1.799996
FILLER_88_515,VPWR,li1,247.7100,252.9600,1.799996
FILLER_88_512,VPWR,li1,246.3300,252.9600,1.799996
FILLER_88_509,VPWR,li1,244.9500,252.9600,1.799996
FILLER_88_499,VPWR,li1,240.1200,252.9600,1.799996
FILLER_88_496,VPWR,li1,238.9700,252.9600,1.799996
FILLER_88_491,VPWR,li1,236.4400,252.9600,1.799996
FILLER_88_488,VPWR,li1,235.2900,252.9600,1.799996
FILLER_88_485,VPWR,li1,233.9100,252.9600,1.799996
FILLER_88_470,VPWR,li1,227.0100,252.9600,1.799996
FILLER_88_463,VPWR,li1,223.5600,252.9600,1.799997
FILLER_88_460,VPWR,li1,222.4100,252.9600,1.799996
FILLER_88_457,VPWR,li1,221.0300,252.9600,1.799996
FILLER_88_454,VPWR,li1,219.6500,252.9600,1.799996
FILLER_88_451,VPWR,li1,218.2700,252.9600,1.799995
FILLER_88_448,VPWR,li1,216.8900,252.9600,1.799995
FILLER_88_445,VPWR,li1,215.5100,252.9600,1.799995
FILLER_88_421,VPWR,li1,204.4700,252.9600,1.799995
FILLER_88_417,VPWR,li1,202.6300,252.9600,1.799995
FILLER_88_414,VPWR,li1,201.2500,252.9600,1.799995
FILLER_88_401,VPWR,li1,194.8100,252.9600,1.799996
FILLER_88_393,VPWR,li1,191.3600,252.9600,1.799996
FILLER_88_390,VPWR,li1,190.2100,252.9600,1.799996
FILLER_88_387,VPWR,li1,188.8300,252.9600,1.799996
FILLER_88_384,VPWR,li1,187.4500,252.9600,1.799995
FILLER_88_381,VPWR,li1,186.0700,252.9600,1.799995
FILLER_88_378,VPWR,li1,184.6900,252.9600,1.799995
FILLER_88_375,VPWR,li1,183.3100,252.9600,1.799995
FILLER_88_368,VPWR,li1,179.8600,252.9600,1.799994
FILLER_88_365,VPWR,li1,178.7100,252.9600,1.799994
FILLER_88_363,VPWR,li1,177.3300,252.9600,1.799994
FILLER_88_360,VPWR,li1,176.4100,252.9600,1.799994
FILLER_88_351,VPWR,li1,171.8100,252.9600,1.799993
FILLER_88_348,VPWR,li1,170.8900,252.9600,1.799993
FILLER_88_345,VPWR,li1,169.5100,252.9600,1.799993
FILLER_88_342,VPWR,li1,168.1300,252.9600,1.799993
FILLER_88_339,VPWR,li1,166.7500,252.9600,1.799992
FILLER_88_336,VPWR,li1,165.3700,252.9600,1.799992
FILLER_88_333,VPWR,li1,163.9900,252.9600,1.799992
FILLER_88_330,VPWR,li1,162.6100,252.9600,1.799989
FILLER_88_306,VPWR,li1,151.3400,252.9600,1.799978
FILLER_88_303,VPWR,li1,150.1900,252.9600,1.799978
FILLER_88_293,VPWR,li1,145.1300,252.9600,1.799974
FILLER_88_290,VPWR,li1,144.2100,252.9600,1.799972
FILLER_88_287,VPWR,li1,142.8300,252.9600,1.799972
FILLER_88_265,VPWR,li1,132.2500,252.9600,1.799988
FILLER_88_262,VPWR,li1,131.3300,252.9600,1.799988
FILLER_88_256,VPWR,li1,128.5700,252.9600,1.799988
FILLER_88_253,VPWR,li1,127.1900,252.9600,1.799988
FILLER_88_242,VPWR,li1,121.9000,252.9600,1.799990
FILLER_88_239,VPWR,li1,120.7500,252.9600,1.799990
FILLER_88_232,VPWR,li1,117.0700,252.9600,1.799992
FILLER_88_229,VPWR,li1,116.1500,252.9600,1.799993
FILLER_88_226,VPWR,li1,114.7700,252.9600,1.799993
FILLER_88_223,VPWR,li1,113.3900,252.9600,1.799993
FILLER_88_220,VPWR,li1,112.0100,252.9600,1.799994
FILLER_88_217,VPWR,li1,110.6300,252.9600,1.799994
FILLER_88_214,VPWR,li1,109.2500,252.9600,1.799995
FILLER_88_211,VPWR,li1,107.8700,252.9600,1.799996
FILLER_88_208,VPWR,li1,106.4900,252.9600,1.799996
FILLER_88_205,VPWR,li1,105.1100,252.9600,1.799997
FILLER_88_194,VPWR,li1,99.8200,252.9600,1.799997
FILLER_88_191,VPWR,li1,98.6700,252.9600,1.799997
FILLER_88_184,VPWR,li1,94.9900,252.9600,1.799997
FILLER_88_181,VPWR,li1,94.0700,252.9600,1.799998
FILLER_88_178,VPWR,li1,92.6900,252.9600,1.799998
FILLER_88_175,VPWR,li1,91.3100,252.9600,1.799998
FILLER_88_172,VPWR,li1,89.9300,252.9600,1.799998
FILLER_88_169,VPWR,li1,88.5500,252.9600,1.799998
FILLER_88_166,VPWR,li1,87.1700,252.9600,1.799998
FILLER_88_163,VPWR,li1,85.7900,252.9600,1.799998
FILLER_88_160,VPWR,li1,84.4100,252.9600,1.799998
FILLER_88_157,VPWR,li1,83.0300,252.9600,1.799998
FILLER_88_141,VPWR,li1,75.6700,252.9600,1.799998
FILLER_88_137,VPWR,li1,73.8300,252.9600,1.799998
FILLER_88_134,VPWR,li1,72.4500,252.9600,1.799998
FILLER_88_131,VPWR,li1,71.0700,252.9600,1.799998
FILLER_88_128,VPWR,li1,69.6900,252.9600,1.799998
FILLER_88_125,VPWR,li1,68.3100,252.9600,1.799998
FILLER_88_122,VPWR,li1,66.9300,252.9600,1.799997
FILLER_88_94,VPWR,li1,54.0500,252.9600,1.799996
FILLER_88_85,VPWR,li1,49.4500,252.9600,1.799995
FILLER_88_82,VPWR,li1,48.3000,252.9600,1.799995
FILLER_88_55,VPWR,li1,35.8800,252.9600,1.799994
FILLER_88_3,VPWR,li1,11.7300,252.9600,1.799996
FILLER_87_647,VPWR,li1,307.9700,247.5200,1.799966
FILLER_87_644,VPWR,li1,307.0500,247.5200,1.799966
FILLER_87_641,VPWR,li1,305.6700,247.5200,1.799966
FILLER_87_638,VPWR,li1,304.2900,247.5200,1.799966
FILLER_87_635,VPWR,li1,302.9100,247.5200,1.799966
FILLER_87_632,VPWR,li1,301.5300,247.5200,1.799966
FILLER_87_629,VPWR,li1,300.1500,247.5200,1.799967
FILLER_87_626,VPWR,li1,298.7700,247.5200,1.799967
FILLER_87_623,VPWR,li1,297.3900,247.5200,1.799968
FILLER_87_620,VPWR,li1,296.0100,247.5200,1.799968
FILLER_87_617,VPWR,li1,294.6300,247.5200,1.799968
FILLER_87_603,VPWR,li1,287.9600,247.5200,1.799975
FILLER_87_600,VPWR,li1,286.8100,247.5200,1.799975
FILLER_87_577,VPWR,li1,276.0000,247.5200,1.799983
FILLER_87_574,VPWR,li1,274.8500,247.5200,1.799983
FILLER_87_564,VPWR,li1,270.0200,247.5200,1.799985
FILLER_87_561,VPWR,li1,268.8700,247.5200,1.799986
FILLER_87_558,VPWR,li1,267.2600,247.5200,1.799987
FILLER_87_555,VPWR,li1,266.1100,247.5200,1.799987
FILLER_87_552,VPWR,li1,264.7300,247.5200,1.799989
FILLER_87_549,VPWR,li1,263.3500,247.5200,1.799989
FILLER_87_529,VPWR,li1,253.9200,247.5200,1.799993
FILLER_87_505,VPWR,li1,243.1100,247.5200,1.799993
FILLER_87_480,VPWR,li1,231.6100,247.5200,1.799995
FILLER_87_470,VPWR,li1,227.0100,247.5200,1.799996
FILLER_87_446,VPWR,li1,215.7400,247.5200,1.799997
FILLER_87_443,VPWR,li1,214.5900,247.5200,1.799997
FILLER_87_440,VPWR,li1,213.2100,247.5200,1.799997
FILLER_87_437,VPWR,li1,211.8300,247.5200,1.799997
FILLER_87_434,VPWR,li1,210.4500,247.5200,1.799997
FILLER_87_417,VPWR,li1,202.4000,247.5200,1.799998
FILLER_87_414,VPWR,li1,201.2500,247.5200,1.799998
FILLER_87_411,VPWR,li1,199.8700,247.5200,1.799998
FILLER_87_408,VPWR,li1,198.4900,247.5200,1.799999
FILLER_87_405,VPWR,li1,197.1100,247.5200,1.799999
FILLER_87_402,VPWR,li1,195.7300,247.5200,1.799999
FILLER_87_399,VPWR,li1,194.3500,247.5200,1.799999
FILLER_87_396,VPWR,li1,192.9700,247.5200,1.799999
FILLER_87_393,VPWR,li1,191.5900,247.5200,1.799999
FILLER_87_391,VPWR,li1,190.2100,247.5200,1.799999
FILLER_87_388,VPWR,li1,189.2900,247.5200,1.799999
FILLER_87_385,VPWR,li1,187.9100,247.5200,1.799999
FILLER_87_382,VPWR,li1,186.5300,247.5200,1.799999
FILLER_87_379,VPWR,li1,185.1500,247.5200,1.799998
FILLER_87_376,VPWR,li1,183.7700,247.5200,1.799998
FILLER_87_365,VPWR,li1,178.7100,247.5200,1.799998
FILLER_87_362,VPWR,li1,177.3300,247.5200,1.799998
FILLER_87_359,VPWR,li1,175.9500,247.5200,1.799998
FILLER_87_356,VPWR,li1,174.5700,247.5200,1.799998
FILLER_87_349,VPWR,li1,171.1200,247.5200,1.799998
FILLER_87_346,VPWR,li1,169.9700,247.5200,1.799998
FILLER_87_343,VPWR,li1,168.5900,247.5200,1.799998
FILLER_87_340,VPWR,li1,167.2100,247.5200,1.799998
FILLER_87_337,VPWR,li1,165.8300,247.5200,1.799998
FILLER_87_326,VPWR,li1,160.5400,247.5200,1.799998
FILLER_87_323,VPWR,li1,159.3900,247.5200,1.799998
FILLER_87_311,VPWR,li1,153.8700,247.5200,1.799998
FILLER_87_308,VPWR,li1,152.4900,247.5200,1.799998
FILLER_87_305,VPWR,li1,151.1100,247.5200,1.799997
FILLER_87_302,VPWR,li1,149.7300,247.5200,1.799997
FILLER_87_299,VPWR,li1,148.3500,247.5200,1.799997
FILLER_87_288,VPWR,li1,143.2900,247.5200,1.799997
FILLER_87_279,VPWR,li1,138.6900,247.5200,1.799997
FILLER_87_276,VPWR,li1,137.7700,247.5200,1.799997
FILLER_87_270,VPWR,li1,134.5500,247.5200,1.799997
FILLER_87_231,VPWR,li1,116.6100,247.5200,1.799993
FILLER_87_225,VPWR,li1,113.8500,247.5200,1.799993
FILLER_87_221,VPWR,li1,112.4700,247.5200,1.799993
FILLER_87_218,VPWR,li1,111.0900,247.5200,1.799993
FILLER_87_212,VPWR,li1,107.8700,247.5200,1.799992
FILLER_87_209,VPWR,li1,106.9500,247.5200,1.799992
FILLER_87_202,VPWR,li1,103.5000,247.5200,1.799994
FILLER_87_193,VPWR,li1,99.1300,247.5200,1.799994
FILLER_87_190,VPWR,li1,98.2100,247.5200,1.799994
FILLER_87_187,VPWR,li1,96.8300,247.5200,1.799994
FILLER_87_184,VPWR,li1,95.4500,247.5200,1.799994
FILLER_87_181,VPWR,li1,94.0700,247.5200,1.799995
FILLER_87_178,VPWR,li1,92.6900,247.5200,1.799995
FILLER_87_175,VPWR,li1,91.3100,247.5200,1.799995
FILLER_87_172,VPWR,li1,89.9300,247.5200,1.799995
FILLER_87_169,VPWR,li1,88.5500,247.5200,1.799995
FILLER_87_167,VPWR,li1,87.1700,247.5200,1.799995
FILLER_87_164,VPWR,li1,86.2500,247.5200,1.799995
FILLER_87_161,VPWR,li1,84.8700,247.5200,1.799995
FILLER_87_158,VPWR,li1,83.4900,247.5200,1.799995
FILLER_87_155,VPWR,li1,82.1100,247.5200,1.799996
FILLER_87_152,VPWR,li1,80.7300,247.5200,1.799996
FILLER_87_149,VPWR,li1,79.3500,247.5200,1.799996
FILLER_87_146,VPWR,li1,77.9700,247.5200,1.799996
FILLER_87_143,VPWR,li1,76.5900,247.5200,1.799996
FILLER_87_140,VPWR,li1,75.2100,247.5200,1.799996
FILLER_87_137,VPWR,li1,73.8300,247.5200,1.799996
FILLER_87_134,VPWR,li1,72.4500,247.5200,1.799995
FILLER_87_113,VPWR,li1,62.7900,247.5200,1.799992
FILLER_87_84,VPWR,li1,49.4500,247.5200,1.799990
FILLER_87_75,VPWR,li1,44.8500,247.5200,1.799991
FILLER_87_72,VPWR,li1,43.9300,247.5200,1.799988
FILLER_87_69,VPWR,li1,42.5500,247.5200,1.799988
FILLER_87_60,VPWR,li1,37.9500,247.5200,1.799983
FILLER_87_57,VPWR,li1,37.0300,247.5200,1.799981
FILLER_87_53,VPWR,li1,35.1900,247.5200,1.799979
FILLER_87_50,VPWR,li1,33.8100,247.5200,1.799979
FILLER_87_3,VPWR,li1,11.9600,247.5200,1.799984
FILLER_86_645,VPWR,li1,307.5100,247.5200,1.799966
FILLER_86_622,VPWR,li1,296.4700,247.5200,1.799968
FILLER_86_596,VPWR,li1,284.7400,247.5200,1.799981
FILLER_86_593,VPWR,li1,283.5900,247.5200,1.799981
FILLER_86_589,VPWR,li1,281.2900,247.5200,1.799981
FILLER_86_585,VPWR,li1,279.9100,247.5200,1.799981
FILLER_86_582,VPWR,li1,278.5300,247.5200,1.799982
FILLER_86_579,VPWR,li1,277.1500,247.5200,1.799982
FILLER_86_576,VPWR,li1,275.7700,247.5200,1.799983
FILLER_86_545,VPWR,li1,261.0500,247.5200,1.799990
FILLER_86_542,VPWR,li1,260.1300,247.5200,1.799990
FILLER_86_531,VPWR,li1,254.6100,247.5200,1.799994
FILLER_86_522,VPWR,li1,250.4700,247.5200,1.799993
FILLER_86_511,VPWR,li1,245.6400,247.5200,1.799993
FILLER_86_491,VPWR,li1,236.6700,247.5200,1.799993
FILLER_86_488,VPWR,li1,235.2900,247.5200,1.799994
FILLER_86_485,VPWR,li1,233.9100,247.5200,1.799994
FILLER_86_471,VPWR,li1,227.2400,247.5200,1.799996
FILLER_86_468,VPWR,li1,226.0900,247.5200,1.799996
FILLER_86_454,VPWR,li1,219.1900,247.5200,1.799996
FILLER_86_451,VPWR,li1,218.2700,247.5200,1.799996
FILLER_86_448,VPWR,li1,216.8900,247.5200,1.799997
FILLER_86_439,VPWR,li1,212.5200,247.5200,1.799997
FILLER_86_436,VPWR,li1,211.3700,247.5200,1.799997
FILLER_86_433,VPWR,li1,209.9900,247.5200,1.799997
FILLER_86_430,VPWR,li1,208.6100,247.5200,1.799997
FILLER_86_421,VPWR,li1,204.2400,247.5200,1.799998
FILLER_86_419,VPWR,li1,203.0900,247.5200,1.799998
FILLER_86_416,VPWR,li1,202.1700,247.5200,1.799998
FILLER_86_413,VPWR,li1,200.7900,247.5200,1.799998
FILLER_86_410,VPWR,li1,199.4100,247.5200,1.799998
FILLER_86_407,VPWR,li1,198.0300,247.5200,1.799999
FILLER_86_397,VPWR,li1,193.4300,247.5200,1.799999
FILLER_86_394,VPWR,li1,192.0500,247.5200,1.799999
FILLER_86_378,VPWR,li1,184.6900,247.5200,1.799998
FILLER_86_375,VPWR,li1,183.3100,247.5200,1.799998
FILLER_86_372,VPWR,li1,181.9300,247.5200,1.799998
FILLER_86_361,VPWR,li1,176.8700,247.5200,1.799998
FILLER_86_356,VPWR,li1,174.1100,247.5200,1.799998
FILLER_86_353,VPWR,li1,173.1900,247.5200,1.799998
FILLER_86_350,VPWR,li1,171.8100,247.5200,1.799998
FILLER_86_338,VPWR,li1,166.0600,247.5200,1.799998
FILLER_86_325,VPWR,li1,160.3100,247.5200,1.799998
FILLER_86_312,VPWR,li1,154.1000,247.5200,1.799998
FILLER_86_309,VPWR,li1,152.9500,247.5200,1.799998
FILLER_86_307,VPWR,li1,151.5700,247.5200,1.799998
FILLER_86_304,VPWR,li1,150.6500,247.5200,1.799997
FILLER_86_301,VPWR,li1,149.2700,247.5200,1.799997
FILLER_86_298,VPWR,li1,147.8900,247.5200,1.799997
FILLER_86_289,VPWR,li1,143.2900,247.5200,1.799997
FILLER_86_286,VPWR,li1,142.3700,247.5200,1.799997
FILLER_86_283,VPWR,li1,140.9900,247.5200,1.799997
FILLER_86_280,VPWR,li1,139.6100,247.5200,1.799997
FILLER_86_277,VPWR,li1,138.2300,247.5200,1.799997
FILLER_86_274,VPWR,li1,136.8500,247.5200,1.799997
FILLER_86_271,VPWR,li1,135.4700,247.5200,1.799997
FILLER_86_253,VPWR,li1,126.9600,247.5200,1.799994
FILLER_86_251,VPWR,li1,125.8100,247.5200,1.799994
FILLER_86_248,VPWR,li1,124.8900,247.5200,1.799994
FILLER_86_245,VPWR,li1,123.5100,247.5200,1.799994
FILLER_86_233,VPWR,li1,117.7600,247.5200,1.799993
FILLER_86_230,VPWR,li1,116.6100,247.5200,1.799993
FILLER_86_227,VPWR,li1,115.2300,247.5200,1.799993
FILLER_86_194,VPWR,li1,99.8200,247.5200,1.799994
FILLER_86_191,VPWR,li1,98.6700,247.5200,1.799994
FILLER_86_188,VPWR,li1,97.2900,247.5200,1.799994
FILLER_86_185,VPWR,li1,95.9100,247.5200,1.799994
FILLER_86_182,VPWR,li1,94.5300,247.5200,1.799995
FILLER_86_179,VPWR,li1,93.1500,247.5200,1.799995
FILLER_86_158,VPWR,li1,83.0300,247.5200,1.799995
FILLER_86_155,VPWR,li1,82.1100,247.5200,1.799996
FILLER_86_152,VPWR,li1,80.7300,247.5200,1.799996
FILLER_86_144,VPWR,li1,77.0500,247.5200,1.799996
FILLER_86_141,VPWR,li1,75.6700,247.5200,1.799996
FILLER_86_137,VPWR,li1,73.8300,247.5200,1.799996
FILLER_86_134,VPWR,li1,72.4500,247.5200,1.799995
FILLER_86_131,VPWR,li1,71.0700,247.5200,1.799995
FILLER_86_128,VPWR,li1,69.6900,247.5200,1.799994
FILLER_86_125,VPWR,li1,68.3100,247.5200,1.799994
FILLER_86_122,VPWR,li1,66.9300,247.5200,1.799993
FILLER_86_119,VPWR,li1,65.5500,247.5200,1.799993
FILLER_86_116,VPWR,li1,64.1700,247.5200,1.799992
FILLER_86_113,VPWR,li1,62.7900,247.5200,1.799992
FILLER_86_85,VPWR,li1,49.9100,247.5200,1.799990
FILLER_86_81,VPWR,li1,48.0700,247.5200,1.799990
FILLER_86_69,VPWR,li1,42.5500,247.5200,1.799988
FILLER_86_66,VPWR,li1,41.1700,247.5200,1.799985
FILLER_86_46,VPWR,li1,31.9700,247.5200,1.799977
FILLER_85_647,VPWR,li1,307.9700,242.0800,1.799993
FILLER_85_644,VPWR,li1,307.0500,242.0800,1.799993
FILLER_85_630,VPWR,li1,300.6100,242.0800,1.799993
FILLER_85_623,VPWR,li1,296.9300,242.0800,1.799993
FILLER_85_620,VPWR,li1,296.0100,242.0800,1.799993
FILLER_85_617,VPWR,li1,294.6300,242.0800,1.799993
FILLER_85_610,VPWR,li1,291.4100,242.0800,1.799994
FILLER_85_607,VPWR,li1,290.0300,242.0800,1.799994
FILLER_85_604,VPWR,li1,288.6500,242.0800,1.799994
FILLER_85_601,VPWR,li1,287.2700,242.0800,1.799994
FILLER_85_590,VPWR,li1,282.2100,242.0800,1.799995
FILLER_85_587,VPWR,li1,280.8300,242.0800,1.799995
FILLER_85_584,VPWR,li1,279.4500,242.0800,1.799994
FILLER_85_581,VPWR,li1,278.0700,242.0800,1.799994
FILLER_85_578,VPWR,li1,276.6900,242.0800,1.799994
FILLER_85_575,VPWR,li1,275.3100,242.0800,1.799994
FILLER_85_572,VPWR,li1,273.9300,242.0800,1.799994
FILLER_85_569,VPWR,li1,272.5500,242.0800,1.799995
FILLER_85_564,VPWR,li1,270.0200,242.0800,1.799995
FILLER_85_561,VPWR,li1,268.8700,242.0800,1.799995
FILLER_85_559,VPWR,li1,267.4900,242.0800,1.799995
FILLER_85_556,VPWR,li1,266.5700,242.0800,1.799995
FILLER_85_553,VPWR,li1,265.1900,242.0800,1.799995
FILLER_85_550,VPWR,li1,263.8100,242.0800,1.799995
FILLER_85_547,VPWR,li1,262.4300,242.0800,1.799996
FILLER_85_544,VPWR,li1,261.0500,242.0800,1.799996
FILLER_85_541,VPWR,li1,259.6700,242.0800,1.799996
FILLER_85_538,VPWR,li1,258.2900,242.0800,1.799996
FILLER_85_535,VPWR,li1,256.9100,242.0800,1.799996
FILLER_85_532,VPWR,li1,255.5300,242.0800,1.799996
FILLER_85_529,VPWR,li1,254.1500,242.0800,1.799997
FILLER_85_520,VPWR,li1,249.5500,242.0800,1.799995
FILLER_85_517,VPWR,li1,248.6300,242.0800,1.799995
FILLER_85_514,VPWR,li1,247.2500,242.0800,1.799995
FILLER_85_511,VPWR,li1,245.8700,242.0800,1.799995
FILLER_85_508,VPWR,li1,244.4900,242.0800,1.799995
FILLER_85_505,VPWR,li1,243.1100,242.0800,1.799995
FILLER_85_501,VPWR,li1,241.2700,242.0800,1.799994
FILLER_85_498,VPWR,li1,239.8900,242.0800,1.799994
FILLER_85_495,VPWR,li1,238.5100,242.0800,1.799994
FILLER_85_492,VPWR,li1,237.1300,242.0800,1.799994
FILLER_85_489,VPWR,li1,235.7500,242.0800,1.799994
FILLER_85_486,VPWR,li1,234.3700,242.0800,1.799994
FILLER_85_483,VPWR,li1,232.9900,242.0800,1.799994
FILLER_85_461,VPWR,li1,222.4100,242.0800,1.799996
FILLER_85_455,VPWR,li1,220.1100,242.0800,1.799996
FILLER_85_452,VPWR,li1,218.7300,242.0800,1.799995
FILLER_85_449,VPWR,li1,217.3500,242.0800,1.799995
FILLER_85_447,VPWR,li1,215.9700,242.0800,1.799995
FILLER_85_444,VPWR,li1,215.0500,242.0800,1.799995
FILLER_85_439,VPWR,li1,212.5200,242.0800,1.799995
FILLER_85_436,VPWR,li1,211.3700,242.0800,1.799995
FILLER_85_433,VPWR,li1,209.9900,242.0800,1.799995
FILLER_85_430,VPWR,li1,208.6100,242.0800,1.799996
FILLER_85_427,VPWR,li1,207.2300,242.0800,1.799996
FILLER_85_424,VPWR,li1,205.8500,242.0800,1.799996
FILLER_85_421,VPWR,li1,204.4700,242.0800,1.799997
FILLER_85_418,VPWR,li1,203.0900,242.0800,1.799997
FILLER_85_415,VPWR,li1,201.7100,242.0800,1.799997
FILLER_85_412,VPWR,li1,200.3300,242.0800,1.799997
FILLER_85_409,VPWR,li1,198.9500,242.0800,1.799997
FILLER_85_406,VPWR,li1,197.5700,242.0800,1.799997
FILLER_85_399,VPWR,li1,194.1200,242.0800,1.799998
FILLER_85_396,VPWR,li1,192.9700,242.0800,1.799998
FILLER_85_393,VPWR,li1,191.5900,242.0800,1.799998
FILLER_85_391,VPWR,li1,190.2100,242.0800,1.799997
FILLER_85_388,VPWR,li1,189.2900,242.0800,1.799997
FILLER_85_385,VPWR,li1,187.9100,242.0800,1.799997
FILLER_85_382,VPWR,li1,186.5300,242.0800,1.799997
FILLER_85_376,VPWR,li1,183.3100,242.0800,1.799997
FILLER_85_373,VPWR,li1,182.3900,242.0800,1.799997
FILLER_85_370,VPWR,li1,181.0100,242.0800,1.799997
FILLER_85_367,VPWR,li1,179.6300,242.0800,1.799996
FILLER_85_364,VPWR,li1,178.2500,242.0800,1.799996
FILLER_85_361,VPWR,li1,176.8700,242.0800,1.799996
FILLER_85_358,VPWR,li1,175.4900,242.0800,1.799996
FILLER_85_355,VPWR,li1,174.1100,242.0800,1.799996
FILLER_85_350,VPWR,li1,171.3500,242.0800,1.799996
FILLER_85_347,VPWR,li1,170.4300,242.0800,1.799996
FILLER_85_337,VPWR,li1,165.6000,242.0800,1.799996
FILLER_85_330,VPWR,li1,162.3800,242.0800,1.799996
FILLER_85_327,VPWR,li1,161.2300,242.0800,1.799996
FILLER_85_324,VPWR,li1,159.8500,242.0800,1.799995
FILLER_85_321,VPWR,li1,158.4700,242.0800,1.799995
FILLER_85_318,VPWR,li1,157.0900,242.0800,1.799994
FILLER_85_294,VPWR,li1,146.0500,242.0800,1.799992
FILLER_85_291,VPWR,li1,144.6700,242.0800,1.799992
FILLER_85_281,VPWR,li1,139.6100,242.0800,1.799993
FILLER_85_277,VPWR,li1,138.2300,242.0800,1.799993
FILLER_85_274,VPWR,li1,136.8500,242.0800,1.799993
FILLER_85_271,VPWR,li1,135.4700,242.0800,1.799994
FILLER_85_268,VPWR,li1,134.0900,242.0800,1.799993
FILLER_85_265,VPWR,li1,132.7100,242.0800,1.799991
FILLER_85_262,VPWR,li1,131.3300,242.0800,1.799991
FILLER_85_259,VPWR,li1,129.9500,242.0800,1.799990
FILLER_85_256,VPWR,li1,128.5700,242.0800,1.799990
FILLER_85_253,VPWR,li1,127.1900,242.0800,1.799988
FILLER_85_250,VPWR,li1,125.8100,242.0800,1.799988
FILLER_85_240,VPWR,li1,120.9800,242.0800,1.799986
FILLER_85_237,VPWR,li1,119.8300,242.0800,1.799985
FILLER_85_234,VPWR,li1,118.4500,242.0800,1.799985
FILLER_85_231,VPWR,li1,117.0700,242.0800,1.799984
FILLER_85_228,VPWR,li1,115.6900,242.0800,1.799984
FILLER_85_225,VPWR,li1,114.3100,242.0800,1.799983
FILLER_85_213,VPWR,li1,108.7900,242.0800,1.799982
FILLER_85_176,VPWR,li1,91.7700,242.0800,1.799985
FILLER_85_169,VPWR,li1,88.0900,242.0800,1.799986
FILLER_85_166,VPWR,li1,86.9400,242.0800,1.799986
FILLER_85_163,VPWR,li1,85.7900,242.0800,1.799987
FILLER_85_160,VPWR,li1,84.4100,242.0800,1.799987
FILLER_85_157,VPWR,li1,83.0300,242.0800,1.799988
FILLER_85_154,VPWR,li1,81.6500,242.0800,1.799988
FILLER_85_151,VPWR,li1,80.2700,242.0800,1.799989
FILLER_85_148,VPWR,li1,78.8900,242.0800,1.799989
FILLER_85_145,VPWR,li1,77.5100,242.0800,1.799989
FILLER_85_142,VPWR,li1,76.1300,242.0800,1.799990
FILLER_85_139,VPWR,li1,74.7500,242.0800,1.799990
FILLER_85_136,VPWR,li1,73.3700,242.0800,1.799988
FILLER_85_133,VPWR,li1,71.9900,242.0800,1.799986
FILLER_85_130,VPWR,li1,70.6100,242.0800,1.799986
FILLER_85_127,VPWR,li1,69.2300,242.0800,1.799983
FILLER_85_124,VPWR,li1,67.8500,242.0800,1.799983
FILLER_85_113,VPWR,li1,62.7900,242.0800,1.799978
FILLER_85_111,VPWR,li1,61.4100,242.0800,1.799977
FILLER_85_108,VPWR,li1,60.4900,242.0800,1.799977
FILLER_85_98,VPWR,li1,55.6600,242.0800,1.799973
FILLER_85_95,VPWR,li1,54.5100,242.0800,1.799972
FILLER_85_76,VPWR,li1,45.5400,242.0800,1.799985
FILLER_85_57,VPWR,li1,37.0300,242.0800,1.799985
FILLER_85_55,VPWR,li1,35.6500,242.0800,1.799985
FILLER_85_52,VPWR,li1,34.7300,242.0800,1.799985
FILLER_85_35,VPWR,li1,26.4500,242.0800,1.799988
FILLER_85_32,VPWR,li1,25.5300,242.0800,1.799988
FILLER_85_11,VPWR,li1,15.4100,242.0800,1.799994
FILLER_84_645,VPWR,li1,307.5100,242.0800,1.799993
FILLER_84_642,VPWR,li1,305.9000,242.0800,1.799993
FILLER_84_639,VPWR,li1,304.7500,242.0800,1.799993
FILLER_84_564,VPWR,li1,270.2500,242.0800,1.799995
FILLER_84_561,VPWR,li1,268.8700,242.0800,1.799995
FILLER_84_558,VPWR,li1,267.4900,242.0800,1.799995
FILLER_84_548,VPWR,li1,262.4300,242.0800,1.799996
FILLER_84_545,VPWR,li1,261.5100,242.0800,1.799996
FILLER_84_542,VPWR,li1,260.1300,242.0800,1.799996
FILLER_84_531,VPWR,li1,254.6100,242.0800,1.799997
FILLER_84_528,VPWR,li1,253.6900,242.0800,1.799997
FILLER_84_504,VPWR,li1,242.6500,242.0800,1.799994
FILLER_84_501,VPWR,li1,241.2700,242.0800,1.799994
FILLER_84_498,VPWR,li1,239.8900,242.0800,1.799994
FILLER_84_473,VPWR,li1,228.3900,242.0800,1.799995
FILLER_84_470,VPWR,li1,227.0100,242.0800,1.799995
FILLER_84_467,VPWR,li1,225.6300,242.0800,1.799996
FILLER_84_464,VPWR,li1,224.2500,242.0800,1.799996
FILLER_84_461,VPWR,li1,222.8700,242.0800,1.799996
FILLER_84_458,VPWR,li1,221.4900,242.0800,1.799996
FILLER_84_455,VPWR,li1,220.1100,242.0800,1.799996
FILLER_84_452,VPWR,li1,218.7300,242.0800,1.799995
FILLER_84_430,VPWR,li1,208.1500,242.0800,1.799996
FILLER_84_427,VPWR,li1,207.2300,242.0800,1.799996
FILLER_84_424,VPWR,li1,205.8500,242.0800,1.799996
FILLER_84_421,VPWR,li1,204.4700,242.0800,1.799997
FILLER_84_408,VPWR,li1,198.4900,242.0800,1.799997
FILLER_84_405,VPWR,li1,197.1100,242.0800,1.799997
FILLER_84_402,VPWR,li1,195.7300,242.0800,1.799998
FILLER_84_399,VPWR,li1,194.3500,242.0800,1.799998
FILLER_84_396,VPWR,li1,192.9700,242.0800,1.799998
FILLER_84_393,VPWR,li1,191.5900,242.0800,1.799998
FILLER_84_383,VPWR,li1,186.7600,242.0800,1.799997
FILLER_84_380,VPWR,li1,185.6100,242.0800,1.799997
FILLER_84_377,VPWR,li1,184.2300,242.0800,1.799997
FILLER_84_374,VPWR,li1,182.8500,242.0800,1.799997
FILLER_84_371,VPWR,li1,181.4700,242.0800,1.799997
FILLER_84_368,VPWR,li1,180.0900,242.0800,1.799996
FILLER_84_365,VPWR,li1,178.7100,242.0800,1.799996
FILLER_84_363,VPWR,li1,177.3300,242.0800,1.799996
FILLER_84_360,VPWR,li1,176.4100,242.0800,1.799996
FILLER_84_357,VPWR,li1,175.0300,242.0800,1.799996
FILLER_84_354,VPWR,li1,173.6500,242.0800,1.799996
FILLER_84_348,VPWR,li1,170.6600,242.0800,1.799996
FILLER_84_345,VPWR,li1,169.5100,242.0800,1.799996
FILLER_84_342,VPWR,li1,168.1300,242.0800,1.799996
FILLER_84_339,VPWR,li1,166.7500,242.0800,1.799996
FILLER_84_336,VPWR,li1,165.3700,242.0800,1.799996
FILLER_84_333,VPWR,li1,163.9900,242.0800,1.799996
FILLER_84_330,VPWR,li1,162.6100,242.0800,1.799996
FILLER_84_327,VPWR,li1,161.2300,242.0800,1.799996
FILLER_84_324,VPWR,li1,159.8500,242.0800,1.799995
FILLER_84_321,VPWR,li1,158.4700,242.0800,1.799995
FILLER_84_318,VPWR,li1,157.0900,242.0800,1.799994
FILLER_84_315,VPWR,li1,155.7100,242.0800,1.799994
FILLER_84_312,VPWR,li1,154.3300,242.0800,1.799993
FILLER_84_307,VPWR,li1,151.5700,242.0800,1.799993
FILLER_84_304,VPWR,li1,150.6500,242.0800,1.799993
FILLER_84_301,VPWR,li1,149.2700,242.0800,1.799993
FILLER_84_298,VPWR,li1,147.8900,242.0800,1.799993
FILLER_84_275,VPWR,li1,137.0800,242.0800,1.799993
FILLER_84_272,VPWR,li1,135.9300,242.0800,1.799994
FILLER_84_262,VPWR,li1,131.1000,242.0800,1.799991
FILLER_84_259,VPWR,li1,129.9500,242.0800,1.799990
FILLER_84_256,VPWR,li1,128.5700,242.0800,1.799990
FILLER_84_253,VPWR,li1,127.1900,242.0800,1.799988
FILLER_84_208,VPWR,li1,106.2600,242.0800,1.799982
FILLER_84_197,VPWR,li1,101.4300,242.0800,1.799982
FILLER_84_193,VPWR,li1,99.5900,242.0800,1.799983
FILLER_84_190,VPWR,li1,98.2100,242.0800,1.799983
FILLER_84_187,VPWR,li1,96.8300,242.0800,1.799983
FILLER_84_184,VPWR,li1,95.4500,242.0800,1.799984
FILLER_84_181,VPWR,li1,94.0700,242.0800,1.799984
FILLER_84_178,VPWR,li1,92.6900,242.0800,1.799985
FILLER_84_175,VPWR,li1,91.3100,242.0800,1.799985
FILLER_84_172,VPWR,li1,89.9300,242.0800,1.799985
FILLER_84_169,VPWR,li1,88.5500,242.0800,1.799986
FILLER_84_166,VPWR,li1,87.1700,242.0800,1.799986
FILLER_84_163,VPWR,li1,85.7900,242.0800,1.799987
FILLER_84_160,VPWR,li1,84.4100,242.0800,1.799987
FILLER_84_157,VPWR,li1,83.0300,242.0800,1.799988
FILLER_84_154,VPWR,li1,81.6500,242.0800,1.799988
FILLER_84_147,VPWR,li1,77.9700,242.0800,1.799989
FILLER_84_144,VPWR,li1,77.0500,242.0800,1.799989
FILLER_84_141,VPWR,li1,75.6700,242.0800,1.799990
FILLER_84_122,VPWR,li1,66.7000,242.0800,1.799981
FILLER_84_48,VPWR,li1,32.6600,242.0800,1.799986
FILLER_84_29,VPWR,li1,23.9200,242.0800,1.799990
FILLER_84_25,VPWR,li1,22.3100,242.0800,1.799991
FILLER_84_6,VPWR,li1,13.3400,242.0800,1.799994
FILLER_84_3,VPWR,li1,12.1900,242.0800,1.799994
FILLER_83_647,VPWR,li1,307.9700,236.6400,1.799992
FILLER_83_617,VPWR,li1,294.6300,236.6400,1.799994
FILLER_83_604,VPWR,li1,288.6500,236.6400,1.799995
FILLER_83_601,VPWR,li1,287.2700,236.6400,1.799996
FILLER_83_597,VPWR,li1,284.9700,236.6400,1.799996
FILLER_83_582,VPWR,li1,278.0700,236.6400,1.799995
FILLER_83_577,VPWR,li1,276.0000,236.6400,1.799994
FILLER_83_567,VPWR,li1,271.1700,236.6400,1.799994
FILLER_83_564,VPWR,li1,270.2500,236.6400,1.799994
FILLER_83_549,VPWR,li1,263.3500,236.6400,1.799994
FILLER_83_540,VPWR,li1,258.7500,236.6400,1.799995
FILLER_83_537,VPWR,li1,257.8300,236.6400,1.799995
FILLER_83_534,VPWR,li1,256.4500,236.6400,1.799995
FILLER_83_523,VPWR,li1,251.3900,236.6400,1.799993
FILLER_83_508,VPWR,li1,244.4900,236.6400,1.799989
FILLER_83_505,VPWR,li1,243.1100,236.6400,1.799989
FILLER_83_500,VPWR,li1,240.3500,236.6400,1.799987
FILLER_83_497,VPWR,li1,239.4300,236.6400,1.799987
FILLER_83_485,VPWR,li1,233.4500,236.6400,1.799986
FILLER_83_466,VPWR,li1,224.9400,236.6400,1.799983
FILLER_83_427,VPWR,li1,206.7700,236.6400,1.799971
FILLER_83_424,VPWR,li1,205.8500,236.6400,1.799971
FILLER_83_421,VPWR,li1,204.4700,236.6400,1.799976
FILLER_83_418,VPWR,li1,203.0900,236.6400,1.799976
FILLER_83_396,VPWR,li1,192.5100,236.6400,1.799989
FILLER_83_393,VPWR,li1,191.5900,236.6400,1.799989
FILLER_83_391,VPWR,li1,190.2100,236.6400,1.799990
FILLER_83_388,VPWR,li1,189.2900,236.6400,1.799990
FILLER_83_385,VPWR,li1,187.9100,236.6400,1.799990
FILLER_83_382,VPWR,li1,186.5300,236.6400,1.799991
FILLER_83_379,VPWR,li1,185.1500,236.6400,1.799991
FILLER_83_376,VPWR,li1,183.7700,236.6400,1.799991
FILLER_83_373,VPWR,li1,182.3900,236.6400,1.799992
FILLER_83_370,VPWR,li1,181.0100,236.6400,1.799992
FILLER_83_367,VPWR,li1,179.6300,236.6400,1.799992
FILLER_83_364,VPWR,li1,178.2500,236.6400,1.799993
FILLER_83_361,VPWR,li1,176.8700,236.6400,1.799993
FILLER_83_358,VPWR,li1,175.4900,236.6400,1.799993
FILLER_83_355,VPWR,li1,174.1100,236.6400,1.799994
FILLER_83_352,VPWR,li1,172.7300,236.6400,1.799994
FILLER_83_349,VPWR,li1,171.3500,236.6400,1.799995
FILLER_83_346,VPWR,li1,169.9700,236.6400,1.799995
FILLER_83_343,VPWR,li1,168.5900,236.6400,1.799995
FILLER_83_340,VPWR,li1,167.2100,236.6400,1.799996
FILLER_83_333,VPWR,li1,163.9900,236.6400,1.799997
FILLER_83_330,VPWR,li1,162.6100,236.6400,1.799997
FILLER_83_327,VPWR,li1,161.2300,236.6400,1.799997
FILLER_83_309,VPWR,li1,152.7200,236.6400,1.799998
FILLER_83_305,VPWR,li1,150.6500,236.6400,1.799998
FILLER_83_302,VPWR,li1,149.7300,236.6400,1.799998
FILLER_83_299,VPWR,li1,148.3500,236.6400,1.799998
FILLER_83_296,VPWR,li1,146.9700,236.6400,1.799998
FILLER_83_293,VPWR,li1,145.5900,236.6400,1.799998
FILLER_83_290,VPWR,li1,144.2100,236.6400,1.799998
FILLER_83_284,VPWR,li1,141.4500,236.6400,1.799998
FILLER_83_281,VPWR,li1,140.0700,236.6400,1.799999
FILLER_83_277,VPWR,li1,138.2300,236.6400,1.799999
FILLER_83_274,VPWR,li1,136.8500,236.6400,1.799999
FILLER_83_271,VPWR,li1,135.4700,236.6400,1.799999
FILLER_83_268,VPWR,li1,134.0900,236.6400,1.799999
FILLER_83_265,VPWR,li1,132.7100,236.6400,1.799999
FILLER_83_254,VPWR,li1,127.4200,236.6400,1.799999
FILLER_83_251,VPWR,li1,126.2700,236.6400,1.799999
FILLER_83_240,VPWR,li1,121.2100,236.6400,1.799999
FILLER_83_237,VPWR,li1,119.8300,236.6400,1.799999
FILLER_83_231,VPWR,li1,117.0700,236.6400,1.799999
FILLER_83_228,VPWR,li1,115.6900,236.6400,1.799999
FILLER_83_225,VPWR,li1,114.3100,236.6400,1.799999
FILLER_83_223,VPWR,li1,112.9300,236.6400,1.799999
FILLER_83_220,VPWR,li1,112.0100,236.6400,1.799999
FILLER_83_217,VPWR,li1,110.6300,236.6400,1.799999
FILLER_83_214,VPWR,li1,109.2500,236.6400,1.799999
FILLER_83_211,VPWR,li1,107.8700,236.6400,1.799999
FILLER_83_208,VPWR,li1,106.4900,236.6400,1.799999
FILLER_83_205,VPWR,li1,105.1100,236.6400,1.799999
FILLER_83_202,VPWR,li1,103.7300,236.6400,1.799999
FILLER_83_199,VPWR,li1,102.3500,236.6400,1.799999
FILLER_83_196,VPWR,li1,100.9700,236.6400,1.799999
FILLER_83_193,VPWR,li1,99.5900,236.6400,1.799999
FILLER_83_190,VPWR,li1,98.2100,236.6400,1.799999
FILLER_83_187,VPWR,li1,96.8300,236.6400,1.799999
FILLER_83_184,VPWR,li1,95.4500,236.6400,1.799999
FILLER_83_181,VPWR,li1,94.0700,236.6400,1.799999
FILLER_83_178,VPWR,li1,92.6900,236.6400,1.799998
FILLER_83_175,VPWR,li1,91.3100,236.6400,1.799998
FILLER_83_172,VPWR,li1,89.9300,236.6400,1.799998
FILLER_83_169,VPWR,li1,88.5500,236.6400,1.799998
FILLER_83_165,VPWR,li1,86.7100,236.6400,1.799998
FILLER_83_162,VPWR,li1,85.3300,236.6400,1.799998
FILLER_83_152,VPWR,li1,80.2700,236.6400,1.799998
FILLER_83_149,VPWR,li1,79.3500,236.6400,1.799998
FILLER_83_146,VPWR,li1,77.9700,236.6400,1.799998
FILLER_83_143,VPWR,li1,76.5900,236.6400,1.799997
FILLER_83_140,VPWR,li1,75.2100,236.6400,1.799997
FILLER_83_137,VPWR,li1,73.8300,236.6400,1.799997
FILLER_83_134,VPWR,li1,72.4500,236.6400,1.799996
FILLER_83_131,VPWR,li1,71.0700,236.6400,1.799996
FILLER_83_128,VPWR,li1,69.6900,236.6400,1.799996
FILLER_83_125,VPWR,li1,68.3100,236.6400,1.799994
FILLER_83_122,VPWR,li1,66.9300,236.6400,1.799994
FILLER_83_113,VPWR,li1,62.3300,236.6400,1.799993
FILLER_83_111,VPWR,li1,61.4100,236.6400,1.799992
FILLER_83_108,VPWR,li1,60.4900,236.6400,1.799992
FILLER_83_77,VPWR,li1,46.2300,236.6400,1.799994
FILLER_83_74,VPWR,li1,44.8500,236.6400,1.799994
FILLER_83_47,VPWR,li1,31.9700,236.6400,1.799993
FILLER_83_44,VPWR,li1,31.0500,236.6400,1.799993
FILLER_83_26,VPWR,li1,22.3100,236.6400,1.799994
FILLER_83_23,VPWR,li1,21.3900,236.6400,1.799994
FILLER_83_20,VPWR,li1,20.0100,236.6400,1.799994
FILLER_82_645,VPWR,li1,307.5100,236.6400,1.799992
FILLER_82_641,VPWR,li1,305.6700,236.6400,1.799992
FILLER_82_638,VPWR,li1,304.2900,236.6400,1.799992
FILLER_82_634,VPWR,li1,301.9900,236.6400,1.799992
FILLER_82_621,VPWR,li1,296.2400,236.6400,1.799993
FILLER_82_613,VPWR,li1,292.5600,236.6400,1.799995
FILLER_82_610,VPWR,li1,291.4100,236.6400,1.799995
FILLER_82_607,VPWR,li1,290.0300,236.6400,1.799995
FILLER_82_600,VPWR,li1,286.8100,236.6400,1.799996
FILLER_82_597,VPWR,li1,285.4300,236.6400,1.799996
FILLER_82_580,VPWR,li1,277.1500,236.6400,1.799994
FILLER_82_574,VPWR,li1,274.8500,236.6400,1.799994
FILLER_82_571,VPWR,li1,273.4700,236.6400,1.799994
FILLER_82_547,VPWR,li1,262.4300,236.6400,1.799994
FILLER_82_544,VPWR,li1,261.0500,236.6400,1.799994
FILLER_82_539,VPWR,li1,258.2900,236.6400,1.799995
FILLER_82_536,VPWR,li1,257.3700,236.6400,1.799995
FILLER_82_533,VPWR,li1,255.9900,236.6400,1.799995
FILLER_82_530,VPWR,li1,254.3800,236.6400,1.799994
FILLER_82_527,VPWR,li1,253.2300,236.6400,1.799994
FILLER_82_524,VPWR,li1,251.8500,236.6400,1.799993
FILLER_82_521,VPWR,li1,250.4700,236.6400,1.799992
FILLER_82_518,VPWR,li1,249.0900,236.6400,1.799992
FILLER_82_515,VPWR,li1,247.7100,236.6400,1.799991
FILLER_82_492,VPWR,li1,236.9000,236.6400,1.799986
FILLER_82_489,VPWR,li1,235.7500,236.6400,1.799986
FILLER_82_486,VPWR,li1,234.3700,236.6400,1.799986
FILLER_82_483,VPWR,li1,232.9900,236.6400,1.799986
FILLER_82_480,VPWR,li1,231.6100,236.6400,1.799985
FILLER_82_477,VPWR,li1,230.2300,236.6400,1.799985
FILLER_82_475,VPWR,li1,228.8500,236.6400,1.799985
FILLER_82_472,VPWR,li1,227.9300,236.6400,1.799984
FILLER_82_469,VPWR,li1,226.5500,236.6400,1.799984
FILLER_82_466,VPWR,li1,225.1700,236.6400,1.799983
FILLER_82_463,VPWR,li1,223.7900,236.6400,1.799983
FILLER_82_457,VPWR,li1,221.0300,236.6400,1.799977
FILLER_82_454,VPWR,li1,219.6500,236.6400,1.799971
FILLER_82_427,VPWR,li1,207.2300,236.6400,1.799971
FILLER_82_424,VPWR,li1,205.8500,236.6400,1.799971
FILLER_82_421,VPWR,li1,204.4700,236.6400,1.799976
FILLER_82_418,VPWR,li1,202.8600,236.6400,1.799976
FILLER_82_405,VPWR,li1,196.8800,236.6400,1.799985
FILLER_82_395,VPWR,li1,192.5100,236.6400,1.799989
FILLER_82_392,VPWR,li1,191.1300,236.6400,1.799990
FILLER_82_389,VPWR,li1,189.7500,236.6400,1.799990
FILLER_82_386,VPWR,li1,188.3700,236.6400,1.799990
FILLER_82_383,VPWR,li1,186.9900,236.6400,1.799991
FILLER_82_380,VPWR,li1,185.6100,236.6400,1.799991
FILLER_82_377,VPWR,li1,184.2300,236.6400,1.799991
FILLER_82_365,VPWR,li1,178.2500,236.6400,1.799993
FILLER_82_350,VPWR,li1,171.5800,236.6400,1.799995
FILLER_82_347,VPWR,li1,170.4300,236.6400,1.799995
FILLER_82_324,VPWR,li1,159.6200,236.6400,1.799997
FILLER_82_321,VPWR,li1,158.4700,236.6400,1.799997
FILLER_82_318,VPWR,li1,157.0900,236.6400,1.799997
FILLER_82_315,VPWR,li1,155.7100,236.6400,1.799997
FILLER_82_312,VPWR,li1,154.3300,236.6400,1.799997
FILLER_82_309,VPWR,li1,152.9500,236.6400,1.799998
FILLER_82_307,VPWR,li1,151.5700,236.6400,1.799998
FILLER_82_304,VPWR,li1,150.6500,236.6400,1.799998
FILLER_82_301,VPWR,li1,149.2700,236.6400,1.799998
FILLER_82_298,VPWR,li1,147.8900,236.6400,1.799998
FILLER_82_295,VPWR,li1,146.5100,236.6400,1.799998
FILLER_82_292,VPWR,li1,145.1300,236.6400,1.799998
FILLER_82_289,VPWR,li1,143.7500,236.6400,1.799998
FILLER_82_280,VPWR,li1,139.1500,236.6400,1.799999
FILLER_82_277,VPWR,li1,138.2300,236.6400,1.799999
FILLER_82_271,VPWR,li1,135.4700,236.6400,1.799999
FILLER_82_268,VPWR,li1,134.0900,236.6400,1.799999
FILLER_82_259,VPWR,li1,129.4900,236.6400,1.799999
FILLER_82_256,VPWR,li1,128.5700,236.6400,1.799999
FILLER_82_253,VPWR,li1,127.1900,236.6400,1.799999
FILLER_82_251,VPWR,li1,125.8100,236.6400,1.799999
FILLER_82_248,VPWR,li1,124.8900,236.6400,1.799999
FILLER_82_245,VPWR,li1,123.5100,236.6400,1.799999
FILLER_82_242,VPWR,li1,122.1300,236.6400,1.799999
FILLER_82_239,VPWR,li1,120.7500,236.6400,1.799999
FILLER_82_236,VPWR,li1,119.3700,236.6400,1.799999
FILLER_82_233,VPWR,li1,117.9900,236.6400,1.799999
FILLER_82_230,VPWR,li1,116.6100,236.6400,1.799999
FILLER_82_219,VPWR,li1,111.0900,236.6400,1.799999
FILLER_82_216,VPWR,li1,110.1700,236.6400,1.799999
FILLER_82_213,VPWR,li1,108.7900,236.6400,1.799999
FILLER_82_197,VPWR,li1,100.9700,236.6400,1.799999
FILLER_82_163,VPWR,li1,85.3300,236.6400,1.799998
FILLER_82_160,VPWR,li1,84.4100,236.6400,1.799998
FILLER_82_147,VPWR,li1,77.9700,236.6400,1.799998
FILLER_82_144,VPWR,li1,77.0500,236.6400,1.799997
FILLER_82_141,VPWR,li1,75.6700,236.6400,1.799997
FILLER_82_137,VPWR,li1,73.8300,236.6400,1.799997
FILLER_82_105,VPWR,li1,58.6500,236.6400,1.799992
FILLER_82_102,VPWR,li1,57.7300,236.6400,1.799992
FILLER_82_99,VPWR,li1,56.3500,236.6400,1.799991
FILLER_82_88,VPWR,li1,51.2900,236.6400,1.799992
FILLER_82_64,VPWR,li1,40.2500,236.6400,1.799993
FILLER_82_61,VPWR,li1,38.8700,236.6400,1.799993
FILLER_82_35,VPWR,li1,26.4500,236.6400,1.799993
FILLER_82_32,VPWR,li1,25.5300,236.6400,1.799993
FILLER_82_29,VPWR,li1,24.1500,236.6400,1.799993
FILLER_82_26,VPWR,li1,22.5400,236.6400,1.799994
FILLER_82_9,VPWR,li1,14.4900,236.6400,1.799996
FILLER_82_6,VPWR,li1,13.5700,236.6400,1.799996
FILLER_82_3,VPWR,li1,12.1900,236.6400,1.799996
FILLER_81_647,VPWR,li1,307.9700,231.2000,1.799991
FILLER_81_644,VPWR,li1,307.0500,231.2000,1.799991
FILLER_81_641,VPWR,li1,305.6700,231.2000,1.799991
FILLER_81_638,VPWR,li1,304.2900,231.2000,1.799991
FILLER_81_615,VPWR,li1,293.2500,231.2000,1.799993
FILLER_81_584,VPWR,li1,278.9900,231.2000,1.799994
FILLER_81_571,VPWR,li1,273.0100,231.2000,1.799994
FILLER_81_568,VPWR,li1,272.0900,231.2000,1.799994
FILLER_81_565,VPWR,li1,270.7100,231.2000,1.799994
FILLER_81_561,VPWR,li1,268.4100,231.2000,1.799994
FILLER_81_551,VPWR,li1,263.8100,231.2000,1.799996
FILLER_81_548,VPWR,li1,262.8900,231.2000,1.799996
FILLER_81_514,VPWR,li1,247.2500,231.2000,1.799998
FILLER_81_511,VPWR,li1,245.8700,231.2000,1.799998
FILLER_81_508,VPWR,li1,244.4900,231.2000,1.799998
FILLER_81_505,VPWR,li1,243.1100,231.2000,1.799998
FILLER_81_494,VPWR,li1,237.5900,231.2000,1.799998
FILLER_81_491,VPWR,li1,236.6700,231.2000,1.799998
FILLER_81_488,VPWR,li1,235.2900,231.2000,1.799998
FILLER_81_485,VPWR,li1,233.9100,231.2000,1.799998
FILLER_81_482,VPWR,li1,232.5300,231.2000,1.799998
FILLER_81_479,VPWR,li1,231.1500,231.2000,1.799998
FILLER_81_476,VPWR,li1,229.7700,231.2000,1.799998
FILLER_81_473,VPWR,li1,228.3900,231.2000,1.799998
FILLER_81_470,VPWR,li1,227.0100,231.2000,1.799998
FILLER_81_447,VPWR,li1,215.9700,231.2000,1.799996
FILLER_81_444,VPWR,li1,215.0500,231.2000,1.799996
FILLER_81_433,VPWR,li1,209.7600,231.2000,1.799995
FILLER_81_430,VPWR,li1,208.6100,231.2000,1.799995
FILLER_81_427,VPWR,li1,207.2300,231.2000,1.799996
FILLER_81_424,VPWR,li1,205.8500,231.2000,1.799996
FILLER_81_421,VPWR,li1,204.4700,231.2000,1.799996
FILLER_81_418,VPWR,li1,203.0900,231.2000,1.799996
FILLER_81_415,VPWR,li1,201.7100,231.2000,1.799996
FILLER_81_412,VPWR,li1,200.3300,231.2000,1.799997
FILLER_81_409,VPWR,li1,198.9500,231.2000,1.799997
FILLER_81_406,VPWR,li1,197.5700,231.2000,1.799997
FILLER_81_403,VPWR,li1,196.1900,231.2000,1.799997
FILLER_81_400,VPWR,li1,194.8100,231.2000,1.799997
FILLER_81_393,VPWR,li1,191.5900,231.2000,1.799997
FILLER_81_390,VPWR,li1,189.9800,231.2000,1.799997
FILLER_81_387,VPWR,li1,188.8300,231.2000,1.799997
FILLER_81_355,VPWR,li1,173.8800,231.2000,1.799996
FILLER_81_352,VPWR,li1,172.7300,231.2000,1.799996
FILLER_81_337,VPWR,li1,165.8300,231.2000,1.799997
FILLER_81_334,VPWR,li1,164.2200,231.2000,1.799997
FILLER_81_331,VPWR,li1,163.0700,231.2000,1.799997
FILLER_81_318,VPWR,li1,156.8600,231.2000,1.799996
FILLER_81_315,VPWR,li1,155.7100,231.2000,1.799995
FILLER_81_284,VPWR,li1,140.9900,231.2000,1.799995
FILLER_81_281,VPWR,li1,140.0700,231.2000,1.799995
FILLER_81_279,VPWR,li1,138.6900,231.2000,1.799995
FILLER_81_270,VPWR,li1,134.7800,231.2000,1.799996
FILLER_81_237,VPWR,li1,119.6000,231.2000,1.799997
FILLER_81_234,VPWR,li1,118.4500,231.2000,1.799997
FILLER_81_231,VPWR,li1,117.0700,231.2000,1.799997
FILLER_81_228,VPWR,li1,115.6900,231.2000,1.799998
FILLER_81_225,VPWR,li1,114.3100,231.2000,1.799998
FILLER_81_223,VPWR,li1,112.9300,231.2000,1.799998
FILLER_81_220,VPWR,li1,112.0100,231.2000,1.799998
FILLER_81_217,VPWR,li1,110.6300,231.2000,1.799998
FILLER_81_208,VPWR,li1,106.2600,231.2000,1.799999
FILLER_81_205,VPWR,li1,105.1100,231.2000,1.799999
FILLER_81_202,VPWR,li1,103.7300,231.2000,1.799999
FILLER_81_199,VPWR,li1,102.3500,231.2000,1.799999
FILLER_81_196,VPWR,li1,100.9700,231.2000,1.799999
FILLER_81_193,VPWR,li1,99.5900,231.2000,1.799999
FILLER_81_190,VPWR,li1,98.2100,231.2000,1.799999
FILLER_81_187,VPWR,li1,96.8300,231.2000,1.799999
FILLER_81_184,VPWR,li1,95.4500,231.2000,1.799999
FILLER_81_181,VPWR,li1,94.0700,231.2000,1.799999
FILLER_81_178,VPWR,li1,92.6900,231.2000,1.799999
FILLER_81_175,VPWR,li1,91.3100,231.2000,1.799999
FILLER_81_172,VPWR,li1,89.9300,231.2000,1.799999
FILLER_81_169,VPWR,li1,88.5500,231.2000,1.799999
FILLER_81_165,VPWR,li1,86.7100,231.2000,1.799999
FILLER_81_162,VPWR,li1,85.3300,231.2000,1.799999
FILLER_81_159,VPWR,li1,83.9500,231.2000,1.799999
FILLER_81_156,VPWR,li1,82.5700,231.2000,1.799999
FILLER_81_147,VPWR,li1,78.2000,231.2000,1.799999
FILLER_81_144,VPWR,li1,77.0500,231.2000,1.799999
FILLER_81_141,VPWR,li1,75.6700,231.2000,1.799999
FILLER_81_138,VPWR,li1,74.2900,231.2000,1.799999
FILLER_81_135,VPWR,li1,72.9100,231.2000,1.799999
FILLER_81_132,VPWR,li1,71.5300,231.2000,1.799998
FILLER_81_129,VPWR,li1,70.1500,231.2000,1.799998
FILLER_81_122,VPWR,li1,66.7000,231.2000,1.799998
FILLER_81_111,VPWR,li1,61.4100,231.2000,1.799997
FILLER_81_108,VPWR,li1,60.4900,231.2000,1.799996
FILLER_81_105,VPWR,li1,59.1100,231.2000,1.799996
FILLER_81_102,VPWR,li1,57.7300,231.2000,1.799996
FILLER_81_57,VPWR,li1,37.0300,231.2000,1.799992
FILLER_81_38,VPWR,li1,27.8300,231.2000,1.799991
FILLER_81_35,VPWR,li1,26.9100,231.2000,1.799991
FILLER_81_6,VPWR,li1,13.5700,231.2000,1.799995
FILLER_81_3,VPWR,li1,12.1900,231.2000,1.799995
FILLER_80_645,VPWR,li1,307.5100,231.2000,1.799991
FILLER_80_643,VPWR,li1,306.1300,231.2000,1.799991
FILLER_80_640,VPWR,li1,305.2100,231.2000,1.799991
FILLER_80_637,VPWR,li1,303.8300,231.2000,1.799991
FILLER_80_634,VPWR,li1,302.4500,231.2000,1.799991
FILLER_80_631,VPWR,li1,301.0700,231.2000,1.799991
FILLER_80_616,VPWR,li1,294.1700,231.2000,1.799993
FILLER_80_613,VPWR,li1,292.7900,231.2000,1.799993
FILLER_80_610,VPWR,li1,291.4100,231.2000,1.799994
FILLER_80_607,VPWR,li1,290.0300,231.2000,1.799994
FILLER_80_604,VPWR,li1,288.6500,231.2000,1.799994
FILLER_80_598,VPWR,li1,285.8900,231.2000,1.799995
FILLER_80_595,VPWR,li1,284.5100,231.2000,1.799995
FILLER_80_592,VPWR,li1,283.1300,231.2000,1.799995
FILLER_80_589,VPWR,li1,281.7500,231.2000,1.799994
FILLER_80_577,VPWR,li1,275.7700,231.2000,1.799994
FILLER_80_574,VPWR,li1,274.8500,231.2000,1.799994
FILLER_80_571,VPWR,li1,273.4700,231.2000,1.799994
FILLER_80_548,VPWR,li1,262.6600,231.2000,1.799996
FILLER_80_545,VPWR,li1,261.5100,231.2000,1.799996
FILLER_80_542,VPWR,li1,260.1300,231.2000,1.799996
FILLER_80_539,VPWR,li1,258.7500,231.2000,1.799997
FILLER_80_536,VPWR,li1,257.3700,231.2000,1.799997
FILLER_80_533,VPWR,li1,255.9900,231.2000,1.799998
FILLER_80_529,VPWR,li1,254.1500,231.2000,1.799998
FILLER_80_526,VPWR,li1,252.7700,231.2000,1.799998
FILLER_80_514,VPWR,li1,247.2500,231.2000,1.799998
FILLER_80_511,VPWR,li1,245.8700,231.2000,1.799998
FILLER_80_508,VPWR,li1,244.4900,231.2000,1.799998
FILLER_80_496,VPWR,li1,238.9700,231.2000,1.799998
FILLER_80_493,VPWR,li1,237.5900,231.2000,1.799998
FILLER_80_474,VPWR,li1,228.6200,231.2000,1.799998
FILLER_80_471,VPWR,li1,227.4700,231.2000,1.799998
FILLER_80_461,VPWR,li1,222.6400,231.2000,1.799997
FILLER_80_451,VPWR,li1,217.8100,231.2000,1.799996
FILLER_80_448,VPWR,li1,216.8900,231.2000,1.799996
FILLER_80_445,VPWR,li1,215.5100,231.2000,1.799996
FILLER_80_442,VPWR,li1,214.1300,231.2000,1.799996
FILLER_80_418,VPWR,li1,202.8600,231.2000,1.799996
FILLER_80_415,VPWR,li1,201.7100,231.2000,1.799996
FILLER_80_410,VPWR,li1,198.9500,231.2000,1.799997
FILLER_80_407,VPWR,li1,198.0300,231.2000,1.799997
FILLER_80_404,VPWR,li1,196.6500,231.2000,1.799997
FILLER_80_401,VPWR,li1,195.2700,231.2000,1.799997
FILLER_80_398,VPWR,li1,193.8900,231.2000,1.799997
FILLER_80_395,VPWR,li1,192.5100,231.2000,1.799997
FILLER_80_378,VPWR,li1,184.6900,231.2000,1.799996
FILLER_80_375,VPWR,li1,183.3100,231.2000,1.799996
FILLER_80_372,VPWR,li1,181.9300,231.2000,1.799996
FILLER_80_361,VPWR,li1,176.8700,231.2000,1.799996
FILLER_80_358,VPWR,li1,175.4900,231.2000,1.799996
FILLER_80_355,VPWR,li1,174.1100,231.2000,1.799996
FILLER_80_352,VPWR,li1,172.7300,231.2000,1.799996
FILLER_80_349,VPWR,li1,171.3500,231.2000,1.799997
FILLER_80_346,VPWR,li1,169.9700,231.2000,1.799997
FILLER_80_339,VPWR,li1,166.5200,231.2000,1.799997
FILLER_80_336,VPWR,li1,165.3700,231.2000,1.799997
FILLER_80_333,VPWR,li1,163.9900,231.2000,1.799997
FILLER_80_330,VPWR,li1,162.6100,231.2000,1.799997
FILLER_80_327,VPWR,li1,161.2300,231.2000,1.799997
FILLER_80_318,VPWR,li1,156.8600,231.2000,1.799996
FILLER_80_315,VPWR,li1,155.7100,231.2000,1.799995
FILLER_80_312,VPWR,li1,154.3300,231.2000,1.799995
FILLER_80_306,VPWR,li1,151.3400,231.2000,1.799994
FILLER_80_303,VPWR,li1,150.1900,231.2000,1.799994
FILLER_80_300,VPWR,li1,148.8100,231.2000,1.799995
FILLER_80_297,VPWR,li1,147.4300,231.2000,1.799995
FILLER_80_291,VPWR,li1,144.2100,231.2000,1.799995
FILLER_80_263,VPWR,li1,131.7900,231.2000,1.799996
FILLER_80_259,VPWR,li1,129.4900,231.2000,1.799996
FILLER_80_256,VPWR,li1,128.5700,231.2000,1.799996
FILLER_80_253,VPWR,li1,127.1900,231.2000,1.799996
FILLER_80_249,VPWR,li1,125.3500,231.2000,1.799996
FILLER_80_246,VPWR,li1,123.9700,231.2000,1.799997
FILLER_80_240,VPWR,li1,120.9800,231.2000,1.799997
FILLER_80_237,VPWR,li1,119.8300,231.2000,1.799997
FILLER_80_221,VPWR,li1,112.4700,231.2000,1.799998
FILLER_80_218,VPWR,li1,111.0900,231.2000,1.799998
FILLER_80_215,VPWR,li1,109.7100,231.2000,1.799998
FILLER_80_212,VPWR,li1,108.3300,231.2000,1.799998
FILLER_80_209,VPWR,li1,106.9500,231.2000,1.799999
FILLER_80_206,VPWR,li1,105.5700,231.2000,1.799999
FILLER_80_203,VPWR,li1,104.1900,231.2000,1.799999
FILLER_80_200,VPWR,li1,102.8100,231.2000,1.799999
FILLER_80_197,VPWR,li1,101.4300,231.2000,1.799999
FILLER_80_193,VPWR,li1,99.5900,231.2000,1.799999
FILLER_80_190,VPWR,li1,98.2100,231.2000,1.799999
FILLER_80_187,VPWR,li1,96.8300,231.2000,1.799999
FILLER_80_184,VPWR,li1,95.4500,231.2000,1.799999
FILLER_80_181,VPWR,li1,94.0700,231.2000,1.799999
FILLER_80_178,VPWR,li1,92.6900,231.2000,1.799999
FILLER_80_175,VPWR,li1,91.3100,231.2000,1.799999
FILLER_80_172,VPWR,li1,89.9300,231.2000,1.799999
FILLER_80_169,VPWR,li1,88.5500,231.2000,1.799999
FILLER_80_166,VPWR,li1,87.1700,231.2000,1.799999
FILLER_80_163,VPWR,li1,85.7900,231.2000,1.799999
FILLER_80_160,VPWR,li1,84.4100,231.2000,1.799999
FILLER_80_157,VPWR,li1,83.0300,231.2000,1.799999
FILLER_80_154,VPWR,li1,81.6500,231.2000,1.799999
FILLER_80_151,VPWR,li1,80.2700,231.2000,1.799999
FILLER_80_141,VPWR,li1,75.4400,231.2000,1.799999
FILLER_80_137,VPWR,li1,73.8300,231.2000,1.799999
FILLER_80_133,VPWR,li1,71.5300,231.2000,1.799998
FILLER_80_130,VPWR,li1,70.6100,231.2000,1.799998
FILLER_80_127,VPWR,li1,69.2300,231.2000,1.799998
FILLER_80_124,VPWR,li1,67.8500,231.2000,1.799998
FILLER_80_121,VPWR,li1,66.4700,231.2000,1.799998
FILLER_80_118,VPWR,li1,65.0900,231.2000,1.799997
FILLER_80_115,VPWR,li1,63.7100,231.2000,1.799997
FILLER_80_112,VPWR,li1,62.3300,231.2000,1.799997
FILLER_80_102,VPWR,li1,57.5000,231.2000,1.799996
FILLER_80_99,VPWR,li1,56.3500,231.2000,1.799996
FILLER_80_88,VPWR,li1,51.2900,231.2000,1.799995
FILLER_80_85,VPWR,li1,49.9100,231.2000,1.799995
FILLER_80_74,VPWR,li1,44.6200,231.2000,1.799995
FILLER_80_57,VPWR,li1,37.0300,231.2000,1.799992
FILLER_80_54,VPWR,li1,35.6500,231.2000,1.799992
FILLER_79_645,VPWR,li1,307.5100,225.7600,1.799991
FILLER_79_642,VPWR,li1,306.1300,225.7600,1.799991
FILLER_79_639,VPWR,li1,304.7500,225.7600,1.799991
FILLER_79_617,VPWR,li1,294.1700,225.7600,1.799992
FILLER_79_613,VPWR,li1,292.7900,225.7600,1.799992
FILLER_79_610,VPWR,li1,291.4100,225.7600,1.799992
FILLER_79_607,VPWR,li1,290.0300,225.7600,1.799993
FILLER_79_604,VPWR,li1,288.6500,225.7600,1.799993
FILLER_79_595,VPWR,li1,284.0500,225.7600,1.799994
FILLER_79_592,VPWR,li1,283.1300,225.7600,1.799994
FILLER_79_589,VPWR,li1,281.7500,225.7600,1.799993
FILLER_79_567,VPWR,li1,271.1700,225.7600,1.799992
FILLER_79_564,VPWR,li1,270.2500,225.7600,1.799992
FILLER_79_561,VPWR,li1,268.8700,225.7600,1.799992
FILLER_79_559,VPWR,li1,267.4900,225.7600,1.799992
FILLER_79_556,VPWR,li1,266.5700,225.7600,1.799993
FILLER_79_553,VPWR,li1,265.1900,225.7600,1.799993
FILLER_79_550,VPWR,li1,263.8100,225.7600,1.799994
FILLER_79_547,VPWR,li1,262.4300,225.7600,1.799994
FILLER_79_544,VPWR,li1,261.0500,225.7600,1.799994
FILLER_79_535,VPWR,li1,256.4500,225.7600,1.799995
FILLER_79_532,VPWR,li1,255.5300,225.7600,1.799996
FILLER_79_529,VPWR,li1,254.1500,225.7600,1.799996
FILLER_79_526,VPWR,li1,252.7700,225.7600,1.799995
FILLER_79_523,VPWR,li1,251.3900,225.7600,1.799995
FILLER_79_520,VPWR,li1,250.0100,225.7600,1.799995
FILLER_79_517,VPWR,li1,248.6300,225.7600,1.799994
FILLER_79_514,VPWR,li1,247.2500,225.7600,1.799994
FILLER_79_511,VPWR,li1,245.8700,225.7600,1.799993
FILLER_79_505,VPWR,li1,243.1100,225.7600,1.799993
FILLER_79_503,VPWR,li1,241.7300,225.7600,1.799993
FILLER_79_500,VPWR,li1,240.8100,225.7600,1.799993
FILLER_79_497,VPWR,li1,239.4300,225.7600,1.799993
FILLER_79_494,VPWR,li1,238.0500,225.7600,1.799993
FILLER_79_485,VPWR,li1,233.4500,225.7600,1.799993
FILLER_79_482,VPWR,li1,232.5300,225.7600,1.799993
FILLER_79_479,VPWR,li1,231.1500,225.7600,1.799993
FILLER_79_476,VPWR,li1,229.7700,225.7600,1.799993
FILLER_79_473,VPWR,li1,228.3900,225.7600,1.799993
FILLER_79_470,VPWR,li1,227.0100,225.7600,1.799993
FILLER_79_467,VPWR,li1,225.6300,225.7600,1.799993
FILLER_79_464,VPWR,li1,224.2500,225.7600,1.799993
FILLER_79_461,VPWR,li1,222.8700,225.7600,1.799991
FILLER_79_458,VPWR,li1,221.4900,225.7600,1.799991
FILLER_79_455,VPWR,li1,220.1100,225.7600,1.799989
FILLER_79_452,VPWR,li1,218.7300,225.7600,1.799989
FILLER_79_449,VPWR,li1,217.3500,225.7600,1.799986
FILLER_79_446,VPWR,li1,215.7400,225.7600,1.799986
FILLER_79_441,VPWR,li1,213.4400,225.7600,1.799984
FILLER_79_431,VPWR,li1,208.8400,225.7600,1.799981
FILLER_79_393,VPWR,li1,191.1300,225.7600,1.799989
FILLER_79_390,VPWR,li1,189.9800,225.7600,1.799989
FILLER_79_387,VPWR,li1,188.8300,225.7600,1.799989
FILLER_79_384,VPWR,li1,187.4500,225.7600,1.799990
FILLER_79_381,VPWR,li1,186.0700,225.7600,1.799990
FILLER_79_377,VPWR,li1,183.7700,225.7600,1.799991
FILLER_79_374,VPWR,li1,182.8500,225.7600,1.799991
FILLER_79_371,VPWR,li1,181.4700,225.7600,1.799992
FILLER_79_368,VPWR,li1,180.0900,225.7600,1.799992
FILLER_79_365,VPWR,li1,178.7100,225.7600,1.799993
FILLER_79_358,VPWR,li1,175.4900,225.7600,1.799994
FILLER_79_355,VPWR,li1,174.1100,225.7600,1.799994
FILLER_79_352,VPWR,li1,172.7300,225.7600,1.799994
FILLER_79_349,VPWR,li1,171.3500,225.7600,1.799995
FILLER_79_346,VPWR,li1,169.9700,225.7600,1.799995
FILLER_79_343,VPWR,li1,168.5900,225.7600,1.799996
FILLER_79_340,VPWR,li1,167.2100,225.7600,1.799996
FILLER_79_337,VPWR,li1,165.8300,225.7600,1.799997
FILLER_79_334,VPWR,li1,164.2200,225.7600,1.799996
FILLER_79_331,VPWR,li1,163.0700,225.7600,1.799996
FILLER_79_328,VPWR,li1,161.6900,225.7600,1.799996
FILLER_79_298,VPWR,li1,147.4300,225.7600,1.799996
FILLER_79_284,VPWR,li1,141.4500,225.7600,1.799997
FILLER_79_281,VPWR,li1,140.0700,225.7600,1.799997
FILLER_79_278,VPWR,li1,138.4600,225.7600,1.799997
FILLER_79_275,VPWR,li1,137.3100,225.7600,1.799997
FILLER_79_272,VPWR,li1,135.9300,225.7600,1.799997
FILLER_79_268,VPWR,li1,133.6300,225.7600,1.799998
FILLER_79_265,VPWR,li1,132.7100,225.7600,1.799998
FILLER_79_262,VPWR,li1,131.3300,225.7600,1.799998
FILLER_79_259,VPWR,li1,129.9500,225.7600,1.799998
FILLER_79_256,VPWR,li1,128.5700,225.7600,1.799998
FILLER_79_253,VPWR,li1,127.1900,225.7600,1.799998
FILLER_79_250,VPWR,li1,125.8100,225.7600,1.799998
FILLER_79_247,VPWR,li1,124.4300,225.7600,1.799998
FILLER_79_244,VPWR,li1,123.0500,225.7600,1.799998
FILLER_79_241,VPWR,li1,121.6700,225.7600,1.799998
FILLER_79_236,VPWR,li1,118.9100,225.7600,1.799998
FILLER_79_230,VPWR,li1,116.1500,225.7600,1.799999
FILLER_79_223,VPWR,li1,112.9300,225.7600,1.799999
FILLER_79_220,VPWR,li1,112.0100,225.7600,1.799999
FILLER_79_217,VPWR,li1,110.6300,225.7600,1.799999
FILLER_79_214,VPWR,li1,109.2500,225.7600,1.799999
FILLER_79_211,VPWR,li1,107.8700,225.7600,1.799999
FILLER_79_208,VPWR,li1,106.4900,225.7600,1.799999
FILLER_79_205,VPWR,li1,105.1100,225.7600,1.799999
FILLER_79_202,VPWR,li1,103.7300,225.7600,1.799999
FILLER_79_193,VPWR,li1,99.1300,225.7600,1.799999
FILLER_79_184,VPWR,li1,95.2200,225.7600,1.799999
FILLER_79_181,VPWR,li1,94.0700,225.7600,1.799999
FILLER_79_178,VPWR,li1,92.6900,225.7600,1.799999
FILLER_79_175,VPWR,li1,91.3100,225.7600,1.799999
FILLER_79_172,VPWR,li1,89.9300,225.7600,1.799999
FILLER_79_169,VPWR,li1,88.5500,225.7600,1.799999
FILLER_79_167,VPWR,li1,87.1700,225.7600,1.799999
FILLER_79_164,VPWR,li1,86.2500,225.7600,1.799999
FILLER_79_161,VPWR,li1,84.8700,225.7600,1.799999
FILLER_79_152,VPWR,li1,80.2700,225.7600,1.799999
FILLER_79_149,VPWR,li1,79.3500,225.7600,1.799999
FILLER_79_146,VPWR,li1,77.9700,225.7600,1.799999
FILLER_79_143,VPWR,li1,76.5900,225.7600,1.799998
FILLER_79_140,VPWR,li1,75.2100,225.7600,1.799998
FILLER_79_127,VPWR,li1,69.2300,225.7600,1.799997
FILLER_79_124,VPWR,li1,67.8500,225.7600,1.799997
FILLER_79_121,VPWR,li1,66.4700,225.7600,1.799997
FILLER_79_113,VPWR,li1,62.3300,225.7600,1.799996
FILLER_79_93,VPWR,li1,53.3600,225.7600,1.799994
FILLER_79_74,VPWR,li1,44.6200,225.7600,1.799996
FILLER_79_31,VPWR,li1,24.6100,225.7600,1.799996
FILLER_79_28,VPWR,li1,23.6900,225.7600,1.799996
FILLER_79_11,VPWR,li1,15.4100,225.7600,1.799997
FILLER_78_645,VPWR,li1,307.5100,225.7600,1.799991
FILLER_78_641,VPWR,li1,305.6700,225.7600,1.799991
FILLER_78_638,VPWR,li1,304.2900,225.7600,1.799991
FILLER_78_635,VPWR,li1,302.9100,225.7600,1.799991
FILLER_78_632,VPWR,li1,301.5300,225.7600,1.799991
FILLER_78_629,VPWR,li1,300.1500,225.7600,1.799991
FILLER_78_623,VPWR,li1,297.1600,225.7600,1.799991
FILLER_78_620,VPWR,li1,296.0100,225.7600,1.799991
FILLER_78_617,VPWR,li1,294.6300,225.7600,1.799992
FILLER_78_614,VPWR,li1,293.2500,225.7600,1.799992
FILLER_78_611,VPWR,li1,291.8700,225.7600,1.799992
FILLER_78_589,VPWR,li1,281.2900,225.7600,1.799993
FILLER_78_579,VPWR,li1,276.6900,225.7600,1.799992
FILLER_78_546,VPWR,li1,261.9700,225.7600,1.799994
FILLER_78_543,VPWR,li1,260.5900,225.7600,1.799994
FILLER_78_533,VPWR,li1,255.5300,225.7600,1.799996
FILLER_78_531,VPWR,li1,254.6100,225.7600,1.799996
FILLER_78_500,VPWR,li1,240.3500,225.7600,1.799993
FILLER_78_489,VPWR,li1,235.5200,225.7600,1.799993
FILLER_78_475,VPWR,li1,228.8500,225.7600,1.799993
FILLER_78_472,VPWR,li1,227.9300,225.7600,1.799993
FILLER_78_469,VPWR,li1,226.5500,225.7600,1.799993
FILLER_78_454,VPWR,li1,219.4200,225.7600,1.799989
FILLER_78_419,VPWR,li1,203.0900,225.7600,1.799977
FILLER_78_416,VPWR,li1,202.1700,225.7600,1.799977
FILLER_78_386,VPWR,li1,187.9100,225.7600,1.799990
FILLER_78_383,VPWR,li1,186.9900,225.7600,1.799990
FILLER_78_380,VPWR,li1,185.6100,225.7600,1.799990
FILLER_78_377,VPWR,li1,184.2300,225.7600,1.799991
FILLER_78_374,VPWR,li1,182.8500,225.7600,1.799991
FILLER_78_365,VPWR,li1,178.2500,225.7600,1.799993
FILLER_78_362,VPWR,li1,177.1000,225.7600,1.799993
FILLER_78_346,VPWR,li1,169.7400,225.7600,1.799995
FILLER_78_322,VPWR,li1,158.7000,225.7600,1.799996
FILLER_78_319,VPWR,li1,157.5500,225.7600,1.799996
FILLER_78_316,VPWR,li1,156.1700,225.7600,1.799996
FILLER_78_307,VPWR,li1,151.5700,225.7600,1.799995
FILLER_78_304,VPWR,li1,150.6500,225.7600,1.799996
FILLER_78_301,VPWR,li1,149.2700,225.7600,1.799996
FILLER_78_298,VPWR,li1,147.8900,225.7600,1.799996
FILLER_78_289,VPWR,li1,143.2900,225.7600,1.799996
FILLER_78_258,VPWR,li1,129.2600,225.7600,1.799998
FILLER_78_242,VPWR,li1,121.6700,225.7600,1.799998
FILLER_78_239,VPWR,li1,120.7500,225.7600,1.799998
FILLER_78_236,VPWR,li1,119.3700,225.7600,1.799998
FILLER_78_233,VPWR,li1,117.9900,225.7600,1.799998
FILLER_78_230,VPWR,li1,116.6100,225.7600,1.799999
FILLER_78_222,VPWR,li1,112.4700,225.7600,1.799999
FILLER_78_219,VPWR,li1,111.5500,225.7600,1.799999
FILLER_78_216,VPWR,li1,110.1700,225.7600,1.799999
FILLER_78_206,VPWR,li1,105.5700,225.7600,1.799999
FILLER_78_203,VPWR,li1,104.1900,225.7600,1.799999
FILLER_78_200,VPWR,li1,102.8100,225.7600,1.799999
FILLER_78_197,VPWR,li1,101.4300,225.7600,1.799999
FILLER_78_195,VPWR,li1,100.0500,225.7600,1.799999
FILLER_78_192,VPWR,li1,99.1300,225.7600,1.799999
FILLER_78_182,VPWR,li1,94.5300,225.7600,1.799999
FILLER_78_153,VPWR,li1,80.9600,225.7600,1.799999
FILLER_78_150,VPWR,li1,79.8100,225.7600,1.799999
FILLER_78_147,VPWR,li1,78.4300,225.7600,1.799999
FILLER_78_144,VPWR,li1,77.0500,225.7600,1.799998
FILLER_78_141,VPWR,li1,75.6700,225.7600,1.799998
FILLER_78_137,VPWR,li1,73.8300,225.7600,1.799998
FILLER_78_129,VPWR,li1,69.6900,225.7600,1.799997
FILLER_78_126,VPWR,li1,68.7700,225.7600,1.799997
FILLER_78_123,VPWR,li1,67.3900,225.7600,1.799997
FILLER_78_120,VPWR,li1,66.0100,225.7600,1.799997
FILLER_78_117,VPWR,li1,64.6300,225.7600,1.799996
FILLER_78_114,VPWR,li1,63.2500,225.7600,1.799996
FILLER_78_111,VPWR,li1,61.8700,225.7600,1.799996
FILLER_78_99,VPWR,li1,56.3500,225.7600,1.799994
FILLER_78_88,VPWR,li1,51.2900,225.7600,1.799995
FILLER_78_85,VPWR,li1,49.9100,225.7600,1.799995
FILLER_78_83,VPWR,li1,48.5300,225.7600,1.799995
FILLER_78_80,VPWR,li1,47.6100,225.7600,1.799995
FILLER_78_77,VPWR,li1,46.2300,225.7600,1.799995
FILLER_78_58,VPWR,li1,37.4900,225.7600,1.799994
FILLER_78_38,VPWR,li1,28.2900,225.7600,1.799995
FILLER_78_35,VPWR,li1,26.9100,225.7600,1.799995
FILLER_78_29,VPWR,li1,23.9200,225.7600,1.799996
FILLER_77_647,VPWR,li1,307.9700,220.3200,1.799983
FILLER_77_644,VPWR,li1,307.0500,220.3200,1.799983
FILLER_77_641,VPWR,li1,305.6700,220.3200,1.799983
FILLER_77_638,VPWR,li1,304.2900,220.3200,1.799983
FILLER_77_635,VPWR,li1,302.9100,220.3200,1.799983
FILLER_77_632,VPWR,li1,301.5300,220.3200,1.799983
FILLER_77_629,VPWR,li1,300.1500,220.3200,1.799983
FILLER_77_610,VPWR,li1,291.4100,220.3200,1.799984
FILLER_77_599,VPWR,li1,286.1200,220.3200,1.799986
FILLER_77_573,VPWR,li1,274.1600,220.3200,1.799976
FILLER_77_570,VPWR,li1,273.0100,220.3200,1.799976
FILLER_77_561,VPWR,li1,268.4100,220.3200,1.799981
FILLER_77_559,VPWR,li1,267.4900,220.3200,1.799981
FILLER_77_547,VPWR,li1,262.4300,220.3200,1.799987
FILLER_77_544,VPWR,li1,261.0500,220.3200,1.799988
FILLER_77_541,VPWR,li1,259.6700,220.3200,1.799988
FILLER_77_530,VPWR,li1,254.6100,220.3200,1.799993
FILLER_77_527,VPWR,li1,253.2300,220.3200,1.799993
FILLER_77_517,VPWR,li1,248.4000,220.3200,1.799994
FILLER_77_514,VPWR,li1,247.2500,220.3200,1.799994
FILLER_77_502,VPWR,li1,241.5000,220.3200,1.799994
FILLER_77_499,VPWR,li1,240.3500,220.3200,1.799994
FILLER_77_496,VPWR,li1,238.9700,220.3200,1.799994
FILLER_77_470,VPWR,li1,226.5500,220.3200,1.799997
FILLER_77_467,VPWR,li1,225.6300,220.3200,1.799997
FILLER_77_464,VPWR,li1,224.2500,220.3200,1.799997
FILLER_77_436,VPWR,li1,211.3700,220.3200,1.799996
FILLER_77_433,VPWR,li1,209.9900,220.3200,1.799996
FILLER_77_411,VPWR,li1,199.4100,220.3200,1.799997
FILLER_77_393,VPWR,li1,191.3600,220.3200,1.799997
FILLER_77_389,VPWR,li1,189.7500,220.3200,1.799997
FILLER_77_386,VPWR,li1,188.3700,220.3200,1.799997
FILLER_77_378,VPWR,li1,184.2300,220.3200,1.799997
FILLER_77_375,VPWR,li1,183.3100,220.3200,1.799997
FILLER_77_372,VPWR,li1,181.9300,220.3200,1.799997
FILLER_77_366,VPWR,li1,178.7100,220.3200,1.799996
FILLER_77_363,VPWR,li1,177.7900,220.3200,1.799996
FILLER_77_355,VPWR,li1,173.6500,220.3200,1.799996
FILLER_77_352,VPWR,li1,172.7300,220.3200,1.799996
FILLER_77_343,VPWR,li1,168.5900,220.3200,1.799996
FILLER_77_340,VPWR,li1,167.2100,220.3200,1.799996
FILLER_77_337,VPWR,li1,165.8300,220.3200,1.799996
FILLER_77_334,VPWR,li1,164.2200,220.3200,1.799996
FILLER_77_331,VPWR,li1,163.0700,220.3200,1.799994
FILLER_77_328,VPWR,li1,161.6900,220.3200,1.799994
FILLER_77_325,VPWR,li1,160.3100,220.3200,1.799993
FILLER_77_311,VPWR,li1,153.4100,220.3200,1.799989
FILLER_77_308,VPWR,li1,152.4900,220.3200,1.799987
FILLER_77_305,VPWR,li1,151.1100,220.3200,1.799987
FILLER_77_302,VPWR,li1,149.7300,220.3200,1.799986
FILLER_77_271,VPWR,li1,135.4700,220.3200,1.799985
FILLER_77_261,VPWR,li1,130.8700,220.3200,1.799985
FILLER_77_258,VPWR,li1,129.4900,220.3200,1.799986
FILLER_77_255,VPWR,li1,128.1100,220.3200,1.799986
FILLER_77_252,VPWR,li1,126.7300,220.3200,1.799986
FILLER_77_243,VPWR,li1,122.1300,220.3200,1.799986
FILLER_77_240,VPWR,li1,121.2100,220.3200,1.799986
FILLER_77_237,VPWR,li1,119.8300,220.3200,1.799986
FILLER_77_234,VPWR,li1,118.4500,220.3200,1.799986
FILLER_77_231,VPWR,li1,117.0700,220.3200,1.799986
FILLER_77_228,VPWR,li1,115.6900,220.3200,1.799986
FILLER_77_225,VPWR,li1,114.3100,220.3200,1.799986
FILLER_77_223,VPWR,li1,112.9300,220.3200,1.799986
FILLER_77_220,VPWR,li1,112.0100,220.3200,1.799987
FILLER_77_217,VPWR,li1,110.6300,220.3200,1.799987
FILLER_77_214,VPWR,li1,109.2500,220.3200,1.799987
FILLER_77_205,VPWR,li1,105.1100,220.3200,1.799987
FILLER_77_202,VPWR,li1,103.7300,220.3200,1.799984
FILLER_77_199,VPWR,li1,102.3500,220.3200,1.799984
FILLER_77_196,VPWR,li1,100.9700,220.3200,1.799981
FILLER_77_193,VPWR,li1,99.5900,220.3200,1.799978
FILLER_77_190,VPWR,li1,98.2100,220.3200,1.799978
FILLER_77_187,VPWR,li1,96.8300,220.3200,1.799973
FILLER_77_184,VPWR,li1,95.4500,220.3200,1.799973
FILLER_77_181,VPWR,li1,94.0700,220.3200,1.799969
FILLER_77_178,VPWR,li1,92.6900,220.3200,1.799969
FILLER_77_175,VPWR,li1,91.3100,220.3200,1.799972
FILLER_77_172,VPWR,li1,89.9300,220.3200,1.799972
FILLER_77_169,VPWR,li1,88.5500,220.3200,1.799975
FILLER_77_167,VPWR,li1,87.1700,220.3200,1.799975
FILLER_77_164,VPWR,li1,86.2500,220.3200,1.799977
FILLER_77_161,VPWR,li1,84.8700,220.3200,1.799977
FILLER_77_158,VPWR,li1,83.4900,220.3200,1.799979
FILLER_77_155,VPWR,li1,82.1100,220.3200,1.799981
FILLER_77_152,VPWR,li1,80.7300,220.3200,1.799981
FILLER_77_149,VPWR,li1,79.3500,220.3200,1.799984
FILLER_77_146,VPWR,li1,77.9700,220.3200,1.799984
FILLER_77_143,VPWR,li1,76.5900,220.3200,1.799987
FILLER_77_140,VPWR,li1,75.2100,220.3200,1.799989
FILLER_77_137,VPWR,li1,73.8300,220.3200,1.799989
FILLER_77_134,VPWR,li1,72.4500,220.3200,1.799988
FILLER_77_131,VPWR,li1,71.0700,220.3200,1.799988
FILLER_77_128,VPWR,li1,69.6900,220.3200,1.799987
FILLER_77_125,VPWR,li1,68.3100,220.3200,1.799986
FILLER_77_122,VPWR,li1,66.9300,220.3200,1.799986
FILLER_77_102,VPWR,li1,57.5000,220.3200,1.799983
FILLER_77_99,VPWR,li1,56.3500,220.3200,1.799983
FILLER_77_80,VPWR,li1,47.3800,220.3200,1.799983
FILLER_77_77,VPWR,li1,46.2300,220.3200,1.799983
FILLER_77_57,VPWR,li1,37.0300,220.3200,1.799979
FILLER_77_55,VPWR,li1,35.6500,220.3200,1.799979
FILLER_77_52,VPWR,li1,34.7300,220.3200,1.799980
FILLER_77_49,VPWR,li1,33.3500,220.3200,1.799980
FILLER_77_14,VPWR,li1,16.7900,220.3200,1.799991
FILLER_77_11,VPWR,li1,15.8700,220.3200,1.799991
FILLER_76_645,VPWR,li1,307.5100,220.3200,1.799983
FILLER_76_641,VPWR,li1,305.6700,220.3200,1.799983
FILLER_76_638,VPWR,li1,304.2900,220.3200,1.799983
FILLER_76_635,VPWR,li1,302.9100,220.3200,1.799983
FILLER_76_632,VPWR,li1,301.5300,220.3200,1.799983
FILLER_76_629,VPWR,li1,300.1500,220.3200,1.799983
FILLER_76_626,VPWR,li1,298.7700,220.3200,1.799983
FILLER_76_603,VPWR,li1,287.9600,220.3200,1.799985
FILLER_76_600,VPWR,li1,286.8100,220.3200,1.799986
FILLER_76_567,VPWR,li1,271.1700,220.3200,1.799978
FILLER_76_564,VPWR,li1,270.2500,220.3200,1.799978
FILLER_76_559,VPWR,li1,267.7200,220.3200,1.799981
FILLER_76_548,VPWR,li1,262.6600,220.3200,1.799987
FILLER_76_545,VPWR,li1,261.5100,220.3200,1.799987
FILLER_76_542,VPWR,li1,260.1300,220.3200,1.799988
FILLER_76_539,VPWR,li1,258.7500,220.3200,1.799991
FILLER_76_536,VPWR,li1,257.3700,220.3200,1.799991
FILLER_76_533,VPWR,li1,255.9900,220.3200,1.799993
FILLER_76_531,VPWR,li1,254.6100,220.3200,1.799993
FILLER_76_528,VPWR,li1,253.6900,220.3200,1.799993
FILLER_76_525,VPWR,li1,252.3100,220.3200,1.799993
FILLER_76_522,VPWR,li1,250.9300,220.3200,1.799994
FILLER_76_519,VPWR,li1,249.5500,220.3200,1.799994
FILLER_76_516,VPWR,li1,248.1700,220.3200,1.799994
FILLER_76_513,VPWR,li1,246.7900,220.3200,1.799994
FILLER_76_510,VPWR,li1,245.4100,220.3200,1.799994
FILLER_76_507,VPWR,li1,244.0300,220.3200,1.799994
FILLER_76_501,VPWR,li1,241.0400,220.3200,1.799994
FILLER_76_498,VPWR,li1,239.8900,220.3200,1.799994
FILLER_76_495,VPWR,li1,238.5100,220.3200,1.799994
FILLER_76_492,VPWR,li1,237.1300,220.3200,1.799995
FILLER_76_489,VPWR,li1,235.7500,220.3200,1.799995
FILLER_76_480,VPWR,li1,231.1500,220.3200,1.799995
FILLER_76_477,VPWR,li1,230.2300,220.3200,1.799996
FILLER_76_474,VPWR,li1,228.6200,220.3200,1.799996
FILLER_76_468,VPWR,li1,225.8600,220.3200,1.799997
FILLER_76_462,VPWR,li1,223.1000,220.3200,1.799997
FILLER_76_459,VPWR,li1,221.9500,220.3200,1.799997
FILLER_76_456,VPWR,li1,220.5700,220.3200,1.799997
FILLER_76_453,VPWR,li1,219.1900,220.3200,1.799997
FILLER_76_450,VPWR,li1,217.8100,220.3200,1.799997
FILLER_76_447,VPWR,li1,216.4300,220.3200,1.799997
FILLER_76_444,VPWR,li1,215.0500,220.3200,1.799996
FILLER_76_441,VPWR,li1,213.6700,220.3200,1.799996
FILLER_76_438,VPWR,li1,212.2900,220.3200,1.799996
FILLER_76_435,VPWR,li1,210.9100,220.3200,1.799996
FILLER_76_425,VPWR,li1,206.0800,220.3200,1.799996
FILLER_76_421,VPWR,li1,204.0100,220.3200,1.799996
FILLER_76_410,VPWR,li1,198.9500,220.3200,1.799997
FILLER_76_407,VPWR,li1,198.0300,220.3200,1.799997
FILLER_76_404,VPWR,li1,196.6500,220.3200,1.799998
FILLER_76_401,VPWR,li1,195.2700,220.3200,1.799998
FILLER_76_398,VPWR,li1,193.8900,220.3200,1.799997
FILLER_76_395,VPWR,li1,192.5100,220.3200,1.799997
FILLER_76_392,VPWR,li1,191.1300,220.3200,1.799997
FILLER_76_389,VPWR,li1,189.7500,220.3200,1.799997
FILLER_76_386,VPWR,li1,188.3700,220.3200,1.799997
FILLER_76_383,VPWR,li1,186.9900,220.3200,1.799997
FILLER_76_380,VPWR,li1,185.6100,220.3200,1.799997
FILLER_76_377,VPWR,li1,184.2300,220.3200,1.799997
FILLER_76_371,VPWR,li1,181.4700,220.3200,1.799997
FILLER_76_368,VPWR,li1,180.0900,220.3200,1.799997
FILLER_76_365,VPWR,li1,178.7100,220.3200,1.799996
FILLER_76_361,VPWR,li1,176.8700,220.3200,1.799996
FILLER_76_358,VPWR,li1,175.4900,220.3200,1.799996
FILLER_76_355,VPWR,li1,174.1100,220.3200,1.799996
FILLER_76_352,VPWR,li1,172.7300,220.3200,1.799996
FILLER_76_349,VPWR,li1,171.3500,220.3200,1.799996
FILLER_76_346,VPWR,li1,169.9700,220.3200,1.799996
FILLER_76_343,VPWR,li1,168.5900,220.3200,1.799996
FILLER_76_340,VPWR,li1,167.2100,220.3200,1.799996
FILLER_76_337,VPWR,li1,165.8300,220.3200,1.799996
FILLER_76_334,VPWR,li1,164.4500,220.3200,1.799996
FILLER_76_331,VPWR,li1,163.0700,220.3200,1.799994
FILLER_76_328,VPWR,li1,161.6900,220.3200,1.799994
FILLER_76_325,VPWR,li1,160.3100,220.3200,1.799993
FILLER_76_309,VPWR,li1,152.9500,220.3200,1.799989
FILLER_76_305,VPWR,li1,151.1100,220.3200,1.799987
FILLER_76_302,VPWR,li1,149.7300,220.3200,1.799986
FILLER_76_299,VPWR,li1,148.3500,220.3200,1.799986
FILLER_76_289,VPWR,li1,143.5200,220.3200,1.799983
FILLER_76_268,VPWR,li1,133.6300,220.3200,1.799985
FILLER_76_265,VPWR,li1,132.7100,220.3200,1.799985
FILLER_76_262,VPWR,li1,131.3300,220.3200,1.799985
FILLER_76_259,VPWR,li1,129.9500,220.3200,1.799985
FILLER_76_256,VPWR,li1,128.5700,220.3200,1.799986
FILLER_76_253,VPWR,li1,127.1900,220.3200,1.799986
FILLER_76_244,VPWR,li1,122.8200,220.3200,1.799986
FILLER_76_241,VPWR,li1,121.6700,220.3200,1.799986
FILLER_76_238,VPWR,li1,120.2900,220.3200,1.799986
FILLER_76_235,VPWR,li1,118.9100,220.3200,1.799986
FILLER_76_232,VPWR,li1,117.5300,220.3200,1.799986
FILLER_76_221,VPWR,li1,112.2400,220.3200,1.799987
FILLER_76_218,VPWR,li1,111.0900,220.3200,1.799987
FILLER_76_215,VPWR,li1,109.7100,220.3200,1.799987
FILLER_76_212,VPWR,li1,108.3300,220.3200,1.799987
FILLER_76_209,VPWR,li1,106.9500,220.3200,1.799987
FILLER_76_206,VPWR,li1,105.5700,220.3200,1.799987
FILLER_76_203,VPWR,li1,104.1900,220.3200,1.799987
FILLER_76_200,VPWR,li1,102.8100,220.3200,1.799984
FILLER_76_197,VPWR,li1,101.4300,220.3200,1.799981
FILLER_76_195,VPWR,li1,100.0500,220.3200,1.799981
FILLER_76_192,VPWR,li1,99.1300,220.3200,1.799978
FILLER_76_163,VPWR,li1,85.5600,220.3200,1.799977
FILLER_76_160,VPWR,li1,84.4100,220.3200,1.799979
FILLER_76_157,VPWR,li1,83.0300,220.3200,1.799979
FILLER_76_150,VPWR,li1,79.5800,220.3200,1.799984
FILLER_76_147,VPWR,li1,78.4300,220.3200,1.799984
FILLER_76_144,VPWR,li1,77.0500,220.3200,1.799987
FILLER_76_141,VPWR,li1,75.6700,220.3200,1.799987
FILLER_76_129,VPWR,li1,70.1500,220.3200,1.799987
FILLER_76_126,VPWR,li1,68.7700,220.3200,1.799987
FILLER_76_123,VPWR,li1,67.3900,220.3200,1.799986
FILLER_76_103,VPWR,li1,58.1900,220.3200,1.799984
FILLER_76_100,VPWR,li1,56.8100,220.3200,1.799983
FILLER_76_97,VPWR,li1,55.4300,220.3200,1.799983
FILLER_76_82,VPWR,li1,48.3000,220.3200,1.799983
FILLER_76_79,VPWR,li1,47.1500,220.3200,1.799983
FILLER_76_56,VPWR,li1,36.5700,220.3200,1.799979
FILLER_76_38,VPWR,li1,28.0600,220.3200,1.799982
FILLER_76_35,VPWR,li1,26.9100,220.3200,1.799983
FILLER_76_32,VPWR,li1,25.5300,220.3200,1.799983
FILLER_76_29,VPWR,li1,24.1500,220.3200,1.799985
FILLER_75_647,VPWR,li1,307.9700,214.8800,1.799989
FILLER_75_644,VPWR,li1,307.0500,214.8800,1.799989
FILLER_75_641,VPWR,li1,305.6700,214.8800,1.799989
FILLER_75_638,VPWR,li1,304.2900,214.8800,1.799989
FILLER_75_613,VPWR,li1,292.7900,214.8800,1.799991
FILLER_75_610,VPWR,li1,291.4100,214.8800,1.799991
FILLER_75_607,VPWR,li1,290.0300,214.8800,1.799992
FILLER_75_604,VPWR,li1,288.6500,214.8800,1.799992
FILLER_75_581,VPWR,li1,277.8400,214.8800,1.799994
FILLER_75_578,VPWR,li1,276.6900,214.8800,1.799994
FILLER_75_574,VPWR,li1,274.3900,214.8800,1.799993
FILLER_75_571,VPWR,li1,273.4700,214.8800,1.799993
FILLER_75_568,VPWR,li1,272.0900,214.8800,1.799993
FILLER_75_564,VPWR,li1,269.7900,214.8800,1.799993
FILLER_75_561,VPWR,li1,268.8700,214.8800,1.799993
FILLER_75_546,VPWR,li1,261.7400,214.8800,1.799995
FILLER_75_543,VPWR,li1,260.5900,214.8800,1.799995
FILLER_75_540,VPWR,li1,259.2100,214.8800,1.799995
FILLER_75_537,VPWR,li1,257.8300,214.8800,1.799996
FILLER_75_515,VPWR,li1,247.7100,214.8800,1.799996
FILLER_75_505,VPWR,li1,242.8800,214.8800,1.799996
FILLER_75_501,VPWR,li1,241.2700,214.8800,1.799996
FILLER_75_498,VPWR,li1,239.8900,214.8800,1.799996
FILLER_75_495,VPWR,li1,238.5100,214.8800,1.799996
FILLER_75_492,VPWR,li1,237.1300,214.8800,1.799996
FILLER_75_481,VPWR,li1,231.8400,214.8800,1.799996
FILLER_75_478,VPWR,li1,230.6900,214.8800,1.799996
FILLER_75_475,VPWR,li1,229.3100,214.8800,1.799996
FILLER_75_460,VPWR,li1,222.4100,214.8800,1.799996
FILLER_75_455,VPWR,li1,219.8800,214.8800,1.799996
FILLER_75_452,VPWR,li1,218.7300,214.8800,1.799996
FILLER_75_449,VPWR,li1,217.3500,214.8800,1.799995
FILLER_75_438,VPWR,li1,212.0600,214.8800,1.799995
FILLER_75_435,VPWR,li1,210.9100,214.8800,1.799995
FILLER_75_432,VPWR,li1,209.5300,214.8800,1.799995
FILLER_75_423,VPWR,li1,204.9300,214.8800,1.799996
FILLER_75_420,VPWR,li1,204.0100,214.8800,1.799996
FILLER_75_417,VPWR,li1,202.6300,214.8800,1.799996
FILLER_75_414,VPWR,li1,201.2500,214.8800,1.799996
FILLER_75_390,VPWR,li1,189.9800,214.8800,1.799996
FILLER_75_387,VPWR,li1,188.8300,214.8800,1.799996
FILLER_75_361,VPWR,li1,176.4100,214.8800,1.799997
FILLER_75_346,VPWR,li1,169.7400,214.8800,1.799998
FILLER_75_343,VPWR,li1,168.5900,214.8800,1.799998
FILLER_75_334,VPWR,li1,164.2200,214.8800,1.799998
FILLER_75_331,VPWR,li1,163.0700,214.8800,1.799998
FILLER_75_328,VPWR,li1,161.6900,214.8800,1.799998
FILLER_75_325,VPWR,li1,160.3100,214.8800,1.799998
FILLER_75_322,VPWR,li1,158.9300,214.8800,1.799998
FILLER_75_319,VPWR,li1,157.5500,214.8800,1.799998
FILLER_75_316,VPWR,li1,156.1700,214.8800,1.799998
FILLER_75_313,VPWR,li1,154.7900,214.8800,1.799998
FILLER_75_310,VPWR,li1,153.4100,214.8800,1.799998
FILLER_75_307,VPWR,li1,152.0300,214.8800,1.799998
FILLER_75_304,VPWR,li1,150.6500,214.8800,1.799998
FILLER_75_301,VPWR,li1,149.2700,214.8800,1.799998
FILLER_75_298,VPWR,li1,147.8900,214.8800,1.799998
FILLER_75_295,VPWR,li1,146.5100,214.8800,1.799998
FILLER_75_292,VPWR,li1,145.1300,214.8800,1.799998
FILLER_75_289,VPWR,li1,143.7500,214.8800,1.799998
FILLER_75_284,VPWR,li1,141.2200,214.8800,1.799997
FILLER_75_281,VPWR,li1,140.0700,214.8800,1.799997
FILLER_75_277,VPWR,li1,138.2300,214.8800,1.799997
FILLER_75_274,VPWR,li1,136.8500,214.8800,1.799997
FILLER_75_268,VPWR,li1,133.6300,214.8800,1.799998
FILLER_75_265,VPWR,li1,132.7100,214.8800,1.799998
FILLER_75_262,VPWR,li1,131.3300,214.8800,1.799998
FILLER_75_259,VPWR,li1,129.9500,214.8800,1.799998
FILLER_75_256,VPWR,li1,128.5700,214.8800,1.799998
FILLER_75_253,VPWR,li1,127.1900,214.8800,1.799998
FILLER_75_250,VPWR,li1,125.8100,214.8800,1.799998
FILLER_75_247,VPWR,li1,124.4300,214.8800,1.799998
FILLER_75_244,VPWR,li1,123.0500,214.8800,1.799998
FILLER_75_241,VPWR,li1,121.6700,214.8800,1.799999
FILLER_75_238,VPWR,li1,120.2900,214.8800,1.799999
FILLER_75_235,VPWR,li1,118.9100,214.8800,1.799999
FILLER_75_232,VPWR,li1,117.5300,214.8800,1.799999
FILLER_75_223,VPWR,li1,112.9300,214.8800,1.799999
FILLER_75_220,VPWR,li1,112.0100,214.8800,1.799999
FILLER_75_217,VPWR,li1,110.6300,214.8800,1.799999
FILLER_75_214,VPWR,li1,109.2500,214.8800,1.799999
FILLER_75_211,VPWR,li1,107.8700,214.8800,1.799999
FILLER_75_208,VPWR,li1,106.4900,214.8800,1.799999
FILLER_75_205,VPWR,li1,105.1100,214.8800,1.799999
FILLER_75_202,VPWR,li1,103.7300,214.8800,1.799999
FILLER_75_199,VPWR,li1,102.3500,214.8800,1.799999
FILLER_75_196,VPWR,li1,100.9700,214.8800,1.799999
FILLER_75_182,VPWR,li1,94.0700,214.8800,1.799999
FILLER_75_175,VPWR,li1,91.0800,214.8800,1.799999
FILLER_75_172,VPWR,li1,89.9300,214.8800,1.799999
FILLER_75_169,VPWR,li1,88.5500,214.8800,1.799999
FILLER_75_167,VPWR,li1,87.1700,214.8800,1.799999
FILLER_75_164,VPWR,li1,86.2500,214.8800,1.799999
FILLER_75_161,VPWR,li1,84.8700,214.8800,1.799998
FILLER_75_158,VPWR,li1,83.4900,214.8800,1.799998
FILLER_75_148,VPWR,li1,78.8900,214.8800,1.799998
FILLER_75_145,VPWR,li1,77.5100,214.8800,1.799998
FILLER_75_142,VPWR,li1,76.1300,214.8800,1.799998
FILLER_75_139,VPWR,li1,74.7500,214.8800,1.799998
FILLER_75_136,VPWR,li1,73.3700,214.8800,1.799998
FILLER_75_129,VPWR,li1,69.9200,214.8800,1.799997
FILLER_75_126,VPWR,li1,68.7700,214.8800,1.799996
FILLER_75_123,VPWR,li1,67.3900,214.8800,1.799996
FILLER_75_113,VPWR,li1,62.5600,214.8800,1.799995
FILLER_75_111,VPWR,li1,61.4100,214.8800,1.799994
FILLER_75_108,VPWR,li1,60.4900,214.8800,1.799994
FILLER_75_88,VPWR,li1,51.2900,214.8800,1.799993
FILLER_75_85,VPWR,li1,49.9100,214.8800,1.799993
FILLER_75_3,VPWR,li1,12.1900,214.8800,1.799995
FILLER_74_645,VPWR,li1,307.5100,214.8800,1.799989
FILLER_74_642,VPWR,li1,305.9000,214.8800,1.799989
FILLER_74_639,VPWR,li1,304.7500,214.8800,1.799989
FILLER_74_636,VPWR,li1,303.3700,214.8800,1.799989
FILLER_74_622,VPWR,li1,296.9300,214.8800,1.799990
FILLER_74_589,VPWR,li1,281.2900,214.8800,1.799994
FILLER_74_586,VPWR,li1,280.1400,214.8800,1.799994
FILLER_74_583,VPWR,li1,278.9900,214.8800,1.799994
FILLER_74_574,VPWR,li1,274.3900,214.8800,1.799993
FILLER_74_550,VPWR,li1,263.8100,214.8800,1.799995
FILLER_74_500,VPWR,li1,240.5800,214.8800,1.799996
FILLER_74_483,VPWR,li1,232.5300,214.8800,1.799996
FILLER_74_480,VPWR,li1,231.6100,214.8800,1.799996
FILLER_74_475,VPWR,li1,228.8500,214.8800,1.799996
FILLER_74_424,VPWR,li1,205.8500,214.8800,1.799996
FILLER_74_421,VPWR,li1,204.4700,214.8800,1.799996
FILLER_74_419,VPWR,li1,203.0900,214.8800,1.799996
FILLER_74_399,VPWR,li1,193.8900,214.8800,1.799997
FILLER_74_388,VPWR,li1,189.0600,214.8800,1.799996
FILLER_74_377,VPWR,li1,184.2300,214.8800,1.799996
FILLER_74_368,VPWR,li1,179.8600,214.8800,1.799996
FILLER_74_365,VPWR,li1,178.7100,214.8800,1.799996
FILLER_74_361,VPWR,li1,176.8700,214.8800,1.799997
FILLER_74_358,VPWR,li1,175.4900,214.8800,1.799997
FILLER_74_355,VPWR,li1,174.1100,214.8800,1.799997
FILLER_74_352,VPWR,li1,172.7300,214.8800,1.799997
FILLER_74_349,VPWR,li1,171.3500,214.8800,1.799997
FILLER_74_346,VPWR,li1,169.9700,214.8800,1.799998
FILLER_74_306,VPWR,li1,151.3400,214.8800,1.799998
FILLER_74_300,VPWR,li1,148.8100,214.8800,1.799998
FILLER_74_297,VPWR,li1,147.4300,214.8800,1.799998
FILLER_74_294,VPWR,li1,146.0500,214.8800,1.799998
FILLER_74_263,VPWR,li1,131.5600,214.8800,1.799998
FILLER_74_253,VPWR,li1,126.7300,214.8800,1.799998
FILLER_74_250,VPWR,li1,125.5800,214.8800,1.799998
FILLER_74_222,VPWR,li1,112.4700,214.8800,1.799999
FILLER_74_219,VPWR,li1,111.5500,214.8800,1.799999
FILLER_74_209,VPWR,li1,106.4900,214.8800,1.799999
FILLER_74_203,VPWR,li1,103.7300,214.8800,1.799999
FILLER_74_200,VPWR,li1,102.8100,214.8800,1.799999
FILLER_74_197,VPWR,li1,101.4300,214.8800,1.799999
FILLER_74_194,VPWR,li1,99.8200,214.8800,1.799999
FILLER_74_191,VPWR,li1,98.6700,214.8800,1.799999
FILLER_74_183,VPWR,li1,94.7600,214.8800,1.799999
FILLER_74_180,VPWR,li1,93.6100,214.8800,1.799999
FILLER_74_177,VPWR,li1,92.2300,214.8800,1.799999
FILLER_74_174,VPWR,li1,90.8500,214.8800,1.799999
FILLER_74_171,VPWR,li1,89.4700,214.8800,1.799999
FILLER_74_168,VPWR,li1,88.0900,214.8800,1.799999
FILLER_74_165,VPWR,li1,86.7100,214.8800,1.799999
FILLER_74_162,VPWR,li1,85.3300,214.8800,1.799999
FILLER_74_159,VPWR,li1,83.9500,214.8800,1.799998
FILLER_74_156,VPWR,li1,82.5700,214.8800,1.799998
FILLER_74_153,VPWR,li1,81.1900,214.8800,1.799998
FILLER_74_150,VPWR,li1,79.8100,214.8800,1.799998
FILLER_74_147,VPWR,li1,78.4300,214.8800,1.799998
FILLER_74_144,VPWR,li1,77.0500,214.8800,1.799998
FILLER_74_141,VPWR,li1,75.6700,214.8800,1.799998
FILLER_74_139,VPWR,li1,74.2900,214.8800,1.799998
FILLER_74_136,VPWR,li1,73.3700,214.8800,1.799998
FILLER_74_133,VPWR,li1,71.9900,214.8800,1.799997
FILLER_74_130,VPWR,li1,70.6100,214.8800,1.799997
FILLER_74_127,VPWR,li1,69.2300,214.8800,1.799997
FILLER_74_124,VPWR,li1,67.8500,214.8800,1.799996
FILLER_74_113,VPWR,li1,62.3300,214.8800,1.799995
FILLER_74_107,VPWR,li1,59.8000,214.8800,1.799994
FILLER_74_93,VPWR,li1,53.5900,214.8800,1.799993
FILLER_74_75,VPWR,li1,44.8500,214.8800,1.799992
FILLER_74_72,VPWR,li1,43.9300,214.8800,1.799991
FILLER_74_69,VPWR,li1,42.5500,214.8800,1.799991
FILLER_74_50,VPWR,li1,33.5800,214.8800,1.799987
FILLER_74_47,VPWR,li1,32.4300,214.8800,1.799987
FILLER_74_29,VPWR,li1,23.6900,214.8800,1.799990
FILLER_74_26,VPWR,li1,22.5400,214.8800,1.799990
FILLER_74_6,VPWR,li1,13.5700,214.8800,1.799995
FILLER_74_3,VPWR,li1,12.1900,214.8800,1.799995
FILLER_73_645,VPWR,li1,307.5100,209.4400,1.799993
FILLER_73_642,VPWR,li1,306.1300,209.4400,1.799993
FILLER_73_639,VPWR,li1,304.7500,209.4400,1.799993
FILLER_73_636,VPWR,li1,303.3700,209.4400,1.799993
FILLER_73_633,VPWR,li1,301.9900,209.4400,1.799993
FILLER_73_630,VPWR,li1,300.6100,209.4400,1.799993
FILLER_73_617,VPWR,li1,294.4000,209.4400,1.799993
FILLER_73_614,VPWR,li1,293.0200,209.4400,1.799994
FILLER_73_610,VPWR,li1,290.9500,209.4400,1.799994
FILLER_73_607,VPWR,li1,290.0300,209.4400,1.799994
FILLER_73_604,VPWR,li1,288.6500,209.4400,1.799995
FILLER_73_601,VPWR,li1,287.2700,209.4400,1.799995
FILLER_73_592,VPWR,li1,283.1300,209.4400,1.799995
FILLER_73_589,VPWR,li1,281.7500,209.4400,1.799994
FILLER_73_586,VPWR,li1,280.3700,209.4400,1.799994
FILLER_73_564,VPWR,li1,269.7900,209.4400,1.799993
FILLER_73_561,VPWR,li1,268.8700,209.4400,1.799994
FILLER_73_548,VPWR,li1,262.8900,209.4400,1.799995
FILLER_73_545,VPWR,li1,261.5100,209.4400,1.799995
FILLER_73_542,VPWR,li1,260.1300,209.4400,1.799995
FILLER_73_539,VPWR,li1,258.7500,209.4400,1.799995
FILLER_73_536,VPWR,li1,257.3700,209.4400,1.799995
FILLER_73_533,VPWR,li1,255.9900,209.4400,1.799996
FILLER_73_519,VPWR,li1,249.3200,209.4400,1.799993
FILLER_73_516,VPWR,li1,248.1700,209.4400,1.799993
FILLER_73_513,VPWR,li1,246.7900,209.4400,1.799992
FILLER_73_510,VPWR,li1,245.4100,209.4400,1.799992
FILLER_73_505,VPWR,li1,242.6500,209.4400,1.799991
FILLER_73_500,VPWR,li1,240.3500,209.4400,1.799990
FILLER_73_477,VPWR,li1,230.0000,209.4400,1.799987
FILLER_73_471,VPWR,li1,227.0100,209.4400,1.799987
FILLER_73_461,VPWR,li1,222.4100,209.4400,1.799982
FILLER_73_458,VPWR,li1,221.4900,209.4400,1.799982
FILLER_73_435,VPWR,li1,210.4500,209.4400,1.799979
FILLER_73_432,VPWR,li1,209.5300,209.4400,1.799979
FILLER_73_429,VPWR,li1,208.1500,209.4400,1.799981
FILLER_73_426,VPWR,li1,206.7700,209.4400,1.799983
FILLER_73_423,VPWR,li1,205.3900,209.4400,1.799983
FILLER_73_420,VPWR,li1,204.0100,209.4400,1.799984
FILLER_73_417,VPWR,li1,202.6300,209.4400,1.799986
FILLER_73_414,VPWR,li1,201.2500,209.4400,1.799986
FILLER_73_411,VPWR,li1,199.8700,209.4400,1.799988
FILLER_73_408,VPWR,li1,198.4900,209.4400,1.799990
FILLER_73_405,VPWR,li1,197.1100,209.4400,1.799990
FILLER_73_402,VPWR,li1,195.7300,209.4400,1.799992
FILLER_73_399,VPWR,li1,194.3500,209.4400,1.799992
FILLER_73_396,VPWR,li1,192.9700,209.4400,1.799992
FILLER_73_393,VPWR,li1,191.5900,209.4400,1.799991
FILLER_73_391,VPWR,li1,190.2100,209.4400,1.799991
FILLER_73_385,VPWR,li1,187.9100,209.4400,1.799991
FILLER_73_382,VPWR,li1,186.5300,209.4400,1.799992
FILLER_73_379,VPWR,li1,185.1500,209.4400,1.799992
FILLER_73_376,VPWR,li1,183.7700,209.4400,1.799992
FILLER_73_373,VPWR,li1,182.3900,209.4400,1.799992
FILLER_73_370,VPWR,li1,181.0100,209.4400,1.799992
FILLER_73_367,VPWR,li1,179.6300,209.4400,1.799992
FILLER_73_364,VPWR,li1,178.2500,209.4400,1.799993
FILLER_73_361,VPWR,li1,176.8700,209.4400,1.799993
FILLER_73_358,VPWR,li1,175.4900,209.4400,1.799993
FILLER_73_355,VPWR,li1,174.1100,209.4400,1.799993
FILLER_73_352,VPWR,li1,172.7300,209.4400,1.799993
FILLER_73_349,VPWR,li1,171.3500,209.4400,1.799993
FILLER_73_346,VPWR,li1,169.9700,209.4400,1.799994
FILLER_73_343,VPWR,li1,168.5900,209.4400,1.799994
FILLER_73_340,VPWR,li1,167.2100,209.4400,1.799996
FILLER_73_337,VPWR,li1,165.8300,209.4400,1.799996
FILLER_73_335,VPWR,li1,164.4500,209.4400,1.799996
FILLER_73_332,VPWR,li1,163.5300,209.4400,1.799996
FILLER_73_329,VPWR,li1,162.1500,209.4400,1.799996
FILLER_73_326,VPWR,li1,160.7700,209.4400,1.799996
FILLER_73_323,VPWR,li1,159.3900,209.4400,1.799996
FILLER_73_320,VPWR,li1,158.0100,209.4400,1.799996
FILLER_73_317,VPWR,li1,156.6300,209.4400,1.799996
FILLER_73_314,VPWR,li1,155.2500,209.4400,1.799996
FILLER_73_284,VPWR,li1,141.4500,209.4400,1.799997
FILLER_73_281,VPWR,li1,140.0700,209.4400,1.799997
FILLER_73_277,VPWR,li1,138.2300,209.4400,1.799997
FILLER_73_268,VPWR,li1,133.8600,209.4400,1.799998
FILLER_73_265,VPWR,li1,132.7100,209.4400,1.799997
FILLER_73_243,VPWR,li1,122.1300,209.4400,1.799997
FILLER_73_240,VPWR,li1,121.2100,209.4400,1.799997
FILLER_73_237,VPWR,li1,119.8300,209.4400,1.799997
FILLER_73_234,VPWR,li1,118.4500,209.4400,1.799997
FILLER_73_225,VPWR,li1,114.0800,209.4400,1.799998
FILLER_73_222,VPWR,li1,112.7000,209.4400,1.799998
FILLER_73_219,VPWR,li1,111.5500,209.4400,1.799998
FILLER_73_216,VPWR,li1,110.1700,209.4400,1.799998
FILLER_73_213,VPWR,li1,108.7900,209.4400,1.799998
FILLER_73_210,VPWR,li1,107.4100,209.4400,1.799999
FILLER_73_207,VPWR,li1,106.0300,209.4400,1.799999
FILLER_73_204,VPWR,li1,104.6500,209.4400,1.799999
FILLER_73_201,VPWR,li1,103.2700,209.4400,1.799999
FILLER_73_198,VPWR,li1,101.8900,209.4400,1.799999
FILLER_73_195,VPWR,li1,100.5100,209.4400,1.799998
FILLER_73_192,VPWR,li1,99.1300,209.4400,1.799998
FILLER_73_184,VPWR,li1,94.9900,209.4400,1.799998
FILLER_73_181,VPWR,li1,94.0700,209.4400,1.799998
FILLER_73_178,VPWR,li1,92.6900,209.4400,1.799998
FILLER_73_158,VPWR,li1,83.2600,209.4400,1.799998
FILLER_73_155,VPWR,li1,82.1100,209.4400,1.799998
FILLER_73_137,VPWR,li1,73.3700,209.4400,1.799996
FILLER_73_134,VPWR,li1,72.4500,209.4400,1.799996
FILLER_73_125,VPWR,li1,67.8500,209.4400,1.799995
FILLER_73_122,VPWR,li1,66.9300,209.4400,1.799994
FILLER_73_119,VPWR,li1,65.5500,209.4400,1.799994
FILLER_73_116,VPWR,li1,64.1700,209.4400,1.799994
FILLER_73_113,VPWR,li1,62.7900,209.4400,1.799994
FILLER_73_93,VPWR,li1,53.3600,209.4400,1.799993
FILLER_73_74,VPWR,li1,44.6200,209.4400,1.799994
FILLER_73_55,VPWR,li1,35.6500,209.4400,1.799992
FILLER_73_52,VPWR,li1,34.7300,209.4400,1.799992
FILLER_73_49,VPWR,li1,33.3500,209.4400,1.799992
FILLER_72_645,VPWR,li1,307.5100,209.4400,1.799993
FILLER_72_642,VPWR,li1,305.9000,209.4400,1.799993
FILLER_72_639,VPWR,li1,304.7500,209.4400,1.799993
FILLER_72_636,VPWR,li1,303.3700,209.4400,1.799993
FILLER_72_633,VPWR,li1,301.9900,209.4400,1.799993
FILLER_72_600,VPWR,li1,286.3500,209.4400,1.799996
FILLER_72_597,VPWR,li1,285.4300,209.4400,1.799996
FILLER_72_594,VPWR,li1,284.0500,209.4400,1.799995
FILLER_72_589,VPWR,li1,281.2900,209.4400,1.799994
FILLER_72_564,VPWR,li1,270.2500,209.4400,1.799993
FILLER_72_561,VPWR,li1,268.8700,209.4400,1.799994
FILLER_72_558,VPWR,li1,267.4900,209.4400,1.799994
FILLER_72_555,VPWR,li1,266.1100,209.4400,1.799994
FILLER_72_536,VPWR,li1,257.1400,209.4400,1.799995
FILLER_72_533,VPWR,li1,255.9900,209.4400,1.799996
FILLER_72_522,VPWR,li1,250.4700,209.4400,1.799994
FILLER_72_519,VPWR,li1,249.5500,209.4400,1.799993
FILLER_72_516,VPWR,li1,248.1700,209.4400,1.799993
FILLER_72_509,VPWR,li1,244.4900,209.4400,1.799991
FILLER_72_506,VPWR,li1,243.5700,209.4400,1.799991
FILLER_72_503,VPWR,li1,242.1900,209.4400,1.799991
FILLER_72_500,VPWR,li1,240.8100,209.4400,1.799990
FILLER_72_497,VPWR,li1,239.4300,209.4400,1.799990
FILLER_72_494,VPWR,li1,238.0500,209.4400,1.799989
FILLER_72_491,VPWR,li1,236.6700,209.4400,1.799989
FILLER_72_488,VPWR,li1,235.2900,209.4400,1.799988
FILLER_72_483,VPWR,li1,232.5300,209.4400,1.799988
FILLER_72_480,VPWR,li1,231.6100,209.4400,1.799988
FILLER_72_477,VPWR,li1,230.2300,209.4400,1.799987
FILLER_72_473,VPWR,li1,228.3900,209.4400,1.799987
FILLER_72_470,VPWR,li1,227.0100,209.4400,1.799987
FILLER_72_467,VPWR,li1,225.6300,209.4400,1.799987
FILLER_72_464,VPWR,li1,224.2500,209.4400,1.799987
FILLER_72_461,VPWR,li1,222.8700,209.4400,1.799982
FILLER_72_430,VPWR,li1,208.3800,209.4400,1.799981
FILLER_72_427,VPWR,li1,207.2300,209.4400,1.799981
FILLER_72_424,VPWR,li1,205.8500,209.4400,1.799983
FILLER_72_421,VPWR,li1,204.4700,209.4400,1.799984
FILLER_72_410,VPWR,li1,198.9500,209.4400,1.799988
FILLER_72_399,VPWR,li1,194.1200,209.4400,1.799992
FILLER_72_377,VPWR,li1,183.7700,209.4400,1.799992
FILLER_72_374,VPWR,li1,182.8500,209.4400,1.799992
FILLER_72_333,VPWR,li1,163.9900,209.4400,1.799996
FILLER_72_330,VPWR,li1,162.6100,209.4400,1.799996
FILLER_72_327,VPWR,li1,161.2300,209.4400,1.799996
FILLER_72_324,VPWR,li1,159.8500,209.4400,1.799996
FILLER_72_321,VPWR,li1,158.4700,209.4400,1.799996
FILLER_72_318,VPWR,li1,157.0900,209.4400,1.799996
FILLER_72_315,VPWR,li1,155.7100,209.4400,1.799996
FILLER_72_312,VPWR,li1,154.3300,209.4400,1.799996
FILLER_72_309,VPWR,li1,152.9500,209.4400,1.799996
FILLER_72_305,VPWR,li1,151.1100,209.4400,1.799995
FILLER_72_302,VPWR,li1,149.7300,209.4400,1.799995
FILLER_72_299,VPWR,li1,148.3500,209.4400,1.799995
FILLER_72_290,VPWR,li1,143.7500,209.4400,1.799996
FILLER_72_287,VPWR,li1,142.8300,209.4400,1.799996
FILLER_72_284,VPWR,li1,141.4500,209.4400,1.799997
FILLER_72_281,VPWR,li1,140.0700,209.4400,1.799997
FILLER_72_278,VPWR,li1,138.6900,209.4400,1.799997
FILLER_72_275,VPWR,li1,137.3100,209.4400,1.799997
FILLER_72_272,VPWR,li1,135.9300,209.4400,1.799997
FILLER_72_269,VPWR,li1,134.5500,209.4400,1.799998
FILLER_72_263,VPWR,li1,131.5600,209.4400,1.799997
FILLER_72_253,VPWR,li1,126.9600,209.4400,1.799997
FILLER_72_250,VPWR,li1,125.5800,209.4400,1.799997
FILLER_72_247,VPWR,li1,124.4300,209.4400,1.799997
FILLER_72_239,VPWR,li1,120.7500,209.4400,1.799997
FILLER_72_236,VPWR,li1,119.3700,209.4400,1.799997
FILLER_72_233,VPWR,li1,117.9900,209.4400,1.799997
FILLER_72_230,VPWR,li1,116.6100,209.4400,1.799998
FILLER_72_227,VPWR,li1,115.2300,209.4400,1.799998
FILLER_72_224,VPWR,li1,113.8500,209.4400,1.799998
FILLER_72_221,VPWR,li1,112.4700,209.4400,1.799998
FILLER_72_218,VPWR,li1,111.0900,209.4400,1.799998
FILLER_72_212,VPWR,li1,108.1000,209.4400,1.799999
FILLER_72_209,VPWR,li1,106.9500,209.4400,1.799999
FILLER_72_206,VPWR,li1,105.5700,209.4400,1.799999
FILLER_72_203,VPWR,li1,104.1900,209.4400,1.799999
FILLER_72_200,VPWR,li1,102.8100,209.4400,1.799999
FILLER_72_197,VPWR,li1,101.4300,209.4400,1.799999
FILLER_72_193,VPWR,li1,99.5900,209.4400,1.799998
FILLER_72_190,VPWR,li1,98.2100,209.4400,1.799998
FILLER_72_187,VPWR,li1,96.8300,209.4400,1.799998
FILLER_72_178,VPWR,li1,92.2300,209.4400,1.799998
FILLER_72_175,VPWR,li1,91.3100,209.4400,1.799998
FILLER_72_172,VPWR,li1,89.9300,209.4400,1.799998
FILLER_72_169,VPWR,li1,88.5500,209.4400,1.799998
FILLER_72_161,VPWR,li1,84.4100,209.4400,1.799998
FILLER_72_158,VPWR,li1,83.4900,209.4400,1.799998
FILLER_72_150,VPWR,li1,79.3500,209.4400,1.799997
FILLER_72_144,VPWR,li1,76.8200,209.4400,1.799997
FILLER_72_141,VPWR,li1,75.6700,209.4400,1.799997
FILLER_72_139,VPWR,li1,74.2900,209.4400,1.799997
FILLER_72_136,VPWR,li1,73.3700,209.4400,1.799996
FILLER_72_116,VPWR,li1,64.1700,209.4400,1.799994
FILLER_72_113,VPWR,li1,62.7900,209.4400,1.799994
FILLER_72_94,VPWR,li1,54.0500,209.4400,1.799993
FILLER_72_82,VPWR,li1,48.3000,209.4400,1.799993
FILLER_72_56,VPWR,li1,36.1100,209.4400,1.799992
FILLER_72_29,VPWR,li1,23.6900,209.4400,1.799993
FILLER_72_11,VPWR,li1,15.4100,209.4400,1.799996
FILLER_71_647,VPWR,li1,307.9700,204.0000,1.799997
FILLER_71_644,VPWR,li1,307.0500,204.0000,1.799997
FILLER_71_641,VPWR,li1,305.6700,204.0000,1.799997
FILLER_71_638,VPWR,li1,304.2900,204.0000,1.799997
FILLER_71_635,VPWR,li1,302.9100,204.0000,1.799997
FILLER_71_632,VPWR,li1,301.5300,204.0000,1.799997
FILLER_71_629,VPWR,li1,300.1500,204.0000,1.799997
FILLER_71_626,VPWR,li1,298.7700,204.0000,1.799997
FILLER_71_613,VPWR,li1,292.7900,204.0000,1.799997
FILLER_71_585,VPWR,li1,279.4500,204.0000,1.799997
FILLER_71_582,VPWR,li1,278.5300,204.0000,1.799997
FILLER_71_576,VPWR,li1,275.7700,204.0000,1.799997
FILLER_71_564,VPWR,li1,270.2500,204.0000,1.799997
FILLER_71_561,VPWR,li1,268.8700,204.0000,1.799997
FILLER_71_559,VPWR,li1,267.4900,204.0000,1.799997
FILLER_71_556,VPWR,li1,266.5700,204.0000,1.799997
FILLER_71_553,VPWR,li1,265.1900,204.0000,1.799997
FILLER_71_509,VPWR,li1,244.7200,204.0000,1.799997
FILLER_71_503,VPWR,li1,241.7300,204.0000,1.799997
FILLER_71_500,VPWR,li1,240.8100,204.0000,1.799997
FILLER_71_497,VPWR,li1,239.4300,204.0000,1.799997
FILLER_71_494,VPWR,li1,238.0500,204.0000,1.799997
FILLER_71_491,VPWR,li1,236.6700,204.0000,1.799997
FILLER_71_488,VPWR,li1,235.2900,204.0000,1.799998
FILLER_71_485,VPWR,li1,233.9100,204.0000,1.799998
FILLER_71_482,VPWR,li1,232.5300,204.0000,1.799998
FILLER_71_479,VPWR,li1,231.1500,204.0000,1.799998
FILLER_71_476,VPWR,li1,229.7700,204.0000,1.799998
FILLER_71_473,VPWR,li1,228.3900,204.0000,1.799998
FILLER_71_470,VPWR,li1,227.0100,204.0000,1.799998
FILLER_71_467,VPWR,li1,225.6300,204.0000,1.799998
FILLER_71_464,VPWR,li1,224.2500,204.0000,1.799998
FILLER_71_461,VPWR,li1,222.8700,204.0000,1.799998
FILLER_71_449,VPWR,li1,217.3500,204.0000,1.799998
FILLER_71_447,VPWR,li1,215.9700,204.0000,1.799998
FILLER_71_425,VPWR,li1,205.8500,204.0000,1.799998
FILLER_71_422,VPWR,li1,204.9300,204.0000,1.799998
FILLER_71_419,VPWR,li1,203.5500,204.0000,1.799998
FILLER_71_416,VPWR,li1,202.1700,204.0000,1.799998
FILLER_71_413,VPWR,li1,200.7900,204.0000,1.799998
FILLER_71_404,VPWR,li1,196.1900,204.0000,1.799999
FILLER_71_401,VPWR,li1,195.2700,204.0000,1.799999
FILLER_71_380,VPWR,li1,185.6100,204.0000,1.799999
FILLER_71_377,VPWR,li1,184.2300,204.0000,1.799999
FILLER_71_374,VPWR,li1,182.8500,204.0000,1.799999
FILLER_71_364,VPWR,li1,178.2500,204.0000,1.799999
FILLER_71_361,VPWR,li1,176.8700,204.0000,1.799999
FILLER_71_343,VPWR,li1,168.5900,204.0000,1.799999
FILLER_71_340,VPWR,li1,167.2100,204.0000,1.799999
FILLER_71_337,VPWR,li1,165.8300,204.0000,1.799999
FILLER_71_335,VPWR,li1,164.4500,204.0000,1.799999
FILLER_71_317,VPWR,li1,156.4000,204.0000,1.799998
FILLER_71_314,VPWR,li1,155.2500,204.0000,1.799998
FILLER_71_311,VPWR,li1,153.8700,204.0000,1.799998
FILLER_71_308,VPWR,li1,152.4900,204.0000,1.799997
FILLER_71_305,VPWR,li1,151.1100,204.0000,1.799997
FILLER_71_302,VPWR,li1,149.7300,204.0000,1.799997
FILLER_71_293,VPWR,li1,145.1300,204.0000,1.799997
FILLER_71_281,VPWR,li1,140.0700,204.0000,1.799997
FILLER_71_256,VPWR,li1,128.5700,204.0000,1.799998
FILLER_71_253,VPWR,li1,127.1900,204.0000,1.799998
FILLER_71_250,VPWR,li1,125.8100,204.0000,1.799998
FILLER_71_237,VPWR,li1,119.8300,204.0000,1.799998
FILLER_71_234,VPWR,li1,118.4500,204.0000,1.799998
FILLER_71_228,VPWR,li1,115.6900,204.0000,1.799999
FILLER_71_225,VPWR,li1,114.3100,204.0000,1.799999
FILLER_71_222,VPWR,li1,112.7000,204.0000,1.799999
FILLER_71_219,VPWR,li1,111.5500,204.0000,1.799999
FILLER_71_216,VPWR,li1,110.1700,204.0000,1.799999
FILLER_71_206,VPWR,li1,105.5700,204.0000,1.799999
FILLER_71_203,VPWR,li1,104.1900,204.0000,1.799999
FILLER_71_200,VPWR,li1,102.8100,204.0000,1.799999
FILLER_71_197,VPWR,li1,101.4300,204.0000,1.799999
FILLER_71_194,VPWR,li1,100.0500,204.0000,1.799999
FILLER_71_191,VPWR,li1,98.6700,204.0000,1.799999
FILLER_71_188,VPWR,li1,97.2900,204.0000,1.799999
FILLER_71_178,VPWR,li1,92.6900,204.0000,1.799999
FILLER_71_175,VPWR,li1,91.3100,204.0000,1.799999
FILLER_71_172,VPWR,li1,89.9300,204.0000,1.799998
FILLER_71_169,VPWR,li1,88.5500,204.0000,1.799998
FILLER_71_167,VPWR,li1,87.1700,204.0000,1.799998
FILLER_71_164,VPWR,li1,86.2500,204.0000,1.799998
FILLER_71_161,VPWR,li1,84.8700,204.0000,1.799998
FILLER_71_158,VPWR,li1,83.4900,204.0000,1.799998
FILLER_71_155,VPWR,li1,82.1100,204.0000,1.799998
FILLER_71_152,VPWR,li1,80.7300,204.0000,1.799998
FILLER_71_149,VPWR,li1,79.3500,204.0000,1.799998
FILLER_71_146,VPWR,li1,77.9700,204.0000,1.799998
FILLER_71_143,VPWR,li1,76.5900,204.0000,1.799998
FILLER_71_140,VPWR,li1,75.2100,204.0000,1.799998
FILLER_71_137,VPWR,li1,73.8300,204.0000,1.799998
FILLER_71_134,VPWR,li1,72.4500,204.0000,1.799997
FILLER_71_124,VPWR,li1,67.3900,204.0000,1.799995
FILLER_71_121,VPWR,li1,66.4700,204.0000,1.799995
FILLER_71_113,VPWR,li1,62.3300,204.0000,1.799994
FILLER_71_111,VPWR,li1,61.4100,204.0000,1.799994
FILLER_71_108,VPWR,li1,60.4900,204.0000,1.799993
FILLER_71_105,VPWR,li1,59.1100,204.0000,1.799993
FILLER_71_63,VPWR,li1,39.3300,204.0000,1.799982
FILLER_71_60,VPWR,li1,38.4100,204.0000,1.799982
FILLER_71_57,VPWR,li1,37.0300,204.0000,1.799979
FILLER_71_47,VPWR,li1,31.9700,204.0000,1.799973
FILLER_71_25,VPWR,li1,22.0800,204.0000,1.799976
FILLER_71_22,VPWR,li1,20.9300,204.0000,1.799976
FILLER_71_3,VPWR,li1,11.9600,204.0000,1.799984
FILLER_70_645,VPWR,li1,307.5100,204.0000,1.799997
FILLER_70_643,VPWR,li1,306.1300,204.0000,1.799997
FILLER_70_640,VPWR,li1,305.2100,204.0000,1.799997
FILLER_70_637,VPWR,li1,303.8300,204.0000,1.799997
FILLER_70_634,VPWR,li1,302.4500,204.0000,1.799997
FILLER_70_631,VPWR,li1,301.0700,204.0000,1.799997
FILLER_70_628,VPWR,li1,299.6900,204.0000,1.799997
FILLER_70_625,VPWR,li1,298.3100,204.0000,1.799997
FILLER_70_622,VPWR,li1,296.9300,204.0000,1.799997
FILLER_70_619,VPWR,li1,295.5500,204.0000,1.799997
FILLER_70_616,VPWR,li1,294.1700,204.0000,1.799997
FILLER_70_613,VPWR,li1,292.7900,204.0000,1.799997
FILLER_70_601,VPWR,li1,286.8100,204.0000,1.799997
FILLER_70_598,VPWR,li1,285.8900,204.0000,1.799998
FILLER_70_595,VPWR,li1,284.5100,204.0000,1.799998
FILLER_70_592,VPWR,li1,283.1300,204.0000,1.799997
FILLER_70_589,VPWR,li1,281.7500,204.0000,1.799997
FILLER_70_587,VPWR,li1,280.3700,204.0000,1.799997
FILLER_70_584,VPWR,li1,279.4500,204.0000,1.799997
FILLER_70_581,VPWR,li1,278.0700,204.0000,1.799997
FILLER_70_578,VPWR,li1,276.6900,204.0000,1.799997
FILLER_70_575,VPWR,li1,275.3100,204.0000,1.799997
FILLER_70_572,VPWR,li1,273.9300,204.0000,1.799997
FILLER_70_562,VPWR,li1,268.8700,204.0000,1.799997
FILLER_70_559,VPWR,li1,267.9500,204.0000,1.799997
FILLER_70_556,VPWR,li1,266.5700,204.0000,1.799997
FILLER_70_545,VPWR,li1,261.2800,204.0000,1.799996
FILLER_70_542,VPWR,li1,260.1300,204.0000,1.799996
FILLER_70_536,VPWR,li1,257.3700,204.0000,1.799997
FILLER_70_533,VPWR,li1,255.9900,204.0000,1.799997
FILLER_70_529,VPWR,li1,254.1500,204.0000,1.799997
FILLER_70_526,VPWR,li1,252.7700,204.0000,1.799997
FILLER_70_521,VPWR,li1,250.2400,204.0000,1.799996
FILLER_70_518,VPWR,li1,249.0900,204.0000,1.799997
FILLER_70_515,VPWR,li1,247.7100,204.0000,1.799997
FILLER_70_498,VPWR,li1,239.4300,204.0000,1.799997
FILLER_70_486,VPWR,li1,234.3700,204.0000,1.799998
FILLER_70_483,VPWR,li1,232.9900,204.0000,1.799998
FILLER_70_480,VPWR,li1,231.6100,204.0000,1.799998
FILLER_70_467,VPWR,li1,225.1700,204.0000,1.799998
FILLER_70_458,VPWR,li1,221.4900,204.0000,1.799998
FILLER_70_449,VPWR,li1,217.1200,204.0000,1.799998
FILLER_70_446,VPWR,li1,215.9700,204.0000,1.799998
FILLER_70_443,VPWR,li1,214.5900,204.0000,1.799998
FILLER_70_440,VPWR,li1,213.2100,204.0000,1.799997
FILLER_70_435,VPWR,li1,210.4500,204.0000,1.799997
FILLER_70_430,VPWR,li1,208.3800,204.0000,1.799997
FILLER_70_427,VPWR,li1,207.2300,204.0000,1.799997
FILLER_70_424,VPWR,li1,205.8500,204.0000,1.799998
FILLER_70_421,VPWR,li1,204.4700,204.0000,1.799998
FILLER_70_419,VPWR,li1,203.0900,204.0000,1.799998
FILLER_70_416,VPWR,li1,202.1700,204.0000,1.799998
FILLER_70_413,VPWR,li1,200.7900,204.0000,1.799998
FILLER_70_410,VPWR,li1,199.4100,204.0000,1.799999
FILLER_70_407,VPWR,li1,198.0300,204.0000,1.799999
FILLER_70_404,VPWR,li1,196.6500,204.0000,1.799999
FILLER_70_401,VPWR,li1,195.2700,204.0000,1.799999
FILLER_70_398,VPWR,li1,193.8900,204.0000,1.799999
FILLER_70_395,VPWR,li1,192.5100,204.0000,1.799999
FILLER_70_392,VPWR,li1,191.1300,204.0000,1.799999
FILLER_70_389,VPWR,li1,189.7500,204.0000,1.799999
FILLER_70_386,VPWR,li1,188.3700,204.0000,1.799999
FILLER_70_383,VPWR,li1,186.9900,204.0000,1.799999
FILLER_70_380,VPWR,li1,185.6100,204.0000,1.799999
FILLER_70_377,VPWR,li1,184.2300,204.0000,1.799999
FILLER_70_374,VPWR,li1,182.8500,204.0000,1.799999
FILLER_70_371,VPWR,li1,181.4700,204.0000,1.799999
FILLER_70_368,VPWR,li1,180.0900,204.0000,1.799999
FILLER_70_365,VPWR,li1,178.7100,204.0000,1.799999
FILLER_70_359,VPWR,li1,175.4900,204.0000,1.799999
FILLER_70_356,VPWR,li1,174.5700,204.0000,1.799999
FILLER_70_353,VPWR,li1,173.1900,204.0000,1.799999
FILLER_70_350,VPWR,li1,171.8100,204.0000,1.799999
FILLER_70_347,VPWR,li1,170.4300,204.0000,1.799999
FILLER_70_343,VPWR,li1,168.1300,204.0000,1.799999
FILLER_70_340,VPWR,li1,167.2100,204.0000,1.799999
FILLER_70_337,VPWR,li1,165.8300,204.0000,1.799999
FILLER_70_334,VPWR,li1,164.4500,204.0000,1.799999
FILLER_70_331,VPWR,li1,163.0700,204.0000,1.799999
FILLER_70_328,VPWR,li1,161.6900,204.0000,1.799998
FILLER_70_325,VPWR,li1,160.3100,204.0000,1.799998
FILLER_70_304,VPWR,li1,150.1900,204.0000,1.799997
FILLER_70_301,VPWR,li1,149.2700,204.0000,1.799997
FILLER_70_268,VPWR,li1,133.6300,204.0000,1.799998
FILLER_70_259,VPWR,li1,129.7200,204.0000,1.799998
FILLER_70_256,VPWR,li1,128.5700,204.0000,1.799998
FILLER_70_253,VPWR,li1,127.1900,204.0000,1.799998
FILLER_70_250,VPWR,li1,125.5800,204.0000,1.799998
FILLER_70_241,VPWR,li1,121.6700,204.0000,1.799998
FILLER_70_238,VPWR,li1,120.2900,204.0000,1.799998
FILLER_70_223,VPWR,li1,113.1600,204.0000,1.799999
FILLER_70_220,VPWR,li1,112.0100,204.0000,1.799999
FILLER_70_217,VPWR,li1,110.6300,204.0000,1.799999
FILLER_70_203,VPWR,li1,103.7300,204.0000,1.799999
FILLER_70_200,VPWR,li1,102.8100,204.0000,1.799999
FILLER_70_197,VPWR,li1,101.4300,204.0000,1.799999
FILLER_70_187,VPWR,li1,96.3700,204.0000,1.799999
FILLER_70_184,VPWR,li1,95.4500,204.0000,1.799999
FILLER_70_181,VPWR,li1,94.0700,204.0000,1.799999
FILLER_70_178,VPWR,li1,92.6900,204.0000,1.799999
FILLER_70_175,VPWR,li1,91.3100,204.0000,1.799999
FILLER_70_165,VPWR,li1,86.7100,204.0000,1.799998
FILLER_70_162,VPWR,li1,85.3300,204.0000,1.799998
FILLER_70_159,VPWR,li1,83.9500,204.0000,1.799998
FILLER_70_156,VPWR,li1,82.5700,204.0000,1.799998
FILLER_70_153,VPWR,li1,81.1900,204.0000,1.799998
FILLER_70_144,VPWR,li1,76.8200,204.0000,1.799998
FILLER_70_141,VPWR,li1,75.6700,204.0000,1.799998
FILLER_70_139,VPWR,li1,74.2900,204.0000,1.799998
FILLER_70_136,VPWR,li1,73.3700,204.0000,1.799997
FILLER_70_133,VPWR,li1,71.9900,204.0000,1.799997
FILLER_70_130,VPWR,li1,70.6100,204.0000,1.799996
FILLER_70_127,VPWR,li1,69.2300,204.0000,1.799996
FILLER_70_124,VPWR,li1,67.8500,204.0000,1.799995
FILLER_70_121,VPWR,li1,66.4700,204.0000,1.799995
FILLER_70_118,VPWR,li1,65.0900,204.0000,1.799995
FILLER_70_91,VPWR,li1,52.2100,204.0000,1.799991
FILLER_70_88,VPWR,li1,51.2900,204.0000,1.799991
FILLER_70_85,VPWR,li1,49.9100,204.0000,1.799991
FILLER_70_81,VPWR,li1,48.0700,204.0000,1.799991
FILLER_70_70,VPWR,li1,42.7800,204.0000,1.799986
FILLER_70_67,VPWR,li1,41.6300,204.0000,1.799986
FILLER_70_48,VPWR,li1,32.6600,204.0000,1.799975
FILLER_69_647,VPWR,li1,307.9700,198.5600,1.799993
FILLER_69_644,VPWR,li1,307.0500,198.5600,1.799993
FILLER_69_641,VPWR,li1,305.6700,198.5600,1.799993
FILLER_69_638,VPWR,li1,304.2900,198.5600,1.799993
FILLER_69_635,VPWR,li1,302.9100,198.5600,1.799993
FILLER_69_632,VPWR,li1,301.5300,198.5600,1.799993
FILLER_69_629,VPWR,li1,300.1500,198.5600,1.799993
FILLER_69_626,VPWR,li1,298.7700,198.5600,1.799993
FILLER_69_623,VPWR,li1,297.3900,198.5600,1.799993
FILLER_69_620,VPWR,li1,296.0100,198.5600,1.799993
FILLER_69_615,VPWR,li1,293.2500,198.5600,1.799993
FILLER_69_612,VPWR,li1,292.3300,198.5600,1.799993
FILLER_69_551,VPWR,li1,263.8100,198.5600,1.799993
FILLER_69_548,VPWR,li1,262.8900,198.5600,1.799994
FILLER_69_545,VPWR,li1,261.5100,198.5600,1.799994
FILLER_69_542,VPWR,li1,260.1300,198.5600,1.799994
FILLER_69_539,VPWR,li1,258.7500,198.5600,1.799994
FILLER_69_536,VPWR,li1,257.3700,198.5600,1.799995
FILLER_69_533,VPWR,li1,255.9900,198.5600,1.799995
FILLER_69_522,VPWR,li1,250.9300,198.5600,1.799996
FILLER_69_519,VPWR,li1,249.5500,198.5600,1.799995
FILLER_69_516,VPWR,li1,248.1700,198.5600,1.799995
FILLER_69_513,VPWR,li1,246.7900,198.5600,1.799995
FILLER_69_503,VPWR,li1,241.7300,198.5600,1.799994
FILLER_69_500,VPWR,li1,240.8100,198.5600,1.799994
FILLER_69_497,VPWR,li1,239.4300,198.5600,1.799994
FILLER_69_486,VPWR,li1,234.1400,198.5600,1.799995
FILLER_69_483,VPWR,li1,232.9900,198.5600,1.799995
FILLER_69_461,VPWR,li1,222.4100,198.5600,1.799995
FILLER_69_458,VPWR,li1,221.4900,198.5600,1.799995
FILLER_69_445,VPWR,li1,215.5100,198.5600,1.799994
FILLER_69_442,VPWR,li1,214.1300,198.5600,1.799994
FILLER_69_418,VPWR,li1,203.0900,198.5600,1.799996
FILLER_69_415,VPWR,li1,201.7100,198.5600,1.799996
FILLER_69_405,VPWR,li1,196.6500,198.5600,1.799998
FILLER_69_402,VPWR,li1,195.7300,198.5600,1.799998
FILLER_69_399,VPWR,li1,194.3500,198.5600,1.799997
FILLER_69_396,VPWR,li1,192.9700,198.5600,1.799997
FILLER_69_393,VPWR,li1,191.5900,198.5600,1.799997
FILLER_69_382,VPWR,li1,186.5300,198.5600,1.799997
FILLER_69_379,VPWR,li1,185.1500,198.5600,1.799997
FILLER_69_376,VPWR,li1,183.7700,198.5600,1.799997
FILLER_69_373,VPWR,li1,182.3900,198.5600,1.799997
FILLER_69_370,VPWR,li1,181.0100,198.5600,1.799997
FILLER_69_364,VPWR,li1,178.0200,198.5600,1.799997
FILLER_69_361,VPWR,li1,176.8700,198.5600,1.799997
FILLER_69_358,VPWR,li1,175.4900,198.5600,1.799996
FILLER_69_335,VPWR,li1,164.4500,198.5600,1.799997
FILLER_69_332,VPWR,li1,163.5300,198.5600,1.799997
FILLER_69_324,VPWR,li1,159.8500,198.5600,1.799997
FILLER_69_321,VPWR,li1,158.4700,198.5600,1.799996
FILLER_69_318,VPWR,li1,157.0900,198.5600,1.799996
FILLER_69_296,VPWR,li1,146.5100,198.5600,1.799996
FILLER_69_293,VPWR,li1,145.5900,198.5600,1.799996
FILLER_69_287,VPWR,li1,142.8300,198.5600,1.799996
FILLER_69_284,VPWR,li1,141.4500,198.5600,1.799996
FILLER_69_281,VPWR,li1,140.0700,198.5600,1.799996
FILLER_69_270,VPWR,li1,134.7800,198.5600,1.799998
FILLER_69_267,VPWR,li1,133.6300,198.5600,1.799998
FILLER_69_256,VPWR,li1,128.5700,198.5600,1.799998
FILLER_69_253,VPWR,li1,127.1900,198.5600,1.799998
FILLER_69_250,VPWR,li1,125.8100,198.5600,1.799998
FILLER_69_242,VPWR,li1,122.1300,198.5600,1.799998
FILLER_69_239,VPWR,li1,120.7500,198.5600,1.799998
FILLER_69_236,VPWR,li1,119.3700,198.5600,1.799998
FILLER_69_233,VPWR,li1,117.9900,198.5600,1.799998
FILLER_69_225,VPWR,li1,114.0800,198.5600,1.799999
FILLER_69_221,VPWR,li1,112.4700,198.5600,1.799999
FILLER_69_218,VPWR,li1,111.0900,198.5600,1.799999
FILLER_69_215,VPWR,li1,109.7100,198.5600,1.799999
FILLER_69_205,VPWR,li1,104.6500,198.5600,1.799999
FILLER_69_202,VPWR,li1,103.7300,198.5600,1.799999
FILLER_69_199,VPWR,li1,102.3500,198.5600,1.799999
FILLER_69_191,VPWR,li1,98.6700,198.5600,1.799999
FILLER_69_188,VPWR,li1,97.2900,198.5600,1.799998
FILLER_69_185,VPWR,li1,95.9100,198.5600,1.799998
FILLER_69_182,VPWR,li1,94.5300,198.5600,1.799998
FILLER_69_179,VPWR,li1,93.1500,198.5600,1.799998
FILLER_69_169,VPWR,li1,88.0900,198.5600,1.799998
FILLER_69_165,VPWR,li1,86.7100,198.5600,1.799997
FILLER_69_162,VPWR,li1,85.3300,198.5600,1.799997
FILLER_69_159,VPWR,li1,83.9500,198.5600,1.799997
FILLER_69_156,VPWR,li1,82.5700,198.5600,1.799997
FILLER_69_113,VPWR,li1,62.7900,198.5600,1.799993
FILLER_69_111,VPWR,li1,61.4100,198.5600,1.799993
FILLER_69_108,VPWR,li1,60.4900,198.5600,1.799993
FILLER_69_105,VPWR,li1,59.1100,198.5600,1.799992
FILLER_69_60,VPWR,li1,38.4100,198.5600,1.799992
FILLER_69_57,VPWR,li1,37.0300,198.5600,1.799992
FILLER_69_39,VPWR,li1,28.2900,198.5600,1.799992
FILLER_69_20,VPWR,li1,19.7800,198.5600,1.799993
FILLER_69_9,VPWR,li1,14.9500,198.5600,1.799995
FILLER_69_6,VPWR,li1,13.5700,198.5600,1.799995
FILLER_69_3,VPWR,li1,12.1900,198.5600,1.799995
FILLER_68_645,VPWR,li1,307.5100,198.5600,1.799993
FILLER_68_642,VPWR,li1,305.9000,198.5600,1.799993
FILLER_68_639,VPWR,li1,304.7500,198.5600,1.799993
FILLER_68_636,VPWR,li1,303.3700,198.5600,1.799993
FILLER_68_633,VPWR,li1,301.9900,198.5600,1.799993
FILLER_68_630,VPWR,li1,300.6100,198.5600,1.799993
FILLER_68_627,VPWR,li1,299.2300,198.5600,1.799993
FILLER_68_598,VPWR,li1,285.6600,198.5600,1.799995
FILLER_68_595,VPWR,li1,284.5100,198.5600,1.799994
FILLER_68_592,VPWR,li1,283.1300,198.5600,1.799994
FILLER_68_578,VPWR,li1,276.4600,198.5600,1.799993
FILLER_68_575,VPWR,li1,275.3100,198.5600,1.799993
FILLER_68_572,VPWR,li1,273.9300,198.5600,1.799993
FILLER_68_566,VPWR,li1,271.1700,198.5600,1.799993
FILLER_68_563,VPWR,li1,269.7900,198.5600,1.799993
FILLER_68_560,VPWR,li1,268.4100,198.5600,1.799993
FILLER_68_536,VPWR,li1,257.3700,198.5600,1.799995
FILLER_68_533,VPWR,li1,255.9900,198.5600,1.799995
FILLER_68_531,VPWR,li1,254.6100,198.5600,1.799996
FILLER_68_513,VPWR,li1,246.3300,198.5600,1.799995
FILLER_68_490,VPWR,li1,235.9800,198.5600,1.799994
FILLER_68_487,VPWR,li1,234.8300,198.5600,1.799995
FILLER_68_477,VPWR,li1,230.0000,198.5600,1.799995
FILLER_68_466,VPWR,li1,224.9400,198.5600,1.799996
FILLER_68_442,VPWR,li1,214.1300,198.5600,1.799994
FILLER_68_421,VPWR,li1,204.0100,198.5600,1.799996
FILLER_68_419,VPWR,li1,203.0900,198.5600,1.799996
FILLER_68_416,VPWR,li1,202.1700,198.5600,1.799996
FILLER_68_413,VPWR,li1,200.7900,198.5600,1.799996
FILLER_68_410,VPWR,li1,199.4100,198.5600,1.799997
FILLER_68_400,VPWR,li1,194.5800,198.5600,1.799997
FILLER_68_397,VPWR,li1,193.4300,198.5600,1.799997
FILLER_68_394,VPWR,li1,192.0500,198.5600,1.799997
FILLER_68_383,VPWR,li1,186.7600,198.5600,1.799997
FILLER_68_380,VPWR,li1,185.6100,198.5600,1.799997
FILLER_68_377,VPWR,li1,184.2300,198.5600,1.799997
FILLER_68_371,VPWR,li1,181.4700,198.5600,1.799997
FILLER_68_368,VPWR,li1,180.0900,198.5600,1.799997
FILLER_68_365,VPWR,li1,178.7100,198.5600,1.799997
FILLER_68_361,VPWR,li1,176.8700,198.5600,1.799997
FILLER_68_358,VPWR,li1,175.4900,198.5600,1.799996
FILLER_68_355,VPWR,li1,174.1100,198.5600,1.799996
FILLER_68_352,VPWR,li1,172.7300,198.5600,1.799996
FILLER_68_349,VPWR,li1,171.3500,198.5600,1.799996
FILLER_68_346,VPWR,li1,169.9700,198.5600,1.799996
FILLER_68_340,VPWR,li1,167.2100,198.5600,1.799997
FILLER_68_337,VPWR,li1,165.8300,198.5600,1.799997
FILLER_68_334,VPWR,li1,164.4500,198.5600,1.799997
FILLER_68_331,VPWR,li1,163.0700,198.5600,1.799997
FILLER_68_315,VPWR,li1,155.7100,198.5600,1.799996
FILLER_68_312,VPWR,li1,154.3300,198.5600,1.799996
FILLER_68_309,VPWR,li1,152.9500,198.5600,1.799995
FILLER_68_306,VPWR,li1,151.3400,198.5600,1.799995
FILLER_68_300,VPWR,li1,148.8100,198.5600,1.799996
FILLER_68_293,VPWR,li1,145.3600,198.5600,1.799996
FILLER_68_290,VPWR,li1,144.2100,198.5600,1.799996
FILLER_68_287,VPWR,li1,142.8300,198.5600,1.799996
FILLER_68_265,VPWR,li1,132.2500,198.5600,1.799998
FILLER_68_262,VPWR,li1,131.3300,198.5600,1.799998
FILLER_68_259,VPWR,li1,129.9500,198.5600,1.799998
FILLER_68_256,VPWR,li1,128.5700,198.5600,1.799998
FILLER_68_253,VPWR,li1,127.1900,198.5600,1.799998
FILLER_68_250,VPWR,li1,125.5800,198.5600,1.799998
FILLER_68_247,VPWR,li1,124.4300,198.5600,1.799998
FILLER_68_244,VPWR,li1,123.0500,198.5600,1.799998
FILLER_68_236,VPWR,li1,118.9100,198.5600,1.799998
FILLER_68_233,VPWR,li1,117.9900,198.5600,1.799998
FILLER_68_230,VPWR,li1,116.6100,198.5600,1.799999
FILLER_68_227,VPWR,li1,115.2300,198.5600,1.799999
FILLER_68_224,VPWR,li1,113.8500,198.5600,1.799999
FILLER_68_221,VPWR,li1,112.4700,198.5600,1.799999
FILLER_68_218,VPWR,li1,111.0900,198.5600,1.799999
FILLER_68_215,VPWR,li1,109.7100,198.5600,1.799999
FILLER_68_212,VPWR,li1,108.3300,198.5600,1.799999
FILLER_68_209,VPWR,li1,106.9500,198.5600,1.799999
FILLER_68_206,VPWR,li1,105.5700,198.5600,1.799999
FILLER_68_203,VPWR,li1,104.1900,198.5600,1.799999
FILLER_68_200,VPWR,li1,102.8100,198.5600,1.799999
FILLER_68_197,VPWR,li1,101.4300,198.5600,1.799999
FILLER_68_194,VPWR,li1,99.8200,198.5600,1.799999
FILLER_68_180,VPWR,li1,93.1500,198.5600,1.799998
FILLER_68_177,VPWR,li1,92.2300,198.5600,1.799998
FILLER_68_174,VPWR,li1,90.8500,198.5600,1.799998
FILLER_68_171,VPWR,li1,89.4700,198.5600,1.799998
FILLER_68_168,VPWR,li1,88.0900,198.5600,1.799998
FILLER_68_165,VPWR,li1,86.7100,198.5600,1.799997
FILLER_68_162,VPWR,li1,85.3300,198.5600,1.799997
FILLER_68_159,VPWR,li1,83.9500,198.5600,1.799997
FILLER_68_144,VPWR,li1,76.5900,198.5600,1.799997
FILLER_68_141,VPWR,li1,75.6700,198.5600,1.799997
FILLER_68_138,VPWR,li1,74.0600,198.5600,1.799997
FILLER_68_127,VPWR,li1,69.0000,198.5600,1.799994
FILLER_68_124,VPWR,li1,67.8500,198.5600,1.799994
FILLER_68_88,VPWR,li1,51.2900,198.5600,1.799993
FILLER_68_85,VPWR,li1,49.9100,198.5600,1.799993
FILLER_68_83,VPWR,li1,48.5300,198.5600,1.799993
FILLER_68_80,VPWR,li1,47.6100,198.5600,1.799993
FILLER_68_77,VPWR,li1,46.2300,198.5600,1.799994
FILLER_68_41,VPWR,li1,29.4400,198.5600,1.799992
FILLER_68_38,VPWR,li1,28.2900,198.5600,1.799992
FILLER_67_646,VPWR,li1,307.7400,193.1200,1.799998
FILLER_67_643,VPWR,li1,306.5900,193.1200,1.799998
FILLER_67_640,VPWR,li1,305.2100,193.1200,1.799998
FILLER_67_637,VPWR,li1,303.8300,193.1200,1.799998
FILLER_67_634,VPWR,li1,302.4500,193.1200,1.799998
FILLER_67_631,VPWR,li1,301.0700,193.1200,1.799998
FILLER_67_628,VPWR,li1,299.6900,193.1200,1.799998
FILLER_67_625,VPWR,li1,298.3100,193.1200,1.799998
FILLER_67_615,VPWR,li1,293.2500,193.1200,1.799998
FILLER_67_612,VPWR,li1,292.3300,193.1200,1.799998
FILLER_67_609,VPWR,li1,290.9500,193.1200,1.799998
FILLER_67_606,VPWR,li1,289.5700,193.1200,1.799998
FILLER_67_603,VPWR,li1,288.1900,193.1200,1.799998
FILLER_67_600,VPWR,li1,286.8100,193.1200,1.799998
FILLER_67_597,VPWR,li1,285.4300,193.1200,1.799998
FILLER_67_573,VPWR,li1,274.3900,193.1200,1.799996
FILLER_67_570,VPWR,li1,273.0100,193.1200,1.799996
FILLER_67_567,VPWR,li1,271.6300,193.1200,1.799996
FILLER_67_564,VPWR,li1,270.2500,193.1200,1.799996
FILLER_67_561,VPWR,li1,268.8700,193.1200,1.799996
FILLER_67_559,VPWR,li1,267.4900,193.1200,1.799996
FILLER_67_556,VPWR,li1,266.5700,193.1200,1.799996
FILLER_67_542,VPWR,li1,259.9000,193.1200,1.799997
FILLER_67_519,VPWR,li1,249.3200,193.1200,1.799995
FILLER_67_516,VPWR,li1,248.1700,193.1200,1.799995
FILLER_67_511,VPWR,li1,245.6400,193.1200,1.799994
FILLER_67_508,VPWR,li1,244.4900,193.1200,1.799995
FILLER_67_501,VPWR,li1,241.2700,193.1200,1.799995
FILLER_67_498,VPWR,li1,239.8900,193.1200,1.799995
FILLER_67_495,VPWR,li1,238.5100,193.1200,1.799995
FILLER_67_464,VPWR,li1,224.0200,193.1200,1.799997
FILLER_67_461,VPWR,li1,222.8700,193.1200,1.799997
FILLER_67_443,VPWR,li1,214.5900,193.1200,1.799996
FILLER_67_440,VPWR,li1,213.2100,193.1200,1.799996
FILLER_67_437,VPWR,li1,211.8300,193.1200,1.799996
FILLER_67_434,VPWR,li1,210.4500,193.1200,1.799996
FILLER_67_431,VPWR,li1,209.0700,193.1200,1.799997
FILLER_67_428,VPWR,li1,207.6900,193.1200,1.799997
FILLER_67_425,VPWR,li1,206.3100,193.1200,1.799997
FILLER_67_420,VPWR,li1,203.7800,193.1200,1.799997
FILLER_67_417,VPWR,li1,202.6300,193.1200,1.799997
FILLER_67_414,VPWR,li1,201.2500,193.1200,1.799997
FILLER_67_411,VPWR,li1,199.8700,193.1200,1.799997
FILLER_67_408,VPWR,li1,198.4900,193.1200,1.799997
FILLER_67_405,VPWR,li1,197.1100,193.1200,1.799997
FILLER_67_402,VPWR,li1,195.7300,193.1200,1.799997
FILLER_67_399,VPWR,li1,194.3500,193.1200,1.799996
FILLER_67_396,VPWR,li1,192.9700,193.1200,1.799996
FILLER_67_393,VPWR,li1,191.5900,193.1200,1.799995
FILLER_67_391,VPWR,li1,190.2100,193.1200,1.799995
FILLER_67_388,VPWR,li1,189.2900,193.1200,1.799995
FILLER_67_385,VPWR,li1,187.9100,193.1200,1.799995
FILLER_67_382,VPWR,li1,186.5300,193.1200,1.799995
FILLER_67_379,VPWR,li1,185.1500,193.1200,1.799994
FILLER_67_320,VPWR,li1,158.0100,193.1200,1.799995
FILLER_67_317,VPWR,li1,156.6300,193.1200,1.799995
FILLER_67_314,VPWR,li1,155.2500,193.1200,1.799995
FILLER_67_287,VPWR,li1,142.3700,193.1200,1.799995
FILLER_67_284,VPWR,li1,141.4500,193.1200,1.799995
FILLER_67_281,VPWR,li1,140.0700,193.1200,1.799995
FILLER_67_272,VPWR,li1,135.7000,193.1200,1.799996
FILLER_67_269,VPWR,li1,134.5500,193.1200,1.799996
FILLER_67_266,VPWR,li1,133.1700,193.1200,1.799996
FILLER_67_239,VPWR,li1,120.5200,193.1200,1.799996
FILLER_67_236,VPWR,li1,119.3700,193.1200,1.799996
FILLER_67_233,VPWR,li1,117.9900,193.1200,1.799996
FILLER_67_230,VPWR,li1,116.6100,193.1200,1.799996
FILLER_67_217,VPWR,li1,110.4000,193.1200,1.799998
FILLER_67_214,VPWR,li1,109.2500,193.1200,1.799998
FILLER_67_211,VPWR,li1,107.8700,193.1200,1.799998
FILLER_67_202,VPWR,li1,103.2700,193.1200,1.799998
FILLER_67_196,VPWR,li1,100.5100,193.1200,1.799998
FILLER_67_193,VPWR,li1,99.5900,193.1200,1.799998
FILLER_67_190,VPWR,li1,98.2100,193.1200,1.799998
FILLER_67_187,VPWR,li1,96.8300,193.1200,1.799998
FILLER_67_184,VPWR,li1,95.4500,193.1200,1.799998
FILLER_67_181,VPWR,li1,94.0700,193.1200,1.799998
FILLER_67_178,VPWR,li1,92.6900,193.1200,1.799998
FILLER_67_175,VPWR,li1,91.3100,193.1200,1.799998
FILLER_67_167,VPWR,li1,87.1700,193.1200,1.799998
FILLER_67_164,VPWR,li1,86.2500,193.1200,1.799998
FILLER_67_161,VPWR,li1,84.8700,193.1200,1.799998
FILLER_67_158,VPWR,li1,83.4900,193.1200,1.799998
FILLER_67_155,VPWR,li1,82.1100,193.1200,1.799998
FILLER_67_152,VPWR,li1,80.7300,193.1200,1.799998
FILLER_67_149,VPWR,li1,79.3500,193.1200,1.799998
FILLER_67_146,VPWR,li1,77.9700,193.1200,1.799998
FILLER_67_143,VPWR,li1,76.5900,193.1200,1.799998
FILLER_67_140,VPWR,li1,75.2100,193.1200,1.799998
FILLER_67_128,VPWR,li1,69.2300,193.1200,1.799996
FILLER_67_125,VPWR,li1,68.3100,193.1200,1.799996
FILLER_67_122,VPWR,li1,66.9300,193.1200,1.799996
FILLER_67_111,VPWR,li1,61.4100,193.1200,1.799995
FILLER_67_108,VPWR,li1,60.4900,193.1200,1.799995
FILLER_67_105,VPWR,li1,59.1100,193.1200,1.799995
FILLER_67_86,VPWR,li1,50.1400,193.1200,1.799995
FILLER_67_69,VPWR,li1,42.0900,193.1200,1.799996
FILLER_67_66,VPWR,li1,41.1700,193.1200,1.799996
FILLER_67_28,VPWR,li1,23.6900,193.1200,1.799995
FILLER_66_645,VPWR,li1,307.5100,193.1200,1.799998
FILLER_66_643,VPWR,li1,306.1300,193.1200,1.799998
FILLER_66_640,VPWR,li1,305.2100,193.1200,1.799998
FILLER_66_637,VPWR,li1,303.8300,193.1200,1.799998
FILLER_66_634,VPWR,li1,302.4500,193.1200,1.799998
FILLER_66_631,VPWR,li1,301.0700,193.1200,1.799998
FILLER_66_628,VPWR,li1,299.6900,193.1200,1.799998
FILLER_66_625,VPWR,li1,298.3100,193.1200,1.799998
FILLER_66_622,VPWR,li1,296.9300,193.1200,1.799998
FILLER_66_619,VPWR,li1,295.5500,193.1200,1.799998
FILLER_66_616,VPWR,li1,294.1700,193.1200,1.799998
FILLER_66_613,VPWR,li1,292.7900,193.1200,1.799998
FILLER_66_610,VPWR,li1,291.4100,193.1200,1.799998
FILLER_66_607,VPWR,li1,290.0300,193.1200,1.799998
FILLER_66_603,VPWR,li1,287.7300,193.1200,1.799998
FILLER_66_595,VPWR,li1,284.2800,193.1200,1.799998
FILLER_66_589,VPWR,li1,281.7500,193.1200,1.799997
FILLER_66_582,VPWR,li1,278.3000,193.1200,1.799996
FILLER_66_573,VPWR,li1,273.9300,193.1200,1.799996
FILLER_66_570,VPWR,li1,273.0100,193.1200,1.799996
FILLER_66_558,VPWR,li1,267.4900,193.1200,1.799996
FILLER_66_555,VPWR,li1,266.1100,193.1200,1.799996
FILLER_66_552,VPWR,li1,264.7300,193.1200,1.799996
FILLER_66_542,VPWR,li1,259.9000,193.1200,1.799997
FILLER_66_539,VPWR,li1,258.7500,193.1200,1.799997
FILLER_66_536,VPWR,li1,257.3700,193.1200,1.799997
FILLER_66_502,VPWR,li1,241.2700,193.1200,1.799995
FILLER_66_480,VPWR,li1,231.1500,193.1200,1.799995
FILLER_66_465,VPWR,li1,224.4800,193.1200,1.799997
FILLER_66_462,VPWR,li1,223.3300,193.1200,1.799997
FILLER_66_459,VPWR,li1,221.9500,193.1200,1.799996
FILLER_66_453,VPWR,li1,219.1900,193.1200,1.799996
FILLER_66_450,VPWR,li1,217.8100,193.1200,1.799996
FILLER_66_447,VPWR,li1,216.4300,193.1200,1.799996
FILLER_66_444,VPWR,li1,215.0500,193.1200,1.799996
FILLER_66_441,VPWR,li1,213.6700,193.1200,1.799996
FILLER_66_438,VPWR,li1,212.2900,193.1200,1.799996
FILLER_66_410,VPWR,li1,198.9500,193.1200,1.799997
FILLER_66_388,VPWR,li1,188.8300,193.1200,1.799995
FILLER_66_385,VPWR,li1,187.9100,193.1200,1.799995
FILLER_66_382,VPWR,li1,186.5300,193.1200,1.799995
FILLER_66_379,VPWR,li1,185.1500,193.1200,1.799994
FILLER_66_376,VPWR,li1,183.7700,193.1200,1.799994
FILLER_66_365,VPWR,li1,178.7100,193.1200,1.799994
FILLER_66_353,VPWR,li1,172.9600,193.1200,1.799994
FILLER_66_350,VPWR,li1,171.8100,193.1200,1.799994
FILLER_66_347,VPWR,li1,170.4300,193.1200,1.799994
FILLER_66_344,VPWR,li1,169.0500,193.1200,1.799994
FILLER_66_339,VPWR,li1,166.2900,193.1200,1.799995
FILLER_66_336,VPWR,li1,165.3700,193.1200,1.799996
FILLER_66_333,VPWR,li1,163.9900,193.1200,1.799996
FILLER_66_330,VPWR,li1,162.6100,193.1200,1.799996
FILLER_66_327,VPWR,li1,161.2300,193.1200,1.799996
FILLER_66_324,VPWR,li1,159.8500,193.1200,1.799995
FILLER_66_321,VPWR,li1,158.4700,193.1200,1.799995
FILLER_66_318,VPWR,li1,157.0900,193.1200,1.799995
FILLER_66_315,VPWR,li1,155.7100,193.1200,1.799995
FILLER_66_312,VPWR,li1,154.3300,193.1200,1.799995
FILLER_66_309,VPWR,li1,152.9500,193.1200,1.799994
FILLER_66_306,VPWR,li1,151.3400,193.1200,1.799994
FILLER_66_303,VPWR,li1,150.1900,193.1200,1.799994
FILLER_66_300,VPWR,li1,148.8100,193.1200,1.799994
FILLER_66_293,VPWR,li1,145.1300,193.1200,1.799994
FILLER_66_290,VPWR,li1,144.2100,193.1200,1.799994
FILLER_66_267,VPWR,li1,133.4000,193.1200,1.799996
FILLER_66_264,VPWR,li1,132.2500,193.1200,1.799995
FILLER_66_261,VPWR,li1,130.8700,193.1200,1.799995
FILLER_66_247,VPWR,li1,124.2000,193.1200,1.799995
FILLER_66_244,VPWR,li1,123.0500,193.1200,1.799995
FILLER_66_241,VPWR,li1,121.6700,193.1200,1.799995
FILLER_66_238,VPWR,li1,120.2900,193.1200,1.799996
FILLER_66_235,VPWR,li1,118.9100,193.1200,1.799996
FILLER_66_232,VPWR,li1,117.5300,193.1200,1.799996
FILLER_66_229,VPWR,li1,116.1500,193.1200,1.799997
FILLER_66_226,VPWR,li1,114.7700,193.1200,1.799997
FILLER_66_223,VPWR,li1,113.3900,193.1200,1.799997
FILLER_66_212,VPWR,li1,108.1000,193.1200,1.799998
FILLER_66_209,VPWR,li1,106.9500,193.1200,1.799998
FILLER_66_206,VPWR,li1,105.5700,193.1200,1.799998
FILLER_66_203,VPWR,li1,104.1900,193.1200,1.799998
FILLER_66_197,VPWR,li1,100.9700,193.1200,1.799998
FILLER_66_195,VPWR,li1,100.0500,193.1200,1.799998
FILLER_66_192,VPWR,li1,99.1300,193.1200,1.799998
FILLER_66_189,VPWR,li1,97.7500,193.1200,1.799998
FILLER_66_174,VPWR,li1,90.6200,193.1200,1.799998
FILLER_66_163,VPWR,li1,85.7900,193.1200,1.799998
FILLER_66_160,VPWR,li1,84.4100,193.1200,1.799998
FILLER_66_144,VPWR,li1,77.0500,193.1200,1.799998
FILLER_66_141,VPWR,li1,75.6700,193.1200,1.799998
FILLER_66_105,VPWR,li1,58.8800,193.1200,1.799995
FILLER_66_85,VPWR,li1,49.9100,193.1200,1.799995
FILLER_66_58,VPWR,li1,37.0300,193.1200,1.799995
FILLER_66_44,VPWR,li1,30.8200,193.1200,1.799995
FILLER_66_41,VPWR,li1,29.6700,193.1200,1.799995
FILLER_66_25,VPWR,li1,22.3100,193.1200,1.799995
FILLER_66_6,VPWR,li1,13.5700,193.1200,1.799997
FILLER_66_3,VPWR,li1,12.1900,193.1200,1.799997
FILLER_65_647,VPWR,li1,307.9700,187.6800,1.799991
FILLER_65_644,VPWR,li1,307.0500,187.6800,1.799991
FILLER_65_641,VPWR,li1,305.6700,187.6800,1.799991
FILLER_65_638,VPWR,li1,304.2900,187.6800,1.799991
FILLER_65_635,VPWR,li1,302.9100,187.6800,1.799991
FILLER_65_632,VPWR,li1,301.5300,187.6800,1.799991
FILLER_65_629,VPWR,li1,300.1500,187.6800,1.799991
FILLER_65_626,VPWR,li1,298.7700,187.6800,1.799991
FILLER_65_623,VPWR,li1,297.3900,187.6800,1.799991
FILLER_65_620,VPWR,li1,296.0100,187.6800,1.799991
FILLER_65_617,VPWR,li1,294.6300,187.6800,1.799991
FILLER_65_614,VPWR,li1,293.0200,187.6800,1.799991
FILLER_65_611,VPWR,li1,291.8700,187.6800,1.799991
FILLER_65_558,VPWR,li1,267.2600,187.6800,1.799983
FILLER_65_555,VPWR,li1,266.1100,187.6800,1.799983
FILLER_65_532,VPWR,li1,255.3000,187.6800,1.799981
FILLER_65_520,VPWR,li1,249.5500,187.6800,1.799970
FILLER_65_517,VPWR,li1,248.6300,187.6800,1.799970
FILLER_65_514,VPWR,li1,247.2500,187.6800,1.799970
FILLER_65_502,VPWR,li1,241.5000,187.6800,1.799972
FILLER_65_499,VPWR,li1,240.3500,187.6800,1.799972
FILLER_65_496,VPWR,li1,238.9700,187.6800,1.799973
FILLER_65_493,VPWR,li1,237.5900,187.6800,1.799973
FILLER_65_490,VPWR,li1,236.2100,187.6800,1.799973
FILLER_65_487,VPWR,li1,234.8300,187.6800,1.799973
FILLER_65_457,VPWR,li1,220.8000,187.6800,1.799981
FILLER_65_444,VPWR,li1,214.5900,187.6800,1.799982
FILLER_65_436,VPWR,li1,211.1400,187.6800,1.799983
FILLER_65_433,VPWR,li1,209.9900,187.6800,1.799983
FILLER_65_393,VPWR,li1,191.5900,187.6800,1.799988
FILLER_65_391,VPWR,li1,190.2100,187.6800,1.799987
FILLER_65_388,VPWR,li1,189.2900,187.6800,1.799987
FILLER_65_379,VPWR,li1,184.6900,187.6800,1.799983
FILLER_65_369,VPWR,li1,180.0900,187.6800,1.799980
FILLER_65_366,VPWR,li1,179.1700,187.6800,1.799980
FILLER_65_363,VPWR,li1,177.7900,187.6800,1.799979
FILLER_65_360,VPWR,li1,176.4100,187.6800,1.799979
FILLER_65_337,VPWR,li1,165.8300,187.6800,1.799986
FILLER_65_335,VPWR,li1,164.4500,187.6800,1.799989
FILLER_65_313,VPWR,li1,154.5600,187.6800,1.799991
FILLER_65_310,VPWR,li1,153.4100,187.6800,1.799991
FILLER_65_296,VPWR,li1,146.9700,187.6800,1.799993
FILLER_65_293,VPWR,li1,145.5900,187.6800,1.799993
FILLER_65_290,VPWR,li1,144.2100,187.6800,1.799993
FILLER_65_287,VPWR,li1,142.8300,187.6800,1.799994
FILLER_65_284,VPWR,li1,141.4500,187.6800,1.799994
FILLER_65_281,VPWR,li1,140.0700,187.6800,1.799995
FILLER_65_278,VPWR,li1,138.4600,187.6800,1.799995
FILLER_65_275,VPWR,li1,137.3100,187.6800,1.799995
FILLER_65_252,VPWR,li1,126.5000,187.6800,1.799995
FILLER_65_228,VPWR,li1,115.6900,187.6800,1.799996
FILLER_65_225,VPWR,li1,114.3100,187.6800,1.799996
FILLER_65_223,VPWR,li1,112.9300,187.6800,1.799996
FILLER_65_220,VPWR,li1,112.0100,187.6800,1.799996
FILLER_65_217,VPWR,li1,110.6300,187.6800,1.799997
FILLER_65_214,VPWR,li1,109.2500,187.6800,1.799997
FILLER_65_211,VPWR,li1,107.8700,187.6800,1.799998
FILLER_65_208,VPWR,li1,106.4900,187.6800,1.799998
FILLER_65_205,VPWR,li1,105.1100,187.6800,1.799998
FILLER_65_199,VPWR,li1,101.8900,187.6800,1.799998
FILLER_65_196,VPWR,li1,100.9700,187.6800,1.799998
FILLER_65_193,VPWR,li1,99.5900,187.6800,1.799998
FILLER_65_190,VPWR,li1,98.2100,187.6800,1.799998
FILLER_65_187,VPWR,li1,96.8300,187.6800,1.799998
FILLER_65_184,VPWR,li1,95.4500,187.6800,1.799997
FILLER_65_181,VPWR,li1,94.0700,187.6800,1.799997
FILLER_65_175,VPWR,li1,90.8500,187.6800,1.799997
FILLER_65_172,VPWR,li1,89.9300,187.6800,1.799997
FILLER_65_169,VPWR,li1,88.5500,187.6800,1.799997
FILLER_65_165,VPWR,li1,86.7100,187.6800,1.799997
FILLER_65_162,VPWR,li1,85.3300,187.6800,1.799997
FILLER_65_159,VPWR,li1,83.9500,187.6800,1.799997
FILLER_65_151,VPWR,li1,79.8100,187.6800,1.799997
FILLER_65_148,VPWR,li1,78.8900,187.6800,1.799997
FILLER_65_145,VPWR,li1,77.5100,187.6800,1.799997
FILLER_65_142,VPWR,li1,76.1300,187.6800,1.799996
FILLER_65_139,VPWR,li1,74.7500,187.6800,1.799996
FILLER_65_136,VPWR,li1,73.3700,187.6800,1.799996
FILLER_65_125,VPWR,li1,68.3100,187.6800,1.799993
FILLER_65_122,VPWR,li1,66.9300,187.6800,1.799993
FILLER_65_113,VPWR,li1,62.3300,187.6800,1.799992
FILLER_65_109,VPWR,li1,60.9500,187.6800,1.799992
FILLER_65_106,VPWR,li1,59.5700,187.6800,1.799992
FILLER_65_87,VPWR,li1,50.6000,187.6800,1.799993
FILLER_65_84,VPWR,li1,49.4500,187.6800,1.799993
FILLER_65_75,VPWR,li1,44.8500,187.6800,1.799993
FILLER_65_57,VPWR,li1,36.5700,187.6800,1.799991
FILLER_65_54,VPWR,li1,35.4200,187.6800,1.799991
FILLER_64_645,VPWR,li1,307.5100,187.6800,1.799991
FILLER_64_641,VPWR,li1,305.6700,187.6800,1.799991
FILLER_64_638,VPWR,li1,304.2900,187.6800,1.799991
FILLER_64_635,VPWR,li1,302.9100,187.6800,1.799991
FILLER_64_632,VPWR,li1,301.5300,187.6800,1.799991
FILLER_64_629,VPWR,li1,300.1500,187.6800,1.799991
FILLER_64_626,VPWR,li1,298.7700,187.6800,1.799991
FILLER_64_623,VPWR,li1,297.3900,187.6800,1.799991
FILLER_64_620,VPWR,li1,296.0100,187.6800,1.799991
FILLER_64_617,VPWR,li1,294.6300,187.6800,1.799991
FILLER_64_589,VPWR,li1,281.2900,187.6800,1.799989
FILLER_64_578,VPWR,li1,276.2300,187.6800,1.799987
FILLER_64_575,VPWR,li1,275.3100,187.6800,1.799986
FILLER_64_572,VPWR,li1,273.9300,187.6800,1.799986
FILLER_64_568,VPWR,li1,271.6300,187.6800,1.799985
FILLER_64_559,VPWR,li1,267.4900,187.6800,1.799983
FILLER_64_556,VPWR,li1,266.5700,187.6800,1.799983
FILLER_64_553,VPWR,li1,265.1900,187.6800,1.799983
FILLER_64_541,VPWR,li1,259.2100,187.6800,1.799981
FILLER_64_536,VPWR,li1,256.9100,187.6800,1.799981
FILLER_64_509,VPWR,li1,244.9500,187.6800,1.799971
FILLER_64_506,VPWR,li1,243.5700,187.6800,1.799972
FILLER_64_503,VPWR,li1,242.1900,187.6800,1.799972
FILLER_64_500,VPWR,li1,240.8100,187.6800,1.799972
FILLER_64_491,VPWR,li1,236.2100,187.6800,1.799973
FILLER_64_488,VPWR,li1,235.2900,187.6800,1.799973
FILLER_64_477,VPWR,li1,230.0000,187.6800,1.799975
FILLER_64_475,VPWR,li1,228.8500,187.6800,1.799975
FILLER_64_472,VPWR,li1,227.9300,187.6800,1.799975
FILLER_64_438,VPWR,li1,211.8300,187.6800,1.799982
FILLER_64_435,VPWR,li1,210.9100,187.6800,1.799983
FILLER_64_432,VPWR,li1,209.5300,187.6800,1.799983
FILLER_64_429,VPWR,li1,208.1500,187.6800,1.799983
FILLER_64_426,VPWR,li1,206.7700,187.6800,1.799984
FILLER_64_421,VPWR,li1,204.0100,187.6800,1.799985
FILLER_64_419,VPWR,li1,203.0900,187.6800,1.799985
FILLER_64_416,VPWR,li1,202.1700,187.6800,1.799986
FILLER_64_413,VPWR,li1,200.7900,187.6800,1.799986
FILLER_64_410,VPWR,li1,199.4100,187.6800,1.799988
FILLER_64_407,VPWR,li1,198.0300,187.6800,1.799988
FILLER_64_401,VPWR,li1,195.0400,187.6800,1.799990
FILLER_64_398,VPWR,li1,193.8900,187.6800,1.799990
FILLER_64_395,VPWR,li1,192.5100,187.6800,1.799988
FILLER_64_392,VPWR,li1,191.1300,187.6800,1.799988
FILLER_64_389,VPWR,li1,189.7500,187.6800,1.799987
FILLER_64_386,VPWR,li1,188.3700,187.6800,1.799985
FILLER_64_362,VPWR,li1,177.1000,187.6800,1.799979
FILLER_64_359,VPWR,li1,175.9500,187.6800,1.799978
FILLER_64_356,VPWR,li1,174.5700,187.6800,1.799978
FILLER_64_337,VPWR,li1,165.3700,187.6800,1.799986
FILLER_64_334,VPWR,li1,164.4500,187.6800,1.799989
FILLER_64_331,VPWR,li1,163.0700,187.6800,1.799989
FILLER_64_328,VPWR,li1,161.6900,187.6800,1.799989
FILLER_64_325,VPWR,li1,160.3100,187.6800,1.799990
FILLER_64_315,VPWR,li1,155.4800,187.6800,1.799991
FILLER_64_312,VPWR,li1,154.3300,187.6800,1.799991
FILLER_64_309,VPWR,li1,152.9500,187.6800,1.799991
FILLER_64_300,VPWR,li1,148.8100,187.6800,1.799992
FILLER_64_297,VPWR,li1,147.4300,187.6800,1.799993
FILLER_64_294,VPWR,li1,146.0500,187.6800,1.799993
FILLER_64_279,VPWR,li1,139.1500,187.6800,1.799995
FILLER_64_276,VPWR,li1,137.7700,187.6800,1.799995
FILLER_64_267,VPWR,li1,133.1700,187.6800,1.799995
FILLER_64_238,VPWR,li1,119.8300,187.6800,1.799995
FILLER_64_235,VPWR,li1,118.9100,187.6800,1.799995
FILLER_64_226,VPWR,li1,114.5400,187.6800,1.799996
FILLER_64_223,VPWR,li1,113.3900,187.6800,1.799996
FILLER_64_220,VPWR,li1,112.0100,187.6800,1.799996
FILLER_64_217,VPWR,li1,110.6300,187.6800,1.799997
FILLER_64_214,VPWR,li1,109.2500,187.6800,1.799997
FILLER_64_211,VPWR,li1,107.8700,187.6800,1.799998
FILLER_64_208,VPWR,li1,106.4900,187.6800,1.799998
FILLER_64_193,VPWR,li1,99.5900,187.6800,1.799998
FILLER_64_190,VPWR,li1,98.2100,187.6800,1.799998
FILLER_64_187,VPWR,li1,96.8300,187.6800,1.799998
FILLER_64_184,VPWR,li1,95.4500,187.6800,1.799997
FILLER_64_181,VPWR,li1,94.0700,187.6800,1.799997
FILLER_64_178,VPWR,li1,92.6900,187.6800,1.799997
FILLER_64_175,VPWR,li1,91.3100,187.6800,1.799997
FILLER_64_172,VPWR,li1,89.9300,187.6800,1.799997
FILLER_64_169,VPWR,li1,88.5500,187.6800,1.799997
FILLER_64_166,VPWR,li1,87.1700,187.6800,1.799997
FILLER_64_163,VPWR,li1,85.7900,187.6800,1.799997
FILLER_64_160,VPWR,li1,84.4100,187.6800,1.799997
FILLER_64_157,VPWR,li1,83.0300,187.6800,1.799997
FILLER_64_154,VPWR,li1,81.6500,187.6800,1.799997
FILLER_64_151,VPWR,li1,80.2700,187.6800,1.799997
FILLER_64_148,VPWR,li1,78.8900,187.6800,1.799997
FILLER_64_145,VPWR,li1,77.5100,187.6800,1.799997
FILLER_64_137,VPWR,li1,73.8300,187.6800,1.799996
FILLER_64_94,VPWR,li1,53.5900,187.6800,1.799992
FILLER_64_85,VPWR,li1,49.4500,187.6800,1.799993
FILLER_64_65,VPWR,li1,40.4800,187.6800,1.799992
FILLER_64_62,VPWR,li1,39.3300,187.6800,1.799991
FILLER_64_57,VPWR,li1,36.5700,187.6800,1.799991
FILLER_64_54,VPWR,li1,35.6500,187.6800,1.799991
FILLER_64_51,VPWR,li1,34.2700,187.6800,1.799991
FILLER_64_48,VPWR,li1,32.8900,187.6800,1.799991
FILLER_64_45,VPWR,li1,31.5100,187.6800,1.799991
FILLER_64_35,VPWR,li1,26.4500,187.6800,1.799991
FILLER_64_32,VPWR,li1,25.5300,187.6800,1.799991
FILLER_64_29,VPWR,li1,24.1500,187.6800,1.799991
FILLER_64_26,VPWR,li1,22.5400,187.6800,1.799991
FILLER_64_23,VPWR,li1,21.3900,187.6800,1.799992
FILLER_64_20,VPWR,li1,20.0100,187.6800,1.799992
FILLER_63_647,VPWR,li1,307.9700,182.2400,1.799982
FILLER_63_644,VPWR,li1,307.0500,182.2400,1.799982
FILLER_63_641,VPWR,li1,305.6700,182.2400,1.799982
FILLER_63_638,VPWR,li1,304.2900,182.2400,1.799982
FILLER_63_635,VPWR,li1,302.9100,182.2400,1.799982
FILLER_63_632,VPWR,li1,301.5300,182.2400,1.799982
FILLER_63_629,VPWR,li1,300.1500,182.2400,1.799982
FILLER_63_626,VPWR,li1,298.7700,182.2400,1.799982
FILLER_63_623,VPWR,li1,297.3900,182.2400,1.799982
FILLER_63_620,VPWR,li1,296.0100,182.2400,1.799982
FILLER_63_617,VPWR,li1,294.6300,182.2400,1.799982
FILLER_63_613,VPWR,li1,292.7900,182.2400,1.799982
FILLER_63_610,VPWR,li1,291.4100,182.2400,1.799982
FILLER_63_607,VPWR,li1,290.0300,182.2400,1.799982
FILLER_63_573,VPWR,li1,274.3900,182.2400,1.799984
FILLER_63_567,VPWR,li1,271.4000,182.2400,1.799985
FILLER_63_564,VPWR,li1,270.2500,182.2400,1.799985
FILLER_63_561,VPWR,li1,268.8700,182.2400,1.799986
FILLER_63_559,VPWR,li1,267.4900,182.2400,1.799986
FILLER_63_556,VPWR,li1,266.5700,182.2400,1.799987
FILLER_63_553,VPWR,li1,265.1900,182.2400,1.799987
FILLER_63_550,VPWR,li1,263.8100,182.2400,1.799988
FILLER_63_545,VPWR,li1,261.2800,182.2400,1.799989
FILLER_63_542,VPWR,li1,260.1300,182.2400,1.799989
FILLER_63_511,VPWR,li1,245.6400,182.2400,1.799992
FILLER_63_508,VPWR,li1,244.4900,182.2400,1.799992
FILLER_63_505,VPWR,li1,243.1100,182.2400,1.799992
FILLER_63_503,VPWR,li1,241.7300,182.2400,1.799992
FILLER_63_481,VPWR,li1,231.6100,182.2400,1.799993
FILLER_63_478,VPWR,li1,230.6900,182.2400,1.799994
FILLER_63_475,VPWR,li1,229.3100,182.2400,1.799994
FILLER_63_452,VPWR,li1,218.5000,182.2400,1.799995
FILLER_63_449,VPWR,li1,217.3500,182.2400,1.799994
FILLER_63_439,VPWR,li1,212.2900,182.2400,1.799994
FILLER_63_436,VPWR,li1,211.3700,182.2400,1.799994
FILLER_63_433,VPWR,li1,209.9900,182.2400,1.799994
FILLER_63_399,VPWR,li1,193.8900,182.2400,1.799997
FILLER_63_396,VPWR,li1,192.9700,182.2400,1.799997
FILLER_63_393,VPWR,li1,191.5900,182.2400,1.799997
FILLER_63_391,VPWR,li1,190.2100,182.2400,1.799996
FILLER_63_379,VPWR,li1,185.1500,182.2400,1.799996
FILLER_63_353,VPWR,li1,172.9600,182.2400,1.799997
FILLER_63_350,VPWR,li1,171.8100,182.2400,1.799997
FILLER_63_340,VPWR,li1,166.7500,182.2400,1.799998
FILLER_63_337,VPWR,li1,165.8300,182.2400,1.799998
FILLER_63_335,VPWR,li1,164.4500,182.2400,1.799998
FILLER_63_332,VPWR,li1,163.5300,182.2400,1.799998
FILLER_63_329,VPWR,li1,162.1500,182.2400,1.799998
FILLER_63_320,VPWR,li1,157.7800,182.2400,1.799998
FILLER_63_317,VPWR,li1,156.6300,182.2400,1.799998
FILLER_63_314,VPWR,li1,155.2500,182.2400,1.799998
FILLER_63_301,VPWR,li1,148.8100,182.2400,1.799997
FILLER_63_298,VPWR,li1,147.8900,182.2400,1.799997
FILLER_63_295,VPWR,li1,146.5100,182.2400,1.799997
FILLER_63_277,VPWR,li1,138.2300,182.2400,1.799997
FILLER_63_274,VPWR,li1,136.8500,182.2400,1.799997
FILLER_63_271,VPWR,li1,135.4700,182.2400,1.799997
FILLER_63_263,VPWR,li1,131.3300,182.2400,1.799996
FILLER_63_260,VPWR,li1,130.4100,182.2400,1.799996
FILLER_63_237,VPWR,li1,119.6000,182.2400,1.799995
FILLER_63_234,VPWR,li1,118.4500,182.2400,1.799996
FILLER_63_231,VPWR,li1,117.0700,182.2400,1.799996
FILLER_63_213,VPWR,li1,108.7900,182.2400,1.799996
FILLER_63_210,VPWR,li1,107.4100,182.2400,1.799996
FILLER_63_207,VPWR,li1,106.0300,182.2400,1.799996
FILLER_63_204,VPWR,li1,104.6500,182.2400,1.799996
FILLER_63_194,VPWR,li1,99.8200,182.2400,1.799994
FILLER_63_191,VPWR,li1,98.6700,182.2400,1.799994
FILLER_63_188,VPWR,li1,97.2900,182.2400,1.799993
FILLER_63_172,VPWR,li1,89.9300,182.2400,1.799990
FILLER_63_169,VPWR,li1,88.5500,182.2400,1.799990
FILLER_63_166,VPWR,li1,86.9400,182.2400,1.799990
FILLER_63_163,VPWR,li1,85.7900,182.2400,1.799989
FILLER_63_148,VPWR,li1,78.8900,182.2400,1.799986
FILLER_63_111,VPWR,li1,61.4100,182.2400,1.799980
FILLER_63_75,VPWR,li1,45.0800,182.2400,1.799992
FILLER_63_72,VPWR,li1,43.9300,182.2400,1.799993
FILLER_63_69,VPWR,li1,42.5500,182.2400,1.799993
FILLER_63_60,VPWR,li1,37.9500,182.2400,1.799993
FILLER_63_57,VPWR,li1,37.0300,182.2400,1.799993
FILLER_63_45,VPWR,li1,31.5100,182.2400,1.799993
FILLER_63_35,VPWR,li1,26.6800,182.2400,1.799994
FILLER_63_32,VPWR,li1,25.5300,182.2400,1.799995
FILLER_63_29,VPWR,li1,24.1500,182.2400,1.799995
FILLER_63_26,VPWR,li1,22.7700,182.2400,1.799995
FILLER_63_23,VPWR,li1,21.3900,182.2400,1.799996
FILLER_63_20,VPWR,li1,20.0100,182.2400,1.799996
FILLER_63_11,VPWR,li1,15.4100,182.2400,1.799997
FILLER_62_645,VPWR,li1,307.5100,182.2400,1.799982
FILLER_62_642,VPWR,li1,305.9000,182.2400,1.799982
FILLER_62_639,VPWR,li1,304.7500,182.2400,1.799982
FILLER_62_636,VPWR,li1,303.3700,182.2400,1.799982
FILLER_62_633,VPWR,li1,301.9900,182.2400,1.799982
FILLER_62_630,VPWR,li1,300.6100,182.2400,1.799982
FILLER_62_627,VPWR,li1,299.2300,182.2400,1.799982
FILLER_62_624,VPWR,li1,297.8500,182.2400,1.799982
FILLER_62_621,VPWR,li1,296.4700,182.2400,1.799982
FILLER_62_618,VPWR,li1,295.0900,182.2400,1.799982
FILLER_62_615,VPWR,li1,293.7100,182.2400,1.799982
FILLER_62_592,VPWR,li1,282.9000,182.2400,1.799983
FILLER_62_587,VPWR,li1,280.3700,182.2400,1.799983
FILLER_62_577,VPWR,li1,275.7700,182.2400,1.799984
FILLER_62_574,VPWR,li1,274.8500,182.2400,1.799984
FILLER_62_571,VPWR,li1,273.4700,182.2400,1.799984
FILLER_62_557,VPWR,li1,266.8000,182.2400,1.799987
FILLER_62_554,VPWR,li1,265.6500,182.2400,1.799987
FILLER_62_531,VPWR,li1,254.6100,182.2400,1.799993
FILLER_62_528,VPWR,li1,253.6900,182.2400,1.799993
FILLER_62_518,VPWR,li1,248.6300,182.2400,1.799992
FILLER_62_498,VPWR,li1,239.8900,182.2400,1.799992
FILLER_62_495,VPWR,li1,238.5100,182.2400,1.799992
FILLER_62_489,VPWR,li1,235.7500,182.2400,1.799993
FILLER_62_486,VPWR,li1,234.3700,182.2400,1.799993
FILLER_62_483,VPWR,li1,232.9900,182.2400,1.799993
FILLER_62_480,VPWR,li1,231.6100,182.2400,1.799993
FILLER_62_477,VPWR,li1,230.2300,182.2400,1.799994
FILLER_62_466,VPWR,li1,224.9400,182.2400,1.799995
FILLER_62_457,VPWR,li1,220.5700,182.2400,1.799995
FILLER_62_454,VPWR,li1,219.6500,182.2400,1.799995
FILLER_62_451,VPWR,li1,218.2700,182.2400,1.799995
FILLER_62_402,VPWR,li1,195.2700,182.2400,1.799996
FILLER_62_385,VPWR,li1,187.4500,182.2400,1.799996
FILLER_62_382,VPWR,li1,186.5300,182.2400,1.799996
FILLER_62_379,VPWR,li1,185.1500,182.2400,1.799996
FILLER_62_376,VPWR,li1,183.7700,182.2400,1.799996
FILLER_62_361,VPWR,li1,176.8700,182.2400,1.799996
FILLER_62_353,VPWR,li1,172.7300,182.2400,1.799997
FILLER_62_350,VPWR,li1,171.8100,182.2400,1.799997
FILLER_62_347,VPWR,li1,170.4300,182.2400,1.799997
FILLER_62_344,VPWR,li1,169.0500,182.2400,1.799997
FILLER_62_341,VPWR,li1,167.6700,182.2400,1.799998
FILLER_62_338,VPWR,li1,166.2900,182.2400,1.799998
FILLER_62_335,VPWR,li1,164.9100,182.2400,1.799998
FILLER_62_320,VPWR,li1,158.0100,182.2400,1.799998
FILLER_62_317,VPWR,li1,156.6300,182.2400,1.799998
FILLER_62_314,VPWR,li1,155.2500,182.2400,1.799998
FILLER_62_306,VPWR,li1,151.3400,182.2400,1.799997
FILLER_62_297,VPWR,li1,146.9700,182.2400,1.799997
FILLER_62_294,VPWR,li1,146.0500,182.2400,1.799997
FILLER_62_286,VPWR,li1,141.9100,182.2400,1.799997
FILLER_62_264,VPWR,li1,131.7900,182.2400,1.799996
FILLER_62_261,VPWR,li1,130.8700,182.2400,1.799996
FILLER_62_250,VPWR,li1,125.5800,182.2400,1.799996
FILLER_62_239,VPWR,li1,120.7500,182.2400,1.799995
FILLER_62_236,VPWR,li1,119.3700,182.2400,1.799995
FILLER_62_233,VPWR,li1,117.9900,182.2400,1.799996
FILLER_62_230,VPWR,li1,116.6100,182.2400,1.799996
FILLER_62_227,VPWR,li1,115.2300,182.2400,1.799996
FILLER_62_224,VPWR,li1,113.8500,182.2400,1.799996
FILLER_62_212,VPWR,li1,108.1000,182.2400,1.799996
FILLER_62_209,VPWR,li1,106.9500,182.2400,1.799996
FILLER_62_206,VPWR,li1,105.5700,182.2400,1.799996
FILLER_62_197,VPWR,li1,100.9700,182.2400,1.799995
FILLER_62_193,VPWR,li1,99.5900,182.2400,1.799994
FILLER_62_190,VPWR,li1,98.2100,182.2400,1.799993
FILLER_62_187,VPWR,li1,96.8300,182.2400,1.799993
FILLER_62_181,VPWR,li1,93.6100,182.2400,1.799992
FILLER_62_173,VPWR,li1,90.3900,182.2400,1.799990
FILLER_62_170,VPWR,li1,89.0100,182.2400,1.799990
FILLER_62_167,VPWR,li1,87.6300,182.2400,1.799990
FILLER_62_157,VPWR,li1,82.8000,182.2400,1.799987
FILLER_62_151,VPWR,li1,79.8100,182.2400,1.799986
FILLER_62_144,VPWR,li1,76.8200,182.2400,1.799986
FILLER_62_141,VPWR,li1,75.6700,182.2400,1.799985
FILLER_62_138,VPWR,li1,74.0600,182.2400,1.799981
FILLER_62_135,VPWR,li1,72.9100,182.2400,1.799981
FILLER_62_116,VPWR,li1,63.9400,182.2400,1.799978
FILLER_62_113,VPWR,li1,62.7900,182.2400,1.799979
FILLER_62_110,VPWR,li1,61.4100,182.2400,1.799980
FILLER_62_107,VPWR,li1,60.0300,182.2400,1.799980
FILLER_62_104,VPWR,li1,58.6500,182.2400,1.799981
FILLER_62_101,VPWR,li1,57.2700,182.2400,1.799981
FILLER_62_85,VPWR,li1,49.4500,182.2400,1.799988
FILLER_62_82,VPWR,li1,48.3000,182.2400,1.799990
FILLER_62_79,VPWR,li1,47.1500,182.2400,1.799990
FILLER_62_76,VPWR,li1,45.7700,182.2400,1.799992
FILLER_62_73,VPWR,li1,44.3900,182.2400,1.799992
FILLER_62_70,VPWR,li1,43.0100,182.2400,1.799993
FILLER_62_67,VPWR,li1,41.6300,182.2400,1.799993
FILLER_62_54,VPWR,li1,35.6500,182.2400,1.799993
FILLER_62_25,VPWR,li1,22.3100,182.2400,1.799995
FILLER_62_6,VPWR,li1,13.5700,182.2400,1.799997
FILLER_62_3,VPWR,li1,12.1900,182.2400,1.799997
FILLER_61_647,VPWR,li1,307.9700,176.8000,1.799998
FILLER_61_644,VPWR,li1,307.0500,176.8000,1.799998
FILLER_61_641,VPWR,li1,305.6700,176.8000,1.799998
FILLER_61_638,VPWR,li1,304.2900,176.8000,1.799998
FILLER_61_635,VPWR,li1,302.9100,176.8000,1.799998
FILLER_61_632,VPWR,li1,301.5300,176.8000,1.799998
FILLER_61_629,VPWR,li1,300.1500,176.8000,1.799998
FILLER_61_626,VPWR,li1,298.7700,176.8000,1.799998
FILLER_61_623,VPWR,li1,297.3900,176.8000,1.799998
FILLER_61_620,VPWR,li1,296.0100,176.8000,1.799998
FILLER_61_617,VPWR,li1,294.6300,176.8000,1.799998
FILLER_61_615,VPWR,li1,293.2500,176.8000,1.799998
FILLER_61_612,VPWR,li1,292.3300,176.8000,1.799998
FILLER_61_609,VPWR,li1,290.9500,176.8000,1.799998
FILLER_61_606,VPWR,li1,289.5700,176.8000,1.799998
FILLER_61_602,VPWR,li1,287.2700,176.8000,1.799998
FILLER_61_599,VPWR,li1,286.3500,176.8000,1.799998
FILLER_61_596,VPWR,li1,284.9700,176.8000,1.799998
FILLER_61_572,VPWR,li1,273.9300,176.8000,1.799997
FILLER_61_569,VPWR,li1,272.5500,176.8000,1.799997
FILLER_61_559,VPWR,li1,267.4900,176.8000,1.799998
FILLER_61_556,VPWR,li1,266.5700,176.8000,1.799998
FILLER_61_538,VPWR,li1,258.0600,176.8000,1.799998
FILLER_61_535,VPWR,li1,256.9100,176.8000,1.799998
FILLER_61_532,VPWR,li1,255.5300,176.8000,1.799998
FILLER_61_523,VPWR,li1,251.3900,176.8000,1.799998
FILLER_61_520,VPWR,li1,250.0100,176.8000,1.799998
FILLER_61_517,VPWR,li1,248.6300,176.8000,1.799997
FILLER_61_514,VPWR,li1,247.2500,176.8000,1.799997
FILLER_61_511,VPWR,li1,245.8700,176.8000,1.799997
FILLER_61_508,VPWR,li1,244.4900,176.8000,1.799997
FILLER_61_505,VPWR,li1,243.1100,176.8000,1.799997
FILLER_61_502,VPWR,li1,241.5000,176.8000,1.799997
FILLER_61_478,VPWR,li1,230.6900,176.8000,1.799997
FILLER_61_447,VPWR,li1,215.9700,176.8000,1.799997
FILLER_61_444,VPWR,li1,215.0500,176.8000,1.799997
FILLER_61_438,VPWR,li1,212.2900,176.8000,1.799997
FILLER_61_435,VPWR,li1,210.9100,176.8000,1.799997
FILLER_61_427,VPWR,li1,207.2300,176.8000,1.799997
FILLER_61_424,VPWR,li1,205.8500,176.8000,1.799997
FILLER_61_421,VPWR,li1,204.4700,176.8000,1.799997
FILLER_61_418,VPWR,li1,203.0900,176.8000,1.799997
FILLER_61_415,VPWR,li1,201.7100,176.8000,1.799997
FILLER_61_411,VPWR,li1,199.4100,176.8000,1.799998
FILLER_61_408,VPWR,li1,198.4900,176.8000,1.799998
FILLER_61_405,VPWR,li1,197.1100,176.8000,1.799998
FILLER_61_402,VPWR,li1,195.7300,176.8000,1.799998
FILLER_61_399,VPWR,li1,194.3500,176.8000,1.799998
FILLER_61_396,VPWR,li1,192.9700,176.8000,1.799997
FILLER_61_393,VPWR,li1,191.5900,176.8000,1.799997
FILLER_61_391,VPWR,li1,190.2100,176.8000,1.799997
FILLER_61_388,VPWR,li1,189.2900,176.8000,1.799996
FILLER_61_385,VPWR,li1,187.9100,176.8000,1.799996
FILLER_61_382,VPWR,li1,186.5300,176.8000,1.799996
FILLER_61_373,VPWR,li1,181.9300,176.8000,1.799995
FILLER_61_370,VPWR,li1,181.0100,176.8000,1.799995
FILLER_61_367,VPWR,li1,179.6300,176.8000,1.799995
FILLER_61_364,VPWR,li1,178.2500,176.8000,1.799995
FILLER_61_355,VPWR,li1,173.6500,176.8000,1.799995
FILLER_61_352,VPWR,li1,172.7300,176.8000,1.799995
FILLER_61_334,VPWR,li1,164.2200,176.8000,1.799997
FILLER_61_331,VPWR,li1,163.0700,176.8000,1.799997
FILLER_61_328,VPWR,li1,161.6900,176.8000,1.799997
FILLER_61_325,VPWR,li1,160.3100,176.8000,1.799997
FILLER_61_322,VPWR,li1,158.9300,176.8000,1.799997
FILLER_61_319,VPWR,li1,157.5500,176.8000,1.799997
FILLER_61_316,VPWR,li1,156.1700,176.8000,1.799997
FILLER_61_313,VPWR,li1,154.7900,176.8000,1.799997
FILLER_61_310,VPWR,li1,153.4100,176.8000,1.799997
FILLER_61_307,VPWR,li1,152.0300,176.8000,1.799997
FILLER_61_304,VPWR,li1,150.6500,176.8000,1.799996
FILLER_61_281,VPWR,li1,139.8400,176.8000,1.799997
FILLER_61_279,VPWR,li1,138.6900,176.8000,1.799997
FILLER_61_273,VPWR,li1,136.3900,176.8000,1.799997
FILLER_61_270,VPWR,li1,135.0100,176.8000,1.799998
FILLER_61_259,VPWR,li1,129.9500,176.8000,1.799997
FILLER_61_256,VPWR,li1,128.5700,176.8000,1.799997
FILLER_61_253,VPWR,li1,127.1900,176.8000,1.799997
FILLER_61_239,VPWR,li1,120.7500,176.8000,1.799996
FILLER_61_234,VPWR,li1,118.2200,176.8000,1.799997
FILLER_61_231,VPWR,li1,117.0700,176.8000,1.799997
FILLER_61_228,VPWR,li1,115.6900,176.8000,1.799997
FILLER_61_225,VPWR,li1,114.3100,176.8000,1.799997
FILLER_61_223,VPWR,li1,112.9300,176.8000,1.799997
FILLER_61_220,VPWR,li1,112.0100,176.8000,1.799997
FILLER_61_214,VPWR,li1,108.7900,176.8000,1.799998
FILLER_61_211,VPWR,li1,107.8700,176.8000,1.799998
FILLER_61_208,VPWR,li1,106.4900,176.8000,1.799998
FILLER_61_205,VPWR,li1,105.1100,176.8000,1.799998
FILLER_61_200,VPWR,li1,102.3500,176.8000,1.799998
FILLER_61_197,VPWR,li1,101.4300,176.8000,1.799998
FILLER_61_194,VPWR,li1,100.0500,176.8000,1.799998
FILLER_61_191,VPWR,li1,98.6700,176.8000,1.799998
FILLER_61_188,VPWR,li1,97.2900,176.8000,1.799997
FILLER_61_185,VPWR,li1,95.9100,176.8000,1.799997
FILLER_61_178,VPWR,li1,92.4600,176.8000,1.799997
FILLER_61_175,VPWR,li1,91.3100,176.8000,1.799997
FILLER_61_172,VPWR,li1,89.9300,176.8000,1.799997
FILLER_61_169,VPWR,li1,88.5500,176.8000,1.799997
FILLER_61_167,VPWR,li1,87.1700,176.8000,1.799997
FILLER_61_164,VPWR,li1,86.2500,176.8000,1.799997
FILLER_61_161,VPWR,li1,84.8700,176.8000,1.799996
FILLER_61_158,VPWR,li1,83.4900,176.8000,1.799996
FILLER_61_155,VPWR,li1,82.1100,176.8000,1.799996
FILLER_61_124,VPWR,li1,67.6200,176.8000,1.799992
FILLER_61_121,VPWR,li1,66.4700,176.8000,1.799992
FILLER_61_109,VPWR,li1,60.9500,176.8000,1.799990
FILLER_61_106,VPWR,li1,59.5700,176.8000,1.799990
FILLER_61_96,VPWR,li1,54.7400,176.8000,1.799989
FILLER_61_93,VPWR,li1,53.5900,176.8000,1.799989
FILLER_61_82,VPWR,li1,48.5300,176.8000,1.799990
FILLER_61_79,VPWR,li1,47.1500,176.8000,1.799990
FILLER_61_69,VPWR,li1,42.0900,176.8000,1.799986
FILLER_61_66,VPWR,li1,41.1700,176.8000,1.799986
FILLER_61_63,VPWR,li1,39.7900,176.8000,1.799983
FILLER_61_60,VPWR,li1,38.4100,176.8000,1.799983
FILLER_61_57,VPWR,li1,37.0300,176.8000,1.799980
FILLER_61_37,VPWR,li1,27.8300,176.8000,1.799976
FILLER_61_34,VPWR,li1,26.4500,176.8000,1.799978
FILLER_61_6,VPWR,li1,13.3400,176.8000,1.799988
FILLER_61_3,VPWR,li1,12.1900,176.8000,1.799988
FILLER_60_645,VPWR,li1,307.5100,176.8000,1.799998
FILLER_60_642,VPWR,li1,305.9000,176.8000,1.799998
FILLER_60_639,VPWR,li1,304.7500,176.8000,1.799998
FILLER_60_636,VPWR,li1,303.3700,176.8000,1.799998
FILLER_60_633,VPWR,li1,301.9900,176.8000,1.799998
FILLER_60_630,VPWR,li1,300.6100,176.8000,1.799998
FILLER_60_627,VPWR,li1,299.2300,176.8000,1.799998
FILLER_60_624,VPWR,li1,297.8500,176.8000,1.799998
FILLER_60_621,VPWR,li1,296.4700,176.8000,1.799998
FILLER_60_618,VPWR,li1,295.0900,176.8000,1.799998
FILLER_60_615,VPWR,li1,293.7100,176.8000,1.799998
FILLER_60_612,VPWR,li1,292.3300,176.8000,1.799998
FILLER_60_609,VPWR,li1,290.9500,176.8000,1.799998
FILLER_60_606,VPWR,li1,289.5700,176.8000,1.799998
FILLER_60_603,VPWR,li1,288.1900,176.8000,1.799998
FILLER_60_595,VPWR,li1,284.2800,176.8000,1.799998
FILLER_60_592,VPWR,li1,283.1300,176.8000,1.799998
FILLER_60_589,VPWR,li1,281.7500,176.8000,1.799997
FILLER_60_586,VPWR,li1,280.1400,176.8000,1.799997
FILLER_60_558,VPWR,li1,267.4900,176.8000,1.799998
FILLER_60_555,VPWR,li1,266.1100,176.8000,1.799998
FILLER_60_552,VPWR,li1,264.7300,176.8000,1.799998
FILLER_60_549,VPWR,li1,263.3500,176.8000,1.799998
FILLER_60_539,VPWR,li1,258.5200,176.8000,1.799998
FILLER_60_536,VPWR,li1,257.3700,176.8000,1.799998
FILLER_60_533,VPWR,li1,255.9900,176.8000,1.799998
FILLER_60_527,VPWR,li1,253.0000,176.8000,1.799998
FILLER_60_512,VPWR,li1,245.8700,176.8000,1.799997
FILLER_60_509,VPWR,li1,244.9500,176.8000,1.799997
FILLER_60_506,VPWR,li1,243.5700,176.8000,1.799997
FILLER_60_503,VPWR,li1,242.1900,176.8000,1.799997
FILLER_60_500,VPWR,li1,240.8100,176.8000,1.799997
FILLER_60_488,VPWR,li1,234.8300,176.8000,1.799996
FILLER_60_477,VPWR,li1,230.0000,176.8000,1.799997
FILLER_60_473,VPWR,li1,228.3900,176.8000,1.799997
FILLER_60_468,VPWR,li1,225.8600,176.8000,1.799997
FILLER_60_465,VPWR,li1,224.7100,176.8000,1.799997
FILLER_60_455,VPWR,li1,219.6500,176.8000,1.799997
FILLER_60_452,VPWR,li1,218.7300,176.8000,1.799997
FILLER_60_449,VPWR,li1,217.3500,176.8000,1.799997
FILLER_60_446,VPWR,li1,215.9700,176.8000,1.799997
FILLER_60_440,VPWR,li1,213.2100,176.8000,1.799997
FILLER_60_437,VPWR,li1,211.8300,176.8000,1.799997
FILLER_60_434,VPWR,li1,210.4500,176.8000,1.799997
FILLER_60_427,VPWR,li1,206.7700,176.8000,1.799997
FILLER_60_424,VPWR,li1,205.8500,176.8000,1.799997
FILLER_60_421,VPWR,li1,204.4700,176.8000,1.799997
FILLER_60_419,VPWR,li1,203.0900,176.8000,1.799997
FILLER_60_416,VPWR,li1,202.1700,176.8000,1.799997
FILLER_60_413,VPWR,li1,200.7900,176.8000,1.799997
FILLER_60_410,VPWR,li1,199.4100,176.8000,1.799998
FILLER_60_407,VPWR,li1,198.0300,176.8000,1.799998
FILLER_60_404,VPWR,li1,196.6500,176.8000,1.799998
FILLER_60_401,VPWR,li1,195.2700,176.8000,1.799998
FILLER_60_398,VPWR,li1,193.8900,176.8000,1.799997
FILLER_60_395,VPWR,li1,192.5100,176.8000,1.799997
FILLER_60_392,VPWR,li1,191.1300,176.8000,1.799997
FILLER_60_389,VPWR,li1,189.7500,176.8000,1.799996
FILLER_60_386,VPWR,li1,188.3700,176.8000,1.799996
FILLER_60_341,VPWR,li1,167.4400,176.8000,1.799997
FILLER_60_338,VPWR,li1,166.2900,176.8000,1.799997
FILLER_60_335,VPWR,li1,164.9100,176.8000,1.799997
FILLER_60_332,VPWR,li1,163.5300,176.8000,1.799997
FILLER_60_329,VPWR,li1,162.1500,176.8000,1.799997
FILLER_60_320,VPWR,li1,157.7800,176.8000,1.799997
FILLER_60_317,VPWR,li1,156.6300,176.8000,1.799997
FILLER_60_298,VPWR,li1,147.4300,176.8000,1.799996
FILLER_60_295,VPWR,li1,146.5100,176.8000,1.799996
FILLER_60_286,VPWR,li1,142.1400,176.8000,1.799997
FILLER_60_283,VPWR,li1,140.9900,176.8000,1.799997
FILLER_60_280,VPWR,li1,139.6100,176.8000,1.799997
FILLER_60_277,VPWR,li1,138.2300,176.8000,1.799997
FILLER_60_274,VPWR,li1,136.8500,176.8000,1.799997
FILLER_60_271,VPWR,li1,135.4700,176.8000,1.799998
FILLER_60_268,VPWR,li1,134.0900,176.8000,1.799998
FILLER_60_265,VPWR,li1,132.7100,176.8000,1.799997
FILLER_60_262,VPWR,li1,131.3300,176.8000,1.799997
FILLER_60_259,VPWR,li1,129.9500,176.8000,1.799997
FILLER_60_256,VPWR,li1,128.5700,176.8000,1.799997
FILLER_60_228,VPWR,li1,115.6900,176.8000,1.799997
FILLER_60_225,VPWR,li1,114.3100,176.8000,1.799997
FILLER_60_222,VPWR,li1,112.9300,176.8000,1.799997
FILLER_60_219,VPWR,li1,111.5500,176.8000,1.799998
FILLER_60_216,VPWR,li1,110.1700,176.8000,1.799998
FILLER_60_213,VPWR,li1,108.7900,176.8000,1.799998
FILLER_60_210,VPWR,li1,107.4100,176.8000,1.799998
FILLER_60_194,VPWR,li1,99.8200,176.8000,1.799998
FILLER_60_173,VPWR,li1,90.3900,176.8000,1.799997
FILLER_60_165,VPWR,li1,86.2500,176.8000,1.799997
FILLER_60_155,VPWR,li1,81.8800,176.8000,1.799996
FILLER_60_152,VPWR,li1,80.7300,176.8000,1.799996
FILLER_60_149,VPWR,li1,79.3500,176.8000,1.799996
FILLER_60_141,VPWR,li1,75.6700,176.8000,1.799996
FILLER_60_139,VPWR,li1,74.2900,176.8000,1.799996
FILLER_60_129,VPWR,li1,69.6900,176.8000,1.799993
FILLER_60_110,VPWR,li1,61.1800,176.8000,1.799990
FILLER_60_107,VPWR,li1,60.0300,176.8000,1.799990
FILLER_60_88,VPWR,li1,51.0600,176.8000,1.799989
FILLER_60_85,VPWR,li1,49.9100,176.8000,1.799990
FILLER_60_82,VPWR,li1,48.3000,176.8000,1.799990
FILLER_60_79,VPWR,li1,47.1500,176.8000,1.799990
FILLER_60_76,VPWR,li1,45.7700,176.8000,1.799990
FILLER_60_63,VPWR,li1,39.3300,176.8000,1.799983
FILLER_60_60,VPWR,li1,38.4100,176.8000,1.799983
FILLER_60_57,VPWR,li1,37.0300,176.8000,1.799980
FILLER_60_54,VPWR,li1,35.6500,176.8000,1.799978
FILLER_60_32,VPWR,li1,25.3000,176.8000,1.799978
FILLER_60_29,VPWR,li1,24.1500,176.8000,1.799980
FILLER_59_647,VPWR,li1,307.9700,171.3600,1.799994
FILLER_59_644,VPWR,li1,307.0500,171.3600,1.799994
FILLER_59_641,VPWR,li1,305.6700,171.3600,1.799994
FILLER_59_638,VPWR,li1,304.2900,171.3600,1.799994
FILLER_59_635,VPWR,li1,302.9100,171.3600,1.799994
FILLER_59_632,VPWR,li1,301.5300,171.3600,1.799994
FILLER_59_629,VPWR,li1,300.1500,171.3600,1.799994
FILLER_59_626,VPWR,li1,298.7700,171.3600,1.799994
FILLER_59_623,VPWR,li1,297.3900,171.3600,1.799994
FILLER_59_620,VPWR,li1,296.0100,171.3600,1.799994
FILLER_59_617,VPWR,li1,294.6300,171.3600,1.799994
FILLER_59_615,VPWR,li1,293.2500,171.3600,1.799994
FILLER_59_612,VPWR,li1,292.3300,171.3600,1.799994
FILLER_59_609,VPWR,li1,290.9500,171.3600,1.799994
FILLER_59_606,VPWR,li1,289.5700,171.3600,1.799994
FILLER_59_603,VPWR,li1,288.1900,171.3600,1.799994
FILLER_59_550,VPWR,li1,263.5800,171.3600,1.799993
FILLER_59_547,VPWR,li1,262.4300,171.3600,1.799993
FILLER_59_516,VPWR,li1,247.9400,171.3600,1.799994
FILLER_59_513,VPWR,li1,246.7900,171.3600,1.799994
FILLER_59_502,VPWR,li1,241.5000,171.3600,1.799995
FILLER_59_499,VPWR,li1,240.3500,171.3600,1.799995
FILLER_59_473,VPWR,li1,227.9300,171.3600,1.799997
FILLER_59_470,VPWR,li1,227.0100,171.3600,1.799997
FILLER_59_461,VPWR,li1,222.4100,171.3600,1.799996
FILLER_59_458,VPWR,li1,221.4900,171.3600,1.799996
FILLER_59_455,VPWR,li1,220.1100,171.3600,1.799995
FILLER_59_452,VPWR,li1,218.7300,171.3600,1.799995
FILLER_59_449,VPWR,li1,217.3500,171.3600,1.799994
FILLER_59_422,VPWR,li1,204.7000,171.3600,1.799995
FILLER_59_389,VPWR,li1,189.7500,171.3600,1.799997
FILLER_59_386,VPWR,li1,188.3700,171.3600,1.799997
FILLER_59_376,VPWR,li1,183.5400,171.3600,1.799997
FILLER_59_365,VPWR,li1,178.4800,171.3600,1.799997
FILLER_59_362,VPWR,li1,177.3300,171.3600,1.799997
FILLER_59_359,VPWR,li1,175.9500,171.3600,1.799997
FILLER_59_356,VPWR,li1,174.5700,171.3600,1.799997
FILLER_59_351,VPWR,li1,172.0400,171.3600,1.799997
FILLER_59_348,VPWR,li1,170.8900,171.3600,1.799998
FILLER_59_345,VPWR,li1,169.5100,171.3600,1.799998
FILLER_59_334,VPWR,li1,164.2200,171.3600,1.799997
FILLER_59_330,VPWR,li1,162.1500,171.3600,1.799997
FILLER_59_327,VPWR,li1,161.2300,171.3600,1.799997
FILLER_59_324,VPWR,li1,159.8500,171.3600,1.799997
FILLER_59_321,VPWR,li1,158.4700,171.3600,1.799997
FILLER_59_312,VPWR,li1,154.3300,171.3600,1.799997
FILLER_59_309,VPWR,li1,152.9500,171.3600,1.799997
FILLER_59_306,VPWR,li1,151.5700,171.3600,1.799997
FILLER_59_303,VPWR,li1,150.1900,171.3600,1.799997
FILLER_59_300,VPWR,li1,148.8100,171.3600,1.799997
FILLER_59_297,VPWR,li1,147.4300,171.3600,1.799997
FILLER_59_294,VPWR,li1,146.0500,171.3600,1.799997
FILLER_59_279,VPWR,li1,138.6900,171.3600,1.799997
FILLER_59_276,VPWR,li1,137.7700,171.3600,1.799997
FILLER_59_272,VPWR,li1,135.4700,171.3600,1.799997
FILLER_59_269,VPWR,li1,134.5500,171.3600,1.799997
FILLER_59_266,VPWR,li1,133.1700,171.3600,1.799997
FILLER_59_263,VPWR,li1,131.7900,171.3600,1.799997
FILLER_59_259,VPWR,li1,129.4900,171.3600,1.799997
FILLER_59_249,VPWR,li1,125.1200,171.3600,1.799997
FILLER_59_246,VPWR,li1,123.9700,171.3600,1.799997
FILLER_59_221,VPWR,li1,112.4700,171.3600,1.799997
FILLER_59_218,VPWR,li1,111.0900,171.3600,1.799997
FILLER_59_210,VPWR,li1,106.9500,171.3600,1.799998
FILLER_59_207,VPWR,li1,106.0300,171.3600,1.799998
FILLER_59_197,VPWR,li1,101.4300,171.3600,1.799998
FILLER_59_194,VPWR,li1,100.0500,171.3600,1.799998
FILLER_59_191,VPWR,li1,98.6700,171.3600,1.799998
FILLER_59_188,VPWR,li1,97.2900,171.3600,1.799998
FILLER_59_178,VPWR,li1,92.6900,171.3600,1.799998
FILLER_59_175,VPWR,li1,91.3100,171.3600,1.799998
FILLER_59_172,VPWR,li1,89.9300,171.3600,1.799998
FILLER_59_169,VPWR,li1,88.5500,171.3600,1.799998
FILLER_59_159,VPWR,li1,83.7200,171.3600,1.799997
FILLER_59_156,VPWR,li1,82.5700,171.3600,1.799997
FILLER_59_153,VPWR,li1,81.1900,171.3600,1.799997
FILLER_59_150,VPWR,li1,79.8100,171.3600,1.799997
FILLER_59_142,VPWR,li1,75.6700,171.3600,1.799997
FILLER_59_139,VPWR,li1,74.7500,171.3600,1.799997
FILLER_59_129,VPWR,li1,69.9200,171.3600,1.799995
FILLER_59_103,VPWR,li1,57.7300,171.3600,1.799994
FILLER_59_93,VPWR,li1,53.3600,171.3600,1.799995
FILLER_59_74,VPWR,li1,44.6200,171.3600,1.799997
FILLER_59_71,VPWR,li1,43.4700,171.3600,1.799997
FILLER_59_68,VPWR,li1,42.0900,171.3600,1.799996
FILLER_59_65,VPWR,li1,40.7100,171.3600,1.799996
FILLER_59_57,VPWR,li1,36.5700,171.3600,1.799996
FILLER_59_55,VPWR,li1,35.6500,171.3600,1.799996
FILLER_59_52,VPWR,li1,34.7300,171.3600,1.799996
FILLER_59_49,VPWR,li1,33.3500,171.3600,1.799996
FILLER_59_31,VPWR,li1,24.6100,171.3600,1.799996
FILLER_59_28,VPWR,li1,23.6900,171.3600,1.799996
FILLER_59_11,VPWR,li1,15.4100,171.3600,1.799997
FILLER_58_645,VPWR,li1,307.5100,171.3600,1.799994
FILLER_58_643,VPWR,li1,306.1300,171.3600,1.799994
FILLER_58_640,VPWR,li1,305.2100,171.3600,1.799994
FILLER_58_637,VPWR,li1,303.8300,171.3600,1.799994
FILLER_58_634,VPWR,li1,302.4500,171.3600,1.799994
FILLER_58_631,VPWR,li1,301.0700,171.3600,1.799994
FILLER_58_628,VPWR,li1,299.6900,171.3600,1.799994
FILLER_58_625,VPWR,li1,298.3100,171.3600,1.799994
FILLER_58_622,VPWR,li1,296.9300,171.3600,1.799994
FILLER_58_619,VPWR,li1,295.5500,171.3600,1.799994
FILLER_58_616,VPWR,li1,294.1700,171.3600,1.799994
FILLER_58_593,VPWR,li1,283.3600,171.3600,1.799994
FILLER_58_589,VPWR,li1,281.2900,171.3600,1.799993
FILLER_58_578,VPWR,li1,276.2300,171.3600,1.799992
FILLER_58_575,VPWR,li1,275.3100,171.3600,1.799992
FILLER_58_533,VPWR,li1,255.7600,171.3600,1.799995
FILLER_58_512,VPWR,li1,246.3300,171.3600,1.799994
FILLER_58_502,VPWR,li1,241.5000,171.3600,1.799995
FILLER_58_483,VPWR,li1,232.5300,171.3600,1.799996
FILLER_58_480,VPWR,li1,231.6100,171.3600,1.799996
FILLER_58_477,VPWR,li1,230.2300,171.3600,1.799996
FILLER_58_474,VPWR,li1,228.6200,171.3600,1.799997
FILLER_58_471,VPWR,li1,227.4700,171.3600,1.799997
FILLER_58_468,VPWR,li1,226.0900,171.3600,1.799997
FILLER_58_465,VPWR,li1,224.7100,171.3600,1.799996
FILLER_58_462,VPWR,li1,223.3300,171.3600,1.799996
FILLER_58_440,VPWR,li1,212.7500,171.3600,1.799994
FILLER_58_437,VPWR,li1,211.8300,171.3600,1.799994
FILLER_58_428,VPWR,li1,207.2300,171.3600,1.799995
FILLER_58_417,VPWR,li1,202.6300,171.3600,1.799996
FILLER_58_414,VPWR,li1,201.2500,171.3600,1.799996
FILLER_58_403,VPWR,li1,195.9600,171.3600,1.799997
FILLER_58_400,VPWR,li1,194.8100,171.3600,1.799997
FILLER_58_394,VPWR,li1,192.0500,171.3600,1.799997
FILLER_58_391,VPWR,li1,190.6700,171.3600,1.799997
FILLER_58_388,VPWR,li1,189.2900,171.3600,1.799997
FILLER_58_385,VPWR,li1,187.9100,171.3600,1.799997
FILLER_58_382,VPWR,li1,186.5300,171.3600,1.799997
FILLER_58_379,VPWR,li1,185.1500,171.3600,1.799997
FILLER_58_374,VPWR,li1,182.6200,171.3600,1.799997
FILLER_58_371,VPWR,li1,181.4700,171.3600,1.799997
FILLER_58_368,VPWR,li1,180.0900,171.3600,1.799997
FILLER_58_365,VPWR,li1,178.7100,171.3600,1.799997
FILLER_58_361,VPWR,li1,176.8700,171.3600,1.799997
FILLER_58_358,VPWR,li1,175.4900,171.3600,1.799997
FILLER_58_355,VPWR,li1,174.1100,171.3600,1.799997
FILLER_58_352,VPWR,li1,172.7300,171.3600,1.799997
FILLER_58_348,VPWR,li1,170.4300,171.3600,1.799998
FILLER_58_345,VPWR,li1,169.5100,171.3600,1.799998
FILLER_58_342,VPWR,li1,168.1300,171.3600,1.799998
FILLER_58_318,VPWR,li1,157.0900,171.3600,1.799997
FILLER_58_315,VPWR,li1,155.7100,171.3600,1.799997
FILLER_58_312,VPWR,li1,154.3300,171.3600,1.799997
FILLER_58_309,VPWR,li1,152.9500,171.3600,1.799997
FILLER_58_305,VPWR,li1,151.1100,171.3600,1.799997
FILLER_58_302,VPWR,li1,149.7300,171.3600,1.799997
FILLER_58_292,VPWR,li1,145.1300,171.3600,1.799997
FILLER_58_289,VPWR,li1,143.7500,171.3600,1.799997
FILLER_58_286,VPWR,li1,142.3700,171.3600,1.799997
FILLER_58_262,VPWR,li1,131.3300,171.3600,1.799997
FILLER_58_259,VPWR,li1,129.9500,171.3600,1.799997
FILLER_58_256,VPWR,li1,128.5700,171.3600,1.799997
FILLER_58_253,VPWR,li1,127.1900,171.3600,1.799997
FILLER_58_250,VPWR,li1,125.5800,171.3600,1.799997
FILLER_58_247,VPWR,li1,124.4300,171.3600,1.799997
FILLER_58_244,VPWR,li1,123.0500,171.3600,1.799997
FILLER_58_233,VPWR,li1,117.9900,171.3600,1.799996
FILLER_58_230,VPWR,li1,116.6100,171.3600,1.799997
FILLER_58_227,VPWR,li1,115.2300,171.3600,1.799997
FILLER_58_224,VPWR,li1,113.8500,171.3600,1.799997
FILLER_58_209,VPWR,li1,106.4900,171.3600,1.799998
FILLER_58_206,VPWR,li1,105.5700,171.3600,1.799998
FILLER_58_203,VPWR,li1,104.1900,171.3600,1.799998
FILLER_58_200,VPWR,li1,102.8100,171.3600,1.799998
FILLER_58_197,VPWR,li1,101.4300,171.3600,1.799998
FILLER_58_193,VPWR,li1,99.5900,171.3600,1.799998
FILLER_58_190,VPWR,li1,98.2100,171.3600,1.799998
FILLER_58_187,VPWR,li1,96.8300,171.3600,1.799998
FILLER_58_184,VPWR,li1,95.4500,171.3600,1.799998
FILLER_58_181,VPWR,li1,94.0700,171.3600,1.799998
FILLER_58_178,VPWR,li1,92.6900,171.3600,1.799998
FILLER_58_175,VPWR,li1,91.3100,171.3600,1.799998
FILLER_58_172,VPWR,li1,89.9300,171.3600,1.799998
FILLER_58_169,VPWR,li1,88.5500,171.3600,1.799998
FILLER_58_159,VPWR,li1,83.9500,171.3600,1.799997
FILLER_58_156,VPWR,li1,82.5700,171.3600,1.799997
FILLER_58_153,VPWR,li1,81.1900,171.3600,1.799997
FILLER_58_150,VPWR,li1,79.8100,171.3600,1.799997
FILLER_58_147,VPWR,li1,78.4300,171.3600,1.799997
FILLER_58_144,VPWR,li1,77.0500,171.3600,1.799997
FILLER_58_141,VPWR,li1,75.6700,171.3600,1.799997
FILLER_58_121,VPWR,li1,66.2400,171.3600,1.799995
FILLER_58_102,VPWR,li1,57.5000,171.3600,1.799994
FILLER_58_99,VPWR,li1,56.3500,171.3600,1.799995
FILLER_58_96,VPWR,li1,54.9700,171.3600,1.799995
FILLER_58_93,VPWR,li1,53.5900,171.3600,1.799995
FILLER_58_83,VPWR,li1,48.5300,171.3600,1.799995
FILLER_58_80,VPWR,li1,47.6100,171.3600,1.799996
FILLER_58_77,VPWR,li1,46.2300,171.3600,1.799996
FILLER_58_74,VPWR,li1,44.8500,171.3600,1.799997
FILLER_58_71,VPWR,li1,43.4700,171.3600,1.799997
FILLER_58_68,VPWR,li1,42.0900,171.3600,1.799996
FILLER_58_65,VPWR,li1,40.7100,171.3600,1.799996
FILLER_58_62,VPWR,li1,39.3300,171.3600,1.799996
FILLER_58_59,VPWR,li1,37.9500,171.3600,1.799996
FILLER_58_56,VPWR,li1,36.5700,171.3600,1.799996
FILLER_58_45,VPWR,li1,31.2800,171.3600,1.799996
FILLER_58_42,VPWR,li1,30.1300,171.3600,1.799995
FILLER_58_39,VPWR,li1,28.7500,171.3600,1.799995
FILLER_58_29,VPWR,li1,23.6900,171.3600,1.799996
FILLER_57_647,VPWR,li1,307.9700,165.9200,1.799996
FILLER_57_644,VPWR,li1,307.0500,165.9200,1.799996
FILLER_57_641,VPWR,li1,305.6700,165.9200,1.799996
FILLER_57_638,VPWR,li1,304.2900,165.9200,1.799996
FILLER_57_635,VPWR,li1,302.9100,165.9200,1.799996
FILLER_57_632,VPWR,li1,301.5300,165.9200,1.799996
FILLER_57_629,VPWR,li1,300.1500,165.9200,1.799996
FILLER_57_626,VPWR,li1,298.7700,165.9200,1.799996
FILLER_57_623,VPWR,li1,297.3900,165.9200,1.799996
FILLER_57_620,VPWR,li1,296.0100,165.9200,1.799996
FILLER_57_617,VPWR,li1,294.6300,165.9200,1.799996
FILLER_57_615,VPWR,li1,293.2500,165.9200,1.799996
FILLER_57_612,VPWR,li1,292.3300,165.9200,1.799996
FILLER_57_609,VPWR,li1,290.9500,165.9200,1.799996
FILLER_57_595,VPWR,li1,284.5100,165.9200,1.799996
FILLER_57_592,VPWR,li1,283.1300,165.9200,1.799996
FILLER_57_589,VPWR,li1,281.7500,165.9200,1.799996
FILLER_57_583,VPWR,li1,278.9900,165.9200,1.799995
FILLER_57_580,VPWR,li1,277.6100,165.9200,1.799995
FILLER_57_577,VPWR,li1,276.2300,165.9200,1.799995
FILLER_57_574,VPWR,li1,274.8500,165.9200,1.799994
FILLER_57_571,VPWR,li1,273.4700,165.9200,1.799994
FILLER_57_568,VPWR,li1,272.0900,165.9200,1.799995
FILLER_57_561,VPWR,li1,268.8700,165.9200,1.799995
FILLER_57_558,VPWR,li1,267.2600,165.9200,1.799995
FILLER_57_545,VPWR,li1,261.0500,165.9200,1.799996
FILLER_57_542,VPWR,li1,260.1300,165.9200,1.799996
FILLER_57_503,VPWR,li1,241.7300,165.9200,1.799994
FILLER_57_500,VPWR,li1,240.8100,165.9200,1.799994
FILLER_57_497,VPWR,li1,239.4300,165.9200,1.799994
FILLER_57_494,VPWR,li1,238.0500,165.9200,1.799995
FILLER_57_491,VPWR,li1,236.6700,165.9200,1.799995
FILLER_57_488,VPWR,li1,235.2900,165.9200,1.799995
FILLER_57_465,VPWR,li1,224.4800,165.9200,1.799997
FILLER_57_462,VPWR,li1,223.3300,165.9200,1.799996
FILLER_57_459,VPWR,li1,221.9500,165.9200,1.799996
FILLER_57_449,VPWR,li1,217.1200,165.9200,1.799996
FILLER_57_447,VPWR,li1,215.9700,165.9200,1.799996
FILLER_57_439,VPWR,li1,212.5200,165.9200,1.799995
FILLER_57_436,VPWR,li1,211.3700,165.9200,1.799995
FILLER_57_414,VPWR,li1,200.7900,165.9200,1.799996
FILLER_57_411,VPWR,li1,199.8700,165.9200,1.799996
FILLER_57_408,VPWR,li1,198.4900,165.9200,1.799996
FILLER_57_405,VPWR,li1,197.1100,165.9200,1.799996
FILLER_57_399,VPWR,li1,194.3500,165.9200,1.799996
FILLER_57_396,VPWR,li1,192.9700,165.9200,1.799996
FILLER_57_393,VPWR,li1,191.5900,165.9200,1.799996
FILLER_57_391,VPWR,li1,190.2100,165.9200,1.799996
FILLER_57_388,VPWR,li1,189.2900,165.9200,1.799996
FILLER_57_385,VPWR,li1,187.9100,165.9200,1.799996
FILLER_57_382,VPWR,li1,186.5300,165.9200,1.799995
FILLER_57_377,VPWR,li1,183.7700,165.9200,1.799995
FILLER_57_374,VPWR,li1,182.8500,165.9200,1.799995
FILLER_57_363,VPWR,li1,177.5600,165.9200,1.799995
FILLER_57_360,VPWR,li1,176.4100,165.9200,1.799995
FILLER_57_337,VPWR,li1,165.6000,165.9200,1.799996
FILLER_57_316,VPWR,li1,155.9400,165.9200,1.799996
FILLER_57_313,VPWR,li1,154.7900,165.9200,1.799996
FILLER_57_300,VPWR,li1,148.5800,165.9200,1.799996
FILLER_57_290,VPWR,li1,144.2100,165.9200,1.799997
FILLER_57_287,VPWR,li1,142.8300,165.9200,1.799997
FILLER_57_281,VPWR,li1,139.6100,165.9200,1.799997
FILLER_57_277,VPWR,li1,138.2300,165.9200,1.799997
FILLER_57_274,VPWR,li1,136.8500,165.9200,1.799997
FILLER_57_249,VPWR,li1,124.8900,165.9200,1.799996
FILLER_57_246,VPWR,li1,123.9700,165.9200,1.799997
FILLER_57_243,VPWR,li1,122.5900,165.9200,1.799997
FILLER_57_237,VPWR,li1,119.3700,165.9200,1.799997
FILLER_57_234,VPWR,li1,118.4500,165.9200,1.799997
FILLER_57_231,VPWR,li1,117.0700,165.9200,1.799998
FILLER_57_228,VPWR,li1,115.6900,165.9200,1.799998
FILLER_57_225,VPWR,li1,114.3100,165.9200,1.799998
FILLER_57_214,VPWR,li1,109.0200,165.9200,1.799998
FILLER_57_211,VPWR,li1,107.8700,165.9200,1.799999
FILLER_57_208,VPWR,li1,106.4900,165.9200,1.799999
FILLER_57_205,VPWR,li1,105.1100,165.9200,1.799999
FILLER_57_197,VPWR,li1,101.4300,165.9200,1.799999
FILLER_57_194,VPWR,li1,100.0500,165.9200,1.799999
FILLER_57_169,VPWR,li1,88.5500,165.9200,1.799999
FILLER_57_157,VPWR,li1,83.0300,165.9200,1.799999
FILLER_57_143,VPWR,li1,76.1300,165.9200,1.799999
FILLER_57_140,VPWR,li1,75.2100,165.9200,1.799999
FILLER_57_137,VPWR,li1,73.8300,165.9200,1.799998
FILLER_57_125,VPWR,li1,67.8500,165.9200,1.799997
FILLER_57_113,VPWR,li1,62.7900,165.9200,1.799996
FILLER_57_111,VPWR,li1,61.4100,165.9200,1.799996
FILLER_57_108,VPWR,li1,60.4900,165.9200,1.799996
FILLER_57_105,VPWR,li1,59.1100,165.9200,1.799996
FILLER_57_102,VPWR,li1,57.7300,165.9200,1.799995
FILLER_57_99,VPWR,li1,56.3500,165.9200,1.799995
FILLER_57_63,VPWR,li1,39.5600,165.9200,1.799995
FILLER_57_60,VPWR,li1,38.4100,165.9200,1.799995
FILLER_57_57,VPWR,li1,37.0300,165.9200,1.799995
FILLER_57_46,VPWR,li1,31.5100,165.9200,1.799995
FILLER_57_43,VPWR,li1,30.5900,165.9200,1.799995
FILLER_57_40,VPWR,li1,29.2100,165.9200,1.799994
FILLER_57_37,VPWR,li1,27.8300,165.9200,1.799994
FILLER_57_34,VPWR,li1,26.4500,165.9200,1.799994
FILLER_57_15,VPWR,li1,17.4800,165.9200,1.799995
FILLER_57_12,VPWR,li1,16.3300,165.9200,1.799995
FILLER_57_9,VPWR,li1,14.9500,165.9200,1.799996
FILLER_57_6,VPWR,li1,13.5700,165.9200,1.799996
FILLER_57_3,VPWR,li1,12.1900,165.9200,1.799996
FILLER_56_645,VPWR,li1,307.5100,165.9200,1.799996
FILLER_56_642,VPWR,li1,305.9000,165.9200,1.799996
FILLER_56_639,VPWR,li1,304.7500,165.9200,1.799996
FILLER_56_636,VPWR,li1,303.3700,165.9200,1.799996
FILLER_56_633,VPWR,li1,301.9900,165.9200,1.799996
FILLER_56_630,VPWR,li1,300.6100,165.9200,1.799996
FILLER_56_627,VPWR,li1,299.2300,165.9200,1.799996
FILLER_56_624,VPWR,li1,297.8500,165.9200,1.799996
FILLER_56_621,VPWR,li1,296.4700,165.9200,1.799996
FILLER_56_618,VPWR,li1,295.0900,165.9200,1.799996
FILLER_56_615,VPWR,li1,293.7100,165.9200,1.799996
FILLER_56_612,VPWR,li1,292.3300,165.9200,1.799996
FILLER_56_589,VPWR,li1,281.5200,165.9200,1.799996
FILLER_56_560,VPWR,li1,268.4100,165.9200,1.799995
FILLER_56_557,VPWR,li1,267.0300,165.9200,1.799995
FILLER_56_554,VPWR,li1,265.6500,165.9200,1.799995
FILLER_56_551,VPWR,li1,264.2700,165.9200,1.799995
FILLER_56_542,VPWR,li1,259.6700,165.9200,1.799996
FILLER_56_539,VPWR,li1,258.7500,165.9200,1.799996
FILLER_56_536,VPWR,li1,257.3700,165.9200,1.799996
FILLER_56_533,VPWR,li1,255.9900,165.9200,1.799996
FILLER_56_521,VPWR,li1,250.2400,165.9200,1.799995
FILLER_56_518,VPWR,li1,249.0900,165.9200,1.799995
FILLER_56_486,VPWR,li1,234.3700,165.9200,1.799995
FILLER_56_483,VPWR,li1,232.9900,165.9200,1.799995
FILLER_56_480,VPWR,li1,231.6100,165.9200,1.799995
FILLER_56_474,VPWR,li1,228.6200,165.9200,1.799996
FILLER_56_471,VPWR,li1,227.4700,165.9200,1.799996
FILLER_56_468,VPWR,li1,226.0900,165.9200,1.799997
FILLER_56_465,VPWR,li1,224.7100,165.9200,1.799997
FILLER_56_454,VPWR,li1,219.6500,165.9200,1.799996
FILLER_56_449,VPWR,li1,217.1200,165.9200,1.799996
FILLER_56_446,VPWR,li1,215.9700,165.9200,1.799996
FILLER_56_443,VPWR,li1,214.5900,165.9200,1.799996
FILLER_56_419,VPWR,li1,203.0900,165.9200,1.799995
FILLER_56_416,VPWR,li1,202.1700,165.9200,1.799995
FILLER_56_413,VPWR,li1,200.7900,165.9200,1.799996
FILLER_56_386,VPWR,li1,188.1400,165.9200,1.799996
FILLER_56_374,VPWR,li1,182.8500,165.9200,1.799995
FILLER_56_371,VPWR,li1,181.4700,165.9200,1.799995
FILLER_56_368,VPWR,li1,180.0900,165.9200,1.799995
FILLER_56_365,VPWR,li1,178.7100,165.9200,1.799995
FILLER_56_362,VPWR,li1,177.1000,165.9200,1.799995
FILLER_56_353,VPWR,li1,172.7300,165.9200,1.799995
FILLER_56_342,VPWR,li1,167.9000,165.9200,1.799996
FILLER_56_318,VPWR,li1,157.0900,165.9200,1.799996
FILLER_56_315,VPWR,li1,155.7100,165.9200,1.799996
FILLER_56_312,VPWR,li1,154.3300,165.9200,1.799996
FILLER_56_309,VPWR,li1,152.9500,165.9200,1.799996
FILLER_56_302,VPWR,li1,149.2700,165.9200,1.799996
FILLER_56_299,VPWR,li1,148.3500,165.9200,1.799996
FILLER_56_292,VPWR,li1,144.9000,165.9200,1.799997
FILLER_56_277,VPWR,li1,138.0000,165.9200,1.799997
FILLER_56_253,VPWR,li1,127.1900,165.9200,1.799996
FILLER_56_250,VPWR,li1,125.5800,165.9200,1.799996
FILLER_56_247,VPWR,li1,124.4300,165.9200,1.799996
FILLER_56_244,VPWR,li1,123.0500,165.9200,1.799997
FILLER_56_226,VPWR,li1,114.7700,165.9200,1.799998
FILLER_56_223,VPWR,li1,113.3900,165.9200,1.799998
FILLER_56_220,VPWR,li1,112.0100,165.9200,1.799998
FILLER_56_210,VPWR,li1,107.1800,165.9200,1.799999
FILLER_56_207,VPWR,li1,106.0300,165.9200,1.799999
FILLER_56_204,VPWR,li1,104.6500,165.9200,1.799999
FILLER_56_201,VPWR,li1,103.2700,165.9200,1.799999
FILLER_56_193,VPWR,li1,99.5900,165.9200,1.799999
FILLER_56_190,VPWR,li1,98.2100,165.9200,1.799999
FILLER_56_187,VPWR,li1,96.8300,165.9200,1.799999
FILLER_56_177,VPWR,li1,92.2300,165.9200,1.799999
FILLER_56_174,VPWR,li1,90.8500,165.9200,1.799999
FILLER_56_153,VPWR,li1,80.9600,165.9200,1.799999
FILLER_56_144,VPWR,li1,76.5900,165.9200,1.799999
FILLER_56_141,VPWR,li1,75.6700,165.9200,1.799999
FILLER_56_138,VPWR,li1,74.0600,165.9200,1.799998
FILLER_56_135,VPWR,li1,72.9100,165.9200,1.799998
FILLER_56_132,VPWR,li1,71.5300,165.9200,1.799998
FILLER_56_129,VPWR,li1,70.1500,165.9200,1.799998
FILLER_56_126,VPWR,li1,68.7700,165.9200,1.799997
FILLER_56_123,VPWR,li1,67.3900,165.9200,1.799997
FILLER_56_120,VPWR,li1,66.0100,165.9200,1.799997
FILLER_56_117,VPWR,li1,64.6300,165.9200,1.799997
FILLER_56_114,VPWR,li1,63.2500,165.9200,1.799997
FILLER_56_111,VPWR,li1,61.8700,165.9200,1.799996
FILLER_56_108,VPWR,li1,60.4900,165.9200,1.799996
FILLER_56_105,VPWR,li1,59.1100,165.9200,1.799996
FILLER_56_102,VPWR,li1,57.7300,165.9200,1.799995
FILLER_56_81,VPWR,li1,48.0700,165.9200,1.799995
FILLER_56_78,VPWR,li1,46.6900,165.9200,1.799996
FILLER_56_59,VPWR,li1,37.7200,165.9200,1.799995
FILLER_56_56,VPWR,li1,36.5700,165.9200,1.799995
FILLER_56_53,VPWR,li1,35.1900,165.9200,1.799995
FILLER_56_43,VPWR,li1,30.3600,165.9200,1.799995
FILLER_56_40,VPWR,li1,29.2100,165.9200,1.799994
FILLER_56_37,VPWR,li1,27.8300,165.9200,1.799994
FILLER_56_26,VPWR,li1,22.5400,165.9200,1.799994
FILLER_56_23,VPWR,li1,21.3900,165.9200,1.799994
FILLER_56_3,VPWR,li1,12.1900,165.9200,1.799996
FILLER_55_647,VPWR,li1,307.9700,160.4800,1.799998
FILLER_55_644,VPWR,li1,307.0500,160.4800,1.799998
FILLER_55_641,VPWR,li1,305.6700,160.4800,1.799998
FILLER_55_638,VPWR,li1,304.2900,160.4800,1.799998
FILLER_55_635,VPWR,li1,302.9100,160.4800,1.799998
FILLER_55_632,VPWR,li1,301.5300,160.4800,1.799998
FILLER_55_629,VPWR,li1,300.1500,160.4800,1.799998
FILLER_55_626,VPWR,li1,298.7700,160.4800,1.799998
FILLER_55_623,VPWR,li1,297.3900,160.4800,1.799998
FILLER_55_620,VPWR,li1,296.0100,160.4800,1.799998
FILLER_55_617,VPWR,li1,294.6300,160.4800,1.799998
FILLER_55_613,VPWR,li1,292.7900,160.4800,1.799998
FILLER_55_610,VPWR,li1,291.4100,160.4800,1.799998
FILLER_55_607,VPWR,li1,290.0300,160.4800,1.799998
FILLER_55_604,VPWR,li1,288.6500,160.4800,1.799998
FILLER_55_598,VPWR,li1,285.8900,160.4800,1.799998
FILLER_55_591,VPWR,li1,282.2100,160.4800,1.799996
FILLER_55_588,VPWR,li1,281.2900,160.4800,1.799996
FILLER_55_579,VPWR,li1,276.6900,160.4800,1.799995
FILLER_55_569,VPWR,li1,272.0900,160.4800,1.799994
FILLER_55_538,VPWR,li1,257.8300,160.4800,1.799995
FILLER_55_535,VPWR,li1,256.9100,160.4800,1.799995
FILLER_55_532,VPWR,li1,255.5300,160.4800,1.799995
FILLER_55_529,VPWR,li1,254.1500,160.4800,1.799995
FILLER_55_526,VPWR,li1,252.7700,160.4800,1.799994
FILLER_55_523,VPWR,li1,251.3900,160.4800,1.799994
FILLER_55_520,VPWR,li1,250.0100,160.4800,1.799993
FILLER_55_517,VPWR,li1,248.6300,160.4800,1.799993
FILLER_55_514,VPWR,li1,247.2500,160.4800,1.799993
FILLER_55_511,VPWR,li1,245.8700,160.4800,1.799993
FILLER_55_508,VPWR,li1,244.4900,160.4800,1.799993
FILLER_55_505,VPWR,li1,243.1100,160.4800,1.799993
FILLER_55_480,VPWR,li1,231.6100,160.4800,1.799992
FILLER_55_477,VPWR,li1,230.2300,160.4800,1.799992
FILLER_55_474,VPWR,li1,228.8500,160.4800,1.799993
FILLER_55_455,VPWR,li1,220.1100,160.4800,1.799989
FILLER_55_452,VPWR,li1,218.7300,160.4800,1.799989
FILLER_55_449,VPWR,li1,217.3500,160.4800,1.799988
FILLER_55_444,VPWR,li1,214.5900,160.4800,1.799986
FILLER_55_441,VPWR,li1,213.6700,160.4800,1.799985
FILLER_55_438,VPWR,li1,212.2900,160.4800,1.799985
FILLER_55_427,VPWR,li1,207.2300,160.4800,1.799982
FILLER_55_424,VPWR,li1,205.8500,160.4800,1.799982
FILLER_55_421,VPWR,li1,204.4700,160.4800,1.799981
FILLER_55_418,VPWR,li1,203.0900,160.4800,1.799980
FILLER_55_415,VPWR,li1,201.7100,160.4800,1.799980
FILLER_55_396,VPWR,li1,192.7400,160.4800,1.799983
FILLER_55_393,VPWR,li1,191.5900,160.4800,1.799983
FILLER_55_390,VPWR,li1,189.9800,160.4800,1.799982
FILLER_55_387,VPWR,li1,188.8300,160.4800,1.799982
FILLER_55_384,VPWR,li1,187.4500,160.4800,1.799982
FILLER_55_374,VPWR,li1,182.3900,160.4800,1.799981
FILLER_55_371,VPWR,li1,181.4700,160.4800,1.799980
FILLER_55_368,VPWR,li1,180.0900,160.4800,1.799980
FILLER_55_352,VPWR,li1,172.2700,160.4800,1.799978
FILLER_55_349,VPWR,li1,171.3500,160.4800,1.799978
FILLER_55_346,VPWR,li1,169.9700,160.4800,1.799978
FILLER_55_343,VPWR,li1,168.5900,160.4800,1.799978
FILLER_55_340,VPWR,li1,167.2100,160.4800,1.799977
FILLER_55_337,VPWR,li1,165.8300,160.4800,1.799977
FILLER_55_334,VPWR,li1,164.2200,160.4800,1.799977
FILLER_55_311,VPWR,li1,153.6400,160.4800,1.799961
FILLER_55_308,VPWR,li1,152.4900,160.4800,1.799964
FILLER_55_305,VPWR,li1,151.1100,160.4800,1.799964
FILLER_55_302,VPWR,li1,149.7300,160.4800,1.799966
FILLER_55_297,VPWR,li1,146.9700,160.4800,1.799967
FILLER_55_294,VPWR,li1,146.0500,160.4800,1.799969
FILLER_55_291,VPWR,li1,144.6700,160.4800,1.799969
FILLER_55_281,VPWR,li1,140.0700,160.4800,1.799974
FILLER_55_247,VPWR,li1,124.4300,160.4800,1.799984
FILLER_55_244,VPWR,li1,123.0500,160.4800,1.799985
FILLER_55_234,VPWR,li1,118.2200,160.4800,1.799988
FILLER_55_231,VPWR,li1,117.0700,160.4800,1.799988
FILLER_55_228,VPWR,li1,115.6900,160.4800,1.799990
FILLER_55_225,VPWR,li1,114.3100,160.4800,1.799990
FILLER_55_223,VPWR,li1,112.9300,160.4800,1.799991
FILLER_55_220,VPWR,li1,112.0100,160.4800,1.799991
FILLER_55_217,VPWR,li1,110.6300,160.4800,1.799993
FILLER_55_214,VPWR,li1,109.2500,160.4800,1.799993
FILLER_55_211,VPWR,li1,107.8700,160.4800,1.799994
FILLER_55_208,VPWR,li1,106.4900,160.4800,1.799994
FILLER_55_205,VPWR,li1,105.1100,160.4800,1.799996
FILLER_55_202,VPWR,li1,103.7300,160.4800,1.799996
FILLER_55_199,VPWR,li1,102.3500,160.4800,1.799996
FILLER_55_196,VPWR,li1,100.9700,160.4800,1.799996
FILLER_55_193,VPWR,li1,99.5900,160.4800,1.799996
FILLER_55_190,VPWR,li1,98.2100,160.4800,1.799996
FILLER_55_187,VPWR,li1,96.8300,160.4800,1.799996
FILLER_55_184,VPWR,li1,95.4500,160.4800,1.799996
FILLER_55_181,VPWR,li1,94.0700,160.4800,1.799996
FILLER_55_178,VPWR,li1,92.6900,160.4800,1.799996
FILLER_55_175,VPWR,li1,91.3100,160.4800,1.799996
FILLER_55_172,VPWR,li1,89.9300,160.4800,1.799996
FILLER_55_169,VPWR,li1,88.5500,160.4800,1.799996
FILLER_55_165,VPWR,li1,86.7100,160.4800,1.799996
FILLER_55_162,VPWR,li1,85.3300,160.4800,1.799996
FILLER_55_159,VPWR,li1,83.9500,160.4800,1.799996
FILLER_55_156,VPWR,li1,82.5700,160.4800,1.799997
FILLER_55_153,VPWR,li1,81.1900,160.4800,1.799997
FILLER_55_143,VPWR,li1,76.5900,160.4800,1.799997
FILLER_55_140,VPWR,li1,75.2100,160.4800,1.799997
FILLER_55_121,VPWR,li1,66.2400,160.4800,1.799995
FILLER_55_110,VPWR,li1,61.1800,160.4800,1.799994
FILLER_55_107,VPWR,li1,60.0300,160.4800,1.799994
FILLER_55_104,VPWR,li1,58.6500,160.4800,1.799995
FILLER_55_101,VPWR,li1,57.2700,160.4800,1.799995
FILLER_55_86,VPWR,li1,50.3700,160.4800,1.799996
FILLER_55_83,VPWR,li1,48.9900,160.4800,1.799996
FILLER_55_80,VPWR,li1,47.6100,160.4800,1.799996
FILLER_55_60,VPWR,li1,38.4100,160.4800,1.799993
FILLER_55_57,VPWR,li1,37.0300,160.4800,1.799993
FILLER_55_53,VPWR,li1,35.1900,160.4800,1.799993
FILLER_54_645,VPWR,li1,307.5100,160.4800,1.799998
FILLER_54_641,VPWR,li1,305.6700,160.4800,1.799998
FILLER_54_638,VPWR,li1,304.2900,160.4800,1.799998
FILLER_54_635,VPWR,li1,302.9100,160.4800,1.799998
FILLER_54_632,VPWR,li1,301.5300,160.4800,1.799998
FILLER_54_629,VPWR,li1,300.1500,160.4800,1.799998
FILLER_54_626,VPWR,li1,298.7700,160.4800,1.799998
FILLER_54_623,VPWR,li1,297.3900,160.4800,1.799998
FILLER_54_620,VPWR,li1,296.0100,160.4800,1.799998
FILLER_54_617,VPWR,li1,294.6300,160.4800,1.799998
FILLER_54_614,VPWR,li1,293.2500,160.4800,1.799998
FILLER_54_611,VPWR,li1,291.8700,160.4800,1.799998
FILLER_54_608,VPWR,li1,290.4900,160.4800,1.799998
FILLER_54_605,VPWR,li1,289.1100,160.4800,1.799998
FILLER_54_602,VPWR,li1,287.7300,160.4800,1.799998
FILLER_54_599,VPWR,li1,286.3500,160.4800,1.799998
FILLER_54_592,VPWR,li1,283.1300,160.4800,1.799997
FILLER_54_589,VPWR,li1,281.7500,160.4800,1.799996
FILLER_54_585,VPWR,li1,279.9100,160.4800,1.799996
FILLER_54_582,VPWR,li1,278.5300,160.4800,1.799996
FILLER_54_579,VPWR,li1,277.1500,160.4800,1.799995
FILLER_54_576,VPWR,li1,275.7700,160.4800,1.799995
FILLER_54_554,VPWR,li1,265.1900,160.4800,1.799994
FILLER_54_540,VPWR,li1,258.9800,160.4800,1.799994
FILLER_54_537,VPWR,li1,257.8300,160.4800,1.799995
FILLER_54_531,VPWR,li1,254.6100,160.4800,1.799995
FILLER_54_507,VPWR,li1,244.0300,160.4800,1.799993
FILLER_54_495,VPWR,li1,238.5100,160.4800,1.799992
FILLER_54_491,VPWR,li1,236.2100,160.4800,1.799992
FILLER_54_470,VPWR,li1,226.7800,160.4800,1.799993
FILLER_54_467,VPWR,li1,225.6300,160.4800,1.799993
FILLER_54_464,VPWR,li1,224.2500,160.4800,1.799993
FILLER_54_433,VPWR,li1,209.7600,160.4800,1.799983
FILLER_54_430,VPWR,li1,208.6100,160.4800,1.799983
FILLER_54_421,VPWR,li1,204.0100,160.4800,1.799981
FILLER_54_419,VPWR,li1,203.0900,160.4800,1.799980
FILLER_54_397,VPWR,li1,193.2000,160.4800,1.799983
FILLER_54_394,VPWR,li1,192.0500,160.4800,1.799983
FILLER_54_391,VPWR,li1,190.6700,160.4800,1.799983
FILLER_54_388,VPWR,li1,189.2900,160.4800,1.799982
FILLER_54_385,VPWR,li1,187.9100,160.4800,1.799982
FILLER_54_382,VPWR,li1,186.5300,160.4800,1.799982
FILLER_54_379,VPWR,li1,185.1500,160.4800,1.799981
FILLER_54_376,VPWR,li1,183.7700,160.4800,1.799981
FILLER_54_373,VPWR,li1,182.3900,160.4800,1.799981
FILLER_54_362,VPWR,li1,177.1000,160.4800,1.799979
FILLER_54_340,VPWR,li1,166.7500,160.4800,1.799977
FILLER_54_309,VPWR,li1,152.4900,160.4800,1.799964
FILLER_54_306,VPWR,li1,151.3400,160.4800,1.799964
FILLER_54_303,VPWR,li1,150.1900,160.4800,1.799966
FILLER_54_300,VPWR,li1,148.8100,160.4800,1.799966
FILLER_54_297,VPWR,li1,147.4300,160.4800,1.799967
FILLER_54_294,VPWR,li1,146.0500,160.4800,1.799969
FILLER_54_291,VPWR,li1,144.6700,160.4800,1.799969
FILLER_54_288,VPWR,li1,143.2900,160.4800,1.799972
FILLER_54_285,VPWR,li1,141.9100,160.4800,1.799972
FILLER_54_282,VPWR,li1,140.5300,160.4800,1.799974
FILLER_54_279,VPWR,li1,139.1500,160.4800,1.799974
FILLER_54_276,VPWR,li1,137.7700,160.4800,1.799977
FILLER_54_273,VPWR,li1,136.3900,160.4800,1.799977
FILLER_54_270,VPWR,li1,135.0100,160.4800,1.799979
FILLER_54_267,VPWR,li1,133.6300,160.4800,1.799979
FILLER_54_261,VPWR,li1,130.4100,160.4800,1.799981
FILLER_54_253,VPWR,li1,127.1900,160.4800,1.799983
FILLER_54_251,VPWR,li1,125.8100,160.4800,1.799984
FILLER_54_248,VPWR,li1,124.8900,160.4800,1.799984
FILLER_54_245,VPWR,li1,123.5100,160.4800,1.799985
FILLER_54_242,VPWR,li1,122.1300,160.4800,1.799985
FILLER_54_239,VPWR,li1,120.7500,160.4800,1.799987
FILLER_54_236,VPWR,li1,119.3700,160.4800,1.799987
FILLER_54_233,VPWR,li1,117.9900,160.4800,1.799988
FILLER_54_224,VPWR,li1,113.6200,160.4800,1.799991
FILLER_54_221,VPWR,li1,112.4700,160.4800,1.799991
FILLER_54_211,VPWR,li1,107.8700,160.4800,1.799994
FILLER_54_208,VPWR,li1,106.4900,160.4800,1.799994
FILLER_54_200,VPWR,li1,102.3500,160.4800,1.799996
FILLER_54_197,VPWR,li1,101.4300,160.4800,1.799996
FILLER_54_193,VPWR,li1,99.5900,160.4800,1.799996
FILLER_54_190,VPWR,li1,98.2100,160.4800,1.799996
FILLER_54_180,VPWR,li1,93.6100,160.4800,1.799996
FILLER_54_159,VPWR,li1,83.7200,160.4800,1.799996
FILLER_54_156,VPWR,li1,82.5700,160.4800,1.799997
FILLER_54_153,VPWR,li1,81.1900,160.4800,1.799997
FILLER_54_145,VPWR,li1,77.0500,160.4800,1.799997
FILLER_54_138,VPWR,li1,74.0600,160.4800,1.799997
FILLER_54_129,VPWR,li1,69.6900,160.4800,1.799995
FILLER_54_126,VPWR,li1,68.7700,160.4800,1.799995
FILLER_54_91,VPWR,li1,52.4400,160.4800,1.799995
FILLER_54_88,VPWR,li1,51.2900,160.4800,1.799995
FILLER_54_85,VPWR,li1,49.9100,160.4800,1.799996
FILLER_54_74,VPWR,li1,44.6200,160.4800,1.799996
FILLER_54_48,VPWR,li1,32.4300,160.4800,1.799992
FILLER_54_45,VPWR,li1,31.5100,160.4800,1.799992
FILLER_54_35,VPWR,li1,26.4500,160.4800,1.799992
FILLER_54_32,VPWR,li1,25.5300,160.4800,1.799992
FILLER_54_29,VPWR,li1,24.1500,160.4800,1.799993
FILLER_54_26,VPWR,li1,22.5400,160.4800,1.799993
FILLER_54_6,VPWR,li1,13.5700,160.4800,1.799996
FILLER_54_3,VPWR,li1,12.1900,160.4800,1.799996
FILLER_53_647,VPWR,li1,307.9700,155.0400,1.799996
FILLER_53_644,VPWR,li1,307.0500,155.0400,1.799996
FILLER_53_641,VPWR,li1,305.6700,155.0400,1.799996
FILLER_53_638,VPWR,li1,304.2900,155.0400,1.799996
FILLER_53_635,VPWR,li1,302.9100,155.0400,1.799996
FILLER_53_632,VPWR,li1,301.5300,155.0400,1.799996
FILLER_53_629,VPWR,li1,300.1500,155.0400,1.799996
FILLER_53_626,VPWR,li1,298.7700,155.0400,1.799996
FILLER_53_623,VPWR,li1,297.3900,155.0400,1.799996
FILLER_53_620,VPWR,li1,296.0100,155.0400,1.799996
FILLER_53_617,VPWR,li1,294.6300,155.0400,1.799996
FILLER_53_614,VPWR,li1,293.0200,155.0400,1.799996
FILLER_53_611,VPWR,li1,291.8700,155.0400,1.799996
FILLER_53_608,VPWR,li1,290.4900,155.0400,1.799996
FILLER_53_605,VPWR,li1,289.1100,155.0400,1.799996
FILLER_53_602,VPWR,li1,287.7300,155.0400,1.799996
FILLER_53_599,VPWR,li1,286.3500,155.0400,1.799996
FILLER_53_592,VPWR,li1,283.1300,155.0400,1.799996
FILLER_53_589,VPWR,li1,281.7500,155.0400,1.799995
FILLER_53_586,VPWR,li1,280.3700,155.0400,1.799995
FILLER_53_583,VPWR,li1,278.9900,155.0400,1.799995
FILLER_53_580,VPWR,li1,277.6100,155.0400,1.799995
FILLER_53_576,VPWR,li1,275.3100,155.0400,1.799994
FILLER_53_573,VPWR,li1,274.3900,155.0400,1.799994
FILLER_53_570,VPWR,li1,273.0100,155.0400,1.799994
FILLER_53_550,VPWR,li1,263.5800,155.0400,1.799995
FILLER_53_547,VPWR,li1,262.4300,155.0400,1.799996
FILLER_53_544,VPWR,li1,261.0500,155.0400,1.799996
FILLER_53_541,VPWR,li1,259.6700,155.0400,1.799996
FILLER_53_538,VPWR,li1,258.2900,155.0400,1.799997
FILLER_53_535,VPWR,li1,256.9100,155.0400,1.799997
FILLER_53_521,VPWR,li1,250.2400,155.0400,1.799998
FILLER_53_505,VPWR,li1,243.1100,155.0400,1.799998
FILLER_53_503,VPWR,li1,241.7300,155.0400,1.799998
FILLER_53_500,VPWR,li1,240.8100,155.0400,1.799998
FILLER_53_497,VPWR,li1,239.4300,155.0400,1.799998
FILLER_53_494,VPWR,li1,238.0500,155.0400,1.799998
FILLER_53_491,VPWR,li1,236.6700,155.0400,1.799998
FILLER_53_488,VPWR,li1,235.2900,155.0400,1.799998
FILLER_53_485,VPWR,li1,233.9100,155.0400,1.799998
FILLER_53_478,VPWR,li1,230.6900,155.0400,1.799998
FILLER_53_472,VPWR,li1,227.7000,155.0400,1.799998
FILLER_53_469,VPWR,li1,226.5500,155.0400,1.799998
FILLER_53_466,VPWR,li1,225.1700,155.0400,1.799998
FILLER_53_463,VPWR,li1,223.7900,155.0400,1.799998
FILLER_53_460,VPWR,li1,222.4100,155.0400,1.799998
FILLER_53_457,VPWR,li1,221.0300,155.0400,1.799998
FILLER_53_446,VPWR,li1,215.7400,155.0400,1.799998
FILLER_53_434,VPWR,li1,210.4500,155.0400,1.799998
FILLER_53_431,VPWR,li1,209.0700,155.0400,1.799998
FILLER_53_428,VPWR,li1,207.6900,155.0400,1.799998
FILLER_53_425,VPWR,li1,206.3100,155.0400,1.799998
FILLER_53_422,VPWR,li1,204.9300,155.0400,1.799998
FILLER_53_419,VPWR,li1,203.5500,155.0400,1.799998
FILLER_53_399,VPWR,li1,194.1200,155.0400,1.799998
FILLER_53_396,VPWR,li1,192.9700,155.0400,1.799998
FILLER_53_381,VPWR,li1,185.8400,155.0400,1.799997
FILLER_53_378,VPWR,li1,184.6900,155.0400,1.799997
FILLER_53_375,VPWR,li1,183.3100,155.0400,1.799998
FILLER_53_372,VPWR,li1,181.9300,155.0400,1.799998
FILLER_53_363,VPWR,li1,177.5600,155.0400,1.799998
FILLER_53_353,VPWR,li1,172.9600,155.0400,1.799998
FILLER_53_343,VPWR,li1,168.1300,155.0400,1.799998
FILLER_53_340,VPWR,li1,167.2100,155.0400,1.799998
FILLER_53_333,VPWR,li1,163.9900,155.0400,1.799998
FILLER_53_328,VPWR,li1,161.4600,155.0400,1.799998
FILLER_53_325,VPWR,li1,160.3100,155.0400,1.799998
FILLER_53_322,VPWR,li1,158.9300,155.0400,1.799998
FILLER_53_319,VPWR,li1,157.5500,155.0400,1.799998
FILLER_53_311,VPWR,li1,153.4100,155.0400,1.799999
FILLER_53_308,VPWR,li1,152.4900,155.0400,1.799999
FILLER_53_281,VPWR,li1,139.6100,155.0400,1.799999
FILLER_53_279,VPWR,li1,138.6900,155.0400,1.799999
FILLER_53_267,VPWR,li1,133.6300,155.0400,1.800000
FILLER_53_264,VPWR,li1,132.2500,155.0400,1.800000
FILLER_53_261,VPWR,li1,130.8700,155.0400,1.800000
FILLER_53_258,VPWR,li1,129.4900,155.0400,1.800000
FILLER_53_255,VPWR,li1,128.1100,155.0400,1.800000
FILLER_53_252,VPWR,li1,126.7300,155.0400,1.800000
FILLER_53_249,VPWR,li1,125.3500,155.0400,1.800000
FILLER_53_246,VPWR,li1,123.9700,155.0400,1.800000
FILLER_53_243,VPWR,li1,122.5900,155.0400,1.800000
FILLER_53_240,VPWR,li1,121.2100,155.0400,1.800000
FILLER_53_237,VPWR,li1,119.8300,155.0400,1.800000
FILLER_53_225,VPWR,li1,114.3100,155.0400,1.800000
FILLER_53_223,VPWR,li1,112.9300,155.0400,1.800000
FILLER_53_220,VPWR,li1,112.0100,155.0400,1.800000
FILLER_53_214,VPWR,li1,108.7900,155.0400,1.800000
FILLER_53_211,VPWR,li1,107.8700,155.0400,1.800000
FILLER_53_208,VPWR,li1,106.4900,155.0400,1.800000
FILLER_53_205,VPWR,li1,105.1100,155.0400,1.800000
FILLER_53_196,VPWR,li1,100.5100,155.0400,1.799999
FILLER_53_193,VPWR,li1,99.5900,155.0400,1.799999
FILLER_53_190,VPWR,li1,98.2100,155.0400,1.799999
FILLER_53_187,VPWR,li1,96.8300,155.0400,1.799999
FILLER_53_184,VPWR,li1,95.4500,155.0400,1.799999
FILLER_53_181,VPWR,li1,94.0700,155.0400,1.799999
FILLER_53_178,VPWR,li1,92.6900,155.0400,1.799999
FILLER_53_175,VPWR,li1,91.3100,155.0400,1.799999
FILLER_53_172,VPWR,li1,89.9300,155.0400,1.799999
FILLER_53_169,VPWR,li1,88.5500,155.0400,1.799999
FILLER_53_165,VPWR,li1,86.7100,155.0400,1.799999
FILLER_53_162,VPWR,li1,85.3300,155.0400,1.799999
FILLER_53_159,VPWR,li1,83.9500,155.0400,1.799998
FILLER_53_156,VPWR,li1,82.5700,155.0400,1.799998
FILLER_53_153,VPWR,li1,81.1900,155.0400,1.799998
FILLER_53_150,VPWR,li1,79.8100,155.0400,1.799998
FILLER_53_147,VPWR,li1,78.4300,155.0400,1.799998
FILLER_53_144,VPWR,li1,77.0500,155.0400,1.799998
FILLER_53_141,VPWR,li1,75.6700,155.0400,1.799998
FILLER_53_138,VPWR,li1,74.2900,155.0400,1.799998
FILLER_53_128,VPWR,li1,69.4600,155.0400,1.799996
FILLER_53_125,VPWR,li1,68.3100,155.0400,1.799996
FILLER_53_122,VPWR,li1,66.9300,155.0400,1.799996
FILLER_53_113,VPWR,li1,62.3300,155.0400,1.799994
FILLER_53_111,VPWR,li1,61.4100,155.0400,1.799994
FILLER_53_108,VPWR,li1,60.4900,155.0400,1.799994
FILLER_53_105,VPWR,li1,59.1100,155.0400,1.799994
FILLER_53_87,VPWR,li1,50.3700,155.0400,1.799994
FILLER_53_84,VPWR,li1,49.4500,155.0400,1.799994
FILLER_53_74,VPWR,li1,44.6200,155.0400,1.799995
FILLER_53_55,VPWR,li1,35.6500,155.0400,1.799994
FILLER_53_52,VPWR,li1,34.7300,155.0400,1.799994
FILLER_53_49,VPWR,li1,33.3500,155.0400,1.799994
FILLER_53_31,VPWR,li1,24.8400,155.0400,1.799994
FILLER_53_28,VPWR,li1,23.6900,155.0400,1.799994
FILLER_52_645,VPWR,li1,307.5100,155.0400,1.799996
FILLER_52_642,VPWR,li1,305.9000,155.0400,1.799996
FILLER_52_639,VPWR,li1,304.7500,155.0400,1.799996
FILLER_52_636,VPWR,li1,303.3700,155.0400,1.799996
FILLER_52_633,VPWR,li1,301.9900,155.0400,1.799996
FILLER_52_630,VPWR,li1,300.6100,155.0400,1.799996
FILLER_52_627,VPWR,li1,299.2300,155.0400,1.799996
FILLER_52_624,VPWR,li1,297.8500,155.0400,1.799996
FILLER_52_621,VPWR,li1,296.4700,155.0400,1.799996
FILLER_52_618,VPWR,li1,295.0900,155.0400,1.799996
FILLER_52_615,VPWR,li1,293.7100,155.0400,1.799996
FILLER_52_612,VPWR,li1,292.3300,155.0400,1.799996
FILLER_52_589,VPWR,li1,281.5200,155.0400,1.799995
FILLER_52_563,VPWR,li1,269.3300,155.0400,1.799995
FILLER_52_539,VPWR,li1,258.7500,155.0400,1.799996
FILLER_52_536,VPWR,li1,257.3700,155.0400,1.799997
FILLER_52_519,VPWR,li1,249.3200,155.0400,1.799998
FILLER_52_516,VPWR,li1,248.1700,155.0400,1.799998
FILLER_52_496,VPWR,li1,238.9700,155.0400,1.799998
FILLER_52_493,VPWR,li1,237.5900,155.0400,1.799998
FILLER_52_490,VPWR,li1,236.2100,155.0400,1.799998
FILLER_52_487,VPWR,li1,234.8300,155.0400,1.799998
FILLER_52_477,VPWR,li1,229.7700,155.0400,1.799998
FILLER_52_452,VPWR,li1,218.7300,155.0400,1.799998
FILLER_52_449,VPWR,li1,217.3500,155.0400,1.799998
FILLER_52_446,VPWR,li1,215.9700,155.0400,1.799998
FILLER_52_443,VPWR,li1,214.5900,155.0400,1.799998
FILLER_52_433,VPWR,li1,209.5300,155.0400,1.799998
FILLER_52_430,VPWR,li1,208.6100,155.0400,1.799998
FILLER_52_427,VPWR,li1,207.2300,155.0400,1.799998
FILLER_52_424,VPWR,li1,205.8500,155.0400,1.799998
FILLER_52_421,VPWR,li1,204.4700,155.0400,1.799998
FILLER_52_418,VPWR,li1,202.8600,155.0400,1.799998
FILLER_52_415,VPWR,li1,201.7100,155.0400,1.799998
FILLER_52_412,VPWR,li1,200.3300,155.0400,1.799998
FILLER_52_374,VPWR,li1,182.3900,155.0400,1.799998
FILLER_52_371,VPWR,li1,181.4700,155.0400,1.799998
FILLER_52_368,VPWR,li1,180.0900,155.0400,1.799998
FILLER_52_365,VPWR,li1,178.7100,155.0400,1.799998
FILLER_52_352,VPWR,li1,172.7300,155.0400,1.799998
FILLER_52_349,VPWR,li1,171.3500,155.0400,1.799998
FILLER_52_346,VPWR,li1,169.9700,155.0400,1.799998
FILLER_52_315,VPWR,li1,155.7100,155.0400,1.799999
FILLER_52_312,VPWR,li1,154.3300,155.0400,1.799999
FILLER_52_309,VPWR,li1,152.9500,155.0400,1.799999
FILLER_52_306,VPWR,li1,151.3400,155.0400,1.799999
FILLER_52_303,VPWR,li1,150.1900,155.0400,1.799999
FILLER_52_292,VPWR,li1,145.1300,155.0400,1.799999
FILLER_52_289,VPWR,li1,143.7500,155.0400,1.799999
FILLER_52_286,VPWR,li1,142.3700,155.0400,1.799999
FILLER_52_283,VPWR,li1,140.9900,155.0400,1.799999
FILLER_52_277,VPWR,li1,137.7700,155.0400,1.799999
FILLER_52_274,VPWR,li1,136.8500,155.0400,1.799999
FILLER_52_265,VPWR,li1,132.2500,155.0400,1.800000
FILLER_52_262,VPWR,li1,131.3300,155.0400,1.800000
FILLER_52_256,VPWR,li1,128.3400,155.0400,1.800000
FILLER_52_253,VPWR,li1,127.1900,155.0400,1.800000
FILLER_52_244,VPWR,li1,122.5900,155.0400,1.800000
FILLER_52_241,VPWR,li1,121.6700,155.0400,1.800000
FILLER_52_238,VPWR,li1,120.2900,155.0400,1.800000
FILLER_52_228,VPWR,li1,115.4600,155.0400,1.800000
FILLER_52_225,VPWR,li1,114.3100,155.0400,1.800000
FILLER_52_222,VPWR,li1,112.9300,155.0400,1.800000
FILLER_52_219,VPWR,li1,111.5500,155.0400,1.800000
FILLER_52_216,VPWR,li1,110.1700,155.0400,1.800000
FILLER_52_213,VPWR,li1,108.7900,155.0400,1.800000
FILLER_52_210,VPWR,li1,107.4100,155.0400,1.800000
FILLER_52_207,VPWR,li1,106.0300,155.0400,1.800000
FILLER_52_204,VPWR,li1,104.6500,155.0400,1.800000
FILLER_52_195,VPWR,li1,100.0500,155.0400,1.799999
FILLER_52_192,VPWR,li1,99.1300,155.0400,1.799999
FILLER_52_189,VPWR,li1,97.7500,155.0400,1.799999
FILLER_52_186,VPWR,li1,96.3700,155.0400,1.799999
FILLER_52_183,VPWR,li1,94.9900,155.0400,1.799999
FILLER_52_180,VPWR,li1,93.6100,155.0400,1.799999
FILLER_52_177,VPWR,li1,92.2300,155.0400,1.799999
FILLER_52_174,VPWR,li1,90.8500,155.0400,1.799999
FILLER_52_171,VPWR,li1,89.4700,155.0400,1.799999
FILLER_52_168,VPWR,li1,88.0900,155.0400,1.799999
FILLER_52_158,VPWR,li1,83.2600,155.0400,1.799998
FILLER_52_155,VPWR,li1,82.1100,155.0400,1.799998
FILLER_52_152,VPWR,li1,80.7300,155.0400,1.799998
FILLER_52_149,VPWR,li1,79.3500,155.0400,1.799998
FILLER_52_146,VPWR,li1,77.9700,155.0400,1.799998
FILLER_52_141,VPWR,li1,75.4400,155.0400,1.799998
FILLER_52_139,VPWR,li1,74.2900,155.0400,1.799998
FILLER_52_136,VPWR,li1,73.3700,155.0400,1.799997
FILLER_52_133,VPWR,li1,71.9900,155.0400,1.799997
FILLER_52_130,VPWR,li1,70.6100,155.0400,1.799996
FILLER_52_127,VPWR,li1,69.2300,155.0400,1.799996
FILLER_52_124,VPWR,li1,67.8500,155.0400,1.799996
FILLER_52_97,VPWR,li1,54.9700,155.0400,1.799994
FILLER_52_94,VPWR,li1,54.0500,155.0400,1.799994
FILLER_52_91,VPWR,li1,52.6700,155.0400,1.799994
FILLER_52_88,VPWR,li1,51.2900,155.0400,1.799994
FILLER_52_85,VPWR,li1,49.9100,155.0400,1.799994
FILLER_52_66,VPWR,li1,40.7100,155.0400,1.799994
FILLER_52_57,VPWR,li1,36.5700,155.0400,1.799994
FILLER_52_29,VPWR,li1,24.1500,155.0400,1.799994
FILLER_52_19,VPWR,li1,19.0900,155.0400,1.799995
FILLER_51_647,VPWR,li1,307.9700,149.6000,1.799999
FILLER_51_644,VPWR,li1,307.0500,149.6000,1.799999
FILLER_51_641,VPWR,li1,305.6700,149.6000,1.799999
FILLER_51_638,VPWR,li1,304.2900,149.6000,1.799999
FILLER_51_635,VPWR,li1,302.9100,149.6000,1.799999
FILLER_51_632,VPWR,li1,301.5300,149.6000,1.799999
FILLER_51_629,VPWR,li1,300.1500,149.6000,1.799999
FILLER_51_626,VPWR,li1,298.7700,149.6000,1.799999
FILLER_51_623,VPWR,li1,297.3900,149.6000,1.799999
FILLER_51_620,VPWR,li1,296.0100,149.6000,1.799999
FILLER_51_617,VPWR,li1,294.6300,149.6000,1.799999
FILLER_51_614,VPWR,li1,293.0200,149.6000,1.799999
FILLER_51_611,VPWR,li1,291.8700,149.6000,1.799999
FILLER_51_608,VPWR,li1,290.4900,149.6000,1.799999
FILLER_51_605,VPWR,li1,289.1100,149.6000,1.799999
FILLER_51_587,VPWR,li1,280.3700,149.6000,1.799999
FILLER_51_584,VPWR,li1,279.4500,149.6000,1.799999
FILLER_51_572,VPWR,li1,273.9300,149.6000,1.799999
FILLER_51_569,VPWR,li1,272.5500,149.6000,1.799998
FILLER_51_558,VPWR,li1,267.2600,149.6000,1.799998
FILLER_51_555,VPWR,li1,266.1100,149.6000,1.799998
FILLER_51_552,VPWR,li1,264.7300,149.6000,1.799998
FILLER_51_542,VPWR,li1,259.6700,149.6000,1.799998
FILLER_51_539,VPWR,li1,258.7500,149.6000,1.799998
FILLER_51_508,VPWR,li1,244.0300,149.6000,1.799996
FILLER_51_505,VPWR,li1,243.1100,149.6000,1.799996
FILLER_51_503,VPWR,li1,241.7300,149.6000,1.799996
FILLER_51_500,VPWR,li1,240.8100,149.6000,1.799996
FILLER_51_480,VPWR,li1,231.6100,149.6000,1.799997
FILLER_51_477,VPWR,li1,230.2300,149.6000,1.799997
FILLER_51_464,VPWR,li1,224.0200,149.6000,1.799998
FILLER_51_457,VPWR,li1,220.5700,149.6000,1.799997
FILLER_51_443,VPWR,li1,214.3600,149.6000,1.799996
FILLER_51_440,VPWR,li1,213.2100,149.6000,1.799996
FILLER_51_437,VPWR,li1,211.8300,149.6000,1.799996
FILLER_51_434,VPWR,li1,210.4500,149.6000,1.799996
FILLER_51_431,VPWR,li1,209.0700,149.6000,1.799996
FILLER_51_422,VPWR,li1,204.4700,149.6000,1.799997
FILLER_51_419,VPWR,li1,203.5500,149.6000,1.799997
FILLER_51_416,VPWR,li1,202.1700,149.6000,1.799997
FILLER_51_413,VPWR,li1,200.7900,149.6000,1.799997
FILLER_51_410,VPWR,li1,199.4100,149.6000,1.799997
FILLER_51_407,VPWR,li1,198.0300,149.6000,1.799997
FILLER_51_404,VPWR,li1,196.6500,149.6000,1.799997
FILLER_51_401,VPWR,li1,195.2700,149.6000,1.799997
FILLER_51_393,VPWR,li1,191.3600,149.6000,1.799996
FILLER_51_389,VPWR,li1,189.7500,149.6000,1.799996
FILLER_51_386,VPWR,li1,188.3700,149.6000,1.799995
FILLER_51_383,VPWR,li1,186.9900,149.6000,1.799995
FILLER_51_380,VPWR,li1,185.6100,149.6000,1.799995
FILLER_51_377,VPWR,li1,184.2300,149.6000,1.799995
FILLER_51_374,VPWR,li1,182.8500,149.6000,1.799995
FILLER_51_356,VPWR,li1,174.5700,149.6000,1.799995
FILLER_51_346,VPWR,li1,169.7400,149.6000,1.799995
FILLER_51_340,VPWR,li1,167.2100,149.6000,1.799995
FILLER_51_337,VPWR,li1,165.8300,149.6000,1.799996
FILLER_51_327,VPWR,li1,160.7700,149.6000,1.799995
FILLER_51_324,VPWR,li1,159.8500,149.6000,1.799994
FILLER_51_302,VPWR,li1,149.2700,149.6000,1.799993
FILLER_51_299,VPWR,li1,148.3500,149.6000,1.799993
FILLER_51_296,VPWR,li1,146.9700,149.6000,1.799993
FILLER_51_293,VPWR,li1,145.5900,149.6000,1.799993
FILLER_51_290,VPWR,li1,144.2100,149.6000,1.799993
FILLER_51_287,VPWR,li1,142.8300,149.6000,1.799994
FILLER_51_284,VPWR,li1,141.4500,149.6000,1.799994
FILLER_51_281,VPWR,li1,140.0700,149.6000,1.799994
FILLER_51_279,VPWR,li1,138.6900,149.6000,1.799994
FILLER_51_276,VPWR,li1,137.7700,149.6000,1.799995
FILLER_51_273,VPWR,li1,136.3900,149.6000,1.799995
FILLER_51_270,VPWR,li1,135.0100,149.6000,1.799996
FILLER_51_267,VPWR,li1,133.6300,149.6000,1.799996
FILLER_51_264,VPWR,li1,132.2500,149.6000,1.799996
FILLER_51_261,VPWR,li1,130.8700,149.6000,1.799996
FILLER_51_231,VPWR,li1,116.8400,149.6000,1.799997
FILLER_51_228,VPWR,li1,115.6900,149.6000,1.799997
FILLER_51_225,VPWR,li1,114.3100,149.6000,1.799997
FILLER_51_223,VPWR,li1,112.9300,149.6000,1.799997
FILLER_51_220,VPWR,li1,112.0100,149.6000,1.799998
FILLER_51_217,VPWR,li1,110.6300,149.6000,1.799998
FILLER_51_209,VPWR,li1,106.9500,149.6000,1.799998
FILLER_51_206,VPWR,li1,105.5700,149.6000,1.799999
FILLER_51_203,VPWR,li1,104.1900,149.6000,1.799999
FILLER_51_200,VPWR,li1,102.8100,149.6000,1.799999
FILLER_51_197,VPWR,li1,101.4300,149.6000,1.799999
FILLER_51_194,VPWR,li1,100.0500,149.6000,1.799999
FILLER_51_191,VPWR,li1,98.6700,149.6000,1.799999
FILLER_51_181,VPWR,li1,94.0700,149.6000,1.799999
FILLER_51_178,VPWR,li1,92.6900,149.6000,1.799999
FILLER_51_175,VPWR,li1,91.3100,149.6000,1.799999
FILLER_51_172,VPWR,li1,89.9300,149.6000,1.799999
FILLER_51_169,VPWR,li1,88.5500,149.6000,1.799999
FILLER_51_161,VPWR,li1,84.6400,149.6000,1.799999
FILLER_51_158,VPWR,li1,83.4900,149.6000,1.799999
FILLER_51_155,VPWR,li1,82.1100,149.6000,1.799999
FILLER_51_152,VPWR,li1,80.7300,149.6000,1.799999
FILLER_51_145,VPWR,li1,77.2800,149.6000,1.799999
FILLER_51_142,VPWR,li1,76.1300,149.6000,1.799999
FILLER_51_139,VPWR,li1,74.7500,149.6000,1.799999
FILLER_51_136,VPWR,li1,73.3700,149.6000,1.799998
FILLER_51_133,VPWR,li1,71.9900,149.6000,1.799998
FILLER_51_125,VPWR,li1,67.8500,149.6000,1.799997
FILLER_51_122,VPWR,li1,66.9300,149.6000,1.799997
FILLER_51_110,VPWR,li1,61.1800,149.6000,1.799996
FILLER_51_104,VPWR,li1,58.4200,149.6000,1.799996
FILLER_51_101,VPWR,li1,57.2700,149.6000,1.799996
FILLER_51_98,VPWR,li1,55.8900,149.6000,1.799996
FILLER_51_95,VPWR,li1,54.5100,149.6000,1.799996
FILLER_51_92,VPWR,li1,53.1300,149.6000,1.799996
FILLER_51_80,VPWR,li1,47.6100,149.6000,1.799997
FILLER_51_73,VPWR,li1,44.3900,149.6000,1.799996
FILLER_51_70,VPWR,li1,43.0100,149.6000,1.799996
FILLER_51_67,VPWR,li1,41.6300,149.6000,1.799995
FILLER_51_57,VPWR,li1,36.5700,149.6000,1.799994
FILLER_51_53,VPWR,li1,35.1900,149.6000,1.799994
FILLER_51_50,VPWR,li1,33.8100,149.6000,1.799993
FILLER_51_47,VPWR,li1,32.4300,149.6000,1.799993
FILLER_51_44,VPWR,li1,31.0500,149.6000,1.799992
FILLER_51_24,VPWR,li1,21.8500,149.6000,1.799993
FILLER_51_6,VPWR,li1,13.1100,149.6000,1.799995
FILLER_51_3,VPWR,li1,12.1900,149.6000,1.799995
FILLER_50_645,VPWR,li1,307.5100,149.6000,1.799999
FILLER_50_641,VPWR,li1,305.6700,149.6000,1.799999
FILLER_50_638,VPWR,li1,304.2900,149.6000,1.799999
FILLER_50_635,VPWR,li1,302.9100,149.6000,1.799999
FILLER_50_632,VPWR,li1,301.5300,149.6000,1.799999
FILLER_50_629,VPWR,li1,300.1500,149.6000,1.799999
FILLER_50_626,VPWR,li1,298.7700,149.6000,1.799999
FILLER_50_623,VPWR,li1,297.3900,149.6000,1.799999
FILLER_50_620,VPWR,li1,296.0100,149.6000,1.799999
FILLER_50_617,VPWR,li1,294.6300,149.6000,1.799999
FILLER_50_614,VPWR,li1,293.2500,149.6000,1.799999
FILLER_50_611,VPWR,li1,291.8700,149.6000,1.799999
FILLER_50_608,VPWR,li1,290.4900,149.6000,1.799999
FILLER_50_605,VPWR,li1,289.1100,149.6000,1.799999
FILLER_50_602,VPWR,li1,287.7300,149.6000,1.799999
FILLER_50_599,VPWR,li1,286.3500,149.6000,1.799999
FILLER_50_592,VPWR,li1,282.6700,149.6000,1.799999
FILLER_50_589,VPWR,li1,281.7500,149.6000,1.799999
FILLER_50_584,VPWR,li1,278.9900,149.6000,1.799999
FILLER_50_581,VPWR,li1,278.0700,149.6000,1.799999
FILLER_50_571,VPWR,li1,273.2400,149.6000,1.799998
FILLER_50_568,VPWR,li1,272.0900,149.6000,1.799998
FILLER_50_562,VPWR,li1,269.3300,149.6000,1.799998
FILLER_50_559,VPWR,li1,267.9500,149.6000,1.799998
FILLER_50_556,VPWR,li1,266.5700,149.6000,1.799998
FILLER_50_550,VPWR,li1,263.8100,149.6000,1.799998
FILLER_50_547,VPWR,li1,262.4300,149.6000,1.799998
FILLER_50_544,VPWR,li1,261.0500,149.6000,1.799998
FILLER_50_533,VPWR,li1,255.9900,149.6000,1.799998
FILLER_50_530,VPWR,li1,254.3800,149.6000,1.799997
FILLER_50_523,VPWR,li1,251.3900,149.6000,1.799997
FILLER_50_520,VPWR,li1,250.0100,149.6000,1.799996
FILLER_50_517,VPWR,li1,248.6300,149.6000,1.799996
FILLER_50_495,VPWR,li1,238.0500,149.6000,1.799996
FILLER_50_492,VPWR,li1,237.1300,149.6000,1.799996
FILLER_50_489,VPWR,li1,235.7500,149.6000,1.799997
FILLER_50_486,VPWR,li1,234.3700,149.6000,1.799997
FILLER_50_477,VPWR,li1,229.7700,149.6000,1.799997
FILLER_50_464,VPWR,li1,224.2500,149.6000,1.799998
FILLER_50_432,VPWR,li1,209.5300,149.6000,1.799996
FILLER_50_429,VPWR,li1,208.1500,149.6000,1.799997
FILLER_50_416,VPWR,li1,201.7100,149.6000,1.799997
FILLER_50_404,VPWR,li1,196.6500,149.6000,1.799997
FILLER_50_374,VPWR,li1,182.3900,149.6000,1.799995
FILLER_50_371,VPWR,li1,181.4700,149.6000,1.799995
FILLER_50_368,VPWR,li1,180.0900,149.6000,1.799995
FILLER_50_365,VPWR,li1,178.7100,149.6000,1.799995
FILLER_50_362,VPWR,li1,177.1000,149.6000,1.799995
FILLER_50_332,VPWR,li1,163.0700,149.6000,1.799995
FILLER_50_329,VPWR,li1,162.1500,149.6000,1.799995
FILLER_50_326,VPWR,li1,160.7700,149.6000,1.799995
FILLER_50_307,VPWR,li1,151.5700,149.6000,1.799993
FILLER_50_285,VPWR,li1,141.4500,149.6000,1.799994
FILLER_50_261,VPWR,li1,130.8700,149.6000,1.799996
FILLER_50_248,VPWR,li1,124.4300,149.6000,1.799996
FILLER_50_245,VPWR,li1,123.5100,149.6000,1.799996
FILLER_50_242,VPWR,li1,122.1300,149.6000,1.799996
FILLER_50_239,VPWR,li1,120.7500,149.6000,1.799996
FILLER_50_236,VPWR,li1,119.3700,149.6000,1.799996
FILLER_50_233,VPWR,li1,117.9900,149.6000,1.799996
FILLER_50_225,VPWR,li1,113.8500,149.6000,1.799997
FILLER_50_222,VPWR,li1,112.9300,149.6000,1.799997
FILLER_50_219,VPWR,li1,111.5500,149.6000,1.799998
FILLER_50_211,VPWR,li1,107.4100,149.6000,1.799998
FILLER_50_208,VPWR,li1,106.4900,149.6000,1.799998
FILLER_50_200,VPWR,li1,102.3500,149.6000,1.799999
FILLER_50_197,VPWR,li1,101.4300,149.6000,1.799999
FILLER_50_194,VPWR,li1,99.8200,149.6000,1.799999
FILLER_50_191,VPWR,li1,98.6700,149.6000,1.799999
FILLER_50_188,VPWR,li1,97.2900,149.6000,1.799999
FILLER_50_185,VPWR,li1,95.9100,149.6000,1.799999
FILLER_50_182,VPWR,li1,94.5300,149.6000,1.799999
FILLER_50_165,VPWR,li1,86.2500,149.6000,1.799999
FILLER_50_162,VPWR,li1,85.3300,149.6000,1.799999
FILLER_50_159,VPWR,li1,83.9500,149.6000,1.799999
FILLER_50_156,VPWR,li1,82.5700,149.6000,1.799999
FILLER_50_153,VPWR,li1,81.1900,149.6000,1.799999
FILLER_50_150,VPWR,li1,79.8100,149.6000,1.799999
FILLER_50_147,VPWR,li1,78.4300,149.6000,1.799999
FILLER_50_144,VPWR,li1,77.0500,149.6000,1.799999
FILLER_50_141,VPWR,li1,75.6700,149.6000,1.799999
FILLER_50_139,VPWR,li1,74.2900,149.6000,1.799999
FILLER_50_136,VPWR,li1,73.3700,149.6000,1.799998
FILLER_50_133,VPWR,li1,71.9900,149.6000,1.799998
FILLER_50_130,VPWR,li1,70.6100,149.6000,1.799998
FILLER_50_127,VPWR,li1,69.2300,149.6000,1.799998
FILLER_50_124,VPWR,li1,67.8500,149.6000,1.799997
FILLER_50_121,VPWR,li1,66.4700,149.6000,1.799997
FILLER_50_85,VPWR,li1,49.9100,149.6000,1.799996
FILLER_50_74,VPWR,li1,44.6200,149.6000,1.799996
FILLER_50_71,VPWR,li1,43.4700,149.6000,1.799996
FILLER_50_68,VPWR,li1,42.0900,149.6000,1.799995
FILLER_50_65,VPWR,li1,40.7100,149.6000,1.799995
FILLER_50_51,VPWR,li1,34.0400,149.6000,1.799993
FILLER_50_33,VPWR,li1,25.5300,149.6000,1.799992
FILLER_49_647,VPWR,li1,307.9700,144.1600,1.799994
FILLER_49_644,VPWR,li1,307.0500,144.1600,1.799994
FILLER_49_641,VPWR,li1,305.6700,144.1600,1.799994
FILLER_49_638,VPWR,li1,304.2900,144.1600,1.799994
FILLER_49_635,VPWR,li1,302.9100,144.1600,1.799994
FILLER_49_632,VPWR,li1,301.5300,144.1600,1.799994
FILLER_49_629,VPWR,li1,300.1500,144.1600,1.799994
FILLER_49_626,VPWR,li1,298.7700,144.1600,1.799994
FILLER_49_623,VPWR,li1,297.3900,144.1600,1.799994
FILLER_49_620,VPWR,li1,296.0100,144.1600,1.799994
FILLER_49_617,VPWR,li1,294.6300,144.1600,1.799994
FILLER_49_615,VPWR,li1,293.2500,144.1600,1.799994
FILLER_49_612,VPWR,li1,292.3300,144.1600,1.799994
FILLER_49_609,VPWR,li1,290.9500,144.1600,1.799994
FILLER_49_606,VPWR,li1,289.5700,144.1600,1.799994
FILLER_49_537,VPWR,li1,257.6000,144.1600,1.799994
FILLER_49_513,VPWR,li1,246.7900,144.1600,1.799995
FILLER_49_510,VPWR,li1,245.4100,144.1600,1.799994
FILLER_49_505,VPWR,li1,242.8800,144.1600,1.799994
FILLER_49_501,VPWR,li1,241.2700,144.1600,1.799994
FILLER_49_498,VPWR,li1,239.8900,144.1600,1.799994
FILLER_49_495,VPWR,li1,238.5100,144.1600,1.799994
FILLER_49_492,VPWR,li1,237.1300,144.1600,1.799994
FILLER_49_489,VPWR,li1,235.7500,144.1600,1.799994
FILLER_49_486,VPWR,li1,234.3700,144.1600,1.799994
FILLER_49_464,VPWR,li1,223.7900,144.1600,1.799995
FILLER_49_461,VPWR,li1,222.8700,144.1600,1.799995
FILLER_49_458,VPWR,li1,221.4900,144.1600,1.799995
FILLER_49_445,VPWR,li1,215.5100,144.1600,1.799994
FILLER_49_440,VPWR,li1,212.9800,144.1600,1.799994
FILLER_49_437,VPWR,li1,211.8300,144.1600,1.799994
FILLER_49_434,VPWR,li1,210.4500,144.1600,1.799994
FILLER_49_431,VPWR,li1,209.0700,144.1600,1.799994
FILLER_49_428,VPWR,li1,207.6900,144.1600,1.799994
FILLER_49_406,VPWR,li1,197.1100,144.1600,1.799996
FILLER_49_403,VPWR,li1,196.1900,144.1600,1.799997
FILLER_49_400,VPWR,li1,194.8100,144.1600,1.799997
FILLER_49_397,VPWR,li1,193.4300,144.1600,1.799997
FILLER_49_391,VPWR,li1,190.2100,144.1600,1.799997
FILLER_49_385,VPWR,li1,187.9100,144.1600,1.799998
FILLER_49_382,VPWR,li1,186.5300,144.1600,1.799998
FILLER_49_373,VPWR,li1,182.3900,144.1600,1.799998
FILLER_49_370,VPWR,li1,181.0100,144.1600,1.799998
FILLER_49_367,VPWR,li1,179.6300,144.1600,1.799998
FILLER_49_364,VPWR,li1,178.2500,144.1600,1.799998
FILLER_49_361,VPWR,li1,176.8700,144.1600,1.799998
FILLER_49_358,VPWR,li1,175.4900,144.1600,1.799998
FILLER_49_355,VPWR,li1,174.1100,144.1600,1.799999
FILLER_49_352,VPWR,li1,172.7300,144.1600,1.799999
FILLER_49_349,VPWR,li1,171.3500,144.1600,1.799999
FILLER_49_337,VPWR,li1,165.8300,144.1600,1.799999
FILLER_49_329,VPWR,li1,162.1500,144.1600,1.799999
FILLER_49_318,VPWR,li1,157.0900,144.1600,1.799999
FILLER_49_311,VPWR,li1,153.6400,144.1600,1.799999
FILLER_49_299,VPWR,li1,147.8900,144.1600,1.799999
FILLER_49_289,VPWR,li1,143.2900,144.1600,1.799999
FILLER_49_278,VPWR,li1,138.4600,144.1600,1.799999
FILLER_49_274,VPWR,li1,136.3900,144.1600,1.799999
FILLER_49_264,VPWR,li1,131.7900,144.1600,1.799999
FILLER_49_221,VPWR,li1,112.4700,144.1600,1.799997
FILLER_49_218,VPWR,li1,111.0900,144.1600,1.799998
FILLER_49_215,VPWR,li1,109.7100,144.1600,1.799998
FILLER_49_208,VPWR,li1,106.0300,144.1600,1.799998
FILLER_49_205,VPWR,li1,105.1100,144.1600,1.799998
FILLER_49_202,VPWR,li1,103.7300,144.1600,1.799998
FILLER_49_199,VPWR,li1,102.3500,144.1600,1.799998
FILLER_49_196,VPWR,li1,100.9700,144.1600,1.799998
FILLER_49_193,VPWR,li1,99.5900,144.1600,1.799998
FILLER_49_190,VPWR,li1,98.2100,144.1600,1.799998
FILLER_49_187,VPWR,li1,96.8300,144.1600,1.799998
FILLER_49_184,VPWR,li1,95.4500,144.1600,1.799997
FILLER_49_181,VPWR,li1,94.0700,144.1600,1.799997
FILLER_49_178,VPWR,li1,92.6900,144.1600,1.799997
FILLER_49_175,VPWR,li1,91.3100,144.1600,1.799997
FILLER_49_172,VPWR,li1,89.9300,144.1600,1.799997
FILLER_49_169,VPWR,li1,88.5500,144.1600,1.799997
FILLER_49_166,VPWR,li1,86.9400,144.1600,1.799997
FILLER_49_163,VPWR,li1,85.7900,144.1600,1.799997
FILLER_49_160,VPWR,li1,84.4100,144.1600,1.799997
FILLER_49_157,VPWR,li1,83.0300,144.1600,1.799997
FILLER_49_154,VPWR,li1,81.6500,144.1600,1.799996
FILLER_49_151,VPWR,li1,80.2700,144.1600,1.799996
FILLER_49_148,VPWR,li1,78.8900,144.1600,1.799996
FILLER_49_142,VPWR,li1,75.6700,144.1600,1.799996
FILLER_49_139,VPWR,li1,74.7500,144.1600,1.799996
FILLER_49_136,VPWR,li1,73.3700,144.1600,1.799995
FILLER_49_133,VPWR,li1,71.9900,144.1600,1.799994
FILLER_49_130,VPWR,li1,70.6100,144.1600,1.799994
FILLER_49_127,VPWR,li1,69.2300,144.1600,1.799992
FILLER_49_124,VPWR,li1,67.8500,144.1600,1.799992
FILLER_49_121,VPWR,li1,66.4700,144.1600,1.799991
FILLER_49_111,VPWR,li1,61.4100,144.1600,1.799988
FILLER_49_99,VPWR,li1,56.3500,144.1600,1.799986
FILLER_49_57,VPWR,li1,36.5700,144.1600,1.799981
FILLER_49_51,VPWR,li1,33.8100,144.1600,1.799982
FILLER_49_41,VPWR,li1,29.4400,144.1600,1.799984
FILLER_49_11,VPWR,li1,15.4100,144.1600,1.799993
FILLER_48_645,VPWR,li1,307.5100,144.1600,1.799994
FILLER_48_643,VPWR,li1,306.1300,144.1600,1.799994
FILLER_48_640,VPWR,li1,305.2100,144.1600,1.799994
FILLER_48_637,VPWR,li1,303.8300,144.1600,1.799994
FILLER_48_634,VPWR,li1,302.4500,144.1600,1.799994
FILLER_48_631,VPWR,li1,301.0700,144.1600,1.799994
FILLER_48_628,VPWR,li1,299.6900,144.1600,1.799994
FILLER_48_625,VPWR,li1,298.3100,144.1600,1.799994
FILLER_48_622,VPWR,li1,296.9300,144.1600,1.799994
FILLER_48_619,VPWR,li1,295.5500,144.1600,1.799994
FILLER_48_616,VPWR,li1,294.1700,144.1600,1.799994
FILLER_48_613,VPWR,li1,292.7900,144.1600,1.799994
FILLER_48_589,VPWR,li1,281.7500,144.1600,1.799993
FILLER_48_586,VPWR,li1,280.1400,144.1600,1.799993
FILLER_48_575,VPWR,li1,275.0800,144.1600,1.799993
FILLER_48_572,VPWR,li1,273.9300,144.1600,1.799992
FILLER_48_569,VPWR,li1,272.5500,144.1600,1.799992
FILLER_48_557,VPWR,li1,267.0300,144.1600,1.799993
FILLER_48_545,VPWR,li1,261.0500,144.1600,1.799994
FILLER_48_542,VPWR,li1,260.1300,144.1600,1.799994
FILLER_48_539,VPWR,li1,258.7500,144.1600,1.799994
FILLER_48_536,VPWR,li1,257.3700,144.1600,1.799994
FILLER_48_531,VPWR,li1,254.6100,144.1600,1.799995
FILLER_48_522,VPWR,li1,250.4700,144.1600,1.799995
FILLER_48_519,VPWR,li1,249.5500,144.1600,1.799995
FILLER_48_516,VPWR,li1,248.1700,144.1600,1.799995
FILLER_48_506,VPWR,li1,243.1100,144.1600,1.799994
FILLER_48_503,VPWR,li1,242.1900,144.1600,1.799994
FILLER_48_483,VPWR,li1,232.9900,144.1600,1.799994
FILLER_48_480,VPWR,li1,231.6100,144.1600,1.799994
FILLER_48_475,VPWR,li1,228.8500,144.1600,1.799994
FILLER_48_430,VPWR,li1,208.6100,144.1600,1.799994
FILLER_48_427,VPWR,li1,207.2300,144.1600,1.799994
FILLER_48_424,VPWR,li1,205.8500,144.1600,1.799994
FILLER_48_417,VPWR,li1,202.6300,144.1600,1.799995
FILLER_48_414,VPWR,li1,201.2500,144.1600,1.799995
FILLER_48_404,VPWR,li1,196.4200,144.1600,1.799997
FILLER_48_401,VPWR,li1,195.2700,144.1600,1.799997
FILLER_48_398,VPWR,li1,193.8900,144.1600,1.799997
FILLER_48_395,VPWR,li1,192.5100,144.1600,1.799997
FILLER_48_392,VPWR,li1,191.1300,144.1600,1.799997
FILLER_48_389,VPWR,li1,189.7500,144.1600,1.799997
FILLER_48_371,VPWR,li1,181.0100,144.1600,1.799998
FILLER_48_365,VPWR,li1,178.7100,144.1600,1.799998
FILLER_48_361,VPWR,li1,176.8700,144.1600,1.799998
FILLER_48_358,VPWR,li1,175.4900,144.1600,1.799998
FILLER_48_355,VPWR,li1,174.1100,144.1600,1.799999
FILLER_48_350,VPWR,li1,171.5800,144.1600,1.799999
FILLER_48_347,VPWR,li1,170.4300,144.1600,1.799999
FILLER_48_344,VPWR,li1,169.0500,144.1600,1.799999
FILLER_48_341,VPWR,li1,167.6700,144.1600,1.799999
FILLER_48_338,VPWR,li1,166.2900,144.1600,1.799999
FILLER_48_335,VPWR,li1,164.9100,144.1600,1.799999
FILLER_48_332,VPWR,li1,163.5300,144.1600,1.799999
FILLER_48_329,VPWR,li1,162.1500,144.1600,1.799999
FILLER_48_321,VPWR,li1,158.0100,144.1600,1.799999
FILLER_48_318,VPWR,li1,157.0900,144.1600,1.799999
FILLER_48_315,VPWR,li1,155.7100,144.1600,1.799999
FILLER_48_312,VPWR,li1,154.3300,144.1600,1.799999
FILLER_48_309,VPWR,li1,152.9500,144.1600,1.799999
FILLER_48_305,VPWR,li1,151.1100,144.1600,1.799999
FILLER_48_302,VPWR,li1,149.7300,144.1600,1.799999
FILLER_48_294,VPWR,li1,145.8200,144.1600,1.799999
FILLER_48_291,VPWR,li1,144.6700,144.1600,1.799999
FILLER_48_288,VPWR,li1,143.2900,144.1600,1.799999
FILLER_48_285,VPWR,li1,141.9100,144.1600,1.799999
FILLER_48_282,VPWR,li1,140.5300,144.1600,1.799999
FILLER_48_279,VPWR,li1,139.1500,144.1600,1.799999
FILLER_48_271,VPWR,li1,135.0100,144.1600,1.799999
FILLER_48_268,VPWR,li1,134.0900,144.1600,1.799999
FILLER_48_265,VPWR,li1,132.7100,144.1600,1.799999
FILLER_48_262,VPWR,li1,131.3300,144.1600,1.799998
FILLER_48_259,VPWR,li1,129.9500,144.1600,1.799998
FILLER_48_256,VPWR,li1,128.5700,144.1600,1.799998
FILLER_48_253,VPWR,li1,127.1900,144.1600,1.799998
FILLER_48_250,VPWR,li1,125.5800,144.1600,1.799998
FILLER_48_247,VPWR,li1,124.4300,144.1600,1.799998
FILLER_48_235,VPWR,li1,118.4500,144.1600,1.799997
FILLER_48_227,VPWR,li1,114.7700,144.1600,1.799997
FILLER_48_224,VPWR,li1,113.8500,144.1600,1.799997
FILLER_48_221,VPWR,li1,112.4700,144.1600,1.799997
FILLER_48_218,VPWR,li1,111.0900,144.1600,1.799998
FILLER_48_215,VPWR,li1,109.7100,144.1600,1.799998
FILLER_48_212,VPWR,li1,108.3300,144.1600,1.799998
FILLER_48_209,VPWR,li1,106.9500,144.1600,1.799998
FILLER_48_206,VPWR,li1,105.5700,144.1600,1.799998
FILLER_48_197,VPWR,li1,100.9700,144.1600,1.799998
FILLER_48_194,VPWR,li1,99.8200,144.1600,1.799998
FILLER_48_170,VPWR,li1,88.5500,144.1600,1.799997
FILLER_48_167,VPWR,li1,87.6300,144.1600,1.799997
FILLER_48_164,VPWR,li1,86.2500,144.1600,1.799997
FILLER_48_161,VPWR,li1,84.8700,144.1600,1.799997
FILLER_48_153,VPWR,li1,80.7300,144.1600,1.799996
FILLER_48_150,VPWR,li1,79.8100,144.1600,1.799996
FILLER_48_147,VPWR,li1,78.4300,144.1600,1.799996
FILLER_48_144,VPWR,li1,77.0500,144.1600,1.799996
FILLER_48_141,VPWR,li1,75.6700,144.1600,1.799996
FILLER_48_118,VPWR,li1,64.8600,144.1600,1.799990
FILLER_48_91,VPWR,li1,52.2100,144.1600,1.799984
FILLER_48_88,VPWR,li1,51.2900,144.1600,1.799984
FILLER_48_85,VPWR,li1,49.9100,144.1600,1.799984
FILLER_48_83,VPWR,li1,48.5300,144.1600,1.799984
FILLER_48_48,VPWR,li1,32.4300,144.1600,1.799983
FILLER_48_29,VPWR,li1,23.9200,144.1600,1.799987
FILLER_47_647,VPWR,li1,307.9700,138.7200,1.799986
FILLER_47_644,VPWR,li1,307.0500,138.7200,1.799986
FILLER_47_641,VPWR,li1,305.6700,138.7200,1.799986
FILLER_47_638,VPWR,li1,304.2900,138.7200,1.799986
FILLER_47_635,VPWR,li1,302.9100,138.7200,1.799986
FILLER_47_632,VPWR,li1,301.5300,138.7200,1.799986
FILLER_47_629,VPWR,li1,300.1500,138.7200,1.799986
FILLER_47_626,VPWR,li1,298.7700,138.7200,1.799986
FILLER_47_623,VPWR,li1,297.3900,138.7200,1.799986
FILLER_47_620,VPWR,li1,296.0100,138.7200,1.799986
FILLER_47_617,VPWR,li1,294.6300,138.7200,1.799986
FILLER_47_613,VPWR,li1,292.7900,138.7200,1.799986
FILLER_47_610,VPWR,li1,291.4100,138.7200,1.799986
FILLER_47_607,VPWR,li1,290.0300,138.7200,1.799986
FILLER_47_573,VPWR,li1,274.3900,138.7200,1.799984
FILLER_47_567,VPWR,li1,271.4000,138.7200,1.799985
FILLER_47_564,VPWR,li1,270.2500,138.7200,1.799986
FILLER_47_561,VPWR,li1,268.8700,138.7200,1.799986
FILLER_47_559,VPWR,li1,267.4900,138.7200,1.799987
FILLER_47_556,VPWR,li1,266.5700,138.7200,1.799987
FILLER_47_553,VPWR,li1,265.1900,138.7200,1.799988
FILLER_47_550,VPWR,li1,263.8100,138.7200,1.799990
FILLER_47_547,VPWR,li1,262.4300,138.7200,1.799990
FILLER_47_538,VPWR,li1,257.8300,138.7200,1.799992
FILLER_47_535,VPWR,li1,256.9100,138.7200,1.799993
FILLER_47_501,VPWR,li1,241.2700,138.7200,1.799995
FILLER_47_498,VPWR,li1,239.8900,138.7200,1.799995
FILLER_47_495,VPWR,li1,238.5100,138.7200,1.799995
FILLER_47_492,VPWR,li1,237.1300,138.7200,1.799996
FILLER_47_489,VPWR,li1,235.7500,138.7200,1.799996
FILLER_47_486,VPWR,li1,234.3700,138.7200,1.799996
FILLER_47_483,VPWR,li1,232.9900,138.7200,1.799996
FILLER_47_480,VPWR,li1,231.6100,138.7200,1.799996
FILLER_47_477,VPWR,li1,230.2300,138.7200,1.799997
FILLER_47_474,VPWR,li1,228.8500,138.7200,1.799997
FILLER_47_471,VPWR,li1,227.4700,138.7200,1.799997
FILLER_47_468,VPWR,li1,226.0900,138.7200,1.799998
FILLER_47_465,VPWR,li1,224.7100,138.7200,1.799997
FILLER_47_460,VPWR,li1,222.1800,138.7200,1.799997
FILLER_47_457,VPWR,li1,221.0300,138.7200,1.799997
FILLER_47_445,VPWR,li1,215.5100,138.7200,1.799996
FILLER_47_442,VPWR,li1,214.1300,138.7200,1.799996
FILLER_47_435,VPWR,li1,210.4500,138.7200,1.799996
FILLER_47_389,VPWR,li1,189.7500,138.7200,1.799995
FILLER_47_386,VPWR,li1,188.3700,138.7200,1.799995
FILLER_47_383,VPWR,li1,186.9900,138.7200,1.799995
FILLER_47_380,VPWR,li1,185.6100,138.7200,1.799994
FILLER_47_337,VPWR,li1,165.3700,138.7200,1.799996
FILLER_47_333,VPWR,li1,163.9900,138.7200,1.799996
FILLER_47_311,VPWR,li1,153.4100,138.7200,1.799994
FILLER_47_308,VPWR,li1,152.4900,138.7200,1.799994
FILLER_47_284,VPWR,li1,141.4500,138.7200,1.799996
FILLER_47_281,VPWR,li1,140.0700,138.7200,1.799996
FILLER_47_278,VPWR,li1,138.4600,138.7200,1.799997
FILLER_47_275,VPWR,li1,137.3100,138.7200,1.799997
FILLER_47_265,VPWR,li1,132.2500,138.7200,1.799997
FILLER_47_262,VPWR,li1,131.3300,138.7200,1.799997
FILLER_47_259,VPWR,li1,129.9500,138.7200,1.799997
FILLER_47_249,VPWR,li1,125.3500,138.7200,1.799997
FILLER_47_246,VPWR,li1,123.9700,138.7200,1.799997
FILLER_47_221,VPWR,li1,112.4700,138.7200,1.799997
FILLER_47_214,VPWR,li1,109.2500,138.7200,1.799998
FILLER_47_211,VPWR,li1,107.8700,138.7200,1.799998
FILLER_47_195,VPWR,li1,100.5100,138.7200,1.799999
FILLER_47_192,VPWR,li1,99.1300,138.7200,1.799999
FILLER_47_189,VPWR,li1,97.7500,138.7200,1.799999
FILLER_47_186,VPWR,li1,96.3700,138.7200,1.799999
FILLER_47_175,VPWR,li1,90.8500,138.7200,1.799999
FILLER_47_172,VPWR,li1,89.9300,138.7200,1.799999
FILLER_47_169,VPWR,li1,88.5500,138.7200,1.799999
FILLER_47_167,VPWR,li1,87.1700,138.7200,1.799999
FILLER_47_164,VPWR,li1,86.2500,138.7200,1.799999
FILLER_47_161,VPWR,li1,84.8700,138.7200,1.799999
FILLER_47_158,VPWR,li1,83.4900,138.7200,1.799999
FILLER_47_155,VPWR,li1,82.1100,138.7200,1.799999
FILLER_47_152,VPWR,li1,80.7300,138.7200,1.799999
FILLER_47_149,VPWR,li1,79.3500,138.7200,1.799999
FILLER_47_146,VPWR,li1,77.9700,138.7200,1.799999
FILLER_47_143,VPWR,li1,76.5900,138.7200,1.799999
FILLER_47_140,VPWR,li1,75.2100,138.7200,1.799999
FILLER_47_137,VPWR,li1,73.8300,138.7200,1.799998
FILLER_47_134,VPWR,li1,72.4500,138.7200,1.799998
FILLER_47_131,VPWR,li1,71.0700,138.7200,1.799998
FILLER_47_128,VPWR,li1,69.6900,138.7200,1.799998
FILLER_47_119,VPWR,li1,65.0900,138.7200,1.799997
FILLER_47_116,VPWR,li1,64.1700,138.7200,1.799997
FILLER_47_113,VPWR,li1,62.7900,138.7200,1.799997
FILLER_47_109,VPWR,li1,60.9500,138.7200,1.799996
FILLER_47_106,VPWR,li1,59.5700,138.7200,1.799996
FILLER_47_103,VPWR,li1,58.1900,138.7200,1.799996
FILLER_47_83,VPWR,li1,48.9900,138.7200,1.799996
FILLER_47_74,VPWR,li1,44.3900,138.7200,1.799996
FILLER_47_57,VPWR,li1,36.5700,138.7200,1.799993
FILLER_47_54,VPWR,li1,35.4200,138.7200,1.799993
FILLER_47_51,VPWR,li1,34.2700,138.7200,1.799993
FILLER_47_48,VPWR,li1,32.8900,138.7200,1.799993
FILLER_47_39,VPWR,li1,28.2900,138.7200,1.799993
FILLER_47_3,VPWR,li1,11.9600,138.7200,1.799996
FILLER_46_645,VPWR,li1,307.5100,138.7200,1.799986
FILLER_46_641,VPWR,li1,305.6700,138.7200,1.799986
FILLER_46_638,VPWR,li1,304.2900,138.7200,1.799986
FILLER_46_635,VPWR,li1,302.9100,138.7200,1.799986
FILLER_46_632,VPWR,li1,301.5300,138.7200,1.799986
FILLER_46_629,VPWR,li1,300.1500,138.7200,1.799986
FILLER_46_626,VPWR,li1,298.7700,138.7200,1.799986
FILLER_46_623,VPWR,li1,297.3900,138.7200,1.799986
FILLER_46_620,VPWR,li1,296.0100,138.7200,1.799986
FILLER_46_617,VPWR,li1,294.6300,138.7200,1.799986
FILLER_46_614,VPWR,li1,293.2500,138.7200,1.799986
FILLER_46_611,VPWR,li1,291.8700,138.7200,1.799986
FILLER_46_608,VPWR,li1,290.4900,138.7200,1.799986
FILLER_46_604,VPWR,li1,288.1900,138.7200,1.799986
FILLER_46_595,VPWR,li1,284.0500,138.7200,1.799982
FILLER_46_592,VPWR,li1,283.1300,138.7200,1.799982
FILLER_46_589,VPWR,li1,281.7500,138.7200,1.799983
FILLER_46_578,VPWR,li1,276.2300,138.7200,1.799984
FILLER_46_575,VPWR,li1,275.3100,138.7200,1.799984
FILLER_46_552,VPWR,li1,264.5000,138.7200,1.799988
FILLER_46_549,VPWR,li1,263.3500,138.7200,1.799990
FILLER_46_539,VPWR,li1,258.5200,138.7200,1.799992
FILLER_46_536,VPWR,li1,257.3700,138.7200,1.799993
FILLER_46_533,VPWR,li1,255.9900,138.7200,1.799993
FILLER_46_529,VPWR,li1,254.1500,138.7200,1.799995
FILLER_46_524,VPWR,li1,251.3900,138.7200,1.799994
FILLER_46_502,VPWR,li1,241.5000,138.7200,1.799995
FILLER_46_499,VPWR,li1,240.3500,138.7200,1.799995
FILLER_46_496,VPWR,li1,238.9700,138.7200,1.799995
FILLER_46_493,VPWR,li1,237.5900,138.7200,1.799995
FILLER_46_490,VPWR,li1,236.2100,138.7200,1.799996
FILLER_46_487,VPWR,li1,234.8300,138.7200,1.799996
FILLER_46_484,VPWR,li1,233.4500,138.7200,1.799996
FILLER_46_481,VPWR,li1,232.0700,138.7200,1.799996
FILLER_46_471,VPWR,li1,227.2400,138.7200,1.799997
FILLER_46_468,VPWR,li1,226.0900,138.7200,1.799998
FILLER_46_465,VPWR,li1,224.7100,138.7200,1.799997
FILLER_46_462,VPWR,li1,223.3300,138.7200,1.799997
FILLER_46_459,VPWR,li1,221.9500,138.7200,1.799997
FILLER_46_456,VPWR,li1,220.5700,138.7200,1.799997
FILLER_46_445,VPWR,li1,215.5100,138.7200,1.799996
FILLER_46_435,VPWR,li1,210.6800,138.7200,1.799996
FILLER_46_424,VPWR,li1,205.6200,138.7200,1.799995
FILLER_46_421,VPWR,li1,204.4700,138.7200,1.799995
FILLER_46_407,VPWR,li1,197.5700,138.7200,1.799996
FILLER_46_404,VPWR,li1,196.6500,138.7200,1.799996
FILLER_46_401,VPWR,li1,195.2700,138.7200,1.799996
FILLER_46_391,VPWR,li1,190.6700,138.7200,1.799995
FILLER_46_388,VPWR,li1,189.2900,138.7200,1.799995
FILLER_46_377,VPWR,li1,184.2300,138.7200,1.799994
FILLER_46_374,VPWR,li1,182.8500,138.7200,1.799994
FILLER_46_371,VPWR,li1,181.4700,138.7200,1.799994
FILLER_46_368,VPWR,li1,180.0900,138.7200,1.799993
FILLER_46_365,VPWR,li1,178.7100,138.7200,1.799993
FILLER_46_363,VPWR,li1,177.3300,138.7200,1.799994
FILLER_46_360,VPWR,li1,176.4100,138.7200,1.799994
FILLER_46_345,VPWR,li1,169.2800,138.7200,1.799994
FILLER_46_339,VPWR,li1,166.2900,138.7200,1.799995
FILLER_46_336,VPWR,li1,165.3700,138.7200,1.799996
FILLER_46_333,VPWR,li1,163.9900,138.7200,1.799996
FILLER_46_323,VPWR,li1,159.1600,138.7200,1.799994
FILLER_46_312,VPWR,li1,154.1000,138.7200,1.799994
FILLER_46_309,VPWR,li1,152.9500,138.7200,1.799994
FILLER_46_286,VPWR,li1,142.1400,138.7200,1.799996
FILLER_46_283,VPWR,li1,140.9900,138.7200,1.799996
FILLER_46_265,VPWR,li1,132.7100,138.7200,1.799997
FILLER_46_262,VPWR,li1,131.3300,138.7200,1.799997
FILLER_46_259,VPWR,li1,129.9500,138.7200,1.799997
FILLER_46_256,VPWR,li1,128.5700,138.7200,1.799997
FILLER_46_253,VPWR,li1,127.1900,138.7200,1.799997
FILLER_46_250,VPWR,li1,125.5800,138.7200,1.799997
FILLER_46_247,VPWR,li1,124.4300,138.7200,1.799997
FILLER_46_244,VPWR,li1,123.0500,138.7200,1.799997
FILLER_46_228,VPWR,li1,115.2300,138.7200,1.799997
FILLER_46_225,VPWR,li1,114.3100,138.7200,1.799997
FILLER_46_222,VPWR,li1,112.9300,138.7200,1.799997
FILLER_46_219,VPWR,li1,111.5500,138.7200,1.799998
FILLER_46_216,VPWR,li1,110.1700,138.7200,1.799998
FILLER_46_213,VPWR,li1,108.7900,138.7200,1.799998
FILLER_46_197,VPWR,li1,101.2000,138.7200,1.799999
FILLER_46_194,VPWR,li1,99.8200,138.7200,1.799999
FILLER_46_191,VPWR,li1,98.6700,138.7200,1.799999
FILLER_46_188,VPWR,li1,97.2900,138.7200,1.799999
FILLER_46_185,VPWR,li1,95.9100,138.7200,1.799999
FILLER_46_182,VPWR,li1,94.5300,138.7200,1.799999
FILLER_46_179,VPWR,li1,93.1500,138.7200,1.799999
FILLER_46_165,VPWR,li1,86.2500,138.7200,1.799999
FILLER_46_162,VPWR,li1,85.3300,138.7200,1.799999
FILLER_46_159,VPWR,li1,83.9500,138.7200,1.799999
FILLER_46_156,VPWR,li1,82.5700,138.7200,1.799999
FILLER_46_144,VPWR,li1,76.8200,138.7200,1.799999
FILLER_46_141,VPWR,li1,75.6700,138.7200,1.799999
FILLER_46_139,VPWR,li1,74.2900,138.7200,1.799998
FILLER_46_136,VPWR,li1,73.3700,138.7200,1.799998
FILLER_46_133,VPWR,li1,71.9900,138.7200,1.799998
FILLER_46_130,VPWR,li1,70.6100,138.7200,1.799998
FILLER_46_127,VPWR,li1,69.2300,138.7200,1.799998
FILLER_46_124,VPWR,li1,67.8500,138.7200,1.799997
FILLER_46_121,VPWR,li1,66.4700,138.7200,1.799997
FILLER_46_103,VPWR,li1,57.7300,138.7200,1.799996
FILLER_46_93,VPWR,li1,53.3600,138.7200,1.799995
FILLER_46_74,VPWR,li1,44.6200,138.7200,1.799996
FILLER_46_38,VPWR,li1,28.0600,138.7200,1.799993
FILLER_46_35,VPWR,li1,26.9100,138.7200,1.799993
FILLER_46_32,VPWR,li1,25.5300,138.7200,1.799993
FILLER_46_29,VPWR,li1,24.1500,138.7200,1.799993
FILLER_46_11,VPWR,li1,15.4100,138.7200,1.799996
FILLER_45_647,VPWR,li1,307.9700,133.2800,1.799996
FILLER_45_644,VPWR,li1,307.0500,133.2800,1.799996
FILLER_45_641,VPWR,li1,305.6700,133.2800,1.799996
FILLER_45_638,VPWR,li1,304.2900,133.2800,1.799996
FILLER_45_635,VPWR,li1,302.9100,133.2800,1.799996
FILLER_45_632,VPWR,li1,301.5300,133.2800,1.799996
FILLER_45_629,VPWR,li1,300.1500,133.2800,1.799996
FILLER_45_626,VPWR,li1,298.7700,133.2800,1.799996
FILLER_45_623,VPWR,li1,297.3900,133.2800,1.799996
FILLER_45_620,VPWR,li1,296.0100,133.2800,1.799996
FILLER_45_617,VPWR,li1,294.6300,133.2800,1.799996
FILLER_45_613,VPWR,li1,292.7900,133.2800,1.799996
FILLER_45_576,VPWR,li1,275.5400,133.2800,1.799995
FILLER_45_573,VPWR,li1,274.3900,133.2800,1.799995
FILLER_45_570,VPWR,li1,273.0100,133.2800,1.799995
FILLER_45_557,VPWR,li1,267.0300,133.2800,1.799995
FILLER_45_554,VPWR,li1,265.6500,133.2800,1.799995
FILLER_45_551,VPWR,li1,264.2700,133.2800,1.799995
FILLER_45_548,VPWR,li1,262.8900,133.2800,1.799995
FILLER_45_536,VPWR,li1,257.3700,133.2800,1.799995
FILLER_45_532,VPWR,li1,255.0700,133.2800,1.799995
FILLER_45_520,VPWR,li1,249.5500,133.2800,1.799993
FILLER_45_517,VPWR,li1,248.6300,133.2800,1.799993
FILLER_45_505,VPWR,li1,243.1100,133.2800,1.799991
FILLER_45_502,VPWR,li1,241.5000,133.2800,1.799991
FILLER_45_462,VPWR,li1,222.8700,133.2800,1.799983
FILLER_45_459,VPWR,li1,221.9500,133.2800,1.799979
FILLER_45_456,VPWR,li1,220.5700,133.2800,1.799979
FILLER_45_453,VPWR,li1,219.1900,133.2800,1.799981
FILLER_45_449,VPWR,li1,216.8900,133.2800,1.799982
FILLER_45_445,VPWR,li1,215.5100,133.2800,1.799982
FILLER_45_442,VPWR,li1,214.1300,133.2800,1.799983
FILLER_45_439,VPWR,li1,212.7500,133.2800,1.799984
FILLER_45_436,VPWR,li1,211.3700,133.2800,1.799984
FILLER_45_426,VPWR,li1,206.5400,133.2800,1.799986
FILLER_45_423,VPWR,li1,205.3900,133.2800,1.799986
FILLER_45_414,VPWR,li1,200.7900,133.2800,1.799989
FILLER_45_411,VPWR,li1,199.8700,133.2800,1.799990
FILLER_45_408,VPWR,li1,198.4900,133.2800,1.799990
FILLER_45_401,VPWR,li1,195.2700,133.2800,1.799992
FILLER_45_398,VPWR,li1,193.8900,133.2800,1.799992
FILLER_45_389,VPWR,li1,189.7500,133.2800,1.799989
FILLER_45_386,VPWR,li1,188.3700,133.2800,1.799989
FILLER_45_383,VPWR,li1,186.9900,133.2800,1.799988
FILLER_45_373,VPWR,li1,181.9300,133.2800,1.799986
FILLER_45_370,VPWR,li1,181.0100,133.2800,1.799985
FILLER_45_367,VPWR,li1,179.6300,133.2800,1.799985
FILLER_45_364,VPWR,li1,178.2500,133.2800,1.799984
FILLER_45_354,VPWR,li1,173.1900,133.2800,1.799981
FILLER_45_351,VPWR,li1,172.2700,133.2800,1.799981
FILLER_45_348,VPWR,li1,170.8900,133.2800,1.799980
FILLER_45_343,VPWR,li1,168.3600,133.2800,1.799983
FILLER_45_340,VPWR,li1,167.2100,133.2800,1.799983
FILLER_45_334,VPWR,li1,164.2200,133.2800,1.799988
FILLER_45_321,VPWR,li1,158.0100,133.2800,1.799990
FILLER_45_318,VPWR,li1,157.0900,133.2800,1.799990
FILLER_45_315,VPWR,li1,155.7100,133.2800,1.799990
FILLER_45_312,VPWR,li1,154.3300,133.2800,1.799990
FILLER_45_309,VPWR,li1,152.9500,133.2800,1.799991
FILLER_45_293,VPWR,li1,145.1300,133.2800,1.799993
FILLER_45_290,VPWR,li1,144.2100,133.2800,1.799994
FILLER_45_287,VPWR,li1,142.8300,133.2800,1.799995
FILLER_45_284,VPWR,li1,141.4500,133.2800,1.799995
FILLER_45_281,VPWR,li1,140.0700,133.2800,1.799995
FILLER_45_279,VPWR,li1,138.6900,133.2800,1.799996
FILLER_45_276,VPWR,li1,137.7700,133.2800,1.799996
FILLER_45_273,VPWR,li1,136.3900,133.2800,1.799997
FILLER_45_270,VPWR,li1,135.0100,133.2800,1.799997
FILLER_45_267,VPWR,li1,133.6300,133.2800,1.799996
FILLER_45_244,VPWR,li1,122.8200,133.2800,1.799997
FILLER_45_241,VPWR,li1,121.6700,133.2800,1.799997
FILLER_45_238,VPWR,li1,120.2900,133.2800,1.799997
FILLER_45_231,VPWR,li1,116.6100,133.2800,1.799997
FILLER_45_228,VPWR,li1,115.6900,133.2800,1.799998
FILLER_45_225,VPWR,li1,114.3100,133.2800,1.799998
FILLER_45_221,VPWR,li1,112.4700,133.2800,1.799998
FILLER_45_218,VPWR,li1,111.0900,133.2800,1.799998
FILLER_45_215,VPWR,li1,109.7100,133.2800,1.799998
FILLER_45_212,VPWR,li1,108.3300,133.2800,1.799999
FILLER_45_209,VPWR,li1,106.9500,133.2800,1.799999
FILLER_45_206,VPWR,li1,105.5700,133.2800,1.799999
FILLER_45_203,VPWR,li1,104.1900,133.2800,1.799999
FILLER_45_200,VPWR,li1,102.8100,133.2800,1.799999
FILLER_45_197,VPWR,li1,101.4300,133.2800,1.799999
FILLER_45_194,VPWR,li1,100.0500,133.2800,1.799999
FILLER_45_191,VPWR,li1,98.6700,133.2800,1.799999
FILLER_45_188,VPWR,li1,97.2900,133.2800,1.799999
FILLER_45_185,VPWR,li1,95.9100,133.2800,1.799999
FILLER_45_182,VPWR,li1,94.5300,133.2800,1.799999
FILLER_45_179,VPWR,li1,93.1500,133.2800,1.799999
FILLER_45_176,VPWR,li1,91.7700,133.2800,1.799999
FILLER_45_166,VPWR,li1,86.9400,133.2800,1.799999
FILLER_45_163,VPWR,li1,85.7900,133.2800,1.799999
FILLER_45_160,VPWR,li1,84.4100,133.2800,1.799999
FILLER_45_157,VPWR,li1,83.0300,133.2800,1.799999
FILLER_45_154,VPWR,li1,81.6500,133.2800,1.799999
FILLER_45_151,VPWR,li1,80.2700,133.2800,1.799999
FILLER_45_148,VPWR,li1,78.8900,133.2800,1.799999
FILLER_45_134,VPWR,li1,71.9900,133.2800,1.799998
FILLER_45_131,VPWR,li1,71.0700,133.2800,1.799998
FILLER_45_128,VPWR,li1,69.6900,133.2800,1.799998
FILLER_45_125,VPWR,li1,68.3100,133.2800,1.799998
FILLER_45_122,VPWR,li1,66.9300,133.2800,1.799997
FILLER_45_119,VPWR,li1,65.5500,133.2800,1.799997
FILLER_45_116,VPWR,li1,64.1700,133.2800,1.799997
FILLER_45_113,VPWR,li1,62.7900,133.2800,1.799997
FILLER_45_94,VPWR,li1,53.5900,133.2800,1.799996
FILLER_45_88,VPWR,li1,51.0600,133.2800,1.799996
FILLER_45_69,VPWR,li1,42.3200,133.2800,1.799996
FILLER_45_66,VPWR,li1,41.1700,133.2800,1.799996
FILLER_45_38,VPWR,li1,28.0600,133.2800,1.799994
FILLER_45_26,VPWR,li1,22.7700,133.2800,1.799995
FILLER_45_21,VPWR,li1,20.2400,133.2800,1.799995
FILLER_45_18,VPWR,li1,19.0900,133.2800,1.799995
FILLER_45_15,VPWR,li1,17.7100,133.2800,1.799995
FILLER_45_12,VPWR,li1,16.3300,133.2800,1.799996
FILLER_45_9,VPWR,li1,14.9500,133.2800,1.799997
FILLER_45_6,VPWR,li1,13.5700,133.2800,1.799997
FILLER_45_3,VPWR,li1,12.1900,133.2800,1.799997
FILLER_44_645,VPWR,li1,307.5100,133.2800,1.799996
FILLER_44_643,VPWR,li1,306.1300,133.2800,1.799996
FILLER_44_640,VPWR,li1,305.2100,133.2800,1.799996
FILLER_44_637,VPWR,li1,303.8300,133.2800,1.799996
FILLER_44_634,VPWR,li1,302.4500,133.2800,1.799996
FILLER_44_631,VPWR,li1,301.0700,133.2800,1.799996
FILLER_44_628,VPWR,li1,299.6900,133.2800,1.799996
FILLER_44_625,VPWR,li1,298.3100,133.2800,1.799996
FILLER_44_622,VPWR,li1,296.9300,133.2800,1.799996
FILLER_44_619,VPWR,li1,295.5500,133.2800,1.799996
FILLER_44_616,VPWR,li1,294.1700,133.2800,1.799996
FILLER_44_613,VPWR,li1,292.7900,133.2800,1.799996
FILLER_44_585,VPWR,li1,279.9100,133.2800,1.799995
FILLER_44_582,VPWR,li1,278.5300,133.2800,1.799995
FILLER_44_579,VPWR,li1,277.1500,133.2800,1.799995
FILLER_44_570,VPWR,li1,272.5500,133.2800,1.799995
FILLER_44_567,VPWR,li1,271.6300,133.2800,1.799995
FILLER_44_563,VPWR,li1,269.3300,133.2800,1.799995
FILLER_44_560,VPWR,li1,268.4100,133.2800,1.799995
FILLER_44_557,VPWR,li1,267.0300,133.2800,1.799995
FILLER_44_553,VPWR,li1,264.7300,133.2800,1.799995
FILLER_44_550,VPWR,li1,263.8100,133.2800,1.799995
FILLER_44_547,VPWR,li1,262.4300,133.2800,1.799995
FILLER_44_544,VPWR,li1,261.0500,133.2800,1.799995
FILLER_44_541,VPWR,li1,259.6700,133.2800,1.799995
FILLER_44_510,VPWR,li1,244.9500,133.2800,1.799992
FILLER_44_507,VPWR,li1,244.0300,133.2800,1.799991
FILLER_44_504,VPWR,li1,242.6500,133.2800,1.799991
FILLER_44_501,VPWR,li1,241.2700,133.2800,1.799991
FILLER_44_498,VPWR,li1,239.8900,133.2800,1.799990
FILLER_44_495,VPWR,li1,238.5100,133.2800,1.799990
FILLER_44_492,VPWR,li1,237.1300,133.2800,1.799990
FILLER_44_489,VPWR,li1,235.7500,133.2800,1.799989
FILLER_44_473,VPWR,li1,228.3900,133.2800,1.799987
FILLER_44_470,VPWR,li1,227.0100,133.2800,1.799987
FILLER_44_441,VPWR,li1,213.2100,133.2800,1.799983
FILLER_44_438,VPWR,li1,212.2900,133.2800,1.799984
FILLER_44_421,VPWR,li1,204.0100,133.2800,1.799988
FILLER_44_419,VPWR,li1,203.0900,133.2800,1.799988
FILLER_44_416,VPWR,li1,202.1700,133.2800,1.799989
FILLER_44_411,VPWR,li1,199.6400,133.2800,1.799990
FILLER_44_408,VPWR,li1,198.4900,133.2800,1.799990
FILLER_44_405,VPWR,li1,197.1100,133.2800,1.799991
FILLER_44_402,VPWR,li1,195.7300,133.2800,1.799991
FILLER_44_399,VPWR,li1,194.3500,133.2800,1.799992
FILLER_44_396,VPWR,li1,192.9700,133.2800,1.799991
FILLER_44_393,VPWR,li1,191.5900,133.2800,1.799990
FILLER_44_390,VPWR,li1,190.2100,133.2800,1.799990
FILLER_44_387,VPWR,li1,188.8300,133.2800,1.799989
FILLER_44_384,VPWR,li1,187.4500,133.2800,1.799988
FILLER_44_381,VPWR,li1,186.0700,133.2800,1.799988
FILLER_44_378,VPWR,li1,184.6900,133.2800,1.799987
FILLER_44_375,VPWR,li1,183.3100,133.2800,1.799986
FILLER_44_372,VPWR,li1,181.9300,133.2800,1.799986
FILLER_44_363,VPWR,li1,177.3300,133.2800,1.799984
FILLER_44_360,VPWR,li1,176.4100,133.2800,1.799983
FILLER_44_309,VPWR,li1,152.4900,133.2800,1.799991
FILLER_44_307,VPWR,li1,151.5700,133.2800,1.799992
FILLER_44_304,VPWR,li1,150.6500,133.2800,1.799992
FILLER_44_297,VPWR,li1,147.2000,133.2800,1.799993
FILLER_44_294,VPWR,li1,146.0500,133.2800,1.799993
FILLER_44_291,VPWR,li1,144.6700,133.2800,1.799994
FILLER_44_288,VPWR,li1,143.2900,133.2800,1.799994
FILLER_44_285,VPWR,li1,141.9100,133.2800,1.799995
FILLER_44_282,VPWR,li1,140.5300,133.2800,1.799995
FILLER_44_279,VPWR,li1,139.1500,133.2800,1.799995
FILLER_44_271,VPWR,li1,135.2400,133.2800,1.799997
FILLER_44_268,VPWR,li1,134.0900,133.2800,1.799996
FILLER_44_265,VPWR,li1,132.7100,133.2800,1.799996
FILLER_44_262,VPWR,li1,131.3300,133.2800,1.799996
FILLER_44_259,VPWR,li1,129.9500,133.2800,1.799996
FILLER_44_253,VPWR,li1,127.1900,133.2800,1.799996
FILLER_44_250,VPWR,li1,125.5800,133.2800,1.799996
FILLER_44_247,VPWR,li1,124.4300,133.2800,1.799997
FILLER_44_244,VPWR,li1,123.0500,133.2800,1.799997
FILLER_44_241,VPWR,li1,121.6700,133.2800,1.799997
FILLER_44_238,VPWR,li1,120.2900,133.2800,1.799997
FILLER_44_228,VPWR,li1,115.2300,133.2800,1.799998
FILLER_44_225,VPWR,li1,114.3100,133.2800,1.799998
FILLER_44_222,VPWR,li1,112.9300,133.2800,1.799998
FILLER_44_203,VPWR,li1,103.9600,133.2800,1.799999
FILLER_44_200,VPWR,li1,102.8100,133.2800,1.799999
FILLER_44_197,VPWR,li1,101.4300,133.2800,1.799999
FILLER_44_177,VPWR,li1,92.2300,133.2800,1.799999
FILLER_44_174,VPWR,li1,90.8500,133.2800,1.799999
FILLER_44_171,VPWR,li1,89.4700,133.2800,1.799999
FILLER_44_168,VPWR,li1,88.0900,133.2800,1.799999
FILLER_44_165,VPWR,li1,86.7100,133.2800,1.799999
FILLER_44_162,VPWR,li1,85.3300,133.2800,1.799999
FILLER_44_159,VPWR,li1,83.9500,133.2800,1.799999
FILLER_44_156,VPWR,li1,82.5700,133.2800,1.799999
FILLER_44_153,VPWR,li1,81.1900,133.2800,1.799999
FILLER_44_150,VPWR,li1,79.8100,133.2800,1.799999
FILLER_44_147,VPWR,li1,78.4300,133.2800,1.799999
FILLER_44_144,VPWR,li1,77.0500,133.2800,1.799999
FILLER_44_141,VPWR,li1,75.6700,133.2800,1.799999
FILLER_44_138,VPWR,li1,74.0600,133.2800,1.799999
FILLER_44_135,VPWR,li1,72.9100,133.2800,1.799998
FILLER_44_132,VPWR,li1,71.5300,133.2800,1.799998
FILLER_44_129,VPWR,li1,70.1500,133.2800,1.799998
FILLER_44_111,VPWR,li1,61.4100,133.2800,1.799997
FILLER_44_108,VPWR,li1,60.4900,133.2800,1.799996
FILLER_44_105,VPWR,li1,59.1100,133.2800,1.799996
FILLER_44_94,VPWR,li1,54.0500,133.2800,1.799996
FILLER_44_91,VPWR,li1,52.6700,133.2800,1.799996
FILLER_44_88,VPWR,li1,51.2900,133.2800,1.799996
FILLER_44_85,VPWR,li1,49.9100,133.2800,1.799996
FILLER_44_67,VPWR,li1,41.1700,133.2800,1.799996
FILLER_44_64,VPWR,li1,40.2500,133.2800,1.799996
FILLER_44_61,VPWR,li1,38.8700,133.2800,1.799996
FILLER_44_58,VPWR,li1,37.4900,133.2800,1.799995
FILLER_44_55,VPWR,li1,36.1100,133.2800,1.799995
FILLER_44_52,VPWR,li1,34.7300,133.2800,1.799995
FILLER_44_49,VPWR,li1,33.3500,133.2800,1.799995
FILLER_44_29,VPWR,li1,24.1500,133.2800,1.799995
FILLER_43_647,VPWR,li1,307.9700,127.8400,1.799994
FILLER_43_644,VPWR,li1,307.0500,127.8400,1.799994
FILLER_43_641,VPWR,li1,305.6700,127.8400,1.799994
FILLER_43_638,VPWR,li1,304.2900,127.8400,1.799994
FILLER_43_635,VPWR,li1,302.9100,127.8400,1.799994
FILLER_43_632,VPWR,li1,301.5300,127.8400,1.799994
FILLER_43_629,VPWR,li1,300.1500,127.8400,1.799994
FILLER_43_626,VPWR,li1,298.7700,127.8400,1.799994
FILLER_43_623,VPWR,li1,297.3900,127.8400,1.799994
FILLER_43_620,VPWR,li1,296.0100,127.8400,1.799994
FILLER_43_614,VPWR,li1,293.0200,127.8400,1.799994
FILLER_43_576,VPWR,li1,275.3100,127.8400,1.799991
FILLER_43_573,VPWR,li1,274.3900,127.8400,1.799991
FILLER_43_570,VPWR,li1,273.0100,127.8400,1.799991
FILLER_43_567,VPWR,li1,271.6300,127.8400,1.799991
FILLER_43_564,VPWR,li1,270.2500,127.8400,1.799991
FILLER_43_561,VPWR,li1,268.8700,127.8400,1.799991
FILLER_43_537,VPWR,li1,257.6000,127.8400,1.799994
FILLER_43_505,VPWR,li1,242.8800,127.8400,1.799993
FILLER_43_503,VPWR,li1,241.7300,127.8400,1.799993
FILLER_43_484,VPWR,li1,233.4500,127.8400,1.799994
FILLER_43_481,VPWR,li1,232.0700,127.8400,1.799994
FILLER_43_470,VPWR,li1,227.0100,127.8400,1.799995
FILLER_43_445,VPWR,li1,215.5100,127.8400,1.799994
FILLER_43_442,VPWR,li1,214.1300,127.8400,1.799994
FILLER_43_351,VPWR,li1,172.0400,127.8400,1.799996
FILLER_43_348,VPWR,li1,170.8900,127.8400,1.799996
FILLER_43_345,VPWR,li1,169.5100,127.8400,1.799996
FILLER_43_334,VPWR,li1,164.2200,127.8400,1.799997
FILLER_43_310,VPWR,li1,152.9500,127.8400,1.799997
FILLER_43_307,VPWR,li1,152.0300,127.8400,1.799997
FILLER_43_304,VPWR,li1,150.6500,127.8400,1.799997
FILLER_43_301,VPWR,li1,149.2700,127.8400,1.799997
FILLER_43_290,VPWR,li1,143.9800,127.8400,1.799998
FILLER_43_287,VPWR,li1,142.8300,127.8400,1.799998
FILLER_43_284,VPWR,li1,141.4500,127.8400,1.799998
FILLER_43_281,VPWR,li1,140.0700,127.8400,1.799999
FILLER_43_271,VPWR,li1,135.0100,127.8400,1.799999
FILLER_43_260,VPWR,li1,130.1800,127.8400,1.799999
FILLER_43_244,VPWR,li1,123.0500,127.8400,1.799999
FILLER_43_241,VPWR,li1,121.6700,127.8400,1.799999
FILLER_43_238,VPWR,li1,120.2900,127.8400,1.799999
FILLER_43_228,VPWR,li1,115.4600,127.8400,1.799999
FILLER_43_225,VPWR,li1,114.3100,127.8400,1.799999
FILLER_43_221,VPWR,li1,112.4700,127.8400,1.799999
FILLER_43_212,VPWR,li1,108.3300,127.8400,1.799999
FILLER_43_209,VPWR,li1,106.9500,127.8400,1.799999
FILLER_43_206,VPWR,li1,105.5700,127.8400,1.799999
FILLER_43_203,VPWR,li1,104.1900,127.8400,1.799999
FILLER_43_200,VPWR,li1,102.8100,127.8400,1.799999
FILLER_43_197,VPWR,li1,101.4300,127.8400,1.799999
FILLER_43_186,VPWR,li1,96.3700,127.8400,1.799999
FILLER_43_183,VPWR,li1,94.9900,127.8400,1.799999
FILLER_43_180,VPWR,li1,93.6100,127.8400,1.799999
FILLER_43_177,VPWR,li1,92.2300,127.8400,1.799999
FILLER_43_174,VPWR,li1,90.8500,127.8400,1.799999
FILLER_43_158,VPWR,li1,83.2600,127.8400,1.799998
FILLER_43_147,VPWR,li1,78.2000,127.8400,1.799998
FILLER_43_134,VPWR,li1,71.9900,127.8400,1.799997
FILLER_43_131,VPWR,li1,71.0700,127.8400,1.799997
FILLER_43_125,VPWR,li1,68.0800,127.8400,1.799996
FILLER_43_122,VPWR,li1,66.9300,127.8400,1.799995
FILLER_43_119,VPWR,li1,65.5500,127.8400,1.799995
FILLER_43_116,VPWR,li1,64.1700,127.8400,1.799995
FILLER_43_113,VPWR,li1,62.7900,127.8400,1.799994
FILLER_43_111,VPWR,li1,61.4100,127.8400,1.799994
FILLER_43_108,VPWR,li1,60.4900,127.8400,1.799993
FILLER_43_105,VPWR,li1,59.1100,127.8400,1.799993
FILLER_43_69,VPWR,li1,42.3200,127.8400,1.799988
FILLER_43_66,VPWR,li1,41.1700,127.8400,1.799988
FILLER_43_63,VPWR,li1,39.7900,127.8400,1.799986
FILLER_43_60,VPWR,li1,38.4100,127.8400,1.799986
FILLER_43_57,VPWR,li1,37.0300,127.8400,1.799984
FILLER_43_51,VPWR,li1,33.8100,127.8400,1.799982
FILLER_43_20,VPWR,li1,20.0100,127.8400,1.799981
FILLER_43_11,VPWR,li1,15.4100,127.8400,1.799987
FILLER_42_645,VPWR,li1,307.5100,127.8400,1.799994
FILLER_42_642,VPWR,li1,305.9000,127.8400,1.799994
FILLER_42_639,VPWR,li1,304.7500,127.8400,1.799994
FILLER_42_636,VPWR,li1,303.3700,127.8400,1.799994
FILLER_42_633,VPWR,li1,301.9900,127.8400,1.799994
FILLER_42_630,VPWR,li1,300.6100,127.8400,1.799994
FILLER_42_627,VPWR,li1,299.2300,127.8400,1.799994
FILLER_42_624,VPWR,li1,297.8500,127.8400,1.799994
FILLER_42_621,VPWR,li1,296.4700,127.8400,1.799994
FILLER_42_618,VPWR,li1,295.0900,127.8400,1.799994
FILLER_42_615,VPWR,li1,293.7100,127.8400,1.799994
FILLER_42_592,VPWR,li1,282.9000,127.8400,1.799994
FILLER_42_565,VPWR,li1,270.4800,127.8400,1.799991
FILLER_42_562,VPWR,li1,269.3300,127.8400,1.799991
FILLER_42_542,VPWR,li1,259.9000,127.8400,1.799993
FILLER_42_539,VPWR,li1,258.7500,127.8400,1.799993
FILLER_42_536,VPWR,li1,257.3700,127.8400,1.799994
FILLER_42_533,VPWR,li1,255.9900,127.8400,1.799994
FILLER_42_531,VPWR,li1,254.6100,127.8400,1.799995
FILLER_42_528,VPWR,li1,253.6900,127.8400,1.799995
FILLER_42_519,VPWR,li1,249.0900,127.8400,1.799994
FILLER_42_516,VPWR,li1,248.1700,127.8400,1.799993
FILLER_42_513,VPWR,li1,246.7900,127.8400,1.799993
FILLER_42_510,VPWR,li1,245.4100,127.8400,1.799993
FILLER_42_474,VPWR,li1,228.6200,127.8400,1.799994
FILLER_42_471,VPWR,li1,227.4700,127.8400,1.799995
FILLER_42_468,VPWR,li1,226.0900,127.8400,1.799995
FILLER_42_456,VPWR,li1,220.1100,127.8400,1.799994
FILLER_42_445,VPWR,li1,215.2800,127.8400,1.799994
FILLER_42_425,VPWR,li1,206.3100,127.8400,1.799993
FILLER_42_421,VPWR,li1,204.0100,127.8400,1.799994
FILLER_42_414,VPWR,li1,200.7900,127.8400,1.799994
FILLER_42_403,VPWR,li1,196.1900,127.8400,1.799996
FILLER_42_400,VPWR,li1,194.8100,127.8400,1.799996
FILLER_42_393,VPWR,li1,191.3600,127.8400,1.799995
FILLER_42_384,VPWR,li1,186.9900,127.8400,1.799995
FILLER_42_374,VPWR,li1,182.3900,127.8400,1.799995
FILLER_42_371,VPWR,li1,181.4700,127.8400,1.799995
FILLER_42_368,VPWR,li1,180.0900,127.8400,1.799995
FILLER_42_365,VPWR,li1,178.7100,127.8400,1.799995
FILLER_42_361,VPWR,li1,176.8700,127.8400,1.799995
FILLER_42_352,VPWR,li1,172.2700,127.8400,1.799996
FILLER_42_342,VPWR,li1,167.6700,127.8400,1.799996
FILLER_42_336,VPWR,li1,164.9100,127.8400,1.799997
FILLER_42_333,VPWR,li1,163.9900,127.8400,1.799997
FILLER_42_309,VPWR,li1,152.9500,127.8400,1.799997
FILLER_42_301,VPWR,li1,149.2700,127.8400,1.799997
FILLER_42_298,VPWR,li1,147.8900,127.8400,1.799998
FILLER_42_287,VPWR,li1,142.6000,127.8400,1.799998
FILLER_42_284,VPWR,li1,141.4500,127.8400,1.799998
FILLER_42_281,VPWR,li1,140.0700,127.8400,1.799999
FILLER_42_273,VPWR,li1,135.9300,127.8400,1.799999
FILLER_42_270,VPWR,li1,135.0100,127.8400,1.799999
FILLER_42_267,VPWR,li1,133.6300,127.8400,1.799999
FILLER_42_264,VPWR,li1,132.2500,127.8400,1.799999
FILLER_42_253,VPWR,li1,126.7300,127.8400,1.799999
FILLER_42_249,VPWR,li1,125.3500,127.8400,1.799999
FILLER_42_246,VPWR,li1,123.9700,127.8400,1.799999
FILLER_42_239,VPWR,li1,120.7500,127.8400,1.799999
FILLER_42_236,VPWR,li1,119.3700,127.8400,1.799999
FILLER_42_233,VPWR,li1,117.9900,127.8400,1.799999
FILLER_42_230,VPWR,li1,116.6100,127.8400,1.799999
FILLER_42_227,VPWR,li1,115.2300,127.8400,1.799999
FILLER_42_224,VPWR,li1,113.8500,127.8400,1.799999
FILLER_42_221,VPWR,li1,112.4700,127.8400,1.799999
FILLER_42_218,VPWR,li1,111.0900,127.8400,1.799999
FILLER_42_215,VPWR,li1,109.7100,127.8400,1.799999
FILLER_42_212,VPWR,li1,108.3300,127.8400,1.799999
FILLER_42_209,VPWR,li1,106.9500,127.8400,1.799999
FILLER_42_206,VPWR,li1,105.5700,127.8400,1.799999
FILLER_42_203,VPWR,li1,104.1900,127.8400,1.799999
FILLER_42_200,VPWR,li1,102.8100,127.8400,1.799999
FILLER_42_197,VPWR,li1,101.4300,127.8400,1.799999
FILLER_42_194,VPWR,li1,99.8200,127.8400,1.799999
FILLER_42_191,VPWR,li1,98.6700,127.8400,1.799999
FILLER_42_188,VPWR,li1,97.2900,127.8400,1.799999
FILLER_42_185,VPWR,li1,95.9100,127.8400,1.799999
FILLER_42_182,VPWR,li1,94.5300,127.8400,1.799999
FILLER_42_179,VPWR,li1,93.1500,127.8400,1.799999
FILLER_42_176,VPWR,li1,91.7700,127.8400,1.799999
FILLER_42_173,VPWR,li1,90.3900,127.8400,1.799999
FILLER_42_166,VPWR,li1,86.9400,127.8400,1.799998
FILLER_42_163,VPWR,li1,85.7900,127.8400,1.799998
FILLER_42_160,VPWR,li1,84.4100,127.8400,1.799998
FILLER_42_157,VPWR,li1,83.0300,127.8400,1.799998
FILLER_42_147,VPWR,li1,78.2000,127.8400,1.799998
FILLER_42_144,VPWR,li1,77.0500,127.8400,1.799998
FILLER_42_141,VPWR,li1,75.6700,127.8400,1.799998
FILLER_42_138,VPWR,li1,74.0600,127.8400,1.799998
FILLER_42_135,VPWR,li1,72.9100,127.8400,1.799997
FILLER_42_132,VPWR,li1,71.5300,127.8400,1.799997
FILLER_42_129,VPWR,li1,70.1500,127.8400,1.799997
FILLER_42_126,VPWR,li1,68.7700,127.8400,1.799996
FILLER_42_123,VPWR,li1,67.3900,127.8400,1.799995
FILLER_42_120,VPWR,li1,66.0100,127.8400,1.799995
FILLER_42_85,VPWR,li1,49.4500,127.8400,1.799991
FILLER_42_73,VPWR,li1,44.1600,127.8400,1.799991
FILLER_42_50,VPWR,li1,33.8100,127.8400,1.799982
FILLER_42_32,VPWR,li1,25.0700,127.8400,1.799975
FILLER_42_29,VPWR,li1,24.1500,127.8400,1.799975
FILLER_42_27,VPWR,li1,22.7700,127.8400,1.799978
FILLER_42_24,VPWR,li1,21.8500,127.8400,1.799978
FILLER_42_21,VPWR,li1,20.4700,127.8400,1.799981
FILLER_42_3,VPWR,li1,11.7300,127.8400,1.799987
FILLER_41_647,VPWR,li1,307.9700,122.4000,1.799995
FILLER_41_644,VPWR,li1,307.0500,122.4000,1.799995
FILLER_41_641,VPWR,li1,305.6700,122.4000,1.799995
FILLER_41_638,VPWR,li1,304.2900,122.4000,1.799995
FILLER_41_635,VPWR,li1,302.9100,122.4000,1.799995
FILLER_41_632,VPWR,li1,301.5300,122.4000,1.799995
FILLER_41_629,VPWR,li1,300.1500,122.4000,1.799995
FILLER_41_626,VPWR,li1,298.7700,122.4000,1.799995
FILLER_41_623,VPWR,li1,297.3900,122.4000,1.799995
FILLER_41_620,VPWR,li1,296.0100,122.4000,1.799995
FILLER_41_617,VPWR,li1,294.6300,122.4000,1.799995
FILLER_41_594,VPWR,li1,283.5900,122.4000,1.799995
FILLER_41_591,VPWR,li1,282.6700,122.4000,1.799995
FILLER_41_588,VPWR,li1,281.2900,122.4000,1.799994
FILLER_41_585,VPWR,li1,279.9100,122.4000,1.799994
FILLER_41_571,VPWR,li1,273.4700,122.4000,1.799992
FILLER_41_559,VPWR,li1,267.4900,122.4000,1.799990
FILLER_41_551,VPWR,li1,264.0400,122.4000,1.799989
FILLER_41_548,VPWR,li1,262.8900,122.4000,1.799989
FILLER_41_539,VPWR,li1,258.2900,122.4000,1.799988
FILLER_41_536,VPWR,li1,257.3700,122.4000,1.799988
FILLER_41_527,VPWR,li1,252.7700,122.4000,1.799984
FILLER_41_505,VPWR,li1,242.8800,122.4000,1.799979
FILLER_41_501,VPWR,li1,241.2700,122.4000,1.799979
FILLER_41_498,VPWR,li1,239.8900,122.4000,1.799980
FILLER_41_493,VPWR,li1,237.3600,122.4000,1.799981
FILLER_41_490,VPWR,li1,236.2100,122.4000,1.799982
FILLER_41_484,VPWR,li1,233.4500,122.4000,1.799983
FILLER_41_481,VPWR,li1,232.0700,122.4000,1.799985
FILLER_41_478,VPWR,li1,230.6900,122.4000,1.799985
FILLER_41_460,VPWR,li1,222.1800,122.4000,1.799987
FILLER_41_446,VPWR,li1,215.7400,122.4000,1.799982
FILLER_41_443,VPWR,li1,214.5900,122.4000,1.799982
FILLER_41_400,VPWR,li1,194.3500,122.4000,1.799991
FILLER_41_397,VPWR,li1,193.4300,122.4000,1.799991
FILLER_41_391,VPWR,li1,190.2100,122.4000,1.799990
FILLER_41_381,VPWR,li1,185.8400,122.4000,1.799990
FILLER_41_378,VPWR,li1,184.6900,122.4000,1.799990
FILLER_41_366,VPWR,li1,178.9400,122.4000,1.799990
FILLER_41_337,VPWR,li1,165.3700,122.4000,1.799993
FILLER_41_335,VPWR,li1,164.4500,122.4000,1.799994
FILLER_41_332,VPWR,li1,163.5300,122.4000,1.799994
FILLER_41_329,VPWR,li1,162.1500,122.4000,1.799994
FILLER_41_326,VPWR,li1,160.7700,122.4000,1.799994
FILLER_41_323,VPWR,li1,159.3900,122.4000,1.799994
FILLER_41_320,VPWR,li1,158.0100,122.4000,1.799994
FILLER_41_317,VPWR,li1,156.6300,122.4000,1.799994
FILLER_41_305,VPWR,li1,150.8800,122.4000,1.799993
FILLER_41_302,VPWR,li1,149.7300,122.4000,1.799993
FILLER_41_299,VPWR,li1,148.3500,122.4000,1.799993
FILLER_41_296,VPWR,li1,146.9700,122.4000,1.799993
FILLER_41_284,VPWR,li1,140.9900,122.4000,1.799994
FILLER_41_281,VPWR,li1,140.0700,122.4000,1.799994
FILLER_41_278,VPWR,li1,138.4600,122.4000,1.799994
FILLER_41_275,VPWR,li1,137.3100,122.4000,1.799995
FILLER_41_272,VPWR,li1,135.9300,122.4000,1.799995
FILLER_41_269,VPWR,li1,134.5500,122.4000,1.799995
FILLER_41_266,VPWR,li1,133.1700,122.4000,1.799995
FILLER_41_244,VPWR,li1,122.5900,122.4000,1.799993
FILLER_41_231,VPWR,li1,116.8400,122.4000,1.799993
FILLER_41_228,VPWR,li1,115.6900,122.4000,1.799993
FILLER_41_225,VPWR,li1,114.3100,122.4000,1.799993
FILLER_41_216,VPWR,li1,109.7100,122.4000,1.799994
FILLER_41_204,VPWR,li1,104.1900,122.4000,1.799994
FILLER_41_201,VPWR,li1,103.2700,122.4000,1.799994
FILLER_41_198,VPWR,li1,101.8900,122.4000,1.799992
FILLER_41_195,VPWR,li1,100.5100,122.4000,1.799992
FILLER_41_187,VPWR,li1,96.8300,122.4000,1.799991
FILLER_41_184,VPWR,li1,95.4500,122.4000,1.799989
FILLER_41_181,VPWR,li1,94.0700,122.4000,1.799989
FILLER_41_178,VPWR,li1,92.6900,122.4000,1.799988
FILLER_41_175,VPWR,li1,91.3100,122.4000,1.799987
FILLER_41_172,VPWR,li1,89.9300,122.4000,1.799987
FILLER_41_169,VPWR,li1,88.5500,122.4000,1.799986
FILLER_41_167,VPWR,li1,87.1700,122.4000,1.799986
FILLER_41_164,VPWR,li1,86.2500,122.4000,1.799985
FILLER_41_161,VPWR,li1,84.8700,122.4000,1.799985
FILLER_41_158,VPWR,li1,83.4900,122.4000,1.799983
FILLER_41_155,VPWR,li1,82.1100,122.4000,1.799983
FILLER_41_127,VPWR,li1,68.7700,122.4000,1.799985
FILLER_41_119,VPWR,li1,65.3200,122.4000,1.799985
FILLER_41_116,VPWR,li1,64.1700,122.4000,1.799985
FILLER_41_113,VPWR,li1,62.7900,122.4000,1.799985
FILLER_41_76,VPWR,li1,45.5400,122.4000,1.799992
FILLER_41_73,VPWR,li1,44.3900,122.4000,1.799992
FILLER_41_57,VPWR,li1,36.5700,122.4000,1.799991
FILLER_41_54,VPWR,li1,35.4200,122.4000,1.799991
FILLER_41_49,VPWR,li1,32.8900,122.4000,1.799991
FILLER_41_46,VPWR,li1,31.9700,122.4000,1.799991
FILLER_41_36,VPWR,li1,27.1400,122.4000,1.799991
FILLER_40_645,VPWR,li1,307.5100,122.4000,1.799995
FILLER_40_642,VPWR,li1,305.9000,122.4000,1.799995
FILLER_40_639,VPWR,li1,304.7500,122.4000,1.799995
FILLER_40_636,VPWR,li1,303.3700,122.4000,1.799995
FILLER_40_633,VPWR,li1,301.9900,122.4000,1.799995
FILLER_40_630,VPWR,li1,300.6100,122.4000,1.799995
FILLER_40_627,VPWR,li1,299.2300,122.4000,1.799995
FILLER_40_624,VPWR,li1,297.8500,122.4000,1.799995
FILLER_40_621,VPWR,li1,296.4700,122.4000,1.799995
FILLER_40_618,VPWR,li1,295.0900,122.4000,1.799995
FILLER_40_615,VPWR,li1,293.7100,122.4000,1.799995
FILLER_40_612,VPWR,li1,292.3300,122.4000,1.799995
FILLER_40_609,VPWR,li1,290.9500,122.4000,1.799995
FILLER_40_589,VPWR,li1,281.7500,122.4000,1.799994
FILLER_40_585,VPWR,li1,279.9100,122.4000,1.799994
FILLER_40_572,VPWR,li1,273.7000,122.4000,1.799992
FILLER_40_569,VPWR,li1,272.5500,122.4000,1.799992
FILLER_40_566,VPWR,li1,271.1700,122.4000,1.799991
FILLER_40_563,VPWR,li1,269.7900,122.4000,1.799991
FILLER_40_553,VPWR,li1,264.9600,122.4000,1.799990
FILLER_40_548,VPWR,li1,262.6600,122.4000,1.799989
FILLER_40_545,VPWR,li1,261.5100,122.4000,1.799989
FILLER_40_542,VPWR,li1,260.1300,122.4000,1.799989
FILLER_40_539,VPWR,li1,258.7500,122.4000,1.799988
FILLER_40_536,VPWR,li1,257.3700,122.4000,1.799988
FILLER_40_533,VPWR,li1,255.9900,122.4000,1.799988
FILLER_40_529,VPWR,li1,254.1500,122.4000,1.799984
FILLER_40_526,VPWR,li1,252.7700,122.4000,1.799984
FILLER_40_503,VPWR,li1,241.9600,122.4000,1.799979
FILLER_40_500,VPWR,li1,240.8100,122.4000,1.799980
FILLER_40_497,VPWR,li1,239.4300,122.4000,1.799980
FILLER_40_494,VPWR,li1,238.0500,122.4000,1.799981
FILLER_40_491,VPWR,li1,236.6700,122.4000,1.799982
FILLER_40_488,VPWR,li1,235.2900,122.4000,1.799982
FILLER_40_485,VPWR,li1,233.9100,122.4000,1.799983
FILLER_40_468,VPWR,li1,225.8600,122.4000,1.799989
FILLER_40_462,VPWR,li1,223.1000,122.4000,1.799987
FILLER_40_400,VPWR,li1,194.8100,122.4000,1.799991
FILLER_40_397,VPWR,li1,193.4300,122.4000,1.799991
FILLER_40_371,VPWR,li1,181.0100,122.4000,1.799990
FILLER_40_368,VPWR,li1,180.0900,122.4000,1.799990
FILLER_40_365,VPWR,li1,178.7100,122.4000,1.799990
FILLER_40_362,VPWR,li1,177.1000,122.4000,1.799991
FILLER_40_352,VPWR,li1,172.5000,122.4000,1.799991
FILLER_40_327,VPWR,li1,160.7700,122.4000,1.799994
FILLER_40_324,VPWR,li1,159.8500,122.4000,1.799994
FILLER_40_321,VPWR,li1,158.4700,122.4000,1.799994
FILLER_40_315,VPWR,li1,155.4800,122.4000,1.799994
FILLER_40_312,VPWR,li1,154.3300,122.4000,1.799994
FILLER_40_309,VPWR,li1,152.9500,122.4000,1.799993
FILLER_40_306,VPWR,li1,151.3400,122.4000,1.799993
FILLER_40_270,VPWR,li1,134.5500,122.4000,1.799995
FILLER_40_267,VPWR,li1,133.6300,122.4000,1.799995
FILLER_40_259,VPWR,li1,129.9500,122.4000,1.799994
FILLER_40_256,VPWR,li1,128.5700,122.4000,1.799993
FILLER_40_253,VPWR,li1,127.1900,122.4000,1.799993
FILLER_40_249,VPWR,li1,125.3500,122.4000,1.799993
FILLER_40_246,VPWR,li1,123.9700,122.4000,1.799993
FILLER_40_224,VPWR,li1,113.3900,122.4000,1.799993
FILLER_40_221,VPWR,li1,112.4700,122.4000,1.799994
FILLER_40_218,VPWR,li1,111.0900,122.4000,1.799994
FILLER_40_215,VPWR,li1,109.7100,122.4000,1.799994
FILLER_40_212,VPWR,li1,108.3300,122.4000,1.799994
FILLER_40_209,VPWR,li1,106.9500,122.4000,1.799994
FILLER_40_206,VPWR,li1,105.5700,122.4000,1.799995
FILLER_40_203,VPWR,li1,104.1900,122.4000,1.799994
FILLER_40_200,VPWR,li1,102.8100,122.4000,1.799994
FILLER_40_197,VPWR,li1,101.4300,122.4000,1.799992
FILLER_40_193,VPWR,li1,99.5900,122.4000,1.799992
FILLER_40_190,VPWR,li1,98.2100,122.4000,1.799991
FILLER_40_187,VPWR,li1,96.8300,122.4000,1.799991
FILLER_40_184,VPWR,li1,95.4500,122.4000,1.799989
FILLER_40_177,VPWR,li1,92.0000,122.4000,1.799988
FILLER_40_174,VPWR,li1,90.8500,122.4000,1.799987
FILLER_40_164,VPWR,li1,86.0200,122.4000,1.799985
FILLER_40_161,VPWR,li1,84.8700,122.4000,1.799985
FILLER_40_150,VPWR,li1,79.3500,122.4000,1.799982
FILLER_40_147,VPWR,li1,78.4300,122.4000,1.799981
FILLER_40_144,VPWR,li1,77.0500,122.4000,1.799981
FILLER_40_141,VPWR,li1,75.6700,122.4000,1.799985
FILLER_40_138,VPWR,li1,74.0600,122.4000,1.799985
FILLER_40_128,VPWR,li1,69.6900,122.4000,1.799985
FILLER_40_125,VPWR,li1,68.3100,122.4000,1.799985
FILLER_40_122,VPWR,li1,66.9300,122.4000,1.799985
FILLER_40_119,VPWR,li1,65.5500,122.4000,1.799985
FILLER_40_116,VPWR,li1,64.1700,122.4000,1.799985
FILLER_40_113,VPWR,li1,62.7900,122.4000,1.799985
FILLER_40_110,VPWR,li1,61.4100,122.4000,1.799985
FILLER_40_91,VPWR,li1,52.4400,122.4000,1.799988
FILLER_40_88,VPWR,li1,51.2900,122.4000,1.799988
FILLER_40_85,VPWR,li1,49.9100,122.4000,1.799989
FILLER_40_66,VPWR,li1,40.7100,122.4000,1.799992
FILLER_40_63,VPWR,li1,39.7900,122.4000,1.799992
FILLER_40_49,VPWR,li1,32.8900,122.4000,1.799991
FILLER_40_46,VPWR,li1,31.9700,122.4000,1.799991
FILLER_40_27,VPWR,li1,22.7700,122.4000,1.799992
FILLER_40_24,VPWR,li1,21.8500,122.4000,1.799992
FILLER_40_6,VPWR,li1,13.1100,122.4000,1.799995
FILLER_40_3,VPWR,li1,12.1900,122.4000,1.799995
FILLER_39_647,VPWR,li1,307.9700,116.9600,1.799996
FILLER_39_644,VPWR,li1,307.0500,116.9600,1.799996
FILLER_39_641,VPWR,li1,305.6700,116.9600,1.799996
FILLER_39_638,VPWR,li1,304.2900,116.9600,1.799996
FILLER_39_635,VPWR,li1,302.9100,116.9600,1.799996
FILLER_39_632,VPWR,li1,301.5300,116.9600,1.799996
FILLER_39_629,VPWR,li1,300.1500,116.9600,1.799996
FILLER_39_626,VPWR,li1,298.7700,116.9600,1.799996
FILLER_39_623,VPWR,li1,297.3900,116.9600,1.799996
FILLER_39_620,VPWR,li1,296.0100,116.9600,1.799996
FILLER_39_617,VPWR,li1,294.6300,116.9600,1.799996
FILLER_39_615,VPWR,li1,293.2500,116.9600,1.799996
FILLER_39_612,VPWR,li1,292.3300,116.9600,1.799996
FILLER_39_609,VPWR,li1,290.9500,116.9600,1.799996
FILLER_39_557,VPWR,li1,267.0300,116.9600,1.799995
FILLER_39_554,VPWR,li1,265.6500,116.9600,1.799995
FILLER_39_551,VPWR,li1,264.2700,116.9600,1.799995
FILLER_39_529,VPWR,li1,253.6900,116.9600,1.799996
FILLER_39_526,VPWR,li1,252.7700,116.9600,1.799996
FILLER_39_505,VPWR,li1,242.6500,116.9600,1.799993
FILLER_39_501,VPWR,li1,241.2700,116.9600,1.799993
FILLER_39_498,VPWR,li1,239.8900,116.9600,1.799993
FILLER_39_495,VPWR,li1,238.5100,116.9600,1.799993
FILLER_39_484,VPWR,li1,233.4500,116.9600,1.799992
FILLER_39_481,VPWR,li1,232.0700,116.9600,1.799991
FILLER_39_478,VPWR,li1,230.6900,116.9600,1.799991
FILLER_39_475,VPWR,li1,229.3100,116.9600,1.799991
FILLER_39_472,VPWR,li1,227.9300,116.9600,1.799990
FILLER_39_469,VPWR,li1,226.5500,116.9600,1.799990
FILLER_39_466,VPWR,li1,225.1700,116.9600,1.799990
FILLER_39_463,VPWR,li1,223.7900,116.9600,1.799990
FILLER_39_447,VPWR,li1,215.9700,116.9600,1.799979
FILLER_39_416,VPWR,li1,202.1700,116.9600,1.799979
FILLER_39_408,VPWR,li1,198.0300,116.9600,1.799985
FILLER_39_405,VPWR,li1,197.1100,116.9600,1.799985
FILLER_39_402,VPWR,li1,195.7300,116.9600,1.799989
FILLER_39_399,VPWR,li1,194.3500,116.9600,1.799989
FILLER_39_396,VPWR,li1,192.9700,116.9600,1.799989
FILLER_39_393,VPWR,li1,191.5900,116.9600,1.799990
FILLER_39_391,VPWR,li1,190.2100,116.9600,1.799990
FILLER_39_388,VPWR,li1,189.2900,116.9600,1.799990
FILLER_39_377,VPWR,li1,183.7700,116.9600,1.799991
FILLER_39_374,VPWR,li1,182.8500,116.9600,1.799991
FILLER_39_371,VPWR,li1,181.4700,116.9600,1.799991
FILLER_39_368,VPWR,li1,180.0900,116.9600,1.799992
FILLER_39_365,VPWR,li1,178.7100,116.9600,1.799992
FILLER_39_362,VPWR,li1,177.3300,116.9600,1.799992
FILLER_39_359,VPWR,li1,175.9500,116.9600,1.799992
FILLER_39_356,VPWR,li1,174.5700,116.9600,1.799993
FILLER_39_351,VPWR,li1,172.0400,116.9600,1.799993
FILLER_39_348,VPWR,li1,170.8900,116.9600,1.799993
FILLER_39_337,VPWR,li1,165.8300,116.9600,1.799996
FILLER_39_335,VPWR,li1,164.4500,116.9600,1.799996
FILLER_39_326,VPWR,li1,160.5400,116.9600,1.799996
FILLER_39_318,VPWR,li1,156.6300,116.9600,1.799996
FILLER_39_315,VPWR,li1,155.7100,116.9600,1.799996
FILLER_39_312,VPWR,li1,154.3300,116.9600,1.799997
FILLER_39_309,VPWR,li1,152.9500,116.9600,1.799997
FILLER_39_306,VPWR,li1,151.5700,116.9600,1.799997
FILLER_39_298,VPWR,li1,147.4300,116.9600,1.799997
FILLER_39_295,VPWR,li1,146.5100,116.9600,1.799997
FILLER_39_290,VPWR,li1,143.9800,116.9600,1.799997
FILLER_39_287,VPWR,li1,142.8300,116.9600,1.799997
FILLER_39_284,VPWR,li1,141.4500,116.9600,1.799997
FILLER_39_281,VPWR,li1,140.0700,116.9600,1.799997
FILLER_39_279,VPWR,li1,138.6900,116.9600,1.799997
FILLER_39_270,VPWR,li1,134.7800,116.9600,1.799997
FILLER_39_267,VPWR,li1,133.6300,116.9600,1.799996
FILLER_39_264,VPWR,li1,132.2500,116.9600,1.799996
FILLER_39_231,VPWR,li1,116.6100,116.9600,1.799991
FILLER_39_228,VPWR,li1,115.6900,116.9600,1.799991
FILLER_39_225,VPWR,li1,114.3100,116.9600,1.799991
FILLER_39_223,VPWR,li1,112.9300,116.9600,1.799991
FILLER_39_220,VPWR,li1,112.0100,116.9600,1.799991
FILLER_39_217,VPWR,li1,110.6300,116.9600,1.799991
FILLER_39_214,VPWR,li1,109.2500,116.9600,1.799990
FILLER_39_211,VPWR,li1,107.8700,116.9600,1.799990
FILLER_39_208,VPWR,li1,106.4900,116.9600,1.799990
FILLER_39_205,VPWR,li1,105.1100,116.9600,1.799990
FILLER_39_202,VPWR,li1,103.7300,116.9600,1.799986
FILLER_39_199,VPWR,li1,102.3500,116.9600,1.799986
FILLER_39_196,VPWR,li1,100.9700,116.9600,1.799983
FILLER_39_193,VPWR,li1,99.5900,116.9600,1.799980
FILLER_39_190,VPWR,li1,98.2100,116.9600,1.799980
FILLER_39_175,VPWR,li1,90.8500,116.9600,1.799970
FILLER_39_172,VPWR,li1,89.9300,116.9600,1.799973
FILLER_39_169,VPWR,li1,88.5500,116.9600,1.799973
FILLER_39_167,VPWR,li1,87.1700,116.9600,1.799976
FILLER_39_164,VPWR,li1,86.2500,116.9600,1.799976
FILLER_39_161,VPWR,li1,84.8700,116.9600,1.799980
FILLER_39_158,VPWR,li1,83.4900,116.9600,1.799980
FILLER_39_155,VPWR,li1,82.1100,116.9600,1.799983
FILLER_39_152,VPWR,li1,80.7300,116.9600,1.799983
FILLER_39_149,VPWR,li1,79.3500,116.9600,1.799986
FILLER_39_146,VPWR,li1,77.9700,116.9600,1.799988
FILLER_39_143,VPWR,li1,76.5900,116.9600,1.799988
FILLER_39_140,VPWR,li1,75.2100,116.9600,1.799990
FILLER_39_131,VPWR,li1,70.8400,116.9600,1.799991
FILLER_39_128,VPWR,li1,69.6900,116.9600,1.799991
FILLER_39_125,VPWR,li1,68.3100,116.9600,1.799991
FILLER_39_122,VPWR,li1,66.9300,116.9600,1.799991
FILLER_39_119,VPWR,li1,65.5500,116.9600,1.799991
FILLER_39_116,VPWR,li1,64.1700,116.9600,1.799991
FILLER_39_113,VPWR,li1,62.7900,116.9600,1.799991
FILLER_39_109,VPWR,li1,60.9500,116.9600,1.799991
FILLER_39_99,VPWR,li1,56.1200,116.9600,1.799993
FILLER_39_96,VPWR,li1,54.9700,116.9600,1.799993
FILLER_39_93,VPWR,li1,53.5900,116.9600,1.799994
FILLER_39_90,VPWR,li1,52.2100,116.9600,1.799994
FILLER_39_84,VPWR,li1,49.2200,116.9600,1.799995
FILLER_39_75,VPWR,li1,44.8500,116.9600,1.799996
FILLER_39_72,VPWR,li1,43.9300,116.9600,1.799996
FILLER_39_69,VPWR,li1,42.5500,116.9600,1.799996
FILLER_39_66,VPWR,li1,41.1700,116.9600,1.799996
FILLER_39_63,VPWR,li1,39.7900,116.9600,1.799996
FILLER_39_53,VPWR,li1,35.1900,116.9600,1.799995
FILLER_39_50,VPWR,li1,33.8100,116.9600,1.799994
FILLER_39_47,VPWR,li1,32.4300,116.9600,1.799994
FILLER_39_28,VPWR,li1,23.4600,116.9600,1.799994
FILLER_38_645,VPWR,li1,307.5100,116.9600,1.799996
FILLER_38_642,VPWR,li1,305.9000,116.9600,1.799996
FILLER_38_639,VPWR,li1,304.7500,116.9600,1.799996
FILLER_38_636,VPWR,li1,303.3700,116.9600,1.799996
FILLER_38_633,VPWR,li1,301.9900,116.9600,1.799996
FILLER_38_630,VPWR,li1,300.6100,116.9600,1.799996
FILLER_38_627,VPWR,li1,299.2300,116.9600,1.799996
FILLER_38_624,VPWR,li1,297.8500,116.9600,1.799996
FILLER_38_621,VPWR,li1,296.4700,116.9600,1.799996
FILLER_38_618,VPWR,li1,295.0900,116.9600,1.799996
FILLER_38_615,VPWR,li1,293.7100,116.9600,1.799996
FILLER_38_612,VPWR,li1,292.3300,116.9600,1.799996
FILLER_38_609,VPWR,li1,290.9500,116.9600,1.799996
FILLER_38_606,VPWR,li1,289.5700,116.9600,1.799996
FILLER_38_603,VPWR,li1,288.1900,116.9600,1.799996
FILLER_38_600,VPWR,li1,286.8100,116.9600,1.799996
FILLER_38_578,VPWR,li1,276.2300,116.9600,1.799995
FILLER_38_575,VPWR,li1,275.3100,116.9600,1.799995
FILLER_38_572,VPWR,li1,273.9300,116.9600,1.799995
FILLER_38_561,VPWR,li1,268.6400,116.9600,1.799995
FILLER_38_558,VPWR,li1,267.4900,116.9600,1.799995
FILLER_38_555,VPWR,li1,266.1100,116.9600,1.799995
FILLER_38_542,VPWR,li1,259.9000,116.9600,1.799995
FILLER_38_531,VPWR,li1,254.6100,116.9600,1.799996
FILLER_38_528,VPWR,li1,253.6900,116.9600,1.799996
FILLER_38_525,VPWR,li1,252.3100,116.9600,1.799996
FILLER_38_522,VPWR,li1,250.9300,116.9600,1.799995
FILLER_38_519,VPWR,li1,249.5500,116.9600,1.799995
FILLER_38_510,VPWR,li1,244.9500,116.9600,1.799994
FILLER_38_507,VPWR,li1,244.0300,116.9600,1.799994
FILLER_38_490,VPWR,li1,236.2100,116.9600,1.799992
FILLER_38_480,VPWR,li1,231.1500,116.9600,1.799991
FILLER_38_477,VPWR,li1,230.2300,116.9600,1.799991
FILLER_38_475,VPWR,li1,228.8500,116.9600,1.799991
FILLER_38_464,VPWR,li1,224.2500,116.9600,1.799990
FILLER_38_442,VPWR,li1,213.6700,116.9600,1.799977
FILLER_38_417,VPWR,li1,202.6300,116.9600,1.799979
FILLER_38_414,VPWR,li1,201.2500,116.9600,1.799979
FILLER_38_403,VPWR,li1,196.1900,116.9600,1.799989
FILLER_38_394,VPWR,li1,191.8200,116.9600,1.799990
FILLER_38_391,VPWR,li1,190.6700,116.9600,1.799990
FILLER_38_388,VPWR,li1,189.2900,116.9600,1.799990
FILLER_38_385,VPWR,li1,187.9100,116.9600,1.799990
FILLER_38_382,VPWR,li1,186.5300,116.9600,1.799991
FILLER_38_378,VPWR,li1,184.2300,116.9600,1.799991
FILLER_38_375,VPWR,li1,183.3100,116.9600,1.799991
FILLER_38_372,VPWR,li1,181.9300,116.9600,1.799991
FILLER_38_363,VPWR,li1,177.3300,116.9600,1.799992
FILLER_38_341,VPWR,li1,167.2100,116.9600,1.799996
FILLER_38_338,VPWR,li1,166.2900,116.9600,1.799996
FILLER_38_334,VPWR,li1,163.9900,116.9600,1.799996
FILLER_38_331,VPWR,li1,163.0700,116.9600,1.799996
FILLER_38_328,VPWR,li1,161.6900,116.9600,1.799996
FILLER_38_325,VPWR,li1,160.3100,116.9600,1.799996
FILLER_38_322,VPWR,li1,158.9300,116.9600,1.799996
FILLER_38_315,VPWR,li1,155.7100,116.9600,1.799996
FILLER_38_312,VPWR,li1,154.3300,116.9600,1.799997
FILLER_38_309,VPWR,li1,152.9500,116.9600,1.799997
FILLER_38_305,VPWR,li1,151.1100,116.9600,1.799997
FILLER_38_298,VPWR,li1,147.8900,116.9600,1.799997
FILLER_38_292,VPWR,li1,144.9000,116.9600,1.799997
FILLER_38_289,VPWR,li1,143.7500,116.9600,1.799997
FILLER_38_286,VPWR,li1,142.3700,116.9600,1.799997
FILLER_38_283,VPWR,li1,140.9900,116.9600,1.799997
FILLER_38_280,VPWR,li1,139.6100,116.9600,1.799997
FILLER_38_277,VPWR,li1,138.2300,116.9600,1.799997
FILLER_38_274,VPWR,li1,136.8500,116.9600,1.799997
FILLER_38_271,VPWR,li1,135.4700,116.9600,1.799997
FILLER_38_268,VPWR,li1,134.0900,116.9600,1.799997
FILLER_38_265,VPWR,li1,132.7100,116.9600,1.799996
FILLER_38_262,VPWR,li1,131.3300,116.9600,1.799995
FILLER_38_259,VPWR,li1,129.9500,116.9600,1.799995
FILLER_38_253,VPWR,li1,126.7300,116.9600,1.799994
FILLER_38_251,VPWR,li1,125.8100,116.9600,1.799994
FILLER_38_242,VPWR,li1,121.6700,116.9600,1.799992
FILLER_38_236,VPWR,li1,119.1400,116.9600,1.799992
FILLER_38_229,VPWR,li1,115.9200,116.9600,1.799991
FILLER_38_211,VPWR,li1,107.8700,116.9600,1.799990
FILLER_38_208,VPWR,li1,106.4900,116.9600,1.799990
FILLER_38_197,VPWR,li1,101.2000,116.9600,1.799983
FILLER_38_191,VPWR,li1,98.2100,116.9600,1.799980
FILLER_38_188,VPWR,li1,97.2900,116.9600,1.799977
FILLER_38_167,VPWR,li1,87.1700,116.9600,1.799976
FILLER_38_164,VPWR,li1,86.2500,116.9600,1.799976
FILLER_38_153,VPWR,li1,80.7300,116.9600,1.799983
FILLER_38_150,VPWR,li1,79.8100,116.9600,1.799986
FILLER_38_147,VPWR,li1,78.4300,116.9600,1.799986
FILLER_38_144,VPWR,li1,77.0500,116.9600,1.799988
FILLER_38_141,VPWR,li1,75.6700,116.9600,1.799990
FILLER_38_139,VPWR,li1,74.2900,116.9600,1.799991
FILLER_38_136,VPWR,li1,73.3700,116.9600,1.799991
FILLER_38_133,VPWR,li1,71.9900,116.9600,1.799991
FILLER_38_130,VPWR,li1,70.6100,116.9600,1.799991
FILLER_38_88,VPWR,li1,50.8300,116.9600,1.799994
FILLER_38_85,VPWR,li1,49.9100,116.9600,1.799995
FILLER_38_67,VPWR,li1,41.1700,116.9600,1.799996
FILLER_38_64,VPWR,li1,40.2500,116.9600,1.799996
FILLER_38_61,VPWR,li1,38.8700,116.9600,1.799995
FILLER_38_58,VPWR,li1,37.4900,116.9600,1.799995
FILLER_38_55,VPWR,li1,36.1100,116.9600,1.799995
FILLER_38_38,VPWR,li1,27.8300,116.9600,1.799994
FILLER_38_35,VPWR,li1,26.9100,116.9600,1.799994
FILLER_38_32,VPWR,li1,25.5300,116.9600,1.799994
FILLER_38_29,VPWR,li1,24.1500,116.9600,1.799994
FILLER_37_647,VPWR,li1,307.9700,111.5200,1.799999
FILLER_37_644,VPWR,li1,307.0500,111.5200,1.799999
FILLER_37_641,VPWR,li1,305.6700,111.5200,1.799999
FILLER_37_638,VPWR,li1,304.2900,111.5200,1.799999
FILLER_37_635,VPWR,li1,302.9100,111.5200,1.799999
FILLER_37_632,VPWR,li1,301.5300,111.5200,1.799999
FILLER_37_629,VPWR,li1,300.1500,111.5200,1.799999
FILLER_37_626,VPWR,li1,298.7700,111.5200,1.799999
FILLER_37_623,VPWR,li1,297.3900,111.5200,1.799999
FILLER_37_620,VPWR,li1,296.0100,111.5200,1.799999
FILLER_37_617,VPWR,li1,294.6300,111.5200,1.799999
FILLER_37_613,VPWR,li1,292.7900,111.5200,1.799999
FILLER_37_610,VPWR,li1,291.4100,111.5200,1.799999
FILLER_37_607,VPWR,li1,290.0300,111.5200,1.799999
FILLER_37_604,VPWR,li1,288.6500,111.5200,1.799999
FILLER_37_601,VPWR,li1,287.2700,111.5200,1.799999
FILLER_37_598,VPWR,li1,285.8900,111.5200,1.799999
FILLER_37_595,VPWR,li1,284.5100,111.5200,1.799999
FILLER_37_592,VPWR,li1,283.1300,111.5200,1.799999
FILLER_37_589,VPWR,li1,281.7500,111.5200,1.799999
FILLER_37_586,VPWR,li1,280.3700,111.5200,1.799999
FILLER_37_579,VPWR,li1,277.1500,111.5200,1.799998
FILLER_37_576,VPWR,li1,275.7700,111.5200,1.799998
FILLER_37_573,VPWR,li1,274.3900,111.5200,1.799998
FILLER_37_570,VPWR,li1,273.0100,111.5200,1.799998
FILLER_37_567,VPWR,li1,271.6300,111.5200,1.799998
FILLER_37_564,VPWR,li1,270.2500,111.5200,1.799998
FILLER_37_561,VPWR,li1,268.8700,111.5200,1.799998
FILLER_37_536,VPWR,li1,257.3700,111.5200,1.799998
FILLER_37_533,VPWR,li1,255.9900,111.5200,1.799998
FILLER_37_530,VPWR,li1,254.6100,111.5200,1.799998
FILLER_37_527,VPWR,li1,253.2300,111.5200,1.799998
FILLER_37_524,VPWR,li1,251.8500,111.5200,1.799998
FILLER_37_514,VPWR,li1,246.7900,111.5200,1.799997
FILLER_37_501,VPWR,li1,241.2700,111.5200,1.799997
FILLER_37_477,VPWR,li1,230.2300,111.5200,1.799997
FILLER_37_474,VPWR,li1,228.8500,111.5200,1.799998
FILLER_37_471,VPWR,li1,227.4700,111.5200,1.799998
FILLER_37_468,VPWR,li1,226.0900,111.5200,1.799998
FILLER_37_452,VPWR,li1,218.2700,111.5200,1.799997
FILLER_37_449,VPWR,li1,217.3500,111.5200,1.799997
FILLER_37_438,VPWR,li1,211.8300,111.5200,1.799997
FILLER_37_435,VPWR,li1,210.9100,111.5200,1.799997
FILLER_37_425,VPWR,li1,205.8500,111.5200,1.799996
FILLER_37_420,VPWR,li1,203.5500,111.5200,1.799996
FILLER_37_417,VPWR,li1,202.6300,111.5200,1.799996
FILLER_37_390,VPWR,li1,189.9800,111.5200,1.799994
FILLER_37_368,VPWR,li1,179.6300,111.5200,1.799992
FILLER_37_365,VPWR,li1,178.7100,111.5200,1.799992
FILLER_37_346,VPWR,li1,169.7400,111.5200,1.799991
FILLER_37_343,VPWR,li1,168.5900,111.5200,1.799990
FILLER_37_340,VPWR,li1,167.2100,111.5200,1.799990
FILLER_37_337,VPWR,li1,165.8300,111.5200,1.799991
FILLER_37_335,VPWR,li1,164.4500,111.5200,1.799991
FILLER_37_311,VPWR,li1,153.8700,111.5200,1.799981
FILLER_37_308,VPWR,li1,152.4900,111.5200,1.799978
FILLER_37_305,VPWR,li1,151.1100,111.5200,1.799978
FILLER_37_302,VPWR,li1,149.7300,111.5200,1.799976
FILLER_37_299,VPWR,li1,148.3500,111.5200,1.799976
FILLER_37_287,VPWR,li1,142.6000,111.5200,1.799981
FILLER_37_284,VPWR,li1,141.4500,111.5200,1.799981
FILLER_37_281,VPWR,li1,140.0700,111.5200,1.799984
FILLER_37_276,VPWR,li1,137.3100,111.5200,1.799986
FILLER_37_265,VPWR,li1,132.7100,111.5200,1.799991
FILLER_37_262,VPWR,li1,131.3300,111.5200,1.799991
FILLER_37_259,VPWR,li1,129.9500,111.5200,1.799991
FILLER_37_256,VPWR,li1,128.5700,111.5200,1.799991
FILLER_37_253,VPWR,li1,127.1900,111.5200,1.799992
FILLER_37_250,VPWR,li1,125.8100,111.5200,1.799992
FILLER_37_246,VPWR,li1,123.5100,111.5200,1.799993
FILLER_37_243,VPWR,li1,122.5900,111.5200,1.799993
FILLER_37_240,VPWR,li1,121.2100,111.5200,1.799994
FILLER_37_237,VPWR,li1,119.8300,111.5200,1.799994
FILLER_37_234,VPWR,li1,118.4500,111.5200,1.799994
FILLER_37_231,VPWR,li1,117.0700,111.5200,1.799995
FILLER_37_228,VPWR,li1,115.6900,111.5200,1.799995
FILLER_37_225,VPWR,li1,114.3100,111.5200,1.799995
FILLER_37_221,VPWR,li1,112.4700,111.5200,1.799996
FILLER_37_202,VPWR,li1,103.5000,111.5200,1.799998
FILLER_37_199,VPWR,li1,102.3500,111.5200,1.799998
FILLER_37_189,VPWR,li1,97.2900,111.5200,1.799998
FILLER_37_186,VPWR,li1,96.3700,111.5200,1.799998
FILLER_37_183,VPWR,li1,94.9900,111.5200,1.799998
FILLER_37_180,VPWR,li1,93.6100,111.5200,1.799998
FILLER_37_177,VPWR,li1,92.2300,111.5200,1.799998
FILLER_37_166,VPWR,li1,86.9400,111.5200,1.799998
FILLER_37_163,VPWR,li1,85.7900,111.5200,1.799998
FILLER_37_160,VPWR,li1,84.4100,111.5200,1.799998
FILLER_37_157,VPWR,li1,83.0300,111.5200,1.799998
FILLER_37_154,VPWR,li1,81.6500,111.5200,1.799998
FILLER_37_138,VPWR,li1,74.2900,111.5200,1.799998
FILLER_37_128,VPWR,li1,69.2300,111.5200,1.799997
FILLER_37_125,VPWR,li1,68.3100,111.5200,1.799997
FILLER_37_122,VPWR,li1,66.9300,111.5200,1.799996
FILLER_37_92,VPWR,li1,53.1300,111.5200,1.799995
FILLER_37_89,VPWR,li1,51.7500,111.5200,1.799995
FILLER_37_69,VPWR,li1,42.5500,111.5200,1.799994
FILLER_37_66,VPWR,li1,41.1700,111.5200,1.799994
FILLER_37_54,VPWR,li1,35.4200,111.5200,1.799994
FILLER_37_51,VPWR,li1,34.2700,111.5200,1.799994
FILLER_37_31,VPWR,li1,25.0700,111.5200,1.799994
FILLER_37_28,VPWR,li1,23.6900,111.5200,1.799995
FILLER_37_3,VPWR,li1,11.7300,111.5200,1.799997
FILLER_36_645,VPWR,li1,307.5100,111.5200,1.799999
FILLER_36_641,VPWR,li1,305.6700,111.5200,1.799999
FILLER_36_638,VPWR,li1,304.2900,111.5200,1.799999
FILLER_36_635,VPWR,li1,302.9100,111.5200,1.799999
FILLER_36_632,VPWR,li1,301.5300,111.5200,1.799999
FILLER_36_629,VPWR,li1,300.1500,111.5200,1.799999
FILLER_36_626,VPWR,li1,298.7700,111.5200,1.799999
FILLER_36_623,VPWR,li1,297.3900,111.5200,1.799999
FILLER_36_620,VPWR,li1,296.0100,111.5200,1.799999
FILLER_36_617,VPWR,li1,294.6300,111.5200,1.799999
FILLER_36_614,VPWR,li1,293.2500,111.5200,1.799999
FILLER_36_611,VPWR,li1,291.8700,111.5200,1.799999
FILLER_36_608,VPWR,li1,290.4900,111.5200,1.799999
FILLER_36_592,VPWR,li1,282.9000,111.5200,1.799999
FILLER_36_589,VPWR,li1,281.7500,111.5200,1.799999
FILLER_36_587,VPWR,li1,280.3700,111.5200,1.799999
FILLER_36_578,VPWR,li1,276.2300,111.5200,1.799998
FILLER_36_566,VPWR,li1,271.1700,111.5200,1.799998
FILLER_36_563,VPWR,li1,269.7900,111.5200,1.799998
FILLER_36_560,VPWR,li1,268.4100,111.5200,1.799998
FILLER_36_542,VPWR,li1,259.6700,111.5200,1.799997
FILLER_36_539,VPWR,li1,258.7500,111.5200,1.799998
FILLER_36_536,VPWR,li1,257.3700,111.5200,1.799998
FILLER_36_533,VPWR,li1,255.9900,111.5200,1.799998
FILLER_36_520,VPWR,li1,250.0100,111.5200,1.799998
FILLER_36_509,VPWR,li1,244.9500,111.5200,1.799997
FILLER_36_506,VPWR,li1,243.5700,111.5200,1.799997
FILLER_36_503,VPWR,li1,242.1900,111.5200,1.799997
FILLER_36_500,VPWR,li1,240.8100,111.5200,1.799997
FILLER_36_497,VPWR,li1,239.4300,111.5200,1.799997
FILLER_36_494,VPWR,li1,238.0500,111.5200,1.799997
FILLER_36_489,VPWR,li1,235.5200,111.5200,1.799996
FILLER_36_486,VPWR,li1,234.3700,111.5200,1.799996
FILLER_36_483,VPWR,li1,232.9900,111.5200,1.799997
FILLER_36_480,VPWR,li1,231.6100,111.5200,1.799997
FILLER_36_477,VPWR,li1,230.2300,111.5200,1.799997
FILLER_36_475,VPWR,li1,228.8500,111.5200,1.799998
FILLER_36_472,VPWR,li1,227.9300,111.5200,1.799998
FILLER_36_469,VPWR,li1,226.5500,111.5200,1.799998
FILLER_36_458,VPWR,li1,221.4900,111.5200,1.799998
FILLER_36_455,VPWR,li1,220.1100,111.5200,1.799998
FILLER_36_452,VPWR,li1,218.7300,111.5200,1.799997
FILLER_36_449,VPWR,li1,217.3500,111.5200,1.799997
FILLER_36_439,VPWR,li1,212.5200,111.5200,1.799997
FILLER_36_436,VPWR,li1,211.3700,111.5200,1.799997
FILLER_36_433,VPWR,li1,209.9900,111.5200,1.799997
FILLER_36_430,VPWR,li1,208.6100,111.5200,1.799996
FILLER_36_418,VPWR,li1,202.8600,111.5200,1.799996
FILLER_36_415,VPWR,li1,201.7100,111.5200,1.799996
FILLER_36_392,VPWR,li1,190.9000,111.5200,1.799995
FILLER_36_383,VPWR,li1,186.5300,111.5200,1.799993
FILLER_36_371,VPWR,li1,181.4700,111.5200,1.799992
FILLER_36_368,VPWR,li1,180.0900,111.5200,1.799992
FILLER_36_365,VPWR,li1,178.7100,111.5200,1.799992
FILLER_36_362,VPWR,li1,177.1000,111.5200,1.799991
FILLER_36_359,VPWR,li1,175.9500,111.5200,1.799991
FILLER_36_325,VPWR,li1,159.8500,111.5200,1.799986
FILLER_36_309,VPWR,li1,152.4900,111.5200,1.799978
FILLER_36_307,VPWR,li1,151.5700,111.5200,1.799978
FILLER_36_265,VPWR,li1,132.2500,111.5200,1.799991
FILLER_36_262,VPWR,li1,131.3300,111.5200,1.799991
FILLER_36_259,VPWR,li1,129.9500,111.5200,1.799991
FILLER_36_256,VPWR,li1,128.5700,111.5200,1.799991
FILLER_36_253,VPWR,li1,127.1900,111.5200,1.799992
FILLER_36_250,VPWR,li1,125.5800,111.5200,1.799992
FILLER_36_247,VPWR,li1,124.4300,111.5200,1.799992
FILLER_36_244,VPWR,li1,123.0500,111.5200,1.799993
FILLER_36_241,VPWR,li1,121.6700,111.5200,1.799994
FILLER_36_238,VPWR,li1,120.2900,111.5200,1.799994
FILLER_36_235,VPWR,li1,118.9100,111.5200,1.799994
FILLER_36_227,VPWR,li1,115.0000,111.5200,1.799995
FILLER_36_224,VPWR,li1,113.8500,111.5200,1.799995
FILLER_36_221,VPWR,li1,112.4700,111.5200,1.799996
FILLER_36_218,VPWR,li1,111.0900,111.5200,1.799996
FILLER_36_215,VPWR,li1,109.7100,111.5200,1.799997
FILLER_36_212,VPWR,li1,108.3300,111.5200,1.799997
FILLER_36_206,VPWR,li1,105.1100,111.5200,1.799998
FILLER_36_203,VPWR,li1,104.1900,111.5200,1.799998
FILLER_36_200,VPWR,li1,102.8100,111.5200,1.799998
FILLER_36_197,VPWR,li1,101.4300,111.5200,1.799998
FILLER_36_195,VPWR,li1,100.0500,111.5200,1.799998
FILLER_36_192,VPWR,li1,99.1300,111.5200,1.799998
FILLER_36_189,VPWR,li1,97.7500,111.5200,1.799998
FILLER_36_186,VPWR,li1,96.3700,111.5200,1.799998
FILLER_36_183,VPWR,li1,94.9900,111.5200,1.799998
FILLER_36_180,VPWR,li1,93.6100,111.5200,1.799998
FILLER_36_177,VPWR,li1,92.2300,111.5200,1.799998
FILLER_36_174,VPWR,li1,90.8500,111.5200,1.799998
FILLER_36_171,VPWR,li1,89.4700,111.5200,1.799998
FILLER_36_168,VPWR,li1,88.0900,111.5200,1.799998
FILLER_36_165,VPWR,li1,86.7100,111.5200,1.799998
FILLER_36_162,VPWR,li1,85.3300,111.5200,1.799998
FILLER_36_159,VPWR,li1,83.9500,111.5200,1.799998
FILLER_36_156,VPWR,li1,82.5700,111.5200,1.799998
FILLER_36_153,VPWR,li1,81.1900,111.5200,1.799998
FILLER_36_150,VPWR,li1,79.8100,111.5200,1.799998
FILLER_36_147,VPWR,li1,78.4300,111.5200,1.799998
FILLER_36_144,VPWR,li1,77.0500,111.5200,1.799998
FILLER_36_141,VPWR,li1,75.6700,111.5200,1.799998
FILLER_36_139,VPWR,li1,74.2900,111.5200,1.799998
FILLER_36_136,VPWR,li1,73.3700,111.5200,1.799998
FILLER_36_133,VPWR,li1,71.9900,111.5200,1.799997
FILLER_36_130,VPWR,li1,70.6100,111.5200,1.799997
FILLER_36_119,VPWR,li1,65.5500,111.5200,1.799996
FILLER_36_116,VPWR,li1,64.1700,111.5200,1.799996
FILLER_36_113,VPWR,li1,62.7900,111.5200,1.799996
FILLER_36_103,VPWR,li1,57.9600,111.5200,1.799995
FILLER_36_85,VPWR,li1,49.4500,111.5200,1.799995
FILLER_36_81,VPWR,li1,48.0700,111.5200,1.799995
FILLER_36_78,VPWR,li1,46.6900,111.5200,1.799996
FILLER_36_60,VPWR,li1,37.9500,111.5200,1.799994
FILLER_36_57,VPWR,li1,37.0300,111.5200,1.799994
FILLER_36_48,VPWR,li1,32.4300,111.5200,1.799994
FILLER_36_45,VPWR,li1,31.5100,111.5200,1.799994
FILLER_36_42,VPWR,li1,30.1300,111.5200,1.799994
FILLER_36_32,VPWR,li1,25.0700,111.5200,1.799994
FILLER_36_29,VPWR,li1,24.1500,111.5200,1.799995
FILLER_36_27,VPWR,li1,22.7700,111.5200,1.799995
FILLER_36_24,VPWR,li1,21.8500,111.5200,1.799995
FILLER_36_21,VPWR,li1,20.4700,111.5200,1.799995
FILLER_36_3,VPWR,li1,11.7300,111.5200,1.799997
FILLER_35_647,VPWR,li1,307.9700,106.0800,1.799994
FILLER_35_644,VPWR,li1,307.0500,106.0800,1.799994
FILLER_35_641,VPWR,li1,305.6700,106.0800,1.799994
FILLER_35_638,VPWR,li1,304.2900,106.0800,1.799994
FILLER_35_635,VPWR,li1,302.9100,106.0800,1.799994
FILLER_35_632,VPWR,li1,301.5300,106.0800,1.799994
FILLER_35_629,VPWR,li1,300.1500,106.0800,1.799994
FILLER_35_626,VPWR,li1,298.7700,106.0800,1.799994
FILLER_35_623,VPWR,li1,297.3900,106.0800,1.799994
FILLER_35_620,VPWR,li1,296.0100,106.0800,1.799994
FILLER_35_617,VPWR,li1,294.6300,106.0800,1.799994
FILLER_35_615,VPWR,li1,293.2500,106.0800,1.799994
FILLER_35_564,VPWR,li1,269.7900,106.0800,1.799992
FILLER_35_561,VPWR,li1,268.8700,106.0800,1.799993
FILLER_35_515,VPWR,li1,247.7100,106.0800,1.799994
FILLER_35_505,VPWR,li1,242.8800,106.0800,1.799993
FILLER_35_503,VPWR,li1,241.7300,106.0800,1.799993
FILLER_35_494,VPWR,li1,237.8200,106.0800,1.799994
FILLER_35_472,VPWR,li1,227.4700,106.0800,1.799996
FILLER_35_469,VPWR,li1,226.5500,106.0800,1.799996
FILLER_35_458,VPWR,li1,221.4900,106.0800,1.799998
FILLER_35_455,VPWR,li1,220.1100,106.0800,1.799998
FILLER_35_452,VPWR,li1,218.7300,106.0800,1.799998
FILLER_35_449,VPWR,li1,217.3500,106.0800,1.799998
FILLER_35_447,VPWR,li1,215.9700,106.0800,1.799998
FILLER_35_438,VPWR,li1,212.2900,106.0800,1.799998
FILLER_35_435,VPWR,li1,210.9100,106.0800,1.799998
FILLER_35_427,VPWR,li1,206.7700,106.0800,1.799998
FILLER_35_424,VPWR,li1,205.8500,106.0800,1.799998
FILLER_35_421,VPWR,li1,204.4700,106.0800,1.799998
FILLER_35_418,VPWR,li1,203.0900,106.0800,1.799999
FILLER_35_415,VPWR,li1,201.7100,106.0800,1.799999
FILLER_35_412,VPWR,li1,200.3300,106.0800,1.799999
FILLER_35_409,VPWR,li1,198.9500,106.0800,1.799999
FILLER_35_406,VPWR,li1,197.5700,106.0800,1.799999
FILLER_35_403,VPWR,li1,196.1900,106.0800,1.799999
FILLER_35_393,VPWR,li1,191.5900,106.0800,1.799999
FILLER_35_391,VPWR,li1,190.2100,106.0800,1.799999
FILLER_35_388,VPWR,li1,189.2900,106.0800,1.799999
FILLER_35_385,VPWR,li1,187.9100,106.0800,1.799998
FILLER_35_382,VPWR,li1,186.5300,106.0800,1.799998
FILLER_35_379,VPWR,li1,185.1500,106.0800,1.799998
FILLER_35_376,VPWR,li1,183.7700,106.0800,1.799998
FILLER_35_373,VPWR,li1,182.3900,106.0800,1.799998
FILLER_35_370,VPWR,li1,181.0100,106.0800,1.799998
FILLER_35_367,VPWR,li1,179.6300,106.0800,1.799998
FILLER_35_348,VPWR,li1,170.6600,106.0800,1.799997
FILLER_35_337,VPWR,li1,165.6000,106.0800,1.799997
FILLER_35_334,VPWR,li1,164.2200,106.0800,1.799997
FILLER_35_331,VPWR,li1,163.0700,106.0800,1.799996
FILLER_35_299,VPWR,li1,147.8900,106.0800,1.799995
FILLER_35_281,VPWR,li1,139.8400,106.0800,1.799996
FILLER_35_279,VPWR,li1,138.6900,106.0800,1.799996
FILLER_35_276,VPWR,li1,137.7700,106.0800,1.799997
FILLER_35_273,VPWR,li1,136.3900,106.0800,1.799997
FILLER_35_270,VPWR,li1,135.0100,106.0800,1.799997
FILLER_35_267,VPWR,li1,133.6300,106.0800,1.799997
FILLER_35_259,VPWR,li1,129.4900,106.0800,1.799997
FILLER_35_236,VPWR,li1,119.1400,106.0800,1.799997
FILLER_35_233,VPWR,li1,117.9900,106.0800,1.799997
FILLER_35_221,VPWR,li1,112.4700,106.0800,1.799998
FILLER_35_218,VPWR,li1,111.0900,106.0800,1.799998
FILLER_35_215,VPWR,li1,109.7100,106.0800,1.799998
FILLER_35_202,VPWR,li1,103.2700,106.0800,1.799998
FILLER_35_199,VPWR,li1,102.3500,106.0800,1.799998
FILLER_35_196,VPWR,li1,100.9700,106.0800,1.799998
FILLER_35_185,VPWR,li1,95.9100,106.0800,1.799998
FILLER_35_182,VPWR,li1,94.5300,106.0800,1.799998
FILLER_35_179,VPWR,li1,93.1500,106.0800,1.799998
FILLER_35_157,VPWR,li1,82.5700,106.0800,1.799997
FILLER_35_154,VPWR,li1,81.6500,106.0800,1.799997
FILLER_35_151,VPWR,li1,80.2700,106.0800,1.799997
FILLER_35_145,VPWR,li1,77.2800,106.0800,1.799996
FILLER_35_142,VPWR,li1,76.1300,106.0800,1.799996
FILLER_35_139,VPWR,li1,74.7500,106.0800,1.799995
FILLER_35_136,VPWR,li1,73.3700,106.0800,1.799995
FILLER_35_133,VPWR,li1,71.9900,106.0800,1.799994
FILLER_35_130,VPWR,li1,70.6100,106.0800,1.799994
FILLER_35_93,VPWR,li1,53.5900,106.0800,1.799993
FILLER_35_65,VPWR,li1,40.7100,106.0800,1.799994
FILLER_35_46,VPWR,li1,31.7400,106.0800,1.799993
FILLER_35_34,VPWR,li1,26.4500,106.0800,1.799994
FILLER_35_3,VPWR,li1,11.9600,106.0800,1.799996
FILLER_34_645,VPWR,li1,307.5100,106.0800,1.799994
FILLER_34_641,VPWR,li1,305.6700,106.0800,1.799994
FILLER_34_638,VPWR,li1,304.2900,106.0800,1.799994
FILLER_34_635,VPWR,li1,302.9100,106.0800,1.799994
FILLER_34_632,VPWR,li1,301.5300,106.0800,1.799994
FILLER_34_629,VPWR,li1,300.1500,106.0800,1.799994
FILLER_34_626,VPWR,li1,298.7700,106.0800,1.799994
FILLER_34_623,VPWR,li1,297.3900,106.0800,1.799994
FILLER_34_620,VPWR,li1,296.0100,106.0800,1.799994
FILLER_34_617,VPWR,li1,294.6300,106.0800,1.799994
FILLER_34_614,VPWR,li1,293.2500,106.0800,1.799994
FILLER_34_611,VPWR,li1,291.8700,106.0800,1.799994
FILLER_34_589,VPWR,li1,281.2900,106.0800,1.799994
FILLER_34_579,VPWR,li1,277.1500,106.0800,1.799993
FILLER_34_573,VPWR,li1,274.3900,106.0800,1.799992
FILLER_34_570,VPWR,li1,273.0100,106.0800,1.799992
FILLER_34_567,VPWR,li1,271.6300,106.0800,1.799992
FILLER_34_564,VPWR,li1,270.2500,106.0800,1.799992
FILLER_34_561,VPWR,li1,268.8700,106.0800,1.799993
FILLER_34_558,VPWR,li1,267.4900,106.0800,1.799993
FILLER_34_545,VPWR,li1,261.0500,106.0800,1.799993
FILLER_34_542,VPWR,li1,260.1300,106.0800,1.799994
FILLER_34_539,VPWR,li1,258.7500,106.0800,1.799994
FILLER_34_536,VPWR,li1,257.3700,106.0800,1.799995
FILLER_34_533,VPWR,li1,255.9900,106.0800,1.799995
FILLER_34_527,VPWR,li1,253.0000,106.0800,1.799994
FILLER_34_524,VPWR,li1,251.8500,106.0800,1.799994
FILLER_34_493,VPWR,li1,237.1300,106.0800,1.799994
FILLER_34_490,VPWR,li1,236.2100,106.0800,1.799994
FILLER_34_486,VPWR,li1,233.9100,106.0800,1.799994
FILLER_34_483,VPWR,li1,232.9900,106.0800,1.799995
FILLER_34_480,VPWR,li1,231.6100,106.0800,1.799995
FILLER_34_477,VPWR,li1,230.2300,106.0800,1.799996
FILLER_34_475,VPWR,li1,228.8500,106.0800,1.799996
FILLER_34_472,VPWR,li1,227.9300,106.0800,1.799996
FILLER_34_469,VPWR,li1,226.5500,106.0800,1.799996
FILLER_34_450,VPWR,li1,217.8100,106.0800,1.799998
FILLER_34_447,VPWR,li1,216.4300,106.0800,1.799998
FILLER_34_438,VPWR,li1,211.8300,106.0800,1.799998
FILLER_34_427,VPWR,li1,207.0000,106.0800,1.799998
FILLER_34_424,VPWR,li1,205.8500,106.0800,1.799998
FILLER_34_421,VPWR,li1,204.4700,106.0800,1.799998
FILLER_34_417,VPWR,li1,202.6300,106.0800,1.799999
FILLER_34_414,VPWR,li1,201.2500,106.0800,1.799999
FILLER_34_411,VPWR,li1,199.8700,106.0800,1.799999
FILLER_34_408,VPWR,li1,198.4900,106.0800,1.799999
FILLER_34_405,VPWR,li1,197.1100,106.0800,1.799999
FILLER_34_402,VPWR,li1,195.7300,106.0800,1.799999
FILLER_34_399,VPWR,li1,194.3500,106.0800,1.799999
FILLER_34_396,VPWR,li1,192.9700,106.0800,1.799999
FILLER_34_374,VPWR,li1,182.6200,106.0800,1.799998
FILLER_34_371,VPWR,li1,181.4700,106.0800,1.799998
FILLER_34_368,VPWR,li1,180.0900,106.0800,1.799998
FILLER_34_365,VPWR,li1,178.7100,106.0800,1.799998
FILLER_34_362,VPWR,li1,177.1000,106.0800,1.799998
FILLER_34_359,VPWR,li1,175.9500,106.0800,1.799998
FILLER_34_356,VPWR,li1,174.5700,106.0800,1.799997
FILLER_34_353,VPWR,li1,173.1900,106.0800,1.799997
FILLER_34_350,VPWR,li1,171.8100,106.0800,1.799997
FILLER_34_347,VPWR,li1,170.4300,106.0800,1.799997
FILLER_34_344,VPWR,li1,169.0500,106.0800,1.799997
FILLER_34_322,VPWR,li1,158.4700,106.0800,1.799996
FILLER_34_318,VPWR,li1,156.6300,106.0800,1.799995
FILLER_34_315,VPWR,li1,155.7100,106.0800,1.799995
FILLER_34_312,VPWR,li1,154.3300,106.0800,1.799995
FILLER_34_309,VPWR,li1,152.9500,106.0800,1.799995
FILLER_34_305,VPWR,li1,151.1100,106.0800,1.799995
FILLER_34_302,VPWR,li1,149.7300,106.0800,1.799995
FILLER_34_299,VPWR,li1,148.3500,106.0800,1.799995
FILLER_34_296,VPWR,li1,146.9700,106.0800,1.799995
FILLER_34_289,VPWR,li1,143.7500,106.0800,1.799995
FILLER_34_286,VPWR,li1,142.3700,106.0800,1.799996
FILLER_34_281,VPWR,li1,139.6100,106.0800,1.799996
FILLER_34_278,VPWR,li1,138.6900,106.0800,1.799996
FILLER_34_275,VPWR,li1,137.3100,106.0800,1.799997
FILLER_34_266,VPWR,li1,132.9400,106.0800,1.799997
FILLER_34_246,VPWR,li1,123.9700,106.0800,1.799996
FILLER_34_243,VPWR,li1,122.5900,106.0800,1.799996
FILLER_34_233,VPWR,li1,117.9900,106.0800,1.799997
FILLER_34_216,VPWR,li1,109.9400,106.0800,1.799998
FILLER_34_213,VPWR,li1,108.7900,106.0800,1.799998
FILLER_34_210,VPWR,li1,107.4100,106.0800,1.799998
FILLER_34_207,VPWR,li1,106.0300,106.0800,1.799998
FILLER_34_197,VPWR,li1,101.4300,106.0800,1.799998
FILLER_34_178,VPWR,li1,92.4600,106.0800,1.799997
FILLER_34_175,VPWR,li1,91.3100,106.0800,1.799997
FILLER_34_168,VPWR,li1,87.6300,106.0800,1.799997
FILLER_34_165,VPWR,li1,86.7100,106.0800,1.799997
FILLER_34_162,VPWR,li1,85.3300,106.0800,1.799997
FILLER_34_159,VPWR,li1,83.9500,106.0800,1.799997
FILLER_34_156,VPWR,li1,82.5700,106.0800,1.799997
FILLER_34_153,VPWR,li1,81.1900,106.0800,1.799997
FILLER_34_150,VPWR,li1,79.8100,106.0800,1.799997
FILLER_34_147,VPWR,li1,78.4300,106.0800,1.799996
FILLER_34_144,VPWR,li1,77.0500,106.0800,1.799996
FILLER_34_141,VPWR,li1,75.6700,106.0800,1.799996
FILLER_34_122,VPWR,li1,66.4700,106.0800,1.799993
FILLER_34_94,VPWR,li1,54.0500,106.0800,1.799993
FILLER_34_91,VPWR,li1,52.6700,106.0800,1.799993
FILLER_34_88,VPWR,li1,51.2900,106.0800,1.799993
FILLER_34_85,VPWR,li1,49.9100,106.0800,1.799993
FILLER_34_82,VPWR,li1,48.3000,106.0800,1.799994
FILLER_34_79,VPWR,li1,47.1500,106.0800,1.799994
FILLER_34_52,VPWR,li1,34.2700,106.0800,1.799993
FILLER_34_49,VPWR,li1,33.3500,106.0800,1.799993
FILLER_34_46,VPWR,li1,31.9700,106.0800,1.799993
FILLER_34_21,VPWR,li1,20.4700,106.0800,1.799995
FILLER_34_11,VPWR,li1,15.6400,106.0800,1.799996
FILLER_33_647,VPWR,li1,307.9700,100.6400,1.799998
FILLER_33_644,VPWR,li1,307.0500,100.6400,1.799998
FILLER_33_641,VPWR,li1,305.6700,100.6400,1.799998
FILLER_33_638,VPWR,li1,304.2900,100.6400,1.799998
FILLER_33_635,VPWR,li1,302.9100,100.6400,1.799998
FILLER_33_632,VPWR,li1,301.5300,100.6400,1.799998
FILLER_33_629,VPWR,li1,300.1500,100.6400,1.799998
FILLER_33_626,VPWR,li1,298.7700,100.6400,1.799998
FILLER_33_623,VPWR,li1,297.3900,100.6400,1.799998
FILLER_33_620,VPWR,li1,296.0100,100.6400,1.799998
FILLER_33_617,VPWR,li1,294.6300,100.6400,1.799998
FILLER_33_613,VPWR,li1,292.7900,100.6400,1.799998
FILLER_33_610,VPWR,li1,291.4100,100.6400,1.799998
FILLER_33_607,VPWR,li1,290.0300,100.6400,1.799998
FILLER_33_604,VPWR,li1,288.6500,100.6400,1.799998
FILLER_33_601,VPWR,li1,287.2700,100.6400,1.799998
FILLER_33_598,VPWR,li1,285.8900,100.6400,1.799998
FILLER_33_595,VPWR,li1,284.5100,100.6400,1.799997
FILLER_33_592,VPWR,li1,283.1300,100.6400,1.799997
FILLER_33_589,VPWR,li1,281.7500,100.6400,1.799997
FILLER_33_586,VPWR,li1,280.3700,100.6400,1.799996
FILLER_33_583,VPWR,li1,278.9900,100.6400,1.799996
FILLER_33_561,VPWR,li1,268.4100,100.6400,1.799995
FILLER_33_557,VPWR,li1,267.0300,100.6400,1.799995
FILLER_33_554,VPWR,li1,265.6500,100.6400,1.799995
FILLER_33_551,VPWR,li1,264.2700,100.6400,1.799995
FILLER_33_548,VPWR,li1,262.8900,100.6400,1.799995
FILLER_33_545,VPWR,li1,261.5100,100.6400,1.799996
FILLER_33_542,VPWR,li1,260.1300,100.6400,1.799996
FILLER_33_539,VPWR,li1,258.7500,100.6400,1.799996
FILLER_33_530,VPWR,li1,254.1500,100.6400,1.799997
FILLER_33_527,VPWR,li1,253.2300,100.6400,1.799997
FILLER_33_524,VPWR,li1,251.8500,100.6400,1.799996
FILLER_33_521,VPWR,li1,250.4700,100.6400,1.799996
FILLER_33_518,VPWR,li1,249.0900,100.6400,1.799996
FILLER_33_515,VPWR,li1,247.7100,100.6400,1.799995
FILLER_33_508,VPWR,li1,244.4900,100.6400,1.799995
FILLER_33_505,VPWR,li1,243.1100,100.6400,1.799995
FILLER_33_500,VPWR,li1,240.3500,100.6400,1.799994
FILLER_33_497,VPWR,li1,239.4300,100.6400,1.799994
FILLER_33_494,VPWR,li1,238.0500,100.6400,1.799994
FILLER_33_488,VPWR,li1,235.2900,100.6400,1.799994
FILLER_33_485,VPWR,li1,233.9100,100.6400,1.799994
FILLER_33_482,VPWR,li1,232.5300,100.6400,1.799994
FILLER_33_479,VPWR,li1,231.1500,100.6400,1.799994
FILLER_33_476,VPWR,li1,229.7700,100.6400,1.799994
FILLER_33_446,VPWR,li1,215.7400,100.6400,1.799992
FILLER_33_390,VPWR,li1,189.9800,100.6400,1.799993
FILLER_33_360,VPWR,li1,175.9500,100.6400,1.799993
FILLER_33_357,VPWR,li1,175.0300,100.6400,1.799993
FILLER_33_354,VPWR,li1,173.6500,100.6400,1.799994
FILLER_33_351,VPWR,li1,172.2700,100.6400,1.799994
FILLER_33_348,VPWR,li1,170.8900,100.6400,1.799995
FILLER_33_345,VPWR,li1,169.5100,100.6400,1.799995
FILLER_33_332,VPWR,li1,163.0700,100.6400,1.799996
FILLER_33_322,VPWR,li1,158.9300,100.6400,1.799996
FILLER_33_319,VPWR,li1,157.5500,100.6400,1.799996
FILLER_33_316,VPWR,li1,156.1700,100.6400,1.799996
FILLER_33_293,VPWR,li1,145.3600,100.6400,1.799996
FILLER_33_284,VPWR,li1,141.2200,100.6400,1.799997
FILLER_33_281,VPWR,li1,140.0700,100.6400,1.799997
FILLER_33_279,VPWR,li1,138.6900,100.6400,1.799997
FILLER_33_276,VPWR,li1,137.7700,100.6400,1.799997
FILLER_33_273,VPWR,li1,136.3900,100.6400,1.799997
FILLER_33_267,VPWR,li1,133.6300,100.6400,1.799997
FILLER_33_264,VPWR,li1,132.2500,100.6400,1.799997
FILLER_33_250,VPWR,li1,125.8100,100.6400,1.799997
FILLER_33_247,VPWR,li1,124.4300,100.6400,1.799997
FILLER_33_244,VPWR,li1,123.0500,100.6400,1.799998
FILLER_33_234,VPWR,li1,117.9900,100.6400,1.799998
FILLER_33_231,VPWR,li1,117.0700,100.6400,1.799998
FILLER_33_228,VPWR,li1,115.6900,100.6400,1.799998
FILLER_33_225,VPWR,li1,114.3100,100.6400,1.799998
FILLER_33_222,VPWR,li1,112.7000,100.6400,1.799998
FILLER_33_219,VPWR,li1,111.5500,100.6400,1.799998
FILLER_33_216,VPWR,li1,110.1700,100.6400,1.799998
FILLER_33_213,VPWR,li1,108.7900,100.6400,1.799998
FILLER_33_210,VPWR,li1,107.4100,100.6400,1.799998
FILLER_33_207,VPWR,li1,106.0300,100.6400,1.799999
FILLER_33_198,VPWR,li1,101.6600,100.6400,1.799999
FILLER_33_195,VPWR,li1,100.5100,100.6400,1.799998
FILLER_33_192,VPWR,li1,99.1300,100.6400,1.799998
FILLER_33_189,VPWR,li1,97.7500,100.6400,1.799998
FILLER_33_186,VPWR,li1,96.3700,100.6400,1.799998
FILLER_33_175,VPWR,li1,91.0800,100.6400,1.799997
FILLER_33_172,VPWR,li1,89.9300,100.6400,1.799997
FILLER_33_169,VPWR,li1,88.5500,100.6400,1.799997
FILLER_33_166,VPWR,li1,86.9400,100.6400,1.799997
FILLER_33_163,VPWR,li1,85.7900,100.6400,1.799997
FILLER_33_155,VPWR,li1,82.1100,100.6400,1.799997
FILLER_33_142,VPWR,li1,75.6700,100.6400,1.799996
FILLER_33_139,VPWR,li1,74.7500,100.6400,1.799996
FILLER_33_129,VPWR,li1,69.9200,100.6400,1.799993
FILLER_33_119,VPWR,li1,65.0900,100.6400,1.799990
FILLER_33_116,VPWR,li1,64.1700,100.6400,1.799990
FILLER_33_113,VPWR,li1,62.7900,100.6400,1.799989
FILLER_33_109,VPWR,li1,60.9500,100.6400,1.799988
FILLER_33_106,VPWR,li1,59.5700,100.6400,1.799988
FILLER_33_87,VPWR,li1,50.6000,100.6400,1.799987
FILLER_33_84,VPWR,li1,49.4500,100.6400,1.799987
FILLER_33_81,VPWR,li1,48.0700,100.6400,1.799987
FILLER_33_78,VPWR,li1,46.6900,100.6400,1.799987
FILLER_33_60,VPWR,li1,38.1800,100.6400,1.799979
FILLER_33_57,VPWR,li1,37.0300,100.6400,1.799976
FILLER_33_55,VPWR,li1,35.6500,100.6400,1.799976
FILLER_33_27,VPWR,li1,23.2300,100.6400,1.799978
FILLER_33_24,VPWR,li1,21.8500,100.6400,1.799980
FILLER_33_3,VPWR,li1,11.7300,100.6400,1.799987
FILLER_32_645,VPWR,li1,307.5100,100.6400,1.799998
FILLER_32_643,VPWR,li1,306.1300,100.6400,1.799998
FILLER_32_640,VPWR,li1,305.2100,100.6400,1.799998
FILLER_32_637,VPWR,li1,303.8300,100.6400,1.799998
FILLER_32_634,VPWR,li1,302.4500,100.6400,1.799998
FILLER_32_631,VPWR,li1,301.0700,100.6400,1.799998
FILLER_32_628,VPWR,li1,299.6900,100.6400,1.799998
FILLER_32_625,VPWR,li1,298.3100,100.6400,1.799998
FILLER_32_622,VPWR,li1,296.9300,100.6400,1.799998
FILLER_32_619,VPWR,li1,295.5500,100.6400,1.799998
FILLER_32_616,VPWR,li1,294.1700,100.6400,1.799998
FILLER_32_613,VPWR,li1,292.7900,100.6400,1.799998
FILLER_32_610,VPWR,li1,291.4100,100.6400,1.799998
FILLER_32_607,VPWR,li1,290.0300,100.6400,1.799998
FILLER_32_604,VPWR,li1,288.6500,100.6400,1.799998
FILLER_32_601,VPWR,li1,287.2700,100.6400,1.799998
FILLER_32_598,VPWR,li1,285.8900,100.6400,1.799998
FILLER_32_595,VPWR,li1,284.5100,100.6400,1.799997
FILLER_32_592,VPWR,li1,283.1300,100.6400,1.799997
FILLER_32_589,VPWR,li1,281.7500,100.6400,1.799997
FILLER_32_586,VPWR,li1,280.1400,100.6400,1.799996
FILLER_32_583,VPWR,li1,278.9900,100.6400,1.799996
FILLER_32_580,VPWR,li1,277.6100,100.6400,1.799996
FILLER_32_577,VPWR,li1,276.2300,100.6400,1.799996
FILLER_32_568,VPWR,li1,272.0900,100.6400,1.799995
FILLER_32_565,VPWR,li1,270.7100,100.6400,1.799995
FILLER_32_533,VPWR,li1,255.7600,100.6400,1.799997
FILLER_32_528,VPWR,li1,253.2300,100.6400,1.799997
FILLER_32_518,VPWR,li1,248.6300,100.6400,1.799996
FILLER_32_515,VPWR,li1,247.7100,100.6400,1.799995
FILLER_32_512,VPWR,li1,246.3300,100.6400,1.799995
FILLER_32_505,VPWR,li1,243.1100,100.6400,1.799995
FILLER_32_502,VPWR,li1,241.7300,100.6400,1.799994
FILLER_32_480,VPWR,li1,231.1500,100.6400,1.799994
FILLER_32_477,VPWR,li1,230.2300,100.6400,1.799994
FILLER_32_471,VPWR,li1,227.0100,100.6400,1.799994
FILLER_32_468,VPWR,li1,226.0900,100.6400,1.799994
FILLER_32_464,VPWR,li1,223.7900,100.6400,1.799995
FILLER_32_461,VPWR,li1,222.8700,100.6400,1.799994
FILLER_32_458,VPWR,li1,221.4900,100.6400,1.799994
FILLER_32_436,VPWR,li1,210.9100,100.6400,1.799991
FILLER_32_432,VPWR,li1,209.0700,100.6400,1.799991
FILLER_32_429,VPWR,li1,208.1500,100.6400,1.799991
FILLER_32_419,VPWR,li1,203.0900,100.6400,1.799992
FILLER_32_416,VPWR,li1,202.1700,100.6400,1.799992
FILLER_32_406,VPWR,li1,197.1100,100.6400,1.799993
FILLER_32_384,VPWR,li1,186.9900,100.6400,1.799993
FILLER_32_381,VPWR,li1,186.0700,100.6400,1.799993
FILLER_32_371,VPWR,li1,181.0100,100.6400,1.799993
FILLER_32_368,VPWR,li1,180.0900,100.6400,1.799993
FILLER_32_365,VPWR,li1,178.7100,100.6400,1.799993
FILLER_32_341,VPWR,li1,167.4400,100.6400,1.799996
FILLER_32_338,VPWR,li1,166.2900,100.6400,1.799996
FILLER_32_335,VPWR,li1,164.9100,100.6400,1.799996
FILLER_32_332,VPWR,li1,163.5300,100.6400,1.799996
FILLER_32_329,VPWR,li1,162.1500,100.6400,1.799996
FILLER_32_326,VPWR,li1,160.7700,100.6400,1.799996
FILLER_32_323,VPWR,li1,159.3900,100.6400,1.799996
FILLER_32_320,VPWR,li1,158.0100,100.6400,1.799996
FILLER_32_317,VPWR,li1,156.6300,100.6400,1.799996
FILLER_32_304,VPWR,li1,150.1900,100.6400,1.799995
FILLER_32_301,VPWR,li1,149.2700,100.6400,1.799995
FILLER_32_293,VPWR,li1,145.1300,100.6400,1.799996
FILLER_32_290,VPWR,li1,144.2100,100.6400,1.799996
FILLER_32_287,VPWR,li1,142.8300,100.6400,1.799996
FILLER_32_284,VPWR,li1,141.4500,100.6400,1.799997
FILLER_32_253,VPWR,li1,127.1900,100.6400,1.799997
FILLER_32_251,VPWR,li1,125.8100,100.6400,1.799997
FILLER_32_248,VPWR,li1,124.8900,100.6400,1.799997
FILLER_32_245,VPWR,li1,123.5100,100.6400,1.799998
FILLER_32_242,VPWR,li1,122.1300,100.6400,1.799998
FILLER_32_239,VPWR,li1,120.7500,100.6400,1.799998
FILLER_32_236,VPWR,li1,119.3700,100.6400,1.799998
FILLER_32_233,VPWR,li1,117.9900,100.6400,1.799998
FILLER_32_230,VPWR,li1,116.6100,100.6400,1.799998
FILLER_32_227,VPWR,li1,115.2300,100.6400,1.799998
FILLER_32_224,VPWR,li1,113.8500,100.6400,1.799998
FILLER_32_221,VPWR,li1,112.4700,100.6400,1.799998
FILLER_32_218,VPWR,li1,111.0900,100.6400,1.799998
FILLER_32_215,VPWR,li1,109.7100,100.6400,1.799998
FILLER_32_212,VPWR,li1,108.3300,100.6400,1.799998
FILLER_32_209,VPWR,li1,106.9500,100.6400,1.799999
FILLER_32_206,VPWR,li1,105.5700,100.6400,1.799999
FILLER_32_203,VPWR,li1,104.1900,100.6400,1.799999
FILLER_32_200,VPWR,li1,102.8100,100.6400,1.799999
FILLER_32_197,VPWR,li1,101.4300,100.6400,1.799999
FILLER_32_193,VPWR,li1,99.5900,100.6400,1.799998
FILLER_32_190,VPWR,li1,98.2100,100.6400,1.799998
FILLER_32_187,VPWR,li1,96.8300,100.6400,1.799998
FILLER_32_184,VPWR,li1,95.4500,100.6400,1.799998
FILLER_32_181,VPWR,li1,94.0700,100.6400,1.799998
FILLER_32_164,VPWR,li1,85.7900,100.6400,1.799997
FILLER_32_161,VPWR,li1,84.8700,100.6400,1.799997
FILLER_32_158,VPWR,li1,83.4900,100.6400,1.799997
FILLER_32_155,VPWR,li1,82.1100,100.6400,1.799997
FILLER_32_152,VPWR,li1,80.7300,100.6400,1.799997
FILLER_32_144,VPWR,li1,76.5900,100.6400,1.799996
FILLER_32_141,VPWR,li1,75.6700,100.6400,1.799996
FILLER_32_129,VPWR,li1,70.1500,100.6400,1.799993
FILLER_32_126,VPWR,li1,68.7700,100.6400,1.799992
FILLER_32_108,VPWR,li1,60.0300,100.6400,1.799988
FILLER_32_105,VPWR,li1,59.1100,100.6400,1.799988
FILLER_32_102,VPWR,li1,57.7300,100.6400,1.799988
FILLER_32_83,VPWR,li1,48.5300,100.6400,1.799987
FILLER_32_80,VPWR,li1,47.6100,100.6400,1.799987
FILLER_32_58,VPWR,li1,37.0300,100.6400,1.799976
FILLER_32_55,VPWR,li1,36.1100,100.6400,1.799976
FILLER_32_32,VPWR,li1,25.5300,100.6400,1.799976
FILLER_32_29,VPWR,li1,24.1500,100.6400,1.799978
FILLER_31_647,VPWR,li1,307.9700,95.2000,1.799992
FILLER_31_644,VPWR,li1,307.0500,95.2000,1.799992
FILLER_31_641,VPWR,li1,305.6700,95.2000,1.799992
FILLER_31_638,VPWR,li1,304.2900,95.2000,1.799992
FILLER_31_635,VPWR,li1,302.9100,95.2000,1.799992
FILLER_31_632,VPWR,li1,301.5300,95.2000,1.799992
FILLER_31_629,VPWR,li1,300.1500,95.2000,1.799992
FILLER_31_626,VPWR,li1,298.7700,95.2000,1.799992
FILLER_31_623,VPWR,li1,297.3900,95.2000,1.799992
FILLER_31_620,VPWR,li1,296.0100,95.2000,1.799992
FILLER_31_617,VPWR,li1,294.6300,95.2000,1.799992
FILLER_31_613,VPWR,li1,292.7900,95.2000,1.799992
FILLER_31_610,VPWR,li1,291.4100,95.2000,1.799992
FILLER_31_607,VPWR,li1,290.0300,95.2000,1.799992
FILLER_31_604,VPWR,li1,288.6500,95.2000,1.799992
FILLER_31_601,VPWR,li1,287.2700,95.2000,1.799992
FILLER_31_598,VPWR,li1,285.8900,95.2000,1.799992
FILLER_31_595,VPWR,li1,284.5100,95.2000,1.799992
FILLER_31_592,VPWR,li1,283.1300,95.2000,1.799989
FILLER_31_589,VPWR,li1,281.7500,95.2000,1.799989
FILLER_31_586,VPWR,li1,280.3700,95.2000,1.799987
FILLER_31_557,VPWR,li1,267.0300,95.2000,1.799975
FILLER_31_509,VPWR,li1,244.9500,95.2000,1.799993
FILLER_31_503,VPWR,li1,241.7300,95.2000,1.799993
FILLER_31_493,VPWR,li1,237.3600,95.2000,1.799994
FILLER_31_482,VPWR,li1,232.3000,95.2000,1.799996
FILLER_31_479,VPWR,li1,231.1500,95.2000,1.799996
FILLER_31_476,VPWR,li1,229.7700,95.2000,1.799996
FILLER_31_466,VPWR,li1,225.1700,95.2000,1.799998
FILLER_31_463,VPWR,li1,223.7900,95.2000,1.799997
FILLER_31_460,VPWR,li1,222.4100,95.2000,1.799997
FILLER_31_457,VPWR,li1,221.0300,95.2000,1.799997
FILLER_31_443,VPWR,li1,214.3600,95.2000,1.799997
FILLER_31_433,VPWR,li1,209.5300,95.2000,1.799997
FILLER_31_430,VPWR,li1,208.6100,95.2000,1.799997
FILLER_31_427,VPWR,li1,207.2300,95.2000,1.799997
FILLER_31_424,VPWR,li1,205.8500,95.2000,1.799997
FILLER_31_421,VPWR,li1,204.4700,95.2000,1.799997
FILLER_31_418,VPWR,li1,203.0900,95.2000,1.799997
FILLER_31_415,VPWR,li1,201.7100,95.2000,1.799997
FILLER_31_412,VPWR,li1,200.3300,95.2000,1.799997
FILLER_31_409,VPWR,li1,198.9500,95.2000,1.799997
FILLER_31_406,VPWR,li1,197.5700,95.2000,1.799997
FILLER_31_402,VPWR,li1,195.2700,95.2000,1.799996
FILLER_31_399,VPWR,li1,194.3500,95.2000,1.799996
FILLER_31_396,VPWR,li1,192.9700,95.2000,1.799996
FILLER_31_393,VPWR,li1,191.5900,95.2000,1.799995
FILLER_31_379,VPWR,li1,184.9200,95.2000,1.799994
FILLER_31_376,VPWR,li1,183.7700,95.2000,1.799994
FILLER_31_373,VPWR,li1,182.3900,95.2000,1.799995
FILLER_31_370,VPWR,li1,181.0100,95.2000,1.799995
FILLER_31_357,VPWR,li1,174.5700,95.2000,1.799995
FILLER_31_346,VPWR,li1,169.7400,95.2000,1.799995
FILLER_31_343,VPWR,li1,168.5900,95.2000,1.799995
FILLER_31_340,VPWR,li1,167.2100,95.2000,1.799995
FILLER_31_337,VPWR,li1,165.8300,95.2000,1.799996
FILLER_31_334,VPWR,li1,164.2200,95.2000,1.799996
FILLER_31_300,VPWR,li1,148.3500,95.2000,1.799996
FILLER_31_297,VPWR,li1,147.4300,95.2000,1.799996
FILLER_31_294,VPWR,li1,146.0500,95.2000,1.799996
FILLER_31_284,VPWR,li1,140.9900,95.2000,1.799997
FILLER_31_281,VPWR,li1,140.0700,95.2000,1.799997
FILLER_31_279,VPWR,li1,138.6900,95.2000,1.799997
FILLER_31_276,VPWR,li1,137.7700,95.2000,1.799997
FILLER_31_273,VPWR,li1,136.3900,95.2000,1.799997
FILLER_31_265,VPWR,li1,132.7100,95.2000,1.799997
FILLER_31_262,VPWR,li1,131.3300,95.2000,1.799997
FILLER_31_259,VPWR,li1,129.9500,95.2000,1.799997
FILLER_31_235,VPWR,li1,118.9100,95.2000,1.799997
FILLER_31_222,VPWR,li1,112.7000,95.2000,1.799998
FILLER_31_219,VPWR,li1,111.5500,95.2000,1.799998
FILLER_31_216,VPWR,li1,110.1700,95.2000,1.799998
FILLER_31_213,VPWR,li1,108.7900,95.2000,1.799998
FILLER_31_203,VPWR,li1,104.1900,95.2000,1.799998
FILLER_31_200,VPWR,li1,102.8100,95.2000,1.799998
FILLER_31_190,VPWR,li1,98.2100,95.2000,1.799997
FILLER_31_187,VPWR,li1,96.8300,95.2000,1.799997
FILLER_31_169,VPWR,li1,88.5500,95.2000,1.799996
FILLER_31_166,VPWR,li1,86.9400,95.2000,1.799996
FILLER_31_163,VPWR,li1,85.7900,95.2000,1.799996
FILLER_31_160,VPWR,li1,84.4100,95.2000,1.799996
FILLER_31_157,VPWR,li1,83.0300,95.2000,1.799996
FILLER_31_154,VPWR,li1,81.6500,95.2000,1.799996
FILLER_31_151,VPWR,li1,80.2700,95.2000,1.799996
FILLER_31_148,VPWR,li1,78.8900,95.2000,1.799996
FILLER_31_145,VPWR,li1,77.5100,95.2000,1.799996
FILLER_31_142,VPWR,li1,76.1300,95.2000,1.799996
FILLER_31_113,VPWR,li1,62.7900,95.2000,1.799995
FILLER_31_102,VPWR,li1,57.5000,95.2000,1.799994
FILLER_31_84,VPWR,li1,49.2200,95.2000,1.799996
FILLER_31_66,VPWR,li1,40.9400,95.2000,1.799995
FILLER_31_63,VPWR,li1,39.7900,95.2000,1.799995
FILLER_31_60,VPWR,li1,38.4100,95.2000,1.799995
FILLER_31_57,VPWR,li1,37.0300,95.2000,1.799995
FILLER_31_53,VPWR,li1,35.1900,95.2000,1.799995
FILLER_31_43,VPWR,li1,30.1300,95.2000,1.799995
FILLER_31_40,VPWR,li1,29.2100,95.2000,1.799995
FILLER_31_37,VPWR,li1,27.8300,95.2000,1.799996
FILLER_31_32,VPWR,li1,25.0700,95.2000,1.799996
FILLER_31_6,VPWR,li1,13.3400,95.2000,1.799997
FILLER_31_3,VPWR,li1,12.1900,95.2000,1.799997
FILLER_30_645,VPWR,li1,307.5100,95.2000,1.799992
FILLER_30_643,VPWR,li1,306.1300,95.2000,1.799992
FILLER_30_640,VPWR,li1,305.2100,95.2000,1.799992
FILLER_30_637,VPWR,li1,303.8300,95.2000,1.799992
FILLER_30_634,VPWR,li1,302.4500,95.2000,1.799992
FILLER_30_631,VPWR,li1,301.0700,95.2000,1.799992
FILLER_30_628,VPWR,li1,299.6900,95.2000,1.799992
FILLER_30_625,VPWR,li1,298.3100,95.2000,1.799992
FILLER_30_622,VPWR,li1,296.9300,95.2000,1.799992
FILLER_30_619,VPWR,li1,295.5500,95.2000,1.799992
FILLER_30_616,VPWR,li1,294.1700,95.2000,1.799992
FILLER_30_613,VPWR,li1,292.7900,95.2000,1.799992
FILLER_30_610,VPWR,li1,291.4100,95.2000,1.799992
FILLER_30_607,VPWR,li1,290.0300,95.2000,1.799992
FILLER_30_604,VPWR,li1,288.6500,95.2000,1.799992
FILLER_30_601,VPWR,li1,287.2700,95.2000,1.799992
FILLER_30_598,VPWR,li1,285.8900,95.2000,1.799992
FILLER_30_595,VPWR,li1,284.5100,95.2000,1.799992
FILLER_30_592,VPWR,li1,283.1300,95.2000,1.799989
FILLER_30_589,VPWR,li1,281.7500,95.2000,1.799989
FILLER_30_585,VPWR,li1,279.9100,95.2000,1.799987
FILLER_30_582,VPWR,li1,278.5300,95.2000,1.799984
FILLER_30_579,VPWR,li1,277.1500,95.2000,1.799984
FILLER_30_576,VPWR,li1,275.7700,95.2000,1.799982
FILLER_30_544,VPWR,li1,261.0500,95.2000,1.799982
FILLER_30_539,VPWR,li1,258.2900,95.2000,1.799984
FILLER_30_536,VPWR,li1,257.3700,95.2000,1.799987
FILLER_30_533,VPWR,li1,255.9900,95.2000,1.799987
FILLER_30_530,VPWR,li1,254.3800,95.2000,1.799990
FILLER_30_527,VPWR,li1,253.2300,95.2000,1.799990
FILLER_30_524,VPWR,li1,251.8500,95.2000,1.799990
FILLER_30_521,VPWR,li1,250.4700,95.2000,1.799991
FILLER_30_518,VPWR,li1,249.0900,95.2000,1.799991
FILLER_30_515,VPWR,li1,247.7100,95.2000,1.799992
FILLER_30_512,VPWR,li1,246.3300,95.2000,1.799992
FILLER_30_491,VPWR,li1,236.6700,95.2000,1.799994
FILLER_30_486,VPWR,li1,233.9100,95.2000,1.799995
FILLER_30_483,VPWR,li1,232.9900,95.2000,1.799995
FILLER_30_480,VPWR,li1,231.6100,95.2000,1.799996
FILLER_30_477,VPWR,li1,230.2300,95.2000,1.799996
FILLER_30_474,VPWR,li1,228.6200,95.2000,1.799997
FILLER_30_468,VPWR,li1,226.0900,95.2000,1.799998
FILLER_30_465,VPWR,li1,224.7100,95.2000,1.799998
FILLER_30_462,VPWR,li1,223.3300,95.2000,1.799997
FILLER_30_452,VPWR,li1,218.2700,95.2000,1.799997
FILLER_30_449,VPWR,li1,217.3500,95.2000,1.799997
FILLER_30_446,VPWR,li1,215.9700,95.2000,1.799997
FILLER_30_443,VPWR,li1,214.5900,95.2000,1.799997
FILLER_30_440,VPWR,li1,213.2100,95.2000,1.799997
FILLER_30_437,VPWR,li1,211.8300,95.2000,1.799997
FILLER_30_419,VPWR,li1,203.0900,95.2000,1.799997
FILLER_30_416,VPWR,li1,202.1700,95.2000,1.799997
FILLER_30_393,VPWR,li1,191.3600,95.2000,1.799995
FILLER_30_371,VPWR,li1,181.0100,95.2000,1.799995
FILLER_30_368,VPWR,li1,180.0900,95.2000,1.799995
FILLER_30_365,VPWR,li1,178.7100,95.2000,1.799995
FILLER_30_363,VPWR,li1,177.3300,95.2000,1.799995
FILLER_30_329,VPWR,li1,161.9200,95.2000,1.799996
FILLER_30_326,VPWR,li1,160.7700,95.2000,1.799996
FILLER_30_305,VPWR,li1,151.1100,95.2000,1.799995
FILLER_30_302,VPWR,li1,149.7300,95.2000,1.799995
FILLER_30_299,VPWR,li1,148.3500,95.2000,1.799996
FILLER_30_296,VPWR,li1,146.9700,95.2000,1.799996
FILLER_30_286,VPWR,li1,142.3700,95.2000,1.799996
FILLER_30_283,VPWR,li1,140.9900,95.2000,1.799997
FILLER_30_280,VPWR,li1,139.6100,95.2000,1.799997
FILLER_30_277,VPWR,li1,138.2300,95.2000,1.799997
FILLER_30_274,VPWR,li1,136.8500,95.2000,1.799997
FILLER_30_269,VPWR,li1,134.3200,95.2000,1.799998
FILLER_30_262,VPWR,li1,131.3300,95.2000,1.799997
FILLER_30_259,VPWR,li1,129.9500,95.2000,1.799997
FILLER_30_256,VPWR,li1,128.5700,95.2000,1.799997
FILLER_30_253,VPWR,li1,127.1900,95.2000,1.799996
FILLER_30_248,VPWR,li1,124.4300,95.2000,1.799996
FILLER_30_233,VPWR,li1,117.5300,95.2000,1.799997
FILLER_30_230,VPWR,li1,116.6100,95.2000,1.799997
FILLER_30_227,VPWR,li1,115.2300,95.2000,1.799997
FILLER_30_224,VPWR,li1,113.8500,95.2000,1.799997
FILLER_30_221,VPWR,li1,112.4700,95.2000,1.799998
FILLER_30_218,VPWR,li1,111.0900,95.2000,1.799998
FILLER_30_215,VPWR,li1,109.7100,95.2000,1.799998
FILLER_30_212,VPWR,li1,108.3300,95.2000,1.799998
FILLER_30_209,VPWR,li1,106.9500,95.2000,1.799998
FILLER_30_206,VPWR,li1,105.5700,95.2000,1.799998
FILLER_30_203,VPWR,li1,104.1900,95.2000,1.799998
FILLER_30_200,VPWR,li1,102.8100,95.2000,1.799998
FILLER_30_197,VPWR,li1,101.4300,95.2000,1.799998
FILLER_30_194,VPWR,li1,99.8200,95.2000,1.799998
FILLER_30_191,VPWR,li1,98.6700,95.2000,1.799998
FILLER_30_188,VPWR,li1,97.2900,95.2000,1.799997
FILLER_30_177,VPWR,li1,92.2300,95.2000,1.799997
FILLER_30_174,VPWR,li1,90.8500,95.2000,1.799997
FILLER_30_141,VPWR,li1,75.6700,95.2000,1.799996
FILLER_30_138,VPWR,li1,74.0600,95.2000,1.799996
FILLER_30_135,VPWR,li1,72.9100,95.2000,1.799996
FILLER_30_132,VPWR,li1,71.5300,95.2000,1.799996
FILLER_30_129,VPWR,li1,70.1500,95.2000,1.799995
FILLER_30_126,VPWR,li1,68.7700,95.2000,1.799995
FILLER_30_117,VPWR,li1,64.1700,95.2000,1.799995
FILLER_30_114,VPWR,li1,63.2500,95.2000,1.799995
FILLER_30_94,VPWR,li1,54.0500,95.2000,1.799995
FILLER_30_82,VPWR,li1,48.3000,95.2000,1.799996
FILLER_30_79,VPWR,li1,47.1500,95.2000,1.799996
FILLER_30_36,VPWR,li1,26.9100,95.2000,1.799996
FILLER_30_22,VPWR,li1,20.7000,95.2000,1.799997
FILLER_30_3,VPWR,li1,11.9600,95.2000,1.799997
FILLER_29_647,VPWR,li1,307.9700,89.7600,1.799997
FILLER_29_644,VPWR,li1,307.0500,89.7600,1.799997
FILLER_29_641,VPWR,li1,305.6700,89.7600,1.799997
FILLER_29_638,VPWR,li1,304.2900,89.7600,1.799997
FILLER_29_635,VPWR,li1,302.9100,89.7600,1.799997
FILLER_29_632,VPWR,li1,301.5300,89.7600,1.799997
FILLER_29_629,VPWR,li1,300.1500,89.7600,1.799997
FILLER_29_626,VPWR,li1,298.7700,89.7600,1.799997
FILLER_29_623,VPWR,li1,297.3900,89.7600,1.799997
FILLER_29_620,VPWR,li1,296.0100,89.7600,1.799997
FILLER_29_617,VPWR,li1,294.6300,89.7600,1.799997
FILLER_29_614,VPWR,li1,293.0200,89.7600,1.799997
FILLER_29_611,VPWR,li1,291.8700,89.7600,1.799997
FILLER_29_608,VPWR,li1,290.4900,89.7600,1.799997
FILLER_29_605,VPWR,li1,289.1100,89.7600,1.799997
FILLER_29_602,VPWR,li1,287.7300,89.7600,1.799997
FILLER_29_599,VPWR,li1,286.3500,89.7600,1.799997
FILLER_29_596,VPWR,li1,284.9700,89.7600,1.799997
FILLER_29_593,VPWR,li1,283.5900,89.7600,1.799997
FILLER_29_590,VPWR,li1,282.2100,89.7600,1.799996
FILLER_29_587,VPWR,li1,280.8300,89.7600,1.799996
FILLER_29_572,VPWR,li1,273.9300,89.7600,1.799994
FILLER_29_569,VPWR,li1,272.5500,89.7600,1.799994
FILLER_29_564,VPWR,li1,269.7900,89.7600,1.799993
FILLER_29_561,VPWR,li1,268.8700,89.7600,1.799993
FILLER_29_536,VPWR,li1,257.3700,89.7600,1.799994
FILLER_29_533,VPWR,li1,255.9900,89.7600,1.799994
FILLER_29_523,VPWR,li1,250.9300,89.7600,1.799992
FILLER_29_517,VPWR,li1,248.4000,89.7600,1.799990
FILLER_29_514,VPWR,li1,247.2500,89.7600,1.799989
FILLER_29_511,VPWR,li1,245.8700,89.7600,1.799989
FILLER_29_508,VPWR,li1,244.4900,89.7600,1.799988
FILLER_29_505,VPWR,li1,243.1100,89.7600,1.799987
FILLER_29_482,VPWR,li1,232.0700,89.7600,1.799985
FILLER_29_460,VPWR,li1,221.9500,89.7600,1.799982
FILLER_29_457,VPWR,li1,221.0300,89.7600,1.799979
FILLER_29_442,VPWR,li1,213.9000,89.7600,1.799968
FILLER_29_439,VPWR,li1,212.7500,89.7600,1.799968
FILLER_29_418,VPWR,li1,202.6300,89.7600,1.799964
FILLER_29_393,VPWR,li1,191.1300,89.7600,1.799980
FILLER_29_388,VPWR,li1,188.8300,89.7600,1.799981
FILLER_29_385,VPWR,li1,187.9100,89.7600,1.799982
FILLER_29_375,VPWR,li1,182.8500,89.7600,1.799984
FILLER_29_372,VPWR,li1,181.9300,89.7600,1.799986
FILLER_29_369,VPWR,li1,180.5500,89.7600,1.799986
FILLER_29_351,VPWR,li1,172.0400,89.7600,1.799991
FILLER_29_340,VPWR,li1,166.7500,89.7600,1.799995
FILLER_29_337,VPWR,li1,165.8300,89.7600,1.799995
FILLER_29_335,VPWR,li1,164.4500,89.7600,1.799996
FILLER_29_332,VPWR,li1,163.5300,89.7600,1.799996
FILLER_29_329,VPWR,li1,162.1500,89.7600,1.799996
FILLER_29_326,VPWR,li1,160.7700,89.7600,1.799996
FILLER_29_323,VPWR,li1,159.3900,89.7600,1.799996
FILLER_29_320,VPWR,li1,158.0100,89.7600,1.799996
FILLER_29_317,VPWR,li1,156.6300,89.7600,1.799996
FILLER_29_314,VPWR,li1,155.2500,89.7600,1.799996
FILLER_29_309,VPWR,li1,152.7200,89.7600,1.799996
FILLER_29_306,VPWR,li1,151.5700,89.7600,1.799996
FILLER_29_303,VPWR,li1,150.1900,89.7600,1.799996
FILLER_29_300,VPWR,li1,148.8100,89.7600,1.799996
FILLER_29_297,VPWR,li1,147.4300,89.7600,1.799996
FILLER_29_294,VPWR,li1,146.0500,89.7600,1.799997
FILLER_29_291,VPWR,li1,144.6700,89.7600,1.799997
FILLER_29_288,VPWR,li1,143.2900,89.7600,1.799997
FILLER_29_277,VPWR,li1,138.2300,89.7600,1.799997
FILLER_29_255,VPWR,li1,127.8800,89.7600,1.799995
FILLER_29_252,VPWR,li1,126.7300,89.7600,1.799994
FILLER_29_249,VPWR,li1,125.3500,89.7600,1.799994
FILLER_29_246,VPWR,li1,123.9700,89.7600,1.799994
FILLER_29_243,VPWR,li1,122.5900,89.7600,1.799993
FILLER_29_240,VPWR,li1,121.2100,89.7600,1.799993
FILLER_29_237,VPWR,li1,119.8300,89.7600,1.799992
FILLER_29_234,VPWR,li1,118.4500,89.7600,1.799992
FILLER_29_231,VPWR,li1,117.0700,89.7600,1.799992
FILLER_29_228,VPWR,li1,115.6900,89.7600,1.799991
FILLER_29_225,VPWR,li1,114.3100,89.7600,1.799991
FILLER_29_223,VPWR,li1,112.9300,89.7600,1.799990
FILLER_29_220,VPWR,li1,112.0100,89.7600,1.799990
FILLER_29_217,VPWR,li1,110.6300,89.7600,1.799989
FILLER_29_211,VPWR,li1,107.8700,89.7600,1.799989
FILLER_29_208,VPWR,li1,106.4900,89.7600,1.799988
FILLER_29_205,VPWR,li1,105.1100,89.7600,1.799988
FILLER_29_202,VPWR,li1,103.7300,89.7600,1.799983
FILLER_29_199,VPWR,li1,102.3500,89.7600,1.799983
FILLER_29_196,VPWR,li1,100.9700,89.7600,1.799979
FILLER_29_193,VPWR,li1,99.5900,89.7600,1.799976
FILLER_29_190,VPWR,li1,98.2100,89.7600,1.799976
FILLER_29_187,VPWR,li1,96.8300,89.7600,1.799971
FILLER_29_184,VPWR,li1,95.4500,89.7600,1.799971
FILLER_29_181,VPWR,li1,94.0700,89.7600,1.799966
FILLER_29_178,VPWR,li1,92.6900,89.7600,1.799966
FILLER_29_175,VPWR,li1,91.3100,89.7600,1.799968
FILLER_29_172,VPWR,li1,89.9300,89.7600,1.799968
FILLER_29_169,VPWR,li1,88.5500,89.7600,1.799971
FILLER_29_166,VPWR,li1,86.9400,89.7600,1.799973
FILLER_29_163,VPWR,li1,85.7900,89.7600,1.799973
FILLER_29_154,VPWR,li1,81.1900,89.7600,1.799977
FILLER_29_151,VPWR,li1,80.2700,89.7600,1.799979
FILLER_29_148,VPWR,li1,78.8900,89.7600,1.799979
FILLER_29_128,VPWR,li1,69.6900,89.7600,1.799974
FILLER_29_125,VPWR,li1,68.3100,89.7600,1.799974
FILLER_29_89,VPWR,li1,51.7500,89.7600,1.799979
FILLER_29_86,VPWR,li1,50.3700,89.7600,1.799983
FILLER_29_68,VPWR,li1,41.6300,89.7600,1.799989
FILLER_29_65,VPWR,li1,40.7100,89.7600,1.799989
FILLER_29_53,VPWR,li1,35.1900,89.7600,1.799990
FILLER_29_50,VPWR,li1,33.8100,89.7600,1.799990
FILLER_29_30,VPWR,li1,24.6100,89.7600,1.799992
FILLER_29_3,VPWR,li1,11.9600,89.7600,1.799995
FILLER_28_645,VPWR,li1,307.5100,89.7600,1.799997
FILLER_28_643,VPWR,li1,306.1300,89.7600,1.799997
FILLER_28_640,VPWR,li1,305.2100,89.7600,1.799997
FILLER_28_637,VPWR,li1,303.8300,89.7600,1.799997
FILLER_28_634,VPWR,li1,302.4500,89.7600,1.799997
FILLER_28_631,VPWR,li1,301.0700,89.7600,1.799997
FILLER_28_628,VPWR,li1,299.6900,89.7600,1.799997
FILLER_28_625,VPWR,li1,298.3100,89.7600,1.799997
FILLER_28_622,VPWR,li1,296.9300,89.7600,1.799997
FILLER_28_619,VPWR,li1,295.5500,89.7600,1.799997
FILLER_28_616,VPWR,li1,294.1700,89.7600,1.799997
FILLER_28_613,VPWR,li1,292.7900,89.7600,1.799997
FILLER_28_610,VPWR,li1,291.4100,89.7600,1.799997
FILLER_28_607,VPWR,li1,290.0300,89.7600,1.799997
FILLER_28_604,VPWR,li1,288.6500,89.7600,1.799997
FILLER_28_601,VPWR,li1,287.2700,89.7600,1.799997
FILLER_28_598,VPWR,li1,285.8900,89.7600,1.799997
FILLER_28_595,VPWR,li1,284.5100,89.7600,1.799997
FILLER_28_592,VPWR,li1,283.1300,89.7600,1.799997
FILLER_28_589,VPWR,li1,281.7500,89.7600,1.799996
FILLER_28_586,VPWR,li1,280.1400,89.7600,1.799995
FILLER_28_583,VPWR,li1,278.9900,89.7600,1.799995
FILLER_28_568,VPWR,li1,272.0900,89.7600,1.799994
FILLER_28_547,VPWR,li1,262.2000,89.7600,1.799993
FILLER_28_539,VPWR,li1,258.5200,89.7600,1.799994
FILLER_28_536,VPWR,li1,257.3700,89.7600,1.799994
FILLER_28_533,VPWR,li1,255.9900,89.7600,1.799994
FILLER_28_530,VPWR,li1,254.3800,89.7600,1.799993
FILLER_28_519,VPWR,li1,249.5500,89.7600,1.799990
FILLER_28_494,VPWR,li1,237.5900,89.7600,1.799986
FILLER_28_477,VPWR,li1,230.2300,89.7600,1.799985
FILLER_28_467,VPWR,li1,225.1700,89.7600,1.799986
FILLER_28_464,VPWR,li1,224.2500,89.7600,1.799986
FILLER_28_461,VPWR,li1,222.8700,89.7600,1.799982
FILLER_28_458,VPWR,li1,221.4900,89.7600,1.799979
FILLER_28_455,VPWR,li1,220.1100,89.7600,1.799979
FILLER_28_452,VPWR,li1,218.7300,89.7600,1.799975
FILLER_28_449,VPWR,li1,217.3500,89.7600,1.799975
FILLER_28_446,VPWR,li1,215.9700,89.7600,1.799972
FILLER_28_435,VPWR,li1,210.9100,89.7600,1.799963
FILLER_28_432,VPWR,li1,209.5300,89.7600,1.799963
FILLER_28_421,VPWR,li1,204.4700,89.7600,1.799962
FILLER_28_419,VPWR,li1,203.0900,89.7600,1.799964
FILLER_28_408,VPWR,li1,198.0300,89.7600,1.799969
FILLER_28_389,VPWR,li1,189.7500,89.7600,1.799981
FILLER_28_386,VPWR,li1,188.3700,89.7600,1.799982
FILLER_28_383,VPWR,li1,186.9900,89.7600,1.799982
FILLER_28_377,VPWR,li1,184.0000,89.7600,1.799984
FILLER_28_374,VPWR,li1,182.8500,89.7600,1.799984
FILLER_28_365,VPWR,li1,178.2500,89.7600,1.799987
FILLER_28_354,VPWR,li1,173.6500,89.7600,1.799990
FILLER_28_351,VPWR,li1,172.2700,89.7600,1.799991
FILLER_28_348,VPWR,li1,170.8900,89.7600,1.799991
FILLER_28_345,VPWR,li1,169.5100,89.7600,1.799993
FILLER_28_342,VPWR,li1,168.1300,89.7600,1.799993
FILLER_28_339,VPWR,li1,166.7500,89.7600,1.799995
FILLER_28_336,VPWR,li1,165.3700,89.7600,1.799995
FILLER_28_333,VPWR,li1,163.9900,89.7600,1.799996
FILLER_28_305,VPWR,li1,151.1100,89.7600,1.799996
FILLER_28_302,VPWR,li1,149.7300,89.7600,1.799996
FILLER_28_295,VPWR,li1,146.2800,89.7600,1.799997
FILLER_28_292,VPWR,li1,145.1300,89.7600,1.799997
FILLER_28_289,VPWR,li1,143.7500,89.7600,1.799997
FILLER_28_285,VPWR,li1,141.4500,89.7600,1.799997
FILLER_28_282,VPWR,li1,140.5300,89.7600,1.799997
FILLER_28_279,VPWR,li1,139.1500,89.7600,1.799997
FILLER_28_276,VPWR,li1,137.7700,89.7600,1.799997
FILLER_28_273,VPWR,li1,136.3900,89.7600,1.799997
FILLER_28_270,VPWR,li1,135.0100,89.7600,1.799997
FILLER_28_262,VPWR,li1,131.3300,89.7600,1.799996
FILLER_28_259,VPWR,li1,129.9500,89.7600,1.799996
FILLER_28_256,VPWR,li1,128.5700,89.7600,1.799995
FILLER_28_253,VPWR,li1,127.1900,89.7600,1.799995
FILLER_28_251,VPWR,li1,125.8100,89.7600,1.799994
FILLER_28_248,VPWR,li1,124.8900,89.7600,1.799994
FILLER_28_245,VPWR,li1,123.5100,89.7600,1.799994
FILLER_28_242,VPWR,li1,122.1300,89.7600,1.799993
FILLER_28_239,VPWR,li1,120.7500,89.7600,1.799992
FILLER_28_236,VPWR,li1,119.3700,89.7600,1.799992
FILLER_28_233,VPWR,li1,117.9900,89.7600,1.799992
FILLER_28_216,VPWR,li1,110.1700,89.7600,1.799989
FILLER_28_213,VPWR,li1,108.7900,89.7600,1.799989
FILLER_28_210,VPWR,li1,107.4100,89.7600,1.799989
FILLER_28_207,VPWR,li1,106.0300,89.7600,1.799988
FILLER_28_197,VPWR,li1,100.9700,89.7600,1.799979
FILLER_28_195,VPWR,li1,100.0500,89.7600,1.799979
FILLER_28_192,VPWR,li1,99.1300,89.7600,1.799976
FILLER_28_170,VPWR,li1,88.7800,89.7600,1.799971
FILLER_28_167,VPWR,li1,87.6300,89.7600,1.799971
FILLER_28_159,VPWR,li1,83.7200,89.7600,1.799975
FILLER_28_156,VPWR,li1,82.5700,89.7600,1.799977
FILLER_28_153,VPWR,li1,81.1900,89.7600,1.799977
FILLER_28_150,VPWR,li1,79.8100,89.7600,1.799979
FILLER_28_147,VPWR,li1,78.4300,89.7600,1.799981
FILLER_28_144,VPWR,li1,77.0500,89.7600,1.799981
FILLER_28_141,VPWR,li1,75.6700,89.7600,1.799983
FILLER_28_139,VPWR,li1,74.2900,89.7600,1.799980
FILLER_28_136,VPWR,li1,73.3700,89.7600,1.799980
FILLER_28_133,VPWR,li1,71.9900,89.7600,1.799977
FILLER_28_130,VPWR,li1,70.6100,89.7600,1.799977
FILLER_28_123,VPWR,li1,67.1600,89.7600,1.799971
FILLER_28_94,VPWR,li1,53.5900,89.7600,1.799977
FILLER_28_85,VPWR,li1,49.4500,89.7600,1.799983
FILLER_28_73,VPWR,li1,44.3900,89.7600,1.799988
FILLER_28_70,VPWR,li1,43.0100,89.7600,1.799988
FILLER_28_63,VPWR,li1,39.7900,89.7600,1.799989
FILLER_28_60,VPWR,li1,38.4100,89.7600,1.799989
FILLER_28_57,VPWR,li1,37.0300,89.7600,1.799989
FILLER_28_46,VPWR,li1,31.9700,89.7600,1.799990
FILLER_28_37,VPWR,li1,27.3700,89.7600,1.799991
FILLER_28_22,VPWR,li1,20.4700,89.7600,1.799993
FILLER_28_11,VPWR,li1,15.8700,89.7600,1.799995
FILLER_27_647,VPWR,li1,307.9700,84.3200,1.799998
FILLER_27_644,VPWR,li1,307.0500,84.3200,1.799998
FILLER_27_641,VPWR,li1,305.6700,84.3200,1.799998
FILLER_27_638,VPWR,li1,304.2900,84.3200,1.799998
FILLER_27_635,VPWR,li1,302.9100,84.3200,1.799998
FILLER_27_632,VPWR,li1,301.5300,84.3200,1.799998
FILLER_27_629,VPWR,li1,300.1500,84.3200,1.799998
FILLER_27_626,VPWR,li1,298.7700,84.3200,1.799998
FILLER_27_623,VPWR,li1,297.3900,84.3200,1.799998
FILLER_27_620,VPWR,li1,296.0100,84.3200,1.799998
FILLER_27_617,VPWR,li1,294.6300,84.3200,1.799998
FILLER_27_615,VPWR,li1,293.2500,84.3200,1.799998
FILLER_27_612,VPWR,li1,292.3300,84.3200,1.799998
FILLER_27_609,VPWR,li1,290.9500,84.3200,1.799998
FILLER_27_606,VPWR,li1,289.5700,84.3200,1.799998
FILLER_27_603,VPWR,li1,288.1900,84.3200,1.799998
FILLER_27_600,VPWR,li1,286.8100,84.3200,1.799998
FILLER_27_597,VPWR,li1,285.4300,84.3200,1.799998
FILLER_27_594,VPWR,li1,284.0500,84.3200,1.799998
FILLER_27_591,VPWR,li1,282.6700,84.3200,1.799998
FILLER_27_588,VPWR,li1,281.2900,84.3200,1.799998
FILLER_27_585,VPWR,li1,279.9100,84.3200,1.799997
FILLER_27_582,VPWR,li1,278.5300,84.3200,1.799997
FILLER_27_579,VPWR,li1,277.1500,84.3200,1.799997
FILLER_27_576,VPWR,li1,275.7700,84.3200,1.799996
FILLER_27_573,VPWR,li1,274.3900,84.3200,1.799996
FILLER_27_570,VPWR,li1,273.0100,84.3200,1.799996
FILLER_27_567,VPWR,li1,271.6300,84.3200,1.799996
FILLER_27_564,VPWR,li1,270.2500,84.3200,1.799996
FILLER_27_561,VPWR,li1,268.8700,84.3200,1.799996
FILLER_27_557,VPWR,li1,267.0300,84.3200,1.799996
FILLER_27_554,VPWR,li1,265.6500,84.3200,1.799996
FILLER_27_551,VPWR,li1,264.2700,84.3200,1.799996
FILLER_27_545,VPWR,li1,261.5100,84.3200,1.799996
FILLER_27_542,VPWR,li1,260.1300,84.3200,1.799996
FILLER_27_539,VPWR,li1,258.7500,84.3200,1.799997
FILLER_27_536,VPWR,li1,257.3700,84.3200,1.799997
FILLER_27_525,VPWR,li1,252.3100,84.3200,1.799997
FILLER_27_505,VPWR,li1,243.1100,84.3200,1.799996
FILLER_27_494,VPWR,li1,237.5900,84.3200,1.799996
FILLER_27_491,VPWR,li1,236.6700,84.3200,1.799996
FILLER_27_482,VPWR,li1,232.0700,84.3200,1.799997
FILLER_27_460,VPWR,li1,222.1800,84.3200,1.799997
FILLER_27_457,VPWR,li1,221.0300,84.3200,1.799997
FILLER_27_443,VPWR,li1,214.3600,84.3200,1.799996
FILLER_27_435,VPWR,li1,210.6800,84.3200,1.799996
FILLER_27_432,VPWR,li1,209.5300,84.3200,1.799996
FILLER_27_421,VPWR,li1,204.4700,84.3200,1.799997
FILLER_27_418,VPWR,li1,203.0900,84.3200,1.799997
FILLER_27_415,VPWR,li1,201.7100,84.3200,1.799997
FILLER_27_412,VPWR,li1,200.3300,84.3200,1.799997
FILLER_27_403,VPWR,li1,195.7300,84.3200,1.799998
FILLER_27_393,VPWR,li1,191.3600,84.3200,1.799998
FILLER_27_391,VPWR,li1,190.2100,84.3200,1.799997
FILLER_27_388,VPWR,li1,189.2900,84.3200,1.799997
FILLER_27_378,VPWR,li1,184.2300,84.3200,1.799997
FILLER_27_375,VPWR,li1,183.3100,84.3200,1.799996
FILLER_27_372,VPWR,li1,181.9300,84.3200,1.799996
FILLER_27_348,VPWR,li1,170.8900,84.3200,1.799996
FILLER_27_345,VPWR,li1,169.5100,84.3200,1.799996
FILLER_27_316,VPWR,li1,155.9400,84.3200,1.799998
FILLER_27_313,VPWR,li1,154.7900,84.3200,1.799998
FILLER_27_310,VPWR,li1,153.4100,84.3200,1.799998
FILLER_27_307,VPWR,li1,152.0300,84.3200,1.799998
FILLER_27_304,VPWR,li1,150.6500,84.3200,1.799999
FILLER_27_301,VPWR,li1,149.2700,84.3200,1.799999
FILLER_27_298,VPWR,li1,147.8900,84.3200,1.799999
FILLER_27_295,VPWR,li1,146.5100,84.3200,1.799999
FILLER_27_281,VPWR,li1,139.8400,84.3200,1.799999
FILLER_27_277,VPWR,li1,138.2300,84.3200,1.799999
FILLER_27_274,VPWR,li1,136.8500,84.3200,1.799999
FILLER_27_271,VPWR,li1,135.4700,84.3200,1.799999
FILLER_27_265,VPWR,li1,132.7100,84.3200,1.799999
FILLER_27_262,VPWR,li1,131.3300,84.3200,1.799999
FILLER_27_259,VPWR,li1,129.9500,84.3200,1.799999
FILLER_27_256,VPWR,li1,128.5700,84.3200,1.799999
FILLER_27_253,VPWR,li1,127.1900,84.3200,1.799999
FILLER_27_221,VPWR,li1,112.4700,84.3200,1.799999
FILLER_27_218,VPWR,li1,111.0900,84.3200,1.799999
FILLER_27_201,VPWR,li1,103.0400,84.3200,1.799999
FILLER_27_194,VPWR,li1,99.8200,84.3200,1.799999
FILLER_27_191,VPWR,li1,98.6700,84.3200,1.799999
FILLER_27_180,VPWR,li1,93.6100,84.3200,1.799998
FILLER_27_177,VPWR,li1,92.2300,84.3200,1.799998
FILLER_27_169,VPWR,li1,88.0900,84.3200,1.799998
FILLER_27_165,VPWR,li1,86.7100,84.3200,1.799998
FILLER_27_162,VPWR,li1,85.3300,84.3200,1.799998
FILLER_27_159,VPWR,li1,83.9500,84.3200,1.799998
FILLER_27_122,VPWR,li1,66.9300,84.3200,1.799995
FILLER_27_113,VPWR,li1,62.3300,84.3200,1.799994
FILLER_27_93,VPWR,li1,53.3600,84.3200,1.799992
FILLER_27_90,VPWR,li1,52.2100,84.3200,1.799993
FILLER_27_87,VPWR,li1,50.8300,84.3200,1.799993
FILLER_27_60,VPWR,li1,38.1800,84.3200,1.799993
FILLER_27_57,VPWR,li1,37.0300,84.3200,1.799993
FILLER_27_55,VPWR,li1,35.6500,84.3200,1.799993
FILLER_27_28,VPWR,li1,23.2300,84.3200,1.799993
FILLER_27_25,VPWR,li1,22.3100,84.3200,1.799994
FILLER_27_22,VPWR,li1,20.9300,84.3200,1.799994
FILLER_27_3,VPWR,li1,11.9600,84.3200,1.799995
FILLER_26_645,VPWR,li1,307.5100,84.3200,1.799998
FILLER_26_641,VPWR,li1,305.6700,84.3200,1.799998
FILLER_26_638,VPWR,li1,304.2900,84.3200,1.799998
FILLER_26_635,VPWR,li1,302.9100,84.3200,1.799998
FILLER_26_632,VPWR,li1,301.5300,84.3200,1.799998
FILLER_26_629,VPWR,li1,300.1500,84.3200,1.799998
FILLER_26_626,VPWR,li1,298.7700,84.3200,1.799998
FILLER_26_623,VPWR,li1,297.3900,84.3200,1.799998
FILLER_26_620,VPWR,li1,296.0100,84.3200,1.799998
FILLER_26_617,VPWR,li1,294.6300,84.3200,1.799998
FILLER_26_614,VPWR,li1,293.2500,84.3200,1.799998
FILLER_26_611,VPWR,li1,291.8700,84.3200,1.799998
FILLER_26_608,VPWR,li1,290.4900,84.3200,1.799998
FILLER_26_605,VPWR,li1,289.1100,84.3200,1.799998
FILLER_26_602,VPWR,li1,287.7300,84.3200,1.799998
FILLER_26_599,VPWR,li1,286.3500,84.3200,1.799998
FILLER_26_596,VPWR,li1,284.9700,84.3200,1.799998
FILLER_26_593,VPWR,li1,283.5900,84.3200,1.799998
FILLER_26_589,VPWR,li1,281.2900,84.3200,1.799998
FILLER_26_587,VPWR,li1,280.3700,84.3200,1.799997
FILLER_26_584,VPWR,li1,279.4500,84.3200,1.799997
FILLER_26_581,VPWR,li1,278.0700,84.3200,1.799997
FILLER_26_557,VPWR,li1,267.0300,84.3200,1.799996
FILLER_26_531,VPWR,li1,254.6100,84.3200,1.799997
FILLER_26_528,VPWR,li1,253.6900,84.3200,1.799997
FILLER_26_525,VPWR,li1,252.3100,84.3200,1.799997
FILLER_26_514,VPWR,li1,247.0200,84.3200,1.799997
FILLER_26_511,VPWR,li1,245.8700,84.3200,1.799996
FILLER_26_505,VPWR,li1,243.1100,84.3200,1.799996
FILLER_26_502,VPWR,li1,241.7300,84.3200,1.799996
FILLER_26_480,VPWR,li1,231.1500,84.3200,1.799997
FILLER_26_477,VPWR,li1,230.2300,84.3200,1.799997
FILLER_26_475,VPWR,li1,228.8500,84.3200,1.799997
FILLER_26_472,VPWR,li1,227.9300,84.3200,1.799997
FILLER_26_458,VPWR,li1,221.0300,84.3200,1.799997
FILLER_26_436,VPWR,li1,210.9100,84.3200,1.799996
FILLER_26_433,VPWR,li1,209.9900,84.3200,1.799996
FILLER_26_409,VPWR,li1,198.9500,84.3200,1.799998
FILLER_26_398,VPWR,li1,193.6600,84.3200,1.799998
FILLER_26_395,VPWR,li1,192.5100,84.3200,1.799998
FILLER_26_392,VPWR,li1,191.1300,84.3200,1.799998
FILLER_26_385,VPWR,li1,187.4500,84.3200,1.799997
FILLER_26_374,VPWR,li1,182.8500,84.3200,1.799996
FILLER_26_360,VPWR,li1,175.9500,84.3200,1.799995
FILLER_26_338,VPWR,li1,165.8300,84.3200,1.799997
FILLER_26_335,VPWR,li1,164.9100,84.3200,1.799998
FILLER_26_332,VPWR,li1,163.5300,84.3200,1.799998
FILLER_26_329,VPWR,li1,162.1500,84.3200,1.799998
FILLER_26_321,VPWR,li1,158.0100,84.3200,1.799998
FILLER_26_318,VPWR,li1,157.0900,84.3200,1.799998
FILLER_26_315,VPWR,li1,155.7100,84.3200,1.799998
FILLER_26_312,VPWR,li1,154.3300,84.3200,1.799998
FILLER_26_309,VPWR,li1,152.9500,84.3200,1.799998
FILLER_26_300,VPWR,li1,148.3500,84.3200,1.799999
FILLER_26_297,VPWR,li1,147.4300,84.3200,1.799999
FILLER_26_294,VPWR,li1,146.0500,84.3200,1.799999
FILLER_26_291,VPWR,li1,144.6700,84.3200,1.799999
FILLER_26_284,VPWR,li1,141.4500,84.3200,1.799999
FILLER_26_281,VPWR,li1,140.0700,84.3200,1.799999
FILLER_26_278,VPWR,li1,138.6900,84.3200,1.799999
FILLER_26_268,VPWR,li1,133.6300,84.3200,1.800000
FILLER_26_265,VPWR,li1,132.7100,84.3200,1.799999
FILLER_26_262,VPWR,li1,131.3300,84.3200,1.799999
FILLER_26_259,VPWR,li1,129.9500,84.3200,1.799999
FILLER_26_256,VPWR,li1,128.5700,84.3200,1.799999
FILLER_26_253,VPWR,li1,127.1900,84.3200,1.799999
FILLER_26_242,VPWR,li1,122.1300,84.3200,1.799999
FILLER_26_239,VPWR,li1,120.7500,84.3200,1.799999
FILLER_26_236,VPWR,li1,119.3700,84.3200,1.799999
FILLER_26_233,VPWR,li1,117.9900,84.3200,1.799999
FILLER_26_230,VPWR,li1,116.6100,84.3200,1.799999
FILLER_26_227,VPWR,li1,115.2300,84.3200,1.799999
FILLER_26_224,VPWR,li1,113.8500,84.3200,1.799999
FILLER_26_221,VPWR,li1,112.4700,84.3200,1.799999
FILLER_26_218,VPWR,li1,111.0900,84.3200,1.799999
FILLER_26_215,VPWR,li1,109.7100,84.3200,1.799999
FILLER_26_212,VPWR,li1,108.3300,84.3200,1.799999
FILLER_26_209,VPWR,li1,106.9500,84.3200,1.799999
FILLER_26_206,VPWR,li1,105.5700,84.3200,1.799999
FILLER_26_203,VPWR,li1,104.1900,84.3200,1.799999
FILLER_26_200,VPWR,li1,102.8100,84.3200,1.799999
FILLER_26_197,VPWR,li1,101.4300,84.3200,1.799999
FILLER_26_195,VPWR,li1,100.0500,84.3200,1.799999
FILLER_26_192,VPWR,li1,99.1300,84.3200,1.799999
FILLER_26_189,VPWR,li1,97.7500,84.3200,1.799999
FILLER_26_186,VPWR,li1,96.3700,84.3200,1.799999
FILLER_26_183,VPWR,li1,94.9900,84.3200,1.799999
FILLER_26_180,VPWR,li1,93.6100,84.3200,1.799998
FILLER_26_177,VPWR,li1,92.2300,84.3200,1.799998
FILLER_26_174,VPWR,li1,90.8500,84.3200,1.799998
FILLER_26_161,VPWR,li1,84.4100,84.3200,1.799998
FILLER_26_158,VPWR,li1,83.4900,84.3200,1.799998
FILLER_26_155,VPWR,li1,82.1100,84.3200,1.799998
FILLER_26_147,VPWR,li1,78.4300,84.3200,1.799997
FILLER_26_144,VPWR,li1,77.0500,84.3200,1.799997
FILLER_26_141,VPWR,li1,75.6700,84.3200,1.799997
FILLER_26_137,VPWR,li1,73.8300,84.3200,1.799997
FILLER_26_126,VPWR,li1,68.5400,84.3200,1.799995
FILLER_26_123,VPWR,li1,67.3900,84.3200,1.799995
FILLER_26_120,VPWR,li1,66.0100,84.3200,1.799994
FILLER_26_117,VPWR,li1,64.6300,84.3200,1.799994
FILLER_26_114,VPWR,li1,63.2500,84.3200,1.799994
FILLER_26_111,VPWR,li1,61.8700,84.3200,1.799993
FILLER_26_108,VPWR,li1,60.4900,84.3200,1.799993
FILLER_26_105,VPWR,li1,59.1100,84.3200,1.799992
FILLER_26_102,VPWR,li1,57.7300,84.3200,1.799992
FILLER_26_82,VPWR,li1,48.3000,84.3200,1.799993
FILLER_26_55,VPWR,li1,35.8800,84.3200,1.799993
FILLER_26_49,VPWR,li1,33.1200,84.3200,1.799993
FILLER_26_46,VPWR,li1,31.9700,84.3200,1.799993
FILLER_26_43,VPWR,li1,30.5900,84.3200,1.799993
FILLER_26_40,VPWR,li1,29.2100,84.3200,1.799993
FILLER_26_29,VPWR,li1,24.1500,84.3200,1.799993
FILLER_25_647,VPWR,li1,307.9700,78.8800,1.799997
FILLER_25_644,VPWR,li1,307.0500,78.8800,1.799997
FILLER_25_641,VPWR,li1,305.6700,78.8800,1.799997
FILLER_25_638,VPWR,li1,304.2900,78.8800,1.799997
FILLER_25_635,VPWR,li1,302.9100,78.8800,1.799997
FILLER_25_632,VPWR,li1,301.5300,78.8800,1.799997
FILLER_25_629,VPWR,li1,300.1500,78.8800,1.799997
FILLER_25_626,VPWR,li1,298.7700,78.8800,1.799997
FILLER_25_623,VPWR,li1,297.3900,78.8800,1.799997
FILLER_25_620,VPWR,li1,296.0100,78.8800,1.799997
FILLER_25_617,VPWR,li1,294.6300,78.8800,1.799997
FILLER_25_615,VPWR,li1,293.2500,78.8800,1.799997
FILLER_25_612,VPWR,li1,292.3300,78.8800,1.799997
FILLER_25_609,VPWR,li1,290.9500,78.8800,1.799997
FILLER_25_606,VPWR,li1,289.5700,78.8800,1.799997
FILLER_25_603,VPWR,li1,288.1900,78.8800,1.799997
FILLER_25_600,VPWR,li1,286.8100,78.8800,1.799997
FILLER_25_577,VPWR,li1,276.0000,78.8800,1.799995
FILLER_25_574,VPWR,li1,274.8500,78.8800,1.799995
FILLER_25_570,VPWR,li1,272.5500,78.8800,1.799995
FILLER_25_537,VPWR,li1,257.6000,78.8800,1.799995
FILLER_25_514,VPWR,li1,247.0200,78.8800,1.799996
FILLER_25_511,VPWR,li1,245.8700,78.8800,1.799996
FILLER_25_508,VPWR,li1,244.4900,78.8800,1.799996
FILLER_25_505,VPWR,li1,243.1100,78.8800,1.799996
FILLER_25_501,VPWR,li1,241.2700,78.8800,1.799997
FILLER_25_498,VPWR,li1,239.8900,78.8800,1.799997
FILLER_25_495,VPWR,li1,238.5100,78.8800,1.799997
FILLER_25_489,VPWR,li1,235.7500,78.8800,1.799997
FILLER_25_478,VPWR,li1,230.4600,78.8800,1.799997
FILLER_25_475,VPWR,li1,229.3100,78.8800,1.799997
FILLER_25_472,VPWR,li1,227.9300,78.8800,1.799997
FILLER_25_461,VPWR,li1,222.6400,78.8800,1.799997
FILLER_25_458,VPWR,li1,221.4900,78.8800,1.799997
FILLER_25_455,VPWR,li1,220.1100,78.8800,1.799996
FILLER_25_452,VPWR,li1,218.7300,78.8800,1.799996
FILLER_25_449,VPWR,li1,217.3500,78.8800,1.799996
FILLER_25_445,VPWR,li1,215.5100,78.8800,1.799995
FILLER_25_442,VPWR,li1,214.1300,78.8800,1.799995
FILLER_25_439,VPWR,li1,212.7500,78.8800,1.799995
FILLER_25_436,VPWR,li1,211.3700,78.8800,1.799994
FILLER_25_433,VPWR,li1,209.9900,78.8800,1.799994
FILLER_25_430,VPWR,li1,208.6100,78.8800,1.799994
FILLER_25_427,VPWR,li1,207.2300,78.8800,1.799994
FILLER_25_401,VPWR,li1,194.8100,78.8800,1.799996
FILLER_25_391,VPWR,li1,190.2100,78.8800,1.799995
FILLER_25_388,VPWR,li1,189.2900,78.8800,1.799995
FILLER_25_385,VPWR,li1,187.9100,78.8800,1.799995
FILLER_25_382,VPWR,li1,186.5300,78.8800,1.799996
FILLER_25_371,VPWR,li1,181.4700,78.8800,1.799996
FILLER_25_368,VPWR,li1,180.0900,78.8800,1.799996
FILLER_25_365,VPWR,li1,178.7100,78.8800,1.799996
FILLER_25_362,VPWR,li1,177.3300,78.8800,1.799996
FILLER_25_359,VPWR,li1,175.9500,78.8800,1.799996
FILLER_25_356,VPWR,li1,174.5700,78.8800,1.799996
FILLER_25_353,VPWR,li1,173.1900,78.8800,1.799996
FILLER_25_340,VPWR,li1,166.7500,78.8800,1.799997
FILLER_25_337,VPWR,li1,165.8300,78.8800,1.799997
FILLER_25_334,VPWR,li1,164.2200,78.8800,1.799996
FILLER_25_331,VPWR,li1,163.0700,78.8800,1.799996
FILLER_25_328,VPWR,li1,161.6900,78.8800,1.799996
FILLER_25_325,VPWR,li1,160.3100,78.8800,1.799996
FILLER_25_322,VPWR,li1,158.9300,78.8800,1.799996
FILLER_25_299,VPWR,li1,148.1200,78.8800,1.799996
FILLER_25_296,VPWR,li1,146.9700,78.8800,1.799997
FILLER_25_293,VPWR,li1,145.5900,78.8800,1.799997
FILLER_25_290,VPWR,li1,144.2100,78.8800,1.799997
FILLER_25_287,VPWR,li1,142.8300,78.8800,1.799997
FILLER_25_284,VPWR,li1,141.4500,78.8800,1.799997
FILLER_25_281,VPWR,li1,140.0700,78.8800,1.799998
FILLER_25_277,VPWR,li1,138.2300,78.8800,1.799998
FILLER_25_274,VPWR,li1,136.8500,78.8800,1.799998
FILLER_25_271,VPWR,li1,135.4700,78.8800,1.799999
FILLER_25_268,VPWR,li1,134.0900,78.8800,1.799999
FILLER_25_260,VPWR,li1,129.9500,78.8800,1.799999
FILLER_25_257,VPWR,li1,129.0300,78.8800,1.799999
FILLER_25_254,VPWR,li1,127.6500,78.8800,1.799999
FILLER_25_251,VPWR,li1,126.2700,78.8800,1.799999
FILLER_25_243,VPWR,li1,122.1300,78.8800,1.799999
FILLER_25_240,VPWR,li1,121.2100,78.8800,1.799999
FILLER_25_237,VPWR,li1,119.8300,78.8800,1.799999
FILLER_25_234,VPWR,li1,118.4500,78.8800,1.799999
FILLER_25_231,VPWR,li1,117.0700,78.8800,1.799999
FILLER_25_228,VPWR,li1,115.6900,78.8800,1.799999
FILLER_25_225,VPWR,li1,114.3100,78.8800,1.799999
FILLER_25_214,VPWR,li1,109.2500,78.8800,1.799999
FILLER_25_211,VPWR,li1,107.8700,78.8800,1.799999
FILLER_25_208,VPWR,li1,106.4900,78.8800,1.799999
FILLER_25_205,VPWR,li1,105.1100,78.8800,1.799999
FILLER_25_202,VPWR,li1,103.7300,78.8800,1.799999
FILLER_25_199,VPWR,li1,102.3500,78.8800,1.799999
FILLER_25_196,VPWR,li1,100.9700,78.8800,1.799999
FILLER_25_193,VPWR,li1,99.5900,78.8800,1.799999
FILLER_25_190,VPWR,li1,98.2100,78.8800,1.799999
FILLER_25_187,VPWR,li1,96.8300,78.8800,1.799999
FILLER_25_184,VPWR,li1,95.4500,78.8800,1.799999
FILLER_25_181,VPWR,li1,94.0700,78.8800,1.799999
FILLER_25_178,VPWR,li1,92.6900,78.8800,1.799998
FILLER_25_175,VPWR,li1,91.3100,78.8800,1.799998
FILLER_25_172,VPWR,li1,89.9300,78.8800,1.799998
FILLER_25_169,VPWR,li1,88.5500,78.8800,1.799998
FILLER_25_165,VPWR,li1,86.7100,78.8800,1.799998
FILLER_25_162,VPWR,li1,85.3300,78.8800,1.799998
FILLER_25_159,VPWR,li1,83.9500,78.8800,1.799998
FILLER_25_153,VPWR,li1,80.7300,78.8800,1.799998
FILLER_25_111,VPWR,li1,61.4100,78.8800,1.799994
FILLER_25_108,VPWR,li1,60.4900,78.8800,1.799994
FILLER_25_105,VPWR,li1,59.1100,78.8800,1.799994
FILLER_25_102,VPWR,li1,57.7300,78.8800,1.799994
FILLER_25_84,VPWR,li1,49.2200,78.8800,1.799994
FILLER_25_81,VPWR,li1,48.0700,78.8800,1.799994
FILLER_25_78,VPWR,li1,46.6900,78.8800,1.799994
FILLER_25_75,VPWR,li1,45.3100,78.8800,1.799995
FILLER_25_57,VPWR,li1,36.5700,78.8800,1.799992
FILLER_25_46,VPWR,li1,31.7400,78.8800,1.799992
FILLER_25_43,VPWR,li1,30.5900,78.8800,1.799992
FILLER_25_40,VPWR,li1,29.2100,78.8800,1.799992
FILLER_25_22,VPWR,li1,20.4700,78.8800,1.799993
FILLER_25_11,VPWR,li1,15.8700,78.8800,1.799996
FILLER_24_645,VPWR,li1,307.5100,78.8800,1.799997
FILLER_24_643,VPWR,li1,306.1300,78.8800,1.799997
FILLER_24_640,VPWR,li1,305.2100,78.8800,1.799997
FILLER_24_637,VPWR,li1,303.8300,78.8800,1.799997
FILLER_24_634,VPWR,li1,302.4500,78.8800,1.799997
FILLER_24_631,VPWR,li1,301.0700,78.8800,1.799997
FILLER_24_628,VPWR,li1,299.6900,78.8800,1.799997
FILLER_24_625,VPWR,li1,298.3100,78.8800,1.799997
FILLER_24_622,VPWR,li1,296.9300,78.8800,1.799997
FILLER_24_619,VPWR,li1,295.5500,78.8800,1.799997
FILLER_24_616,VPWR,li1,294.1700,78.8800,1.799997
FILLER_24_613,VPWR,li1,292.7900,78.8800,1.799997
FILLER_24_610,VPWR,li1,291.4100,78.8800,1.799997
FILLER_24_607,VPWR,li1,290.0300,78.8800,1.799997
FILLER_24_604,VPWR,li1,288.6500,78.8800,1.799997
FILLER_24_601,VPWR,li1,287.2700,78.8800,1.799997
FILLER_24_598,VPWR,li1,285.8900,78.8800,1.799997
FILLER_24_589,VPWR,li1,281.2900,78.8800,1.799996
FILLER_24_574,VPWR,li1,274.8500,78.8800,1.799995
FILLER_24_571,VPWR,li1,273.4700,78.8800,1.799995
FILLER_24_568,VPWR,li1,272.0900,78.8800,1.799995
FILLER_24_565,VPWR,li1,270.7100,78.8800,1.799995
FILLER_24_558,VPWR,li1,267.4900,78.8800,1.799994
FILLER_24_555,VPWR,li1,266.1100,78.8800,1.799994
FILLER_24_552,VPWR,li1,264.7300,78.8800,1.799994
FILLER_24_549,VPWR,li1,263.3500,78.8800,1.799994
FILLER_24_546,VPWR,li1,261.9700,78.8800,1.799994
FILLER_24_543,VPWR,li1,260.5900,78.8800,1.799995
FILLER_24_540,VPWR,li1,259.2100,78.8800,1.799995
FILLER_24_537,VPWR,li1,257.8300,78.8800,1.799995
FILLER_24_531,VPWR,li1,254.6100,78.8800,1.799996
FILLER_24_527,VPWR,li1,252.7700,78.8800,1.799996
FILLER_24_524,VPWR,li1,251.8500,78.8800,1.799996
FILLER_24_513,VPWR,li1,246.7900,78.8800,1.799996
FILLER_24_510,VPWR,li1,245.4100,78.8800,1.799996
FILLER_24_507,VPWR,li1,244.0300,78.8800,1.799996
FILLER_24_504,VPWR,li1,242.6500,78.8800,1.799996
FILLER_24_501,VPWR,li1,241.2700,78.8800,1.799997
FILLER_24_498,VPWR,li1,239.8900,78.8800,1.799997
FILLER_24_495,VPWR,li1,238.5100,78.8800,1.799997
FILLER_24_492,VPWR,li1,237.1300,78.8800,1.799997
FILLER_24_489,VPWR,li1,235.7500,78.8800,1.799997
FILLER_24_486,VPWR,li1,234.3700,78.8800,1.799997
FILLER_24_483,VPWR,li1,232.9900,78.8800,1.799997
FILLER_24_480,VPWR,li1,231.6100,78.8800,1.799997
FILLER_24_477,VPWR,li1,230.2300,78.8800,1.799997
FILLER_24_474,VPWR,li1,228.6200,78.8800,1.799997
FILLER_24_471,VPWR,li1,227.4700,78.8800,1.799997
FILLER_24_468,VPWR,li1,226.0900,78.8800,1.799998
FILLER_24_465,VPWR,li1,224.7100,78.8800,1.799998
FILLER_24_456,VPWR,li1,220.1100,78.8800,1.799996
FILLER_24_453,VPWR,li1,219.1900,78.8800,1.799996
FILLER_24_450,VPWR,li1,217.8100,78.8800,1.799996
FILLER_24_447,VPWR,li1,216.4300,78.8800,1.799995
FILLER_24_424,VPWR,li1,205.6200,78.8800,1.799994
FILLER_24_421,VPWR,li1,204.4700,78.8800,1.799994
FILLER_24_419,VPWR,li1,203.0900,78.8800,1.799994
FILLER_24_416,VPWR,li1,202.1700,78.8800,1.799994
FILLER_24_412,VPWR,li1,199.8700,78.8800,1.799994
FILLER_24_409,VPWR,li1,198.9500,78.8800,1.799995
FILLER_24_406,VPWR,li1,197.5700,78.8800,1.799995
FILLER_24_403,VPWR,li1,196.1900,78.8800,1.799996
FILLER_24_381,VPWR,li1,185.6100,78.8800,1.799996
FILLER_24_378,VPWR,li1,184.6900,78.8800,1.799996
FILLER_24_375,VPWR,li1,183.3100,78.8800,1.799996
FILLER_24_365,VPWR,li1,178.4800,78.8800,1.799996
FILLER_24_360,VPWR,li1,175.9500,78.8800,1.799996
FILLER_24_357,VPWR,li1,175.0300,78.8800,1.799996
FILLER_24_354,VPWR,li1,173.6500,78.8800,1.799996
FILLER_24_351,VPWR,li1,172.2700,78.8800,1.799997
FILLER_24_348,VPWR,li1,170.8900,78.8800,1.799997
FILLER_24_345,VPWR,li1,169.5100,78.8800,1.799997
FILLER_24_321,VPWR,li1,158.4700,78.8800,1.799996
FILLER_24_309,VPWR,li1,152.4900,78.8800,1.799996
FILLER_24_298,VPWR,li1,147.8900,78.8800,1.799996
FILLER_24_292,VPWR,li1,144.9000,78.8800,1.799997
FILLER_24_289,VPWR,li1,143.7500,78.8800,1.799997
FILLER_24_286,VPWR,li1,142.3700,78.8800,1.799997
FILLER_24_262,VPWR,li1,130.8700,78.8800,1.799999
FILLER_24_259,VPWR,li1,129.9500,78.8800,1.799999
FILLER_24_256,VPWR,li1,128.5700,78.8800,1.799999
FILLER_24_253,VPWR,li1,127.1900,78.8800,1.799999
FILLER_24_239,VPWR,li1,120.5200,78.8800,1.799999
FILLER_24_236,VPWR,li1,119.3700,78.8800,1.799999
FILLER_24_233,VPWR,li1,117.9900,78.8800,1.799999
FILLER_24_230,VPWR,li1,116.6100,78.8800,1.799999
FILLER_24_227,VPWR,li1,115.2300,78.8800,1.799999
FILLER_24_224,VPWR,li1,113.8500,78.8800,1.799999
FILLER_24_221,VPWR,li1,112.4700,78.8800,1.799999
FILLER_24_218,VPWR,li1,111.0900,78.8800,1.799999
FILLER_24_215,VPWR,li1,109.7100,78.8800,1.799999
FILLER_24_212,VPWR,li1,108.3300,78.8800,1.799999
FILLER_24_209,VPWR,li1,106.9500,78.8800,1.799999
FILLER_24_206,VPWR,li1,105.5700,78.8800,1.799999
FILLER_24_203,VPWR,li1,104.1900,78.8800,1.799999
FILLER_24_200,VPWR,li1,102.8100,78.8800,1.799999
FILLER_24_197,VPWR,li1,101.4300,78.8800,1.799999
FILLER_24_188,VPWR,li1,96.8300,78.8800,1.799999
FILLER_24_185,VPWR,li1,95.9100,78.8800,1.799999
FILLER_24_177,VPWR,li1,92.0000,78.8800,1.799998
FILLER_24_174,VPWR,li1,90.8500,78.8800,1.799998
FILLER_24_171,VPWR,li1,89.4700,78.8800,1.799998
FILLER_24_168,VPWR,li1,88.0900,78.8800,1.799998
FILLER_24_157,VPWR,li1,82.5700,78.8800,1.799998
FILLER_24_154,VPWR,li1,81.6500,78.8800,1.799998
FILLER_24_144,VPWR,li1,76.5900,78.8800,1.799997
FILLER_24_141,VPWR,li1,75.6700,78.8800,1.799997
FILLER_24_137,VPWR,li1,73.8300,78.8800,1.799996
FILLER_24_134,VPWR,li1,72.4500,78.8800,1.799996
FILLER_24_124,VPWR,li1,67.3900,78.8800,1.799995
FILLER_24_121,VPWR,li1,66.4700,78.8800,1.799995
FILLER_24_118,VPWR,li1,65.0900,78.8800,1.799994
FILLER_24_91,VPWR,li1,52.4400,78.8800,1.799994
FILLER_24_88,VPWR,li1,51.2900,78.8800,1.799994
FILLER_24_85,VPWR,li1,49.9100,78.8800,1.799994
FILLER_24_64,VPWR,li1,40.2500,78.8800,1.799993
FILLER_24_61,VPWR,li1,38.8700,78.8800,1.799993
FILLER_24_58,VPWR,li1,37.4900,78.8800,1.799992
FILLER_23_647,VPWR,li1,307.9700,73.4400,1.799997
FILLER_23_644,VPWR,li1,307.0500,73.4400,1.799997
FILLER_23_641,VPWR,li1,305.6700,73.4400,1.799997
FILLER_23_638,VPWR,li1,304.2900,73.4400,1.799997
FILLER_23_635,VPWR,li1,302.9100,73.4400,1.799997
FILLER_23_632,VPWR,li1,301.5300,73.4400,1.799997
FILLER_23_629,VPWR,li1,300.1500,73.4400,1.799997
FILLER_23_626,VPWR,li1,298.7700,73.4400,1.799997
FILLER_23_623,VPWR,li1,297.3900,73.4400,1.799997
FILLER_23_620,VPWR,li1,296.0100,73.4400,1.799997
FILLER_23_617,VPWR,li1,294.6300,73.4400,1.799997
FILLER_23_613,VPWR,li1,292.7900,73.4400,1.799997
FILLER_23_610,VPWR,li1,291.4100,73.4400,1.799997
FILLER_23_607,VPWR,li1,290.0300,73.4400,1.799997
FILLER_23_604,VPWR,li1,288.6500,73.4400,1.799997
FILLER_23_601,VPWR,li1,287.2700,73.4400,1.799997
FILLER_23_598,VPWR,li1,285.8900,73.4400,1.799997
FILLER_23_595,VPWR,li1,284.5100,73.4400,1.799996
FILLER_23_573,VPWR,li1,273.9300,73.4400,1.799993
FILLER_23_564,VPWR,li1,270.2500,73.4400,1.799993
FILLER_23_561,VPWR,li1,268.8700,73.4400,1.799993
FILLER_23_558,VPWR,li1,267.2600,73.4400,1.799993
FILLER_23_555,VPWR,li1,266.1100,73.4400,1.799993
FILLER_23_537,VPWR,li1,257.8300,73.4400,1.799995
FILLER_23_534,VPWR,li1,256.4500,73.4400,1.799995
FILLER_23_531,VPWR,li1,255.0700,73.4400,1.799996
FILLER_23_508,VPWR,li1,244.2600,73.4400,1.799996
FILLER_23_505,VPWR,li1,243.1100,73.4400,1.799996
FILLER_23_502,VPWR,li1,241.5000,73.4400,1.799996
FILLER_23_491,VPWR,li1,236.4400,73.4400,1.799996
FILLER_23_488,VPWR,li1,235.2900,73.4400,1.799996
FILLER_23_478,VPWR,li1,230.2300,73.4400,1.799997
FILLER_23_458,VPWR,li1,221.2600,73.4400,1.799997
FILLER_23_443,VPWR,li1,214.3600,73.4400,1.799996
FILLER_23_440,VPWR,li1,213.2100,73.4400,1.799996
FILLER_23_435,VPWR,li1,210.6800,73.4400,1.799996
FILLER_23_424,VPWR,li1,205.6200,73.4400,1.799996
FILLER_23_421,VPWR,li1,204.4700,73.4400,1.799996
FILLER_23_418,VPWR,li1,203.0900,73.4400,1.799996
FILLER_23_414,VPWR,li1,200.7900,73.4400,1.799996
FILLER_23_411,VPWR,li1,199.8700,73.4400,1.799996
FILLER_23_408,VPWR,li1,198.4900,73.4400,1.799996
FILLER_23_405,VPWR,li1,197.1100,73.4400,1.799997
FILLER_23_402,VPWR,li1,195.7300,73.4400,1.799997
FILLER_23_399,VPWR,li1,194.3500,73.4400,1.799997
FILLER_23_396,VPWR,li1,192.9700,73.4400,1.799996
FILLER_23_389,VPWR,li1,189.7500,73.4400,1.799996
FILLER_23_379,VPWR,li1,185.1500,73.4400,1.799995
FILLER_23_354,VPWR,li1,173.1900,73.4400,1.799995
FILLER_23_351,VPWR,li1,172.2700,73.4400,1.799995
FILLER_23_348,VPWR,li1,170.8900,73.4400,1.799996
FILLER_23_345,VPWR,li1,169.5100,73.4400,1.799996
FILLER_23_331,VPWR,li1,162.8400,73.4400,1.799997
FILLER_23_303,VPWR,li1,149.9600,73.4400,1.799998
FILLER_23_300,VPWR,li1,148.8100,73.4400,1.799998
FILLER_23_297,VPWR,li1,147.4300,73.4400,1.799998
FILLER_23_275,VPWR,li1,136.8500,73.4400,1.799998
FILLER_23_268,VPWR,li1,134.0900,73.4400,1.799998
FILLER_23_265,VPWR,li1,132.7100,73.4400,1.799998
FILLER_23_262,VPWR,li1,131.3300,73.4400,1.799998
FILLER_23_259,VPWR,li1,129.9500,73.4400,1.799998
FILLER_23_256,VPWR,li1,128.5700,73.4400,1.799998
FILLER_23_253,VPWR,li1,127.1900,73.4400,1.799998
FILLER_23_250,VPWR,li1,125.8100,73.4400,1.799998
FILLER_23_247,VPWR,li1,124.4300,73.4400,1.799998
FILLER_23_244,VPWR,li1,123.0500,73.4400,1.799998
FILLER_23_241,VPWR,li1,121.6700,73.4400,1.799998
FILLER_23_238,VPWR,li1,120.2900,73.4400,1.799998
FILLER_23_235,VPWR,li1,118.9100,73.4400,1.799998
FILLER_23_232,VPWR,li1,117.5300,73.4400,1.799998
FILLER_23_214,VPWR,li1,108.7900,73.4400,1.799999
FILLER_23_211,VPWR,li1,107.8700,73.4400,1.799999
FILLER_23_208,VPWR,li1,106.4900,73.4400,1.799999
FILLER_23_205,VPWR,li1,105.1100,73.4400,1.799999
FILLER_23_187,VPWR,li1,96.3700,73.4400,1.799999
FILLER_23_184,VPWR,li1,95.4500,73.4400,1.799999
FILLER_23_181,VPWR,li1,94.0700,73.4400,1.799999
FILLER_23_178,VPWR,li1,92.6900,73.4400,1.799998
FILLER_23_175,VPWR,li1,91.3100,73.4400,1.799998
FILLER_23_172,VPWR,li1,89.9300,73.4400,1.799998
FILLER_23_169,VPWR,li1,88.5500,73.4400,1.799998
FILLER_23_165,VPWR,li1,86.7100,73.4400,1.799998
FILLER_23_162,VPWR,li1,85.3300,73.4400,1.799998
FILLER_23_159,VPWR,li1,83.9500,73.4400,1.799998
FILLER_23_156,VPWR,li1,82.5700,73.4400,1.799998
FILLER_23_153,VPWR,li1,81.1900,73.4400,1.799998
FILLER_23_150,VPWR,li1,79.8100,73.4400,1.799998
FILLER_23_147,VPWR,li1,78.4300,73.4400,1.799998
FILLER_23_144,VPWR,li1,77.0500,73.4400,1.799998
FILLER_23_141,VPWR,li1,75.6700,73.4400,1.799997
FILLER_23_135,VPWR,li1,72.6800,73.4400,1.799997
FILLER_23_132,VPWR,li1,71.5300,73.4400,1.799996
FILLER_23_129,VPWR,li1,70.1500,73.4400,1.799995
FILLER_23_126,VPWR,li1,68.7700,73.4400,1.799995
FILLER_23_111,VPWR,li1,61.4100,73.4400,1.799992
FILLER_23_84,VPWR,li1,48.9900,73.4400,1.799989
FILLER_23_66,VPWR,li1,40.9400,73.4400,1.799982
FILLER_22_645,VPWR,li1,307.5100,73.4400,1.799997
FILLER_22_643,VPWR,li1,306.1300,73.4400,1.799997
FILLER_22_640,VPWR,li1,305.2100,73.4400,1.799997
FILLER_22_637,VPWR,li1,303.8300,73.4400,1.799997
FILLER_22_634,VPWR,li1,302.4500,73.4400,1.799997
FILLER_22_631,VPWR,li1,301.0700,73.4400,1.799997
FILLER_22_628,VPWR,li1,299.6900,73.4400,1.799997
FILLER_22_625,VPWR,li1,298.3100,73.4400,1.799997
FILLER_22_622,VPWR,li1,296.9300,73.4400,1.799997
FILLER_22_619,VPWR,li1,295.5500,73.4400,1.799997
FILLER_22_616,VPWR,li1,294.1700,73.4400,1.799997
FILLER_22_613,VPWR,li1,292.7900,73.4400,1.799997
FILLER_22_610,VPWR,li1,291.4100,73.4400,1.799997
FILLER_22_607,VPWR,li1,290.0300,73.4400,1.799997
FILLER_22_604,VPWR,li1,288.6500,73.4400,1.799997
FILLER_22_601,VPWR,li1,287.2700,73.4400,1.799997
FILLER_22_598,VPWR,li1,285.8900,73.4400,1.799997
FILLER_22_595,VPWR,li1,284.5100,73.4400,1.799996
FILLER_22_592,VPWR,li1,283.1300,73.4400,1.799996
FILLER_22_589,VPWR,li1,281.7500,73.4400,1.799995
FILLER_22_586,VPWR,li1,280.1400,73.4400,1.799995
FILLER_22_530,VPWR,li1,254.3800,73.4400,1.799996
FILLER_22_508,VPWR,li1,244.2600,73.4400,1.799996
FILLER_22_497,VPWR,li1,239.2000,73.4400,1.799996
FILLER_22_494,VPWR,li1,238.0500,73.4400,1.799996
FILLER_22_491,VPWR,li1,236.6700,73.4400,1.799996
FILLER_22_488,VPWR,li1,235.2900,73.4400,1.799996
FILLER_22_477,VPWR,li1,230.2300,73.4400,1.799997
FILLER_22_474,VPWR,li1,228.6200,73.4400,1.799997
FILLER_22_471,VPWR,li1,227.4700,73.4400,1.799997
FILLER_22_468,VPWR,li1,226.0900,73.4400,1.799998
FILLER_22_465,VPWR,li1,224.7100,73.4400,1.799997
FILLER_22_462,VPWR,li1,223.3300,73.4400,1.799997
FILLER_22_439,VPWR,li1,212.5200,73.4400,1.799996
FILLER_22_436,VPWR,li1,211.3700,73.4400,1.799996
FILLER_22_433,VPWR,li1,209.9900,73.4400,1.799996
FILLER_22_430,VPWR,li1,208.6100,73.4400,1.799996
FILLER_22_421,VPWR,li1,204.0100,73.4400,1.799996
FILLER_22_419,VPWR,li1,203.0900,73.4400,1.799996
FILLER_22_416,VPWR,li1,202.1700,73.4400,1.799996
FILLER_22_386,VPWR,li1,188.3700,73.4400,1.799996
FILLER_22_383,VPWR,li1,186.9900,73.4400,1.799996
FILLER_22_363,VPWR,li1,177.3300,73.4400,1.799995
FILLER_22_337,VPWR,li1,165.3700,73.4400,1.799997
FILLER_22_327,VPWR,li1,161.0000,73.4400,1.799997
FILLER_22_324,VPWR,li1,159.8500,73.4400,1.799997
FILLER_22_315,VPWR,li1,155.2500,73.4400,1.799998
FILLER_22_312,VPWR,li1,154.3300,73.4400,1.799998
FILLER_22_305,VPWR,li1,151.1100,73.4400,1.799998
FILLER_22_302,VPWR,li1,149.7300,73.4400,1.799998
FILLER_22_299,VPWR,li1,148.3500,73.4400,1.799998
FILLER_22_296,VPWR,li1,146.9700,73.4400,1.799998
FILLER_22_289,VPWR,li1,143.5200,73.4400,1.799998
FILLER_22_286,VPWR,li1,142.3700,73.4400,1.799998
FILLER_22_283,VPWR,li1,140.9900,73.4400,1.799998
FILLER_22_280,VPWR,li1,139.6100,73.4400,1.799998
FILLER_22_277,VPWR,li1,138.2300,73.4400,1.799998
FILLER_22_274,VPWR,li1,136.8500,73.4400,1.799998
FILLER_22_244,VPWR,li1,122.5900,73.4400,1.799998
FILLER_22_241,VPWR,li1,121.6700,73.4400,1.799998
FILLER_22_235,VPWR,li1,118.4500,73.4400,1.799998
FILLER_22_232,VPWR,li1,117.5300,73.4400,1.799998
FILLER_22_229,VPWR,li1,116.1500,73.4400,1.799999
FILLER_22_226,VPWR,li1,114.7700,73.4400,1.799999
FILLER_22_223,VPWR,li1,113.3900,73.4400,1.799999
FILLER_22_220,VPWR,li1,112.0100,73.4400,1.799999
FILLER_22_217,VPWR,li1,110.6300,73.4400,1.799999
FILLER_22_214,VPWR,li1,109.2500,73.4400,1.799999
FILLER_22_211,VPWR,li1,107.8700,73.4400,1.799999
FILLER_22_200,VPWR,li1,102.3500,73.4400,1.799999
FILLER_22_197,VPWR,li1,101.4300,73.4400,1.799999
FILLER_22_195,VPWR,li1,100.0500,73.4400,1.799999
FILLER_22_192,VPWR,li1,99.1300,73.4400,1.799999
FILLER_22_189,VPWR,li1,97.7500,73.4400,1.799999
FILLER_22_186,VPWR,li1,96.3700,73.4400,1.799999
FILLER_22_183,VPWR,li1,94.9900,73.4400,1.799999
FILLER_22_180,VPWR,li1,93.6100,73.4400,1.799998
FILLER_22_177,VPWR,li1,92.2300,73.4400,1.799998
FILLER_22_169,VPWR,li1,88.5500,73.4400,1.799998
FILLER_22_163,VPWR,li1,85.3300,73.4400,1.799998
FILLER_22_160,VPWR,li1,84.4100,73.4400,1.799998
FILLER_22_152,VPWR,li1,80.2700,73.4400,1.799998
FILLER_22_149,VPWR,li1,79.3500,73.4400,1.799998
FILLER_22_131,VPWR,li1,70.6100,73.4400,1.799996
FILLER_22_128,VPWR,li1,69.6900,73.4400,1.799995
FILLER_22_125,VPWR,li1,68.3100,73.4400,1.799995
FILLER_22_122,VPWR,li1,66.9300,73.4400,1.799995
FILLER_22_112,VPWR,li1,62.3300,73.4400,1.799992
FILLER_22_106,VPWR,li1,59.3400,73.4400,1.799991
FILLER_22_103,VPWR,li1,58.1900,73.4400,1.799991
FILLER_22_100,VPWR,li1,56.8100,73.4400,1.799990
FILLER_22_97,VPWR,li1,55.4300,73.4400,1.799990
FILLER_22_94,VPWR,li1,54.0500,73.4400,1.799990
FILLER_22_91,VPWR,li1,52.6700,73.4400,1.799989
FILLER_22_88,VPWR,li1,51.2900,73.4400,1.799989
FILLER_22_85,VPWR,li1,49.9100,73.4400,1.799989
FILLER_22_81,VPWR,li1,48.0700,73.4400,1.799989
FILLER_22_55,VPWR,li1,35.6500,73.4400,1.799974
FILLER_22_50,VPWR,li1,33.3500,73.4400,1.799971
FILLER_22_38,VPWR,li1,27.8300,73.4400,1.799971
FILLER_22_29,VPWR,li1,23.6900,73.4400,1.799977
FILLER_22_26,VPWR,li1,22.5400,73.4400,1.799979
FILLER_22_23,VPWR,li1,21.3900,73.4400,1.799979
FILLER_22_3,VPWR,li1,12.1900,73.4400,1.799986
FILLER_21_647,VPWR,li1,307.9700,68.0000,1.799997
FILLER_21_644,VPWR,li1,307.0500,68.0000,1.799997
FILLER_21_641,VPWR,li1,305.6700,68.0000,1.799997
FILLER_21_638,VPWR,li1,304.2900,68.0000,1.799997
FILLER_21_635,VPWR,li1,302.9100,68.0000,1.799997
FILLER_21_632,VPWR,li1,301.5300,68.0000,1.799997
FILLER_21_629,VPWR,li1,300.1500,68.0000,1.799997
FILLER_21_626,VPWR,li1,298.7700,68.0000,1.799997
FILLER_21_623,VPWR,li1,297.3900,68.0000,1.799997
FILLER_21_620,VPWR,li1,296.0100,68.0000,1.799997
FILLER_21_617,VPWR,li1,294.6300,68.0000,1.799997
FILLER_21_614,VPWR,li1,293.0200,68.0000,1.799997
FILLER_21_611,VPWR,li1,291.8700,68.0000,1.799997
FILLER_21_608,VPWR,li1,290.4900,68.0000,1.799997
FILLER_21_605,VPWR,li1,289.1100,68.0000,1.799997
FILLER_21_602,VPWR,li1,287.7300,68.0000,1.799997
FILLER_21_599,VPWR,li1,286.3500,68.0000,1.799997
FILLER_21_596,VPWR,li1,284.9700,68.0000,1.799997
FILLER_21_593,VPWR,li1,283.5900,68.0000,1.799996
FILLER_21_590,VPWR,li1,282.2100,68.0000,1.799995
FILLER_21_568,VPWR,li1,271.6300,68.0000,1.799993
FILLER_21_546,VPWR,li1,261.5100,68.0000,1.799994
FILLER_21_542,VPWR,li1,259.6700,68.0000,1.799994
FILLER_21_539,VPWR,li1,258.7500,68.0000,1.799995
FILLER_21_536,VPWR,li1,257.3700,68.0000,1.799995
FILLER_21_526,VPWR,li1,252.5400,68.0000,1.799996
FILLER_21_523,VPWR,li1,251.3900,68.0000,1.799996
FILLER_21_520,VPWR,li1,250.0100,68.0000,1.799996
FILLER_21_511,VPWR,li1,245.4100,68.0000,1.799995
FILLER_21_508,VPWR,li1,244.4900,68.0000,1.799995
FILLER_21_505,VPWR,li1,243.1100,68.0000,1.799995
FILLER_21_502,VPWR,li1,241.5000,68.0000,1.799995
FILLER_21_495,VPWR,li1,238.5100,68.0000,1.799995
FILLER_21_492,VPWR,li1,237.1300,68.0000,1.799995
FILLER_21_489,VPWR,li1,235.7500,68.0000,1.799995
FILLER_21_480,VPWR,li1,231.1500,68.0000,1.799996
FILLER_21_470,VPWR,li1,226.7800,68.0000,1.799997
FILLER_21_467,VPWR,li1,225.6300,68.0000,1.799997
FILLER_21_464,VPWR,li1,224.2500,68.0000,1.799997
FILLER_21_461,VPWR,li1,222.8700,68.0000,1.799996
FILLER_21_458,VPWR,li1,221.4900,68.0000,1.799996
FILLER_21_455,VPWR,li1,220.1100,68.0000,1.799996
FILLER_21_452,VPWR,li1,218.7300,68.0000,1.799996
FILLER_21_449,VPWR,li1,217.3500,68.0000,1.799995
FILLER_21_446,VPWR,li1,215.7400,68.0000,1.799995
FILLER_21_443,VPWR,li1,214.5900,68.0000,1.799995
FILLER_21_440,VPWR,li1,213.2100,68.0000,1.799995
FILLER_21_407,VPWR,li1,198.0300,68.0000,1.799996
FILLER_21_404,VPWR,li1,196.6500,68.0000,1.799996
FILLER_21_393,VPWR,li1,191.5900,68.0000,1.799997
FILLER_21_390,VPWR,li1,189.9800,68.0000,1.799996
FILLER_21_387,VPWR,li1,188.8300,68.0000,1.799996
FILLER_21_384,VPWR,li1,187.4500,68.0000,1.799996
FILLER_21_360,VPWR,li1,176.4100,68.0000,1.799995
FILLER_21_357,VPWR,li1,175.0300,68.0000,1.799996
FILLER_21_354,VPWR,li1,173.6500,68.0000,1.799996
FILLER_21_337,VPWR,li1,165.8300,68.0000,1.799997
FILLER_21_335,VPWR,li1,164.4500,68.0000,1.799997
FILLER_21_332,VPWR,li1,163.5300,68.0000,1.799997
FILLER_21_329,VPWR,li1,162.1500,68.0000,1.799997
FILLER_21_326,VPWR,li1,160.7700,68.0000,1.799996
FILLER_21_323,VPWR,li1,159.3900,68.0000,1.799996
FILLER_21_320,VPWR,li1,158.0100,68.0000,1.799996
FILLER_21_296,VPWR,li1,146.9700,68.0000,1.799997
FILLER_21_293,VPWR,li1,145.5900,68.0000,1.799997
FILLER_21_284,VPWR,li1,141.2200,68.0000,1.799998
FILLER_21_281,VPWR,li1,140.0700,68.0000,1.799998
FILLER_21_277,VPWR,li1,138.2300,68.0000,1.799998
FILLER_21_274,VPWR,li1,136.8500,68.0000,1.799998
FILLER_21_271,VPWR,li1,135.4700,68.0000,1.799999
FILLER_21_268,VPWR,li1,134.0900,68.0000,1.799999
FILLER_21_256,VPWR,li1,128.1100,68.0000,1.799999
FILLER_21_253,VPWR,li1,127.1900,68.0000,1.799999
FILLER_21_228,VPWR,li1,115.6900,68.0000,1.799999
FILLER_21_225,VPWR,li1,114.3100,68.0000,1.799999
FILLER_21_222,VPWR,li1,112.7000,68.0000,1.799999
FILLER_21_219,VPWR,li1,111.5500,68.0000,1.799999
FILLER_21_216,VPWR,li1,110.1700,68.0000,1.799999
FILLER_21_213,VPWR,li1,108.7900,68.0000,1.800000
FILLER_21_210,VPWR,li1,107.4100,68.0000,1.800000
FILLER_21_207,VPWR,li1,106.0300,68.0000,1.800000
FILLER_21_204,VPWR,li1,104.6500,68.0000,1.800000
FILLER_21_201,VPWR,li1,103.2700,68.0000,1.800000
FILLER_21_198,VPWR,li1,101.8900,68.0000,1.800000
FILLER_21_195,VPWR,li1,100.5100,68.0000,1.800000
FILLER_21_192,VPWR,li1,99.1300,68.0000,1.799999
FILLER_21_189,VPWR,li1,97.7500,68.0000,1.799999
FILLER_21_186,VPWR,li1,96.3700,68.0000,1.799999
FILLER_21_175,VPWR,li1,91.3100,68.0000,1.799999
FILLER_21_172,VPWR,li1,89.9300,68.0000,1.799999
FILLER_21_169,VPWR,li1,88.5500,68.0000,1.799999
FILLER_21_166,VPWR,li1,86.9400,68.0000,1.799999
FILLER_21_163,VPWR,li1,85.7900,68.0000,1.799999
FILLER_21_160,VPWR,li1,84.4100,68.0000,1.799999
FILLER_21_157,VPWR,li1,83.0300,68.0000,1.799999
FILLER_21_154,VPWR,li1,81.6500,68.0000,1.799999
FILLER_21_151,VPWR,li1,80.2700,68.0000,1.799999
FILLER_21_148,VPWR,li1,78.8900,68.0000,1.799999
FILLER_21_145,VPWR,li1,77.5100,68.0000,1.799999
FILLER_21_142,VPWR,li1,76.1300,68.0000,1.799999
FILLER_21_139,VPWR,li1,74.7500,68.0000,1.799999
FILLER_21_136,VPWR,li1,73.3700,68.0000,1.799999
FILLER_21_125,VPWR,li1,68.3100,68.0000,1.799998
FILLER_21_122,VPWR,li1,66.9300,68.0000,1.799998
FILLER_21_84,VPWR,li1,49.4500,68.0000,1.799996
FILLER_21_57,VPWR,li1,36.5700,68.0000,1.799994
FILLER_21_55,VPWR,li1,35.6500,68.0000,1.799994
FILLER_21_11,VPWR,li1,15.6400,68.0000,1.799997
FILLER_20_645,VPWR,li1,307.5100,68.0000,1.799997
FILLER_20_643,VPWR,li1,306.1300,68.0000,1.799997
FILLER_20_640,VPWR,li1,305.2100,68.0000,1.799997
FILLER_20_637,VPWR,li1,303.8300,68.0000,1.799997
FILLER_20_634,VPWR,li1,302.4500,68.0000,1.799997
FILLER_20_631,VPWR,li1,301.0700,68.0000,1.799997
FILLER_20_628,VPWR,li1,299.6900,68.0000,1.799997
FILLER_20_625,VPWR,li1,298.3100,68.0000,1.799997
FILLER_20_622,VPWR,li1,296.9300,68.0000,1.799997
FILLER_20_619,VPWR,li1,295.5500,68.0000,1.799997
FILLER_20_616,VPWR,li1,294.1700,68.0000,1.799997
FILLER_20_613,VPWR,li1,292.7900,68.0000,1.799997
FILLER_20_610,VPWR,li1,291.4100,68.0000,1.799997
FILLER_20_607,VPWR,li1,290.0300,68.0000,1.799997
FILLER_20_604,VPWR,li1,288.6500,68.0000,1.799997
FILLER_20_601,VPWR,li1,287.2700,68.0000,1.799997
FILLER_20_598,VPWR,li1,285.8900,68.0000,1.799997
FILLER_20_595,VPWR,li1,284.5100,68.0000,1.799996
FILLER_20_592,VPWR,li1,283.1300,68.0000,1.799996
FILLER_20_589,VPWR,li1,281.7500,68.0000,1.799995
FILLER_20_586,VPWR,li1,280.1400,68.0000,1.799995
FILLER_20_583,VPWR,li1,278.9900,68.0000,1.799995
FILLER_20_580,VPWR,li1,277.6100,68.0000,1.799994
FILLER_20_558,VPWR,li1,267.0300,68.0000,1.799993
FILLER_20_530,VPWR,li1,254.3800,68.0000,1.799996
FILLER_20_527,VPWR,li1,253.2300,68.0000,1.799996
FILLER_20_517,VPWR,li1,248.1700,68.0000,1.799995
FILLER_20_514,VPWR,li1,247.2500,68.0000,1.799995
FILLER_20_491,VPWR,li1,236.4400,68.0000,1.799995
FILLER_20_488,VPWR,li1,235.2900,68.0000,1.799995
FILLER_20_477,VPWR,li1,230.0000,68.0000,1.799996
FILLER_20_475,VPWR,li1,228.8500,68.0000,1.799996
FILLER_20_472,VPWR,li1,227.9300,68.0000,1.799996
FILLER_20_438,VPWR,li1,211.8300,68.0000,1.799995
FILLER_20_435,VPWR,li1,210.9100,68.0000,1.799995
FILLER_20_432,VPWR,li1,209.5300,68.0000,1.799995
FILLER_20_429,VPWR,li1,208.1500,68.0000,1.799995
FILLER_20_426,VPWR,li1,206.7700,68.0000,1.799995
FILLER_20_421,VPWR,li1,204.2400,68.0000,1.799995
FILLER_20_417,VPWR,li1,202.6300,68.0000,1.799995
FILLER_20_414,VPWR,li1,201.2500,68.0000,1.799995
FILLER_20_411,VPWR,li1,199.8700,68.0000,1.799995
FILLER_20_408,VPWR,li1,198.4900,68.0000,1.799996
FILLER_20_397,VPWR,li1,193.4300,68.0000,1.799997
FILLER_20_394,VPWR,li1,192.0500,68.0000,1.799997
FILLER_20_391,VPWR,li1,190.6700,68.0000,1.799996
FILLER_20_388,VPWR,li1,189.2900,68.0000,1.799996
FILLER_20_368,VPWR,li1,180.0900,68.0000,1.799995
FILLER_20_365,VPWR,li1,178.7100,68.0000,1.799995
FILLER_20_361,VPWR,li1,176.8700,68.0000,1.799995
FILLER_20_358,VPWR,li1,175.4900,68.0000,1.799995
FILLER_20_355,VPWR,li1,174.1100,68.0000,1.799996
FILLER_20_326,VPWR,li1,160.3100,68.0000,1.799996
FILLER_20_323,VPWR,li1,159.3900,68.0000,1.799996
FILLER_20_316,VPWR,li1,156.1700,68.0000,1.799996
FILLER_20_307,VPWR,li1,151.5700,68.0000,1.799996
FILLER_20_304,VPWR,li1,150.6500,68.0000,1.799996
FILLER_20_301,VPWR,li1,149.2700,68.0000,1.799997
FILLER_20_298,VPWR,li1,147.8900,68.0000,1.799997
FILLER_20_287,VPWR,li1,142.8300,68.0000,1.799998
FILLER_20_284,VPWR,li1,141.4500,68.0000,1.799998
FILLER_20_276,VPWR,li1,137.3100,68.0000,1.799998
FILLER_20_264,VPWR,li1,132.2500,68.0000,1.799999
FILLER_20_253,VPWR,li1,127.1900,68.0000,1.799999
FILLER_20_247,VPWR,li1,123.9700,68.0000,1.799999
FILLER_20_244,VPWR,li1,123.0500,68.0000,1.799999
FILLER_20_236,VPWR,li1,118.9100,68.0000,1.799999
FILLER_20_233,VPWR,li1,117.9900,68.0000,1.799999
FILLER_20_230,VPWR,li1,116.6100,68.0000,1.799999
FILLER_20_227,VPWR,li1,115.2300,68.0000,1.799999
FILLER_20_224,VPWR,li1,113.8500,68.0000,1.799999
FILLER_20_215,VPWR,li1,109.4800,68.0000,1.800000
FILLER_20_212,VPWR,li1,108.3300,68.0000,1.800000
FILLER_20_209,VPWR,li1,106.9500,68.0000,1.800000
FILLER_20_206,VPWR,li1,105.5700,68.0000,1.800000
FILLER_20_203,VPWR,li1,104.1900,68.0000,1.800000
FILLER_20_200,VPWR,li1,102.8100,68.0000,1.800000
FILLER_20_197,VPWR,li1,101.4300,68.0000,1.800000
FILLER_20_195,VPWR,li1,100.0500,68.0000,1.800000
FILLER_20_192,VPWR,li1,99.1300,68.0000,1.799999
FILLER_20_189,VPWR,li1,97.7500,68.0000,1.799999
FILLER_20_186,VPWR,li1,96.3700,68.0000,1.799999
FILLER_20_183,VPWR,li1,94.9900,68.0000,1.799999
FILLER_20_180,VPWR,li1,93.6100,68.0000,1.799999
FILLER_20_177,VPWR,li1,92.2300,68.0000,1.799999
FILLER_20_174,VPWR,li1,90.8500,68.0000,1.799999
FILLER_20_171,VPWR,li1,89.4700,68.0000,1.799999
FILLER_20_168,VPWR,li1,88.0900,68.0000,1.799999
FILLER_20_160,VPWR,li1,84.1800,68.0000,1.799999
FILLER_20_150,VPWR,li1,79.5800,68.0000,1.799999
FILLER_20_147,VPWR,li1,78.4300,68.0000,1.799999
FILLER_20_144,VPWR,li1,77.0500,68.0000,1.799999
FILLER_20_141,VPWR,li1,75.6700,68.0000,1.799999
FILLER_20_129,VPWR,li1,69.9200,68.0000,1.799998
FILLER_20_118,VPWR,li1,64.8600,68.0000,1.799997
FILLER_20_115,VPWR,li1,63.7100,68.0000,1.799997
FILLER_20_112,VPWR,li1,62.3300,68.0000,1.799997
FILLER_20_103,VPWR,li1,57.7300,68.0000,1.799996
FILLER_20_91,VPWR,li1,52.6700,68.0000,1.799996
FILLER_20_88,VPWR,li1,51.2900,68.0000,1.799996
FILLER_20_85,VPWR,li1,49.9100,68.0000,1.799996
FILLER_20_75,VPWR,li1,45.0800,68.0000,1.799997
FILLER_20_66,VPWR,li1,40.7100,68.0000,1.799995
FILLER_20_63,VPWR,li1,39.7900,68.0000,1.799995
FILLER_20_60,VPWR,li1,38.4100,68.0000,1.799995
FILLER_20_57,VPWR,li1,37.0300,68.0000,1.799994
FILLER_20_54,VPWR,li1,35.6500,68.0000,1.799994
FILLER_20_44,VPWR,li1,30.8200,68.0000,1.799994
FILLER_20_32,VPWR,li1,25.5300,68.0000,1.799994
FILLER_20_29,VPWR,li1,24.1500,68.0000,1.799995
FILLER_20_26,VPWR,li1,22.5400,68.0000,1.799995
FILLER_20_23,VPWR,li1,21.3900,68.0000,1.799996
FILLER_20_20,VPWR,li1,20.0100,68.0000,1.799996
FILLER_20_11,VPWR,li1,15.4100,68.0000,1.799997
FILLER_19_647,VPWR,li1,307.9700,62.5600,1.799990
FILLER_19_644,VPWR,li1,307.0500,62.5600,1.799990
FILLER_19_641,VPWR,li1,305.6700,62.5600,1.799990
FILLER_19_638,VPWR,li1,304.2900,62.5600,1.799990
FILLER_19_635,VPWR,li1,302.9100,62.5600,1.799990
FILLER_19_632,VPWR,li1,301.5300,62.5600,1.799990
FILLER_19_629,VPWR,li1,300.1500,62.5600,1.799990
FILLER_19_626,VPWR,li1,298.7700,62.5600,1.799990
FILLER_19_623,VPWR,li1,297.3900,62.5600,1.799990
FILLER_19_620,VPWR,li1,296.0100,62.5600,1.799990
FILLER_19_617,VPWR,li1,294.6300,62.5600,1.799990
FILLER_19_615,VPWR,li1,293.2500,62.5600,1.799990
FILLER_19_612,VPWR,li1,292.3300,62.5600,1.799990
FILLER_19_609,VPWR,li1,290.9500,62.5600,1.799990
FILLER_19_606,VPWR,li1,289.5700,62.5600,1.799990
FILLER_19_603,VPWR,li1,288.1900,62.5600,1.799990
FILLER_19_600,VPWR,li1,286.8100,62.5600,1.799990
FILLER_19_597,VPWR,li1,285.4300,62.5600,1.799990
FILLER_19_594,VPWR,li1,284.0500,62.5600,1.799988
FILLER_19_591,VPWR,li1,282.6700,62.5600,1.799988
FILLER_19_588,VPWR,li1,281.2900,62.5600,1.799985
FILLER_19_567,VPWR,li1,271.1700,62.5600,1.799982
FILLER_19_551,VPWR,li1,264.2700,62.5600,1.799986
FILLER_19_548,VPWR,li1,262.8900,62.5600,1.799988
FILLER_19_545,VPWR,li1,261.5100,62.5600,1.799988
FILLER_19_539,VPWR,li1,258.5200,62.5600,1.799990
FILLER_19_517,VPWR,li1,248.1700,62.5600,1.799993
FILLER_19_514,VPWR,li1,247.2500,62.5600,1.799993
FILLER_19_511,VPWR,li1,245.8700,62.5600,1.799993
FILLER_19_508,VPWR,li1,244.4900,62.5600,1.799993
FILLER_19_493,VPWR,li1,237.5900,62.5600,1.799994
FILLER_19_490,VPWR,li1,236.2100,62.5600,1.799994
FILLER_19_487,VPWR,li1,234.8300,62.5600,1.799994
FILLER_19_480,VPWR,li1,231.6100,62.5600,1.799994
FILLER_19_449,VPWR,li1,217.1200,62.5600,1.799993
FILLER_19_438,VPWR,li1,211.8300,62.5600,1.799991
FILLER_19_435,VPWR,li1,210.9100,62.5600,1.799991
FILLER_19_432,VPWR,li1,209.5300,62.5600,1.799990
FILLER_19_429,VPWR,li1,208.1500,62.5600,1.799990
FILLER_19_426,VPWR,li1,206.7700,62.5600,1.799990
FILLER_19_420,VPWR,li1,204.0100,62.5600,1.799989
FILLER_19_417,VPWR,li1,202.6300,62.5600,1.799989
FILLER_19_414,VPWR,li1,201.2500,62.5600,1.799989
FILLER_19_391,VPWR,li1,190.2100,62.5600,1.799978
FILLER_19_388,VPWR,li1,189.2900,62.5600,1.799978
FILLER_19_385,VPWR,li1,187.9100,62.5600,1.799974
FILLER_19_373,VPWR,li1,181.9300,62.5600,1.799978
FILLER_19_370,VPWR,li1,181.0100,62.5600,1.799980
FILLER_19_367,VPWR,li1,179.6300,62.5600,1.799980
FILLER_19_364,VPWR,li1,178.2500,62.5600,1.799981
FILLER_19_358,VPWR,li1,175.0300,62.5600,1.799984
FILLER_19_355,VPWR,li1,174.1100,62.5600,1.799986
FILLER_19_352,VPWR,li1,172.7300,62.5600,1.799987
FILLER_19_349,VPWR,li1,171.3500,62.5600,1.799987
FILLER_19_340,VPWR,li1,166.7500,62.5600,1.799991
FILLER_19_337,VPWR,li1,165.8300,62.5600,1.799994
FILLER_19_334,VPWR,li1,164.2200,62.5600,1.799994
FILLER_19_331,VPWR,li1,163.0700,62.5600,1.799994
FILLER_19_328,VPWR,li1,161.6900,62.5600,1.799994
FILLER_19_325,VPWR,li1,160.3100,62.5600,1.799995
FILLER_19_322,VPWR,li1,158.9300,62.5600,1.799995
FILLER_19_319,VPWR,li1,157.5500,62.5600,1.799995
FILLER_19_316,VPWR,li1,156.1700,62.5600,1.799995
FILLER_19_306,VPWR,li1,151.5700,62.5600,1.799996
FILLER_19_303,VPWR,li1,150.1900,62.5600,1.799996
FILLER_19_300,VPWR,li1,148.8100,62.5600,1.799996
FILLER_19_297,VPWR,li1,147.4300,62.5600,1.799997
FILLER_19_289,VPWR,li1,143.2900,62.5600,1.799997
FILLER_19_286,VPWR,li1,142.3700,62.5600,1.799997
FILLER_19_277,VPWR,li1,138.2300,62.5600,1.799998
FILLER_19_274,VPWR,li1,136.8500,62.5600,1.799998
FILLER_19_271,VPWR,li1,135.4700,62.5600,1.799999
FILLER_19_268,VPWR,li1,134.0900,62.5600,1.799999
FILLER_19_265,VPWR,li1,132.7100,62.5600,1.799999
FILLER_19_257,VPWR,li1,128.5700,62.5600,1.799999
FILLER_19_254,VPWR,li1,127.6500,62.5600,1.799999
FILLER_19_251,VPWR,li1,126.2700,62.5600,1.799999
FILLER_19_248,VPWR,li1,124.8900,62.5600,1.799999
FILLER_19_245,VPWR,li1,123.5100,62.5600,1.799999
FILLER_19_242,VPWR,li1,122.1300,62.5600,1.799999
FILLER_19_239,VPWR,li1,120.7500,62.5600,1.799999
FILLER_19_236,VPWR,li1,119.3700,62.5600,1.799999
FILLER_19_233,VPWR,li1,117.9900,62.5600,1.799999
FILLER_19_218,VPWR,li1,110.8600,62.5600,1.799999
FILLER_19_200,VPWR,li1,102.3500,62.5600,1.799999
FILLER_19_197,VPWR,li1,101.4300,62.5600,1.799999
FILLER_19_194,VPWR,li1,100.0500,62.5600,1.799999
FILLER_19_181,VPWR,li1,94.0700,62.5600,1.799999
FILLER_19_172,VPWR,li1,89.7000,62.5600,1.799999
FILLER_19_169,VPWR,li1,88.5500,62.5600,1.799999
FILLER_19_167,VPWR,li1,87.1700,62.5600,1.799999
FILLER_19_164,VPWR,li1,86.2500,62.5600,1.799999
FILLER_19_161,VPWR,li1,84.8700,62.5600,1.799998
FILLER_19_158,VPWR,li1,83.4900,62.5600,1.799998
FILLER_19_155,VPWR,li1,82.1100,62.5600,1.799998
FILLER_19_152,VPWR,li1,80.7300,62.5600,1.799998
FILLER_19_149,VPWR,li1,79.3500,62.5600,1.799998
FILLER_19_146,VPWR,li1,77.9700,62.5600,1.799998
FILLER_19_143,VPWR,li1,76.5900,62.5600,1.799998
FILLER_19_140,VPWR,li1,75.2100,62.5600,1.799998
FILLER_19_137,VPWR,li1,73.8300,62.5600,1.799998
FILLER_19_134,VPWR,li1,72.4500,62.5600,1.799997
FILLER_19_131,VPWR,li1,71.0700,62.5600,1.799997
FILLER_19_113,VPWR,li1,62.3300,62.5600,1.799996
FILLER_19_92,VPWR,li1,53.1300,62.5600,1.799996
FILLER_19_89,VPWR,li1,51.7500,62.5600,1.799996
FILLER_19_86,VPWR,li1,50.3700,62.5600,1.799997
FILLER_19_83,VPWR,li1,48.9900,62.5600,1.799997
FILLER_19_75,VPWR,li1,45.3100,62.5600,1.799997
FILLER_19_72,VPWR,li1,43.9300,62.5600,1.799997
FILLER_19_69,VPWR,li1,42.5500,62.5600,1.799997
FILLER_19_66,VPWR,li1,41.1700,62.5600,1.799997
FILLER_19_53,VPWR,li1,35.1900,62.5600,1.799996
FILLER_19_50,VPWR,li1,33.8100,62.5600,1.799995
FILLER_19_47,VPWR,li1,32.4300,62.5600,1.799995
FILLER_19_44,VPWR,li1,31.0500,62.5600,1.799995
FILLER_19_41,VPWR,li1,29.6700,62.5600,1.799995
FILLER_19_31,VPWR,li1,24.6100,62.5600,1.799995
FILLER_19_28,VPWR,li1,23.6900,62.5600,1.799995
FILLER_18_645,VPWR,li1,307.5100,62.5600,1.799990
FILLER_18_643,VPWR,li1,306.1300,62.5600,1.799990
FILLER_18_640,VPWR,li1,305.2100,62.5600,1.799990
FILLER_18_637,VPWR,li1,303.8300,62.5600,1.799990
FILLER_18_634,VPWR,li1,302.4500,62.5600,1.799990
FILLER_18_631,VPWR,li1,301.0700,62.5600,1.799990
FILLER_18_628,VPWR,li1,299.6900,62.5600,1.799990
FILLER_18_625,VPWR,li1,298.3100,62.5600,1.799990
FILLER_18_622,VPWR,li1,296.9300,62.5600,1.799990
FILLER_18_619,VPWR,li1,295.5500,62.5600,1.799990
FILLER_18_616,VPWR,li1,294.1700,62.5600,1.799990
FILLER_18_613,VPWR,li1,292.7900,62.5600,1.799990
FILLER_18_610,VPWR,li1,291.4100,62.5600,1.799990
FILLER_18_607,VPWR,li1,290.0300,62.5600,1.799990
FILLER_18_604,VPWR,li1,288.6500,62.5600,1.799990
FILLER_18_601,VPWR,li1,287.2700,62.5600,1.799990
FILLER_18_598,VPWR,li1,285.8900,62.5600,1.799990
FILLER_18_595,VPWR,li1,284.5100,62.5600,1.799990
FILLER_18_592,VPWR,li1,283.1300,62.5600,1.799988
FILLER_18_589,VPWR,li1,281.7500,62.5600,1.799985
FILLER_18_587,VPWR,li1,280.3700,62.5600,1.799985
FILLER_18_584,VPWR,li1,279.4500,62.5600,1.799982
FILLER_18_581,VPWR,li1,278.0700,62.5600,1.799982
FILLER_18_578,VPWR,li1,276.6900,62.5600,1.799978
FILLER_18_565,VPWR,li1,270.4800,62.5600,1.799982
FILLER_18_555,VPWR,li1,265.8800,62.5600,1.799986
FILLER_18_552,VPWR,li1,264.7300,62.5600,1.799986
FILLER_18_523,VPWR,li1,250.9300,62.5600,1.799993
FILLER_18_512,VPWR,li1,246.1000,62.5600,1.799993
FILLER_18_509,VPWR,li1,244.9500,62.5600,1.799993
FILLER_18_506,VPWR,li1,243.5700,62.5600,1.799993
FILLER_18_503,VPWR,li1,242.1900,62.5600,1.799993
FILLER_18_500,VPWR,li1,240.8100,62.5600,1.799993
FILLER_18_497,VPWR,li1,239.4300,62.5600,1.799993
FILLER_18_494,VPWR,li1,238.0500,62.5600,1.799994
FILLER_18_491,VPWR,li1,236.6700,62.5600,1.799994
FILLER_18_488,VPWR,li1,235.2900,62.5600,1.799994
FILLER_18_485,VPWR,li1,233.9100,62.5600,1.799994
FILLER_18_473,VPWR,li1,228.3900,62.5600,1.799994
FILLER_18_470,VPWR,li1,227.0100,62.5600,1.799995
FILLER_18_467,VPWR,li1,225.6300,62.5600,1.799995
FILLER_18_464,VPWR,li1,224.2500,62.5600,1.799995
FILLER_18_461,VPWR,li1,222.8700,62.5600,1.799994
FILLER_18_445,VPWR,li1,215.0500,62.5600,1.799992
FILLER_18_441,VPWR,li1,213.2100,62.5600,1.799992
FILLER_18_438,VPWR,li1,212.2900,62.5600,1.799991
FILLER_18_435,VPWR,li1,210.9100,62.5600,1.799991
FILLER_18_432,VPWR,li1,209.5300,62.5600,1.799990
FILLER_18_429,VPWR,li1,208.1500,62.5600,1.799990
FILLER_18_419,VPWR,li1,203.0900,62.5600,1.799989
FILLER_18_402,VPWR,li1,195.7300,62.5600,1.799987
FILLER_18_368,VPWR,li1,180.0900,62.5600,1.799980
FILLER_18_365,VPWR,li1,178.7100,62.5600,1.799981
FILLER_18_354,VPWR,li1,173.1900,62.5600,1.799986
FILLER_18_337,VPWR,li1,165.3700,62.5600,1.799994
FILLER_18_334,VPWR,li1,164.4500,62.5600,1.799994
FILLER_18_331,VPWR,li1,163.0700,62.5600,1.799994
FILLER_18_313,VPWR,li1,154.5600,62.5600,1.799996
FILLER_18_306,VPWR,li1,151.3400,62.5600,1.799996
FILLER_18_303,VPWR,li1,150.1900,62.5600,1.799996
FILLER_18_300,VPWR,li1,148.8100,62.5600,1.799996
FILLER_18_293,VPWR,li1,145.3600,62.5600,1.799997
FILLER_18_290,VPWR,li1,144.2100,62.5600,1.799997
FILLER_18_287,VPWR,li1,142.8300,62.5600,1.799997
FILLER_18_284,VPWR,li1,141.4500,62.5600,1.799998
FILLER_18_281,VPWR,li1,140.0700,62.5600,1.799998
FILLER_18_278,VPWR,li1,138.6900,62.5600,1.799998
FILLER_18_272,VPWR,li1,135.4700,62.5600,1.799999
FILLER_18_269,VPWR,li1,134.5500,62.5600,1.799999
FILLER_18_266,VPWR,li1,133.1700,62.5600,1.799999
FILLER_18_263,VPWR,li1,131.7900,62.5600,1.799999
FILLER_18_253,VPWR,li1,126.9600,62.5600,1.799999
FILLER_18_249,VPWR,li1,125.3500,62.5600,1.799999
FILLER_18_246,VPWR,li1,123.9700,62.5600,1.799999
FILLER_18_243,VPWR,li1,122.5900,62.5600,1.799999
FILLER_18_240,VPWR,li1,121.2100,62.5600,1.799999
FILLER_18_227,VPWR,li1,115.2300,62.5600,1.799999
FILLER_18_218,VPWR,li1,111.0900,62.5600,1.799999
FILLER_18_215,VPWR,li1,109.7100,62.5600,1.799999
FILLER_18_212,VPWR,li1,108.3300,62.5600,1.799999
FILLER_18_209,VPWR,li1,106.9500,62.5600,1.799999
FILLER_18_195,VPWR,li1,100.0500,62.5600,1.799999
FILLER_18_192,VPWR,li1,99.1300,62.5600,1.799999
FILLER_18_189,VPWR,li1,97.7500,62.5600,1.799999
FILLER_18_186,VPWR,li1,96.3700,62.5600,1.799999
FILLER_18_183,VPWR,li1,94.9900,62.5600,1.799999
FILLER_18_180,VPWR,li1,93.6100,62.5600,1.799999
FILLER_18_177,VPWR,li1,92.2300,62.5600,1.799999
FILLER_18_174,VPWR,li1,90.8500,62.5600,1.799999
FILLER_18_171,VPWR,li1,89.4700,62.5600,1.799999
FILLER_18_168,VPWR,li1,88.0900,62.5600,1.799999
FILLER_18_165,VPWR,li1,86.7100,62.5600,1.799999
FILLER_18_162,VPWR,li1,85.3300,62.5600,1.799999
FILLER_18_159,VPWR,li1,83.9500,62.5600,1.799998
FILLER_18_153,VPWR,li1,80.9600,62.5600,1.799998
FILLER_18_150,VPWR,li1,79.8100,62.5600,1.799998
FILLER_18_147,VPWR,li1,78.4300,62.5600,1.799998
FILLER_18_144,VPWR,li1,77.0500,62.5600,1.799998
FILLER_18_141,VPWR,li1,75.6700,62.5600,1.799998
FILLER_18_138,VPWR,li1,74.0600,62.5600,1.799998
FILLER_18_135,VPWR,li1,72.9100,62.5600,1.799998
FILLER_18_129,VPWR,li1,69.9200,62.5600,1.799996
FILLER_18_126,VPWR,li1,68.7700,62.5600,1.799996
FILLER_18_123,VPWR,li1,67.3900,62.5600,1.799996
FILLER_18_120,VPWR,li1,66.0100,62.5600,1.799996
FILLER_18_117,VPWR,li1,64.6300,62.5600,1.799996
FILLER_18_114,VPWR,li1,63.2500,62.5600,1.799996
FILLER_18_111,VPWR,li1,61.8700,62.5600,1.799996
FILLER_18_108,VPWR,li1,60.4900,62.5600,1.799995
FILLER_18_105,VPWR,li1,59.1100,62.5600,1.799995
FILLER_18_97,VPWR,li1,54.9700,62.5600,1.799996
FILLER_18_88,VPWR,li1,51.2900,62.5600,1.799996
FILLER_18_85,VPWR,li1,49.9100,62.5600,1.799997
FILLER_18_83,VPWR,li1,48.5300,62.5600,1.799997
FILLER_18_80,VPWR,li1,47.6100,62.5600,1.799997
FILLER_18_71,VPWR,li1,43.0100,62.5600,1.799997
FILLER_18_68,VPWR,li1,42.0900,62.5600,1.799997
FILLER_18_65,VPWR,li1,40.7100,62.5600,1.799997
FILLER_18_57,VPWR,li1,36.8000,62.5600,1.799996
FILLER_18_54,VPWR,li1,35.6500,62.5600,1.799996
FILLER_18_27,VPWR,li1,22.7700,62.5600,1.799995
FILLER_18_24,VPWR,li1,21.8500,62.5600,1.799995
FILLER_18_21,VPWR,li1,20.4700,62.5600,1.799995
FILLER_18_3,VPWR,li1,11.7300,62.5600,1.799996
FILLER_17_647,VPWR,li1,307.9700,57.1200,1.799998
FILLER_17_644,VPWR,li1,307.0500,57.1200,1.799998
FILLER_17_641,VPWR,li1,305.6700,57.1200,1.799998
FILLER_17_638,VPWR,li1,304.2900,57.1200,1.799998
FILLER_17_635,VPWR,li1,302.9100,57.1200,1.799998
FILLER_17_632,VPWR,li1,301.5300,57.1200,1.799998
FILLER_17_629,VPWR,li1,300.1500,57.1200,1.799998
FILLER_17_626,VPWR,li1,298.7700,57.1200,1.799998
FILLER_17_623,VPWR,li1,297.3900,57.1200,1.799998
FILLER_17_620,VPWR,li1,296.0100,57.1200,1.799998
FILLER_17_617,VPWR,li1,294.6300,57.1200,1.799998
FILLER_17_615,VPWR,li1,293.2500,57.1200,1.799998
FILLER_17_612,VPWR,li1,292.3300,57.1200,1.799998
FILLER_17_609,VPWR,li1,290.9500,57.1200,1.799998
FILLER_17_606,VPWR,li1,289.5700,57.1200,1.799998
FILLER_17_603,VPWR,li1,288.1900,57.1200,1.799998
FILLER_17_600,VPWR,li1,286.8100,57.1200,1.799998
FILLER_17_597,VPWR,li1,285.4300,57.1200,1.799998
FILLER_17_594,VPWR,li1,284.0500,57.1200,1.799998
FILLER_17_591,VPWR,li1,282.6700,57.1200,1.799997
FILLER_17_588,VPWR,li1,281.2900,57.1200,1.799997
FILLER_17_585,VPWR,li1,279.9100,57.1200,1.799997
FILLER_17_582,VPWR,li1,278.5300,57.1200,1.799996
FILLER_17_558,VPWR,li1,267.2600,57.1200,1.799995
FILLER_17_547,VPWR,li1,262.2000,57.1200,1.799996
FILLER_17_544,VPWR,li1,261.0500,57.1200,1.799996
FILLER_17_535,VPWR,li1,256.4500,57.1200,1.799997
FILLER_17_532,VPWR,li1,255.5300,57.1200,1.799997
FILLER_17_529,VPWR,li1,254.1500,57.1200,1.799997
FILLER_17_526,VPWR,li1,252.7700,57.1200,1.799997
FILLER_17_523,VPWR,li1,251.3900,57.1200,1.799997
FILLER_17_511,VPWR,li1,245.8700,57.1200,1.799996
FILLER_17_508,VPWR,li1,244.4900,57.1200,1.799996
FILLER_17_505,VPWR,li1,243.1100,57.1200,1.799996
FILLER_17_492,VPWR,li1,237.1300,57.1200,1.799996
FILLER_17_489,VPWR,li1,235.7500,57.1200,1.799996
FILLER_17_470,VPWR,li1,227.0100,57.1200,1.799997
FILLER_17_460,VPWR,li1,222.1800,57.1200,1.799996
FILLER_17_457,VPWR,li1,221.0300,57.1200,1.799996
FILLER_17_446,VPWR,li1,215.7400,57.1200,1.799995
FILLER_17_436,VPWR,li1,210.9100,57.1200,1.799994
FILLER_17_433,VPWR,li1,209.9900,57.1200,1.799994
FILLER_17_430,VPWR,li1,208.6100,57.1200,1.799994
FILLER_17_408,VPWR,li1,198.0300,57.1200,1.799996
FILLER_17_405,VPWR,li1,197.1100,57.1200,1.799996
FILLER_17_402,VPWR,li1,195.7300,57.1200,1.799996
FILLER_17_399,VPWR,li1,194.3500,57.1200,1.799996
FILLER_17_396,VPWR,li1,192.9700,57.1200,1.799996
FILLER_17_393,VPWR,li1,191.5900,57.1200,1.799995
FILLER_17_390,VPWR,li1,189.9800,57.1200,1.799995
FILLER_17_367,VPWR,li1,179.4000,57.1200,1.799993
FILLER_17_364,VPWR,li1,178.2500,57.1200,1.799993
FILLER_17_361,VPWR,li1,176.8700,57.1200,1.799993
FILLER_17_358,VPWR,li1,175.4900,57.1200,1.799993
FILLER_17_327,VPWR,li1,161.0000,57.1200,1.799992
FILLER_17_324,VPWR,li1,159.8500,57.1200,1.799991
FILLER_17_321,VPWR,li1,158.4700,57.1200,1.799991
FILLER_17_318,VPWR,li1,157.0900,57.1200,1.799990
FILLER_17_313,VPWR,li1,154.5600,57.1200,1.799989
FILLER_17_310,VPWR,li1,153.4100,57.1200,1.799988
FILLER_17_307,VPWR,li1,152.0300,57.1200,1.799988
FILLER_17_304,VPWR,li1,150.6500,57.1200,1.799987
FILLER_17_301,VPWR,li1,149.2700,57.1200,1.799987
FILLER_17_298,VPWR,li1,147.8900,57.1200,1.799986
FILLER_17_295,VPWR,li1,146.5100,57.1200,1.799986
FILLER_17_292,VPWR,li1,145.1300,57.1200,1.799985
FILLER_17_289,VPWR,li1,143.7500,57.1200,1.799985
FILLER_17_284,VPWR,li1,141.2200,57.1200,1.799984
FILLER_17_278,VPWR,li1,138.4600,57.1200,1.799984
FILLER_17_270,VPWR,li1,134.5500,57.1200,1.799986
FILLER_17_267,VPWR,li1,133.6300,57.1200,1.799986
FILLER_17_240,VPWR,li1,121.2100,57.1200,1.799988
FILLER_17_237,VPWR,li1,119.8300,57.1200,1.799990
FILLER_17_234,VPWR,li1,118.4500,57.1200,1.799990
FILLER_17_231,VPWR,li1,117.0700,57.1200,1.799991
FILLER_17_228,VPWR,li1,115.6900,57.1200,1.799991
FILLER_17_225,VPWR,li1,114.3100,57.1200,1.799993
FILLER_17_222,VPWR,li1,112.7000,57.1200,1.799993
FILLER_17_219,VPWR,li1,111.5500,57.1200,1.799994
FILLER_17_216,VPWR,li1,110.1700,57.1200,1.799994
FILLER_17_213,VPWR,li1,108.7900,57.1200,1.799995
FILLER_17_210,VPWR,li1,107.4100,57.1200,1.799995
FILLER_17_207,VPWR,li1,106.0300,57.1200,1.799996
FILLER_17_204,VPWR,li1,104.6500,57.1200,1.799997
FILLER_17_201,VPWR,li1,103.2700,57.1200,1.799997
FILLER_17_198,VPWR,li1,101.8900,57.1200,1.799997
FILLER_17_195,VPWR,li1,100.5100,57.1200,1.799997
FILLER_17_192,VPWR,li1,99.1300,57.1200,1.799997
FILLER_17_189,VPWR,li1,97.7500,57.1200,1.799997
FILLER_17_186,VPWR,li1,96.3700,57.1200,1.799997
FILLER_17_183,VPWR,li1,94.9900,57.1200,1.799997
FILLER_17_180,VPWR,li1,93.6100,57.1200,1.799997
FILLER_17_169,VPWR,li1,88.5500,57.1200,1.799998
FILLER_17_165,VPWR,li1,86.7100,57.1200,1.799998
FILLER_17_162,VPWR,li1,85.3300,57.1200,1.799998
FILLER_17_159,VPWR,li1,83.9500,57.1200,1.799998
FILLER_17_146,VPWR,li1,77.9700,57.1200,1.799998
FILLER_17_134,VPWR,li1,72.4500,57.1200,1.799998
FILLER_17_125,VPWR,li1,68.0800,57.1200,1.799997
FILLER_17_122,VPWR,li1,66.9300,57.1200,1.799997
FILLER_17_119,VPWR,li1,65.5500,57.1200,1.799997
FILLER_17_116,VPWR,li1,64.1700,57.1200,1.799997
FILLER_17_109,VPWR,li1,60.9500,57.1200,1.799997
FILLER_17_106,VPWR,li1,59.5700,57.1200,1.799997
FILLER_17_103,VPWR,li1,58.1900,57.1200,1.799997
FILLER_17_100,VPWR,li1,56.8100,57.1200,1.799997
FILLER_17_97,VPWR,li1,55.4300,57.1200,1.799997
FILLER_17_94,VPWR,li1,54.0500,57.1200,1.799998
FILLER_17_91,VPWR,li1,52.6700,57.1200,1.799998
FILLER_17_88,VPWR,li1,51.2900,57.1200,1.799998
FILLER_17_85,VPWR,li1,49.9100,57.1200,1.799998
FILLER_17_82,VPWR,li1,48.5300,57.1200,1.799998
FILLER_17_72,VPWR,li1,43.4700,57.1200,1.799998
FILLER_17_69,VPWR,li1,42.5500,57.1200,1.799998
FILLER_17_66,VPWR,li1,41.1700,57.1200,1.799998
FILLER_17_63,VPWR,li1,39.7900,57.1200,1.799998
FILLER_17_60,VPWR,li1,38.4100,57.1200,1.799998
FILLER_17_57,VPWR,li1,37.0300,57.1200,1.799997
FILLER_17_49,VPWR,li1,32.8900,57.1200,1.799997
FILLER_17_46,VPWR,li1,31.9700,57.1200,1.799997
FILLER_17_35,VPWR,li1,26.9100,57.1200,1.799996
FILLER_17_9,VPWR,li1,14.4900,57.1200,1.799997
FILLER_17_6,VPWR,li1,13.5700,57.1200,1.799997
FILLER_17_3,VPWR,li1,12.1900,57.1200,1.799997
FILLER_16_645,VPWR,li1,307.5100,57.1200,1.799998
FILLER_16_643,VPWR,li1,306.1300,57.1200,1.799998
FILLER_16_640,VPWR,li1,305.2100,57.1200,1.799998
FILLER_16_637,VPWR,li1,303.8300,57.1200,1.799998
FILLER_16_634,VPWR,li1,302.4500,57.1200,1.799998
FILLER_16_631,VPWR,li1,301.0700,57.1200,1.799998
FILLER_16_628,VPWR,li1,299.6900,57.1200,1.799998
FILLER_16_625,VPWR,li1,298.3100,57.1200,1.799998
FILLER_16_622,VPWR,li1,296.9300,57.1200,1.799998
FILLER_16_619,VPWR,li1,295.5500,57.1200,1.799998
FILLER_16_616,VPWR,li1,294.1700,57.1200,1.799998
FILLER_16_613,VPWR,li1,292.7900,57.1200,1.799998
FILLER_16_610,VPWR,li1,291.4100,57.1200,1.799998
FILLER_16_607,VPWR,li1,290.0300,57.1200,1.799998
FILLER_16_604,VPWR,li1,288.6500,57.1200,1.799998
FILLER_16_601,VPWR,li1,287.2700,57.1200,1.799998
FILLER_16_598,VPWR,li1,285.8900,57.1200,1.799998
FILLER_16_595,VPWR,li1,284.5100,57.1200,1.799998
FILLER_16_592,VPWR,li1,283.1300,57.1200,1.799997
FILLER_16_589,VPWR,li1,281.7500,57.1200,1.799997
FILLER_16_586,VPWR,li1,280.1400,57.1200,1.799997
FILLER_16_583,VPWR,li1,278.9900,57.1200,1.799996
FILLER_16_580,VPWR,li1,277.6100,57.1200,1.799996
FILLER_16_577,VPWR,li1,276.2300,57.1200,1.799996
FILLER_16_574,VPWR,li1,274.8500,57.1200,1.799996
FILLER_16_569,VPWR,li1,272.3200,57.1200,1.799995
FILLER_16_566,VPWR,li1,271.1700,57.1200,1.799995
FILLER_16_544,VPWR,li1,260.5900,57.1200,1.799996
FILLER_16_533,VPWR,li1,255.7600,57.1200,1.799997
FILLER_16_522,VPWR,li1,250.7000,57.1200,1.799997
FILLER_16_510,VPWR,li1,245.4100,57.1200,1.799996
FILLER_16_483,VPWR,li1,232.5300,57.1200,1.799996
FILLER_16_480,VPWR,li1,231.6100,57.1200,1.799996
FILLER_16_477,VPWR,li1,230.2300,57.1200,1.799997
FILLER_16_475,VPWR,li1,228.8500,57.1200,1.799997
FILLER_16_472,VPWR,li1,227.9300,57.1200,1.799997
FILLER_16_462,VPWR,li1,222.8700,57.1200,1.799997
FILLER_16_459,VPWR,li1,221.9500,57.1200,1.799996
FILLER_16_456,VPWR,li1,220.5700,57.1200,1.799996
FILLER_16_453,VPWR,li1,219.1900,57.1200,1.799996
FILLER_16_431,VPWR,li1,208.6100,57.1200,1.799994
FILLER_16_421,VPWR,li1,204.2400,57.1200,1.799994
FILLER_16_417,VPWR,li1,202.6300,57.1200,1.799994
FILLER_16_414,VPWR,li1,201.2500,57.1200,1.799995
FILLER_16_411,VPWR,li1,199.8700,57.1200,1.799995
FILLER_16_408,VPWR,li1,198.4900,57.1200,1.799996
FILLER_16_405,VPWR,li1,197.1100,57.1200,1.799996
FILLER_16_402,VPWR,li1,195.7300,57.1200,1.799996
FILLER_16_391,VPWR,li1,190.6700,57.1200,1.799995
FILLER_16_388,VPWR,li1,189.2900,57.1200,1.799994
FILLER_16_385,VPWR,li1,187.9100,57.1200,1.799994
FILLER_16_374,VPWR,li1,182.3900,57.1200,1.799993
FILLER_16_371,VPWR,li1,181.4700,57.1200,1.799993
FILLER_16_368,VPWR,li1,180.0900,57.1200,1.799993
FILLER_16_365,VPWR,li1,178.7100,57.1200,1.799993
FILLER_16_362,VPWR,li1,177.1000,57.1200,1.799993
FILLER_16_359,VPWR,li1,175.9500,57.1200,1.799993
FILLER_16_356,VPWR,li1,174.5700,57.1200,1.799993
FILLER_16_353,VPWR,li1,173.1900,57.1200,1.799993
FILLER_16_350,VPWR,li1,171.8100,57.1200,1.799993
FILLER_16_347,VPWR,li1,170.4300,57.1200,1.799993
FILLER_16_341,VPWR,li1,167.6700,57.1200,1.799994
FILLER_16_338,VPWR,li1,166.2900,57.1200,1.799994
FILLER_16_335,VPWR,li1,164.9100,57.1200,1.799994
FILLER_16_332,VPWR,li1,163.5300,57.1200,1.799993
FILLER_16_329,VPWR,li1,162.1500,57.1200,1.799993
FILLER_16_321,VPWR,li1,158.4700,57.1200,1.799991
FILLER_16_318,VPWR,li1,157.0900,57.1200,1.799990
FILLER_16_312,VPWR,li1,153.8700,57.1200,1.799989
FILLER_16_309,VPWR,li1,152.9500,57.1200,1.799988
FILLER_16_265,VPWR,li1,132.4800,57.1200,1.799986
FILLER_16_262,VPWR,li1,131.3300,57.1200,1.799986
FILLER_16_259,VPWR,li1,129.9500,57.1200,1.799986
FILLER_16_253,VPWR,li1,127.1900,57.1200,1.799987
FILLER_16_228,VPWR,li1,115.6900,57.1200,1.799991
FILLER_16_225,VPWR,li1,114.3100,57.1200,1.799993
FILLER_16_222,VPWR,li1,112.9300,57.1200,1.799993
FILLER_16_219,VPWR,li1,111.5500,57.1200,1.799994
FILLER_16_216,VPWR,li1,110.1700,57.1200,1.799994
FILLER_16_213,VPWR,li1,108.7900,57.1200,1.799995
FILLER_16_210,VPWR,li1,107.4100,57.1200,1.799995
FILLER_16_207,VPWR,li1,106.0300,57.1200,1.799996
FILLER_16_197,VPWR,li1,100.9700,57.1200,1.799997
FILLER_16_194,VPWR,li1,99.8200,57.1200,1.799997
FILLER_16_191,VPWR,li1,98.6700,57.1200,1.799997
FILLER_16_188,VPWR,li1,97.2900,57.1200,1.799997
FILLER_16_185,VPWR,li1,95.9100,57.1200,1.799997
FILLER_16_182,VPWR,li1,94.5300,57.1200,1.799997
FILLER_16_179,VPWR,li1,93.1500,57.1200,1.799997
FILLER_16_171,VPWR,li1,89.0100,57.1200,1.799998
FILLER_16_168,VPWR,li1,88.0900,57.1200,1.799998
FILLER_16_147,VPWR,li1,78.2000,57.1200,1.799998
FILLER_16_144,VPWR,li1,77.0500,57.1200,1.799998
FILLER_16_141,VPWR,li1,75.6700,57.1200,1.799998
FILLER_16_139,VPWR,li1,74.2900,57.1200,1.799998
FILLER_16_136,VPWR,li1,73.3700,57.1200,1.799998
FILLER_16_127,VPWR,li1,69.0000,57.1200,1.799998
FILLER_16_124,VPWR,li1,67.8500,57.1200,1.799997
FILLER_16_88,VPWR,li1,50.8300,57.1200,1.799998
FILLER_16_85,VPWR,li1,49.9100,57.1200,1.799998
FILLER_16_76,VPWR,li1,45.5400,57.1200,1.799998
FILLER_16_51,VPWR,li1,34.0400,57.1200,1.799997
FILLER_16_40,VPWR,li1,29.2100,57.1200,1.799996
FILLER_16_37,VPWR,li1,27.8300,57.1200,1.799996
FILLER_15_647,VPWR,li1,307.9700,51.6800,1.799998
FILLER_15_644,VPWR,li1,307.0500,51.6800,1.799998
FILLER_15_641,VPWR,li1,305.6700,51.6800,1.799998
FILLER_15_638,VPWR,li1,304.2900,51.6800,1.799998
FILLER_15_635,VPWR,li1,302.9100,51.6800,1.799998
FILLER_15_632,VPWR,li1,301.5300,51.6800,1.799998
FILLER_15_629,VPWR,li1,300.1500,51.6800,1.799998
FILLER_15_626,VPWR,li1,298.7700,51.6800,1.799998
FILLER_15_623,VPWR,li1,297.3900,51.6800,1.799998
FILLER_15_620,VPWR,li1,296.0100,51.6800,1.799998
FILLER_15_617,VPWR,li1,294.6300,51.6800,1.799998
FILLER_15_615,VPWR,li1,293.2500,51.6800,1.799998
FILLER_15_612,VPWR,li1,292.3300,51.6800,1.799998
FILLER_15_609,VPWR,li1,290.9500,51.6800,1.799998
FILLER_15_606,VPWR,li1,289.5700,51.6800,1.799998
FILLER_15_603,VPWR,li1,288.1900,51.6800,1.799998
FILLER_15_600,VPWR,li1,286.8100,51.6800,1.799998
FILLER_15_597,VPWR,li1,285.4300,51.6800,1.799998
FILLER_15_594,VPWR,li1,284.0500,51.6800,1.799998
FILLER_15_591,VPWR,li1,282.6700,51.6800,1.799998
FILLER_15_588,VPWR,li1,281.2900,51.6800,1.799998
FILLER_15_585,VPWR,li1,279.9100,51.6800,1.799997
FILLER_15_582,VPWR,li1,278.5300,51.6800,1.799997
FILLER_15_579,VPWR,li1,277.1500,51.6800,1.799997
FILLER_15_576,VPWR,li1,275.7700,51.6800,1.799996
FILLER_15_573,VPWR,li1,274.3900,51.6800,1.799996
FILLER_15_570,VPWR,li1,273.0100,51.6800,1.799996
FILLER_15_567,VPWR,li1,271.6300,51.6800,1.799996
FILLER_15_564,VPWR,li1,270.2500,51.6800,1.799995
FILLER_15_561,VPWR,li1,268.8700,51.6800,1.799995
FILLER_15_557,VPWR,li1,267.0300,51.6800,1.799995
FILLER_15_553,VPWR,li1,264.7300,51.6800,1.799994
FILLER_15_508,VPWR,li1,244.4900,51.6800,1.799995
FILLER_15_505,VPWR,li1,243.1100,51.6800,1.799995
FILLER_15_501,VPWR,li1,241.2700,51.6800,1.799995
FILLER_15_498,VPWR,li1,239.8900,51.6800,1.799995
FILLER_15_495,VPWR,li1,238.5100,51.6800,1.799996
FILLER_15_492,VPWR,li1,237.1300,51.6800,1.799996
FILLER_15_489,VPWR,li1,235.7500,51.6800,1.799996
FILLER_15_486,VPWR,li1,234.3700,51.6800,1.799996
FILLER_15_464,VPWR,li1,223.7900,51.6800,1.799997
FILLER_15_461,VPWR,li1,222.8700,51.6800,1.799997
FILLER_15_458,VPWR,li1,221.4900,51.6800,1.799997
FILLER_15_455,VPWR,li1,220.1100,51.6800,1.799996
FILLER_15_452,VPWR,li1,218.7300,51.6800,1.799996
FILLER_15_449,VPWR,li1,217.3500,51.6800,1.799996
FILLER_15_442,VPWR,li1,214.1300,51.6800,1.799996
FILLER_15_439,VPWR,li1,212.7500,51.6800,1.799997
FILLER_15_436,VPWR,li1,211.3700,51.6800,1.799997
FILLER_15_433,VPWR,li1,209.9900,51.6800,1.799997
FILLER_15_430,VPWR,li1,208.6100,51.6800,1.799997
FILLER_15_427,VPWR,li1,207.2300,51.6800,1.799998
FILLER_15_424,VPWR,li1,205.8500,51.6800,1.799998
FILLER_15_417,VPWR,li1,202.4000,51.6800,1.799998
FILLER_15_414,VPWR,li1,201.2500,51.6800,1.799998
FILLER_15_405,VPWR,li1,196.6500,51.6800,1.799999
FILLER_15_402,VPWR,li1,195.7300,51.6800,1.799999
FILLER_15_399,VPWR,li1,194.3500,51.6800,1.799999
FILLER_15_396,VPWR,li1,192.9700,51.6800,1.799999
FILLER_15_393,VPWR,li1,191.5900,51.6800,1.799999
FILLER_15_390,VPWR,li1,189.9800,51.6800,1.799999
FILLER_15_387,VPWR,li1,188.8300,51.6800,1.799999
FILLER_15_378,VPWR,li1,184.2300,51.6800,1.799999
FILLER_15_375,VPWR,li1,183.3100,51.6800,1.799999
FILLER_15_372,VPWR,li1,181.9300,51.6800,1.799999
FILLER_15_369,VPWR,li1,180.5500,51.6800,1.799999
FILLER_15_366,VPWR,li1,179.1700,51.6800,1.799999
FILLER_15_363,VPWR,li1,177.7900,51.6800,1.800000
FILLER_15_352,VPWR,li1,172.5000,51.6800,1.800000
FILLER_15_349,VPWR,li1,171.3500,51.6800,1.800000
FILLER_15_346,VPWR,li1,169.9700,51.6800,1.800000
FILLER_15_343,VPWR,li1,168.5900,51.6800,1.800000
FILLER_15_340,VPWR,li1,167.2100,51.6800,1.800000
FILLER_15_337,VPWR,li1,165.8300,51.6800,1.800000
FILLER_15_321,VPWR,li1,158.4700,51.6800,1.800000
FILLER_15_318,VPWR,li1,157.0900,51.6800,1.800000
FILLER_15_313,VPWR,li1,154.3300,51.6800,1.800000
FILLER_15_306,VPWR,li1,151.5700,51.6800,1.800000
FILLER_15_302,VPWR,li1,149.2700,51.6800,1.800000
FILLER_15_299,VPWR,li1,148.3500,51.6800,1.800000
FILLER_15_278,VPWR,li1,138.4600,51.6800,1.800000
FILLER_15_272,VPWR,li1,135.7000,51.6800,1.800000
FILLER_15_269,VPWR,li1,134.5500,51.6800,1.800000
FILLER_15_266,VPWR,li1,133.1700,51.6800,1.800000
FILLER_15_263,VPWR,li1,131.7900,51.6800,1.800000
FILLER_15_260,VPWR,li1,130.4100,51.6800,1.800000
FILLER_15_257,VPWR,li1,129.0300,51.6800,1.800000
FILLER_15_254,VPWR,li1,127.6500,51.6800,1.800000
FILLER_15_251,VPWR,li1,126.2700,51.6800,1.800000
FILLER_15_242,VPWR,li1,121.6700,51.6800,1.800000
FILLER_15_239,VPWR,li1,120.7500,51.6800,1.800000
FILLER_15_236,VPWR,li1,119.3700,51.6800,1.800000
FILLER_15_225,VPWR,li1,114.3100,51.6800,1.800000
FILLER_15_223,VPWR,li1,112.9300,51.6800,1.800000
FILLER_15_220,VPWR,li1,112.0100,51.6800,1.800000
FILLER_15_217,VPWR,li1,110.6300,51.6800,1.800000
FILLER_15_208,VPWR,li1,106.2600,51.6800,1.800000
FILLER_15_205,VPWR,li1,105.1100,51.6800,1.800000
FILLER_15_202,VPWR,li1,103.7300,51.6800,1.800000
FILLER_15_193,VPWR,li1,99.3600,51.6800,1.800000
FILLER_15_182,VPWR,li1,94.3000,51.6800,1.800000
FILLER_15_172,VPWR,li1,89.9300,51.6800,1.800000
FILLER_15_169,VPWR,li1,88.5500,51.6800,1.800000
FILLER_15_167,VPWR,li1,87.1700,51.6800,1.800000
FILLER_15_164,VPWR,li1,86.2500,51.6800,1.800000
FILLER_15_161,VPWR,li1,84.8700,51.6800,1.800000
FILLER_15_153,VPWR,li1,80.7300,51.6800,1.800000
FILLER_15_150,VPWR,li1,79.8100,51.6800,1.800000
FILLER_15_147,VPWR,li1,78.4300,51.6800,1.800000
FILLER_15_144,VPWR,li1,77.0500,51.6800,1.800000
FILLER_15_141,VPWR,li1,75.6700,51.6800,1.800000
FILLER_15_138,VPWR,li1,74.2900,51.6800,1.799999
FILLER_15_135,VPWR,li1,72.9100,51.6800,1.799999
FILLER_15_126,VPWR,li1,68.5400,51.6800,1.799999
FILLER_15_123,VPWR,li1,67.3900,51.6800,1.799999
FILLER_15_113,VPWR,li1,62.5600,51.6800,1.799999
FILLER_15_109,VPWR,li1,60.9500,51.6800,1.799999
FILLER_15_106,VPWR,li1,59.5700,51.6800,1.799998
FILLER_15_103,VPWR,li1,58.1900,51.6800,1.799998
FILLER_15_95,VPWR,li1,54.2800,51.6800,1.799998
FILLER_15_92,VPWR,li1,53.1300,51.6800,1.799998
FILLER_15_82,VPWR,li1,48.3000,51.6800,1.799998
FILLER_15_79,VPWR,li1,47.1500,51.6800,1.799998
FILLER_15_71,VPWR,li1,43.2400,51.6800,1.799996
FILLER_15_68,VPWR,li1,42.0900,51.6800,1.799996
FILLER_15_57,VPWR,li1,37.0300,51.6800,1.799994
FILLER_15_9,VPWR,li1,14.4900,51.6800,1.799996
FILLER_15_6,VPWR,li1,13.5700,51.6800,1.799996
FILLER_15_3,VPWR,li1,12.1900,51.6800,1.799996
FILLER_14_645,VPWR,li1,307.5100,51.6800,1.799998
FILLER_14_643,VPWR,li1,306.1300,51.6800,1.799998
FILLER_14_640,VPWR,li1,305.2100,51.6800,1.799998
FILLER_14_637,VPWR,li1,303.8300,51.6800,1.799998
FILLER_14_634,VPWR,li1,302.4500,51.6800,1.799998
FILLER_14_631,VPWR,li1,301.0700,51.6800,1.799998
FILLER_14_628,VPWR,li1,299.6900,51.6800,1.799998
FILLER_14_625,VPWR,li1,298.3100,51.6800,1.799998
FILLER_14_622,VPWR,li1,296.9300,51.6800,1.799998
FILLER_14_619,VPWR,li1,295.5500,51.6800,1.799998
FILLER_14_616,VPWR,li1,294.1700,51.6800,1.799998
FILLER_14_613,VPWR,li1,292.7900,51.6800,1.799998
FILLER_14_610,VPWR,li1,291.4100,51.6800,1.799998
FILLER_14_607,VPWR,li1,290.0300,51.6800,1.799998
FILLER_14_604,VPWR,li1,288.6500,51.6800,1.799998
FILLER_14_601,VPWR,li1,287.2700,51.6800,1.799998
FILLER_14_598,VPWR,li1,285.8900,51.6800,1.799998
FILLER_14_595,VPWR,li1,284.5100,51.6800,1.799998
FILLER_14_592,VPWR,li1,283.1300,51.6800,1.799998
FILLER_14_589,VPWR,li1,281.7500,51.6800,1.799998
FILLER_14_586,VPWR,li1,280.1400,51.6800,1.799997
FILLER_14_583,VPWR,li1,278.9900,51.6800,1.799997
FILLER_14_580,VPWR,li1,277.6100,51.6800,1.799997
FILLER_14_577,VPWR,li1,276.2300,51.6800,1.799996
FILLER_14_574,VPWR,li1,274.8500,51.6800,1.799996
FILLER_14_571,VPWR,li1,273.4700,51.6800,1.799996
FILLER_14_568,VPWR,li1,272.0900,51.6800,1.799996
FILLER_14_565,VPWR,li1,270.7100,51.6800,1.799996
FILLER_14_531,VPWR,li1,254.6100,51.6800,1.799996
FILLER_14_528,VPWR,li1,253.6900,51.6800,1.799996
FILLER_14_525,VPWR,li1,252.3100,51.6800,1.799996
FILLER_14_520,VPWR,li1,249.7800,51.6800,1.799995
FILLER_14_517,VPWR,li1,248.6300,51.6800,1.799995
FILLER_14_514,VPWR,li1,247.2500,51.6800,1.799995
FILLER_14_511,VPWR,li1,245.8700,51.6800,1.799995
FILLER_14_500,VPWR,li1,240.5800,51.6800,1.799995
FILLER_14_497,VPWR,li1,239.4300,51.6800,1.799995
FILLER_14_494,VPWR,li1,238.0500,51.6800,1.799996
FILLER_14_491,VPWR,li1,236.6700,51.6800,1.799996
FILLER_14_488,VPWR,li1,235.2900,51.6800,1.799996
FILLER_14_439,VPWR,li1,212.2900,51.6800,1.799997
FILLER_14_436,VPWR,li1,211.3700,51.6800,1.799997
FILLER_14_421,VPWR,li1,204.4700,51.6800,1.799998
FILLER_14_419,VPWR,li1,203.0900,51.6800,1.799998
FILLER_14_416,VPWR,li1,202.1700,51.6800,1.799998
FILLER_14_413,VPWR,li1,200.7900,51.6800,1.799998
FILLER_14_402,VPWR,li1,195.7300,51.6800,1.799999
FILLER_14_399,VPWR,li1,194.3500,51.6800,1.799999
FILLER_14_396,VPWR,li1,192.9700,51.6800,1.799999
FILLER_14_393,VPWR,li1,191.5900,51.6800,1.799999
FILLER_14_378,VPWR,li1,184.2300,51.6800,1.799999
FILLER_14_375,VPWR,li1,183.3100,51.6800,1.799999
FILLER_14_361,VPWR,li1,176.8700,51.6800,1.800000
FILLER_14_348,VPWR,li1,170.8900,51.6800,1.800000
FILLER_14_345,VPWR,li1,169.5100,51.6800,1.800000
FILLER_14_342,VPWR,li1,168.1300,51.6800,1.800000
FILLER_14_339,VPWR,li1,166.7500,51.6800,1.800000
FILLER_14_331,VPWR,li1,162.6100,51.6800,1.800000
FILLER_14_315,VPWR,li1,155.2500,51.6800,1.800000
FILLER_14_309,VPWR,li1,152.9500,51.6800,1.800000
FILLER_14_307,VPWR,li1,151.5700,51.6800,1.800000
FILLER_14_304,VPWR,li1,150.6500,51.6800,1.800000
FILLER_14_301,VPWR,li1,149.2700,51.6800,1.800000
FILLER_14_298,VPWR,li1,147.8900,51.6800,1.800000
FILLER_14_295,VPWR,li1,146.5100,51.6800,1.800000
FILLER_14_292,VPWR,li1,145.1300,51.6800,1.800000
FILLER_14_289,VPWR,li1,143.7500,51.6800,1.800000
FILLER_14_286,VPWR,li1,142.3700,51.6800,1.800000
FILLER_14_283,VPWR,li1,140.9900,51.6800,1.800000
FILLER_14_280,VPWR,li1,139.6100,51.6800,1.800000
FILLER_14_277,VPWR,li1,138.2300,51.6800,1.800000
FILLER_14_274,VPWR,li1,136.8500,51.6800,1.800000
FILLER_14_261,VPWR,li1,130.8700,51.6800,1.800000
FILLER_14_258,VPWR,li1,129.4900,51.6800,1.800000
FILLER_14_251,VPWR,li1,125.8100,51.6800,1.800000
FILLER_14_248,VPWR,li1,124.8900,51.6800,1.800000
FILLER_14_245,VPWR,li1,123.5100,51.6800,1.800000
FILLER_14_242,VPWR,li1,122.1300,51.6800,1.800000
FILLER_14_239,VPWR,li1,120.7500,51.6800,1.800000
FILLER_14_236,VPWR,li1,119.3700,51.6800,1.800000
FILLER_14_233,VPWR,li1,117.9900,51.6800,1.800000
FILLER_14_230,VPWR,li1,116.6100,51.6800,1.800000
FILLER_14_206,VPWR,li1,105.5700,51.6800,1.800000
FILLER_14_203,VPWR,li1,104.1900,51.6800,1.800000
FILLER_14_200,VPWR,li1,102.8100,51.6800,1.800000
FILLER_14_197,VPWR,li1,101.4300,51.6800,1.800000
FILLER_14_193,VPWR,li1,99.5900,51.6800,1.800000
FILLER_14_190,VPWR,li1,98.2100,51.6800,1.800000
FILLER_14_187,VPWR,li1,96.8300,51.6800,1.800000
FILLER_14_184,VPWR,li1,95.4500,51.6800,1.800000
FILLER_14_181,VPWR,li1,94.0700,51.6800,1.800000
FILLER_14_178,VPWR,li1,92.6900,51.6800,1.800000
FILLER_14_170,VPWR,li1,88.5500,51.6800,1.800000
FILLER_14_167,VPWR,li1,87.6300,51.6800,1.800000
FILLER_14_164,VPWR,li1,86.2500,51.6800,1.800000
FILLER_14_161,VPWR,li1,84.8700,51.6800,1.800000
FILLER_14_147,VPWR,li1,77.9700,51.6800,1.800000
FILLER_14_144,VPWR,li1,77.0500,51.6800,1.800000
FILLER_14_141,VPWR,li1,75.6700,51.6800,1.800000
FILLER_14_139,VPWR,li1,74.2900,51.6800,1.799999
FILLER_14_136,VPWR,li1,73.3700,51.6800,1.799999
FILLER_14_133,VPWR,li1,71.9900,51.6800,1.799999
FILLER_14_130,VPWR,li1,70.6100,51.6800,1.799999
FILLER_14_127,VPWR,li1,69.2300,51.6800,1.799999
FILLER_14_124,VPWR,li1,67.8500,51.6800,1.799999
FILLER_14_121,VPWR,li1,66.4700,51.6800,1.799999
FILLER_14_118,VPWR,li1,65.0900,51.6800,1.799999
FILLER_14_115,VPWR,li1,63.7100,51.6800,1.799999
FILLER_14_112,VPWR,li1,62.3300,51.6800,1.799999
FILLER_14_109,VPWR,li1,60.9500,51.6800,1.799999
FILLER_14_106,VPWR,li1,59.5700,51.6800,1.799998
FILLER_14_100,VPWR,li1,56.3500,51.6800,1.799998
FILLER_14_91,VPWR,li1,52.2100,51.6800,1.799998
FILLER_14_88,VPWR,li1,51.2900,51.6800,1.799998
FILLER_14_85,VPWR,li1,49.9100,51.6800,1.799998
FILLER_14_83,VPWR,li1,48.5300,51.6800,1.799998
FILLER_14_80,VPWR,li1,47.6100,51.6800,1.799998
FILLER_14_77,VPWR,li1,46.2300,51.6800,1.799997
FILLER_14_74,VPWR,li1,44.8500,51.6800,1.799997
FILLER_14_71,VPWR,li1,43.4700,51.6800,1.799996
FILLER_14_68,VPWR,li1,42.0900,51.6800,1.799996
FILLER_14_41,VPWR,li1,29.4400,51.6800,1.799993
FILLER_14_29,VPWR,li1,24.1500,51.6800,1.799993
FILLER_14_27,VPWR,li1,22.7700,51.6800,1.799993
FILLER_14_24,VPWR,li1,21.8500,51.6800,1.799993
FILLER_14_6,VPWR,li1,13.1100,51.6800,1.799996
FILLER_14_3,VPWR,li1,12.1900,51.6800,1.799996
FILLER_13_647,VPWR,li1,307.9700,46.2400,1.799997
FILLER_13_644,VPWR,li1,307.0500,46.2400,1.799997
FILLER_13_641,VPWR,li1,305.6700,46.2400,1.799997
FILLER_13_638,VPWR,li1,304.2900,46.2400,1.799997
FILLER_13_635,VPWR,li1,302.9100,46.2400,1.799997
FILLER_13_632,VPWR,li1,301.5300,46.2400,1.799997
FILLER_13_629,VPWR,li1,300.1500,46.2400,1.799997
FILLER_13_626,VPWR,li1,298.7700,46.2400,1.799997
FILLER_13_623,VPWR,li1,297.3900,46.2400,1.799997
FILLER_13_620,VPWR,li1,296.0100,46.2400,1.799997
FILLER_13_617,VPWR,li1,294.6300,46.2400,1.799997
FILLER_13_615,VPWR,li1,293.2500,46.2400,1.799997
FILLER_13_612,VPWR,li1,292.3300,46.2400,1.799997
FILLER_13_609,VPWR,li1,290.9500,46.2400,1.799997
FILLER_13_606,VPWR,li1,289.5700,46.2400,1.799997
FILLER_13_603,VPWR,li1,288.1900,46.2400,1.799997
FILLER_13_600,VPWR,li1,286.8100,46.2400,1.799997
FILLER_13_597,VPWR,li1,285.4300,46.2400,1.799997
FILLER_13_594,VPWR,li1,284.0500,46.2400,1.799997
FILLER_13_591,VPWR,li1,282.6700,46.2400,1.799997
FILLER_13_588,VPWR,li1,281.2900,46.2400,1.799996
FILLER_13_585,VPWR,li1,279.9100,46.2400,1.799996
FILLER_13_582,VPWR,li1,278.5300,46.2400,1.799996
FILLER_13_579,VPWR,li1,277.1500,46.2400,1.799995
FILLER_13_576,VPWR,li1,275.7700,46.2400,1.799995
FILLER_13_573,VPWR,li1,274.3900,46.2400,1.799994
FILLER_13_570,VPWR,li1,273.0100,46.2400,1.799994
FILLER_13_567,VPWR,li1,271.6300,46.2400,1.799993
FILLER_13_564,VPWR,li1,270.2500,46.2400,1.799993
FILLER_13_561,VPWR,li1,268.8700,46.2400,1.799992
FILLER_13_547,VPWR,li1,262.2000,46.2400,1.799991
FILLER_13_544,VPWR,li1,261.0500,46.2400,1.799990
FILLER_13_541,VPWR,li1,259.6700,46.2400,1.799990
FILLER_13_530,VPWR,li1,254.6100,46.2400,1.799985
FILLER_13_527,VPWR,li1,253.2300,46.2400,1.799985
FILLER_13_502,VPWR,li1,241.5000,46.2400,1.799981
FILLER_13_499,VPWR,li1,240.3500,46.2400,1.799981
FILLER_13_466,VPWR,li1,225.1700,46.2400,1.799993
FILLER_13_463,VPWR,li1,223.7900,46.2400,1.799994
FILLER_13_449,VPWR,li1,216.8900,46.2400,1.799995
FILLER_13_446,VPWR,li1,215.7400,46.2400,1.799995
FILLER_13_443,VPWR,li1,214.5900,46.2400,1.799995
FILLER_13_440,VPWR,li1,213.2100,46.2400,1.799995
FILLER_13_437,VPWR,li1,211.8300,46.2400,1.799996
FILLER_13_434,VPWR,li1,210.4500,46.2400,1.799996
FILLER_13_431,VPWR,li1,209.0700,46.2400,1.799996
FILLER_13_428,VPWR,li1,207.6900,46.2400,1.799997
FILLER_13_425,VPWR,li1,206.3100,46.2400,1.799997
FILLER_13_422,VPWR,li1,204.9300,46.2400,1.799997
FILLER_13_419,VPWR,li1,203.5500,46.2400,1.799997
FILLER_13_416,VPWR,li1,202.1700,46.2400,1.799997
FILLER_13_413,VPWR,li1,200.7900,46.2400,1.799998
FILLER_13_410,VPWR,li1,199.4100,46.2400,1.799998
FILLER_13_407,VPWR,li1,198.0300,46.2400,1.799998
FILLER_13_404,VPWR,li1,196.6500,46.2400,1.799998
FILLER_13_396,VPWR,li1,192.7400,46.2400,1.799999
FILLER_13_393,VPWR,li1,191.5900,46.2400,1.799999
FILLER_13_390,VPWR,li1,189.9800,46.2400,1.799999
FILLER_13_378,VPWR,li1,184.4600,46.2400,1.799999
FILLER_13_375,VPWR,li1,183.3100,46.2400,1.799999
FILLER_13_372,VPWR,li1,181.9300,46.2400,1.799999
FILLER_13_369,VPWR,li1,180.5500,46.2400,1.799999
FILLER_13_366,VPWR,li1,179.1700,46.2400,1.799999
FILLER_13_361,VPWR,li1,176.4100,46.2400,1.799999
FILLER_13_358,VPWR,li1,175.4900,46.2400,1.799999
FILLER_13_355,VPWR,li1,174.1100,46.2400,1.799999
FILLER_13_348,VPWR,li1,170.8900,46.2400,1.800000
FILLER_13_337,VPWR,li1,165.6000,46.2400,1.800000
FILLER_13_331,VPWR,li1,162.6100,46.2400,1.800000
FILLER_13_328,VPWR,li1,161.6900,46.2400,1.800000
FILLER_13_325,VPWR,li1,160.3100,46.2400,1.800000
FILLER_13_322,VPWR,li1,158.9300,46.2400,1.800000
FILLER_13_319,VPWR,li1,157.5500,46.2400,1.800000
FILLER_13_316,VPWR,li1,156.1700,46.2400,1.800000
FILLER_13_313,VPWR,li1,154.7900,46.2400,1.800000
FILLER_13_310,VPWR,li1,153.4100,46.2400,1.800000
FILLER_13_307,VPWR,li1,152.0300,46.2400,1.800000
FILLER_13_297,VPWR,li1,147.2000,46.2400,1.800000
FILLER_13_294,VPWR,li1,146.0500,46.2400,1.800000
FILLER_13_291,VPWR,li1,144.6700,46.2400,1.800000
FILLER_13_281,VPWR,li1,139.8400,46.2400,1.800000
FILLER_13_277,VPWR,li1,138.2300,46.2400,1.800000
FILLER_13_274,VPWR,li1,136.8500,46.2400,1.800000
FILLER_13_271,VPWR,li1,135.4700,46.2400,1.800000
FILLER_13_255,VPWR,li1,127.6500,46.2400,1.800000
FILLER_13_252,VPWR,li1,126.7300,46.2400,1.800000
FILLER_13_240,VPWR,li1,120.7500,46.2400,1.800000
FILLER_13_237,VPWR,li1,119.8300,46.2400,1.800000
FILLER_13_234,VPWR,li1,118.4500,46.2400,1.800000
FILLER_13_231,VPWR,li1,117.0700,46.2400,1.800000
FILLER_13_228,VPWR,li1,115.6900,46.2400,1.800000
FILLER_13_225,VPWR,li1,114.3100,46.2400,1.800000
FILLER_13_222,VPWR,li1,112.7000,46.2400,1.800000
FILLER_13_219,VPWR,li1,111.5500,46.2400,1.800000
FILLER_13_216,VPWR,li1,110.1700,46.2400,1.800000
FILLER_13_213,VPWR,li1,108.7900,46.2400,1.800000
FILLER_13_210,VPWR,li1,107.4100,46.2400,1.800000
FILLER_13_207,VPWR,li1,106.0300,46.2400,1.799999
FILLER_13_204,VPWR,li1,104.6500,46.2400,1.799999
FILLER_13_201,VPWR,li1,103.2700,46.2400,1.799999
FILLER_13_191,VPWR,li1,98.6700,46.2400,1.799999
FILLER_13_188,VPWR,li1,97.2900,46.2400,1.799999
FILLER_13_185,VPWR,li1,95.9100,46.2400,1.799999
FILLER_13_182,VPWR,li1,94.5300,46.2400,1.799999
FILLER_13_172,VPWR,li1,89.9300,46.2400,1.799998
FILLER_13_169,VPWR,li1,88.5500,46.2400,1.799998
FILLER_13_157,VPWR,li1,82.8000,46.2400,1.799998
FILLER_13_154,VPWR,li1,81.6500,46.2400,1.799998
FILLER_13_151,VPWR,li1,80.2700,46.2400,1.799998
FILLER_13_148,VPWR,li1,78.8900,46.2400,1.799998
FILLER_13_132,VPWR,li1,71.5300,46.2400,1.799995
FILLER_13_129,VPWR,li1,70.1500,46.2400,1.799995
FILLER_13_119,VPWR,li1,65.3200,46.2400,1.799993
FILLER_13_116,VPWR,li1,64.1700,46.2400,1.799993
FILLER_13_113,VPWR,li1,62.7900,46.2400,1.799993
FILLER_13_98,VPWR,li1,55.6600,46.2400,1.799992
FILLER_13_95,VPWR,li1,54.5100,46.2400,1.799991
FILLER_13_92,VPWR,li1,53.1300,46.2400,1.799991
FILLER_13_74,VPWR,li1,44.3900,46.2400,1.799991
FILLER_13_71,VPWR,li1,43.4700,46.2400,1.799988
FILLER_13_68,VPWR,li1,42.0900,46.2400,1.799988
FILLER_13_57,VPWR,li1,36.8000,46.2400,1.799983
FILLER_13_55,VPWR,li1,35.6500,46.2400,1.799981
FILLER_13_52,VPWR,li1,34.7300,46.2400,1.799981
FILLER_13_49,VPWR,li1,33.3500,46.2400,1.799979
FILLER_13_46,VPWR,li1,31.9700,46.2400,1.799979
FILLER_13_35,VPWR,li1,26.9100,46.2400,1.799979
FILLER_13_32,VPWR,li1,25.5300,46.2400,1.799979
FILLER_13_14,VPWR,li1,17.0200,46.2400,1.799988
FILLER_13_11,VPWR,li1,15.8700,46.2400,1.799991
FILLER_12_645,VPWR,li1,307.5100,46.2400,1.799997
FILLER_12_643,VPWR,li1,306.1300,46.2400,1.799997
FILLER_12_640,VPWR,li1,305.2100,46.2400,1.799997
FILLER_12_637,VPWR,li1,303.8300,46.2400,1.799997
FILLER_12_634,VPWR,li1,302.4500,46.2400,1.799997
FILLER_12_631,VPWR,li1,301.0700,46.2400,1.799997
FILLER_12_628,VPWR,li1,299.6900,46.2400,1.799997
FILLER_12_625,VPWR,li1,298.3100,46.2400,1.799997
FILLER_12_622,VPWR,li1,296.9300,46.2400,1.799997
FILLER_12_619,VPWR,li1,295.5500,46.2400,1.799997
FILLER_12_616,VPWR,li1,294.1700,46.2400,1.799997
FILLER_12_613,VPWR,li1,292.7900,46.2400,1.799997
FILLER_12_610,VPWR,li1,291.4100,46.2400,1.799997
FILLER_12_607,VPWR,li1,290.0300,46.2400,1.799997
FILLER_12_604,VPWR,li1,288.6500,46.2400,1.799997
FILLER_12_601,VPWR,li1,287.2700,46.2400,1.799997
FILLER_12_598,VPWR,li1,285.8900,46.2400,1.799997
FILLER_12_595,VPWR,li1,284.5100,46.2400,1.799997
FILLER_12_592,VPWR,li1,283.1300,46.2400,1.799997
FILLER_12_589,VPWR,li1,281.7500,46.2400,1.799996
FILLER_12_585,VPWR,li1,279.9100,46.2400,1.799996
FILLER_12_582,VPWR,li1,278.5300,46.2400,1.799996
FILLER_12_579,VPWR,li1,277.1500,46.2400,1.799995
FILLER_12_576,VPWR,li1,275.7700,46.2400,1.799995
FILLER_12_573,VPWR,li1,274.3900,46.2400,1.799994
FILLER_12_570,VPWR,li1,273.0100,46.2400,1.799994
FILLER_12_567,VPWR,li1,271.6300,46.2400,1.799993
FILLER_12_564,VPWR,li1,270.2500,46.2400,1.799993
FILLER_12_561,VPWR,li1,268.8700,46.2400,1.799992
FILLER_12_558,VPWR,li1,267.4900,46.2400,1.799992
FILLER_12_555,VPWR,li1,266.1100,46.2400,1.799991
FILLER_12_552,VPWR,li1,264.7300,46.2400,1.799991
FILLER_12_545,VPWR,li1,261.0500,46.2400,1.799990
FILLER_12_542,VPWR,li1,260.1300,46.2400,1.799990
FILLER_12_539,VPWR,li1,258.7500,46.2400,1.799989
FILLER_12_536,VPWR,li1,257.3700,46.2400,1.799989
FILLER_12_531,VPWR,li1,254.6100,46.2400,1.799985
FILLER_12_528,VPWR,li1,253.6900,46.2400,1.799985
FILLER_12_505,VPWR,li1,243.1100,46.2400,1.799980
FILLER_12_502,VPWR,li1,241.7300,46.2400,1.799981
FILLER_12_484,VPWR,li1,232.9900,46.2400,1.799986
FILLER_12_480,VPWR,li1,231.1500,46.2400,1.799987
FILLER_12_477,VPWR,li1,230.2300,46.2400,1.799989
FILLER_12_456,VPWR,li1,220.5700,46.2400,1.799994
FILLER_12_453,VPWR,li1,219.1900,46.2400,1.799994
FILLER_12_450,VPWR,li1,217.8100,46.2400,1.799995
FILLER_12_447,VPWR,li1,216.4300,46.2400,1.799995
FILLER_12_444,VPWR,li1,215.0500,46.2400,1.799995
FILLER_12_441,VPWR,li1,213.6700,46.2400,1.799995
FILLER_12_438,VPWR,li1,212.2900,46.2400,1.799996
FILLER_12_435,VPWR,li1,210.9100,46.2400,1.799996
FILLER_12_432,VPWR,li1,209.5300,46.2400,1.799996
FILLER_12_429,VPWR,li1,208.1500,46.2400,1.799997
FILLER_12_426,VPWR,li1,206.7700,46.2400,1.799997
FILLER_12_417,VPWR,li1,202.6300,46.2400,1.799997
FILLER_12_408,VPWR,li1,198.0300,46.2400,1.799998
FILLER_12_405,VPWR,li1,197.1100,46.2400,1.799998
FILLER_12_402,VPWR,li1,195.7300,46.2400,1.799999
FILLER_12_399,VPWR,li1,194.3500,46.2400,1.799999
FILLER_12_396,VPWR,li1,192.9700,46.2400,1.799999
FILLER_12_393,VPWR,li1,191.5900,46.2400,1.799999
FILLER_12_390,VPWR,li1,190.2100,46.2400,1.799999
FILLER_12_387,VPWR,li1,188.8300,46.2400,1.799999
FILLER_12_384,VPWR,li1,187.4500,46.2400,1.799999
FILLER_12_381,VPWR,li1,186.0700,46.2400,1.799999
FILLER_12_378,VPWR,li1,184.6900,46.2400,1.799999
FILLER_12_373,VPWR,li1,181.9300,46.2400,1.799999
FILLER_12_361,VPWR,li1,176.8700,46.2400,1.799999
FILLER_12_354,VPWR,li1,173.1900,46.2400,1.799999
FILLER_12_351,VPWR,li1,172.2700,46.2400,1.799999
FILLER_12_348,VPWR,li1,170.8900,46.2400,1.800000
FILLER_12_345,VPWR,li1,169.5100,46.2400,1.800000
FILLER_12_337,VPWR,li1,165.8300,46.2400,1.800000
FILLER_12_328,VPWR,li1,161.4600,46.2400,1.800000
FILLER_12_325,VPWR,li1,160.3100,46.2400,1.800000
FILLER_12_309,VPWR,li1,152.9500,46.2400,1.800000
FILLER_12_306,VPWR,li1,151.3400,46.2400,1.800000
FILLER_12_303,VPWR,li1,150.1900,46.2400,1.800000
FILLER_12_300,VPWR,li1,148.8100,46.2400,1.800000
FILLER_12_297,VPWR,li1,147.4300,46.2400,1.800000
FILLER_12_290,VPWR,li1,143.9800,46.2400,1.800000
FILLER_12_287,VPWR,li1,142.8300,46.2400,1.800000
FILLER_12_284,VPWR,li1,141.4500,46.2400,1.800000
FILLER_12_281,VPWR,li1,140.0700,46.2400,1.800000
FILLER_12_278,VPWR,li1,138.6900,46.2400,1.800000
FILLER_12_275,VPWR,li1,137.3100,46.2400,1.800000
FILLER_12_272,VPWR,li1,135.9300,46.2400,1.800000
FILLER_12_269,VPWR,li1,134.5500,46.2400,1.800000
FILLER_12_265,VPWR,li1,132.2500,46.2400,1.800000
FILLER_12_262,VPWR,li1,131.3300,46.2400,1.800000
FILLER_12_259,VPWR,li1,129.9500,46.2400,1.800000
FILLER_12_256,VPWR,li1,128.5700,46.2400,1.800000
FILLER_12_253,VPWR,li1,127.1900,46.2400,1.800000
FILLER_12_251,VPWR,li1,125.8100,46.2400,1.800000
FILLER_12_248,VPWR,li1,124.8900,46.2400,1.800000
FILLER_12_245,VPWR,li1,123.5100,46.2400,1.800000
FILLER_12_242,VPWR,li1,122.1300,46.2400,1.800000
FILLER_12_236,VPWR,li1,118.9100,46.2400,1.800000
FILLER_12_233,VPWR,li1,117.9900,46.2400,1.800000
FILLER_12_230,VPWR,li1,116.6100,46.2400,1.800000
FILLER_12_227,VPWR,li1,115.2300,46.2400,1.800000
FILLER_12_224,VPWR,li1,113.8500,46.2400,1.800000
FILLER_12_221,VPWR,li1,112.4700,46.2400,1.800000
FILLER_12_218,VPWR,li1,111.0900,46.2400,1.800000
FILLER_12_215,VPWR,li1,109.7100,46.2400,1.800000
FILLER_12_212,VPWR,li1,108.3300,46.2400,1.800000
FILLER_12_209,VPWR,li1,106.9500,46.2400,1.800000
FILLER_12_206,VPWR,li1,105.5700,46.2400,1.799999
FILLER_12_203,VPWR,li1,104.1900,46.2400,1.799999
FILLER_12_200,VPWR,li1,102.8100,46.2400,1.799999
FILLER_12_197,VPWR,li1,101.4300,46.2400,1.799999
FILLER_12_194,VPWR,li1,99.8200,46.2400,1.799999
FILLER_12_191,VPWR,li1,98.6700,46.2400,1.799999
FILLER_12_188,VPWR,li1,97.2900,46.2400,1.799999
FILLER_12_185,VPWR,li1,95.9100,46.2400,1.799999
FILLER_12_177,VPWR,li1,92.2300,46.2400,1.799998
FILLER_12_174,VPWR,li1,90.8500,46.2400,1.799998
FILLER_12_171,VPWR,li1,89.4700,46.2400,1.799998
FILLER_12_168,VPWR,li1,88.0900,46.2400,1.799998
FILLER_12_165,VPWR,li1,86.7100,46.2400,1.799998
FILLER_12_162,VPWR,li1,85.3300,46.2400,1.799998
FILLER_12_159,VPWR,li1,83.9500,46.2400,1.799998
FILLER_12_156,VPWR,li1,82.5700,46.2400,1.799998
FILLER_12_153,VPWR,li1,81.1900,46.2400,1.799998
FILLER_12_150,VPWR,li1,79.8100,46.2400,1.799998
FILLER_12_147,VPWR,li1,78.4300,46.2400,1.799997
FILLER_12_144,VPWR,li1,77.0500,46.2400,1.799997
FILLER_12_141,VPWR,li1,75.6700,46.2400,1.799997
FILLER_12_132,VPWR,li1,71.3000,46.2400,1.799995
FILLER_12_129,VPWR,li1,70.1500,46.2400,1.799995
FILLER_12_109,VPWR,li1,60.9500,46.2400,1.799993
FILLER_12_99,VPWR,li1,56.1200,46.2400,1.799992
FILLER_12_96,VPWR,li1,54.9700,46.2400,1.799992
FILLER_12_81,VPWR,li1,48.0700,46.2400,1.799990
FILLER_12_61,VPWR,li1,38.8700,46.2400,1.799985
FILLER_12_58,VPWR,li1,37.4900,46.2400,1.799983
FILLER_12_55,VPWR,li1,36.1100,46.2400,1.799981
FILLER_12_52,VPWR,li1,34.7300,46.2400,1.799981
FILLER_12_49,VPWR,li1,33.3500,46.2400,1.799979
FILLER_12_26,VPWR,li1,22.5400,46.2400,1.799982
FILLER_12_9,VPWR,li1,14.4900,46.2400,1.799991
FILLER_12_3,VPWR,li1,11.9600,46.2400,1.799991
FILLER_11_647,VPWR,li1,307.9700,40.8000,1.799999
FILLER_11_644,VPWR,li1,307.0500,40.8000,1.799999
FILLER_11_641,VPWR,li1,305.6700,40.8000,1.799999
FILLER_11_638,VPWR,li1,304.2900,40.8000,1.799999
FILLER_11_635,VPWR,li1,302.9100,40.8000,1.799999
FILLER_11_632,VPWR,li1,301.5300,40.8000,1.799999
FILLER_11_629,VPWR,li1,300.1500,40.8000,1.799999
FILLER_11_626,VPWR,li1,298.7700,40.8000,1.799999
FILLER_11_623,VPWR,li1,297.3900,40.8000,1.799999
FILLER_11_620,VPWR,li1,296.0100,40.8000,1.799999
FILLER_11_617,VPWR,li1,294.6300,40.8000,1.799999
FILLER_11_615,VPWR,li1,293.2500,40.8000,1.799999
FILLER_11_612,VPWR,li1,292.3300,40.8000,1.799999
FILLER_11_609,VPWR,li1,290.9500,40.8000,1.799999
FILLER_11_606,VPWR,li1,289.5700,40.8000,1.799999
FILLER_11_603,VPWR,li1,288.1900,40.8000,1.799999
FILLER_11_600,VPWR,li1,286.8100,40.8000,1.799999
FILLER_11_597,VPWR,li1,285.4300,40.8000,1.799999
FILLER_11_594,VPWR,li1,284.0500,40.8000,1.799998
FILLER_11_591,VPWR,li1,282.6700,40.8000,1.799998
FILLER_11_588,VPWR,li1,281.2900,40.8000,1.799998
FILLER_11_585,VPWR,li1,279.9100,40.8000,1.799997
FILLER_11_582,VPWR,li1,278.5300,40.8000,1.799997
FILLER_11_579,VPWR,li1,277.1500,40.8000,1.799997
FILLER_11_576,VPWR,li1,275.7700,40.8000,1.799997
FILLER_11_573,VPWR,li1,274.3900,40.8000,1.799996
FILLER_11_570,VPWR,li1,273.0100,40.8000,1.799996
FILLER_11_567,VPWR,li1,271.6300,40.8000,1.799996
FILLER_11_564,VPWR,li1,270.2500,40.8000,1.799996
FILLER_11_561,VPWR,li1,268.8700,40.8000,1.799995
FILLER_11_559,VPWR,li1,267.4900,40.8000,1.799995
FILLER_11_555,VPWR,li1,265.6500,40.8000,1.799995
FILLER_11_546,VPWR,li1,261.5100,40.8000,1.799995
FILLER_11_543,VPWR,li1,260.5900,40.8000,1.799995
FILLER_11_519,VPWR,li1,249.5500,40.8000,1.799994
FILLER_11_505,VPWR,li1,243.1100,40.8000,1.799995
FILLER_11_493,VPWR,li1,237.5900,40.8000,1.799996
FILLER_11_490,VPWR,li1,236.2100,40.8000,1.799996
FILLER_11_487,VPWR,li1,234.8300,40.8000,1.799996
FILLER_11_476,VPWR,li1,229.7700,40.8000,1.799997
FILLER_11_473,VPWR,li1,228.3900,40.8000,1.799998
FILLER_11_470,VPWR,li1,227.0100,40.8000,1.799998
FILLER_11_467,VPWR,li1,225.6300,40.8000,1.799998
FILLER_11_464,VPWR,li1,224.2500,40.8000,1.799999
FILLER_11_461,VPWR,li1,222.8700,40.8000,1.799999
FILLER_11_458,VPWR,li1,221.4900,40.8000,1.799999
FILLER_11_455,VPWR,li1,220.1100,40.8000,1.799999
FILLER_11_452,VPWR,li1,218.7300,40.8000,1.799999
FILLER_11_449,VPWR,li1,217.3500,40.8000,1.799999
FILLER_11_445,VPWR,li1,215.5100,40.8000,1.799999
FILLER_11_442,VPWR,li1,214.1300,40.8000,1.799999
FILLER_11_432,VPWR,li1,209.0700,40.8000,1.799999
FILLER_11_429,VPWR,li1,208.1500,40.8000,1.799999
FILLER_11_426,VPWR,li1,206.7700,40.8000,1.799999
FILLER_11_423,VPWR,li1,205.3900,40.8000,1.799999
FILLER_11_420,VPWR,li1,204.0100,40.8000,1.799999
FILLER_11_417,VPWR,li1,202.6300,40.8000,1.799999
FILLER_11_414,VPWR,li1,201.2500,40.8000,1.799999
FILLER_11_411,VPWR,li1,199.8700,40.8000,1.799999
FILLER_11_408,VPWR,li1,198.4900,40.8000,1.800000
FILLER_11_399,VPWR,li1,193.8900,40.8000,1.800000
FILLER_11_396,VPWR,li1,192.9700,40.8000,1.800000
FILLER_11_393,VPWR,li1,191.5900,40.8000,1.800000
FILLER_11_390,VPWR,li1,189.9800,40.8000,1.800000
FILLER_11_378,VPWR,li1,184.4600,40.8000,1.800000
FILLER_11_375,VPWR,li1,183.3100,40.8000,1.800000
FILLER_11_369,VPWR,li1,180.5500,40.8000,1.800000
FILLER_11_366,VPWR,li1,179.1700,40.8000,1.800000
FILLER_11_363,VPWR,li1,177.7900,40.8000,1.800000
FILLER_11_360,VPWR,li1,176.4100,40.8000,1.800000
FILLER_11_349,VPWR,li1,171.1200,40.8000,1.800000
FILLER_11_346,VPWR,li1,169.9700,40.8000,1.800000
FILLER_11_343,VPWR,li1,168.5900,40.8000,1.800000
FILLER_11_340,VPWR,li1,167.2100,40.8000,1.800000
FILLER_11_337,VPWR,li1,165.8300,40.8000,1.800000
FILLER_11_335,VPWR,li1,164.4500,40.8000,1.800000
FILLER_11_332,VPWR,li1,163.5300,40.8000,1.800000
FILLER_11_329,VPWR,li1,162.1500,40.8000,1.800000
FILLER_11_326,VPWR,li1,160.7700,40.8000,1.800000
FILLER_11_323,VPWR,li1,159.3900,40.8000,1.800000
FILLER_11_320,VPWR,li1,158.0100,40.8000,1.800000
FILLER_11_317,VPWR,li1,156.6300,40.8000,1.800000
FILLER_11_314,VPWR,li1,155.2500,40.8000,1.800000
FILLER_11_311,VPWR,li1,153.8700,40.8000,1.800000
FILLER_11_308,VPWR,li1,152.4900,40.8000,1.800000
FILLER_11_305,VPWR,li1,151.1100,40.8000,1.800000
FILLER_11_302,VPWR,li1,149.7300,40.8000,1.800000
FILLER_11_299,VPWR,li1,148.3500,40.8000,1.800000
FILLER_11_296,VPWR,li1,146.9700,40.8000,1.800000
FILLER_11_293,VPWR,li1,145.5900,40.8000,1.800000
FILLER_11_290,VPWR,li1,144.2100,40.8000,1.800000
FILLER_11_287,VPWR,li1,142.8300,40.8000,1.800000
FILLER_11_284,VPWR,li1,141.4500,40.8000,1.800000
FILLER_11_281,VPWR,li1,140.0700,40.8000,1.800000
FILLER_11_278,VPWR,li1,138.4600,40.8000,1.800000
FILLER_11_275,VPWR,li1,137.3100,40.8000,1.800000
FILLER_11_272,VPWR,li1,135.9300,40.8000,1.800000
FILLER_11_269,VPWR,li1,134.5500,40.8000,1.800000
FILLER_11_263,VPWR,li1,131.3300,40.8000,1.800000
FILLER_11_260,VPWR,li1,130.4100,40.8000,1.800000
FILLER_11_257,VPWR,li1,129.0300,40.8000,1.800000
FILLER_11_254,VPWR,li1,127.6500,40.8000,1.800000
FILLER_11_251,VPWR,li1,126.2700,40.8000,1.800000
FILLER_11_248,VPWR,li1,124.8900,40.8000,1.800000
FILLER_11_245,VPWR,li1,123.5100,40.8000,1.800000
FILLER_11_242,VPWR,li1,122.1300,40.8000,1.800000
FILLER_11_239,VPWR,li1,120.7500,40.8000,1.800000
FILLER_11_236,VPWR,li1,119.3700,40.8000,1.800000
FILLER_11_233,VPWR,li1,117.9900,40.8000,1.800000
FILLER_11_230,VPWR,li1,116.6100,40.8000,1.800000
FILLER_11_215,VPWR,li1,109.4800,40.8000,1.800000
FILLER_11_212,VPWR,li1,108.3300,40.8000,1.800000
FILLER_11_209,VPWR,li1,106.9500,40.8000,1.800000
FILLER_11_193,VPWR,li1,99.3600,40.8000,1.799999
FILLER_11_190,VPWR,li1,98.2100,40.8000,1.799999
FILLER_11_187,VPWR,li1,96.8300,40.8000,1.799999
FILLER_11_184,VPWR,li1,95.4500,40.8000,1.799999
FILLER_11_181,VPWR,li1,94.0700,40.8000,1.799999
FILLER_11_178,VPWR,li1,92.6900,40.8000,1.799999
FILLER_11_175,VPWR,li1,91.3100,40.8000,1.799999
FILLER_11_172,VPWR,li1,89.9300,40.8000,1.799999
FILLER_11_169,VPWR,li1,88.5500,40.8000,1.799999
FILLER_11_156,VPWR,li1,82.5700,40.8000,1.799998
FILLER_11_153,VPWR,li1,81.1900,40.8000,1.799998
FILLER_11_150,VPWR,li1,79.8100,40.8000,1.799998
FILLER_11_147,VPWR,li1,78.4300,40.8000,1.799998
FILLER_11_144,VPWR,li1,77.0500,40.8000,1.799998
FILLER_11_141,VPWR,li1,75.6700,40.8000,1.799998
FILLER_11_138,VPWR,li1,74.2900,40.8000,1.799997
FILLER_11_135,VPWR,li1,72.9100,40.8000,1.799997
FILLER_11_132,VPWR,li1,71.5300,40.8000,1.799996
FILLER_11_129,VPWR,li1,70.1500,40.8000,1.799996
FILLER_11_126,VPWR,li1,68.7700,40.8000,1.799996
FILLER_11_116,VPWR,li1,63.7100,40.8000,1.799994
FILLER_11_113,VPWR,li1,62.7900,40.8000,1.799994
FILLER_11_110,VPWR,li1,61.1800,40.8000,1.799994
FILLER_11_107,VPWR,li1,60.0300,40.8000,1.799994
FILLER_11_88,VPWR,li1,51.0600,40.8000,1.799994
FILLER_11_69,VPWR,li1,42.5500,40.8000,1.799994
FILLER_11_66,VPWR,li1,41.1700,40.8000,1.799994
FILLER_11_63,VPWR,li1,39.7900,40.8000,1.799994
FILLER_11_60,VPWR,li1,38.4100,40.8000,1.799994
FILLER_11_57,VPWR,li1,37.0300,40.8000,1.799993
FILLER_11_54,VPWR,li1,35.4200,40.8000,1.799993
FILLER_11_27,VPWR,li1,23.0000,40.8000,1.799992
FILLER_11_24,VPWR,li1,21.8500,40.8000,1.799993
FILLER_11_6,VPWR,li1,13.1100,40.8000,1.799994
FILLER_11_3,VPWR,li1,12.1900,40.8000,1.799994
FILLER_10_645,VPWR,li1,307.5100,40.8000,1.799999
FILLER_10_637,VPWR,li1,303.8300,40.8000,1.799999
FILLER_10_634,VPWR,li1,302.4500,40.8000,1.799999
FILLER_10_631,VPWR,li1,301.0700,40.8000,1.799999
FILLER_10_628,VPWR,li1,299.6900,40.8000,1.799999
FILLER_10_625,VPWR,li1,298.3100,40.8000,1.799999
FILLER_10_622,VPWR,li1,296.9300,40.8000,1.799999
FILLER_10_619,VPWR,li1,295.5500,40.8000,1.799999
FILLER_10_616,VPWR,li1,294.1700,40.8000,1.799999
FILLER_10_613,VPWR,li1,292.7900,40.8000,1.799999
FILLER_10_610,VPWR,li1,291.4100,40.8000,1.799999
FILLER_10_607,VPWR,li1,290.0300,40.8000,1.799999
FILLER_10_604,VPWR,li1,288.6500,40.8000,1.799999
FILLER_10_601,VPWR,li1,287.2700,40.8000,1.799999
FILLER_10_598,VPWR,li1,285.8900,40.8000,1.799999
FILLER_10_595,VPWR,li1,284.5100,40.8000,1.799999
FILLER_10_592,VPWR,li1,283.1300,40.8000,1.799998
FILLER_10_589,VPWR,li1,281.7500,40.8000,1.799998
FILLER_10_586,VPWR,li1,280.1400,40.8000,1.799997
FILLER_10_583,VPWR,li1,278.9900,40.8000,1.799997
FILLER_10_580,VPWR,li1,277.6100,40.8000,1.799997
FILLER_10_577,VPWR,li1,276.2300,40.8000,1.799997
FILLER_10_574,VPWR,li1,274.8500,40.8000,1.799997
FILLER_10_571,VPWR,li1,273.4700,40.8000,1.799996
FILLER_10_543,VPWR,li1,260.5900,40.8000,1.799995
FILLER_10_540,VPWR,li1,259.2100,40.8000,1.799995
FILLER_10_537,VPWR,li1,257.8300,40.8000,1.799995
FILLER_10_533,VPWR,li1,255.5300,40.8000,1.799996
FILLER_10_521,VPWR,li1,250.2400,40.8000,1.799994
FILLER_10_503,VPWR,li1,241.9600,40.8000,1.799995
FILLER_10_500,VPWR,li1,240.8100,40.8000,1.799995
FILLER_10_489,VPWR,li1,235.7500,40.8000,1.799996
FILLER_10_486,VPWR,li1,234.3700,40.8000,1.799996
FILLER_10_483,VPWR,li1,232.9900,40.8000,1.799997
FILLER_10_480,VPWR,li1,231.6100,40.8000,1.799997
FILLER_10_477,VPWR,li1,230.2300,40.8000,1.799997
FILLER_10_474,VPWR,li1,228.6200,40.8000,1.799998
FILLER_10_454,VPWR,li1,219.4200,40.8000,1.799999
FILLER_10_451,VPWR,li1,218.2700,40.8000,1.799999
FILLER_10_448,VPWR,li1,216.8900,40.8000,1.799999
FILLER_10_445,VPWR,li1,215.5100,40.8000,1.799999
FILLER_10_433,VPWR,li1,209.9900,40.8000,1.799999
FILLER_10_430,VPWR,li1,208.6100,40.8000,1.799999
FILLER_10_427,VPWR,li1,207.2300,40.8000,1.799999
FILLER_10_419,VPWR,li1,203.0900,40.8000,1.799999
FILLER_10_416,VPWR,li1,202.1700,40.8000,1.799999
FILLER_10_413,VPWR,li1,200.7900,40.8000,1.799999
FILLER_10_410,VPWR,li1,199.4100,40.8000,1.800000
FILLER_10_407,VPWR,li1,198.0300,40.8000,1.800000
FILLER_10_404,VPWR,li1,196.6500,40.8000,1.800000
FILLER_10_401,VPWR,li1,195.2700,40.8000,1.800000
FILLER_10_398,VPWR,li1,193.8900,40.8000,1.800000
FILLER_10_395,VPWR,li1,192.5100,40.8000,1.800000
FILLER_10_383,VPWR,li1,186.7600,40.8000,1.800000
FILLER_10_380,VPWR,li1,185.6100,40.8000,1.800000
FILLER_10_377,VPWR,li1,184.2300,40.8000,1.800000
FILLER_10_374,VPWR,li1,182.8500,40.8000,1.800000
FILLER_10_371,VPWR,li1,181.4700,40.8000,1.800000
FILLER_10_368,VPWR,li1,180.0900,40.8000,1.800000
FILLER_10_365,VPWR,li1,178.7100,40.8000,1.800000
FILLER_10_361,VPWR,li1,176.8700,40.8000,1.800000
FILLER_10_358,VPWR,li1,175.4900,40.8000,1.800000
FILLER_10_346,VPWR,li1,169.9700,40.8000,1.800000
FILLER_10_343,VPWR,li1,168.5900,40.8000,1.800000
FILLER_10_340,VPWR,li1,167.2100,40.8000,1.800000
FILLER_10_337,VPWR,li1,165.8300,40.8000,1.800000
FILLER_10_334,VPWR,li1,164.4500,40.8000,1.800000
FILLER_10_331,VPWR,li1,163.0700,40.8000,1.800000
FILLER_10_321,VPWR,li1,158.0100,40.8000,1.800000
FILLER_10_318,VPWR,li1,157.0900,40.8000,1.800000
FILLER_10_315,VPWR,li1,155.7100,40.8000,1.800000
FILLER_10_312,VPWR,li1,154.3300,40.8000,1.800000
FILLER_10_309,VPWR,li1,152.9500,40.8000,1.800000
FILLER_10_305,VPWR,li1,151.1100,40.8000,1.800000
FILLER_10_302,VPWR,li1,149.7300,40.8000,1.800000
FILLER_10_299,VPWR,li1,148.3500,40.8000,1.800000
FILLER_10_296,VPWR,li1,146.9700,40.8000,1.800000
FILLER_10_283,VPWR,li1,140.7600,40.8000,1.800000
FILLER_10_280,VPWR,li1,139.6100,40.8000,1.800000
FILLER_10_277,VPWR,li1,138.2300,40.8000,1.800000
FILLER_10_274,VPWR,li1,136.8500,40.8000,1.800000
FILLER_10_271,VPWR,li1,135.4700,40.8000,1.800000
FILLER_10_268,VPWR,li1,134.0900,40.8000,1.800000
FILLER_10_265,VPWR,li1,132.7100,40.8000,1.800000
FILLER_10_262,VPWR,li1,131.3300,40.8000,1.800000
FILLER_10_259,VPWR,li1,129.9500,40.8000,1.800000
FILLER_10_256,VPWR,li1,128.5700,40.8000,1.800000
FILLER_10_253,VPWR,li1,127.1900,40.8000,1.800000
FILLER_10_250,VPWR,li1,125.5800,40.8000,1.800000
FILLER_10_247,VPWR,li1,124.4300,40.8000,1.800000
FILLER_10_244,VPWR,li1,123.0500,40.8000,1.800000
FILLER_10_241,VPWR,li1,121.6700,40.8000,1.800000
FILLER_10_236,VPWR,li1,119.1400,40.8000,1.800000
FILLER_10_233,VPWR,li1,117.9900,40.8000,1.800000
FILLER_10_230,VPWR,li1,116.6100,40.8000,1.800000
FILLER_10_227,VPWR,li1,115.2300,40.8000,1.800000
FILLER_10_224,VPWR,li1,113.8500,40.8000,1.800000
FILLER_10_221,VPWR,li1,112.4700,40.8000,1.800000
FILLER_10_218,VPWR,li1,111.0900,40.8000,1.800000
FILLER_10_215,VPWR,li1,109.7100,40.8000,1.800000
FILLER_10_212,VPWR,li1,108.3300,40.8000,1.800000
FILLER_10_209,VPWR,li1,106.9500,40.8000,1.800000
FILLER_10_206,VPWR,li1,105.5700,40.8000,1.800000
FILLER_10_203,VPWR,li1,104.1900,40.8000,1.800000
FILLER_10_200,VPWR,li1,102.8100,40.8000,1.799999
FILLER_10_197,VPWR,li1,101.4300,40.8000,1.799999
FILLER_10_193,VPWR,li1,99.5900,40.8000,1.799999
FILLER_10_190,VPWR,li1,98.2100,40.8000,1.799999
FILLER_10_187,VPWR,li1,96.8300,40.8000,1.799999
FILLER_10_177,VPWR,li1,92.2300,40.8000,1.799999
FILLER_10_174,VPWR,li1,90.8500,40.8000,1.799999
FILLER_10_171,VPWR,li1,89.4700,40.8000,1.799999
FILLER_10_163,VPWR,li1,85.7900,40.8000,1.799998
FILLER_10_160,VPWR,li1,84.4100,40.8000,1.799998
FILLER_10_157,VPWR,li1,83.0300,40.8000,1.799998
FILLER_10_148,VPWR,li1,78.4300,40.8000,1.799998
FILLER_10_131,VPWR,li1,70.8400,40.8000,1.799996
FILLER_10_128,VPWR,li1,69.6900,40.8000,1.799996
FILLER_10_125,VPWR,li1,68.3100,40.8000,1.799996
FILLER_10_106,VPWR,li1,59.3400,40.8000,1.799994
FILLER_10_96,VPWR,li1,54.7400,40.8000,1.799994
FILLER_10_93,VPWR,li1,53.5900,40.8000,1.799994
FILLER_10_49,VPWR,li1,33.1200,40.8000,1.799992
FILLER_10_29,VPWR,li1,24.1500,40.8000,1.799992
FILLER_9_647,VPWR,li1,307.9700,35.3600,1.799999
FILLER_9_644,VPWR,li1,307.0500,35.3600,1.799999
FILLER_9_641,VPWR,li1,305.6700,35.3600,1.799999
FILLER_9_638,VPWR,li1,304.2900,35.3600,1.799999
FILLER_9_635,VPWR,li1,302.9100,35.3600,1.799999
FILLER_9_632,VPWR,li1,301.5300,35.3600,1.799999
FILLER_9_629,VPWR,li1,300.1500,35.3600,1.799999
FILLER_9_626,VPWR,li1,298.7700,35.3600,1.799999
FILLER_9_623,VPWR,li1,297.3900,35.3600,1.799999
FILLER_9_620,VPWR,li1,296.0100,35.3600,1.799999
FILLER_9_617,VPWR,li1,294.6300,35.3600,1.799999
FILLER_9_615,VPWR,li1,293.2500,35.3600,1.799999
FILLER_9_612,VPWR,li1,292.3300,35.3600,1.799999
FILLER_9_609,VPWR,li1,290.9500,35.3600,1.799999
FILLER_9_606,VPWR,li1,289.5700,35.3600,1.799999
FILLER_9_603,VPWR,li1,288.1900,35.3600,1.799999
FILLER_9_600,VPWR,li1,286.8100,35.3600,1.799999
FILLER_9_597,VPWR,li1,285.4300,35.3600,1.799999
FILLER_9_594,VPWR,li1,284.0500,35.3600,1.799999
FILLER_9_591,VPWR,li1,282.6700,35.3600,1.799998
FILLER_9_588,VPWR,li1,281.2900,35.3600,1.799998
FILLER_9_585,VPWR,li1,279.9100,35.3600,1.799998
FILLER_9_582,VPWR,li1,278.5300,35.3600,1.799998
FILLER_9_579,VPWR,li1,277.1500,35.3600,1.799997
FILLER_9_576,VPWR,li1,275.7700,35.3600,1.799997
FILLER_9_573,VPWR,li1,274.3900,35.3600,1.799997
FILLER_9_570,VPWR,li1,273.0100,35.3600,1.799996
FILLER_9_567,VPWR,li1,271.6300,35.3600,1.799996
FILLER_9_564,VPWR,li1,270.2500,35.3600,1.799996
FILLER_9_561,VPWR,li1,268.8700,35.3600,1.799996
FILLER_9_559,VPWR,li1,267.4900,35.3600,1.799996
FILLER_9_556,VPWR,li1,266.5700,35.3600,1.799996
FILLER_9_552,VPWR,li1,264.2700,35.3600,1.799995
FILLER_9_549,VPWR,li1,263.3500,35.3600,1.799995
FILLER_9_546,VPWR,li1,261.9700,35.3600,1.799995
FILLER_9_508,VPWR,li1,244.2600,35.3600,1.799995
FILLER_9_505,VPWR,li1,243.1100,35.3600,1.799995
FILLER_9_503,VPWR,li1,241.7300,35.3600,1.799995
FILLER_9_500,VPWR,li1,240.8100,35.3600,1.799995
FILLER_9_497,VPWR,li1,239.4300,35.3600,1.799995
FILLER_9_494,VPWR,li1,238.0500,35.3600,1.799995
FILLER_9_477,VPWR,li1,229.7700,35.3600,1.799996
FILLER_9_474,VPWR,li1,228.8500,35.3600,1.799996
FILLER_9_471,VPWR,li1,227.4700,35.3600,1.799996
FILLER_9_468,VPWR,li1,226.0900,35.3600,1.799996
FILLER_9_465,VPWR,li1,224.7100,35.3600,1.799996
FILLER_9_446,VPWR,li1,215.7400,35.3600,1.799996
FILLER_9_443,VPWR,li1,214.5900,35.3600,1.799996
FILLER_9_430,VPWR,li1,208.1500,35.3600,1.799996
FILLER_9_427,VPWR,li1,207.2300,35.3600,1.799996
FILLER_9_420,VPWR,li1,203.5500,35.3600,1.799997
FILLER_9_417,VPWR,li1,202.6300,35.3600,1.799997
FILLER_9_414,VPWR,li1,201.2500,35.3600,1.799997
FILLER_9_402,VPWR,li1,195.7300,35.3600,1.799998
FILLER_9_399,VPWR,li1,194.3500,35.3600,1.799998
FILLER_9_396,VPWR,li1,192.9700,35.3600,1.799998
FILLER_9_393,VPWR,li1,191.5900,35.3600,1.799998
FILLER_9_389,VPWR,li1,189.7500,35.3600,1.799998
FILLER_9_386,VPWR,li1,188.3700,35.3600,1.799998
FILLER_9_383,VPWR,li1,186.9900,35.3600,1.799998
FILLER_9_380,VPWR,li1,185.6100,35.3600,1.799998
FILLER_9_377,VPWR,li1,184.2300,35.3600,1.799998
FILLER_9_367,VPWR,li1,179.1700,35.3600,1.799999
FILLER_9_364,VPWR,li1,178.2500,35.3600,1.799999
FILLER_9_361,VPWR,li1,176.8700,35.3600,1.799999
FILLER_9_358,VPWR,li1,175.4900,35.3600,1.799999
FILLER_9_355,VPWR,li1,174.1100,35.3600,1.799999
FILLER_9_340,VPWR,li1,166.9800,35.3600,1.799999
FILLER_9_337,VPWR,li1,165.8300,35.3600,1.800000
FILLER_9_334,VPWR,li1,164.2200,35.3600,1.800000
FILLER_9_331,VPWR,li1,163.0700,35.3600,1.800000
FILLER_9_323,VPWR,li1,159.3900,35.3600,1.800000
FILLER_9_298,VPWR,li1,147.4300,35.3600,1.800000
FILLER_9_295,VPWR,li1,146.5100,35.3600,1.800000
FILLER_9_292,VPWR,li1,145.1300,35.3600,1.800000
FILLER_9_284,VPWR,li1,140.9900,35.3600,1.800000
FILLER_9_281,VPWR,li1,140.0700,35.3600,1.800000
FILLER_9_277,VPWR,li1,138.2300,35.3600,1.800000
FILLER_9_274,VPWR,li1,136.8500,35.3600,1.800000
FILLER_9_271,VPWR,li1,135.4700,35.3600,1.800000
FILLER_9_262,VPWR,li1,131.1000,35.3600,1.800000
FILLER_9_259,VPWR,li1,129.9500,35.3600,1.800000
FILLER_9_256,VPWR,li1,128.5700,35.3600,1.800000
FILLER_9_246,VPWR,li1,123.5100,35.3600,1.800000
FILLER_9_243,VPWR,li1,122.5900,35.3600,1.800000
FILLER_9_234,VPWR,li1,117.9900,35.3600,1.800000
FILLER_9_231,VPWR,li1,117.0700,35.3600,1.800000
FILLER_9_228,VPWR,li1,115.6900,35.3600,1.800000
FILLER_9_225,VPWR,li1,114.3100,35.3600,1.800000
FILLER_9_223,VPWR,li1,112.9300,35.3600,1.800000
FILLER_9_220,VPWR,li1,112.0100,35.3600,1.800000
FILLER_9_211,VPWR,li1,107.8700,35.3600,1.800000
FILLER_9_208,VPWR,li1,106.4900,35.3600,1.800000
FILLER_9_205,VPWR,li1,105.1100,35.3600,1.799999
FILLER_9_202,VPWR,li1,103.7300,35.3600,1.799999
FILLER_9_199,VPWR,li1,102.3500,35.3600,1.799999
FILLER_9_196,VPWR,li1,100.9700,35.3600,1.799999
FILLER_9_193,VPWR,li1,99.5900,35.3600,1.799999
FILLER_9_190,VPWR,li1,98.2100,35.3600,1.799999
FILLER_9_187,VPWR,li1,96.8300,35.3600,1.799999
FILLER_9_184,VPWR,li1,95.4500,35.3600,1.799999
FILLER_9_181,VPWR,li1,94.0700,35.3600,1.799999
FILLER_9_178,VPWR,li1,92.6900,35.3600,1.799999
FILLER_9_175,VPWR,li1,91.3100,35.3600,1.799999
FILLER_9_172,VPWR,li1,89.9300,35.3600,1.799998
FILLER_9_169,VPWR,li1,88.5500,35.3600,1.799998
FILLER_9_167,VPWR,li1,87.1700,35.3600,1.799998
FILLER_9_164,VPWR,li1,86.2500,35.3600,1.799998
FILLER_9_161,VPWR,li1,84.8700,35.3600,1.799998
FILLER_9_158,VPWR,li1,83.4900,35.3600,1.799998
FILLER_9_155,VPWR,li1,82.1100,35.3600,1.799998
FILLER_9_152,VPWR,li1,80.7300,35.3600,1.799998
FILLER_9_149,VPWR,li1,79.3500,35.3600,1.799998
FILLER_9_146,VPWR,li1,77.9700,35.3600,1.799997
FILLER_9_143,VPWR,li1,76.5900,35.3600,1.799997
FILLER_9_136,VPWR,li1,73.1400,35.3600,1.799996
FILLER_9_133,VPWR,li1,71.9900,35.3600,1.799996
FILLER_9_130,VPWR,li1,70.6100,35.3600,1.799996
FILLER_9_127,VPWR,li1,69.2300,35.3600,1.799995
FILLER_9_124,VPWR,li1,67.8500,35.3600,1.799995
FILLER_9_113,VPWR,li1,62.7900,35.3600,1.799993
FILLER_9_95,VPWR,li1,54.0500,35.3600,1.799993
FILLER_9_92,VPWR,li1,53.1300,35.3600,1.799993
FILLER_9_74,VPWR,li1,44.3900,35.3600,1.799993
FILLER_9_53,VPWR,li1,35.1900,35.3600,1.799991
FILLER_9_50,VPWR,li1,33.8100,35.3600,1.799992
FILLER_9_47,VPWR,li1,32.4300,35.3600,1.799992
FILLER_9_28,VPWR,li1,23.2300,35.3600,1.799993
FILLER_9_11,VPWR,li1,15.4100,35.3600,1.799996
FILLER_8_645,VPWR,li1,307.5100,35.3600,1.799999
FILLER_8_643,VPWR,li1,306.1300,35.3600,1.799999
FILLER_8_640,VPWR,li1,305.2100,35.3600,1.799999
FILLER_8_637,VPWR,li1,303.8300,35.3600,1.799999
FILLER_8_634,VPWR,li1,302.4500,35.3600,1.799999
FILLER_8_631,VPWR,li1,301.0700,35.3600,1.799999
FILLER_8_628,VPWR,li1,299.6900,35.3600,1.799999
FILLER_8_625,VPWR,li1,298.3100,35.3600,1.799999
FILLER_8_622,VPWR,li1,296.9300,35.3600,1.799999
FILLER_8_619,VPWR,li1,295.5500,35.3600,1.799999
FILLER_8_616,VPWR,li1,294.1700,35.3600,1.799999
FILLER_8_613,VPWR,li1,292.7900,35.3600,1.799999
FILLER_8_610,VPWR,li1,291.4100,35.3600,1.799999
FILLER_8_607,VPWR,li1,290.0300,35.3600,1.799999
FILLER_8_604,VPWR,li1,288.6500,35.3600,1.799999
FILLER_8_601,VPWR,li1,287.2700,35.3600,1.799999
FILLER_8_598,VPWR,li1,285.8900,35.3600,1.799999
FILLER_8_595,VPWR,li1,284.5100,35.3600,1.799999
FILLER_8_592,VPWR,li1,283.1300,35.3600,1.799998
FILLER_8_589,VPWR,li1,281.7500,35.3600,1.799998
FILLER_8_587,VPWR,li1,280.3700,35.3600,1.799998
FILLER_8_584,VPWR,li1,279.4500,35.3600,1.799998
FILLER_8_581,VPWR,li1,278.0700,35.3600,1.799998
FILLER_8_578,VPWR,li1,276.6900,35.3600,1.799997
FILLER_8_575,VPWR,li1,275.3100,35.3600,1.799997
FILLER_8_572,VPWR,li1,273.9300,35.3600,1.799997
FILLER_8_542,VPWR,li1,259.6700,35.3600,1.799996
FILLER_8_539,VPWR,li1,258.7500,35.3600,1.799996
FILLER_8_536,VPWR,li1,257.3700,35.3600,1.799996
FILLER_8_533,VPWR,li1,255.9900,35.3600,1.799996
FILLER_8_531,VPWR,li1,254.6100,35.3600,1.799996
FILLER_8_528,VPWR,li1,253.6900,35.3600,1.799996
FILLER_8_525,VPWR,li1,252.3100,35.3600,1.799996
FILLER_8_503,VPWR,li1,241.7300,35.3600,1.799995
FILLER_8_500,VPWR,li1,240.8100,35.3600,1.799995
FILLER_8_489,VPWR,li1,235.7500,35.3600,1.799995
FILLER_8_486,VPWR,li1,234.3700,35.3600,1.799996
FILLER_8_483,VPWR,li1,232.9900,35.3600,1.799996
FILLER_8_480,VPWR,li1,231.6100,35.3600,1.799996
FILLER_8_477,VPWR,li1,230.2300,35.3600,1.799996
FILLER_8_473,VPWR,li1,228.3900,35.3600,1.799996
FILLER_8_470,VPWR,li1,227.0100,35.3600,1.799996
FILLER_8_467,VPWR,li1,225.6300,35.3600,1.799996
FILLER_8_464,VPWR,li1,224.2500,35.3600,1.799996
FILLER_8_451,VPWR,li1,218.0400,35.3600,1.799995
FILLER_8_441,VPWR,li1,213.4400,35.3600,1.799996
FILLER_8_424,VPWR,li1,205.3900,35.3600,1.799997
FILLER_8_421,VPWR,li1,204.4700,35.3600,1.799997
FILLER_8_418,VPWR,li1,202.8600,35.3600,1.799997
FILLER_8_415,VPWR,li1,201.7100,35.3600,1.799997
FILLER_8_412,VPWR,li1,200.3300,35.3600,1.799997
FILLER_8_409,VPWR,li1,198.9500,35.3600,1.799997
FILLER_8_385,VPWR,li1,187.9100,35.3600,1.799998
FILLER_8_382,VPWR,li1,186.5300,35.3600,1.799998
FILLER_8_379,VPWR,li1,185.1500,35.3600,1.799998
FILLER_8_376,VPWR,li1,183.7700,35.3600,1.799998
FILLER_8_368,VPWR,li1,179.6300,35.3600,1.799999
FILLER_8_365,VPWR,li1,178.7100,35.3600,1.799999
FILLER_8_363,VPWR,li1,177.3300,35.3600,1.799999
FILLER_8_355,VPWR,li1,173.8800,35.3600,1.799999
FILLER_8_352,VPWR,li1,172.7300,35.3600,1.799999
FILLER_8_339,VPWR,li1,166.2900,35.3600,1.800000
FILLER_8_336,VPWR,li1,165.3700,35.3600,1.800000
FILLER_8_333,VPWR,li1,163.9900,35.3600,1.800000
FILLER_8_330,VPWR,li1,162.6100,35.3600,1.800000
FILLER_8_327,VPWR,li1,161.2300,35.3600,1.800000
FILLER_8_324,VPWR,li1,159.8500,35.3600,1.800000
FILLER_8_321,VPWR,li1,158.4700,35.3600,1.800000
FILLER_8_318,VPWR,li1,157.0900,35.3600,1.800000
FILLER_8_315,VPWR,li1,155.7100,35.3600,1.800000
FILLER_8_312,VPWR,li1,154.3300,35.3600,1.800000
FILLER_8_309,VPWR,li1,152.9500,35.3600,1.800000
FILLER_8_302,VPWR,li1,149.2700,35.3600,1.800000
FILLER_8_299,VPWR,li1,148.3500,35.3600,1.800000
FILLER_8_296,VPWR,li1,146.9700,35.3600,1.800000
FILLER_8_293,VPWR,li1,145.5900,35.3600,1.800000
FILLER_8_290,VPWR,li1,144.2100,35.3600,1.800000
FILLER_8_287,VPWR,li1,142.8300,35.3600,1.800000
FILLER_8_284,VPWR,li1,141.4500,35.3600,1.800000
FILLER_8_281,VPWR,li1,140.0700,35.3600,1.800000
FILLER_8_278,VPWR,li1,138.6900,35.3600,1.800000
FILLER_8_271,VPWR,li1,135.4700,35.3600,1.800000
FILLER_8_268,VPWR,li1,134.0900,35.3600,1.800000
FILLER_8_265,VPWR,li1,132.7100,35.3600,1.800000
FILLER_8_262,VPWR,li1,131.3300,35.3600,1.800000
FILLER_8_259,VPWR,li1,129.9500,35.3600,1.800000
FILLER_8_256,VPWR,li1,128.5700,35.3600,1.800000
FILLER_8_253,VPWR,li1,127.1900,35.3600,1.800000
FILLER_8_251,VPWR,li1,125.8100,35.3600,1.800000
FILLER_8_248,VPWR,li1,124.8900,35.3600,1.800000
FILLER_8_245,VPWR,li1,123.5100,35.3600,1.800000
FILLER_8_242,VPWR,li1,122.1300,35.3600,1.800000
FILLER_8_239,VPWR,li1,120.7500,35.3600,1.800000
FILLER_8_236,VPWR,li1,119.3700,35.3600,1.800000
FILLER_8_233,VPWR,li1,117.9900,35.3600,1.800000
FILLER_8_230,VPWR,li1,116.6100,35.3600,1.800000
FILLER_8_227,VPWR,li1,115.2300,35.3600,1.800000
FILLER_8_224,VPWR,li1,113.8500,35.3600,1.800000
FILLER_8_221,VPWR,li1,112.4700,35.3600,1.800000
FILLER_8_206,VPWR,li1,105.1100,35.3600,1.799999
FILLER_8_203,VPWR,li1,104.1900,35.3600,1.799999
FILLER_8_200,VPWR,li1,102.8100,35.3600,1.799999
FILLER_8_178,VPWR,li1,92.4600,35.3600,1.799999
FILLER_8_175,VPWR,li1,91.3100,35.3600,1.799999
FILLER_8_172,VPWR,li1,89.9300,35.3600,1.799998
FILLER_8_169,VPWR,li1,88.5500,35.3600,1.799998
FILLER_8_156,VPWR,li1,82.3400,35.3600,1.799998
FILLER_8_153,VPWR,li1,81.1900,35.3600,1.799998
FILLER_8_150,VPWR,li1,79.8100,35.3600,1.799998
FILLER_8_147,VPWR,li1,78.4300,35.3600,1.799998
FILLER_8_144,VPWR,li1,77.0500,35.3600,1.799997
FILLER_8_141,VPWR,li1,75.6700,35.3600,1.799997
FILLER_8_137,VPWR,li1,73.8300,35.3600,1.799996
FILLER_8_134,VPWR,li1,72.4500,35.3600,1.799996
FILLER_8_99,VPWR,li1,55.8900,35.3600,1.799993
FILLER_8_88,VPWR,li1,51.0600,35.3600,1.799994
FILLER_8_85,VPWR,li1,49.9100,35.3600,1.799994
FILLER_8_73,VPWR,li1,44.3900,35.3600,1.799993
FILLER_8_70,VPWR,li1,43.0100,35.3600,1.799993
FILLER_8_67,VPWR,li1,41.6300,35.3600,1.799992
FILLER_8_64,VPWR,li1,40.2500,35.3600,1.799992
FILLER_8_29,VPWR,li1,23.6900,35.3600,1.799993
FILLER_8_27,VPWR,li1,22.7700,35.3600,1.799994
FILLER_8_24,VPWR,li1,21.8500,35.3600,1.799994
FILLER_8_6,VPWR,li1,13.1100,35.3600,1.799996
FILLER_8_3,VPWR,li1,12.1900,35.3600,1.799996
FILLER_7_647,VPWR,li1,307.9700,29.9200,1.799999
FILLER_7_644,VPWR,li1,307.0500,29.9200,1.799999
FILLER_7_641,VPWR,li1,305.6700,29.9200,1.799999
FILLER_7_638,VPWR,li1,304.2900,29.9200,1.799999
FILLER_7_635,VPWR,li1,302.9100,29.9200,1.799999
FILLER_7_632,VPWR,li1,301.5300,29.9200,1.799999
FILLER_7_629,VPWR,li1,300.1500,29.9200,1.799999
FILLER_7_626,VPWR,li1,298.7700,29.9200,1.799999
FILLER_7_623,VPWR,li1,297.3900,29.9200,1.799999
FILLER_7_620,VPWR,li1,296.0100,29.9200,1.799999
FILLER_7_617,VPWR,li1,294.6300,29.9200,1.799999
FILLER_7_615,VPWR,li1,293.2500,29.9200,1.799999
FILLER_7_612,VPWR,li1,292.3300,29.9200,1.799999
FILLER_7_609,VPWR,li1,290.9500,29.9200,1.799999
FILLER_7_606,VPWR,li1,289.5700,29.9200,1.799999
FILLER_7_603,VPWR,li1,288.1900,29.9200,1.799999
FILLER_7_600,VPWR,li1,286.8100,29.9200,1.799999
FILLER_7_597,VPWR,li1,285.4300,29.9200,1.799999
FILLER_7_594,VPWR,li1,284.0500,29.9200,1.799999
FILLER_7_591,VPWR,li1,282.6700,29.9200,1.799998
FILLER_7_588,VPWR,li1,281.2900,29.9200,1.799998
FILLER_7_585,VPWR,li1,279.9100,29.9200,1.799998
FILLER_7_582,VPWR,li1,278.5300,29.9200,1.799998
FILLER_7_579,VPWR,li1,277.1500,29.9200,1.799997
FILLER_7_576,VPWR,li1,275.7700,29.9200,1.799997
FILLER_7_573,VPWR,li1,274.3900,29.9200,1.799997
FILLER_7_570,VPWR,li1,273.0100,29.9200,1.799996
FILLER_7_567,VPWR,li1,271.6300,29.9200,1.799996
FILLER_7_564,VPWR,li1,270.2500,29.9200,1.799996
FILLER_7_561,VPWR,li1,268.8700,29.9200,1.799996
FILLER_7_558,VPWR,li1,267.2600,29.9200,1.799995
FILLER_7_555,VPWR,li1,266.1100,29.9200,1.799995
FILLER_7_543,VPWR,li1,260.5900,29.9200,1.799994
FILLER_7_540,VPWR,li1,259.2100,29.9200,1.799995
FILLER_7_537,VPWR,li1,257.8300,29.9200,1.799995
FILLER_7_534,VPWR,li1,256.4500,29.9200,1.799995
FILLER_7_531,VPWR,li1,255.0700,29.9200,1.799995
FILLER_7_528,VPWR,li1,253.6900,29.9200,1.799993
FILLER_7_525,VPWR,li1,252.3100,29.9200,1.799993
FILLER_7_522,VPWR,li1,250.9300,29.9200,1.799992
FILLER_7_519,VPWR,li1,249.5500,29.9200,1.799991
FILLER_7_516,VPWR,li1,248.1700,29.9200,1.799991
FILLER_7_505,VPWR,li1,242.8800,29.9200,1.799989
FILLER_7_495,VPWR,li1,238.5100,29.9200,1.799987
FILLER_7_492,VPWR,li1,237.1300,29.9200,1.799987
FILLER_7_482,VPWR,li1,232.0700,29.9200,1.799986
FILLER_7_473,VPWR,li1,227.9300,29.9200,1.799986
FILLER_7_452,VPWR,li1,218.2700,29.9200,1.799983
FILLER_7_449,VPWR,li1,217.3500,29.9200,1.799983
FILLER_7_447,VPWR,li1,215.9700,29.9200,1.799983
FILLER_7_424,VPWR,li1,205.6200,29.9200,1.799988
FILLER_7_421,VPWR,li1,204.4700,29.9200,1.799990
FILLER_7_411,VPWR,li1,199.4100,29.9200,1.799992
FILLER_7_402,VPWR,li1,195.2700,29.9200,1.799996
FILLER_7_389,VPWR,li1,189.7500,29.9200,1.799996
FILLER_7_386,VPWR,li1,188.3700,29.9200,1.799996
FILLER_7_383,VPWR,li1,186.9900,29.9200,1.799997
FILLER_7_380,VPWR,li1,185.6100,29.9200,1.799997
FILLER_7_371,VPWR,li1,181.0100,29.9200,1.799997
FILLER_7_368,VPWR,li1,180.0900,29.9200,1.799997
FILLER_7_365,VPWR,li1,178.7100,29.9200,1.799997
FILLER_7_362,VPWR,li1,177.3300,29.9200,1.799998
FILLER_7_353,VPWR,li1,172.9600,29.9200,1.799998
FILLER_7_350,VPWR,li1,171.8100,29.9200,1.799998
FILLER_7_334,VPWR,li1,164.2200,29.9200,1.799999
FILLER_7_331,VPWR,li1,163.0700,29.9200,1.799999
FILLER_7_328,VPWR,li1,161.6900,29.9200,1.799999
FILLER_7_325,VPWR,li1,160.3100,29.9200,1.799999
FILLER_7_322,VPWR,li1,158.9300,29.9200,1.799999
FILLER_7_319,VPWR,li1,157.5500,29.9200,1.799999
FILLER_7_300,VPWR,li1,148.8100,29.9200,1.799999
FILLER_7_297,VPWR,li1,147.4300,29.9200,1.799999
FILLER_7_294,VPWR,li1,146.0500,29.9200,1.799999
FILLER_7_291,VPWR,li1,144.6700,29.9200,1.799999
FILLER_7_288,VPWR,li1,143.2900,29.9200,1.799999
FILLER_7_281,VPWR,li1,140.0700,29.9200,1.799999
FILLER_7_279,VPWR,li1,138.6900,29.9200,1.799999
FILLER_7_276,VPWR,li1,137.7700,29.9200,1.799999
FILLER_7_273,VPWR,li1,136.3900,29.9200,1.799999
FILLER_7_270,VPWR,li1,135.0100,29.9200,1.799999
FILLER_7_267,VPWR,li1,133.6300,29.9200,1.799999
FILLER_7_264,VPWR,li1,132.2500,29.9200,1.799998
FILLER_7_261,VPWR,li1,130.8700,29.9200,1.799998
FILLER_7_258,VPWR,li1,129.4900,29.9200,1.799998
FILLER_7_255,VPWR,li1,128.1100,29.9200,1.799997
FILLER_7_252,VPWR,li1,126.7300,29.9200,1.799997
FILLER_7_249,VPWR,li1,125.3500,29.9200,1.799997
FILLER_7_246,VPWR,li1,123.9700,29.9200,1.799997
FILLER_7_243,VPWR,li1,122.5900,29.9200,1.799997
FILLER_7_240,VPWR,li1,121.2100,29.9200,1.799996
FILLER_7_237,VPWR,li1,119.8300,29.9200,1.799996
FILLER_7_234,VPWR,li1,118.4500,29.9200,1.799996
FILLER_7_231,VPWR,li1,117.0700,29.9200,1.799996
FILLER_7_228,VPWR,li1,115.6900,29.9200,1.799996
FILLER_7_225,VPWR,li1,114.3100,29.9200,1.799996
FILLER_7_222,VPWR,li1,112.7000,29.9200,1.799996
FILLER_7_219,VPWR,li1,111.5500,29.9200,1.799997
FILLER_7_216,VPWR,li1,110.1700,29.9200,1.799997
FILLER_7_213,VPWR,li1,108.7900,29.9200,1.799997
FILLER_7_202,VPWR,li1,103.7300,29.9200,1.799997
FILLER_7_199,VPWR,li1,102.3500,29.9200,1.799996
FILLER_7_196,VPWR,li1,100.9700,29.9200,1.799996
FILLER_7_193,VPWR,li1,99.5900,29.9200,1.799996
FILLER_7_190,VPWR,li1,98.2100,29.9200,1.799995
FILLER_7_187,VPWR,li1,96.8300,29.9200,1.799995
FILLER_7_184,VPWR,li1,95.4500,29.9200,1.799994
FILLER_7_181,VPWR,li1,94.0700,29.9200,1.799994
FILLER_7_178,VPWR,li1,92.6900,29.9200,1.799993
FILLER_7_175,VPWR,li1,91.3100,29.9200,1.799993
FILLER_7_172,VPWR,li1,89.9300,29.9200,1.799992
FILLER_7_169,VPWR,li1,88.5500,29.9200,1.799992
FILLER_7_167,VPWR,li1,87.1700,29.9200,1.799991
FILLER_7_164,VPWR,li1,86.2500,29.9200,1.799991
FILLER_7_161,VPWR,li1,84.8700,29.9200,1.799991
FILLER_7_158,VPWR,li1,83.4900,29.9200,1.799990
FILLER_7_155,VPWR,li1,82.1100,29.9200,1.799990
FILLER_7_147,VPWR,li1,78.4300,29.9200,1.799989
FILLER_7_133,VPWR,li1,71.5300,29.9200,1.799982
FILLER_7_124,VPWR,li1,67.3900,29.9200,1.799978
FILLER_7_110,VPWR,li1,61.1800,29.9200,1.799980
FILLER_7_107,VPWR,li1,60.0300,29.9200,1.799980
FILLER_7_89,VPWR,li1,51.2900,29.9200,1.799987
FILLER_7_86,VPWR,li1,50.3700,29.9200,1.799987
FILLER_7_77,VPWR,li1,45.7700,29.9200,1.799990
FILLER_7_74,VPWR,li1,44.8500,29.9200,1.799992
FILLER_7_71,VPWR,li1,43.4700,29.9200,1.799992
FILLER_7_68,VPWR,li1,42.0900,29.9200,1.799992
FILLER_7_55,VPWR,li1,35.6500,29.9200,1.799992
FILLER_7_20,VPWR,li1,19.7800,29.9200,1.799994
FILLER_6_645,VPWR,li1,307.5100,29.9200,1.799999
FILLER_6_643,VPWR,li1,306.1300,29.9200,1.799999
FILLER_6_640,VPWR,li1,305.2100,29.9200,1.799999
FILLER_6_637,VPWR,li1,303.8300,29.9200,1.799999
FILLER_6_634,VPWR,li1,302.4500,29.9200,1.799999
FILLER_6_631,VPWR,li1,301.0700,29.9200,1.799999
FILLER_6_628,VPWR,li1,299.6900,29.9200,1.799999
FILLER_6_625,VPWR,li1,298.3100,29.9200,1.799999
FILLER_6_622,VPWR,li1,296.9300,29.9200,1.799999
FILLER_6_619,VPWR,li1,295.5500,29.9200,1.799999
FILLER_6_616,VPWR,li1,294.1700,29.9200,1.799999
FILLER_6_613,VPWR,li1,292.7900,29.9200,1.799999
FILLER_6_610,VPWR,li1,291.4100,29.9200,1.799999
FILLER_6_607,VPWR,li1,290.0300,29.9200,1.799999
FILLER_6_604,VPWR,li1,288.6500,29.9200,1.799999
FILLER_6_601,VPWR,li1,287.2700,29.9200,1.799999
FILLER_6_598,VPWR,li1,285.8900,29.9200,1.799999
FILLER_6_595,VPWR,li1,284.5100,29.9200,1.799999
FILLER_6_592,VPWR,li1,283.1300,29.9200,1.799998
FILLER_6_589,VPWR,li1,281.7500,29.9200,1.799998
FILLER_6_587,VPWR,li1,280.3700,29.9200,1.799998
FILLER_6_584,VPWR,li1,279.4500,29.9200,1.799998
FILLER_6_581,VPWR,li1,278.0700,29.9200,1.799998
FILLER_6_578,VPWR,li1,276.6900,29.9200,1.799997
FILLER_6_575,VPWR,li1,275.3100,29.9200,1.799997
FILLER_6_572,VPWR,li1,273.9300,29.9200,1.799997
FILLER_6_569,VPWR,li1,272.5500,29.9200,1.799996
FILLER_6_566,VPWR,li1,271.1700,29.9200,1.799996
FILLER_6_563,VPWR,li1,269.7900,29.9200,1.799996
FILLER_6_560,VPWR,li1,268.4100,29.9200,1.799996
FILLER_6_557,VPWR,li1,267.0300,29.9200,1.799995
FILLER_6_554,VPWR,li1,265.6500,29.9200,1.799995
FILLER_6_508,VPWR,li1,244.4900,29.9200,1.799990
FILLER_6_498,VPWR,li1,239.6600,29.9200,1.799988
FILLER_6_463,VPWR,li1,223.3300,29.9200,1.799982
FILLER_6_460,VPWR,li1,222.4100,29.9200,1.799982
FILLER_6_457,VPWR,li1,221.0300,29.9200,1.799982
FILLER_6_435,VPWR,li1,210.4500,29.9200,1.799985
FILLER_6_432,VPWR,li1,209.5300,29.9200,1.799987
FILLER_6_429,VPWR,li1,208.1500,29.9200,1.799987
FILLER_6_424,VPWR,li1,205.6200,29.9200,1.799988
FILLER_6_421,VPWR,li1,204.4700,29.9200,1.799990
FILLER_6_417,VPWR,li1,202.6300,29.9200,1.799991
FILLER_6_414,VPWR,li1,201.2500,29.9200,1.799991
FILLER_6_411,VPWR,li1,199.8700,29.9200,1.799992
FILLER_6_408,VPWR,li1,198.4900,29.9200,1.799994
FILLER_6_405,VPWR,li1,197.1100,29.9200,1.799994
FILLER_6_400,VPWR,li1,194.5800,29.9200,1.799996
FILLER_6_397,VPWR,li1,193.4300,29.9200,1.799996
FILLER_6_394,VPWR,li1,192.0500,29.9200,1.799996
FILLER_6_391,VPWR,li1,190.6700,29.9200,1.799996
FILLER_6_388,VPWR,li1,189.2900,29.9200,1.799996
FILLER_6_385,VPWR,li1,187.9100,29.9200,1.799996
FILLER_6_374,VPWR,li1,182.8500,29.9200,1.799997
FILLER_6_371,VPWR,li1,181.4700,29.9200,1.799997
FILLER_6_368,VPWR,li1,180.0900,29.9200,1.799997
FILLER_6_365,VPWR,li1,178.7100,29.9200,1.799997
FILLER_6_361,VPWR,li1,176.8700,29.9200,1.799998
FILLER_6_358,VPWR,li1,175.4900,29.9200,1.799998
FILLER_6_355,VPWR,li1,174.1100,29.9200,1.799998
FILLER_6_352,VPWR,li1,172.7300,29.9200,1.799998
FILLER_6_333,VPWR,li1,163.7600,29.9200,1.799999
FILLER_6_330,VPWR,li1,162.6100,29.9200,1.799999
FILLER_6_321,VPWR,li1,158.0100,29.9200,1.799999
FILLER_6_318,VPWR,li1,157.0900,29.9200,1.799999
FILLER_6_315,VPWR,li1,155.7100,29.9200,1.799999
FILLER_6_309,VPWR,li1,152.4900,29.9200,1.799999
FILLER_6_278,VPWR,li1,138.2300,29.9200,1.799999
FILLER_6_275,VPWR,li1,137.3100,29.9200,1.799999
FILLER_6_265,VPWR,li1,132.7100,29.9200,1.799998
FILLER_6_262,VPWR,li1,131.3300,29.9200,1.799998
FILLER_6_253,VPWR,li1,127.1900,29.9200,1.799997
FILLER_6_229,VPWR,li1,115.9200,29.9200,1.799996
FILLER_6_226,VPWR,li1,114.7700,29.9200,1.799996
FILLER_6_223,VPWR,li1,113.3900,29.9200,1.799996
FILLER_6_218,VPWR,li1,110.6300,29.9200,1.799997
FILLER_6_215,VPWR,li1,109.7100,29.9200,1.799997
FILLER_6_212,VPWR,li1,108.3300,29.9200,1.799997
FILLER_6_209,VPWR,li1,106.9500,29.9200,1.799997
FILLER_6_206,VPWR,li1,105.5700,29.9200,1.799997
FILLER_6_203,VPWR,li1,104.1900,29.9200,1.799997
FILLER_6_200,VPWR,li1,102.8100,29.9200,1.799996
FILLER_6_197,VPWR,li1,101.4300,29.9200,1.799996
FILLER_6_193,VPWR,li1,99.5900,29.9200,1.799996
FILLER_6_190,VPWR,li1,98.2100,29.9200,1.799995
FILLER_6_187,VPWR,li1,96.8300,29.9200,1.799995
FILLER_6_184,VPWR,li1,95.4500,29.9200,1.799994
FILLER_6_181,VPWR,li1,94.0700,29.9200,1.799994
FILLER_6_178,VPWR,li1,92.6900,29.9200,1.799993
FILLER_6_175,VPWR,li1,91.3100,29.9200,1.799993
FILLER_6_172,VPWR,li1,89.9300,29.9200,1.799992
FILLER_6_169,VPWR,li1,88.5500,29.9200,1.799992
FILLER_6_166,VPWR,li1,87.1700,29.9200,1.799991
FILLER_6_163,VPWR,li1,85.7900,29.9200,1.799991
FILLER_6_160,VPWR,li1,84.4100,29.9200,1.799991
FILLER_6_157,VPWR,li1,83.0300,29.9200,1.799990
FILLER_6_154,VPWR,li1,81.6500,29.9200,1.799989
FILLER_6_151,VPWR,li1,80.2700,29.9200,1.799989
FILLER_6_148,VPWR,li1,78.8900,29.9200,1.799989
FILLER_6_91,VPWR,li1,52.6700,29.9200,1.799985
FILLER_6_88,VPWR,li1,51.2900,29.9200,1.799987
FILLER_6_85,VPWR,li1,49.9100,29.9200,1.799987
FILLER_6_66,VPWR,li1,40.7100,29.9200,1.799992
FILLER_6_47,VPWR,li1,32.2000,29.9200,1.799992
FILLER_6_29,VPWR,li1,23.9200,29.9200,1.799993
FILLER_6_27,VPWR,li1,22.7700,29.9200,1.799994
FILLER_6_24,VPWR,li1,21.8500,29.9200,1.799994
FILLER_6_6,VPWR,li1,13.3400,29.9200,1.799996
FILLER_6_3,VPWR,li1,12.1900,29.9200,1.799996
FILLER_5_647,VPWR,li1,307.9700,24.4800,1.800000
FILLER_5_644,VPWR,li1,307.0500,24.4800,1.800000
FILLER_5_641,VPWR,li1,305.6700,24.4800,1.800000
FILLER_5_638,VPWR,li1,304.2900,24.4800,1.800000
FILLER_5_635,VPWR,li1,302.9100,24.4800,1.800000
FILLER_5_632,VPWR,li1,301.5300,24.4800,1.800000
FILLER_5_629,VPWR,li1,300.1500,24.4800,1.800000
FILLER_5_626,VPWR,li1,298.7700,24.4800,1.800000
FILLER_5_623,VPWR,li1,297.3900,24.4800,1.800000
FILLER_5_620,VPWR,li1,296.0100,24.4800,1.800000
FILLER_5_617,VPWR,li1,294.6300,24.4800,1.800000
FILLER_5_615,VPWR,li1,293.2500,24.4800,1.800000
FILLER_5_612,VPWR,li1,292.3300,24.4800,1.800000
FILLER_5_609,VPWR,li1,290.9500,24.4800,1.800000
FILLER_5_606,VPWR,li1,289.5700,24.4800,1.800000
FILLER_5_603,VPWR,li1,288.1900,24.4800,1.800000
FILLER_5_600,VPWR,li1,286.8100,24.4800,1.800000
FILLER_5_597,VPWR,li1,285.4300,24.4800,1.800000
FILLER_5_594,VPWR,li1,284.0500,24.4800,1.800000
FILLER_5_591,VPWR,li1,282.6700,24.4800,1.799999
FILLER_5_588,VPWR,li1,281.2900,24.4800,1.799999
FILLER_5_585,VPWR,li1,279.9100,24.4800,1.799999
FILLER_5_582,VPWR,li1,278.5300,24.4800,1.799999
FILLER_5_579,VPWR,li1,277.1500,24.4800,1.799999
FILLER_5_576,VPWR,li1,275.7700,24.4800,1.799999
FILLER_5_573,VPWR,li1,274.3900,24.4800,1.799999
FILLER_5_570,VPWR,li1,273.0100,24.4800,1.799999
FILLER_5_567,VPWR,li1,271.6300,24.4800,1.799999
FILLER_5_564,VPWR,li1,270.2500,24.4800,1.799999
FILLER_5_561,VPWR,li1,268.8700,24.4800,1.799999
FILLER_5_559,VPWR,li1,267.4900,24.4800,1.799999
FILLER_5_556,VPWR,li1,266.5700,24.4800,1.799998
FILLER_5_553,VPWR,li1,265.1900,24.4800,1.799998
FILLER_5_550,VPWR,li1,263.8100,24.4800,1.799998
FILLER_5_537,VPWR,li1,257.6000,24.4800,1.799998
FILLER_5_530,VPWR,li1,254.1500,24.4800,1.799998
FILLER_5_526,VPWR,li1,252.3100,24.4800,1.799997
FILLER_5_523,VPWR,li1,251.3900,24.4800,1.799997
FILLER_5_508,VPWR,li1,244.2600,24.4800,1.799997
FILLER_5_505,VPWR,li1,243.1100,24.4800,1.799997
FILLER_5_493,VPWR,li1,237.5900,24.4800,1.799997
FILLER_5_490,VPWR,li1,236.2100,24.4800,1.799997
FILLER_5_484,VPWR,li1,233.4500,24.4800,1.799997
FILLER_5_481,VPWR,li1,232.0700,24.4800,1.799997
FILLER_5_459,VPWR,li1,221.4900,24.4800,1.799997
FILLER_5_449,VPWR,li1,216.8900,24.4800,1.799996
FILLER_5_437,VPWR,li1,211.6000,24.4800,1.799996
FILLER_5_434,VPWR,li1,210.4500,24.4800,1.799996
FILLER_5_431,VPWR,li1,209.0700,24.4800,1.799995
FILLER_5_428,VPWR,li1,207.6900,24.4800,1.799996
FILLER_5_425,VPWR,li1,206.3100,24.4800,1.799996
FILLER_5_422,VPWR,li1,204.9300,24.4800,1.799996
FILLER_5_419,VPWR,li1,203.5500,24.4800,1.799996
FILLER_5_410,VPWR,li1,198.9500,24.4800,1.799997
FILLER_5_399,VPWR,li1,194.1200,24.4800,1.799998
FILLER_5_396,VPWR,li1,192.9700,24.4800,1.799998
FILLER_5_393,VPWR,li1,191.5900,24.4800,1.799998
FILLER_5_382,VPWR,li1,186.3000,24.4800,1.799998
FILLER_5_353,VPWR,li1,172.7300,24.4800,1.799999
FILLER_5_343,VPWR,li1,168.3600,24.4800,1.799999
FILLER_5_340,VPWR,li1,167.2100,24.4800,1.799999
FILLER_5_337,VPWR,li1,165.8300,24.4800,1.799999
FILLER_5_333,VPWR,li1,163.9900,24.4800,1.800000
FILLER_5_330,VPWR,li1,162.6100,24.4800,1.800000
FILLER_5_327,VPWR,li1,161.2300,24.4800,1.800000
FILLER_5_324,VPWR,li1,159.8500,24.4800,1.800000
FILLER_5_321,VPWR,li1,158.4700,24.4800,1.800000
FILLER_5_315,VPWR,li1,155.2500,24.4800,1.800000
FILLER_5_312,VPWR,li1,154.3300,24.4800,1.800000
FILLER_5_309,VPWR,li1,152.9500,24.4800,1.800000
FILLER_5_301,VPWR,li1,149.2700,24.4800,1.800000
FILLER_5_298,VPWR,li1,147.8900,24.4800,1.800000
FILLER_5_295,VPWR,li1,146.5100,24.4800,1.800000
FILLER_5_292,VPWR,li1,145.1300,24.4800,1.800000
FILLER_5_284,VPWR,li1,141.4500,24.4800,1.800000
FILLER_5_281,VPWR,li1,140.0700,24.4800,1.800000
FILLER_5_278,VPWR,li1,138.4600,24.4800,1.800000
FILLER_5_275,VPWR,li1,137.3100,24.4800,1.800000
FILLER_5_272,VPWR,li1,135.9300,24.4800,1.800000
FILLER_5_269,VPWR,li1,134.5500,24.4800,1.800000
FILLER_5_266,VPWR,li1,133.1700,24.4800,1.800000
FILLER_5_263,VPWR,li1,131.7900,24.4800,1.800000
FILLER_5_260,VPWR,li1,130.4100,24.4800,1.800000
FILLER_5_257,VPWR,li1,129.0300,24.4800,1.800000
FILLER_5_254,VPWR,li1,127.6500,24.4800,1.800000
FILLER_5_251,VPWR,li1,126.2700,24.4800,1.799999
FILLER_5_248,VPWR,li1,124.8900,24.4800,1.799999
FILLER_5_245,VPWR,li1,123.5100,24.4800,1.799999
FILLER_5_242,VPWR,li1,122.1300,24.4800,1.799999
FILLER_5_231,VPWR,li1,116.8400,24.4800,1.799999
FILLER_5_228,VPWR,li1,115.6900,24.4800,1.799999
FILLER_5_223,VPWR,li1,112.9300,24.4800,1.799999
FILLER_5_200,VPWR,li1,102.3500,24.4800,1.799999
FILLER_5_197,VPWR,li1,101.4300,24.4800,1.799999
FILLER_5_175,VPWR,li1,91.3100,24.4800,1.799997
FILLER_5_172,VPWR,li1,89.9300,24.4800,1.799997
FILLER_5_169,VPWR,li1,88.5500,24.4800,1.799997
FILLER_5_160,VPWR,li1,84.4100,24.4800,1.799996
FILLER_5_143,VPWR,li1,76.5900,24.4800,1.799995
FILLER_5_140,VPWR,li1,75.2100,24.4800,1.799995
FILLER_5_137,VPWR,li1,73.8300,24.4800,1.799994
FILLER_5_119,VPWR,li1,65.0900,24.4800,1.799988
FILLER_5_116,VPWR,li1,64.1700,24.4800,1.799987
FILLER_5_113,VPWR,li1,62.7900,24.4800,1.799986
FILLER_5_110,VPWR,li1,61.1800,24.4800,1.799986
FILLER_5_93,VPWR,li1,53.1300,24.4800,1.799984
FILLER_5_55,VPWR,li1,35.6500,24.4800,1.799979
FILLER_5_18,VPWR,li1,19.0900,24.4800,1.799989
FILLER_5_15,VPWR,li1,17.7100,24.4800,1.799989
FILLER_5_12,VPWR,li1,16.3300,24.4800,1.799992
FILLER_5_9,VPWR,li1,14.9500,24.4800,1.799992
FILLER_5_6,VPWR,li1,13.5700,24.4800,1.799992
FILLER_5_3,VPWR,li1,12.1900,24.4800,1.799992
FILLER_4_645,VPWR,li1,307.5100,24.4800,1.800000
FILLER_4_643,VPWR,li1,306.1300,24.4800,1.800000
FILLER_4_640,VPWR,li1,305.2100,24.4800,1.800000
FILLER_4_637,VPWR,li1,303.8300,24.4800,1.800000
FILLER_4_634,VPWR,li1,302.4500,24.4800,1.800000
FILLER_4_631,VPWR,li1,301.0700,24.4800,1.800000
FILLER_4_628,VPWR,li1,299.6900,24.4800,1.800000
FILLER_4_625,VPWR,li1,298.3100,24.4800,1.800000
FILLER_4_622,VPWR,li1,296.9300,24.4800,1.800000
FILLER_4_619,VPWR,li1,295.5500,24.4800,1.800000
FILLER_4_616,VPWR,li1,294.1700,24.4800,1.800000
FILLER_4_613,VPWR,li1,292.7900,24.4800,1.800000
FILLER_4_610,VPWR,li1,291.4100,24.4800,1.800000
FILLER_4_607,VPWR,li1,290.0300,24.4800,1.800000
FILLER_4_604,VPWR,li1,288.6500,24.4800,1.800000
FILLER_4_601,VPWR,li1,287.2700,24.4800,1.800000
FILLER_4_598,VPWR,li1,285.8900,24.4800,1.800000
FILLER_4_595,VPWR,li1,284.5100,24.4800,1.800000
FILLER_4_592,VPWR,li1,283.1300,24.4800,1.799999
FILLER_4_589,VPWR,li1,281.7500,24.4800,1.799999
FILLER_4_587,VPWR,li1,280.3700,24.4800,1.799999
FILLER_4_584,VPWR,li1,279.4500,24.4800,1.799999
FILLER_4_581,VPWR,li1,278.0700,24.4800,1.799999
FILLER_4_578,VPWR,li1,276.6900,24.4800,1.799999
FILLER_4_575,VPWR,li1,275.3100,24.4800,1.799999
FILLER_4_572,VPWR,li1,273.9300,24.4800,1.799999
FILLER_4_569,VPWR,li1,272.5500,24.4800,1.799999
FILLER_4_566,VPWR,li1,271.1700,24.4800,1.799999
FILLER_4_563,VPWR,li1,269.7900,24.4800,1.799999
FILLER_4_560,VPWR,li1,268.4100,24.4800,1.799999
FILLER_4_557,VPWR,li1,267.0300,24.4800,1.799998
FILLER_4_554,VPWR,li1,265.6500,24.4800,1.799998
FILLER_4_551,VPWR,li1,264.2700,24.4800,1.799998
FILLER_4_548,VPWR,li1,262.8900,24.4800,1.799998
FILLER_4_545,VPWR,li1,261.5100,24.4800,1.799998
FILLER_4_536,VPWR,li1,256.9100,24.4800,1.799998
FILLER_4_533,VPWR,li1,255.9900,24.4800,1.799998
FILLER_4_531,VPWR,li1,254.6100,24.4800,1.799998
FILLER_4_509,VPWR,li1,244.4900,24.4800,1.799997
FILLER_4_506,VPWR,li1,243.5700,24.4800,1.799997
FILLER_4_503,VPWR,li1,242.1900,24.4800,1.799997
FILLER_4_500,VPWR,li1,240.8100,24.4800,1.799997
FILLER_4_497,VPWR,li1,239.4300,24.4800,1.799997
FILLER_4_494,VPWR,li1,238.0500,24.4800,1.799997
FILLER_4_491,VPWR,li1,236.6700,24.4800,1.799997
FILLER_4_480,VPWR,li1,231.3800,24.4800,1.799997
FILLER_4_477,VPWR,li1,230.2300,24.4800,1.799997
FILLER_4_464,VPWR,li1,224.2500,24.4800,1.799997
FILLER_4_461,VPWR,li1,222.8700,24.4800,1.799997
FILLER_4_458,VPWR,li1,221.4900,24.4800,1.799997
FILLER_4_445,VPWR,li1,215.2800,24.4800,1.799996
FILLER_4_442,VPWR,li1,214.1300,24.4800,1.799996
FILLER_4_417,VPWR,li1,202.6300,24.4800,1.799996
FILLER_4_395,VPWR,li1,192.0500,24.4800,1.799998
FILLER_4_392,VPWR,li1,191.1300,24.4800,1.799998
FILLER_4_384,VPWR,li1,187.4500,24.4800,1.799998
FILLER_4_377,VPWR,li1,184.0000,24.4800,1.799998
FILLER_4_374,VPWR,li1,182.8500,24.4800,1.799998
FILLER_4_368,VPWR,li1,179.8600,24.4800,1.799999
FILLER_4_365,VPWR,li1,178.7100,24.4800,1.799999
FILLER_4_362,VPWR,li1,177.1000,24.4800,1.799999
FILLER_4_359,VPWR,li1,175.9500,24.4800,1.799999
FILLER_4_351,VPWR,li1,171.8100,24.4800,1.799999
FILLER_4_348,VPWR,li1,170.8900,24.4800,1.799999
FILLER_4_342,VPWR,li1,167.6700,24.4800,1.799999
FILLER_4_333,VPWR,li1,163.5300,24.4800,1.800000
FILLER_4_330,VPWR,li1,162.6100,24.4800,1.800000
FILLER_4_327,VPWR,li1,161.2300,24.4800,1.800000
FILLER_4_315,VPWR,li1,155.7100,24.4800,1.800000
FILLER_4_312,VPWR,li1,154.3300,24.4800,1.800000
FILLER_4_309,VPWR,li1,152.9500,24.4800,1.800000
FILLER_4_300,VPWR,li1,148.3500,24.4800,1.800000
FILLER_4_297,VPWR,li1,147.4300,24.4800,1.800000
FILLER_4_294,VPWR,li1,146.0500,24.4800,1.800000
FILLER_4_291,VPWR,li1,144.6700,24.4800,1.800000
FILLER_4_288,VPWR,li1,143.2900,24.4800,1.800000
FILLER_4_285,VPWR,li1,141.9100,24.4800,1.800000
FILLER_4_278,VPWR,li1,138.6900,24.4800,1.800000
FILLER_4_275,VPWR,li1,137.3100,24.4800,1.800000
FILLER_4_272,VPWR,li1,135.9300,24.4800,1.800000
FILLER_4_269,VPWR,li1,134.5500,24.4800,1.800000
FILLER_4_259,VPWR,li1,129.4900,24.4800,1.800000
FILLER_4_256,VPWR,li1,128.5700,24.4800,1.800000
FILLER_4_253,VPWR,li1,127.1900,24.4800,1.800000
FILLER_4_238,VPWR,li1,120.0600,24.4800,1.799999
FILLER_4_235,VPWR,li1,118.9100,24.4800,1.799999
FILLER_4_232,VPWR,li1,117.5300,24.4800,1.799999
FILLER_4_229,VPWR,li1,116.1500,24.4800,1.799999
FILLER_4_226,VPWR,li1,114.7700,24.4800,1.799999
FILLER_4_223,VPWR,li1,113.3900,24.4800,1.799999
FILLER_4_220,VPWR,li1,112.0100,24.4800,1.799999
FILLER_4_215,VPWR,li1,109.2500,24.4800,1.799999
FILLER_4_212,VPWR,li1,108.3300,24.4800,1.799999
FILLER_4_209,VPWR,li1,106.9500,24.4800,1.799999
FILLER_4_200,VPWR,li1,102.3500,24.4800,1.799999
FILLER_4_197,VPWR,li1,101.4300,24.4800,1.799999
FILLER_4_195,VPWR,li1,100.0500,24.4800,1.799998
FILLER_4_192,VPWR,li1,99.1300,24.4800,1.799998
FILLER_4_189,VPWR,li1,97.7500,24.4800,1.799998
FILLER_4_186,VPWR,li1,96.3700,24.4800,1.799998
FILLER_4_183,VPWR,li1,94.9900,24.4800,1.799998
FILLER_4_180,VPWR,li1,93.6100,24.4800,1.799998
FILLER_4_163,VPWR,li1,85.3300,24.4800,1.799996
FILLER_4_149,VPWR,li1,78.8900,24.4800,1.799995
FILLER_4_139,VPWR,li1,74.2900,24.4800,1.799994
FILLER_4_136,VPWR,li1,73.3700,24.4800,1.799994
FILLER_4_127,VPWR,li1,68.7700,24.4800,1.799989
FILLER_4_124,VPWR,li1,67.8500,24.4800,1.799989
FILLER_4_88,VPWR,li1,51.0600,24.4800,1.799984
FILLER_4_85,VPWR,li1,49.9100,24.4800,1.799984
FILLER_4_82,VPWR,li1,48.3000,24.4800,1.799984
FILLER_4_47,VPWR,li1,31.9700,24.4800,1.799980
FILLER_4_29,VPWR,li1,23.9200,24.4800,1.799985
FILLER_3_647,VPWR,li1,307.9700,19.0400,1.800000
FILLER_3_644,VPWR,li1,307.0500,19.0400,1.800000
FILLER_3_641,VPWR,li1,305.6700,19.0400,1.800000
FILLER_3_638,VPWR,li1,304.2900,19.0400,1.800000
FILLER_3_635,VPWR,li1,302.9100,19.0400,1.800000
FILLER_3_632,VPWR,li1,301.5300,19.0400,1.800000
FILLER_3_629,VPWR,li1,300.1500,19.0400,1.800000
FILLER_3_626,VPWR,li1,298.7700,19.0400,1.800000
FILLER_3_623,VPWR,li1,297.3900,19.0400,1.800000
FILLER_3_620,VPWR,li1,296.0100,19.0400,1.800000
FILLER_3_617,VPWR,li1,294.6300,19.0400,1.800000
FILLER_3_615,VPWR,li1,293.2500,19.0400,1.800000
FILLER_3_612,VPWR,li1,292.3300,19.0400,1.800000
FILLER_3_609,VPWR,li1,290.9500,19.0400,1.800000
FILLER_3_606,VPWR,li1,289.5700,19.0400,1.800000
FILLER_3_603,VPWR,li1,288.1900,19.0400,1.800000
FILLER_3_600,VPWR,li1,286.8100,19.0400,1.800000
FILLER_3_597,VPWR,li1,285.4300,19.0400,1.800000
FILLER_3_594,VPWR,li1,284.0500,19.0400,1.800000
FILLER_3_591,VPWR,li1,282.6700,19.0400,1.799999
FILLER_3_588,VPWR,li1,281.2900,19.0400,1.799999
FILLER_3_585,VPWR,li1,279.9100,19.0400,1.799999
FILLER_3_582,VPWR,li1,278.5300,19.0400,1.799999
FILLER_3_579,VPWR,li1,277.1500,19.0400,1.799999
FILLER_3_576,VPWR,li1,275.7700,19.0400,1.799999
FILLER_3_573,VPWR,li1,274.3900,19.0400,1.799999
FILLER_3_570,VPWR,li1,273.0100,19.0400,1.799999
FILLER_3_567,VPWR,li1,271.6300,19.0400,1.799999
FILLER_3_564,VPWR,li1,270.2500,19.0400,1.799999
FILLER_3_561,VPWR,li1,268.8700,19.0400,1.799999
FILLER_3_559,VPWR,li1,267.4900,19.0400,1.799999
FILLER_3_556,VPWR,li1,266.5700,19.0400,1.799998
FILLER_3_553,VPWR,li1,265.1900,19.0400,1.799998
FILLER_3_550,VPWR,li1,263.8100,19.0400,1.799998
FILLER_3_547,VPWR,li1,262.4300,19.0400,1.799998
FILLER_3_544,VPWR,li1,261.0500,19.0400,1.799998
FILLER_3_541,VPWR,li1,259.6700,19.0400,1.799998
FILLER_3_538,VPWR,li1,258.2900,19.0400,1.799998
FILLER_3_535,VPWR,li1,256.9100,19.0400,1.799998
FILLER_3_532,VPWR,li1,255.5300,19.0400,1.799998
FILLER_3_505,VPWR,li1,243.1100,19.0400,1.799995
FILLER_3_503,VPWR,li1,241.7300,19.0400,1.799994
FILLER_3_500,VPWR,li1,240.8100,19.0400,1.799994
FILLER_3_449,VPWR,li1,217.3500,19.0400,1.799994
FILLER_3_446,VPWR,li1,215.7400,19.0400,1.799994
FILLER_3_443,VPWR,li1,214.5900,19.0400,1.799994
FILLER_3_440,VPWR,li1,213.2100,19.0400,1.799994
FILLER_3_437,VPWR,li1,211.8300,19.0400,1.799995
FILLER_3_434,VPWR,li1,210.4500,19.0400,1.799995
FILLER_3_426,VPWR,li1,206.5400,19.0400,1.799996
FILLER_3_423,VPWR,li1,205.3900,19.0400,1.799996
FILLER_3_420,VPWR,li1,204.0100,19.0400,1.799996
FILLER_3_417,VPWR,li1,202.6300,19.0400,1.799996
FILLER_3_414,VPWR,li1,201.2500,19.0400,1.799996
FILLER_3_411,VPWR,li1,199.8700,19.0400,1.799997
FILLER_3_396,VPWR,li1,192.5100,19.0400,1.799997
FILLER_3_393,VPWR,li1,191.5900,19.0400,1.799997
FILLER_3_390,VPWR,li1,189.9800,19.0400,1.799997
FILLER_3_387,VPWR,li1,188.8300,19.0400,1.799997
FILLER_3_384,VPWR,li1,187.4500,19.0400,1.799997
FILLER_3_381,VPWR,li1,186.0700,19.0400,1.799998
FILLER_3_378,VPWR,li1,184.6900,19.0400,1.799998
FILLER_3_375,VPWR,li1,183.3100,19.0400,1.799998
FILLER_3_372,VPWR,li1,181.9300,19.0400,1.799998
FILLER_3_369,VPWR,li1,180.5500,19.0400,1.799998
FILLER_3_366,VPWR,li1,179.1700,19.0400,1.799998
FILLER_3_363,VPWR,li1,177.7900,19.0400,1.799998
FILLER_3_360,VPWR,li1,176.4100,19.0400,1.799998
FILLER_3_352,VPWR,li1,172.7300,19.0400,1.799999
FILLER_3_349,VPWR,li1,171.3500,19.0400,1.799999
FILLER_3_346,VPWR,li1,169.9700,19.0400,1.799999
FILLER_3_343,VPWR,li1,168.5900,19.0400,1.799999
FILLER_3_340,VPWR,li1,167.2100,19.0400,1.799999
FILLER_3_337,VPWR,li1,165.8300,19.0400,1.799999
FILLER_3_333,VPWR,li1,163.9900,19.0400,1.799999
FILLER_3_330,VPWR,li1,162.6100,19.0400,1.799999
FILLER_3_319,VPWR,li1,157.3200,19.0400,1.799999
FILLER_3_316,VPWR,li1,156.1700,19.0400,1.799999
FILLER_3_313,VPWR,li1,154.7900,19.0400,1.799999
FILLER_3_306,VPWR,li1,151.5700,19.0400,1.799999
FILLER_3_303,VPWR,li1,150.1900,19.0400,1.799999
FILLER_3_300,VPWR,li1,148.8100,19.0400,1.799999
FILLER_3_297,VPWR,li1,147.4300,19.0400,1.799999
FILLER_3_294,VPWR,li1,146.0500,19.0400,1.799999
FILLER_3_291,VPWR,li1,144.6700,19.0400,1.800000
FILLER_3_281,VPWR,li1,139.8400,19.0400,1.800000
FILLER_3_277,VPWR,li1,138.2300,19.0400,1.800000
FILLER_3_274,VPWR,li1,136.8500,19.0400,1.800000
FILLER_3_268,VPWR,li1,133.6300,19.0400,1.800000
FILLER_3_265,VPWR,li1,132.7100,19.0400,1.799999
FILLER_3_262,VPWR,li1,131.3300,19.0400,1.799999
FILLER_3_259,VPWR,li1,129.9500,19.0400,1.799999
FILLER_3_256,VPWR,li1,128.5700,19.0400,1.799999
FILLER_3_246,VPWR,li1,123.9700,19.0400,1.799999
FILLER_3_243,VPWR,li1,122.5900,19.0400,1.799999
FILLER_3_240,VPWR,li1,121.2100,19.0400,1.799999
FILLER_3_237,VPWR,li1,119.8300,19.0400,1.799999
FILLER_3_234,VPWR,li1,118.4500,19.0400,1.799999
FILLER_3_231,VPWR,li1,117.0700,19.0400,1.799999
FILLER_3_228,VPWR,li1,115.6900,19.0400,1.799999
FILLER_3_225,VPWR,li1,114.3100,19.0400,1.799999
FILLER_3_222,VPWR,li1,112.7000,19.0400,1.799999
FILLER_3_219,VPWR,li1,111.5500,19.0400,1.799999
FILLER_3_216,VPWR,li1,110.1700,19.0400,1.799999
FILLER_3_213,VPWR,li1,108.7900,19.0400,1.799998
FILLER_3_210,VPWR,li1,107.4100,19.0400,1.799998
FILLER_3_207,VPWR,li1,106.0300,19.0400,1.799998
FILLER_3_184,VPWR,li1,95.2200,19.0400,1.799997
FILLER_3_181,VPWR,li1,94.0700,19.0400,1.799997
FILLER_3_178,VPWR,li1,92.6900,19.0400,1.799997
FILLER_3_175,VPWR,li1,91.3100,19.0400,1.799997
FILLER_3_172,VPWR,li1,89.9300,19.0400,1.799997
FILLER_3_169,VPWR,li1,88.5500,19.0400,1.799997
FILLER_3_167,VPWR,li1,87.1700,19.0400,1.799997
FILLER_3_164,VPWR,li1,86.2500,19.0400,1.799997
FILLER_3_161,VPWR,li1,84.8700,19.0400,1.799997
FILLER_3_158,VPWR,li1,83.4900,19.0400,1.799997
FILLER_3_155,VPWR,li1,82.1100,19.0400,1.799997
FILLER_3_152,VPWR,li1,80.7300,19.0400,1.799997
FILLER_3_149,VPWR,li1,79.3500,19.0400,1.799997
FILLER_3_113,VPWR,li1,62.7900,19.0400,1.799995
FILLER_3_94,VPWR,li1,53.5900,19.0400,1.799995
FILLER_3_84,VPWR,li1,48.9900,19.0400,1.799996
FILLER_3_57,VPWR,li1,36.8000,19.0400,1.799995
FILLER_3_36,VPWR,li1,27.3700,19.0400,1.799995
FILLER_3_12,VPWR,li1,16.3300,19.0400,1.799997
FILLER_3_9,VPWR,li1,14.9500,19.0400,1.799998
FILLER_3_6,VPWR,li1,13.5700,19.0400,1.799998
FILLER_3_3,VPWR,li1,12.1900,19.0400,1.799998
FILLER_2_643,VPWR,li1,306.1300,19.0400,1.800000
FILLER_2_640,VPWR,li1,305.2100,19.0400,1.800000
FILLER_2_637,VPWR,li1,303.8300,19.0400,1.800000
FILLER_2_634,VPWR,li1,302.4500,19.0400,1.800000
FILLER_2_631,VPWR,li1,301.0700,19.0400,1.800000
FILLER_2_628,VPWR,li1,299.6900,19.0400,1.800000
FILLER_2_625,VPWR,li1,298.3100,19.0400,1.800000
FILLER_2_622,VPWR,li1,296.9300,19.0400,1.800000
FILLER_2_619,VPWR,li1,295.5500,19.0400,1.800000
FILLER_2_616,VPWR,li1,294.1700,19.0400,1.800000
FILLER_2_613,VPWR,li1,292.7900,19.0400,1.800000
FILLER_2_610,VPWR,li1,291.4100,19.0400,1.800000
FILLER_2_607,VPWR,li1,290.0300,19.0400,1.800000
FILLER_2_604,VPWR,li1,288.6500,19.0400,1.800000
FILLER_2_601,VPWR,li1,287.2700,19.0400,1.800000
FILLER_2_598,VPWR,li1,285.8900,19.0400,1.800000
FILLER_2_595,VPWR,li1,284.5100,19.0400,1.800000
FILLER_2_592,VPWR,li1,283.1300,19.0400,1.799999
FILLER_2_589,VPWR,li1,281.7500,19.0400,1.799999
FILLER_2_587,VPWR,li1,280.3700,19.0400,1.799999
FILLER_2_584,VPWR,li1,279.4500,19.0400,1.799999
FILLER_2_581,VPWR,li1,278.0700,19.0400,1.799999
FILLER_2_578,VPWR,li1,276.6900,19.0400,1.799999
FILLER_2_575,VPWR,li1,275.3100,19.0400,1.799999
FILLER_2_572,VPWR,li1,273.9300,19.0400,1.799999
FILLER_2_569,VPWR,li1,272.5500,19.0400,1.799999
FILLER_2_566,VPWR,li1,271.1700,19.0400,1.799999
FILLER_2_563,VPWR,li1,269.7900,19.0400,1.799999
FILLER_2_560,VPWR,li1,268.4100,19.0400,1.799999
FILLER_2_557,VPWR,li1,267.0300,19.0400,1.799998
FILLER_2_554,VPWR,li1,265.6500,19.0400,1.799998
FILLER_2_551,VPWR,li1,264.2700,19.0400,1.799998
FILLER_2_548,VPWR,li1,262.8900,19.0400,1.799998
FILLER_2_545,VPWR,li1,261.5100,19.0400,1.799998
FILLER_2_542,VPWR,li1,260.1300,19.0400,1.799998
FILLER_2_539,VPWR,li1,258.7500,19.0400,1.799998
FILLER_2_536,VPWR,li1,257.3700,19.0400,1.799998
FILLER_2_533,VPWR,li1,255.9900,19.0400,1.799998
FILLER_2_531,VPWR,li1,254.6100,19.0400,1.799998
FILLER_2_526,VPWR,li1,252.3100,19.0400,1.799997
FILLER_2_523,VPWR,li1,251.3900,19.0400,1.799997
FILLER_2_520,VPWR,li1,250.0100,19.0400,1.799997
FILLER_2_517,VPWR,li1,248.6300,19.0400,1.799997
FILLER_2_514,VPWR,li1,247.2500,19.0400,1.799996
FILLER_2_490,VPWR,li1,236.2100,19.0400,1.799994
FILLER_2_480,VPWR,li1,231.3800,19.0400,1.799994
FILLER_2_474,VPWR,li1,228.6200,19.0400,1.799995
FILLER_2_462,VPWR,li1,222.8700,19.0400,1.799995
FILLER_2_432,VPWR,li1,209.0700,19.0400,1.799995
FILLER_2_419,VPWR,li1,203.0900,19.0400,1.799996
FILLER_2_416,VPWR,li1,202.1700,19.0400,1.799996
FILLER_2_413,VPWR,li1,200.7900,19.0400,1.799996
FILLER_2_410,VPWR,li1,199.4100,19.0400,1.799997
FILLER_2_386,VPWR,li1,188.3700,19.0400,1.799997
FILLER_2_381,VPWR,li1,185.6100,19.0400,1.799998
FILLER_2_378,VPWR,li1,184.6900,19.0400,1.799998
FILLER_2_368,VPWR,li1,179.8600,19.0400,1.799998
FILLER_2_365,VPWR,li1,178.7100,19.0400,1.799998
FILLER_2_361,VPWR,li1,176.8700,19.0400,1.799998
FILLER_2_358,VPWR,li1,175.4900,19.0400,1.799999
FILLER_2_355,VPWR,li1,174.1100,19.0400,1.799999
FILLER_2_352,VPWR,li1,172.7300,19.0400,1.799999
FILLER_2_349,VPWR,li1,171.3500,19.0400,1.799999
FILLER_2_337,VPWR,li1,165.6000,19.0400,1.799999
FILLER_2_334,VPWR,li1,164.4500,19.0400,1.799999
FILLER_2_318,VPWR,li1,156.8600,19.0400,1.799999
FILLER_2_315,VPWR,li1,155.7100,19.0400,1.799999
FILLER_2_309,VPWR,li1,152.7200,19.0400,1.799999
FILLER_2_300,VPWR,li1,148.8100,19.0400,1.799999
FILLER_2_293,VPWR,li1,145.3600,19.0400,1.800000
FILLER_2_290,VPWR,li1,144.2100,19.0400,1.800000
FILLER_2_279,VPWR,li1,139.1500,19.0400,1.800000
FILLER_2_276,VPWR,li1,137.7700,19.0400,1.800000
FILLER_2_273,VPWR,li1,136.3900,19.0400,1.800000
FILLER_2_265,VPWR,li1,132.7100,19.0400,1.799999
FILLER_2_262,VPWR,li1,131.3300,19.0400,1.799999
FILLER_2_259,VPWR,li1,129.9500,19.0400,1.799999
FILLER_2_256,VPWR,li1,128.5700,19.0400,1.799999
FILLER_2_253,VPWR,li1,127.1900,19.0400,1.799999
FILLER_2_251,VPWR,li1,125.8100,19.0400,1.799999
FILLER_2_248,VPWR,li1,124.8900,19.0400,1.799999
FILLER_2_245,VPWR,li1,123.5100,19.0400,1.799999
FILLER_2_242,VPWR,li1,122.1300,19.0400,1.799999
FILLER_2_239,VPWR,li1,120.7500,19.0400,1.799999
FILLER_2_236,VPWR,li1,119.3700,19.0400,1.799999
FILLER_2_229,VPWR,li1,115.9200,19.0400,1.799999
FILLER_2_226,VPWR,li1,114.7700,19.0400,1.799999
FILLER_2_223,VPWR,li1,113.3900,19.0400,1.799999
FILLER_2_220,VPWR,li1,112.0100,19.0400,1.799999
FILLER_2_212,VPWR,li1,108.3300,19.0400,1.799998
FILLER_2_205,VPWR,li1,104.8800,19.0400,1.799998
FILLER_2_192,VPWR,li1,98.6700,19.0400,1.799997
FILLER_2_189,VPWR,li1,97.7500,19.0400,1.799997
FILLER_2_186,VPWR,li1,96.3700,19.0400,1.799997
FILLER_2_183,VPWR,li1,94.9900,19.0400,1.799997
FILLER_2_180,VPWR,li1,93.6100,19.0400,1.799997
FILLER_2_177,VPWR,li1,92.2300,19.0400,1.799997
FILLER_2_174,VPWR,li1,90.8500,19.0400,1.799997
FILLER_2_171,VPWR,li1,89.4700,19.0400,1.799997
FILLER_2_168,VPWR,li1,88.0900,19.0400,1.799997
FILLER_2_165,VPWR,li1,86.7100,19.0400,1.799997
FILLER_2_162,VPWR,li1,85.3300,19.0400,1.799997
FILLER_2_159,VPWR,li1,83.9500,19.0400,1.799997
FILLER_2_156,VPWR,li1,82.5700,19.0400,1.799997
FILLER_2_153,VPWR,li1,81.1900,19.0400,1.799997
FILLER_2_150,VPWR,li1,79.8100,19.0400,1.799997
FILLER_2_147,VPWR,li1,78.4300,19.0400,1.799997
FILLER_2_144,VPWR,li1,77.0500,19.0400,1.799997
FILLER_2_141,VPWR,li1,75.6700,19.0400,1.799997
FILLER_2_123,VPWR,li1,66.9300,19.0400,1.799995
FILLER_2_105,VPWR,li1,58.6500,19.0400,1.799995
FILLER_2_88,VPWR,li1,50.8300,19.0400,1.799996
FILLER_2_85,VPWR,li1,49.9100,19.0400,1.799996
FILLER_2_82,VPWR,li1,48.3000,19.0400,1.799996
FILLER_2_27,VPWR,li1,22.7700,19.0400,1.799995
FILLER_2_18,VPWR,li1,18.6300,19.0400,1.799997
FILLER_2_15,VPWR,li1,17.7100,19.0400,1.799997
FILLER_2_12,VPWR,li1,16.3300,19.0400,1.799997
FILLER_2_9,VPWR,li1,14.9500,19.0400,1.799998
FILLER_2_6,VPWR,li1,13.5700,19.0400,1.799998
FILLER_2_3,VPWR,li1,12.1900,19.0400,1.799998
FILLER_1_629,VPWR,li1,300.1500,13.6000,1.800000
FILLER_1_626,VPWR,li1,298.7700,13.6000,1.800000
FILLER_1_623,VPWR,li1,297.3900,13.6000,1.800000
FILLER_1_620,VPWR,li1,296.0100,13.6000,1.800000
FILLER_1_617,VPWR,li1,294.6300,13.6000,1.800000
FILLER_1_614,VPWR,li1,293.0200,13.6000,1.800000
FILLER_1_611,VPWR,li1,291.8700,13.6000,1.800000
FILLER_1_608,VPWR,li1,290.4900,13.6000,1.800000
FILLER_1_605,VPWR,li1,289.1100,13.6000,1.800000
FILLER_1_602,VPWR,li1,287.7300,13.6000,1.800000
FILLER_1_599,VPWR,li1,286.3500,13.6000,1.800000
FILLER_1_596,VPWR,li1,284.9700,13.6000,1.800000
FILLER_1_593,VPWR,li1,283.5900,13.6000,1.800000
FILLER_1_588,VPWR,li1,280.8300,13.6000,1.799999
FILLER_1_585,VPWR,li1,279.9100,13.6000,1.799999
FILLER_1_582,VPWR,li1,278.5300,13.6000,1.799999
FILLER_1_579,VPWR,li1,277.1500,13.6000,1.799999
FILLER_1_576,VPWR,li1,275.7700,13.6000,1.799999
FILLER_1_573,VPWR,li1,274.3900,13.6000,1.799999
FILLER_1_570,VPWR,li1,273.0100,13.6000,1.799999
FILLER_1_567,VPWR,li1,271.6300,13.6000,1.799999
FILLER_1_564,VPWR,li1,270.2500,13.6000,1.799999
FILLER_1_561,VPWR,li1,268.8700,13.6000,1.799999
FILLER_1_559,VPWR,li1,267.4900,13.6000,1.799999
FILLER_1_556,VPWR,li1,266.5700,13.6000,1.799999
FILLER_1_553,VPWR,li1,265.1900,13.6000,1.799999
FILLER_1_550,VPWR,li1,263.8100,13.6000,1.799999
FILLER_1_547,VPWR,li1,262.4300,13.6000,1.799999
FILLER_1_544,VPWR,li1,261.0500,13.6000,1.799999
FILLER_1_541,VPWR,li1,259.6700,13.6000,1.799999
FILLER_1_538,VPWR,li1,258.2900,13.6000,1.799999
FILLER_1_535,VPWR,li1,256.9100,13.6000,1.799999
FILLER_1_532,VPWR,li1,255.5300,13.6000,1.799998
FILLER_1_529,VPWR,li1,254.1500,13.6000,1.799998
FILLER_1_526,VPWR,li1,252.7700,13.6000,1.799998
FILLER_1_523,VPWR,li1,251.3900,13.6000,1.799997
FILLER_1_520,VPWR,li1,250.0100,13.6000,1.799997
FILLER_1_517,VPWR,li1,248.6300,13.6000,1.799997
FILLER_1_514,VPWR,li1,247.2500,13.6000,1.799997
FILLER_1_511,VPWR,li1,245.8700,13.6000,1.799996
FILLER_1_508,VPWR,li1,244.4900,13.6000,1.799996
FILLER_1_449,VPWR,li1,217.1200,13.6000,1.799995
FILLER_1_446,VPWR,li1,215.7400,13.6000,1.799995
FILLER_1_442,VPWR,li1,213.6700,13.6000,1.799996
FILLER_1_439,VPWR,li1,212.7500,13.6000,1.799996
FILLER_1_432,VPWR,li1,209.0700,13.6000,1.799996
FILLER_1_403,VPWR,li1,195.9600,13.6000,1.799998
FILLER_1_393,VPWR,li1,191.3600,13.6000,1.799998
FILLER_1_376,VPWR,li1,183.7700,13.6000,1.799998
FILLER_1_369,VPWR,li1,180.3200,13.6000,1.799998
FILLER_1_361,VPWR,li1,176.6400,13.6000,1.799998
FILLER_1_352,VPWR,li1,172.5000,13.6000,1.799998
FILLER_1_345,VPWR,li1,169.0500,13.6000,1.799998
FILLER_1_334,VPWR,li1,164.2200,13.6000,1.799998
FILLER_1_331,VPWR,li1,163.0700,13.6000,1.799998
FILLER_1_300,VPWR,li1,148.8100,13.6000,1.799998
FILLER_1_297,VPWR,li1,147.4300,13.6000,1.799998
FILLER_1_281,VPWR,li1,139.6100,13.6000,1.799999
FILLER_1_277,VPWR,li1,138.2300,13.6000,1.799999
FILLER_1_274,VPWR,li1,136.8500,13.6000,1.799999
FILLER_1_267,VPWR,li1,133.1700,13.6000,1.799999
FILLER_1_264,VPWR,li1,132.2500,13.6000,1.799999
FILLER_1_261,VPWR,li1,130.8700,13.6000,1.799999
FILLER_1_258,VPWR,li1,129.4900,13.6000,1.799999
FILLER_1_252,VPWR,li1,126.2700,13.6000,1.799999
FILLER_1_249,VPWR,li1,125.3500,13.6000,1.799999
FILLER_1_246,VPWR,li1,123.9700,13.6000,1.799999
FILLER_1_243,VPWR,li1,122.5900,13.6000,1.799999
FILLER_1_240,VPWR,li1,121.2100,13.6000,1.799999
FILLER_1_237,VPWR,li1,119.8300,13.6000,1.799999
FILLER_1_228,VPWR,li1,115.4600,13.6000,1.799998
FILLER_1_225,VPWR,li1,114.3100,13.6000,1.799998
FILLER_1_223,VPWR,li1,112.9300,13.6000,1.799998
FILLER_1_220,VPWR,li1,112.0100,13.6000,1.799998
FILLER_1_213,VPWR,li1,108.3300,13.6000,1.799998
FILLER_1_206,VPWR,li1,105.3400,13.6000,1.799998
FILLER_1_203,VPWR,li1,104.1900,13.6000,1.799997
FILLER_1_181,VPWR,li1,93.6100,13.6000,1.799996
FILLER_1_178,VPWR,li1,92.6900,13.6000,1.799996
FILLER_1_175,VPWR,li1,91.3100,13.6000,1.799996
FILLER_1_172,VPWR,li1,89.9300,13.6000,1.799996
FILLER_1_169,VPWR,li1,88.5500,13.6000,1.799996
FILLER_1_167,VPWR,li1,87.1700,13.6000,1.799996
FILLER_1_164,VPWR,li1,86.2500,13.6000,1.799996
FILLER_1_155,VPWR,li1,81.6500,13.6000,1.799996
FILLER_1_152,VPWR,li1,80.7300,13.6000,1.799996
FILLER_1_149,VPWR,li1,79.3500,13.6000,1.799996
FILLER_1_146,VPWR,li1,77.9700,13.6000,1.799995
FILLER_1_143,VPWR,li1,76.5900,13.6000,1.799995
FILLER_1_125,VPWR,li1,67.8500,13.6000,1.799992
FILLER_1_122,VPWR,li1,66.9300,13.6000,1.799992
FILLER_1_113,VPWR,li1,62.3300,13.6000,1.799991
FILLER_1_109,VPWR,li1,60.9500,13.6000,1.799991
FILLER_1_106,VPWR,li1,59.5700,13.6000,1.799991
FILLER_1_63,VPWR,li1,39.3300,13.6000,1.799992
FILLER_1_60,VPWR,li1,38.4100,13.6000,1.799992
FILLER_1_57,VPWR,li1,37.0300,13.6000,1.799992
FILLER_1_21,VPWR,li1,20.0100,13.6000,1.799995
FILLER_1_18,VPWR,li1,19.0900,13.6000,1.799995
FILLER_1_15,VPWR,li1,17.7100,13.6000,1.799996
FILLER_1_12,VPWR,li1,16.3300,13.6000,1.799997
FILLER_1_9,VPWR,li1,14.9500,13.6000,1.799997
FILLER_0_635,VPWR,li1,302.4500,13.6000,1.800000
FILLER_0_632,VPWR,li1,301.5300,13.6000,1.800000
FILLER_0_629,VPWR,li1,300.1500,13.6000,1.800000
FILLER_0_620,VPWR,li1,295.5500,13.6000,1.800000
FILLER_0_617,VPWR,li1,294.6300,13.6000,1.800000
FILLER_0_614,VPWR,li1,293.0200,13.6000,1.800000
FILLER_0_611,VPWR,li1,291.8700,13.6000,1.800000
FILLER_0_608,VPWR,li1,290.4900,13.6000,1.800000
FILLER_0_605,VPWR,li1,289.1100,13.6000,1.800000
FILLER_0_595,VPWR,li1,284.2800,13.6000,1.800000
FILLER_0_592,VPWR,li1,283.1300,13.6000,1.800000
FILLER_0_446,VPWR,li1,215.7400,13.6000,1.799995
FILLER_0_443,VPWR,li1,214.5900,13.6000,1.799996
FILLER_0_440,VPWR,li1,213.2100,13.6000,1.799996
FILLER_0_437,VPWR,li1,211.8300,13.6000,1.799996
FILLER_0_426,VPWR,li1,206.7700,13.6000,1.799996
FILLER_0_419,VPWR,li1,203.0900,13.6000,1.799996
FILLER_0_416,VPWR,li1,202.1700,13.6000,1.799996
FILLER_0_413,VPWR,li1,200.7900,13.6000,1.799996
FILLER_0_402,VPWR,li1,195.7300,13.6000,1.799998
FILLER_0_399,VPWR,li1,194.3500,13.6000,1.799998
FILLER_0_396,VPWR,li1,192.9700,13.6000,1.799998
FILLER_0_393,VPWR,li1,191.5900,13.6000,1.799998
FILLER_0_389,VPWR,li1,189.7500,13.6000,1.799998
FILLER_0_379,VPWR,li1,184.9200,13.6000,1.799998
FILLER_0_371,VPWR,li1,181.4700,13.6000,1.799998
FILLER_0_368,VPWR,li1,180.0900,13.6000,1.799998
FILLER_0_365,VPWR,li1,178.7100,13.6000,1.799998
FILLER_0_353,VPWR,li1,173.1900,13.6000,1.799998
FILLER_0_350,VPWR,li1,171.8100,13.6000,1.799998
FILLER_0_333,VPWR,li1,163.9900,13.6000,1.799998
FILLER_0_589,VPWR,li1,281.7500,13.6000,1.800000
FILLER_0_330,VPWR,li1,162.6100,13.6000,1.799998
FILLER_0_327,VPWR,li1,161.2300,13.6000,1.799998
FILLER_0_324,VPWR,li1,159.8500,13.6000,1.799998
FILLER_0_519,VPWR,li1,249.5500,13.6000,1.799997
FILLER_0_320,VPWR,li1,157.5500,13.6000,1.799997
FILLER_0_587,VPWR,li1,280.3700,13.6000,1.799999
FILLER_0_516,VPWR,li1,248.1700,13.6000,1.799997
FILLER_0_584,VPWR,li1,279.4500,13.6000,1.799999
FILLER_0_581,VPWR,li1,278.0700,13.6000,1.799999
FILLER_0_317,VPWR,li1,156.6300,13.6000,1.799997
FILLER_0_305,VPWR,li1,151.1100,13.6000,1.799998
FILLER_0_302,VPWR,li1,149.7300,13.6000,1.799998
FILLER_0_299,VPWR,li1,148.3500,13.6000,1.799998
FILLER_0_296,VPWR,li1,146.9700,13.6000,1.799998
FILLER_0_293,VPWR,li1,145.5900,13.6000,1.799998
FILLER_0_284,VPWR,li1,140.9900,13.6000,1.799999
FILLER_0_281,VPWR,li1,140.0700,13.6000,1.799999
FILLER_0_278,VPWR,li1,138.4600,13.6000,1.799999
FILLER_0_275,VPWR,li1,137.3100,13.6000,1.799999
FILLER_0_272,VPWR,li1,135.9300,13.6000,1.799999
FILLER_0_269,VPWR,li1,134.5500,13.6000,1.799999
FILLER_0_259,VPWR,li1,129.7200,13.6000,1.799999
FILLER_0_256,VPWR,li1,128.5700,13.6000,1.799999
FILLER_0_253,VPWR,li1,127.1900,13.6000,1.799999
FILLER_0_251,VPWR,li1,125.8100,13.6000,1.799999
FILLER_0_248,VPWR,li1,124.8900,13.6000,1.799999
FILLER_0_245,VPWR,li1,123.5100,13.6000,1.799999
FILLER_0_234,VPWR,li1,118.4500,13.6000,1.799998
FILLER_0_231,VPWR,li1,117.0700,13.6000,1.799998
FILLER_0_570,VPWR,li1,273.0100,13.6000,1.799999
FILLER_0_228,VPWR,li1,115.6900,13.6000,1.799998
FILLER_0_225,VPWR,li1,114.3100,13.6000,1.799998
FILLER_0_221,VPWR,li1,112.4700,13.6000,1.799998
FILLER_0_513,VPWR,li1,246.7900,13.6000,1.799997
FILLER_0_211,VPWR,li1,107.6400,13.6000,1.799998
FILLER_0_567,VPWR,li1,271.6300,13.6000,1.799999
FILLER_0_480,VPWR,li1,231.6100,13.6000,1.799994
FILLER_0_564,VPWR,li1,270.2500,13.6000,1.799999
FILLER_0_561,VPWR,li1,268.8700,13.6000,1.799999
FILLER_0_208,VPWR,li1,106.4900,13.6000,1.799998
FILLER_0_186,VPWR,li1,96.1400,13.6000,1.799996
FILLER_0_183,VPWR,li1,94.9900,13.6000,1.799996
FILLER_0_180,VPWR,li1,93.6100,13.6000,1.799996
FILLER_0_177,VPWR,li1,92.2300,13.6000,1.799996
FILLER_0_167,VPWR,li1,87.1700,13.6000,1.799996
FILLER_0_164,VPWR,li1,86.2500,13.6000,1.799996
FILLER_0_161,VPWR,li1,84.8700,13.6000,1.799996
FILLER_0_158,VPWR,li1,83.4900,13.6000,1.799996
FILLER_0_155,VPWR,li1,82.1100,13.6000,1.799996
FILLER_0_152,VPWR,li1,80.7300,13.6000,1.799996
FILLER_0_149,VPWR,li1,79.3500,13.6000,1.799996
FILLER_0_138,VPWR,li1,74.0600,13.6000,1.799995
FILLER_0_135,VPWR,li1,72.9100,13.6000,1.799994
FILLER_0_116,VPWR,li1,63.9400,13.6000,1.799992
FILLER_0_113,VPWR,li1,62.7900,13.6000,1.799991
FILLER_0_102,VPWR,li1,57.5000,13.6000,1.799991
FILLER_0_57,VPWR,li1,36.8000,13.6000,1.799992
FILLER_0_557,VPWR,li1,267.0300,13.6000,1.799999
FILLER_0_38,VPWR,li1,28.0600,13.6000,1.799992
FILLER_0_29,VPWR,li1,23.6900,13.6000,1.799993
FILLER_0_27,VPWR,li1,22.7700,13.6000,1.799994
FILLER_0_548,VPWR,li1,262.4300,13.6000,1.799999
FILLER_0_477,VPWR,li1,230.2300,13.6000,1.799995
FILLER_0_545,VPWR,li1,261.5100,13.6000,1.799999
FILLER_0_542,VPWR,li1,260.1300,13.6000,1.799999
FILLER_0_24,VPWR,li1,21.8500,13.6000,1.799994
FILLER_0_20,VPWR,li1,19.5500,13.6000,1.799995
FILLER_0_17,VPWR,li1,18.6300,13.6000,1.799996
FILLER_0_14,VPWR,li1,17.2500,13.6000,1.799996
FILLER_0_11,VPWR,li1,15.8700,13.6000,1.799997
FILLER_0_539,VPWR,li1,258.7500,13.6000,1.799999
FILLER_0_473,VPWR,li1,228.3900,13.6000,1.799996
FILLER_0_536,VPWR,li1,257.3700,13.6000,1.799999
FILLER_0_449,VPWR,li1,217.1200,13.6000,1.799995
FILLER_0_533,VPWR,li1,255.9900,13.6000,1.799998
FILLER_0_522,VPWR,li1,250.7000,13.6000,1.799997
ANTENNA_11,VPWR,li1,95.2200,296.4800,1.799997
ANTENNA_10,VPWR,li1,150.8800,73.4400,1.799998
ANTENNA_9,VPWR,li1,125.5800,187.6800,1.799995
ANTENNA_8,VPWR,li1,51.0600,269.2800,1.799994
ANTENNA_7,VPWR,li1,54.7400,214.8800,1.799993
ANTENNA_6,VPWR,li1,215.7400,193.1200,1.799996
ANTENNA_5,VPWR,li1,53.8200,46.2400,1.799991
ANTENNA_4,VPWR,li1,161.4600,247.5200,1.799998
ANTENNA_3,VPWR,li1,165.6000,127.8400,1.799997
ANTENNA_2,VPWR,li1,162.3800,160.4800,1.799972
ANTENNA_1,VPWR,li1,69.9200,193.1200,1.799996
hold883,VPWR,li1,261.7400,73.4400,1.799993
hold882,VPWR,li1,123.2800,176.8000,1.799996
hold881,VPWR,li1,123.7400,116.9600,1.799993
hold884,VPWR,li1,123.2800,242.0800,1.799987
hold886,VPWR,li1,102.5800,13.6000,1.799997
hold885,VPWR,li1,120.5200,171.3600,1.799996
hold887,VPWR,li1,132.9400,307.3600,1.800000
hold879,VPWR,li1,282.9000,220.3200,1.799983
hold880,VPWR,li1,186.3000,51.6800,1.799999
hold877,VPWR,li1,233.6800,19.0400,1.799994
hold878,VPWR,li1,290.2600,263.8400,1.799995
hold875,VPWR,li1,102.5800,19.0400,1.799998
hold876,VPWR,li1,188.1400,122.4000,1.799990
hold873,VPWR,li1,265.8800,46.2400,1.799991
hold874,VPWR,li1,224.4800,13.6000,1.799996
hold871,VPWR,li1,264.5000,144.1600,1.799993
hold872,VPWR,li1,262.6600,187.6800,1.799982
hold869,VPWR,li1,224.9400,19.0400,1.799996
hold870,VPWR,li1,106.7200,307.3600,1.800000
hold867,VPWR,li1,276.4600,214.8800,1.799994
hold868,VPWR,li1,277.3800,291.0400,1.799996
hold865,VPWR,li1,278.7600,78.8800,1.799995
hold866,VPWR,li1,118.2200,307.3600,1.800000
hold863,VPWR,li1,172.0400,301.9200,1.799995
hold864,VPWR,li1,175.7200,269.2800,1.799995
hold861,VPWR,li1,123.2800,187.6800,1.799995
hold862,VPWR,li1,272.3200,247.5200,1.799984
hold859,VPWR,li1,270.0200,252.9600,1.799995
hold860,VPWR,li1,231.3800,133.2800,1.799988
hold857,VPWR,li1,129.2600,62.5600,1.799999
hold858,VPWR,li1,137.0800,198.5600,1.799997
hold855,VPWR,li1,128.3400,193.1200,1.799995
hold856,VPWR,li1,120.5200,138.7200,1.799997
hold853,VPWR,li1,120.5200,144.1600,1.799997
hold854,VPWR,li1,120.5200,122.4000,1.799993
hold851,VPWR,li1,245.6400,165.9200,1.799994
hold852,VPWR,li1,270.0200,296.4800,1.799994
hold849,VPWR,li1,213.4400,280.1600,1.799993
hold850,VPWR,li1,128.3400,149.6000,1.799995
hold847,VPWR,li1,227.2400,89.7600,1.799985
hold848,VPWR,li1,219.8800,122.4000,1.799986
hold845,VPWR,li1,192.7400,78.8800,1.799996
hold846,VPWR,li1,257.6000,182.2400,1.799991
hold843,VPWR,li1,245.6400,155.0400,1.799998
hold844,VPWR,li1,128.3400,106.0800,1.799997
hold841,VPWR,li1,180.7800,78.8800,1.799996
hold842,VPWR,li1,235.9800,127.8400,1.799993
hold839,VPWR,li1,129.2600,209.4400,1.799997
hold840,VPWR,li1,195.9600,19.0400,1.799997
hold837,VPWR,li1,42.3200,231.2000,1.799994
hold838,VPWR,li1,46.9200,247.5200,1.799990
hold835,VPWR,li1,46.4600,291.0400,1.799994
hold836,VPWR,li1,43.2400,242.0800,1.799985
hold833,VPWR,li1,51.0600,285.6000,1.799995
hold834,VPWR,li1,58.4200,307.3600,1.800000
hold831,VPWR,li1,63.9400,296.4800,1.799995
hold832,VPWR,li1,69.0000,19.0400,1.799996
hold829,VPWR,li1,28.5200,291.0400,1.799994
hold830,VPWR,li1,31.2800,247.5200,1.799977
hold827,VPWR,li1,32.6600,285.6000,1.799995
hold828,VPWR,li1,31.2800,127.8400,1.799981
hold825,VPWR,li1,38.6400,285.6000,1.799995
hold826,VPWR,li1,33.1200,274.7200,1.799994
hold823,VPWR,li1,17.4800,258.4000,1.799996
hold824,VPWR,li1,46.9200,95.2000,1.799996
hold821,VPWR,li1,43.7000,225.7600,1.799996
hold822,VPWR,li1,17.0200,269.2800,1.799997
hold819,VPWR,li1,50.6000,296.4800,1.799995
hold820,VPWR,li1,21.1600,111.5200,1.799995
hold817,VPWR,li1,34.0400,220.3200,1.799980
hold818,VPWR,li1,25.3000,269.2800,1.799995
hold815,VPWR,li1,51.0600,280.1600,1.799987
hold816,VPWR,li1,17.0200,160.4800,1.799994
hold813,VPWR,li1,25.3000,165.9200,1.799994
hold814,VPWR,li1,21.1600,247.5200,1.799974
hold811,VPWR,li1,63.9400,182.2400,1.799978
hold812,VPWR,li1,17.4800,182.2400,1.799997
hold809,VPWR,li1,70.8400,187.6800,1.799994
hold810,VPWR,li1,30.8200,285.6000,1.799995
hold807,VPWR,li1,21.1600,242.0800,1.799991
hold808,VPWR,li1,25.3000,193.1200,1.799995
hold805,VPWR,li1,46.9200,263.8400,1.799996
hold806,VPWR,li1,21.1600,176.8000,1.799982
hold803,VPWR,li1,34.0400,204.0000,1.799975
hold804,VPWR,li1,46.9200,301.9200,1.799997
hold801,VPWR,li1,38.6400,296.4800,1.799995
hold802,VPWR,li1,16.1000,269.2800,1.799998
hold799,VPWR,li1,32.2000,291.0400,1.799994
hold800,VPWR,li1,72.2200,171.3600,1.799996
hold797,VPWR,li1,38.6400,155.0400,1.799994
hold798,VPWR,li1,51.5200,187.6800,1.799992
hold795,VPWR,li1,26.2200,214.8800,1.799988
hold796,VPWR,li1,66.2400,160.4800,1.799995
hold793,VPWR,li1,63.9400,171.3600,1.799994
hold794,VPWR,li1,40.9400,198.5600,1.799992
hold791,VPWR,li1,55.6600,187.6800,1.799992
hold792,VPWR,li1,21.1600,220.3200,1.799986
hold789,VPWR,li1,17.4800,242.0800,1.799992
hold790,VPWR,li1,30.3600,225.7600,1.799994
hold787,VPWR,li1,38.6400,263.8400,1.799994
hold788,VPWR,li1,55.2000,95.2000,1.799995
hold785,VPWR,li1,32.2000,236.6400,1.799993
hold786,VPWR,li1,31.2800,258.4000,1.799994
hold783,VPWR,li1,54.7400,160.4800,1.799995
hold784,VPWR,li1,67.6200,171.3600,1.799995
hold781,VPWR,li1,29.9000,116.9600,1.799994
hold782,VPWR,li1,21.1600,171.3600,1.799996
hold779,VPWR,li1,30.3600,198.5600,1.799992
hold780,VPWR,li1,56.1200,296.4800,1.799994
hold777,VPWR,li1,59.8000,280.1600,1.799989
hold778,VPWR,li1,21.1600,258.4000,1.799996
hold775,VPWR,li1,53.8200,198.5600,1.799992
hold776,VPWR,li1,16.1000,193.1200,1.799996
hold773,VPWR,li1,34.0400,252.9600,1.799994
hold774,VPWR,li1,38.1800,263.8400,1.799994
hold771,VPWR,li1,46.9200,187.6800,1.799993
hold772,VPWR,li1,17.0200,122.4000,1.799994
hold769,VPWR,li1,44.1600,269.2800,1.799995
hold770,VPWR,li1,30.3600,176.8000,1.799973
hold767,VPWR,li1,65.3200,35.3600,1.799994
hold768,VPWR,li1,59.8000,68.0000,1.799997
hold765,VPWR,li1,21.1600,252.9600,1.799994
hold766,VPWR,li1,27.1400,155.0400,1.799994
hold763,VPWR,li1,33.1200,193.1200,1.799995
hold764,VPWR,li1,20.2400,236.6400,1.799994
hold761,VPWR,li1,46.9200,214.8800,1.799993
hold762,VPWR,li1,32.6600,165.9200,1.799995
hold759,VPWR,li1,39.1000,193.1200,1.799996
hold760,VPWR,li1,28.5200,236.6400,1.799993
hold757,VPWR,li1,19.7800,182.2400,1.799996
hold758,VPWR,li1,51.0600,176.8000,1.799989
hold755,VPWR,li1,57.0400,176.8000,1.799989
hold756,VPWR,li1,51.0600,171.3600,1.799995
hold753,VPWR,li1,28.9800,182.2400,1.799994
hold754,VPWR,li1,22.0800,89.7600,1.799993
hold751,VPWR,li1,21.1600,225.7600,1.799996
hold752,VPWR,li1,46.9200,89.7600,1.799986
hold749,VPWR,li1,22.5400,280.1600,1.799982
hold750,VPWR,li1,40.9400,252.9600,1.799995
hold747,VPWR,li1,21.1600,144.1600,1.799989
hold748,VPWR,li1,21.1600,209.4400,1.799994
hold745,VPWR,li1,46.9200,116.9600,1.799996
hold746,VPWR,li1,29.4400,122.4000,1.799991
hold743,VPWR,li1,15.6400,95.2000,1.799997
hold744,VPWR,li1,13.8000,252.9600,1.799996
hold741,VPWR,li1,30.3600,263.8400,1.799992
hold742,VPWR,li1,17.4800,138.7200,1.799995
hold739,VPWR,li1,17.4800,144.1600,1.799991
hold740,VPWR,li1,41.8600,122.4000,1.799992
hold737,VPWR,li1,21.1600,155.0400,1.799995
hold738,VPWR,li1,51.0600,214.8800,1.799993
hold735,VPWR,li1,56.5800,116.9600,1.799993
hold736,VPWR,li1,57.9600,242.0800,1.799975
hold733,VPWR,li1,46.4600,138.7200,1.799996
hold734,VPWR,li1,17.4800,111.5200,1.799996
hold731,VPWR,li1,46.9200,231.2000,1.799995
hold732,VPWR,li1,40.4800,84.3200,1.799993
hold729,VPWR,li1,28.5200,242.0800,1.799987
hold730,VPWR,li1,45.0800,160.4800,1.799996
hold727,VPWR,li1,65.3200,19.0400,1.799995
hold728,VPWR,li1,17.4800,171.3600,1.799997
hold725,VPWR,li1,55.2000,24.4800,1.799984
hold726,VPWR,li1,28.9800,95.2000,1.799995
hold723,VPWR,li1,34.0400,133.2800,1.799995
hold724,VPWR,li1,43.2400,106.0800,1.799995
hold721,VPWR,li1,38.1800,209.4400,1.799993
hold722,VPWR,li1,21.1600,84.3200,1.799994
hold719,VPWR,li1,17.4800,225.7600,1.799996
hold720,VPWR,li1,17.4800,198.5600,1.799994
hold717,VPWR,li1,26.6800,225.7600,1.799995
hold718,VPWR,li1,34.0400,193.1200,1.799995
hold715,VPWR,li1,72.6800,19.0400,1.799997
hold716,VPWR,li1,56.1200,106.0800,1.799992
hold713,VPWR,li1,58.8800,24.4800,1.799986
hold714,VPWR,li1,68.0800,111.5200,1.799997
hold711,VPWR,li1,64.4000,236.6400,1.799993
hold712,VPWR,li1,38.6400,138.7200,1.799994
hold709,VPWR,li1,34.0400,225.7600,1.799994
hold710,VPWR,li1,21.1600,231.2000,1.799992
hold707,VPWR,li1,46.0000,19.0400,1.799996
hold708,VPWR,li1,21.1600,193.1200,1.799996
hold705,VPWR,li1,45.5400,73.4400,1.799988
hold706,VPWR,li1,46.9200,155.0400,1.799995
hold703,VPWR,li1,30.3600,220.3200,1.799981
hold704,VPWR,li1,30.3600,204.0000,1.799973
hold701,VPWR,li1,44.1600,193.1200,1.799996
hold702,VPWR,li1,70.8400,24.4800,1.799992
hold699,VPWR,li1,39.5600,242.0800,1.799985
hold700,VPWR,li1,38.1800,106.0800,1.799993
hold697,VPWR,li1,54.7400,160.4800,1.799995
hold698,VPWR,li1,52.4400,149.6000,1.799996
hold695,VPWR,li1,53.8200,225.7600,1.799994
hold696,VPWR,li1,25.3000,57.1200,1.799996
hold693,VPWR,li1,42.3200,209.4400,1.799993
hold694,VPWR,li1,45.0800,204.0000,1.799990
hold691,VPWR,li1,42.7800,236.6400,1.799993
hold692,VPWR,li1,31.7400,144.1600,1.799983
hold689,VPWR,li1,21.1600,73.4400,1.799979
hold690,VPWR,li1,17.9400,106.0800,1.799996
hold687,VPWR,li1,48.7600,204.0000,1.799991
hold688,VPWR,li1,51.5200,252.9600,1.799995
hold685,VPWR,li1,18.4000,214.8800,1.799992
hold686,VPWR,li1,26.2200,29.9200,1.799993
hold683,VPWR,li1,55.6600,111.5200,1.799995
hold684,VPWR,li1,29.4400,46.2400,1.799976
hold681,VPWR,li1,15.6400,29.9200,1.799996
hold682,VPWR,li1,18.4000,89.7600,1.799994
hold679,VPWR,li1,17.4800,35.3600,1.799995
hold680,VPWR,li1,55.6600,138.7200,1.799996
hold677,VPWR,li1,60.2600,209.4400,1.799993
hold678,VPWR,li1,34.0400,236.6400,1.799993
hold675,VPWR,li1,46.0000,84.3200,1.799994
hold676,VPWR,li1,41.8600,165.9200,1.799995
hold673,VPWR,li1,64.8600,214.8800,1.799995
hold674,VPWR,li1,25.7600,100.6400,1.799976
hold671,VPWR,li1,14.7200,214.8800,1.799995
hold672,VPWR,li1,59.8000,231.2000,1.799996
hold669,VPWR,li1,21.1600,144.1600,1.799989
hold670,VPWR,li1,17.4800,209.4400,1.799995
hold667,VPWR,li1,34.0400,13.6000,1.799992
hold668,VPWR,li1,30.3600,133.2800,1.799995
hold665,VPWR,li1,34.0400,78.8800,1.799992
hold666,VPWR,li1,38.1800,29.9200,1.799992
hold663,VPWR,li1,18.8600,280.1600,1.799985
hold664,VPWR,li1,46.9200,138.7200,1.799996
hold661,VPWR,li1,33.5800,116.9600,1.799994
hold662,VPWR,li1,21.1600,116.9600,1.799994
hold659,VPWR,li1,38.1800,252.9600,1.799995
hold660,VPWR,li1,30.3600,138.7200,1.799993
hold657,VPWR,li1,30.8200,155.0400,1.799994
hold658,VPWR,li1,25.7600,73.4400,1.799973
hold655,VPWR,li1,72.6800,100.6400,1.799995
hold656,VPWR,li1,63.9400,144.1600,1.799990
hold653,VPWR,li1,17.9400,68.0000,1.799996
hold654,VPWR,li1,16.5600,57.1200,1.799996
hold651,VPWR,li1,56.1200,35.3600,1.799993
hold652,VPWR,li1,67.6200,46.2400,1.799994
hold649,VPWR,li1,41.4000,13.6000,1.799992
hold650,VPWR,li1,34.5000,19.0400,1.799995
hold647,VPWR,li1,64.8600,51.6800,1.799999
hold648,VPWR,li1,76.8200,24.4800,1.799995
hold645,VPWR,li1,64.4000,13.6000,1.799992
hold646,VPWR,li1,43.2400,95.2000,1.799995
hold643,VPWR,li1,69.4600,29.9200,1.799978
hold644,VPWR,li1,63.9400,73.4400,1.799994
hold641,VPWR,li1,55.6600,19.0400,1.799995
hold642,VPWR,li1,18.4000,78.8800,1.799994
hold639,VPWR,li1,66.2400,95.2000,1.799995
hold640,VPWR,li1,17.0200,155.0400,1.799996
hold637,VPWR,li1,29.9000,19.0400,1.799995
hold638,VPWR,li1,46.9200,133.2800,1.799996
hold635,VPWR,li1,54.7400,78.8800,1.799994
hold636,VPWR,li1,26.6800,84.3200,1.799992
hold633,VPWR,li1,64.4000,106.0800,1.799992
hold634,VPWR,li1,38.1800,89.7600,1.799989
hold631,VPWR,li1,59.8000,95.2000,1.799995
hold632,VPWR,li1,40.4800,100.6400,1.799982
hold629,VPWR,li1,59.8000,35.3600,1.799993
hold630,VPWR,li1,29.4400,89.7600,1.799990
hold627,VPWR,li1,13.8000,111.5200,1.799997
hold628,VPWR,li1,57.0400,40.8000,1.799994
hold625,VPWR,li1,21.1600,149.6000,1.799993
hold626,VPWR,li1,19.3200,95.2000,1.799997
hold623,VPWR,li1,17.4800,127.8400,1.799984
hold624,VPWR,li1,42.3200,138.7200,1.799995
hold621,VPWR,li1,51.5200,127.8400,1.799991
hold622,VPWR,li1,72.2200,100.6400,1.799995
hold619,VPWR,li1,42.7800,68.0000,1.799996
hold620,VPWR,li1,21.1600,57.1200,1.799996
hold617,VPWR,li1,33.1200,68.0000,1.799994
hold618,VPWR,li1,55.6600,89.7600,1.799974
hold615,VPWR,li1,56.5800,19.0400,1.799995
hold616,VPWR,li1,50.6000,51.6800,1.799998
hold613,VPWR,li1,29.4400,57.1200,1.799996
hold614,VPWR,li1,46.9200,116.9600,1.799996
hold611,VPWR,li1,39.5600,51.6800,1.799995
hold612,VPWR,li1,51.0600,40.8000,1.799994
hold609,VPWR,li1,55.2000,78.8800,1.799994
hold610,VPWR,li1,38.6400,29.9200,1.799992
hold607,VPWR,li1,19.3200,29.9200,1.799994
hold608,VPWR,li1,46.9200,73.4400,1.799989
hold605,VPWR,li1,31.7400,57.1200,1.799997
hold606,VPWR,li1,29.9000,29.9200,1.799992
hold603,VPWR,li1,19.3200,46.2400,1.799986
hold604,VPWR,li1,16.5600,51.6800,1.799996
hold601,VPWR,li1,17.4800,68.0000,1.799996
hold602,VPWR,li1,29.9000,29.9200,1.799992
hold599,VPWR,li1,45.0800,40.8000,1.799995
hold600,VPWR,li1,13.3400,78.8800,1.799996
hold597,VPWR,li1,28.9800,274.7200,1.799994
hold598,VPWR,li1,20.7000,19.0400,1.799996
hold595,VPWR,li1,46.9200,35.3600,1.799994
hold596,VPWR,li1,29.9000,24.4800,1.799981
hold593,VPWR,li1,33.1200,40.8000,1.799992
hold594,VPWR,li1,23.0000,46.2400,1.799982
hold591,VPWR,li1,51.0600,24.4800,1.799984
hold592,VPWR,li1,33.5800,29.9200,1.799992
hold589,VPWR,li1,22.5400,274.7200,1.799994
hold590,VPWR,li1,47.3800,24.4800,1.799984
hold587,VPWR,li1,39.1000,40.8000,1.799994
hold588,VPWR,li1,25.7600,13.6000,1.799993
hold585,VPWR,li1,56.5800,133.2800,1.799996
hold586,VPWR,li1,56.5800,209.4400,1.799993
hold583,VPWR,li1,55.2000,258.4000,1.799997
hold584,VPWR,li1,51.9800,247.5200,1.799990
hold581,VPWR,li1,55.2000,127.8400,1.799992
hold582,VPWR,li1,58.4200,116.9600,1.799992
hold579,VPWR,li1,54.2800,204.0000,1.799991
hold580,VPWR,li1,59.8000,252.9600,1.799996
hold1128,VPWR,li1,252.5400,247.5200,1.799993
hold1127,VPWR,li1,214.3600,214.8800,1.799995
hold1126,VPWR,li1,295.7800,274.7200,1.799991
hold1125,VPWR,li1,249.3200,138.7200,1.799994
hold1124,VPWR,li1,249.7800,19.0400,1.799997
hold1123,VPWR,li1,253.0000,155.0400,1.799998
hold1122,VPWR,li1,238.2800,176.8000,1.799996
hold1121,VPWR,li1,218.9600,24.4800,1.799997
hold1120,VPWR,li1,192.7400,269.2800,1.799996
hold1119,VPWR,li1,238.7400,116.9600,1.799993
hold1118,VPWR,li1,275.5400,149.6000,1.799999
hold1117,VPWR,li1,232.7600,51.6800,1.799996
hold1116,VPWR,li1,253.4600,296.4800,1.799997
hold1115,VPWR,li1,223.5600,127.8400,1.799996
hold1114,VPWR,li1,220.3400,111.5200,1.799998
hold1113,VPWR,li1,287.5000,133.2800,1.799996
hold1112,VPWR,li1,278.3000,138.7200,1.799983
hold1111,VPWR,li1,244.2600,198.5600,1.799995
hold1110,VPWR,li1,235.0600,285.6000,1.799994
hold1109,VPWR,li1,274.1600,176.8000,1.799997
hold1108,VPWR,li1,271.4000,35.3600,1.799996
hold1107,VPWR,li1,232.3000,198.5600,1.799995
hold1106,VPWR,li1,150.4200,285.6000,1.799996
hold1105,VPWR,li1,278.7600,269.2800,1.799991
hold1104,VPWR,li1,285.2000,149.6000,1.799999
hold1103,VPWR,li1,282.9000,116.9600,1.799996
hold888,VPWR,li1,111.3200,242.0800,1.799982
hold889,VPWR,li1,131.1000,247.5200,1.799995
hold1069,VPWR,li1,265.8800,198.5600,1.799993
hold1068,VPWR,li1,276.0000,122.4000,1.799993
hold1067,VPWR,li1,286.1200,225.7600,1.799994
hold1211,VPWR,li1,295.7800,193.1200,1.799998
hold1191,VPWR,li1,294.8600,263.8400,1.799994
hold1179,VPWR,li1,245.6400,84.3200,1.799996
hold1190,VPWR,li1,290.2600,263.8400,1.799995
hold890,VPWR,li1,124.2000,252.9600,1.799989
hold891,VPWR,li1,131.5600,236.6400,1.799999
hold892,VPWR,li1,287.0400,127.8400,1.799994
hold893,VPWR,li1,110.4000,307.3600,1.800000
hold894,VPWR,li1,124.2000,301.9200,1.799990
hold895,VPWR,li1,284.7400,214.8800,1.799994
hold896,VPWR,li1,98.4400,301.9200,1.799992
hold897,VPWR,li1,283.3600,78.8800,1.799997
hold898,VPWR,li1,288.8800,204.0000,1.799997
hold899,VPWR,li1,300.8400,214.8800,1.799989
hold900,VPWR,li1,290.7200,127.8400,1.799994
hold901,VPWR,li1,291.1800,106.0800,1.799994
hold902,VPWR,li1,184.4600,73.4400,1.799995
hold903,VPWR,li1,71.7600,160.4800,1.799996
hold904,VPWR,li1,68.0800,116.9600,1.799991
hold905,VPWR,li1,62.5600,258.4000,1.799998
hold906,VPWR,li1,70.8400,68.0000,1.799998
hold907,VPWR,li1,63.9400,149.6000,1.799997
hold908,VPWR,li1,75.4400,78.8800,1.799997
hold909,VPWR,li1,47.3800,258.4000,1.799997
hold910,VPWR,li1,59.8000,68.0000,1.799997
hold911,VPWR,li1,77.2800,84.3200,1.799997
hold912,VPWR,li1,45.0800,280.1600,1.799985
hold913,VPWR,li1,58.8800,285.6000,1.799996
hold914,VPWR,li1,51.5200,95.2000,1.799995
hold915,VPWR,li1,59.8000,220.3200,1.799984
hold916,VPWR,li1,68.5400,236.6400,1.799994
hold917,VPWR,li1,63.9400,138.7200,1.799997
hold918,VPWR,li1,76.8200,198.5600,1.799997
hold919,VPWR,li1,52.4400,274.7200,1.799997
hold920,VPWR,li1,77.7400,176.8000,1.799996
hold921,VPWR,li1,64.4000,291.0400,1.799983
hold922,VPWR,li1,37.7200,291.0400,1.799994
hold923,VPWR,li1,263.1200,95.2000,1.799978
hold924,VPWR,li1,198.2600,62.5600,1.799988
hold925,VPWR,li1,231.3800,252.9600,1.799996
hold926,VPWR,li1,197.8000,187.6800,1.799988
hold927,VPWR,li1,238.2800,214.8800,1.799996
hold928,VPWR,li1,64.8600,193.1200,1.799995
hold929,VPWR,li1,69.9200,209.4400,1.799995
hold930,VPWR,li1,231.3800,247.5200,1.799995
hold931,VPWR,li1,155.9400,78.8800,1.799996
hold932,VPWR,li1,206.0800,133.2800,1.799986
hold933,VPWR,li1,64.4000,155.0400,1.799994
hold934,VPWR,li1,209.3000,269.2800,1.799990
hold935,VPWR,li1,65.3200,198.5600,1.799993
hold936,VPWR,li1,257.1400,46.2400,1.799989
hold937,VPWR,li1,180.3200,89.7600,1.799986
hold938,VPWR,li1,168.3600,116.9600,1.799995
hold939,VPWR,li1,198.7200,127.8400,1.799995
hold940,VPWR,li1,172.9600,204.0000,1.799999
hold941,VPWR,li1,63.9400,269.2800,1.799996
hold942,VPWR,li1,162.8400,149.6000,1.799995
hold943,VPWR,li1,156.8600,73.4400,1.799998
hold944,VPWR,li1,175.7200,176.8000,1.799995
hold945,VPWR,li1,161.9200,111.5200,1.799988
hold946,VPWR,li1,200.5600,236.6400,1.799979
hold947,VPWR,li1,158.2400,127.8400,1.799996
hold948,VPWR,li1,197.8000,84.3200,1.799998
hold949,VPWR,li1,52.4400,193.1200,1.799995
hold950,VPWR,li1,186.7600,214.8800,1.799996
hold951,VPWR,li1,181.7000,236.6400,1.799992
hold952,VPWR,li1,202.4000,280.1600,1.799990
hold953,VPWR,li1,188.6000,291.0400,1.799998
hold954,VPWR,li1,131.5600,68.0000,1.799999
hold955,VPWR,li1,162.8400,165.9200,1.799996
hold956,VPWR,li1,166.9800,73.4400,1.799997
hold957,VPWR,li1,248.8600,24.4800,1.799997
hold958,VPWR,li1,265.8800,68.0000,1.799993
hold959,VPWR,li1,137.0800,204.0000,1.799997
hold960,VPWR,li1,237.3600,274.7200,1.799986
hold961,VPWR,li1,174.3400,89.7600,1.799990
hold962,VPWR,li1,206.0800,73.4400,1.799996
hold963,VPWR,li1,164.6800,160.4800,1.799977
hold964,VPWR,li1,207.9200,269.2800,1.799990
hold965,VPWR,li1,245.1800,106.0800,1.799994
hold966,VPWR,li1,234.1400,84.3200,1.799996
hold967,VPWR,li1,167.4400,62.5600,1.799991
hold968,VPWR,li1,239.6600,307.3600,1.800000
hold969,VPWR,li1,149.0400,182.2400,1.799997
hold970,VPWR,li1,219.4200,263.8400,1.799995
hold971,VPWR,li1,166.9800,100.6400,1.799996
hold972,VPWR,li1,154.1000,100.6400,1.799996
hold973,VPWR,li1,181.2400,182.2400,1.799996
hold974,VPWR,li1,137.0800,291.0400,1.799998
hold975,VPWR,li1,140.3000,301.9200,1.799992
hold976,VPWR,li1,171.1200,68.0000,1.799996
hold977,VPWR,li1,194.1200,68.0000,1.799997
hold978,VPWR,li1,157.7800,111.5200,1.799984
hold979,VPWR,li1,198.7200,144.1600,1.799996
hold980,VPWR,li1,159.1600,225.7600,1.799996
hold981,VPWR,li1,141.2200,236.6400,1.799998
hold982,VPWR,li1,218.5000,138.7200,1.799997
hold983,VPWR,li1,173.8800,138.7200,1.799994
hold984,VPWR,li1,205.6200,62.5600,1.799990
hold985,VPWR,li1,168.8200,62.5600,1.799990
hold986,VPWR,li1,140.3000,258.4000,1.799997
hold987,VPWR,li1,161.4600,138.7200,1.799995
hold988,VPWR,li1,214.3600,182.2400,1.799994
hold989,VPWR,li1,167.4400,307.3600,1.800000
hold990,VPWR,li1,174.8000,165.9200,1.799995
hold991,VPWR,li1,218.5000,57.1200,1.799996
hold992,VPWR,li1,160.0800,95.2000,1.799996
hold993,VPWR,li1,251.6200,242.0800,1.799996
hold994,VPWR,li1,245.1800,269.2800,1.799976
hold995,VPWR,li1,198.7200,116.9600,1.799985
hold996,VPWR,li1,174.3400,127.8400,1.799996
hold997,VPWR,li1,174.8000,149.6000,1.799995
hold998,VPWR,li1,209.7600,165.9200,1.799995
hold999,VPWR,li1,166.9800,171.3600,1.799998
hold1000,VPWR,li1,256.2200,100.6400,1.799997
hold1001,VPWR,li1,176.1800,111.5200,1.799991
hold1002,VPWR,li1,207.0000,214.8800,1.799995
hold1003,VPWR,li1,187.2200,144.1600,1.799998
hold1004,VPWR,li1,205.6200,193.1200,1.799997
hold1005,VPWR,li1,212.9800,127.8400,1.799994
hold1006,VPWR,li1,231.3800,296.4800,1.799998
hold1007,VPWR,li1,189.0600,127.8400,1.799995
hold1008,VPWR,li1,185.8400,171.3600,1.799997
hold1009,VPWR,li1,242.4200,252.9600,1.799996
hold1010,VPWR,li1,197.3400,214.8800,1.799996
hold1011,VPWR,li1,192.7400,204.0000,1.799999
hold1012,VPWR,li1,199.6400,225.7600,1.799981
hold1013,VPWR,li1,253.0000,280.1600,1.799998
hold1014,VPWR,li1,205.6200,149.6000,1.799997
hold1015,VPWR,li1,158.2400,149.6000,1.799994
hold1016,VPWR,li1,236.9000,301.9200,1.799991
hold1017,VPWR,li1,175.2600,155.0400,1.799998
hold1210,VPWR,li1,218.5000,220.3200,1.799997
hold1063,VPWR,li1,122.3600,280.1600,1.799997
hold1215,VPWR,li1,270.0200,160.4800,1.799994
hold1064,VPWR,li1,141.2200,144.1600,1.799999
hold1065,VPWR,li1,123.7400,51.6800,1.800000
hold1066,VPWR,li1,218.5000,187.6800,1.799981
hold1209,VPWR,li1,258.0600,171.3600,1.799994
hold1214,VPWR,li1,65.7800,301.9200,1.799994
hold1208,VPWR,li1,299.9200,236.6400,1.799993
hold1213,VPWR,li1,248.4000,198.5600,1.799995
hold1062,VPWR,li1,186.7600,187.6800,1.799985
hold1061,VPWR,li1,250.7000,176.8000,1.799998
hold1060,VPWR,li1,141.2200,182.2400,1.799997
hold1059,VPWR,li1,218.5000,236.6400,1.799971
hold1058,VPWR,li1,258.5200,57.1200,1.799997
hold1057,VPWR,li1,262.2000,62.5600,1.799988
hold1056,VPWR,li1,265.8800,89.7600,1.799993
hold1055,VPWR,li1,268.6400,280.1600,1.799996
hold1054,VPWR,li1,262.2000,296.4800,1.799995
hold1053,VPWR,li1,202.8600,133.2800,1.799988
hold1052,VPWR,li1,236.4400,269.2800,1.799979
hold1051,VPWR,li1,218.5000,84.3200,1.799997
hold1050,VPWR,li1,128.3400,182.2400,1.799996
hold1049,VPWR,li1,201.4800,122.4000,1.799984
hold1048,VPWR,li1,161.9200,127.8400,1.799997
hold1047,VPWR,li1,181.2400,193.1200,1.799994
hold1046,VPWR,li1,144.4400,263.8400,1.799997
hold1045,VPWR,li1,149.9600,307.3600,1.800000
hold1044,VPWR,li1,161.4600,269.2800,1.799997
hold1043,VPWR,li1,231.3800,301.9200,1.799993
hold1042,VPWR,li1,161.0000,252.9600,1.799989
hold1041,VPWR,li1,261.7400,111.5200,1.799997
hold1040,VPWR,li1,133.4000,285.6000,1.799996
hold1224,VPWR,li1,278.7600,198.5600,1.799994
hold1223,VPWR,li1,277.8400,176.8000,1.799997
hold1212,VPWR,li1,265.8800,155.0400,1.799995
hold1222,VPWR,li1,271.4000,171.3600,1.799992
hold1195,VPWR,li1,221.7200,307.3600,1.800000
hold1221,VPWR,li1,128.8000,296.4800,1.799987
hold1189,VPWR,li1,257.1400,307.3600,1.800000
hold1220,VPWR,li1,265.8800,171.3600,1.799992
hold1219,VPWR,li1,285.2000,111.5200,1.799999
hold1218,VPWR,li1,218.5000,149.6000,1.799997
hold1217,VPWR,li1,83.2600,89.7600,1.799975
hold1024,VPWR,li1,214.3600,209.4400,1.799975
hold1130,VPWR,li1,213.9000,116.9600,1.799977
hold1194,VPWR,li1,278.7600,225.7600,1.799993
hold1129,VPWR,li1,224.9400,214.8800,1.799996
hold1025,VPWR,li1,175.7200,291.0400,1.799998
hold1200,VPWR,li1,207.4600,35.3600,1.799996
hold1199,VPWR,li1,261.2800,24.4800,1.799998
hold1198,VPWR,li1,205.6200,100.6400,1.799992
hold1178,VPWR,li1,201.0200,24.4800,1.799996
hold1177,VPWR,li1,302.2200,242.0800,1.799993
hold1176,VPWR,li1,220.3400,106.0800,1.799998
hold1175,VPWR,li1,220.8000,19.0400,1.799995
hold1174,VPWR,li1,162.3800,263.8400,1.799998
hold1173,VPWR,li1,214.3600,291.0400,1.799997
hold1172,VPWR,li1,251.6200,209.4400,1.799994
hold1171,VPWR,li1,222.1800,78.8800,1.799997
hold1170,VPWR,li1,253.0000,193.1200,1.799996
hold1169,VPWR,li1,135.2400,187.6800,1.799996
hold1168,VPWR,li1,219.4200,62.5600,1.799994
hold1167,VPWR,li1,260.3600,176.8000,1.799998
hold1166,VPWR,li1,252.5400,155.0400,1.799998
hold1165,VPWR,li1,232.3000,187.6800,1.799974
hold1164,VPWR,li1,235.5200,225.7600,1.799993
hold1163,VPWR,li1,253.0000,62.5600,1.799993
hold1162,VPWR,li1,251.6200,133.2800,1.799994
hold1161,VPWR,li1,250.2400,214.8800,1.799995
hold1160,VPWR,li1,231.8400,149.6000,1.799997
hold1101,VPWR,li1,219.4200,165.9200,1.799996
hold1188,VPWR,li1,254.8400,84.3200,1.799997
hold1187,VPWR,li1,218.5000,155.0400,1.799998
hold1186,VPWR,li1,253.0000,57.1200,1.799997
hold1185,VPWR,li1,298.0800,209.4400,1.799993
hold1184,VPWR,li1,147.2000,204.0000,1.799997
hold1183,VPWR,li1,194.1200,100.6400,1.799994
hold1182,VPWR,li1,288.4200,209.4400,1.799995
hold1181,VPWR,li1,236.9000,236.6400,1.799986
hold1100,VPWR,li1,289.3400,187.6800,1.799991
hold1102,VPWR,li1,241.9600,29.9200,1.799989
hold1099,VPWR,li1,145.3600,225.7600,1.799996
hold1098,VPWR,li1,270.0200,149.6000,1.799998
hold1097,VPWR,li1,278.3000,182.2400,1.799983
hold1096,VPWR,li1,263.5800,40.8000,1.799995
hold1095,VPWR,li1,137.5400,269.2800,1.799997
hold1094,VPWR,li1,276.0000,193.1200,1.799996
hold1093,VPWR,li1,188.6000,111.5200,1.799994
hold1092,VPWR,li1,202.4000,171.3600,1.799996
hold1091,VPWR,li1,240.1200,13.6000,1.799995
hold1090,VPWR,li1,211.1400,35.3600,1.799996
hold1089,VPWR,li1,282.9000,236.6400,1.799996
hold1088,VPWR,li1,240.1200,62.5600,1.799993
hold1087,VPWR,li1,137.5400,274.7200,1.799996
hold1086,VPWR,li1,229.0800,68.0000,1.799996
hold1085,VPWR,li1,276.0000,122.4000,1.799993
hold1084,VPWR,li1,141.2200,225.7600,1.799997
hold1083,VPWR,li1,268.1800,62.5600,1.799983
hold1082,VPWR,li1,224.0200,51.6800,1.799997
hold1081,VPWR,li1,265.8800,231.2000,1.799995
hold1080,VPWR,li1,227.2400,204.0000,1.799998
hold1079,VPWR,li1,221.2600,247.5200,1.799996
hold1078,VPWR,li1,128.8000,263.8400,1.799997
hold1077,VPWR,li1,173.4200,111.5200,1.799991
hold1076,VPWR,li1,211.1400,225.7600,1.799983
hold1075,VPWR,li1,282.9000,236.6400,1.799996
hold1197,VPWR,li1,159.1600,307.3600,1.800000
hold1193,VPWR,li1,253.4600,198.5600,1.799996
hold1192,VPWR,li1,295.7800,220.3200,1.799983
hold1196,VPWR,li1,253.0000,280.1600,1.799998
hold1028,VPWR,li1,123.7400,269.2800,1.799998
hold1018,VPWR,li1,199.1800,160.4800,1.799978
hold1019,VPWR,li1,224.9400,231.2000,1.799998
hold1070,VPWR,li1,239.6600,95.2000,1.799994
hold1071,VPWR,li1,240.1200,40.8000,1.799995
hold1072,VPWR,li1,149.9600,144.1600,1.799999
hold1073,VPWR,li1,209.3000,171.3600,1.799994
hold1216,VPWR,li1,261.7400,165.9200,1.799995
hold1159,VPWR,li1,278.3000,111.5200,1.799999
hold1158,VPWR,li1,266.8000,127.8400,1.799991
hold1157,VPWR,li1,252.5400,144.1600,1.799995
hold1156,VPWR,li1,238.2800,187.6800,1.799973
hold1155,VPWR,li1,227.7000,149.6000,1.799997
hold1154,VPWR,li1,234.1400,171.3600,1.799996
hold1153,VPWR,li1,284.7400,242.0800,1.799995
hold1152,VPWR,li1,213.9000,106.0800,1.799998
hold1151,VPWR,li1,276.4600,89.7600,1.799995
hold1150,VPWR,li1,228.1600,176.8000,1.799997
hold1149,VPWR,li1,266.3400,291.0400,1.799997
hold1148,VPWR,li1,257.1400,258.4000,1.799997
hold1147,VPWR,li1,188.6000,95.2000,1.799995
hold1146,VPWR,li1,287.0400,165.9200,1.799996
hold1145,VPWR,li1,258.9800,269.2800,1.799986
hold1144,VPWR,li1,236.9000,165.9200,1.799995
hold1143,VPWR,li1,257.1400,51.6800,1.799995
hold1142,VPWR,li1,259.4400,209.4400,1.799995
hold1141,VPWR,li1,270.4800,220.3200,1.799978
hold1140,VPWR,li1,277.8400,73.4400,1.799994
hold1139,VPWR,li1,286.1200,138.7200,1.799986
hold1138,VPWR,li1,154.1000,274.7200,1.799995
hold1137,VPWR,li1,189.0600,269.2800,1.799996
hold1136,VPWR,li1,250.2400,116.9600,1.799995
hold1135,VPWR,li1,287.0400,122.4000,1.799995
hold1134,VPWR,li1,218.5000,95.2000,1.799997
hold1133,VPWR,li1,265.8800,236.6400,1.799994
hold1132,VPWR,li1,197.3400,29.9200,1.799994
hold1204,VPWR,li1,304.5200,242.0800,1.799993
hold1205,VPWR,li1,230.0000,29.9200,1.799986
hold1202,VPWR,li1,151.3400,252.9600,1.799978
hold1203,VPWR,li1,201.4800,84.3200,1.799997
hold1206,VPWR,li1,265.8800,214.8800,1.799994
hold1207,VPWR,li1,205.6200,19.0400,1.799996
hold1037,VPWR,li1,201.4800,182.2400,1.799995
hold1038,VPWR,li1,149.9600,138.7200,1.799995
hold1201,VPWR,li1,161.9200,296.4800,1.799994
hold1180,VPWR,li1,257.1400,133.2800,1.799995
hold1131,VPWR,li1,278.7600,280.1600,1.799995
hold1027,VPWR,li1,175.7200,280.1600,1.799980
hold1029,VPWR,li1,262.2000,116.9600,1.799995
hold1030,VPWR,li1,252.0800,73.4400,1.799995
hold1020,VPWR,li1,215.7400,296.4800,1.799997
hold1031,VPWR,li1,249.3200,78.8800,1.799996
hold1074,VPWR,li1,272.7800,62.5600,1.799980
hold1039,VPWR,li1,221.7200,149.6000,1.799997
hold1032,VPWR,li1,194.1200,149.6000,1.799997
hold1023,VPWR,li1,229.5400,57.1200,1.799997
hold1033,VPWR,li1,211.6000,198.5600,1.799994
hold1034,VPWR,li1,161.9200,285.6000,1.799998
hold1035,VPWR,li1,245.6400,252.9600,1.799996
hold1036,VPWR,li1,254.8400,68.0000,1.799996
hold1026,VPWR,li1,186.3000,106.0800,1.799998
hold1021,VPWR,li1,176.6400,95.2000,1.799995
hold1022,VPWR,li1,143.5200,214.8800,1.799998
clkbuf_leaf_0_clk,VPWR,li1,28.0600,46.2400,1.799976
clkload36,VPWR,li1,220.5700,269.2800,1.799984
clkload37,VPWR,li1,249.3200,274.7200,1.799981
clkload34,VPWR,li1,220.5700,193.1200,1.799996
clkload35,VPWR,li1,182.3900,285.6000,1.799998
clkload32,VPWR,li1,281.7500,182.2400,1.799983
clkload33,VPWR,li1,252.3100,187.6800,1.799975
clkload30,VPWR,li1,167.4400,193.1200,1.799995
clkload31,VPWR,li1,200.1000,231.2000,1.799997
clkload28,VPWR,li1,135.0100,296.4800,1.799986
clkload29,VPWR,li1,136.8500,258.4000,1.799997
clkload26,VPWR,li1,20.7000,252.9600,1.799994
clkload27,VPWR,li1,69.6900,291.0400,1.799981
clkload24,VPWR,li1,49.4500,236.6400,1.799992
clkload25,VPWR,li1,135.0100,214.8800,1.799998
clkload22,VPWR,li1,25.9900,204.0000,1.799968
clkload23,VPWR,li1,38.8700,214.8800,1.799987
clkload20,VPWR,li1,166.7500,127.8400,1.799996
clkload21,VPWR,li1,68.3100,182.2400,1.799975
clkload18,VPWR,li1,244.0300,127.8400,1.799993
clkload19,VPWR,li1,275.7700,138.7200,1.799984
clkload16,VPWR,li1,189.7500,89.7600,1.799981
clkload17,VPWR,li1,217.8100,133.2800,1.799981
clkload14,VPWR,li1,221.0300,35.3600,1.799995
clkload15,VPWR,li1,184.6900,62.5600,1.799975
clkload12,VPWR,li1,270.4800,68.0000,1.799993
clkload13,VPWR,li1,246.3300,40.8000,1.799994
clkload10,VPWR,li1,126.0400,160.4800,1.799984
clkload11,VPWR,li1,141.9100,106.0800,1.799996
clkload8,VPWR,li1,39.3300,149.6000,1.799995
clkload9,VPWR,li1,70.6100,122.4000,1.799985
clkload6,VPWR,li1,40.7100,29.9200,1.799992
clkload7,VPWR,li1,21.3900,133.2800,1.799995
clkload4,VPWR,li1,59.1100,89.7600,1.799969
clkload5,VPWR,li1,66.4700,29.9200,1.799978
clkload2,VPWR,li1,211.6000,236.6400,1.799963
clkload3,VPWR,li1,30.5900,73.4400,1.799968
clkload0,VPWR,li1,208.3800,122.4000,1.799979
clkload1,VPWR,li1,105.3400,247.5200,1.799992
clkbuf_3_6__f_clk,VPWR,li1,217.5800,209.4400,1.799973
clkbuf_3_7__f_clk,VPWR,li1,214.3600,236.6400,1.799962
clkbuf_3_4__f_clk,VPWR,li1,93.8400,220.3200,1.799969
clkbuf_3_5__f_clk,VPWR,li1,103.5000,242.0800,1.799981
clkbuf_3_2__f_clk,VPWR,li1,207.4600,89.7600,1.799959
clkbuf_3_3__f_clk,VPWR,li1,207.4600,116.9600,1.799969
clkbuf_3_0__f_clk,VPWR,li1,93.8400,89.7600,1.799966
clkbuf_3_1__f_clk,VPWR,li1,92.0000,116.9600,1.799970
clkbuf_leaf_44_clk,VPWR,li1,40.9400,24.4800,1.799978
clkbuf_0_clk,VPWR,li1,157.3200,160.4800,1.799958
clkbuf_leaf_42_clk,VPWR,li1,137.5400,57.1200,1.799983
clkbuf_leaf_43_clk,VPWR,li1,69.9200,29.9200,1.799978
clkbuf_leaf_40_clk,VPWR,li1,171.1200,133.2800,1.799980
clkbuf_leaf_41_clk,VPWR,li1,146.7400,111.5200,1.799975
clkbuf_leaf_38_clk,VPWR,li1,186.7600,62.5600,1.799974
clkbuf_leaf_39_clk,VPWR,li1,197.8000,89.7600,1.799969
clkbuf_leaf_36_clk,VPWR,li1,248.4000,46.2400,1.799977
clkbuf_leaf_37_clk,VPWR,li1,223.1000,29.9200,1.799982
clkbuf_leaf_34_clk,VPWR,li1,266.3400,95.2000,1.799975
clkbuf_leaf_35_clk,VPWR,li1,276.0000,62.5600,1.799978
clkbuf_leaf_32_clk,VPWR,li1,247.9400,122.4000,1.799975
clkbuf_leaf_33_clk,VPWR,li1,284.7400,138.7200,1.799982
clkbuf_leaf_30_clk,VPWR,li1,198.2600,160.4800,1.799978
clkbuf_leaf_31_clk,VPWR,li1,221.7200,133.2800,1.799979
clkbuf_leaf_28_clk,VPWR,li1,250.2400,187.6800,1.799970
clkbuf_leaf_29_clk,VPWR,li1,225.8600,187.6800,1.799976
clkbuf_leaf_26_clk,VPWR,li1,276.0000,220.3200,1.799974
clkbuf_leaf_27_clk,VPWR,li1,284.7400,182.2400,1.799982
clkbuf_leaf_24_clk,VPWR,li1,286.5800,285.6000,1.799982
clkbuf_leaf_25_clk,VPWR,li1,289.8000,247.5200,1.799970
clkbuf_leaf_22_clk,VPWR,li1,225.8600,269.2800,1.799983
clkbuf_leaf_23_clk,VPWR,li1,248.8600,269.2800,1.799975
clkbuf_leaf_20_clk,VPWR,li1,203.7800,225.7600,1.799977
clkbuf_leaf_21_clk,VPWR,li1,185.8400,280.1600,1.799973
clkbuf_leaf_18_clk,VPWR,li1,138.4600,220.3200,1.799980
clkbuf_leaf_19_clk,VPWR,li1,171.1200,187.6800,1.799976
clkbuf_leaf_16_clk,VPWR,li1,138.0000,296.4800,1.799982
clkbuf_leaf_17_clk,VPWR,li1,143.9800,252.9600,1.799972
clkbuf_leaf_14_clk,VPWR,li1,37.2600,280.1600,1.799971
clkbuf_leaf_15_clk,VPWR,li1,72.2200,291.0400,1.799981
clkbuf_leaf_12_clk,VPWR,li1,53.8200,242.0800,1.799972
clkbuf_leaf_13_clk,VPWR,li1,24.8400,247.5200,1.799971
clkbuf_leaf_10_clk,VPWR,li1,27.1400,204.0000,1.799968
clkbuf_leaf_11_clk,VPWR,li1,41.8600,220.3200,1.799976
clkbuf_leaf_8_clk,VPWR,li1,70.3800,182.2400,1.799975
clkbuf_leaf_9_clk,VPWR,li1,30.3600,176.8000,1.799973
clkbuf_leaf_6_clk,VPWR,li1,76.8200,122.4000,1.799981
clkbuf_leaf_7_clk,VPWR,li1,134.3200,160.4800,1.799979
clkbuf_leaf_4_clk,VPWR,li1,25.3000,127.8400,1.799975
clkbuf_leaf_5_clk,VPWR,li1,43.2400,144.1600,1.799979
clkbuf_leaf_2_clk,VPWR,li1,62.1000,89.7600,1.799967
clkbuf_leaf_3_clk,VPWR,li1,30.8200,100.6400,1.799970
clkbuf_leaf_1_clk,VPWR,li1,31.2800,73.4400,1.799968
output458,VPWR,li1,13.3400,13.6000,1.799997
output459,VPWR,li1,13.3400,116.9600,1.799996
single_cycle_cpu_577,VPWR,li1,12.1900,13.6000,1.799997
single_cycle_cpu_576,VPWR,li1,307.5100,19.0400,1.800000
single_cycle_cpu_575,VPWR,li1,307.5100,13.6000,1.800000
single_cycle_cpu_578,VPWR,li1,20.4700,13.6000,1.799995
single_cycle_cpu,VPWR,li1,218.2700,13.6000,1.799995
max_cap573,VPWR,li1,265.8800,122.4000,1.799990
max_cap574,VPWR,li1,143.5200,122.4000,1.799993
max_cap571,VPWR,li1,194.1200,220.3200,1.799997
max_cap572,VPWR,li1,279.6800,165.9200,1.799995
max_cap569,VPWR,li1,276.9200,231.2000,1.799994
wire570,VPWR,li1,170.6600,24.4800,1.799999
max_cap567,VPWR,li1,279.6800,236.6400,1.799995
max_cap568,VPWR,li1,298.5400,225.7600,1.799991
max_cap565,VPWR,li1,146.2800,116.9600,1.799997
max_cap566,VPWR,li1,230.4600,258.4000,1.799996
max_cap563,VPWR,li1,183.0800,46.2400,1.799999
wire564,VPWR,li1,163.7600,46.2400,1.800000
wire561,VPWR,li1,185.3800,89.7600,1.799983
wire562,VPWR,li1,137.0800,35.3600,1.800000
wire559,VPWR,li1,111.3200,165.9200,1.799998
max_cap560,VPWR,li1,82.3400,62.5600,1.799998
max_cap557,VPWR,li1,85.5600,165.9200,1.799999
max_cap558,VPWR,li1,97.5200,165.9200,1.799999
max_cap555,VPWR,li1,94.9900,138.7200,1.799999
max_cap556,VPWR,li1,86.0200,165.9200,1.799999
max_cap553,VPWR,li1,98.4400,106.0800,1.799998
max_cap554,VPWR,li1,94.7600,95.2000,1.799997
max_cap551,VPWR,li1,111.3200,269.2800,1.799999
max_cap552,VPWR,li1,73.6000,296.4800,1.799997
wire549,VPWR,li1,109.2500,89.7600,1.799989
wire550,VPWR,li1,60.2600,111.5200,1.799995
output547,VPWR,li1,98.4400,307.3600,1.800000
output548,VPWR,li1,103.0400,307.3600,1.800000
output545,VPWR,li1,76.8200,307.3600,1.800000
output546,VPWR,li1,89.7000,307.3600,1.800000
output543,VPWR,li1,54.7400,307.3600,1.800000
output544,VPWR,li1,65.7800,307.3600,1.800000
output541,VPWR,li1,306.3600,296.4800,1.799995
output542,VPWR,li1,43.7000,307.3600,1.800000
output539,VPWR,li1,32.6600,307.3600,1.800000
output540,VPWR,li1,304.5200,301.9200,1.799996
output537,VPWR,li1,306.3600,301.9200,1.799996
output538,VPWR,li1,302.6800,301.9200,1.799996
output535,VPWR,li1,297.6200,307.3600,1.800000
output536,VPWR,li1,304.5200,307.3600,1.800000
output533,VPWR,li1,275.5400,307.3600,1.800000
output534,VPWR,li1,286.5800,307.3600,1.800000
output531,VPWR,li1,260.8200,307.3600,1.800000
output532,VPWR,li1,264.5000,307.3600,1.800000
output529,VPWR,li1,231.3800,307.3600,1.800000
output530,VPWR,li1,244.2600,307.3600,1.800000
output527,VPWR,li1,225.4000,307.3600,1.800000
output528,VPWR,li1,21.1600,307.3600,1.800000
output525,VPWR,li1,198.2600,307.3600,1.800000
output526,VPWR,li1,209.3000,307.3600,1.800000
output523,VPWR,li1,175.7200,307.3600,1.800000
output524,VPWR,li1,187.2200,307.3600,1.800000
output521,VPWR,li1,154.1000,307.3600,1.800000
output522,VPWR,li1,162.8400,307.3600,1.800000
output519,VPWR,li1,129.2600,307.3600,1.800000
output520,VPWR,li1,143.0600,307.3600,1.800000
output517,VPWR,li1,13.3400,296.4800,1.799999
output518,VPWR,li1,121.9000,307.3600,1.800000
output515,VPWR,li1,98.4400,13.6000,1.799996
output516,VPWR,li1,109.9400,13.6000,1.799998
output513,VPWR,li1,76.8200,13.6000,1.799995
output514,VPWR,li1,89.7000,13.6000,1.799996
output511,VPWR,li1,46.9200,13.6000,1.799992
output512,VPWR,li1,59.8000,13.6000,1.799991
output509,VPWR,li1,302.6800,13.6000,1.800000
output510,VPWR,li1,30.8200,19.0400,1.799995
output507,VPWR,li1,306.3600,13.6000,1.800000
output508,VPWR,li1,30.3600,13.6000,1.799992
output505,VPWR,li1,297.6200,13.6000,1.800000
output506,VPWR,li1,304.5200,13.6000,1.800000
output503,VPWR,li1,275.5400,13.6000,1.799999
output504,VPWR,li1,286.5800,13.6000,1.800000
output501,VPWR,li1,253.0000,13.6000,1.799998
output502,VPWR,li1,264.5000,13.6000,1.799999
output499,VPWR,li1,220.8000,13.6000,1.799995
output500,VPWR,li1,244.2600,13.6000,1.799996
output497,VPWR,li1,198.2600,13.6000,1.799997
output498,VPWR,li1,209.3000,13.6000,1.799996
output495,VPWR,li1,175.7200,13.6000,1.799998
output496,VPWR,li1,187.2200,13.6000,1.799998
output493,VPWR,li1,154.1000,13.6000,1.799997
output494,VPWR,li1,166.9800,13.6000,1.799999
output491,VPWR,li1,132.0200,13.6000,1.799999
output492,VPWR,li1,143.0600,13.6000,1.799998
output489,VPWR,li1,13.3400,106.0800,1.799996
output490,VPWR,li1,120.9800,13.6000,1.799999
output487,VPWR,li1,13.3400,78.8800,1.799996
output488,VPWR,li1,13.3400,89.7600,1.799995
output485,VPWR,li1,13.3400,68.0000,1.799997
output486,VPWR,li1,13.3400,68.0000,1.799997
output483,VPWR,li1,13.3400,35.3600,1.799996
output484,VPWR,li1,13.3400,46.2400,1.799991
output481,VPWR,li1,13.3400,301.9200,1.800000
output482,VPWR,li1,17.0200,301.9200,1.799999
output479,VPWR,li1,17.0200,307.3600,1.800000
output480,VPWR,li1,21.1600,40.8000,1.799993
output477,VPWR,li1,13.3400,307.3600,1.800000
output478,VPWR,li1,13.3400,301.9200,1.800000
output475,VPWR,li1,13.3400,285.6000,1.799998
output476,VPWR,li1,13.3400,296.4800,1.799999
output473,VPWR,li1,13.3400,269.2800,1.799998
output474,VPWR,li1,13.3400,280.1600,1.799990
output471,VPWR,li1,13.3400,242.0800,1.799994
output472,VPWR,li1,13.3400,258.4000,1.799997
output469,VPWR,li1,13.3400,24.4800,1.799992
output470,VPWR,li1,13.3400,225.7600,1.799997
output468,VPWR,li1,13.3400,220.3200,1.799991
output467,VPWR,li1,13.3400,209.4400,1.799996
output465,VPWR,li1,13.3400,182.2400,1.799997
output464,VPWR,li1,13.3400,171.3600,1.799997
output466,VPWR,li1,13.3400,198.5600,1.799995
output463,VPWR,li1,13.3400,160.4800,1.799996
output462,VPWR,li1,13.3400,144.1600,1.799993
output460,VPWR,li1,13.3400,127.8400,1.799987
output461,VPWR,li1,13.3400,138.7200,1.799996
fanout74,VPWR,li1,162.8400,247.5200,1.799998
fanout73,VPWR,li1,163.7600,247.5200,1.799998
fanout72,VPWR,li1,175.2600,247.5200,1.799998
fanout71,VPWR,li1,228.3900,258.4000,1.799997
fanout70,VPWR,li1,266.3400,301.9200,1.799992
fanout69,VPWR,li1,163.7600,242.0800,1.799996
fanout68,VPWR,li1,131.5600,285.6000,1.799996
fanout67,VPWR,li1,167.9000,242.0800,1.799996
fanout66,VPWR,li1,275.0800,231.2000,1.799994
fanout65,VPWR,li1,291.6400,247.5200,1.799969
fanout64,VPWR,li1,295.3200,247.5200,1.799968
fanout63,VPWR,li1,278.0700,236.6400,1.799995
fanout62,VPWR,li1,282.9000,263.8400,1.799996
fanout61,VPWR,li1,292.3300,231.2000,1.799993
fanout60,VPWR,li1,298.5400,220.3200,1.799983
fanout59,VPWR,li1,276.2300,236.6400,1.799994
fanout58,VPWR,li1,277.8400,231.2000,1.799994
fanout57,VPWR,li1,172.5000,242.0800,1.799996
fanout56,VPWR,li1,180.7800,274.7200,1.799995
fanout55,VPWR,li1,143.0600,231.2000,1.799995
fanout54,VPWR,li1,172.0400,242.0800,1.799996
fanout53,VPWR,li1,184.6900,225.7600,1.799990
fanout52,VPWR,li1,208.8400,236.6400,1.799967
fanout51,VPWR,li1,128.3400,247.5200,1.799994
fanout50,VPWR,li1,133.8600,247.5200,1.799997
fanout49,VPWR,li1,131.5600,193.1200,1.799995
fanout48,VPWR,li1,274.6200,133.2800,1.799995
fanout47,VPWR,li1,270.0200,176.8000,1.799997
fanout46,VPWR,li1,272.7800,182.2400,1.799984
fanout45,VPWR,li1,271.8600,182.2400,1.799985
fanout44,VPWR,li1,278.7600,160.4800,1.799996
fanout43,VPWR,li1,284.7400,155.0400,1.799996
fanout42,VPWR,li1,280.3700,165.9200,1.799995
fanout41,VPWR,li1,272.7800,138.7200,1.799985
fanout40,VPWR,li1,263.8100,122.4000,1.799989
fanout39,VPWR,li1,191.8200,144.1600,1.799997
fanout38,VPWR,li1,184.9200,165.9200,1.799995
fanout37,VPWR,li1,191.8200,122.4000,1.799990
fanout36,VPWR,li1,264.0400,127.8400,1.799992
fanout35,VPWR,li1,270.9400,89.7600,1.799993
fanout34,VPWR,li1,276.4600,89.7600,1.799995
fanout33,VPWR,li1,279.2200,89.7600,1.799995
fanout32,VPWR,li1,273.7000,89.7600,1.799994
fanout31,VPWR,li1,264.5000,73.4400,1.799993
fanout30,VPWR,li1,269.5600,89.7600,1.799993
fanout29,VPWR,li1,232.7600,89.7600,1.799985
fanout28,VPWR,li1,269.1000,78.8800,1.799994
fanout27,VPWR,li1,205.6200,78.8800,1.799994
fanout26,VPWR,li1,256.2200,78.8800,1.799995
fanout25,VPWR,li1,258.9800,24.4800,1.799998
fanout24,VPWR,li1,253.9200,19.0400,1.799998
fanout23,VPWR,li1,166.9800,127.8400,1.799996
fanout22,VPWR,li1,141.9100,122.4000,1.799993
fanout21,VPWR,li1,145.3600,122.4000,1.799993
fanout20,VPWR,li1,146.7400,106.0800,1.799995
fanout19,VPWR,li1,164.2200,95.2000,1.799996
fanout18,VPWR,li1,162.8400,95.2000,1.799996
place455,VPWR,li1,149.9600,122.4000,1.799993
place456,VPWR,li1,153.1800,19.0400,1.799999
place453,VPWR,li1,141.6800,29.9200,1.799999
place454,VPWR,li1,135.7000,73.4400,1.799998
place451,VPWR,li1,138.0000,73.4400,1.799998
place452,VPWR,li1,140.3000,24.4800,1.800000
place397,VPWR,li1,193.2000,285.6000,1.799999
place266,VPWR,li1,44.1600,176.8000,1.799990
place427,VPWR,li1,170.2000,29.9200,1.799998
place406,VPWR,li1,235.0600,95.2000,1.799995
place407,VPWR,li1,176.1800,73.4400,1.799995
place404,VPWR,li1,269.1000,95.2000,1.799977
place405,VPWR,li1,271.8600,40.8000,1.799996
place402,VPWR,li1,279.6800,193.1200,1.799996
place403,VPWR,li1,278.7600,111.5200,1.799999
place375,VPWR,li1,146.2800,133.2800,1.799993
place376,VPWR,li1,161.4600,51.6800,1.800000
place357,VPWR,li1,226.3200,84.3200,1.799998
place358,VPWR,li1,218.0400,46.2400,1.799995
place274,VPWR,li1,24.8400,106.0800,1.799994
place282,VPWR,li1,26.2200,95.2000,1.799996
place272,VPWR,li1,60.7200,46.2400,1.799993
place273,VPWR,li1,34.9600,51.6800,1.799994
place270,VPWR,li1,37.7200,187.6800,1.799991
place271,VPWR,li1,46.0000,149.6000,1.799997
place263,VPWR,li1,109.4800,209.4400,1.799998
place267,VPWR,li1,63.0200,89.7600,1.799967
place317,VPWR,li1,177.5600,46.2400,1.799999
place316,VPWR,li1,176.6400,204.0000,1.799999
place333,VPWR,li1,111.7800,29.9200,1.799997
place335,VPWR,li1,229.0800,155.0400,1.799998
place321,VPWR,li1,205.1600,187.6800,1.799984
place315,VPWR,li1,252.5400,138.7200,1.799994
place314,VPWR,li1,159.1600,133.2800,1.799989
place336,VPWR,li1,191.8200,122.4000,1.799990
place388,VPWR,li1,196.4200,187.6800,1.799989
place448,VPWR,li1,140.3000,51.6800,1.800000
place457,VPWR,li1,149.5000,116.9600,1.799997
place441,VPWR,li1,221.7200,182.2400,1.799995
place340,VPWR,li1,246.1000,100.6400,1.799995
place328,VPWR,li1,69.4600,127.8400,1.799996
place327,VPWR,li1,59.8000,149.6000,1.799996
place326,VPWR,li1,61.1800,214.8800,1.799994
place394,VPWR,li1,243.3400,204.0000,1.799997
place426,VPWR,li1,182.1600,29.9200,1.799997
place414,VPWR,li1,159.1600,116.9600,1.799996
place442,VPWR,li1,223.5600,182.2400,1.799995
place424,VPWR,li1,259.4400,95.2000,1.799984
place425,VPWR,li1,247.0200,35.3600,1.799995
place412,VPWR,li1,211.6000,204.0000,1.799997
place411,VPWR,li1,213.4400,258.4000,1.799997
place387,VPWR,li1,259.9000,62.5600,1.799990
place447,VPWR,li1,158.2400,19.0400,1.799999
place449,VPWR,li1,154.1000,19.0400,1.799999
place439,VPWR,li1,163.7600,144.1600,1.799999
place438,VPWR,li1,150.8800,127.8400,1.799997
place203,VPWR,li1,281.9800,13.6000,1.800000
place408,VPWR,li1,240.1200,68.0000,1.799995
place409,VPWR,li1,157.7800,68.0000,1.799996
place318,VPWR,li1,204.7000,111.5200,1.799996
place319,VPWR,li1,227.2400,269.2800,1.799982
place323,VPWR,li1,120.0600,225.7600,1.799998
place386,VPWR,li1,227.2400,220.3200,1.799996
place384,VPWR,li1,137.0800,51.6800,1.800000
place391,VPWR,li1,172.9600,236.6400,1.799994
place392,VPWR,li1,140.7600,106.0800,1.799996
place374,VPWR,li1,129.7200,155.0400,1.800000
place372,VPWR,li1,120.5200,116.9600,1.799992
place368,VPWR,li1,186.3000,29.9200,1.799997
place351,VPWR,li1,221.2600,62.5600,1.799994
place346,VPWR,li1,196.8800,133.2800,1.799991
place344,VPWR,li1,112.2400,62.5600,1.799999
place413,VPWR,li1,258.0600,187.6800,1.799981
place312,VPWR,li1,284.7400,160.4800,1.799997
place269,VPWR,li1,23.9200,144.1600,1.799987
place362,VPWR,li1,122.3600,231.2000,1.799997
place268,VPWR,li1,23.9200,242.0800,1.799990
place363,VPWR,li1,122.3600,127.8400,1.799999
place265,VPWR,li1,71.3000,62.5600,1.799997
place301,VPWR,li1,103.5000,176.8000,1.799998
place295,VPWR,li1,46.0000,100.6400,1.799987
place440,VPWR,li1,170.2000,204.0000,1.799999
place275,VPWR,li1,17.9400,19.0400,1.799997
place345,VPWR,li1,177.5600,214.8800,1.799997
place364,VPWR,li1,181.2400,24.4800,1.799999
place398,VPWR,li1,179.4000,198.5600,1.799997
place399,VPWR,li1,212.5200,127.8400,1.799994
place309,VPWR,li1,125.1200,68.0000,1.799999
place400,VPWR,li1,228.1600,100.6400,1.799994
place303,VPWR,li1,78.6600,106.0800,1.799996
place421,VPWR,li1,179.4000,95.2000,1.799995
place422,VPWR,li1,270.4800,165.9200,1.799995
place355,VPWR,li1,242.4200,220.3200,1.799994
place329,VPWR,li1,172.5000,46.2400,1.799999
place325,VPWR,li1,121.9000,78.8800,1.799999
place320,VPWR,li1,224.4800,220.3200,1.799997
place415,VPWR,li1,186.7600,19.0400,1.799998
place308,VPWR,li1,75.9000,187.6800,1.799996
place300,VPWR,li1,99.3600,116.9600,1.799980
place348,VPWR,li1,192.2800,89.7600,1.799980
place334,VPWR,li1,224.9400,225.7600,1.799993
place338,VPWR,li1,211.6000,209.4400,1.799977
place365,VPWR,li1,263.1200,214.8800,1.799995
place366,VPWR,li1,255.3000,155.0400,1.799998
place359,VPWR,li1,237.3600,220.3200,1.799995
place379,VPWR,li1,132.9400,95.2000,1.799997
place383,VPWR,li1,158.7000,46.2400,1.800000
place352,VPWR,li1,199.1800,258.4000,1.799998
place353,VPWR,li1,189.5200,165.9200,1.799996
place433,VPWR,li1,148.1200,160.4800,1.799967
place435,VPWR,li1,177.1000,225.7600,1.799993
place417,VPWR,li1,193.2000,231.2000,1.799997
place418,VPWR,li1,259.4400,236.6400,1.799994
place419,VPWR,li1,254.3800,209.4400,1.799995
place396,VPWR,li1,184.4600,29.9200,1.799997
place377,VPWR,li1,156.8600,122.4000,1.799994
place389,VPWR,li1,160.5400,144.1600,1.799999
place390,VPWR,li1,305.4400,40.8000,1.799999
place342,VPWR,li1,101.6600,165.9200,1.799999
place341,VPWR,li1,145.3600,106.0800,1.799995
place330,VPWR,li1,227.7000,214.8800,1.799996
place369,VPWR,li1,142.1400,51.6800,1.800000
place370,VPWR,li1,52.4400,133.2800,1.799996
place307,VPWR,li1,110.4000,24.4800,1.799999
place429,VPWR,li1,257.1400,231.2000,1.799997
place432,VPWR,li1,153.1800,62.5600,1.799996
place305,VPWR,li1,80.5000,176.8000,1.799996
place434,VPWR,li1,143.0600,84.3200,1.799999
place437,VPWR,li1,157.3200,116.9600,1.799996
place289,VPWR,li1,34.5000,73.4400,1.799971
place279,VPWR,li1,53.8200,220.3200,1.799983
place278,VPWR,li1,35.8800,193.1200,1.799995
place288,VPWR,li1,60.7200,73.4400,1.799992
place381,VPWR,li1,228.1600,160.4800,1.799993
place280,VPWR,li1,34.9600,144.1600,1.799982
place292,VPWR,li1,34.0400,258.4000,1.799994
place283,VPWR,li1,51.5200,263.8400,1.799996
place293,VPWR,li1,28.0600,193.1200,1.799995
place313,VPWR,li1,265.8800,68.0000,1.799993
place306,VPWR,li1,110.8600,138.7200,1.799998
place281,VPWR,li1,22.0800,106.0800,1.799995
place264,VPWR,li1,78.2000,209.4400,1.799997
place112,VPWR,li1,13.3400,46.2400,1.799991
place294,VPWR,li1,34.0400,122.4000,1.799991
place285,VPWR,li1,24.3800,149.6000,1.799992
place286,VPWR,li1,37.7200,144.1600,1.799981
place284,VPWR,li1,23.9200,209.4400,1.799993
place287,VPWR,li1,22.0800,95.2000,1.799996
place290,VPWR,li1,51.9800,160.4800,1.799995
place298,VPWR,li1,74.0600,73.4400,1.799997
place322,VPWR,li1,204.7000,84.3200,1.799997
place356,VPWR,li1,224.4800,122.4000,1.799989
place291,VPWR,li1,34.9600,127.8400,1.799982
place296,VPWR,li1,24.3800,19.0400,1.799995
place297,VPWR,li1,34.5000,84.3200,1.799993
place299,VPWR,li1,41.4000,89.7600,1.799989
place302,VPWR,li1,83.7200,78.8800,1.799998
place304,VPWR,li1,77.7400,78.8800,1.799997
place310,VPWR,li1,75.9000,160.4800,1.799997
place276,VPWR,li1,24.3800,78.8800,1.799992
place380,VPWR,li1,230.9200,280.1600,1.799998
place382,VPWR,li1,233.2200,62.5600,1.799994
place277,VPWR,li1,25.3000,225.7600,1.799995
place350,VPWR,li1,234.1400,133.2800,1.799989
place331,VPWR,li1,232.3000,155.0400,1.799998
place393,VPWR,li1,233.6800,209.4400,1.799988
place311,VPWR,li1,288.4200,236.6400,1.799996
place416,VPWR,li1,197.3400,263.8400,1.799997
place349,VPWR,li1,243.8000,209.4400,1.799991
place395,VPWR,li1,244.7200,100.6400,1.799995
place450,VPWR,li1,153.1800,51.6800,1.800000
place431,VPWR,li1,249.7800,89.7600,1.799990
place428,VPWR,li1,184.0000,29.9200,1.799997
place360,VPWR,li1,232.3000,193.1200,1.799995
place354,VPWR,li1,199.1800,116.9600,1.799982
place361,VPWR,li1,224.4800,111.5200,1.799998
place373,VPWR,li1,132.9400,209.4400,1.799997
place367,VPWR,li1,243.3400,95.2000,1.799993
place401,VPWR,li1,282.4400,209.4400,1.799995
place324,VPWR,li1,117.3000,144.1600,1.799997
place378,VPWR,li1,155.4800,51.6800,1.800000
place420,VPWR,li1,178.9400,155.0400,1.799998
place410,VPWR,li1,211.1400,263.8400,1.799995
place343,VPWR,li1,82.3400,84.3200,1.799998
place332,VPWR,li1,227.2400,84.3200,1.799997
place371,VPWR,li1,50.6000,116.9600,1.799995
place347,VPWR,li1,230.4600,138.7200,1.799997
place339,VPWR,li1,244.7200,155.0400,1.799998
place423,VPWR,li1,271.8600,122.4000,1.799992
place337,VPWR,li1,219.8800,296.4800,1.799997
place430,VPWR,li1,256.2200,160.4800,1.799995
place444,VPWR,li1,146.2800,78.8800,1.799997
place385,VPWR,li1,253.0000,149.6000,1.799997
place436,VPWR,li1,143.0600,182.2400,1.799997
place446,VPWR,li1,132.0200,78.8800,1.799999
place445,VPWR,li1,78.2000,301.9200,1.799995
place443,VPWR,li1,215.2800,89.7600,1.799972
TAP_TAPCELL_ROW_108_1493,VPWR,li1,306.5900,307.0530,1.800000
TAP_TAPCELL_ROW_108_1492,VPWR,li1,293.7100,307.0530,1.800000
TAP_TAPCELL_ROW_108_1491,VPWR,li1,280.8300,307.0530,1.800000
TAP_TAPCELL_ROW_108_1490,VPWR,li1,267.9500,307.0530,1.800000
TAP_TAPCELL_ROW_108_1489,VPWR,li1,255.0700,307.0530,1.800000
TAP_TAPCELL_ROW_108_1488,VPWR,li1,242.1900,307.0530,1.800000
TAP_TAPCELL_ROW_108_1487,VPWR,li1,229.3100,307.0530,1.800000
TAP_TAPCELL_ROW_108_1486,VPWR,li1,216.4300,307.0530,1.800000
TAP_TAPCELL_ROW_108_1485,VPWR,li1,203.5500,307.0530,1.800000
TAP_TAPCELL_ROW_108_1484,VPWR,li1,190.6700,307.0530,1.800000
TAP_TAPCELL_ROW_108_1483,VPWR,li1,177.7900,307.0530,1.800000
TAP_TAPCELL_ROW_108_1482,VPWR,li1,164.9100,307.0530,1.800000
TAP_TAPCELL_ROW_108_1481,VPWR,li1,152.0300,307.0530,1.800000
TAP_TAPCELL_ROW_108_1480,VPWR,li1,139.1500,307.0530,1.800000
TAP_TAPCELL_ROW_108_1479,VPWR,li1,126.2700,307.0530,1.800000
TAP_TAPCELL_ROW_108_1478,VPWR,li1,113.3900,307.0530,1.800000
TAP_TAPCELL_ROW_108_1477,VPWR,li1,100.5100,307.0530,1.800000
TAP_TAPCELL_ROW_108_1476,VPWR,li1,87.6300,307.0530,1.800000
TAP_TAPCELL_ROW_108_1475,VPWR,li1,74.7500,307.0530,1.800000
TAP_TAPCELL_ROW_108_1474,VPWR,li1,61.8700,307.0530,1.800000
TAP_TAPCELL_ROW_108_1473,VPWR,li1,48.9900,307.0530,1.800000
TAP_TAPCELL_ROW_108_1472,VPWR,li1,36.1100,307.0530,1.800000
TAP_TAPCELL_ROW_108_1471,VPWR,li1,23.2300,307.0530,1.800000
TAP_TAPCELL_ROW_107_1470,VPWR,li1,293.7100,302.2260,1.799996
TAP_TAPCELL_ROW_107_1469,VPWR,li1,267.9500,302.2260,1.799992
TAP_TAPCELL_ROW_107_1468,VPWR,li1,242.1900,302.2260,1.799991
TAP_TAPCELL_ROW_107_1467,VPWR,li1,216.4300,302.2260,1.799994
TAP_TAPCELL_ROW_107_1466,VPWR,li1,190.6700,302.2260,1.799997
TAP_TAPCELL_ROW_107_1465,VPWR,li1,164.9100,302.2260,1.799995
TAP_TAPCELL_ROW_107_1464,VPWR,li1,139.1500,302.2260,1.799992
TAP_TAPCELL_ROW_107_1463,VPWR,li1,113.3900,302.2260,1.799990
TAP_TAPCELL_ROW_107_1462,VPWR,li1,87.6300,302.2260,1.799994
TAP_TAPCELL_ROW_107_1461,VPWR,li1,61.8700,302.2260,1.799994
TAP_TAPCELL_ROW_107_1460,VPWR,li1,36.1100,302.2260,1.799998
TAP_TAPCELL_ROW_106_1459,VPWR,li1,306.5900,301.6130,1.799996
TAP_TAPCELL_ROW_106_1458,VPWR,li1,280.8300,301.6130,1.799995
TAP_TAPCELL_ROW_106_1457,VPWR,li1,255.0700,301.6130,1.799994
TAP_TAPCELL_ROW_106_1456,VPWR,li1,229.3100,301.6130,1.799993
TAP_TAPCELL_ROW_106_1455,VPWR,li1,203.5500,301.6130,1.799996
TAP_TAPCELL_ROW_106_1454,VPWR,li1,177.7900,301.6130,1.799995
TAP_TAPCELL_ROW_106_1453,VPWR,li1,152.0300,301.6130,1.799992
TAP_TAPCELL_ROW_106_1452,VPWR,li1,126.2700,301.6130,1.799991
TAP_TAPCELL_ROW_106_1451,VPWR,li1,100.5100,301.6130,1.799993
TAP_TAPCELL_ROW_106_1450,VPWR,li1,74.7500,301.6130,1.799996
TAP_TAPCELL_ROW_106_1449,VPWR,li1,48.9900,301.6130,1.799997
TAP_TAPCELL_ROW_106_1448,VPWR,li1,23.2300,301.6130,1.799999
TAP_TAPCELL_ROW_105_1447,VPWR,li1,293.7100,296.7860,1.799995
TAP_TAPCELL_ROW_105_1446,VPWR,li1,267.9500,296.7860,1.799994
TAP_TAPCELL_ROW_105_1445,VPWR,li1,242.1900,296.7860,1.799997
TAP_TAPCELL_ROW_105_1444,VPWR,li1,216.4300,296.7860,1.799997
TAP_TAPCELL_ROW_105_1443,VPWR,li1,190.6700,296.7860,1.799998
TAP_TAPCELL_ROW_105_1442,VPWR,li1,164.9100,296.7860,1.799995
TAP_TAPCELL_ROW_105_1441,VPWR,li1,139.1500,296.7860,1.799983
TAP_TAPCELL_ROW_105_1440,VPWR,li1,113.3900,296.7860,1.799993
TAP_TAPCELL_ROW_105_1439,VPWR,li1,87.6300,296.7860,1.799997
TAP_TAPCELL_ROW_105_1438,VPWR,li1,61.8700,296.7860,1.799994
TAP_TAPCELL_ROW_105_1437,VPWR,li1,36.1100,296.7860,1.799995
TAP_TAPCELL_ROW_104_1436,VPWR,li1,306.5900,296.1730,1.799995
TAP_TAPCELL_ROW_104_1435,VPWR,li1,280.8300,296.1730,1.799995
TAP_TAPCELL_ROW_104_1434,VPWR,li1,255.0700,296.1730,1.799997
TAP_TAPCELL_ROW_104_1433,VPWR,li1,229.3100,296.1730,1.799998
TAP_TAPCELL_ROW_104_1432,VPWR,li1,203.5500,296.1730,1.799998
TAP_TAPCELL_ROW_104_1431,VPWR,li1,177.7900,296.1730,1.799997
TAP_TAPCELL_ROW_104_1430,VPWR,li1,152.0300,296.1730,1.799988
TAP_TAPCELL_ROW_104_1429,VPWR,li1,126.2700,296.1730,1.799988
TAP_TAPCELL_ROW_104_1428,VPWR,li1,100.5100,296.1730,1.799997
TAP_TAPCELL_ROW_104_1427,VPWR,li1,74.7500,296.1730,1.799997
TAP_TAPCELL_ROW_104_1426,VPWR,li1,48.9900,296.1730,1.799995
TAP_TAPCELL_ROW_104_1425,VPWR,li1,23.2300,296.1730,1.799997
TAP_TAPCELL_ROW_103_1424,VPWR,li1,293.7100,291.3460,1.799996
TAP_TAPCELL_ROW_103_1423,VPWR,li1,267.9500,291.3460,1.799997
TAP_TAPCELL_ROW_103_1422,VPWR,li1,242.1900,291.3460,1.799998
TAP_TAPCELL_ROW_103_1421,VPWR,li1,216.4300,291.3460,1.799997
TAP_TAPCELL_ROW_103_1420,VPWR,li1,190.6700,291.3460,1.799998
TAP_TAPCELL_ROW_103_1419,VPWR,li1,164.9100,291.3460,1.799998
TAP_TAPCELL_ROW_103_1418,VPWR,li1,139.1500,291.3460,1.799998
TAP_TAPCELL_ROW_103_1417,VPWR,li1,113.3900,291.3460,1.799997
TAP_TAPCELL_ROW_103_1416,VPWR,li1,87.6300,291.3460,1.799991
TAP_TAPCELL_ROW_103_1415,VPWR,li1,61.8700,291.3460,1.799984
TAP_TAPCELL_ROW_103_1414,VPWR,li1,36.1100,291.3460,1.799994
TAP_TAPCELL_ROW_102_1413,VPWR,li1,306.5900,290.7330,1.799996
TAP_TAPCELL_ROW_102_1412,VPWR,li1,280.8300,290.7330,1.799997
TAP_TAPCELL_ROW_102_1411,VPWR,li1,255.0700,290.7330,1.799999
TAP_TAPCELL_ROW_102_1410,VPWR,li1,229.3100,290.7330,1.799997
TAP_TAPCELL_ROW_102_1409,VPWR,li1,203.5500,290.7330,1.799997
TAP_TAPCELL_ROW_102_1408,VPWR,li1,177.7900,290.7330,1.799998
TAP_TAPCELL_ROW_102_1407,VPWR,li1,152.0300,290.7330,1.799998
TAP_TAPCELL_ROW_102_1406,VPWR,li1,126.2700,290.7330,1.799997
TAP_TAPCELL_ROW_102_1405,VPWR,li1,100.5100,290.7330,1.799996
TAP_TAPCELL_ROW_102_1404,VPWR,li1,74.7500,290.7330,1.799986
TAP_TAPCELL_ROW_102_1403,VPWR,li1,48.9900,290.7330,1.799991
TAP_TAPCELL_ROW_102_1402,VPWR,li1,23.2300,290.7330,1.799996
TAP_TAPCELL_ROW_101_1401,VPWR,li1,293.7100,285.9060,1.799979
TAP_TAPCELL_ROW_101_1400,VPWR,li1,267.9500,285.9060,1.799987
TAP_TAPCELL_ROW_101_1399,VPWR,li1,242.1900,285.9060,1.799993
TAP_TAPCELL_ROW_101_1398,VPWR,li1,216.4300,285.9060,1.799997
TAP_TAPCELL_ROW_101_1397,VPWR,li1,190.6700,285.9060,1.799999
TAP_TAPCELL_ROW_101_1396,VPWR,li1,164.9100,285.9060,1.799998
TAP_TAPCELL_ROW_101_1395,VPWR,li1,139.1500,285.9060,1.799996
TAP_TAPCELL_ROW_101_1394,VPWR,li1,113.3900,285.9060,1.799997
TAP_TAPCELL_ROW_101_1393,VPWR,li1,87.6300,285.9060,1.799999
TAP_TAPCELL_ROW_101_1392,VPWR,li1,61.8700,285.9060,1.799997
TAP_TAPCELL_ROW_101_1391,VPWR,li1,36.1100,285.9060,1.799995
TAP_TAPCELL_ROW_100_1390,VPWR,li1,306.5900,285.2930,1.799978
TAP_TAPCELL_ROW_100_1389,VPWR,li1,280.8300,285.2930,1.799983
TAP_TAPCELL_ROW_100_1388,VPWR,li1,255.0700,285.2930,1.799994
TAP_TAPCELL_ROW_100_1387,VPWR,li1,229.3100,285.2930,1.799995
TAP_TAPCELL_ROW_100_1386,VPWR,li1,203.5500,285.2930,1.799998
TAP_TAPCELL_ROW_100_1385,VPWR,li1,177.7900,285.2930,1.799998
TAP_TAPCELL_ROW_100_1384,VPWR,li1,152.0300,285.2930,1.799996
TAP_TAPCELL_ROW_100_1383,VPWR,li1,126.2700,285.2930,1.799996
TAP_TAPCELL_ROW_100_1382,VPWR,li1,100.5100,285.2930,1.799999
TAP_TAPCELL_ROW_100_1381,VPWR,li1,74.7500,285.2930,1.799999
TAP_TAPCELL_ROW_100_1380,VPWR,li1,48.9900,285.2930,1.799996
TAP_TAPCELL_ROW_100_1379,VPWR,li1,23.2300,285.2930,1.799996
TAP_TAPCELL_ROW_99_1378,VPWR,li1,293.7100,280.4660,1.799994
TAP_TAPCELL_ROW_99_1377,VPWR,li1,267.9500,280.4660,1.799996
TAP_TAPCELL_ROW_99_1376,VPWR,li1,242.1900,280.4660,1.799998
TAP_TAPCELL_ROW_99_1375,VPWR,li1,216.4300,280.4660,1.799994
TAP_TAPCELL_ROW_99_1374,VPWR,li1,190.6700,280.4660,1.799981
TAP_TAPCELL_ROW_99_1373,VPWR,li1,164.9100,280.4660,1.799991
TAP_TAPCELL_ROW_99_1372,VPWR,li1,139.1500,280.4660,1.799996
TAP_TAPCELL_ROW_99_1371,VPWR,li1,113.3900,280.4660,1.799998
TAP_TAPCELL_ROW_99_1370,VPWR,li1,87.6300,280.4660,1.799997
TAP_TAPCELL_ROW_99_1369,VPWR,li1,61.8700,280.4660,1.799990
TAP_TAPCELL_ROW_99_1368,VPWR,li1,36.1100,280.4660,1.799971
TAP_TAPCELL_ROW_98_1367,VPWR,li1,306.5900,279.8530,1.799994
TAP_TAPCELL_ROW_98_1366,VPWR,li1,280.8300,279.8530,1.799995
TAP_TAPCELL_ROW_98_1365,VPWR,li1,255.0700,279.8530,1.799998
TAP_TAPCELL_ROW_98_1364,VPWR,li1,229.3100,279.8530,1.799997
TAP_TAPCELL_ROW_98_1363,VPWR,li1,203.5500,279.8530,1.799990
TAP_TAPCELL_ROW_98_1362,VPWR,li1,177.7900,279.8530,1.799978
TAP_TAPCELL_ROW_98_1361,VPWR,li1,152.0300,279.8530,1.799993
TAP_TAPCELL_ROW_98_1360,VPWR,li1,126.2700,279.8530,1.799996
TAP_TAPCELL_ROW_98_1359,VPWR,li1,100.5100,279.8530,1.799998
TAP_TAPCELL_ROW_98_1358,VPWR,li1,74.7500,279.8530,1.799996
TAP_TAPCELL_ROW_98_1357,VPWR,li1,48.9900,279.8530,1.799986
TAP_TAPCELL_ROW_98_1356,VPWR,li1,23.2300,279.8530,1.799982
TAP_TAPCELL_ROW_97_1355,VPWR,li1,293.7100,275.0260,1.799991
TAP_TAPCELL_ROW_97_1354,VPWR,li1,267.9500,275.0260,1.799990
TAP_TAPCELL_ROW_97_1353,VPWR,li1,242.1900,275.0260,1.799984
TAP_TAPCELL_ROW_97_1352,VPWR,li1,216.4300,275.0260,1.799991
TAP_TAPCELL_ROW_97_1351,VPWR,li1,190.6700,275.0260,1.799995
TAP_TAPCELL_ROW_97_1350,VPWR,li1,164.9100,275.0260,1.799997
TAP_TAPCELL_ROW_97_1349,VPWR,li1,139.1500,275.0260,1.799996
TAP_TAPCELL_ROW_97_1348,VPWR,li1,113.3900,275.0260,1.799997
TAP_TAPCELL_ROW_97_1347,VPWR,li1,87.6300,275.0260,1.799999
TAP_TAPCELL_ROW_97_1346,VPWR,li1,61.8700,275.0260,1.799997
TAP_TAPCELL_ROW_97_1345,VPWR,li1,36.1100,275.0260,1.799994
TAP_TAPCELL_ROW_96_1344,VPWR,li1,306.5900,274.4130,1.799989
TAP_TAPCELL_ROW_96_1343,VPWR,li1,280.8300,274.4130,1.799993
TAP_TAPCELL_ROW_96_1342,VPWR,li1,255.0700,274.4130,1.799989
TAP_TAPCELL_ROW_96_1341,VPWR,li1,229.3100,274.4130,1.799990
TAP_TAPCELL_ROW_96_1340,VPWR,li1,203.5500,274.4130,1.799993
TAP_TAPCELL_ROW_96_1339,VPWR,li1,177.7900,274.4130,1.799995
TAP_TAPCELL_ROW_96_1338,VPWR,li1,152.0300,274.4130,1.799995
TAP_TAPCELL_ROW_96_1337,VPWR,li1,126.2700,274.4130,1.799996
TAP_TAPCELL_ROW_96_1336,VPWR,li1,100.5100,274.4130,1.799999
TAP_TAPCELL_ROW_96_1335,VPWR,li1,74.7500,274.4130,1.799999
TAP_TAPCELL_ROW_96_1334,VPWR,li1,48.9900,274.4130,1.799996
TAP_TAPCELL_ROW_96_1333,VPWR,li1,23.2300,274.4130,1.799994
TAP_TAPCELL_ROW_95_1332,VPWR,li1,293.7100,269.5860,1.799992
TAP_TAPCELL_ROW_95_1331,VPWR,li1,267.9500,269.5860,1.799988
TAP_TAPCELL_ROW_95_1330,VPWR,li1,242.1900,269.5860,1.799977
TAP_TAPCELL_ROW_95_1329,VPWR,li1,216.4300,269.5860,1.799987
TAP_TAPCELL_ROW_95_1328,VPWR,li1,190.6700,269.5860,1.799996
TAP_TAPCELL_ROW_95_1327,VPWR,li1,164.9100,269.5860,1.799997
TAP_TAPCELL_ROW_95_1326,VPWR,li1,139.1500,269.5860,1.799997
TAP_TAPCELL_ROW_95_1325,VPWR,li1,113.3900,269.5860,1.799999
TAP_TAPCELL_ROW_95_1324,VPWR,li1,87.6300,269.5860,1.799999
TAP_TAPCELL_ROW_95_1323,VPWR,li1,61.8700,269.5860,1.799995
TAP_TAPCELL_ROW_95_1322,VPWR,li1,36.1100,269.5860,1.799993
TAP_TAPCELL_ROW_94_1321,VPWR,li1,306.5900,268.9730,1.799992
TAP_TAPCELL_ROW_94_1320,VPWR,li1,280.8300,268.9730,1.799992
TAP_TAPCELL_ROW_94_1319,VPWR,li1,255.0700,268.9730,1.799986
TAP_TAPCELL_ROW_94_1318,VPWR,li1,229.3100,268.9730,1.799981
TAP_TAPCELL_ROW_94_1317,VPWR,li1,203.5500,268.9730,1.799992
TAP_TAPCELL_ROW_94_1316,VPWR,li1,177.7900,268.9730,1.799995
TAP_TAPCELL_ROW_94_1315,VPWR,li1,152.0300,268.9730,1.799996
TAP_TAPCELL_ROW_94_1314,VPWR,li1,126.2700,268.9730,1.799998
TAP_TAPCELL_ROW_94_1313,VPWR,li1,100.5100,268.9730,1.799999
TAP_TAPCELL_ROW_94_1312,VPWR,li1,74.7500,268.9730,1.799998
TAP_TAPCELL_ROW_94_1311,VPWR,li1,48.9900,268.9730,1.799994
TAP_TAPCELL_ROW_94_1310,VPWR,li1,23.2300,268.9730,1.799996
TAP_TAPCELL_ROW_93_1309,VPWR,li1,293.7100,264.1460,1.799995
TAP_TAPCELL_ROW_93_1308,VPWR,li1,267.9500,264.1460,1.799995
TAP_TAPCELL_ROW_93_1307,VPWR,li1,242.1900,264.1460,1.799994
TAP_TAPCELL_ROW_93_1306,VPWR,li1,216.4300,264.1460,1.799995
TAP_TAPCELL_ROW_93_1305,VPWR,li1,190.6700,264.1460,1.799997
TAP_TAPCELL_ROW_93_1304,VPWR,li1,164.9100,264.1460,1.799998
TAP_TAPCELL_ROW_93_1303,VPWR,li1,139.1500,264.1460,1.799997
TAP_TAPCELL_ROW_93_1302,VPWR,li1,113.3900,264.1460,1.799998
TAP_TAPCELL_ROW_93_1301,VPWR,li1,87.6300,264.1460,1.799999
TAP_TAPCELL_ROW_93_1300,VPWR,li1,61.8700,264.1460,1.799996
TAP_TAPCELL_ROW_93_1299,VPWR,li1,36.1100,264.1460,1.799994
TAP_TAPCELL_ROW_92_1298,VPWR,li1,306.5900,263.5330,1.799993
TAP_TAPCELL_ROW_92_1297,VPWR,li1,280.8300,263.5330,1.799996
TAP_TAPCELL_ROW_92_1296,VPWR,li1,255.0700,263.5330,1.799997
TAP_TAPCELL_ROW_92_1295,VPWR,li1,229.3100,263.5330,1.799995
TAP_TAPCELL_ROW_92_1294,VPWR,li1,203.5500,263.5330,1.799995
TAP_TAPCELL_ROW_92_1293,VPWR,li1,177.7900,263.5330,1.799997
TAP_TAPCELL_ROW_92_1292,VPWR,li1,152.0300,263.5330,1.799998
TAP_TAPCELL_ROW_92_1291,VPWR,li1,126.2700,263.5330,1.799997
TAP_TAPCELL_ROW_92_1290,VPWR,li1,100.5100,263.5330,1.799999
TAP_TAPCELL_ROW_92_1289,VPWR,li1,74.7500,263.5330,1.799999
TAP_TAPCELL_ROW_92_1288,VPWR,li1,48.9900,263.5330,1.799996
TAP_TAPCELL_ROW_92_1287,VPWR,li1,23.2300,263.5330,1.799992
TAP_TAPCELL_ROW_91_1286,VPWR,li1,293.7100,258.7060,1.799992
TAP_TAPCELL_ROW_91_1285,VPWR,li1,267.9500,258.7060,1.799996
TAP_TAPCELL_ROW_91_1284,VPWR,li1,242.1900,258.7060,1.799996
TAP_TAPCELL_ROW_91_1283,VPWR,li1,216.4300,258.7060,1.799997
TAP_TAPCELL_ROW_91_1282,VPWR,li1,190.6700,258.7060,1.799999
TAP_TAPCELL_ROW_91_1281,VPWR,li1,164.9100,258.7060,1.799998
TAP_TAPCELL_ROW_91_1280,VPWR,li1,139.1500,258.7060,1.799997
TAP_TAPCELL_ROW_91_1279,VPWR,li1,113.3900,258.7060,1.799999
TAP_TAPCELL_ROW_91_1278,VPWR,li1,87.6300,258.7060,1.799999
TAP_TAPCELL_ROW_91_1277,VPWR,li1,61.8700,258.7060,1.799998
TAP_TAPCELL_ROW_91_1276,VPWR,li1,36.1100,258.7060,1.799994
TAP_TAPCELL_ROW_90_1275,VPWR,li1,306.5900,258.0930,1.799992
TAP_TAPCELL_ROW_90_1274,VPWR,li1,280.8300,258.0930,1.799995
TAP_TAPCELL_ROW_90_1273,VPWR,li1,255.0700,258.0930,1.799998
TAP_TAPCELL_ROW_90_1272,VPWR,li1,229.3100,258.0930,1.799997
TAP_TAPCELL_ROW_90_1271,VPWR,li1,203.5500,258.0930,1.799998
TAP_TAPCELL_ROW_90_1270,VPWR,li1,177.7900,258.0930,1.799998
TAP_TAPCELL_ROW_90_1269,VPWR,li1,152.0300,258.0930,1.799996
TAP_TAPCELL_ROW_90_1268,VPWR,li1,126.2700,258.0930,1.799998
TAP_TAPCELL_ROW_90_1267,VPWR,li1,100.5100,258.0930,1.799999
TAP_TAPCELL_ROW_90_1266,VPWR,li1,74.7500,258.0930,1.799999
TAP_TAPCELL_ROW_90_1265,VPWR,li1,48.9900,258.0930,1.799997
TAP_TAPCELL_ROW_90_1264,VPWR,li1,23.2300,258.0930,1.799995
TAP_TAPCELL_ROW_89_1263,VPWR,li1,293.7100,253.2660,1.799992
TAP_TAPCELL_ROW_89_1262,VPWR,li1,267.9500,253.2660,1.799994
TAP_TAPCELL_ROW_89_1261,VPWR,li1,242.1900,253.2660,1.799996
TAP_TAPCELL_ROW_89_1260,VPWR,li1,216.4300,253.2660,1.799995
TAP_TAPCELL_ROW_89_1259,VPWR,li1,190.6700,253.2660,1.799996
TAP_TAPCELL_ROW_89_1258,VPWR,li1,164.9100,253.2660,1.799992
TAP_TAPCELL_ROW_89_1257,VPWR,li1,139.1500,253.2660,1.799978
TAP_TAPCELL_ROW_89_1256,VPWR,li1,113.3900,253.2660,1.799993
TAP_TAPCELL_ROW_89_1255,VPWR,li1,87.6300,253.2660,1.799998
TAP_TAPCELL_ROW_89_1254,VPWR,li1,61.8700,253.2660,1.799997
TAP_TAPCELL_ROW_89_1253,VPWR,li1,36.1100,253.2660,1.799994
TAP_TAPCELL_ROW_88_1252,VPWR,li1,306.5900,252.6530,1.799990
TAP_TAPCELL_ROW_88_1251,VPWR,li1,280.8300,252.6530,1.799995
TAP_TAPCELL_ROW_88_1250,VPWR,li1,255.0700,252.6530,1.799996
TAP_TAPCELL_ROW_88_1249,VPWR,li1,229.3100,252.6530,1.799995
TAP_TAPCELL_ROW_88_1248,VPWR,li1,203.5500,252.6530,1.799995
TAP_TAPCELL_ROW_88_1247,VPWR,li1,177.7900,252.6530,1.799994
TAP_TAPCELL_ROW_88_1246,VPWR,li1,152.0300,252.6530,1.799980
TAP_TAPCELL_ROW_88_1245,VPWR,li1,126.2700,252.6530,1.799988
TAP_TAPCELL_ROW_88_1244,VPWR,li1,100.5100,252.6530,1.799997
TAP_TAPCELL_ROW_88_1243,VPWR,li1,74.7500,252.6530,1.799998
TAP_TAPCELL_ROW_88_1242,VPWR,li1,48.9900,252.6530,1.799995
TAP_TAPCELL_ROW_88_1241,VPWR,li1,23.2300,252.6530,1.799993
TAP_TAPCELL_ROW_87_1240,VPWR,li1,293.7100,247.8260,1.799968
TAP_TAPCELL_ROW_87_1239,VPWR,li1,267.9500,247.8260,1.799986
TAP_TAPCELL_ROW_87_1238,VPWR,li1,242.1900,247.8260,1.799993
TAP_TAPCELL_ROW_87_1237,VPWR,li1,216.4300,247.8260,1.799997
TAP_TAPCELL_ROW_87_1236,VPWR,li1,190.6700,247.8260,1.799999
TAP_TAPCELL_ROW_87_1235,VPWR,li1,164.9100,247.8260,1.799998
TAP_TAPCELL_ROW_87_1234,VPWR,li1,139.1500,247.8260,1.799997
TAP_TAPCELL_ROW_87_1233,VPWR,li1,113.3900,247.8260,1.799993
TAP_TAPCELL_ROW_87_1232,VPWR,li1,87.6300,247.8260,1.799995
TAP_TAPCELL_ROW_87_1231,VPWR,li1,61.8700,247.8260,1.799991
TAP_TAPCELL_ROW_87_1230,VPWR,li1,36.1100,247.8260,1.799981
TAP_TAPCELL_ROW_86_1229,VPWR,li1,306.5900,247.2130,1.799966
TAP_TAPCELL_ROW_86_1228,VPWR,li1,280.8300,247.2130,1.799981
TAP_TAPCELL_ROW_86_1227,VPWR,li1,255.0700,247.2130,1.799994
TAP_TAPCELL_ROW_86_1226,VPWR,li1,229.3100,247.2130,1.799995
TAP_TAPCELL_ROW_86_1225,VPWR,li1,203.5500,247.2130,1.799998
TAP_TAPCELL_ROW_86_1224,VPWR,li1,177.7900,247.2130,1.799998
TAP_TAPCELL_ROW_86_1223,VPWR,li1,152.0300,247.2130,1.799998
TAP_TAPCELL_ROW_86_1222,VPWR,li1,126.2700,247.2130,1.799994
TAP_TAPCELL_ROW_86_1221,VPWR,li1,100.5100,247.2130,1.799994
TAP_TAPCELL_ROW_86_1220,VPWR,li1,74.7500,247.2130,1.799996
TAP_TAPCELL_ROW_86_1219,VPWR,li1,48.9900,247.2130,1.799990
TAP_TAPCELL_ROW_86_1218,VPWR,li1,23.2300,247.2130,1.799971
TAP_TAPCELL_ROW_85_1217,VPWR,li1,293.7100,242.3860,1.799993
TAP_TAPCELL_ROW_85_1216,VPWR,li1,267.9500,242.3860,1.799995
TAP_TAPCELL_ROW_85_1215,VPWR,li1,242.1900,242.3860,1.799994
TAP_TAPCELL_ROW_85_1214,VPWR,li1,216.4300,242.3860,1.799995
TAP_TAPCELL_ROW_85_1213,VPWR,li1,190.6700,242.3860,1.799997
TAP_TAPCELL_ROW_85_1212,VPWR,li1,164.9100,242.3860,1.799996
TAP_TAPCELL_ROW_85_1211,VPWR,li1,139.1500,242.3860,1.799993
TAP_TAPCELL_ROW_85_1210,VPWR,li1,113.3900,242.3860,1.799983
TAP_TAPCELL_ROW_85_1209,VPWR,li1,87.6300,242.3860,1.799986
TAP_TAPCELL_ROW_85_1208,VPWR,li1,61.8700,242.3860,1.799977
TAP_TAPCELL_ROW_85_1207,VPWR,li1,36.1100,242.3860,1.799985
TAP_TAPCELL_ROW_84_1206,VPWR,li1,306.5900,241.7730,1.799993
TAP_TAPCELL_ROW_84_1205,VPWR,li1,280.8300,241.7730,1.799995
TAP_TAPCELL_ROW_84_1204,VPWR,li1,255.0700,241.7730,1.799997
TAP_TAPCELL_ROW_84_1203,VPWR,li1,229.3100,241.7730,1.799995
TAP_TAPCELL_ROW_84_1202,VPWR,li1,203.5500,241.7730,1.799997
TAP_TAPCELL_ROW_84_1201,VPWR,li1,177.7900,241.7730,1.799996
TAP_TAPCELL_ROW_84_1200,VPWR,li1,152.0300,241.7730,1.799993
TAP_TAPCELL_ROW_84_1199,VPWR,li1,126.2700,241.7730,1.799988
TAP_TAPCELL_ROW_84_1198,VPWR,li1,100.5100,241.7730,1.799983
TAP_TAPCELL_ROW_84_1197,VPWR,li1,74.7500,241.7730,1.799990
TAP_TAPCELL_ROW_84_1196,VPWR,li1,48.9900,241.7730,1.799979
TAP_TAPCELL_ROW_84_1195,VPWR,li1,23.2300,241.7730,1.799990
TAP_TAPCELL_ROW_83_1194,VPWR,li1,293.7100,236.9460,1.799994
TAP_TAPCELL_ROW_83_1193,VPWR,li1,267.9500,236.9460,1.799993
TAP_TAPCELL_ROW_83_1192,VPWR,li1,242.1900,236.9460,1.799988
TAP_TAPCELL_ROW_83_1191,VPWR,li1,216.4300,236.9460,1.799966
TAP_TAPCELL_ROW_83_1190,VPWR,li1,190.6700,236.9460,1.799990
TAP_TAPCELL_ROW_83_1189,VPWR,li1,164.9100,236.9460,1.799997
TAP_TAPCELL_ROW_83_1188,VPWR,li1,139.1500,236.9460,1.799999
TAP_TAPCELL_ROW_83_1187,VPWR,li1,113.3900,236.9460,1.799999
TAP_TAPCELL_ROW_83_1186,VPWR,li1,87.6300,236.9460,1.799998
TAP_TAPCELL_ROW_83_1185,VPWR,li1,61.8700,236.9460,1.799992
TAP_TAPCELL_ROW_83_1184,VPWR,li1,36.1100,236.9460,1.799993
TAP_TAPCELL_ROW_82_1183,VPWR,li1,306.5900,236.3330,1.799992
TAP_TAPCELL_ROW_82_1182,VPWR,li1,280.8300,236.3330,1.799995
TAP_TAPCELL_ROW_82_1181,VPWR,li1,255.0700,236.3330,1.799995
TAP_TAPCELL_ROW_82_1180,VPWR,li1,229.3100,236.3330,1.799985
TAP_TAPCELL_ROW_82_1179,VPWR,li1,203.5500,236.3330,1.799976
TAP_TAPCELL_ROW_82_1178,VPWR,li1,177.7900,236.3330,1.799993
TAP_TAPCELL_ROW_82_1177,VPWR,li1,152.0300,236.3330,1.799998
TAP_TAPCELL_ROW_82_1176,VPWR,li1,126.2700,236.3330,1.799999
TAP_TAPCELL_ROW_82_1175,VPWR,li1,100.5100,236.3330,1.799999
TAP_TAPCELL_ROW_82_1174,VPWR,li1,74.7500,236.3330,1.799997
TAP_TAPCELL_ROW_82_1173,VPWR,li1,48.9900,236.3330,1.799992
TAP_TAPCELL_ROW_82_1172,VPWR,li1,23.2300,236.3330,1.799994
TAP_TAPCELL_ROW_81_1171,VPWR,li1,293.7100,231.5060,1.799993
TAP_TAPCELL_ROW_81_1170,VPWR,li1,267.9500,231.5060,1.799994
TAP_TAPCELL_ROW_81_1169,VPWR,li1,242.1900,231.5060,1.799998
TAP_TAPCELL_ROW_81_1168,VPWR,li1,216.4300,231.5060,1.799996
TAP_TAPCELL_ROW_81_1167,VPWR,li1,190.6700,231.5060,1.799997
TAP_TAPCELL_ROW_81_1166,VPWR,li1,164.9100,231.5060,1.799997
TAP_TAPCELL_ROW_81_1165,VPWR,li1,139.1500,231.5060,1.799995
TAP_TAPCELL_ROW_81_1164,VPWR,li1,113.3900,231.5060,1.799998
TAP_TAPCELL_ROW_81_1163,VPWR,li1,87.6300,231.5060,1.799999
TAP_TAPCELL_ROW_81_1162,VPWR,li1,61.8700,231.5060,1.799997
TAP_TAPCELL_ROW_81_1161,VPWR,li1,36.1100,231.5060,1.799992
TAP_TAPCELL_ROW_80_1160,VPWR,li1,306.5900,230.8930,1.799991
TAP_TAPCELL_ROW_80_1159,VPWR,li1,280.8300,230.8930,1.799994
TAP_TAPCELL_ROW_80_1158,VPWR,li1,255.0700,230.8930,1.799998
TAP_TAPCELL_ROW_80_1157,VPWR,li1,229.3100,230.8930,1.799998
TAP_TAPCELL_ROW_80_1156,VPWR,li1,203.5500,230.8930,1.799996
TAP_TAPCELL_ROW_80_1155,VPWR,li1,177.7900,230.8930,1.799996
TAP_TAPCELL_ROW_80_1154,VPWR,li1,152.0300,230.8930,1.799995
TAP_TAPCELL_ROW_80_1153,VPWR,li1,126.2700,230.8930,1.799996
TAP_TAPCELL_ROW_80_1152,VPWR,li1,100.5100,230.8930,1.799999
TAP_TAPCELL_ROW_80_1151,VPWR,li1,74.7500,230.8930,1.799999
TAP_TAPCELL_ROW_80_1150,VPWR,li1,48.9900,230.8930,1.799995
TAP_TAPCELL_ROW_80_1149,VPWR,li1,23.2300,230.8930,1.799992
TAP_TAPCELL_ROW_79_1148,VPWR,li1,293.7100,226.0660,1.799992
TAP_TAPCELL_ROW_79_1147,VPWR,li1,267.9500,226.0660,1.799992
TAP_TAPCELL_ROW_79_1146,VPWR,li1,242.1900,226.0660,1.799993
TAP_TAPCELL_ROW_79_1145,VPWR,li1,216.4300,226.0660,1.799986
TAP_TAPCELL_ROW_79_1144,VPWR,li1,190.6700,226.0660,1.799989
TAP_TAPCELL_ROW_79_1143,VPWR,li1,164.9100,226.0660,1.799997
TAP_TAPCELL_ROW_79_1142,VPWR,li1,139.1500,226.0660,1.799997
TAP_TAPCELL_ROW_79_1141,VPWR,li1,113.3900,226.0660,1.799999
TAP_TAPCELL_ROW_79_1140,VPWR,li1,87.6300,226.0660,1.799999
TAP_TAPCELL_ROW_79_1139,VPWR,li1,61.8700,226.0660,1.799996
TAP_TAPCELL_ROW_79_1138,VPWR,li1,36.1100,226.0660,1.799994
TAP_TAPCELL_ROW_78_1137,VPWR,li1,306.5900,225.4530,1.799991
TAP_TAPCELL_ROW_78_1136,VPWR,li1,280.8300,225.4530,1.799993
TAP_TAPCELL_ROW_78_1135,VPWR,li1,255.0700,225.4530,1.799996
TAP_TAPCELL_ROW_78_1134,VPWR,li1,229.3100,225.4530,1.799993
TAP_TAPCELL_ROW_78_1133,VPWR,li1,203.5500,225.4530,1.799977
TAP_TAPCELL_ROW_78_1132,VPWR,li1,177.7900,225.4530,1.799993
TAP_TAPCELL_ROW_78_1131,VPWR,li1,152.0300,225.4530,1.799995
TAP_TAPCELL_ROW_78_1130,VPWR,li1,126.2700,225.4530,1.799998
TAP_TAPCELL_ROW_78_1129,VPWR,li1,100.5100,225.4530,1.799999
TAP_TAPCELL_ROW_78_1128,VPWR,li1,74.7500,225.4530,1.799998
TAP_TAPCELL_ROW_78_1127,VPWR,li1,48.9900,225.4530,1.799995
TAP_TAPCELL_ROW_78_1126,VPWR,li1,23.2300,225.4530,1.799996
TAP_TAPCELL_ROW_77_1125,VPWR,li1,293.7100,220.6260,1.799983
TAP_TAPCELL_ROW_77_1124,VPWR,li1,267.9500,220.6260,1.799981
TAP_TAPCELL_ROW_77_1123,VPWR,li1,242.1900,220.6260,1.799994
TAP_TAPCELL_ROW_77_1122,VPWR,li1,216.4300,220.6260,1.799997
TAP_TAPCELL_ROW_77_1121,VPWR,li1,190.6700,220.6260,1.799997
TAP_TAPCELL_ROW_77_1120,VPWR,li1,164.9100,220.6260,1.799996
TAP_TAPCELL_ROW_77_1119,VPWR,li1,139.1500,220.6260,1.799981
TAP_TAPCELL_ROW_77_1118,VPWR,li1,113.3900,220.6260,1.799986
TAP_TAPCELL_ROW_77_1117,VPWR,li1,87.6300,220.6260,1.799975
TAP_TAPCELL_ROW_77_1116,VPWR,li1,61.8700,220.6260,1.799984
TAP_TAPCELL_ROW_77_1115,VPWR,li1,36.1100,220.6260,1.799979
TAP_TAPCELL_ROW_76_1114,VPWR,li1,306.5900,220.0130,1.799983
TAP_TAPCELL_ROW_76_1113,VPWR,li1,280.8300,220.0130,1.799980
TAP_TAPCELL_ROW_76_1112,VPWR,li1,255.0700,220.0130,1.799993
TAP_TAPCELL_ROW_76_1111,VPWR,li1,229.3100,220.0130,1.799996
TAP_TAPCELL_ROW_76_1110,VPWR,li1,203.5500,220.0130,1.799996
TAP_TAPCELL_ROW_76_1109,VPWR,li1,177.7900,220.0130,1.799996
TAP_TAPCELL_ROW_76_1108,VPWR,li1,152.0300,220.0130,1.799987
TAP_TAPCELL_ROW_76_1107,VPWR,li1,126.2700,220.0130,1.799986
TAP_TAPCELL_ROW_76_1106,VPWR,li1,100.5100,220.0130,1.799981
TAP_TAPCELL_ROW_76_1105,VPWR,li1,74.7500,220.0130,1.799989
TAP_TAPCELL_ROW_76_1104,VPWR,li1,48.9900,220.0130,1.799983
TAP_TAPCELL_ROW_76_1103,VPWR,li1,23.2300,220.0130,1.799985
TAP_TAPCELL_ROW_75_1102,VPWR,li1,293.7100,215.1860,1.799991
TAP_TAPCELL_ROW_75_1101,VPWR,li1,267.9500,215.1860,1.799993
TAP_TAPCELL_ROW_75_1100,VPWR,li1,242.1900,215.1860,1.799996
TAP_TAPCELL_ROW_75_1099,VPWR,li1,216.4300,215.1860,1.799995
TAP_TAPCELL_ROW_75_1098,VPWR,li1,190.6700,215.1860,1.799997
TAP_TAPCELL_ROW_75_1097,VPWR,li1,164.9100,215.1860,1.799998
TAP_TAPCELL_ROW_75_1096,VPWR,li1,139.1500,215.1860,1.799997
TAP_TAPCELL_ROW_75_1095,VPWR,li1,113.3900,215.1860,1.799999
TAP_TAPCELL_ROW_75_1094,VPWR,li1,87.6300,215.1860,1.799999
TAP_TAPCELL_ROW_75_1093,VPWR,li1,61.8700,215.1860,1.799995
TAP_TAPCELL_ROW_75_1092,VPWR,li1,36.1100,215.1860,1.799987
TAP_TAPCELL_ROW_74_1091,VPWR,li1,306.5900,214.5730,1.799989
TAP_TAPCELL_ROW_74_1090,VPWR,li1,280.8300,214.5730,1.799994
TAP_TAPCELL_ROW_74_1089,VPWR,li1,255.0700,214.5730,1.799996
TAP_TAPCELL_ROW_74_1088,VPWR,li1,229.3100,214.5730,1.799996
TAP_TAPCELL_ROW_74_1087,VPWR,li1,203.5500,214.5730,1.799996
TAP_TAPCELL_ROW_74_1086,VPWR,li1,177.7900,214.5730,1.799997
TAP_TAPCELL_ROW_74_1085,VPWR,li1,152.0300,214.5730,1.799998
TAP_TAPCELL_ROW_74_1084,VPWR,li1,126.2700,214.5730,1.799998
TAP_TAPCELL_ROW_74_1083,VPWR,li1,100.5100,214.5730,1.799999
TAP_TAPCELL_ROW_74_1082,VPWR,li1,74.7500,214.5730,1.799998
TAP_TAPCELL_ROW_74_1081,VPWR,li1,48.9900,214.5730,1.799993
TAP_TAPCELL_ROW_74_1080,VPWR,li1,23.2300,214.5730,1.799990
TAP_TAPCELL_ROW_73_1079,VPWR,li1,293.7100,209.7460,1.799993
TAP_TAPCELL_ROW_73_1078,VPWR,li1,267.9500,209.7460,1.799994
TAP_TAPCELL_ROW_73_1077,VPWR,li1,242.1900,209.7460,1.799991
TAP_TAPCELL_ROW_73_1076,VPWR,li1,216.4300,209.7460,1.799973
TAP_TAPCELL_ROW_73_1075,VPWR,li1,190.6700,209.7460,1.799991
TAP_TAPCELL_ROW_73_1074,VPWR,li1,164.9100,209.7460,1.799996
TAP_TAPCELL_ROW_73_1073,VPWR,li1,139.1500,209.7460,1.799997
TAP_TAPCELL_ROW_73_1072,VPWR,li1,113.3900,209.7460,1.799998
TAP_TAPCELL_ROW_73_1071,VPWR,li1,87.6300,209.7460,1.799998
TAP_TAPCELL_ROW_73_1070,VPWR,li1,61.8700,209.7460,1.799993
TAP_TAPCELL_ROW_73_1069,VPWR,li1,36.1100,209.7460,1.799992
TAP_TAPCELL_ROW_72_1068,VPWR,li1,306.5900,209.1330,1.799993
TAP_TAPCELL_ROW_72_1067,VPWR,li1,280.8300,209.1330,1.799994
TAP_TAPCELL_ROW_72_1066,VPWR,li1,255.0700,209.1330,1.799996
TAP_TAPCELL_ROW_72_1065,VPWR,li1,229.3100,209.1330,1.799987
TAP_TAPCELL_ROW_72_1064,VPWR,li1,203.5500,209.1330,1.799984
TAP_TAPCELL_ROW_72_1063,VPWR,li1,177.7900,209.1330,1.799993
TAP_TAPCELL_ROW_72_1062,VPWR,li1,152.0300,209.1330,1.799995
TAP_TAPCELL_ROW_72_1061,VPWR,li1,126.2700,209.1330,1.799997
TAP_TAPCELL_ROW_72_1060,VPWR,li1,100.5100,209.1330,1.799998
TAP_TAPCELL_ROW_72_1059,VPWR,li1,74.7500,209.1330,1.799997
TAP_TAPCELL_ROW_72_1058,VPWR,li1,48.9900,209.1330,1.799993
TAP_TAPCELL_ROW_72_1057,VPWR,li1,23.2300,209.1330,1.799993
TAP_TAPCELL_ROW_71_1056,VPWR,li1,293.7100,204.3060,1.799997
TAP_TAPCELL_ROW_71_1055,VPWR,li1,267.9500,204.3060,1.799997
TAP_TAPCELL_ROW_71_1054,VPWR,li1,242.1900,204.3060,1.799997
TAP_TAPCELL_ROW_71_1053,VPWR,li1,216.4300,204.3060,1.799998
TAP_TAPCELL_ROW_71_1052,VPWR,li1,190.6700,204.3060,1.799999
TAP_TAPCELL_ROW_71_1051,VPWR,li1,164.9100,204.3060,1.799999
TAP_TAPCELL_ROW_71_1050,VPWR,li1,139.1500,204.3060,1.799997
TAP_TAPCELL_ROW_71_1049,VPWR,li1,113.3900,204.3060,1.799999
TAP_TAPCELL_ROW_71_1048,VPWR,li1,87.6300,204.3060,1.799998
TAP_TAPCELL_ROW_71_1047,VPWR,li1,61.8700,204.3060,1.799994
TAP_TAPCELL_ROW_71_1046,VPWR,li1,36.1100,204.3060,1.799979
TAP_TAPCELL_ROW_70_1045,VPWR,li1,306.5900,203.6930,1.799997
TAP_TAPCELL_ROW_70_1044,VPWR,li1,280.8300,203.6930,1.799997
TAP_TAPCELL_ROW_70_1043,VPWR,li1,255.0700,203.6930,1.799997
TAP_TAPCELL_ROW_70_1042,VPWR,li1,229.3100,203.6930,1.799998
TAP_TAPCELL_ROW_70_1041,VPWR,li1,203.5500,203.6930,1.799998
TAP_TAPCELL_ROW_70_1040,VPWR,li1,177.7900,203.6930,1.799999
TAP_TAPCELL_ROW_70_1039,VPWR,li1,152.0300,203.6930,1.799997
TAP_TAPCELL_ROW_70_1038,VPWR,li1,126.2700,203.6930,1.799998
TAP_TAPCELL_ROW_70_1037,VPWR,li1,100.5100,203.6930,1.799999
TAP_TAPCELL_ROW_70_1036,VPWR,li1,74.7500,203.6930,1.799998
TAP_TAPCELL_ROW_70_1035,VPWR,li1,48.9900,203.6930,1.799991
TAP_TAPCELL_ROW_70_1034,VPWR,li1,23.2300,203.6930,1.799972
TAP_TAPCELL_ROW_69_1033,VPWR,li1,293.7100,198.8660,1.799993
TAP_TAPCELL_ROW_69_1032,VPWR,li1,267.9500,198.8660,1.799993
TAP_TAPCELL_ROW_69_1031,VPWR,li1,242.1900,198.8660,1.799994
TAP_TAPCELL_ROW_69_1030,VPWR,li1,216.4300,198.8660,1.799994
TAP_TAPCELL_ROW_69_1029,VPWR,li1,190.6700,198.8660,1.799997
TAP_TAPCELL_ROW_69_1028,VPWR,li1,164.9100,198.8660,1.799997
TAP_TAPCELL_ROW_69_1027,VPWR,li1,139.1500,198.8660,1.799996
TAP_TAPCELL_ROW_69_1026,VPWR,li1,113.3900,198.8660,1.799999
TAP_TAPCELL_ROW_69_1025,VPWR,li1,87.6300,198.8660,1.799998
TAP_TAPCELL_ROW_69_1024,VPWR,li1,61.8700,198.8660,1.799993
TAP_TAPCELL_ROW_69_1023,VPWR,li1,36.1100,198.8660,1.799992
TAP_TAPCELL_ROW_68_1022,VPWR,li1,306.5900,198.2530,1.799993
TAP_TAPCELL_ROW_68_1021,VPWR,li1,280.8300,198.2530,1.799994
TAP_TAPCELL_ROW_68_1020,VPWR,li1,255.0700,198.2530,1.799996
TAP_TAPCELL_ROW_68_1019,VPWR,li1,229.3100,198.2530,1.799995
TAP_TAPCELL_ROW_68_1018,VPWR,li1,203.5500,198.2530,1.799996
TAP_TAPCELL_ROW_68_1017,VPWR,li1,177.7900,198.2530,1.799997
TAP_TAPCELL_ROW_68_1016,VPWR,li1,152.0300,198.2530,1.799995
TAP_TAPCELL_ROW_68_1015,VPWR,li1,126.2700,198.2530,1.799998
TAP_TAPCELL_ROW_68_1014,VPWR,li1,100.5100,198.2530,1.799999
TAP_TAPCELL_ROW_68_1013,VPWR,li1,74.7500,198.2530,1.799997
TAP_TAPCELL_ROW_68_1012,VPWR,li1,48.9900,198.2530,1.799993
TAP_TAPCELL_ROW_68_1011,VPWR,li1,23.2300,198.2530,1.799992
TAP_TAPCELL_ROW_67_1010,VPWR,li1,293.7100,193.4260,1.799998
TAP_TAPCELL_ROW_67_1009,VPWR,li1,267.9500,193.4260,1.799996
TAP_TAPCELL_ROW_67_1008,VPWR,li1,242.1900,193.4260,1.799995
TAP_TAPCELL_ROW_67_1007,VPWR,li1,216.4300,193.4260,1.799996
TAP_TAPCELL_ROW_67_1006,VPWR,li1,190.6700,193.4260,1.799995
TAP_TAPCELL_ROW_67_1005,VPWR,li1,164.9100,193.4260,1.799996
TAP_TAPCELL_ROW_67_1004,VPWR,li1,139.1500,193.4260,1.799995
TAP_TAPCELL_ROW_67_1003,VPWR,li1,113.3900,193.4260,1.799997
TAP_TAPCELL_ROW_67_1002,VPWR,li1,87.6300,193.4260,1.799998
TAP_TAPCELL_ROW_67_1001,VPWR,li1,61.8700,193.4260,1.799995
TAP_TAPCELL_ROW_67_1000,VPWR,li1,36.1100,193.4260,1.799995
TAP_TAPCELL_ROW_66_999,VPWR,li1,306.5900,192.8130,1.799998
TAP_TAPCELL_ROW_66_998,VPWR,li1,280.8300,192.8130,1.799997
TAP_TAPCELL_ROW_66_997,VPWR,li1,255.0700,192.8130,1.799997
TAP_TAPCELL_ROW_66_996,VPWR,li1,229.3100,192.8130,1.799996
TAP_TAPCELL_ROW_66_995,VPWR,li1,203.5500,192.8130,1.799997
TAP_TAPCELL_ROW_66_994,VPWR,li1,177.7900,192.8130,1.799994
TAP_TAPCELL_ROW_66_993,VPWR,li1,152.0300,192.8130,1.799994
TAP_TAPCELL_ROW_66_992,VPWR,li1,126.2700,192.8130,1.799995
TAP_TAPCELL_ROW_66_991,VPWR,li1,100.5100,192.8130,1.799998
TAP_TAPCELL_ROW_66_990,VPWR,li1,74.7500,192.8130,1.799998
TAP_TAPCELL_ROW_66_989,VPWR,li1,48.9900,192.8130,1.799996
TAP_TAPCELL_ROW_66_988,VPWR,li1,23.2300,192.8130,1.799995
TAP_TAPCELL_ROW_65_987,VPWR,li1,293.7100,187.9860,1.799991
TAP_TAPCELL_ROW_65_986,VPWR,li1,267.9500,187.9860,1.799983
TAP_TAPCELL_ROW_65_985,VPWR,li1,242.1900,187.9860,1.799972
TAP_TAPCELL_ROW_65_984,VPWR,li1,216.4300,187.9860,1.799981
TAP_TAPCELL_ROW_65_983,VPWR,li1,190.6700,187.9860,1.799987
TAP_TAPCELL_ROW_65_982,VPWR,li1,164.9100,187.9860,1.799989
TAP_TAPCELL_ROW_65_981,VPWR,li1,139.1500,187.9860,1.799995
TAP_TAPCELL_ROW_65_980,VPWR,li1,113.3900,187.9860,1.799996
TAP_TAPCELL_ROW_65_979,VPWR,li1,87.6300,187.9860,1.799997
TAP_TAPCELL_ROW_65_978,VPWR,li1,61.8700,187.9860,1.799992
TAP_TAPCELL_ROW_65_977,VPWR,li1,36.1100,187.9860,1.799991
TAP_TAPCELL_ROW_64_976,VPWR,li1,306.5900,187.3730,1.799991
TAP_TAPCELL_ROW_64_975,VPWR,li1,280.8300,187.3730,1.799989
TAP_TAPCELL_ROW_64_974,VPWR,li1,255.0700,187.3730,1.799981
TAP_TAPCELL_ROW_64_973,VPWR,li1,229.3100,187.3730,1.799975
TAP_TAPCELL_ROW_64_972,VPWR,li1,203.5500,187.3730,1.799985
TAP_TAPCELL_ROW_64_971,VPWR,li1,177.7900,187.3730,1.799979
TAP_TAPCELL_ROW_64_970,VPWR,li1,152.0300,187.3730,1.799992
TAP_TAPCELL_ROW_64_969,VPWR,li1,126.2700,187.3730,1.799995
TAP_TAPCELL_ROW_64_968,VPWR,li1,100.5100,187.3730,1.799998
TAP_TAPCELL_ROW_64_967,VPWR,li1,74.7500,187.3730,1.799996
TAP_TAPCELL_ROW_64_966,VPWR,li1,48.9900,187.3730,1.799993
TAP_TAPCELL_ROW_64_965,VPWR,li1,23.2300,187.3730,1.799991
TAP_TAPCELL_ROW_63_964,VPWR,li1,293.7100,182.5460,1.799982
TAP_TAPCELL_ROW_63_963,VPWR,li1,267.9500,182.5460,1.799986
TAP_TAPCELL_ROW_63_962,VPWR,li1,242.1900,182.5460,1.799992
TAP_TAPCELL_ROW_63_961,VPWR,li1,216.4300,182.5460,1.799994
TAP_TAPCELL_ROW_63_960,VPWR,li1,190.6700,182.5460,1.799996
TAP_TAPCELL_ROW_63_959,VPWR,li1,164.9100,182.5460,1.799998
TAP_TAPCELL_ROW_63_958,VPWR,li1,139.1500,182.5460,1.799997
TAP_TAPCELL_ROW_63_957,VPWR,li1,113.3900,182.5460,1.799996
TAP_TAPCELL_ROW_63_956,VPWR,li1,87.6300,182.5460,1.799990
TAP_TAPCELL_ROW_63_955,VPWR,li1,61.8700,182.5460,1.799979
TAP_TAPCELL_ROW_63_954,VPWR,li1,36.1100,182.5460,1.799993
TAP_TAPCELL_ROW_62_953,VPWR,li1,306.5900,181.9330,1.799982
TAP_TAPCELL_ROW_62_952,VPWR,li1,280.8300,181.9330,1.799983
TAP_TAPCELL_ROW_62_951,VPWR,li1,255.0700,181.9330,1.799993
TAP_TAPCELL_ROW_62_950,VPWR,li1,229.3100,181.9330,1.799994
TAP_TAPCELL_ROW_62_949,VPWR,li1,203.5500,181.9330,1.799995
TAP_TAPCELL_ROW_62_948,VPWR,li1,177.7900,181.9330,1.799996
TAP_TAPCELL_ROW_62_947,VPWR,li1,152.0300,181.9330,1.799997
TAP_TAPCELL_ROW_62_946,VPWR,li1,126.2700,181.9330,1.799996
TAP_TAPCELL_ROW_62_945,VPWR,li1,100.5100,181.9330,1.799995
TAP_TAPCELL_ROW_62_944,VPWR,li1,74.7500,181.9330,1.799985
TAP_TAPCELL_ROW_62_943,VPWR,li1,48.9900,181.9330,1.799988
TAP_TAPCELL_ROW_62_942,VPWR,li1,23.2300,181.9330,1.799995
TAP_TAPCELL_ROW_61_941,VPWR,li1,293.7100,177.1060,1.799998
TAP_TAPCELL_ROW_61_940,VPWR,li1,267.9500,177.1060,1.799997
TAP_TAPCELL_ROW_61_939,VPWR,li1,242.1900,177.1060,1.799997
TAP_TAPCELL_ROW_61_938,VPWR,li1,216.4300,177.1060,1.799997
TAP_TAPCELL_ROW_61_937,VPWR,li1,190.6700,177.1060,1.799997
TAP_TAPCELL_ROW_61_936,VPWR,li1,164.9100,177.1060,1.799997
TAP_TAPCELL_ROW_61_935,VPWR,li1,139.1500,177.1060,1.799997
TAP_TAPCELL_ROW_61_934,VPWR,li1,113.3900,177.1060,1.799997
TAP_TAPCELL_ROW_61_933,VPWR,li1,87.6300,177.1060,1.799997
TAP_TAPCELL_ROW_61_932,VPWR,li1,61.8700,177.1060,1.799990
TAP_TAPCELL_ROW_61_931,VPWR,li1,36.1100,177.1060,1.799980
TAP_TAPCELL_ROW_60_930,VPWR,li1,306.5900,176.4930,1.799998
TAP_TAPCELL_ROW_60_929,VPWR,li1,280.8300,176.4930,1.799997
TAP_TAPCELL_ROW_60_928,VPWR,li1,255.0700,176.4930,1.799998
TAP_TAPCELL_ROW_60_927,VPWR,li1,229.3100,176.4930,1.799997
TAP_TAPCELL_ROW_60_926,VPWR,li1,203.5500,176.4930,1.799997
TAP_TAPCELL_ROW_60_925,VPWR,li1,177.7900,176.4930,1.799995
TAP_TAPCELL_ROW_60_924,VPWR,li1,152.0300,176.4930,1.799997
TAP_TAPCELL_ROW_60_923,VPWR,li1,126.2700,176.4930,1.799997
TAP_TAPCELL_ROW_60_922,VPWR,li1,100.5100,176.4930,1.799998
TAP_TAPCELL_ROW_60_921,VPWR,li1,74.7500,176.4930,1.799996
TAP_TAPCELL_ROW_60_920,VPWR,li1,48.9900,176.4930,1.799990
TAP_TAPCELL_ROW_60_919,VPWR,li1,23.2300,176.4930,1.799980
TAP_TAPCELL_ROW_59_918,VPWR,li1,293.7100,171.6660,1.799994
TAP_TAPCELL_ROW_59_917,VPWR,li1,267.9500,171.6660,1.799992
TAP_TAPCELL_ROW_59_916,VPWR,li1,242.1900,171.6660,1.799995
TAP_TAPCELL_ROW_59_915,VPWR,li1,216.4300,171.6660,1.799994
TAP_TAPCELL_ROW_59_914,VPWR,li1,190.6700,171.6660,1.799997
TAP_TAPCELL_ROW_59_913,VPWR,li1,164.9100,171.6660,1.799998
TAP_TAPCELL_ROW_59_912,VPWR,li1,139.1500,171.6660,1.799997
TAP_TAPCELL_ROW_59_911,VPWR,li1,113.3900,171.6660,1.799997
TAP_TAPCELL_ROW_59_910,VPWR,li1,87.6300,171.6660,1.799998
TAP_TAPCELL_ROW_59_909,VPWR,li1,61.8700,171.6660,1.799994
TAP_TAPCELL_ROW_59_908,VPWR,li1,36.1100,171.6660,1.799996
TAP_TAPCELL_ROW_58_907,VPWR,li1,306.5900,171.0530,1.799994
TAP_TAPCELL_ROW_58_906,VPWR,li1,280.8300,171.0530,1.799993
TAP_TAPCELL_ROW_58_905,VPWR,li1,255.0700,171.0530,1.799995
TAP_TAPCELL_ROW_58_904,VPWR,li1,229.3100,171.0530,1.799996
TAP_TAPCELL_ROW_58_903,VPWR,li1,203.5500,171.0530,1.799995
TAP_TAPCELL_ROW_58_902,VPWR,li1,177.7900,171.0530,1.799997
TAP_TAPCELL_ROW_58_901,VPWR,li1,152.0300,171.0530,1.799997
TAP_TAPCELL_ROW_58_900,VPWR,li1,126.2700,171.0530,1.799997
TAP_TAPCELL_ROW_58_899,VPWR,li1,100.5100,171.0530,1.799998
TAP_TAPCELL_ROW_58_898,VPWR,li1,74.7500,171.0530,1.799997
TAP_TAPCELL_ROW_58_897,VPWR,li1,48.9900,171.0530,1.799995
TAP_TAPCELL_ROW_58_896,VPWR,li1,23.2300,171.0530,1.799996
TAP_TAPCELL_ROW_57_895,VPWR,li1,293.7100,166.2260,1.799996
TAP_TAPCELL_ROW_57_894,VPWR,li1,267.9500,166.2260,1.799995
TAP_TAPCELL_ROW_57_893,VPWR,li1,242.1900,166.2260,1.799994
TAP_TAPCELL_ROW_57_892,VPWR,li1,216.4300,166.2260,1.799996
TAP_TAPCELL_ROW_57_891,VPWR,li1,190.6700,166.2260,1.799996
TAP_TAPCELL_ROW_57_890,VPWR,li1,164.9100,166.2260,1.799996
TAP_TAPCELL_ROW_57_889,VPWR,li1,139.1500,166.2260,1.799997
TAP_TAPCELL_ROW_57_888,VPWR,li1,113.3900,166.2260,1.799998
TAP_TAPCELL_ROW_57_887,VPWR,li1,87.6300,166.2260,1.799999
TAP_TAPCELL_ROW_57_886,VPWR,li1,61.8700,166.2260,1.799996
TAP_TAPCELL_ROW_57_885,VPWR,li1,36.1100,166.2260,1.799995
TAP_TAPCELL_ROW_56_884,VPWR,li1,306.5900,165.6130,1.799996
TAP_TAPCELL_ROW_56_883,VPWR,li1,280.8300,165.6130,1.799996
TAP_TAPCELL_ROW_56_882,VPWR,li1,255.0700,165.6130,1.799996
TAP_TAPCELL_ROW_56_881,VPWR,li1,229.3100,165.6130,1.799995
TAP_TAPCELL_ROW_56_880,VPWR,li1,203.5500,165.6130,1.799995
TAP_TAPCELL_ROW_56_879,VPWR,li1,177.7900,165.6130,1.799995
TAP_TAPCELL_ROW_56_878,VPWR,li1,152.0300,165.6130,1.799996
TAP_TAPCELL_ROW_56_877,VPWR,li1,126.2700,165.6130,1.799996
TAP_TAPCELL_ROW_56_876,VPWR,li1,100.5100,165.6130,1.799999
TAP_TAPCELL_ROW_56_875,VPWR,li1,74.7500,165.6130,1.799999
TAP_TAPCELL_ROW_56_874,VPWR,li1,48.9900,165.6130,1.799995
TAP_TAPCELL_ROW_56_873,VPWR,li1,23.2300,165.6130,1.799994
TAP_TAPCELL_ROW_55_872,VPWR,li1,293.7100,160.7860,1.799998
TAP_TAPCELL_ROW_55_871,VPWR,li1,267.9500,160.7860,1.799994
TAP_TAPCELL_ROW_55_870,VPWR,li1,242.1900,160.7860,1.799992
TAP_TAPCELL_ROW_55_869,VPWR,li1,216.4300,160.7860,1.799988
TAP_TAPCELL_ROW_55_868,VPWR,li1,190.6700,160.7860,1.799983
TAP_TAPCELL_ROW_55_867,VPWR,li1,164.9100,160.7860,1.799977
TAP_TAPCELL_ROW_55_866,VPWR,li1,139.1500,160.7860,1.799974
TAP_TAPCELL_ROW_55_865,VPWR,li1,113.3900,160.7860,1.799991
TAP_TAPCELL_ROW_55_864,VPWR,li1,87.6300,160.7860,1.799996
TAP_TAPCELL_ROW_55_863,VPWR,li1,61.8700,160.7860,1.799995
TAP_TAPCELL_ROW_55_862,VPWR,li1,36.1100,160.7860,1.799993
TAP_TAPCELL_ROW_54_861,VPWR,li1,306.5900,160.1730,1.799998
TAP_TAPCELL_ROW_54_860,VPWR,li1,280.8300,160.1730,1.799996
TAP_TAPCELL_ROW_54_859,VPWR,li1,255.0700,160.1730,1.799995
TAP_TAPCELL_ROW_54_858,VPWR,li1,229.3100,160.1730,1.799993
TAP_TAPCELL_ROW_54_857,VPWR,li1,203.5500,160.1730,1.799981
TAP_TAPCELL_ROW_54_856,VPWR,li1,177.7900,160.1730,1.799979
TAP_TAPCELL_ROW_54_855,VPWR,li1,152.0300,160.1730,1.799964
TAP_TAPCELL_ROW_54_854,VPWR,li1,126.2700,160.1730,1.799983
TAP_TAPCELL_ROW_54_853,VPWR,li1,100.5100,160.1730,1.799996
TAP_TAPCELL_ROW_54_852,VPWR,li1,74.7500,160.1730,1.799997
TAP_TAPCELL_ROW_54_851,VPWR,li1,48.9900,160.1730,1.799996
TAP_TAPCELL_ROW_54_850,VPWR,li1,23.2300,160.1730,1.799993
TAP_TAPCELL_ROW_53_849,VPWR,li1,293.7100,155.3460,1.799996
TAP_TAPCELL_ROW_53_848,VPWR,li1,267.9500,155.3460,1.799995
TAP_TAPCELL_ROW_53_847,VPWR,li1,242.1900,155.3460,1.799998
TAP_TAPCELL_ROW_53_846,VPWR,li1,216.4300,155.3460,1.799998
TAP_TAPCELL_ROW_53_845,VPWR,li1,190.6700,155.3460,1.799997
TAP_TAPCELL_ROW_53_844,VPWR,li1,164.9100,155.3460,1.799998
TAP_TAPCELL_ROW_53_843,VPWR,li1,139.1500,155.3460,1.799999
TAP_TAPCELL_ROW_53_842,VPWR,li1,113.3900,155.3460,1.800000
TAP_TAPCELL_ROW_53_841,VPWR,li1,87.6300,155.3460,1.799999
TAP_TAPCELL_ROW_53_840,VPWR,li1,61.8700,155.3460,1.799994
TAP_TAPCELL_ROW_53_839,VPWR,li1,36.1100,155.3460,1.799994
TAP_TAPCELL_ROW_52_838,VPWR,li1,306.5900,154.7330,1.799996
TAP_TAPCELL_ROW_52_837,VPWR,li1,280.8300,154.7330,1.799995
TAP_TAPCELL_ROW_52_836,VPWR,li1,255.0700,154.7330,1.799998
TAP_TAPCELL_ROW_52_835,VPWR,li1,229.3100,154.7330,1.799998
TAP_TAPCELL_ROW_52_834,VPWR,li1,203.5500,154.7330,1.799998
TAP_TAPCELL_ROW_52_833,VPWR,li1,177.7900,154.7330,1.799998
TAP_TAPCELL_ROW_52_832,VPWR,li1,152.0300,154.7330,1.799999
TAP_TAPCELL_ROW_52_831,VPWR,li1,126.2700,154.7330,1.800000
TAP_TAPCELL_ROW_52_830,VPWR,li1,100.5100,154.7330,1.799999
TAP_TAPCELL_ROW_52_829,VPWR,li1,74.7500,154.7330,1.799998
TAP_TAPCELL_ROW_52_828,VPWR,li1,48.9900,154.7330,1.799994
TAP_TAPCELL_ROW_52_827,VPWR,li1,23.2300,154.7330,1.799994
TAP_TAPCELL_ROW_51_826,VPWR,li1,293.7100,149.9060,1.799999
TAP_TAPCELL_ROW_51_825,VPWR,li1,267.9500,149.9060,1.799998
TAP_TAPCELL_ROW_51_824,VPWR,li1,242.1900,149.9060,1.799996
TAP_TAPCELL_ROW_51_823,VPWR,li1,216.4300,149.9060,1.799996
TAP_TAPCELL_ROW_51_822,VPWR,li1,190.6700,149.9060,1.799996
TAP_TAPCELL_ROW_51_821,VPWR,li1,164.9100,149.9060,1.799996
TAP_TAPCELL_ROW_51_820,VPWR,li1,139.1500,149.9060,1.799994
TAP_TAPCELL_ROW_51_819,VPWR,li1,113.3900,149.9060,1.799997
TAP_TAPCELL_ROW_51_818,VPWR,li1,87.6300,149.9060,1.799999
TAP_TAPCELL_ROW_51_817,VPWR,li1,61.8700,149.9060,1.799997
TAP_TAPCELL_ROW_51_816,VPWR,li1,36.1100,149.9060,1.799994
TAP_TAPCELL_ROW_50_815,VPWR,li1,306.5900,149.2930,1.799999
TAP_TAPCELL_ROW_50_814,VPWR,li1,280.8300,149.2930,1.799999
TAP_TAPCELL_ROW_50_813,VPWR,li1,255.0700,149.2930,1.799998
TAP_TAPCELL_ROW_50_812,VPWR,li1,229.3100,149.2930,1.799997
TAP_TAPCELL_ROW_50_811,VPWR,li1,203.5500,149.2930,1.799997
TAP_TAPCELL_ROW_50_810,VPWR,li1,177.7900,149.2930,1.799995
TAP_TAPCELL_ROW_50_809,VPWR,li1,152.0300,149.2930,1.799993
TAP_TAPCELL_ROW_50_808,VPWR,li1,126.2700,149.2930,1.799995
TAP_TAPCELL_ROW_50_807,VPWR,li1,100.5100,149.2930,1.799999
TAP_TAPCELL_ROW_50_806,VPWR,li1,74.7500,149.2930,1.799999
TAP_TAPCELL_ROW_50_805,VPWR,li1,48.9900,149.2930,1.799996
TAP_TAPCELL_ROW_50_804,VPWR,li1,23.2300,149.2930,1.799992
TAP_TAPCELL_ROW_49_803,VPWR,li1,293.7100,144.4660,1.799994
TAP_TAPCELL_ROW_49_802,VPWR,li1,267.9500,144.4660,1.799993
TAP_TAPCELL_ROW_49_801,VPWR,li1,242.1900,144.4660,1.799994
TAP_TAPCELL_ROW_49_800,VPWR,li1,216.4300,144.4660,1.799994
TAP_TAPCELL_ROW_49_799,VPWR,li1,190.6700,144.4660,1.799997
TAP_TAPCELL_ROW_49_798,VPWR,li1,164.9100,144.4660,1.799999
TAP_TAPCELL_ROW_49_797,VPWR,li1,139.1500,144.4660,1.799999
TAP_TAPCELL_ROW_49_796,VPWR,li1,113.3900,144.4660,1.799997
TAP_TAPCELL_ROW_49_795,VPWR,li1,87.6300,144.4660,1.799997
TAP_TAPCELL_ROW_49_794,VPWR,li1,61.8700,144.4660,1.799988
TAP_TAPCELL_ROW_49_793,VPWR,li1,36.1100,144.4660,1.799981
TAP_TAPCELL_ROW_48_792,VPWR,li1,306.5900,143.8530,1.799994
TAP_TAPCELL_ROW_48_791,VPWR,li1,280.8300,143.8530,1.799993
TAP_TAPCELL_ROW_48_790,VPWR,li1,255.0700,143.8530,1.799995
TAP_TAPCELL_ROW_48_789,VPWR,li1,229.3100,143.8530,1.799994
TAP_TAPCELL_ROW_48_788,VPWR,li1,203.5500,143.8530,1.799994
TAP_TAPCELL_ROW_48_787,VPWR,li1,177.7900,143.8530,1.799998
TAP_TAPCELL_ROW_48_786,VPWR,li1,152.0300,143.8530,1.799999
TAP_TAPCELL_ROW_48_785,VPWR,li1,126.2700,143.8530,1.799998
TAP_TAPCELL_ROW_48_784,VPWR,li1,100.5100,143.8530,1.799998
TAP_TAPCELL_ROW_48_783,VPWR,li1,74.7500,143.8530,1.799996
TAP_TAPCELL_ROW_48_782,VPWR,li1,48.9900,143.8530,1.799984
TAP_TAPCELL_ROW_48_781,VPWR,li1,23.2300,143.8530,1.799987
TAP_TAPCELL_ROW_47_780,VPWR,li1,293.7100,139.0260,1.799986
TAP_TAPCELL_ROW_47_779,VPWR,li1,267.9500,139.0260,1.799987
TAP_TAPCELL_ROW_47_778,VPWR,li1,242.1900,139.0260,1.799995
TAP_TAPCELL_ROW_47_777,VPWR,li1,216.4300,139.0260,1.799996
TAP_TAPCELL_ROW_47_776,VPWR,li1,190.6700,139.0260,1.799995
TAP_TAPCELL_ROW_47_775,VPWR,li1,164.9100,139.0260,1.799996
TAP_TAPCELL_ROW_47_774,VPWR,li1,139.1500,139.0260,1.799996
TAP_TAPCELL_ROW_47_773,VPWR,li1,113.3900,139.0260,1.799997
TAP_TAPCELL_ROW_47_772,VPWR,li1,87.6300,139.0260,1.799999
TAP_TAPCELL_ROW_47_771,VPWR,li1,61.8700,139.0260,1.799997
TAP_TAPCELL_ROW_47_770,VPWR,li1,36.1100,139.0260,1.799993
TAP_TAPCELL_ROW_46_769,VPWR,li1,306.5900,138.4130,1.799986
TAP_TAPCELL_ROW_46_768,VPWR,li1,280.8300,138.4130,1.799983
TAP_TAPCELL_ROW_46_767,VPWR,li1,255.0700,138.4130,1.799995
TAP_TAPCELL_ROW_46_766,VPWR,li1,229.3100,138.4130,1.799997
TAP_TAPCELL_ROW_46_765,VPWR,li1,203.5500,138.4130,1.799995
TAP_TAPCELL_ROW_46_764,VPWR,li1,177.7900,138.4130,1.799994
TAP_TAPCELL_ROW_46_763,VPWR,li1,152.0300,138.4130,1.799994
TAP_TAPCELL_ROW_46_762,VPWR,li1,126.2700,138.4130,1.799997
TAP_TAPCELL_ROW_46_761,VPWR,li1,100.5100,138.4130,1.799999
TAP_TAPCELL_ROW_46_760,VPWR,li1,74.7500,138.4130,1.799998
TAP_TAPCELL_ROW_46_759,VPWR,li1,48.9900,138.4130,1.799996
TAP_TAPCELL_ROW_46_758,VPWR,li1,23.2300,138.4130,1.799993
TAP_TAPCELL_ROW_45_757,VPWR,li1,293.7100,133.5860,1.799996
TAP_TAPCELL_ROW_45_756,VPWR,li1,267.9500,133.5860,1.799995
TAP_TAPCELL_ROW_45_755,VPWR,li1,242.1900,133.5860,1.799991
TAP_TAPCELL_ROW_45_754,VPWR,li1,216.4300,133.5860,1.799982
TAP_TAPCELL_ROW_45_753,VPWR,li1,190.6700,133.5860,1.799990
TAP_TAPCELL_ROW_45_752,VPWR,li1,164.9100,133.5860,1.799988
TAP_TAPCELL_ROW_45_751,VPWR,li1,139.1500,133.5860,1.799995
TAP_TAPCELL_ROW_45_750,VPWR,li1,113.3900,133.5860,1.799998
TAP_TAPCELL_ROW_45_749,VPWR,li1,87.6300,133.5860,1.799999
TAP_TAPCELL_ROW_45_748,VPWR,li1,61.8700,133.5860,1.799997
TAP_TAPCELL_ROW_45_747,VPWR,li1,36.1100,133.5860,1.799995
TAP_TAPCELL_ROW_44_746,VPWR,li1,306.5900,132.9730,1.799996
TAP_TAPCELL_ROW_44_745,VPWR,li1,280.8300,132.9730,1.799995
TAP_TAPCELL_ROW_44_744,VPWR,li1,255.0700,132.9730,1.799995
TAP_TAPCELL_ROW_44_743,VPWR,li1,229.3100,132.9730,1.799988
TAP_TAPCELL_ROW_44_742,VPWR,li1,203.5500,132.9730,1.799988
TAP_TAPCELL_ROW_44_741,VPWR,li1,177.7900,132.9730,1.799984
TAP_TAPCELL_ROW_44_740,VPWR,li1,152.0300,132.9730,1.799992
TAP_TAPCELL_ROW_44_739,VPWR,li1,126.2700,132.9730,1.799996
TAP_TAPCELL_ROW_44_738,VPWR,li1,100.5100,132.9730,1.799999
TAP_TAPCELL_ROW_44_737,VPWR,li1,74.7500,132.9730,1.799999
TAP_TAPCELL_ROW_44_736,VPWR,li1,48.9900,132.9730,1.799996
TAP_TAPCELL_ROW_44_735,VPWR,li1,23.2300,132.9730,1.799995
TAP_TAPCELL_ROW_43_734,VPWR,li1,293.7100,128.1460,1.799994
TAP_TAPCELL_ROW_43_733,VPWR,li1,267.9500,128.1460,1.799991
TAP_TAPCELL_ROW_43_732,VPWR,li1,242.1900,128.1460,1.799993
TAP_TAPCELL_ROW_43_731,VPWR,li1,216.4300,128.1460,1.799994
TAP_TAPCELL_ROW_43_730,VPWR,li1,190.6700,128.1460,1.799995
TAP_TAPCELL_ROW_43_729,VPWR,li1,164.9100,128.1460,1.799997
TAP_TAPCELL_ROW_43_728,VPWR,li1,139.1500,128.1460,1.799999
TAP_TAPCELL_ROW_43_727,VPWR,li1,113.3900,128.1460,1.799999
TAP_TAPCELL_ROW_43_726,VPWR,li1,87.6300,128.1460,1.799999
TAP_TAPCELL_ROW_43_725,VPWR,li1,61.8700,128.1460,1.799994
TAP_TAPCELL_ROW_43_724,VPWR,li1,36.1100,128.1460,1.799984
TAP_TAPCELL_ROW_42_723,VPWR,li1,306.5900,127.5330,1.799994
TAP_TAPCELL_ROW_42_722,VPWR,li1,280.8300,127.5330,1.799992
TAP_TAPCELL_ROW_42_721,VPWR,li1,255.0700,127.5330,1.799995
TAP_TAPCELL_ROW_42_720,VPWR,li1,229.3100,127.5330,1.799994
TAP_TAPCELL_ROW_42_719,VPWR,li1,203.5500,127.5330,1.799994
TAP_TAPCELL_ROW_42_718,VPWR,li1,177.7900,127.5330,1.799995
TAP_TAPCELL_ROW_42_717,VPWR,li1,152.0300,127.5330,1.799997
TAP_TAPCELL_ROW_42_716,VPWR,li1,126.2700,127.5330,1.799999
TAP_TAPCELL_ROW_42_715,VPWR,li1,100.5100,127.5330,1.799999
TAP_TAPCELL_ROW_42_714,VPWR,li1,74.7500,127.5330,1.799998
TAP_TAPCELL_ROW_42_713,VPWR,li1,48.9900,127.5330,1.799991
TAP_TAPCELL_ROW_42_712,VPWR,li1,23.2300,127.5330,1.799978
TAP_TAPCELL_ROW_41_711,VPWR,li1,293.7100,122.7060,1.799995
TAP_TAPCELL_ROW_41_710,VPWR,li1,267.9500,122.7060,1.799990
TAP_TAPCELL_ROW_41_709,VPWR,li1,242.1900,122.7060,1.799979
TAP_TAPCELL_ROW_41_708,VPWR,li1,216.4300,122.7060,1.799983
TAP_TAPCELL_ROW_41_707,VPWR,li1,190.6700,122.7060,1.799990
TAP_TAPCELL_ROW_41_706,VPWR,li1,164.9100,122.7060,1.799994
TAP_TAPCELL_ROW_41_705,VPWR,li1,139.1500,122.7060,1.799994
TAP_TAPCELL_ROW_41_704,VPWR,li1,113.3900,122.7060,1.799993
TAP_TAPCELL_ROW_41_703,VPWR,li1,87.6300,122.7060,1.799986
TAP_TAPCELL_ROW_41_702,VPWR,li1,61.8700,122.7060,1.799985
TAP_TAPCELL_ROW_41_701,VPWR,li1,36.1100,122.7060,1.799991
TAP_TAPCELL_ROW_40_700,VPWR,li1,306.5900,122.0930,1.799995
TAP_TAPCELL_ROW_40_699,VPWR,li1,280.8300,122.0930,1.799994
TAP_TAPCELL_ROW_40_698,VPWR,li1,255.0700,122.0930,1.799988
TAP_TAPCELL_ROW_40_697,VPWR,li1,229.3100,122.0930,1.799987
TAP_TAPCELL_ROW_40_696,VPWR,li1,203.5500,122.0930,1.799983
TAP_TAPCELL_ROW_40_695,VPWR,li1,177.7900,122.0930,1.799991
TAP_TAPCELL_ROW_40_694,VPWR,li1,152.0300,122.0930,1.799993
TAP_TAPCELL_ROW_40_693,VPWR,li1,126.2700,122.0930,1.799993
TAP_TAPCELL_ROW_40_692,VPWR,li1,100.5100,122.0930,1.799992
TAP_TAPCELL_ROW_40_691,VPWR,li1,74.7500,122.0930,1.799985
TAP_TAPCELL_ROW_40_690,VPWR,li1,48.9900,122.0930,1.799989
TAP_TAPCELL_ROW_40_689,VPWR,li1,23.2300,122.0930,1.799992
TAP_TAPCELL_ROW_39_688,VPWR,li1,293.7100,117.2660,1.799996
TAP_TAPCELL_ROW_39_687,VPWR,li1,267.9500,117.2660,1.799995
TAP_TAPCELL_ROW_39_686,VPWR,li1,242.1900,117.2660,1.799993
TAP_TAPCELL_ROW_39_685,VPWR,li1,216.4300,117.2660,1.799979
TAP_TAPCELL_ROW_39_684,VPWR,li1,190.6700,117.2660,1.799990
TAP_TAPCELL_ROW_39_683,VPWR,li1,164.9100,117.2660,1.799996
TAP_TAPCELL_ROW_39_682,VPWR,li1,139.1500,117.2660,1.799997
TAP_TAPCELL_ROW_39_681,VPWR,li1,113.3900,117.2660,1.799991
TAP_TAPCELL_ROW_39_680,VPWR,li1,87.6300,117.2660,1.799976
TAP_TAPCELL_ROW_39_679,VPWR,li1,61.8700,117.2660,1.799991
TAP_TAPCELL_ROW_39_678,VPWR,li1,36.1100,117.2660,1.799995
TAP_TAPCELL_ROW_38_677,VPWR,li1,306.5900,116.6530,1.799996
TAP_TAPCELL_ROW_38_676,VPWR,li1,280.8300,116.6530,1.799996
TAP_TAPCELL_ROW_38_675,VPWR,li1,255.0700,116.6530,1.799996
TAP_TAPCELL_ROW_38_674,VPWR,li1,229.3100,116.6530,1.799991
TAP_TAPCELL_ROW_38_673,VPWR,li1,203.5500,116.6530,1.799975
TAP_TAPCELL_ROW_38_672,VPWR,li1,177.7900,116.6530,1.799992
TAP_TAPCELL_ROW_38_671,VPWR,li1,152.0300,116.6530,1.799997
TAP_TAPCELL_ROW_38_670,VPWR,li1,126.2700,116.6530,1.799994
TAP_TAPCELL_ROW_38_669,VPWR,li1,100.5100,116.6530,1.799983
TAP_TAPCELL_ROW_38_668,VPWR,li1,74.7500,116.6530,1.799990
TAP_TAPCELL_ROW_38_667,VPWR,li1,48.9900,116.6530,1.799995
TAP_TAPCELL_ROW_38_666,VPWR,li1,23.2300,116.6530,1.799994
TAP_TAPCELL_ROW_37_665,VPWR,li1,293.7100,111.8260,1.799999
TAP_TAPCELL_ROW_37_664,VPWR,li1,267.9500,111.8260,1.799998
TAP_TAPCELL_ROW_37_663,VPWR,li1,242.1900,111.8260,1.799997
TAP_TAPCELL_ROW_37_662,VPWR,li1,216.4300,111.8260,1.799997
TAP_TAPCELL_ROW_37_661,VPWR,li1,190.6700,111.8260,1.799995
TAP_TAPCELL_ROW_37_660,VPWR,li1,164.9100,111.8260,1.799991
TAP_TAPCELL_ROW_37_659,VPWR,li1,139.1500,111.8260,1.799984
TAP_TAPCELL_ROW_37_658,VPWR,li1,113.3900,111.8260,1.799995
TAP_TAPCELL_ROW_37_657,VPWR,li1,87.6300,111.8260,1.799998
TAP_TAPCELL_ROW_37_656,VPWR,li1,61.8700,111.8260,1.799995
TAP_TAPCELL_ROW_37_655,VPWR,li1,36.1100,111.8260,1.799994
TAP_TAPCELL_ROW_36_654,VPWR,li1,306.5900,111.2130,1.799999
TAP_TAPCELL_ROW_36_653,VPWR,li1,280.8300,111.2130,1.799999
TAP_TAPCELL_ROW_36_652,VPWR,li1,255.0700,111.2130,1.799998
TAP_TAPCELL_ROW_36_651,VPWR,li1,229.3100,111.2130,1.799997
TAP_TAPCELL_ROW_36_650,VPWR,li1,203.5500,111.2130,1.799996
TAP_TAPCELL_ROW_36_649,VPWR,li1,177.7900,111.2130,1.799992
TAP_TAPCELL_ROW_36_648,VPWR,li1,152.0300,111.2130,1.799978
TAP_TAPCELL_ROW_36_647,VPWR,li1,126.2700,111.2130,1.799992
TAP_TAPCELL_ROW_36_646,VPWR,li1,100.5100,111.2130,1.799998
TAP_TAPCELL_ROW_36_645,VPWR,li1,74.7500,111.2130,1.799998
TAP_TAPCELL_ROW_36_644,VPWR,li1,48.9900,111.2130,1.799995
TAP_TAPCELL_ROW_36_643,VPWR,li1,23.2300,111.2130,1.799995
TAP_TAPCELL_ROW_35_642,VPWR,li1,293.7100,106.3860,1.799994
TAP_TAPCELL_ROW_35_641,VPWR,li1,267.9500,106.3860,1.799993
TAP_TAPCELL_ROW_35_640,VPWR,li1,242.1900,106.3860,1.799993
TAP_TAPCELL_ROW_35_639,VPWR,li1,216.4300,106.3860,1.799998
TAP_TAPCELL_ROW_35_638,VPWR,li1,190.6700,106.3860,1.799999
TAP_TAPCELL_ROW_35_637,VPWR,li1,164.9100,106.3860,1.799997
TAP_TAPCELL_ROW_35_636,VPWR,li1,139.1500,106.3860,1.799996
TAP_TAPCELL_ROW_35_635,VPWR,li1,113.3900,106.3860,1.799998
TAP_TAPCELL_ROW_35_634,VPWR,li1,87.6300,106.3860,1.799997
TAP_TAPCELL_ROW_35_633,VPWR,li1,61.8700,106.3860,1.799992
TAP_TAPCELL_ROW_35_632,VPWR,li1,36.1100,106.3860,1.799993
TAP_TAPCELL_ROW_34_631,VPWR,li1,306.5900,105.7730,1.799994
TAP_TAPCELL_ROW_34_630,VPWR,li1,280.8300,105.7730,1.799993
TAP_TAPCELL_ROW_34_629,VPWR,li1,255.0700,105.7730,1.799995
TAP_TAPCELL_ROW_34_628,VPWR,li1,229.3100,105.7730,1.799996
TAP_TAPCELL_ROW_34_627,VPWR,li1,203.5500,105.7730,1.799998
TAP_TAPCELL_ROW_34_626,VPWR,li1,177.7900,105.7730,1.799998
TAP_TAPCELL_ROW_34_625,VPWR,li1,152.0300,105.7730,1.799995
TAP_TAPCELL_ROW_34_624,VPWR,li1,126.2700,105.7730,1.799996
TAP_TAPCELL_ROW_34_623,VPWR,li1,100.5100,105.7730,1.799998
TAP_TAPCELL_ROW_34_622,VPWR,li1,74.7500,105.7730,1.799995
TAP_TAPCELL_ROW_34_621,VPWR,li1,48.9900,105.7730,1.799993
TAP_TAPCELL_ROW_34_620,VPWR,li1,23.2300,105.7730,1.799994
TAP_TAPCELL_ROW_33_619,VPWR,li1,293.7100,100.9460,1.799998
TAP_TAPCELL_ROW_33_618,VPWR,li1,267.9500,100.9460,1.799995
TAP_TAPCELL_ROW_33_617,VPWR,li1,242.1900,100.9460,1.799995
TAP_TAPCELL_ROW_33_616,VPWR,li1,216.4300,100.9460,1.799992
TAP_TAPCELL_ROW_33_615,VPWR,li1,190.6700,100.9460,1.799993
TAP_TAPCELL_ROW_33_614,VPWR,li1,164.9100,100.9460,1.799996
TAP_TAPCELL_ROW_33_613,VPWR,li1,139.1500,100.9460,1.799997
TAP_TAPCELL_ROW_33_612,VPWR,li1,113.3900,100.9460,1.799998
TAP_TAPCELL_ROW_33_611,VPWR,li1,87.6300,100.9460,1.799997
TAP_TAPCELL_ROW_33_610,VPWR,li1,61.8700,100.9460,1.799989
TAP_TAPCELL_ROW_33_609,VPWR,li1,36.1100,100.9460,1.799976
TAP_TAPCELL_ROW_32_608,VPWR,li1,306.5900,100.3330,1.799998
TAP_TAPCELL_ROW_32_607,VPWR,li1,280.8300,100.3330,1.799997
TAP_TAPCELL_ROW_32_606,VPWR,li1,255.0700,100.3330,1.799997
TAP_TAPCELL_ROW_32_605,VPWR,li1,229.3100,100.3330,1.799994
TAP_TAPCELL_ROW_32_604,VPWR,li1,203.5500,100.3330,1.799992
TAP_TAPCELL_ROW_32_603,VPWR,li1,177.7900,100.3330,1.799993
TAP_TAPCELL_ROW_32_602,VPWR,li1,152.0300,100.3330,1.799995
TAP_TAPCELL_ROW_32_601,VPWR,li1,126.2700,100.3330,1.799997
TAP_TAPCELL_ROW_32_600,VPWR,li1,100.5100,100.3330,1.799998
TAP_TAPCELL_ROW_32_599,VPWR,li1,74.7500,100.3330,1.799996
TAP_TAPCELL_ROW_32_598,VPWR,li1,48.9900,100.3330,1.799987
TAP_TAPCELL_ROW_32_597,VPWR,li1,23.2300,100.3330,1.799978
TAP_TAPCELL_ROW_31_596,VPWR,li1,293.7100,95.5060,1.799992
TAP_TAPCELL_ROW_31_595,VPWR,li1,267.9500,95.5060,1.799977
TAP_TAPCELL_ROW_31_594,VPWR,li1,242.1900,95.5060,1.799993
TAP_TAPCELL_ROW_31_593,VPWR,li1,216.4300,95.5060,1.799997
TAP_TAPCELL_ROW_31_592,VPWR,li1,190.6700,95.5060,1.799995
TAP_TAPCELL_ROW_31_591,VPWR,li1,164.9100,95.5060,1.799996
TAP_TAPCELL_ROW_31_590,VPWR,li1,139.1500,95.5060,1.799997
TAP_TAPCELL_ROW_31_589,VPWR,li1,113.3900,95.5060,1.799997
TAP_TAPCELL_ROW_31_588,VPWR,li1,87.6300,95.5060,1.799996
TAP_TAPCELL_ROW_31_587,VPWR,li1,61.8700,95.5060,1.799995
TAP_TAPCELL_ROW_31_586,VPWR,li1,36.1100,95.5060,1.799995
TAP_TAPCELL_ROW_30_585,VPWR,li1,306.5900,94.8930,1.799992
TAP_TAPCELL_ROW_30_584,VPWR,li1,280.8300,94.8930,1.799987
TAP_TAPCELL_ROW_30_583,VPWR,li1,255.0700,94.8930,1.799990
TAP_TAPCELL_ROW_30_582,VPWR,li1,229.3100,94.8930,1.799996
TAP_TAPCELL_ROW_30_581,VPWR,li1,203.5500,94.8930,1.799997
TAP_TAPCELL_ROW_30_580,VPWR,li1,177.7900,94.8930,1.799995
TAP_TAPCELL_ROW_30_579,VPWR,li1,152.0300,94.8930,1.799995
TAP_TAPCELL_ROW_30_578,VPWR,li1,126.2700,94.8930,1.799996
TAP_TAPCELL_ROW_30_577,VPWR,li1,100.5100,94.8930,1.799998
TAP_TAPCELL_ROW_30_576,VPWR,li1,74.7500,94.8930,1.799996
TAP_TAPCELL_ROW_30_575,VPWR,li1,48.9900,94.8930,1.799996
TAP_TAPCELL_ROW_30_574,VPWR,li1,23.2300,94.8930,1.799996
TAP_TAPCELL_ROW_29_573,VPWR,li1,293.7100,90.0660,1.799997
TAP_TAPCELL_ROW_29_572,VPWR,li1,267.9500,90.0660,1.799993
TAP_TAPCELL_ROW_29_571,VPWR,li1,242.1900,90.0660,1.799987
TAP_TAPCELL_ROW_29_570,VPWR,li1,216.4300,90.0660,1.799972
TAP_TAPCELL_ROW_29_569,VPWR,li1,190.6700,90.0660,1.799980
TAP_TAPCELL_ROW_29_568,VPWR,li1,164.9100,90.0660,1.799996
TAP_TAPCELL_ROW_29_567,VPWR,li1,139.1500,90.0660,1.799997
TAP_TAPCELL_ROW_29_566,VPWR,li1,113.3900,90.0660,1.799990
TAP_TAPCELL_ROW_29_565,VPWR,li1,87.6300,90.0660,1.799971
TAP_TAPCELL_ROW_29_564,VPWR,li1,61.8700,90.0660,1.799967
TAP_TAPCELL_ROW_29_563,VPWR,li1,36.1100,90.0660,1.799989
TAP_TAPCELL_ROW_28_562,VPWR,li1,306.5900,89.4530,1.799997
TAP_TAPCELL_ROW_28_561,VPWR,li1,280.8300,89.4530,1.799996
TAP_TAPCELL_ROW_28_560,VPWR,li1,255.0700,89.4530,1.799994
TAP_TAPCELL_ROW_28_559,VPWR,li1,229.3100,89.4530,1.799985
TAP_TAPCELL_ROW_28_558,VPWR,li1,203.5500,89.4530,1.799964
TAP_TAPCELL_ROW_28_557,VPWR,li1,177.7900,89.4530,1.799987
TAP_TAPCELL_ROW_28_556,VPWR,li1,152.0300,89.4530,1.799996
TAP_TAPCELL_ROW_28_555,VPWR,li1,126.2700,89.4530,1.799994
TAP_TAPCELL_ROW_28_554,VPWR,li1,100.5100,89.4530,1.799979
TAP_TAPCELL_ROW_28_553,VPWR,li1,74.7500,89.4530,1.799980
TAP_TAPCELL_ROW_28_552,VPWR,li1,48.9900,89.4530,1.799983
TAP_TAPCELL_ROW_28_551,VPWR,li1,23.2300,89.4530,1.799992
TAP_TAPCELL_ROW_27_550,VPWR,li1,293.7100,84.6260,1.799998
TAP_TAPCELL_ROW_27_549,VPWR,li1,267.9500,84.6260,1.799996
TAP_TAPCELL_ROW_27_548,VPWR,li1,242.1900,84.6260,1.799996
TAP_TAPCELL_ROW_27_547,VPWR,li1,216.4300,84.6260,1.799996
TAP_TAPCELL_ROW_27_546,VPWR,li1,190.6700,84.6260,1.799997
TAP_TAPCELL_ROW_27_545,VPWR,li1,164.9100,84.6260,1.799998
TAP_TAPCELL_ROW_27_544,VPWR,li1,139.1500,84.6260,1.799999
TAP_TAPCELL_ROW_27_543,VPWR,li1,113.3900,84.6260,1.799999
TAP_TAPCELL_ROW_27_542,VPWR,li1,87.6300,84.6260,1.799998
TAP_TAPCELL_ROW_27_541,VPWR,li1,61.8700,84.6260,1.799993
TAP_TAPCELL_ROW_27_540,VPWR,li1,36.1100,84.6260,1.799993
TAP_TAPCELL_ROW_26_539,VPWR,li1,306.5900,84.0130,1.799998
TAP_TAPCELL_ROW_26_538,VPWR,li1,280.8300,84.0130,1.799997
TAP_TAPCELL_ROW_26_537,VPWR,li1,255.0700,84.0130,1.799997
TAP_TAPCELL_ROW_26_536,VPWR,li1,229.3100,84.0130,1.799997
TAP_TAPCELL_ROW_26_535,VPWR,li1,203.5500,84.0130,1.799997
TAP_TAPCELL_ROW_26_534,VPWR,li1,177.7900,84.0130,1.799996
TAP_TAPCELL_ROW_26_533,VPWR,li1,152.0300,84.0130,1.799998
TAP_TAPCELL_ROW_26_532,VPWR,li1,126.2700,84.0130,1.799999
TAP_TAPCELL_ROW_26_531,VPWR,li1,100.5100,84.0130,1.799999
TAP_TAPCELL_ROW_26_530,VPWR,li1,74.7500,84.0130,1.799997
TAP_TAPCELL_ROW_26_529,VPWR,li1,48.9900,84.0130,1.799993
TAP_TAPCELL_ROW_26_528,VPWR,li1,23.2300,84.0130,1.799993
TAP_TAPCELL_ROW_25_527,VPWR,li1,293.7100,79.1860,1.799997
TAP_TAPCELL_ROW_25_526,VPWR,li1,267.9500,79.1860,1.799994
TAP_TAPCELL_ROW_25_525,VPWR,li1,242.1900,79.1860,1.799996
TAP_TAPCELL_ROW_25_524,VPWR,li1,216.4300,79.1860,1.799995
TAP_TAPCELL_ROW_25_523,VPWR,li1,190.6700,79.1860,1.799995
TAP_TAPCELL_ROW_25_522,VPWR,li1,164.9100,79.1860,1.799997
TAP_TAPCELL_ROW_25_521,VPWR,li1,139.1500,79.1860,1.799998
TAP_TAPCELL_ROW_25_520,VPWR,li1,113.3900,79.1860,1.799999
TAP_TAPCELL_ROW_25_519,VPWR,li1,87.6300,79.1860,1.799998
TAP_TAPCELL_ROW_25_518,VPWR,li1,61.8700,79.1860,1.799994
TAP_TAPCELL_ROW_25_517,VPWR,li1,36.1100,79.1860,1.799992
TAP_TAPCELL_ROW_24_516,VPWR,li1,306.5900,78.5730,1.799997
TAP_TAPCELL_ROW_24_515,VPWR,li1,280.8300,78.5730,1.799996
TAP_TAPCELL_ROW_24_514,VPWR,li1,255.0700,78.5730,1.799996
TAP_TAPCELL_ROW_24_513,VPWR,li1,229.3100,78.5730,1.799997
TAP_TAPCELL_ROW_24_512,VPWR,li1,203.5500,78.5730,1.799994
TAP_TAPCELL_ROW_24_511,VPWR,li1,177.7900,78.5730,1.799996
TAP_TAPCELL_ROW_24_510,VPWR,li1,152.0300,78.5730,1.799996
TAP_TAPCELL_ROW_24_509,VPWR,li1,126.2700,78.5730,1.799999
TAP_TAPCELL_ROW_24_508,VPWR,li1,100.5100,78.5730,1.799999
TAP_TAPCELL_ROW_24_507,VPWR,li1,74.7500,78.5730,1.799997
TAP_TAPCELL_ROW_24_506,VPWR,li1,48.9900,78.5730,1.799994
TAP_TAPCELL_ROW_24_505,VPWR,li1,23.2300,78.5730,1.799992
TAP_TAPCELL_ROW_23_504,VPWR,li1,293.7100,73.7460,1.799997
TAP_TAPCELL_ROW_23_503,VPWR,li1,267.9500,73.7460,1.799993
TAP_TAPCELL_ROW_23_502,VPWR,li1,242.1900,73.7460,1.799996
TAP_TAPCELL_ROW_23_501,VPWR,li1,216.4300,73.7460,1.799996
TAP_TAPCELL_ROW_23_500,VPWR,li1,190.6700,73.7460,1.799996
TAP_TAPCELL_ROW_23_499,VPWR,li1,164.9100,73.7460,1.799997
TAP_TAPCELL_ROW_23_498,VPWR,li1,139.1500,73.7460,1.799998
TAP_TAPCELL_ROW_23_497,VPWR,li1,113.3900,73.7460,1.799999
TAP_TAPCELL_ROW_23_496,VPWR,li1,87.6300,73.7460,1.799998
TAP_TAPCELL_ROW_23_495,VPWR,li1,61.8700,73.7460,1.799992
TAP_TAPCELL_ROW_23_494,VPWR,li1,36.1100,73.7460,1.799974
TAP_TAPCELL_ROW_22_493,VPWR,li1,306.5900,73.1330,1.799997
TAP_TAPCELL_ROW_22_492,VPWR,li1,280.8300,73.1330,1.799995
TAP_TAPCELL_ROW_22_491,VPWR,li1,255.0700,73.1330,1.799996
TAP_TAPCELL_ROW_22_490,VPWR,li1,229.3100,73.1330,1.799997
TAP_TAPCELL_ROW_22_489,VPWR,li1,203.5500,73.1330,1.799996
TAP_TAPCELL_ROW_22_488,VPWR,li1,177.7900,73.1330,1.799995
TAP_TAPCELL_ROW_22_487,VPWR,li1,152.0300,73.1330,1.799998
TAP_TAPCELL_ROW_22_486,VPWR,li1,126.2700,73.1330,1.799998
TAP_TAPCELL_ROW_22_485,VPWR,li1,100.5100,73.1330,1.799999
TAP_TAPCELL_ROW_22_484,VPWR,li1,74.7500,73.1330,1.799997
TAP_TAPCELL_ROW_22_483,VPWR,li1,48.9900,73.1330,1.799989
TAP_TAPCELL_ROW_22_482,VPWR,li1,23.2300,73.1330,1.799977
TAP_TAPCELL_ROW_21_481,VPWR,li1,293.7100,68.3060,1.799997
TAP_TAPCELL_ROW_21_480,VPWR,li1,267.9500,68.3060,1.799993
TAP_TAPCELL_ROW_21_479,VPWR,li1,242.1900,68.3060,1.799995
TAP_TAPCELL_ROW_21_478,VPWR,li1,216.4300,68.3060,1.799995
TAP_TAPCELL_ROW_21_477,VPWR,li1,190.6700,68.3060,1.799996
TAP_TAPCELL_ROW_21_476,VPWR,li1,164.9100,68.3060,1.799997
TAP_TAPCELL_ROW_21_475,VPWR,li1,139.1500,68.3060,1.799998
TAP_TAPCELL_ROW_21_474,VPWR,li1,113.3900,68.3060,1.799999
TAP_TAPCELL_ROW_21_473,VPWR,li1,87.6300,68.3060,1.799999
TAP_TAPCELL_ROW_21_472,VPWR,li1,61.8700,68.3060,1.799997
TAP_TAPCELL_ROW_21_471,VPWR,li1,36.1100,68.3060,1.799994
TAP_TAPCELL_ROW_20_470,VPWR,li1,306.5900,67.6930,1.799997
TAP_TAPCELL_ROW_20_469,VPWR,li1,280.8300,67.6930,1.799995
TAP_TAPCELL_ROW_20_468,VPWR,li1,255.0700,67.6930,1.799996
TAP_TAPCELL_ROW_20_467,VPWR,li1,229.3100,67.6930,1.799996
TAP_TAPCELL_ROW_20_466,VPWR,li1,203.5500,67.6930,1.799995
TAP_TAPCELL_ROW_20_465,VPWR,li1,177.7900,67.6930,1.799995
TAP_TAPCELL_ROW_20_464,VPWR,li1,152.0300,67.6930,1.799996
TAP_TAPCELL_ROW_20_463,VPWR,li1,126.2700,67.6930,1.799999
TAP_TAPCELL_ROW_20_462,VPWR,li1,100.5100,67.6930,1.800000
TAP_TAPCELL_ROW_20_461,VPWR,li1,74.7500,67.6930,1.799999
TAP_TAPCELL_ROW_20_460,VPWR,li1,48.9900,67.6930,1.799996
TAP_TAPCELL_ROW_20_459,VPWR,li1,23.2300,67.6930,1.799995
TAP_TAPCELL_ROW_19_458,VPWR,li1,293.7100,62.8660,1.799990
TAP_TAPCELL_ROW_19_457,VPWR,li1,267.9500,62.8660,1.799985
TAP_TAPCELL_ROW_19_456,VPWR,li1,242.1900,62.8660,1.799993
TAP_TAPCELL_ROW_19_455,VPWR,li1,216.4300,62.8660,1.799992
TAP_TAPCELL_ROW_19_454,VPWR,li1,190.6700,62.8660,1.799978
TAP_TAPCELL_ROW_19_453,VPWR,li1,164.9100,62.8660,1.799994
TAP_TAPCELL_ROW_19_452,VPWR,li1,139.1500,62.8660,1.799998
TAP_TAPCELL_ROW_19_451,VPWR,li1,113.3900,62.8660,1.799999
TAP_TAPCELL_ROW_19_450,VPWR,li1,87.6300,62.8660,1.799999
TAP_TAPCELL_ROW_19_449,VPWR,li1,61.8700,62.8660,1.799996
TAP_TAPCELL_ROW_19_448,VPWR,li1,36.1100,62.8660,1.799996
TAP_TAPCELL_ROW_18_447,VPWR,li1,306.5900,62.2530,1.799990
TAP_TAPCELL_ROW_18_446,VPWR,li1,280.8300,62.2530,1.799985
TAP_TAPCELL_ROW_18_445,VPWR,li1,255.0700,62.2530,1.799993
TAP_TAPCELL_ROW_18_444,VPWR,li1,229.3100,62.2530,1.799994
TAP_TAPCELL_ROW_18_443,VPWR,li1,203.5500,62.2530,1.799989
TAP_TAPCELL_ROW_18_442,VPWR,li1,177.7900,62.2530,1.799981
TAP_TAPCELL_ROW_18_441,VPWR,li1,152.0300,62.2530,1.799996
TAP_TAPCELL_ROW_18_440,VPWR,li1,126.2700,62.2530,1.799999
TAP_TAPCELL_ROW_18_439,VPWR,li1,100.5100,62.2530,1.799999
TAP_TAPCELL_ROW_18_438,VPWR,li1,74.7500,62.2530,1.799998
TAP_TAPCELL_ROW_18_437,VPWR,li1,48.9900,62.2530,1.799997
TAP_TAPCELL_ROW_18_436,VPWR,li1,23.2300,62.2530,1.799995
TAP_TAPCELL_ROW_17_435,VPWR,li1,293.7100,57.4260,1.799998
TAP_TAPCELL_ROW_17_434,VPWR,li1,267.9500,57.4260,1.799995
TAP_TAPCELL_ROW_17_433,VPWR,li1,242.1900,57.4260,1.799996
TAP_TAPCELL_ROW_17_432,VPWR,li1,216.4300,57.4260,1.799995
TAP_TAPCELL_ROW_17_431,VPWR,li1,190.6700,57.4260,1.799995
TAP_TAPCELL_ROW_17_430,VPWR,li1,164.9100,57.4260,1.799994
TAP_TAPCELL_ROW_17_429,VPWR,li1,139.1500,57.4260,1.799984
TAP_TAPCELL_ROW_17_428,VPWR,li1,113.3900,57.4260,1.799993
TAP_TAPCELL_ROW_17_427,VPWR,li1,87.6300,57.4260,1.799998
TAP_TAPCELL_ROW_17_426,VPWR,li1,61.8700,57.4260,1.799997
TAP_TAPCELL_ROW_17_425,VPWR,li1,36.1100,57.4260,1.799997
TAP_TAPCELL_ROW_16_424,VPWR,li1,306.5900,56.8130,1.799998
TAP_TAPCELL_ROW_16_423,VPWR,li1,280.8300,56.8130,1.799997
TAP_TAPCELL_ROW_16_422,VPWR,li1,255.0700,56.8130,1.799997
TAP_TAPCELL_ROW_16_421,VPWR,li1,229.3100,56.8130,1.799997
TAP_TAPCELL_ROW_16_420,VPWR,li1,203.5500,56.8130,1.799994
TAP_TAPCELL_ROW_16_419,VPWR,li1,177.7900,56.8130,1.799993
TAP_TAPCELL_ROW_16_418,VPWR,li1,152.0300,56.8130,1.799988
TAP_TAPCELL_ROW_16_417,VPWR,li1,126.2700,56.8130,1.799987
TAP_TAPCELL_ROW_16_416,VPWR,li1,100.5100,56.8130,1.799997
TAP_TAPCELL_ROW_16_415,VPWR,li1,74.7500,56.8130,1.799998
TAP_TAPCELL_ROW_16_414,VPWR,li1,48.9900,56.8130,1.799998
TAP_TAPCELL_ROW_16_413,VPWR,li1,23.2300,56.8130,1.799996
TAP_TAPCELL_ROW_15_412,VPWR,li1,293.7100,51.9860,1.799998
TAP_TAPCELL_ROW_15_411,VPWR,li1,267.9500,51.9860,1.799995
TAP_TAPCELL_ROW_15_410,VPWR,li1,242.1900,51.9860,1.799995
TAP_TAPCELL_ROW_15_409,VPWR,li1,216.4300,51.9860,1.799996
TAP_TAPCELL_ROW_15_408,VPWR,li1,190.6700,51.9860,1.799999
TAP_TAPCELL_ROW_15_407,VPWR,li1,164.9100,51.9860,1.800000
TAP_TAPCELL_ROW_15_406,VPWR,li1,139.1500,51.9860,1.800000
TAP_TAPCELL_ROW_15_405,VPWR,li1,113.3900,51.9860,1.800000
TAP_TAPCELL_ROW_15_404,VPWR,li1,87.6300,51.9860,1.800000
TAP_TAPCELL_ROW_15_403,VPWR,li1,61.8700,51.9860,1.799999
TAP_TAPCELL_ROW_15_402,VPWR,li1,36.1100,51.9860,1.799994
TAP_TAPCELL_ROW_14_401,VPWR,li1,306.5900,51.3730,1.799998
TAP_TAPCELL_ROW_14_400,VPWR,li1,280.8300,51.3730,1.799998
TAP_TAPCELL_ROW_14_399,VPWR,li1,255.0700,51.3730,1.799996
TAP_TAPCELL_ROW_14_398,VPWR,li1,229.3100,51.3730,1.799996
TAP_TAPCELL_ROW_14_397,VPWR,li1,203.5500,51.3730,1.799998
TAP_TAPCELL_ROW_14_396,VPWR,li1,177.7900,51.3730,1.800000
TAP_TAPCELL_ROW_14_395,VPWR,li1,152.0300,51.3730,1.800000
TAP_TAPCELL_ROW_14_394,VPWR,li1,126.2700,51.3730,1.800000
TAP_TAPCELL_ROW_14_393,VPWR,li1,100.5100,51.3730,1.800000
TAP_TAPCELL_ROW_14_392,VPWR,li1,74.7500,51.3730,1.800000
TAP_TAPCELL_ROW_14_391,VPWR,li1,48.9900,51.3730,1.799998
TAP_TAPCELL_ROW_14_390,VPWR,li1,23.2300,51.3730,1.799993
TAP_TAPCELL_ROW_13_389,VPWR,li1,293.7100,46.5460,1.799997
TAP_TAPCELL_ROW_13_388,VPWR,li1,267.9500,46.5460,1.799992
TAP_TAPCELL_ROW_13_387,VPWR,li1,242.1900,46.5460,1.799980
TAP_TAPCELL_ROW_13_386,VPWR,li1,216.4300,46.5460,1.799995
TAP_TAPCELL_ROW_13_385,VPWR,li1,190.6700,46.5460,1.799999
TAP_TAPCELL_ROW_13_384,VPWR,li1,164.9100,46.5460,1.800000
TAP_TAPCELL_ROW_13_383,VPWR,li1,139.1500,46.5460,1.800000
TAP_TAPCELL_ROW_13_382,VPWR,li1,113.3900,46.5460,1.800000
TAP_TAPCELL_ROW_13_381,VPWR,li1,87.6300,46.5460,1.799998
TAP_TAPCELL_ROW_13_380,VPWR,li1,61.8700,46.5460,1.799993
TAP_TAPCELL_ROW_13_379,VPWR,li1,36.1100,46.5460,1.799981
TAP_TAPCELL_ROW_12_378,VPWR,li1,306.5900,45.9330,1.799997
TAP_TAPCELL_ROW_12_377,VPWR,li1,280.8300,45.9330,1.799996
TAP_TAPCELL_ROW_12_376,VPWR,li1,255.0700,45.9330,1.799988
TAP_TAPCELL_ROW_12_375,VPWR,li1,229.3100,45.9330,1.799989
TAP_TAPCELL_ROW_12_374,VPWR,li1,203.5500,45.9330,1.799997
TAP_TAPCELL_ROW_12_373,VPWR,li1,177.7900,45.9330,1.799999
TAP_TAPCELL_ROW_12_372,VPWR,li1,152.0300,45.9330,1.800000
TAP_TAPCELL_ROW_12_371,VPWR,li1,126.2700,45.9330,1.800000
TAP_TAPCELL_ROW_12_370,VPWR,li1,100.5100,45.9330,1.799999
TAP_TAPCELL_ROW_12_369,VPWR,li1,74.7500,45.9330,1.799997
TAP_TAPCELL_ROW_12_368,VPWR,li1,48.9900,45.9330,1.799990
TAP_TAPCELL_ROW_12_367,VPWR,li1,23.2300,45.9330,1.799982
TAP_TAPCELL_ROW_11_366,VPWR,li1,293.7100,41.1060,1.799999
TAP_TAPCELL_ROW_11_365,VPWR,li1,267.9500,41.1060,1.799995
TAP_TAPCELL_ROW_11_364,VPWR,li1,242.1900,41.1060,1.799995
TAP_TAPCELL_ROW_11_363,VPWR,li1,216.4300,41.1060,1.799999
TAP_TAPCELL_ROW_11_362,VPWR,li1,190.6700,41.1060,1.800000
TAP_TAPCELL_ROW_11_361,VPWR,li1,164.9100,41.1060,1.800000
TAP_TAPCELL_ROW_11_360,VPWR,li1,139.1500,41.1060,1.800000
TAP_TAPCELL_ROW_11_359,VPWR,li1,113.3900,41.1060,1.800000
TAP_TAPCELL_ROW_11_358,VPWR,li1,87.6300,41.1060,1.799999
TAP_TAPCELL_ROW_11_357,VPWR,li1,61.8700,41.1060,1.799994
TAP_TAPCELL_ROW_11_356,VPWR,li1,36.1100,41.1060,1.799993
TAP_TAPCELL_ROW_10_355,VPWR,li1,306.5900,40.4930,1.799999
TAP_TAPCELL_ROW_10_354,VPWR,li1,280.8300,40.4930,1.799998
TAP_TAPCELL_ROW_10_353,VPWR,li1,255.0700,40.4930,1.799996
TAP_TAPCELL_ROW_10_352,VPWR,li1,229.3100,40.4930,1.799997
TAP_TAPCELL_ROW_10_351,VPWR,li1,203.5500,40.4930,1.799999
TAP_TAPCELL_ROW_10_350,VPWR,li1,177.7900,40.4930,1.800000
TAP_TAPCELL_ROW_10_349,VPWR,li1,152.0300,40.4930,1.800000
TAP_TAPCELL_ROW_10_348,VPWR,li1,126.2700,40.4930,1.800000
TAP_TAPCELL_ROW_10_347,VPWR,li1,100.5100,40.4930,1.799999
TAP_TAPCELL_ROW_10_346,VPWR,li1,74.7500,40.4930,1.799998
TAP_TAPCELL_ROW_10_345,VPWR,li1,48.9900,40.4930,1.799995
TAP_TAPCELL_ROW_10_344,VPWR,li1,23.2300,40.4930,1.799992
TAP_TAPCELL_ROW_9_343,VPWR,li1,293.7100,35.6660,1.799999
TAP_TAPCELL_ROW_9_342,VPWR,li1,267.9500,35.6660,1.799996
TAP_TAPCELL_ROW_9_341,VPWR,li1,242.1900,35.6660,1.799995
TAP_TAPCELL_ROW_9_340,VPWR,li1,216.4300,35.6660,1.799996
TAP_TAPCELL_ROW_9_339,VPWR,li1,190.6700,35.6660,1.799998
TAP_TAPCELL_ROW_9_338,VPWR,li1,164.9100,35.6660,1.800000
TAP_TAPCELL_ROW_9_337,VPWR,li1,139.1500,35.6660,1.800000
TAP_TAPCELL_ROW_9_336,VPWR,li1,113.3900,35.6660,1.800000
TAP_TAPCELL_ROW_9_335,VPWR,li1,87.6300,35.6660,1.799998
TAP_TAPCELL_ROW_9_334,VPWR,li1,61.8700,35.6660,1.799993
TAP_TAPCELL_ROW_9_333,VPWR,li1,36.1100,35.6660,1.799991
TAP_TAPCELL_ROW_8_332,VPWR,li1,306.5900,35.0530,1.799999
TAP_TAPCELL_ROW_8_331,VPWR,li1,280.8300,35.0530,1.799998
TAP_TAPCELL_ROW_8_330,VPWR,li1,255.0700,35.0530,1.799996
TAP_TAPCELL_ROW_8_329,VPWR,li1,229.3100,35.0530,1.799996
TAP_TAPCELL_ROW_8_328,VPWR,li1,203.5500,35.0530,1.799997
TAP_TAPCELL_ROW_8_327,VPWR,li1,177.7900,35.0530,1.799999
TAP_TAPCELL_ROW_8_326,VPWR,li1,152.0300,35.0530,1.800000
TAP_TAPCELL_ROW_8_325,VPWR,li1,126.2700,35.0530,1.800000
TAP_TAPCELL_ROW_8_324,VPWR,li1,100.5100,35.0530,1.799999
TAP_TAPCELL_ROW_8_323,VPWR,li1,74.7500,35.0530,1.799997
TAP_TAPCELL_ROW_8_322,VPWR,li1,48.9900,35.0530,1.799994
TAP_TAPCELL_ROW_8_321,VPWR,li1,23.2300,35.0530,1.799993
TAP_TAPCELL_ROW_7_320,VPWR,li1,293.7100,30.2260,1.799999
TAP_TAPCELL_ROW_7_319,VPWR,li1,267.9500,30.2260,1.799996
TAP_TAPCELL_ROW_7_318,VPWR,li1,242.1900,30.2260,1.799989
TAP_TAPCELL_ROW_7_317,VPWR,li1,216.4300,30.2260,1.799983
TAP_TAPCELL_ROW_7_316,VPWR,li1,190.6700,30.2260,1.799996
TAP_TAPCELL_ROW_7_315,VPWR,li1,164.9100,30.2260,1.799999
TAP_TAPCELL_ROW_7_314,VPWR,li1,139.1500,30.2260,1.799999
TAP_TAPCELL_ROW_7_313,VPWR,li1,113.3900,30.2260,1.799996
TAP_TAPCELL_ROW_7_312,VPWR,li1,87.6300,30.2260,1.799991
TAP_TAPCELL_ROW_7_311,VPWR,li1,61.8700,30.2260,1.799980
TAP_TAPCELL_ROW_7_310,VPWR,li1,36.1100,30.2260,1.799992
TAP_TAPCELL_ROW_6_309,VPWR,li1,306.5900,29.6130,1.799999
TAP_TAPCELL_ROW_6_308,VPWR,li1,280.8300,29.6130,1.799998
TAP_TAPCELL_ROW_6_307,VPWR,li1,255.0700,29.6130,1.799995
TAP_TAPCELL_ROW_6_306,VPWR,li1,229.3100,29.6130,1.799986
TAP_TAPCELL_ROW_6_305,VPWR,li1,203.5500,29.6130,1.799990
TAP_TAPCELL_ROW_6_304,VPWR,li1,177.7900,29.6130,1.799998
TAP_TAPCELL_ROW_6_303,VPWR,li1,152.0300,29.6130,1.799999
TAP_TAPCELL_ROW_6_302,VPWR,li1,126.2700,29.6130,1.799997
TAP_TAPCELL_ROW_6_301,VPWR,li1,100.5100,29.6130,1.799996
TAP_TAPCELL_ROW_6_300,VPWR,li1,74.7500,29.6130,1.799988
TAP_TAPCELL_ROW_6_299,VPWR,li1,48.9900,29.6130,1.799988
TAP_TAPCELL_ROW_6_298,VPWR,li1,23.2300,29.6130,1.799994
TAP_TAPCELL_ROW_5_297,VPWR,li1,293.7100,24.7860,1.800000
TAP_TAPCELL_ROW_5_296,VPWR,li1,267.9500,24.7860,1.799999
TAP_TAPCELL_ROW_5_295,VPWR,li1,242.1900,24.7860,1.799997
TAP_TAPCELL_ROW_5_294,VPWR,li1,216.4300,24.7860,1.799996
TAP_TAPCELL_ROW_5_293,VPWR,li1,190.6700,24.7860,1.799998
TAP_TAPCELL_ROW_5_292,VPWR,li1,164.9100,24.7860,1.800000
TAP_TAPCELL_ROW_5_291,VPWR,li1,139.1500,24.7860,1.800000
TAP_TAPCELL_ROW_5_290,VPWR,li1,113.3900,24.7860,1.799999
TAP_TAPCELL_ROW_5_289,VPWR,li1,87.6300,24.7860,1.799996
TAP_TAPCELL_ROW_5_288,VPWR,li1,61.8700,24.7860,1.799986
TAP_TAPCELL_ROW_5_287,VPWR,li1,36.1100,24.7860,1.799979
TAP_TAPCELL_ROW_4_286,VPWR,li1,306.5900,24.1730,1.800000
TAP_TAPCELL_ROW_4_285,VPWR,li1,280.8300,24.1730,1.799999
TAP_TAPCELL_ROW_4_284,VPWR,li1,255.0700,24.1730,1.799998
TAP_TAPCELL_ROW_4_283,VPWR,li1,229.3100,24.1730,1.799997
TAP_TAPCELL_ROW_4_282,VPWR,li1,203.5500,24.1730,1.799996
TAP_TAPCELL_ROW_4_281,VPWR,li1,177.7900,24.1730,1.799999
TAP_TAPCELL_ROW_4_280,VPWR,li1,152.0300,24.1730,1.800000
TAP_TAPCELL_ROW_4_279,VPWR,li1,126.2700,24.1730,1.799999
TAP_TAPCELL_ROW_4_278,VPWR,li1,100.5100,24.1730,1.799998
TAP_TAPCELL_ROW_4_277,VPWR,li1,74.7500,24.1730,1.799994
TAP_TAPCELL_ROW_4_276,VPWR,li1,48.9900,24.1730,1.799984
TAP_TAPCELL_ROW_4_275,VPWR,li1,23.2300,24.1730,1.799985
TAP_TAPCELL_ROW_3_274,VPWR,li1,293.7100,19.3460,1.800000
TAP_TAPCELL_ROW_3_273,VPWR,li1,267.9500,19.3460,1.799999
TAP_TAPCELL_ROW_3_272,VPWR,li1,242.1900,19.3460,1.799994
TAP_TAPCELL_ROW_3_271,VPWR,li1,216.4300,19.3460,1.799994
TAP_TAPCELL_ROW_3_270,VPWR,li1,190.6700,19.3460,1.799997
TAP_TAPCELL_ROW_3_269,VPWR,li1,164.9100,19.3460,1.799999
TAP_TAPCELL_ROW_3_268,VPWR,li1,139.1500,19.3460,1.800000
TAP_TAPCELL_ROW_3_267,VPWR,li1,113.3900,19.3460,1.799999
TAP_TAPCELL_ROW_3_266,VPWR,li1,87.6300,19.3460,1.799997
TAP_TAPCELL_ROW_3_265,VPWR,li1,61.8700,19.3460,1.799995
TAP_TAPCELL_ROW_3_264,VPWR,li1,36.1100,19.3460,1.799995
TAP_TAPCELL_ROW_2_263,VPWR,li1,306.5900,18.7330,1.800000
TAP_TAPCELL_ROW_2_262,VPWR,li1,280.8300,18.7330,1.799999
TAP_TAPCELL_ROW_2_261,VPWR,li1,255.0700,18.7330,1.799998
TAP_TAPCELL_ROW_2_260,VPWR,li1,229.3100,18.7330,1.799995
TAP_TAPCELL_ROW_2_259,VPWR,li1,203.5500,18.7330,1.799996
TAP_TAPCELL_ROW_2_258,VPWR,li1,177.7900,18.7330,1.799998
TAP_TAPCELL_ROW_2_257,VPWR,li1,152.0300,18.7330,1.799999
TAP_TAPCELL_ROW_2_256,VPWR,li1,126.2700,18.7330,1.799999
TAP_TAPCELL_ROW_2_255,VPWR,li1,100.5100,18.7330,1.799997
TAP_TAPCELL_ROW_2_254,VPWR,li1,74.7500,18.7330,1.799997
TAP_TAPCELL_ROW_2_253,VPWR,li1,48.9900,18.7330,1.799996
TAP_TAPCELL_ROW_2_252,VPWR,li1,23.2300,18.7330,1.799995
TAP_TAPCELL_ROW_1_251,VPWR,li1,293.7100,13.9060,1.800000
TAP_TAPCELL_ROW_1_250,VPWR,li1,267.9500,13.9060,1.799999
TAP_TAPCELL_ROW_1_249,VPWR,li1,242.1900,13.9060,1.799995
TAP_TAPCELL_ROW_1_248,VPWR,li1,216.4300,13.9060,1.799995
TAP_TAPCELL_ROW_1_247,VPWR,li1,190.6700,13.9060,1.799998
TAP_TAPCELL_ROW_1_246,VPWR,li1,164.9100,13.9060,1.799999
TAP_TAPCELL_ROW_1_245,VPWR,li1,139.1500,13.9060,1.799999
TAP_TAPCELL_ROW_1_244,VPWR,li1,113.3900,13.9060,1.799998
TAP_TAPCELL_ROW_1_243,VPWR,li1,87.6300,13.9060,1.799996
TAP_TAPCELL_ROW_1_242,VPWR,li1,61.8700,13.9060,1.799991
TAP_TAPCELL_ROW_1_241,VPWR,li1,36.1100,13.9060,1.799992
TAP_TAPCELL_ROW_0_240,VPWR,li1,306.5900,13.2930,1.800000
TAP_TAPCELL_ROW_0_239,VPWR,li1,293.7100,13.2930,1.800000
TAP_TAPCELL_ROW_0_238,VPWR,li1,280.8300,13.2930,1.799999
TAP_TAPCELL_ROW_0_237,VPWR,li1,267.9500,13.2930,1.799999
TAP_TAPCELL_ROW_0_236,VPWR,li1,255.0700,13.2930,1.799998
TAP_TAPCELL_ROW_0_235,VPWR,li1,242.1900,13.2930,1.799995
TAP_TAPCELL_ROW_0_234,VPWR,li1,229.3100,13.2930,1.799995
TAP_TAPCELL_ROW_0_233,VPWR,li1,216.4300,13.2930,1.799995
TAP_TAPCELL_ROW_0_232,VPWR,li1,203.5500,13.2930,1.799996
TAP_TAPCELL_ROW_0_231,VPWR,li1,190.6700,13.2930,1.799998
TAP_TAPCELL_ROW_0_230,VPWR,li1,177.7900,13.2930,1.799998
TAP_TAPCELL_ROW_0_229,VPWR,li1,164.9100,13.2930,1.799999
TAP_TAPCELL_ROW_0_228,VPWR,li1,152.0300,13.2930,1.799998
TAP_TAPCELL_ROW_0_227,VPWR,li1,139.1500,13.2930,1.799999
TAP_TAPCELL_ROW_0_226,VPWR,li1,126.2700,13.2930,1.799999
TAP_TAPCELL_ROW_0_225,VPWR,li1,113.3900,13.2930,1.799998
TAP_TAPCELL_ROW_0_224,VPWR,li1,100.5100,13.2930,1.799997
TAP_TAPCELL_ROW_0_223,VPWR,li1,87.6300,13.2930,1.799996
TAP_TAPCELL_ROW_0_222,VPWR,li1,74.7500,13.2930,1.799995
TAP_TAPCELL_ROW_0_221,VPWR,li1,61.8700,13.2930,1.799991
TAP_TAPCELL_ROW_0_220,VPWR,li1,48.9900,13.2930,1.799992
TAP_TAPCELL_ROW_0_219,VPWR,li1,36.1100,13.2930,1.799992
TAP_TAPCELL_ROW_0_218,VPWR,li1,23.2300,13.2930,1.799994
PHY_EDGE_ROW_108_Left_217,VPWR,li1,10.8100,307.3600,1.800000
PHY_EDGE_ROW_107_Left_216,VPWR,li1,10.8100,301.9200,1.800000
PHY_EDGE_ROW_106_Left_215,VPWR,li1,10.8100,301.9200,1.800000
PHY_EDGE_ROW_105_Left_214,VPWR,li1,10.8100,296.4800,1.799999
PHY_EDGE_ROW_104_Left_213,VPWR,li1,10.8100,296.4800,1.799999
PHY_EDGE_ROW_103_Left_212,VPWR,li1,10.8100,291.0400,1.799998
PHY_EDGE_ROW_102_Left_211,VPWR,li1,10.8100,291.0400,1.799998
PHY_EDGE_ROW_101_Left_210,VPWR,li1,10.8100,285.6000,1.799998
PHY_EDGE_ROW_100_Left_209,VPWR,li1,10.8100,285.6000,1.799998
PHY_EDGE_ROW_99_Left_208,VPWR,li1,10.8100,280.1600,1.799990
PHY_EDGE_ROW_98_Left_207,VPWR,li1,10.8100,280.1600,1.799990
PHY_EDGE_ROW_97_Left_206,VPWR,li1,10.8100,274.7200,1.799995
PHY_EDGE_ROW_96_Left_205,VPWR,li1,10.8100,274.7200,1.799995
PHY_EDGE_ROW_95_Left_204,VPWR,li1,10.8100,269.2800,1.799998
PHY_EDGE_ROW_94_Left_203,VPWR,li1,10.8100,269.2800,1.799998
PHY_EDGE_ROW_93_Left_202,VPWR,li1,10.8100,263.8400,1.799994
PHY_EDGE_ROW_92_Left_201,VPWR,li1,10.8100,263.8400,1.799994
PHY_EDGE_ROW_91_Left_200,VPWR,li1,10.8100,258.4000,1.799997
PHY_EDGE_ROW_90_Left_199,VPWR,li1,10.8100,258.4000,1.799997
PHY_EDGE_ROW_89_Left_198,VPWR,li1,10.8100,252.9600,1.799996
PHY_EDGE_ROW_88_Left_197,VPWR,li1,10.8100,252.9600,1.799996
PHY_EDGE_ROW_87_Left_196,VPWR,li1,10.8100,247.5200,1.799984
PHY_EDGE_ROW_86_Left_195,VPWR,li1,10.8100,247.5200,1.799984
PHY_EDGE_ROW_85_Left_194,VPWR,li1,10.8100,242.0800,1.799994
PHY_EDGE_ROW_84_Left_193,VPWR,li1,10.8100,242.0800,1.799994
PHY_EDGE_ROW_83_Left_192,VPWR,li1,10.8100,236.6400,1.799996
PHY_EDGE_ROW_82_Left_191,VPWR,li1,10.8100,236.6400,1.799996
PHY_EDGE_ROW_81_Left_190,VPWR,li1,10.8100,231.2000,1.799995
PHY_EDGE_ROW_80_Left_189,VPWR,li1,10.8100,231.2000,1.799995
PHY_EDGE_ROW_79_Left_188,VPWR,li1,10.8100,225.7600,1.799997
PHY_EDGE_ROW_78_Left_187,VPWR,li1,10.8100,225.7600,1.799997
PHY_EDGE_ROW_77_Left_186,VPWR,li1,10.8100,220.3200,1.799991
PHY_EDGE_ROW_76_Left_185,VPWR,li1,10.8100,220.3200,1.799991
PHY_EDGE_ROW_75_Left_184,VPWR,li1,10.8100,214.8800,1.799995
PHY_EDGE_ROW_74_Left_183,VPWR,li1,10.8100,214.8800,1.799995
PHY_EDGE_ROW_73_Left_182,VPWR,li1,10.8100,209.4400,1.799996
PHY_EDGE_ROW_72_Left_181,VPWR,li1,10.8100,209.4400,1.799996
PHY_EDGE_ROW_71_Left_180,VPWR,li1,10.8100,204.0000,1.799984
PHY_EDGE_ROW_70_Left_179,VPWR,li1,10.8100,204.0000,1.799984
PHY_EDGE_ROW_69_Left_178,VPWR,li1,10.8100,198.5600,1.799995
PHY_EDGE_ROW_68_Left_177,VPWR,li1,10.8100,198.5600,1.799995
PHY_EDGE_ROW_67_Left_176,VPWR,li1,10.8100,193.1200,1.799997
PHY_EDGE_ROW_66_Left_175,VPWR,li1,10.8100,193.1200,1.799997
PHY_EDGE_ROW_65_Left_174,VPWR,li1,10.8100,187.6800,1.799994
PHY_EDGE_ROW_64_Left_173,VPWR,li1,10.8100,187.6800,1.799994
PHY_EDGE_ROW_63_Left_172,VPWR,li1,10.8100,182.2400,1.799997
PHY_EDGE_ROW_62_Left_171,VPWR,li1,10.8100,182.2400,1.799997
PHY_EDGE_ROW_61_Left_170,VPWR,li1,10.8100,176.8000,1.799988
PHY_EDGE_ROW_60_Left_169,VPWR,li1,10.8100,176.8000,1.799988
PHY_EDGE_ROW_59_Left_168,VPWR,li1,10.8100,171.3600,1.799997
PHY_EDGE_ROW_58_Left_167,VPWR,li1,10.8100,171.3600,1.799997
PHY_EDGE_ROW_57_Left_166,VPWR,li1,10.8100,165.9200,1.799996
PHY_EDGE_ROW_56_Left_165,VPWR,li1,10.8100,165.9200,1.799996
PHY_EDGE_ROW_55_Left_164,VPWR,li1,10.8100,160.4800,1.799996
PHY_EDGE_ROW_54_Left_163,VPWR,li1,10.8100,160.4800,1.799996
PHY_EDGE_ROW_53_Left_162,VPWR,li1,10.8100,155.0400,1.799996
PHY_EDGE_ROW_52_Left_161,VPWR,li1,10.8100,155.0400,1.799996
PHY_EDGE_ROW_51_Left_160,VPWR,li1,10.8100,149.6000,1.799995
PHY_EDGE_ROW_50_Left_159,VPWR,li1,10.8100,149.6000,1.799995
PHY_EDGE_ROW_49_Left_158,VPWR,li1,10.8100,144.1600,1.799993
PHY_EDGE_ROW_48_Left_157,VPWR,li1,10.8100,144.1600,1.799993
PHY_EDGE_ROW_47_Left_156,VPWR,li1,10.8100,138.7200,1.799996
PHY_EDGE_ROW_46_Left_155,VPWR,li1,10.8100,138.7200,1.799996
PHY_EDGE_ROW_45_Left_154,VPWR,li1,10.8100,133.2800,1.799997
PHY_EDGE_ROW_44_Left_153,VPWR,li1,10.8100,133.2800,1.799997
PHY_EDGE_ROW_43_Left_152,VPWR,li1,10.8100,127.8400,1.799987
PHY_EDGE_ROW_42_Left_151,VPWR,li1,10.8100,127.8400,1.799987
PHY_EDGE_ROW_41_Left_150,VPWR,li1,10.8100,122.4000,1.799995
PHY_EDGE_ROW_40_Left_149,VPWR,li1,10.8100,122.4000,1.799995
PHY_EDGE_ROW_39_Left_148,VPWR,li1,10.8100,116.9600,1.799996
PHY_EDGE_ROW_38_Left_147,VPWR,li1,10.8100,116.9600,1.799996
PHY_EDGE_ROW_37_Left_146,VPWR,li1,10.8100,111.5200,1.799997
PHY_EDGE_ROW_36_Left_145,VPWR,li1,10.8100,111.5200,1.799997
PHY_EDGE_ROW_35_Left_144,VPWR,li1,10.8100,106.0800,1.799996
PHY_EDGE_ROW_34_Left_143,VPWR,li1,10.8100,106.0800,1.799996
PHY_EDGE_ROW_33_Left_142,VPWR,li1,10.8100,100.6400,1.799987
PHY_EDGE_ROW_32_Left_141,VPWR,li1,10.8100,100.6400,1.799987
PHY_EDGE_ROW_31_Left_140,VPWR,li1,10.8100,95.2000,1.799997
PHY_EDGE_ROW_30_Left_139,VPWR,li1,10.8100,95.2000,1.799997
PHY_EDGE_ROW_29_Left_138,VPWR,li1,10.8100,89.7600,1.799995
PHY_EDGE_ROW_28_Left_137,VPWR,li1,10.8100,89.7600,1.799995
PHY_EDGE_ROW_27_Left_136,VPWR,li1,10.8100,84.3200,1.799995
PHY_EDGE_ROW_26_Left_135,VPWR,li1,10.8100,84.3200,1.799995
PHY_EDGE_ROW_25_Left_134,VPWR,li1,10.8100,78.8800,1.799996
PHY_EDGE_ROW_24_Left_133,VPWR,li1,10.8100,78.8800,1.799996
PHY_EDGE_ROW_23_Left_132,VPWR,li1,10.8100,73.4400,1.799986
PHY_EDGE_ROW_22_Left_131,VPWR,li1,10.8100,73.4400,1.799986
PHY_EDGE_ROW_21_Left_130,VPWR,li1,10.8100,68.0000,1.799997
PHY_EDGE_ROW_20_Left_129,VPWR,li1,10.8100,68.0000,1.799997
PHY_EDGE_ROW_19_Left_128,VPWR,li1,10.8100,62.5600,1.799996
PHY_EDGE_ROW_18_Left_127,VPWR,li1,10.8100,62.5600,1.799996
PHY_EDGE_ROW_17_Left_126,VPWR,li1,10.8100,57.1200,1.799997
PHY_EDGE_ROW_16_Left_125,VPWR,li1,10.8100,57.1200,1.799997
PHY_EDGE_ROW_15_Left_124,VPWR,li1,10.8100,51.6800,1.799996
PHY_EDGE_ROW_14_Left_123,VPWR,li1,10.8100,51.6800,1.799996
PHY_EDGE_ROW_13_Left_122,VPWR,li1,10.8100,46.2400,1.799991
PHY_EDGE_ROW_12_Left_121,VPWR,li1,10.8100,46.2400,1.799991
PHY_EDGE_ROW_11_Left_120,VPWR,li1,10.8100,40.8000,1.799994
PHY_EDGE_ROW_10_Left_119,VPWR,li1,10.8100,40.8000,1.799994
PHY_EDGE_ROW_9_Left_118,VPWR,li1,10.8100,35.3600,1.799996
PHY_EDGE_ROW_8_Left_117,VPWR,li1,10.8100,35.3600,1.799996
PHY_EDGE_ROW_7_Left_116,VPWR,li1,10.8100,29.9200,1.799996
PHY_EDGE_ROW_6_Left_115,VPWR,li1,10.8100,29.9200,1.799996
PHY_EDGE_ROW_5_Left_114,VPWR,li1,10.8100,24.4800,1.799992
PHY_EDGE_ROW_4_Left_113,VPWR,li1,10.8100,24.4800,1.799992
PHY_EDGE_ROW_3_Left_112,VPWR,li1,10.8100,19.0400,1.799998
PHY_EDGE_ROW_2_Left_111,VPWR,li1,10.8100,19.0400,1.799998
PHY_EDGE_ROW_1_Left_110,VPWR,li1,10.8100,13.6000,1.799997
PHY_EDGE_ROW_0_Left_109,VPWR,li1,10.8100,13.6000,1.799997
PHY_EDGE_ROW_108_Right_108,VPWR,li1,308.8900,307.3600,1.800000
PHY_EDGE_ROW_107_Right_107,VPWR,li1,308.8900,301.9200,1.799996
PHY_EDGE_ROW_106_Right_106,VPWR,li1,308.8900,301.9200,1.799996
PHY_EDGE_ROW_105_Right_105,VPWR,li1,308.8900,296.4800,1.799995
PHY_EDGE_ROW_104_Right_104,VPWR,li1,308.8900,296.4800,1.799995
PHY_EDGE_ROW_103_Right_103,VPWR,li1,308.8900,291.0400,1.799996
PHY_EDGE_ROW_102_Right_102,VPWR,li1,308.8900,291.0400,1.799996
PHY_EDGE_ROW_101_Right_101,VPWR,li1,308.8900,285.6000,1.799978
PHY_EDGE_ROW_100_Right_100,VPWR,li1,308.8900,285.6000,1.799978
PHY_EDGE_ROW_99_Right_99,VPWR,li1,308.8900,280.1600,1.799994
PHY_EDGE_ROW_98_Right_98,VPWR,li1,308.8900,280.1600,1.799994
PHY_EDGE_ROW_97_Right_97,VPWR,li1,308.8900,274.7200,1.799989
PHY_EDGE_ROW_96_Right_96,VPWR,li1,308.8900,274.7200,1.799989
PHY_EDGE_ROW_95_Right_95,VPWR,li1,308.8900,269.2800,1.799992
PHY_EDGE_ROW_94_Right_94,VPWR,li1,308.8900,269.2800,1.799992
PHY_EDGE_ROW_93_Right_93,VPWR,li1,308.8900,263.8400,1.799993
PHY_EDGE_ROW_92_Right_92,VPWR,li1,308.8900,263.8400,1.799993
PHY_EDGE_ROW_91_Right_91,VPWR,li1,308.8900,258.4000,1.799992
PHY_EDGE_ROW_90_Right_90,VPWR,li1,308.8900,258.4000,1.799992
PHY_EDGE_ROW_89_Right_89,VPWR,li1,308.8900,252.9600,1.799990
PHY_EDGE_ROW_88_Right_88,VPWR,li1,308.8900,252.9600,1.799990
PHY_EDGE_ROW_87_Right_87,VPWR,li1,308.8900,247.5200,1.799966
PHY_EDGE_ROW_86_Right_86,VPWR,li1,308.8900,247.5200,1.799966
PHY_EDGE_ROW_85_Right_85,VPWR,li1,308.8900,242.0800,1.799993
PHY_EDGE_ROW_84_Right_84,VPWR,li1,308.8900,242.0800,1.799993
PHY_EDGE_ROW_83_Right_83,VPWR,li1,308.8900,236.6400,1.799992
PHY_EDGE_ROW_82_Right_82,VPWR,li1,308.8900,236.6400,1.799992
PHY_EDGE_ROW_81_Right_81,VPWR,li1,308.8900,231.2000,1.799991
PHY_EDGE_ROW_80_Right_80,VPWR,li1,308.8900,231.2000,1.799991
PHY_EDGE_ROW_79_Right_79,VPWR,li1,308.8900,225.7600,1.799991
PHY_EDGE_ROW_78_Right_78,VPWR,li1,308.8900,225.7600,1.799991
PHY_EDGE_ROW_77_Right_77,VPWR,li1,308.8900,220.3200,1.799983
PHY_EDGE_ROW_76_Right_76,VPWR,li1,308.8900,220.3200,1.799983
PHY_EDGE_ROW_75_Right_75,VPWR,li1,308.8900,214.8800,1.799989
PHY_EDGE_ROW_74_Right_74,VPWR,li1,308.8900,214.8800,1.799989
PHY_EDGE_ROW_73_Right_73,VPWR,li1,308.8900,209.4400,1.799993
PHY_EDGE_ROW_72_Right_72,VPWR,li1,308.8900,209.4400,1.799993
PHY_EDGE_ROW_71_Right_71,VPWR,li1,308.8900,204.0000,1.799997
PHY_EDGE_ROW_70_Right_70,VPWR,li1,308.8900,204.0000,1.799997
PHY_EDGE_ROW_69_Right_69,VPWR,li1,308.8900,198.5600,1.799993
PHY_EDGE_ROW_68_Right_68,VPWR,li1,308.8900,198.5600,1.799993
PHY_EDGE_ROW_67_Right_67,VPWR,li1,308.8900,193.1200,1.799998
PHY_EDGE_ROW_66_Right_66,VPWR,li1,308.8900,193.1200,1.799998
PHY_EDGE_ROW_65_Right_65,VPWR,li1,308.8900,187.6800,1.799991
PHY_EDGE_ROW_64_Right_64,VPWR,li1,308.8900,187.6800,1.799991
PHY_EDGE_ROW_63_Right_63,VPWR,li1,308.8900,182.2400,1.799982
PHY_EDGE_ROW_62_Right_62,VPWR,li1,308.8900,182.2400,1.799982
PHY_EDGE_ROW_61_Right_61,VPWR,li1,308.8900,176.8000,1.799998
PHY_EDGE_ROW_60_Right_60,VPWR,li1,308.8900,176.8000,1.799998
PHY_EDGE_ROW_59_Right_59,VPWR,li1,308.8900,171.3600,1.799994
PHY_EDGE_ROW_58_Right_58,VPWR,li1,308.8900,171.3600,1.799994
PHY_EDGE_ROW_57_Right_57,VPWR,li1,308.8900,165.9200,1.799996
PHY_EDGE_ROW_56_Right_56,VPWR,li1,308.8900,165.9200,1.799996
PHY_EDGE_ROW_55_Right_55,VPWR,li1,308.8900,160.4800,1.799998
PHY_EDGE_ROW_54_Right_54,VPWR,li1,308.8900,160.4800,1.799998
PHY_EDGE_ROW_53_Right_53,VPWR,li1,308.8900,155.0400,1.799996
PHY_EDGE_ROW_52_Right_52,VPWR,li1,308.8900,155.0400,1.799996
PHY_EDGE_ROW_51_Right_51,VPWR,li1,308.8900,149.6000,1.799999
PHY_EDGE_ROW_50_Right_50,VPWR,li1,308.8900,149.6000,1.799999
PHY_EDGE_ROW_49_Right_49,VPWR,li1,308.8900,144.1600,1.799994
PHY_EDGE_ROW_48_Right_48,VPWR,li1,308.8900,144.1600,1.799994
PHY_EDGE_ROW_47_Right_47,VPWR,li1,308.8900,138.7200,1.799986
PHY_EDGE_ROW_46_Right_46,VPWR,li1,308.8900,138.7200,1.799986
PHY_EDGE_ROW_45_Right_45,VPWR,li1,308.8900,133.2800,1.799996
PHY_EDGE_ROW_44_Right_44,VPWR,li1,308.8900,133.2800,1.799996
PHY_EDGE_ROW_43_Right_43,VPWR,li1,308.8900,127.8400,1.799994
PHY_EDGE_ROW_42_Right_42,VPWR,li1,308.8900,127.8400,1.799994
PHY_EDGE_ROW_41_Right_41,VPWR,li1,308.8900,122.4000,1.799995
PHY_EDGE_ROW_40_Right_40,VPWR,li1,308.8900,122.4000,1.799995
PHY_EDGE_ROW_39_Right_39,VPWR,li1,308.8900,116.9600,1.799996
PHY_EDGE_ROW_38_Right_38,VPWR,li1,308.8900,116.9600,1.799996
PHY_EDGE_ROW_37_Right_37,VPWR,li1,308.8900,111.5200,1.799999
PHY_EDGE_ROW_36_Right_36,VPWR,li1,308.8900,111.5200,1.799999
PHY_EDGE_ROW_35_Right_35,VPWR,li1,308.8900,106.0800,1.799994
PHY_EDGE_ROW_34_Right_34,VPWR,li1,308.8900,106.0800,1.799994
PHY_EDGE_ROW_33_Right_33,VPWR,li1,308.8900,100.6400,1.799998
PHY_EDGE_ROW_32_Right_32,VPWR,li1,308.8900,100.6400,1.799998
PHY_EDGE_ROW_31_Right_31,VPWR,li1,308.8900,95.2000,1.799992
PHY_EDGE_ROW_30_Right_30,VPWR,li1,308.8900,95.2000,1.799992
PHY_EDGE_ROW_29_Right_29,VPWR,li1,308.8900,89.7600,1.799997
PHY_EDGE_ROW_28_Right_28,VPWR,li1,308.8900,89.7600,1.799997
PHY_EDGE_ROW_27_Right_27,VPWR,li1,308.8900,84.3200,1.799998
PHY_EDGE_ROW_26_Right_26,VPWR,li1,308.8900,84.3200,1.799998
PHY_EDGE_ROW_25_Right_25,VPWR,li1,308.8900,78.8800,1.799997
PHY_EDGE_ROW_24_Right_24,VPWR,li1,308.8900,78.8800,1.799997
PHY_EDGE_ROW_23_Right_23,VPWR,li1,308.8900,73.4400,1.799997
PHY_EDGE_ROW_22_Right_22,VPWR,li1,308.8900,73.4400,1.799997
PHY_EDGE_ROW_21_Right_21,VPWR,li1,308.8900,68.0000,1.799997
PHY_EDGE_ROW_20_Right_20,VPWR,li1,308.8900,68.0000,1.799997
PHY_EDGE_ROW_19_Right_19,VPWR,li1,308.8900,62.5600,1.799990
PHY_EDGE_ROW_18_Right_18,VPWR,li1,308.8900,62.5600,1.799990
PHY_EDGE_ROW_17_Right_17,VPWR,li1,308.8900,57.1200,1.799998
PHY_EDGE_ROW_16_Right_16,VPWR,li1,308.8900,57.1200,1.799998
PHY_EDGE_ROW_15_Right_15,VPWR,li1,308.8900,51.6800,1.799998
PHY_EDGE_ROW_14_Right_14,VPWR,li1,308.8900,51.6800,1.799998
PHY_EDGE_ROW_13_Right_13,VPWR,li1,308.8900,46.2400,1.799997
PHY_EDGE_ROW_12_Right_12,VPWR,li1,308.8900,46.2400,1.799997
PHY_EDGE_ROW_11_Right_11,VPWR,li1,308.8900,40.8000,1.799999
PHY_EDGE_ROW_10_Right_10,VPWR,li1,308.8900,40.8000,1.799999
PHY_EDGE_ROW_9_Right_9,VPWR,li1,308.8900,35.3600,1.799999
PHY_EDGE_ROW_8_Right_8,VPWR,li1,308.8900,35.3600,1.799999
PHY_EDGE_ROW_7_Right_7,VPWR,li1,308.8900,29.9200,1.799999
PHY_EDGE_ROW_6_Right_6,VPWR,li1,308.8900,29.9200,1.799999
PHY_EDGE_ROW_5_Right_5,VPWR,li1,308.8900,24.4800,1.800000
PHY_EDGE_ROW_4_Right_4,VPWR,li1,308.8900,24.4800,1.800000
PHY_EDGE_ROW_3_Right_3,VPWR,li1,308.8900,19.0400,1.800000
PHY_EDGE_ROW_2_Right_2,VPWR,li1,308.8900,19.0400,1.800000
PHY_EDGE_ROW_1_Right_1,VPWR,li1,308.8900,13.6000,1.800000
PHY_EDGE_ROW_0_Right_0,VPWR,li1,308.8900,13.6000,1.800000
_7412_,VPWR,li1,253.4600,19.0400,1.799998
_7406_,VPWR,li1,125.8100,263.8400,1.799997
_7405_,VPWR,li1,134.0900,274.7200,1.799996
_7404_,VPWR,li1,129.4900,280.1600,1.799996
_7403_,VPWR,li1,126.2700,296.4800,1.799988
_7402_,VPWR,li1,134.0900,269.2800,1.799998
_7401_,VPWR,li1,137.3100,252.9600,1.799980
_7400_,VPWR,li1,142.3700,242.0800,1.799992
_7399_,VPWR,li1,133.1700,291.0400,1.799997
_7398_,VPWR,li1,131.7900,187.6800,1.799995
_7397_,VPWR,li1,134.5500,225.7600,1.799997
_7396_,VPWR,li1,143.7500,204.0000,1.799996
_7395_,VPWR,li1,137.3100,231.2000,1.799995
_7394_,VPWR,li1,134.0900,204.0000,1.799998
_7393_,VPWR,li1,136.8500,214.8800,1.799997
_7392_,VPWR,li1,145.1300,176.8000,1.799996
_7391_,VPWR,li1,124.8900,182.2400,1.799995
_7390_,VPWR,li1,136.8500,182.2400,1.799997
_7389_,VPWR,li1,158.9300,160.4800,1.799958
_7388_,VPWR,li1,146.5100,149.6000,1.799993
_7387_,VPWR,li1,158.4700,127.8400,1.799996
_7386_,VPWR,li1,136.3900,149.6000,1.799995
_7385_,VPWR,li1,146.9700,138.7200,1.799995
_7384_,VPWR,li1,165.8300,122.4000,1.799993
_7383_,VPWR,li1,156.1700,106.0800,1.799995
_7382_,VPWR,li1,163.9900,78.8800,1.799996
_7381_,VPWR,li1,152.4900,68.0000,1.799996
_7380_,VPWR,li1,170.4300,73.4400,1.799996
_7379_,VPWR,li1,168.5900,68.0000,1.799996
_7378_,VPWR,li1,124.4300,95.2000,1.799996
_7377_,VPWR,li1,163.5300,106.0800,1.799997
_7376_,VPWR,li1,170.8900,95.2000,1.799995
_7375_,VPWR,li1,150.6500,100.6400,1.799995
_7374_,VPWR,li1,273.4700,263.8400,1.799995
_7373_,VPWR,li1,273.4700,274.7200,1.799990
_7372_,VPWR,li1,224.2500,274.7200,1.799991
_7371_,VPWR,li1,224.2500,285.6000,1.799997
_7370_,VPWR,li1,219.1900,258.4000,1.799997
_7369_,VPWR,li1,144.2100,274.7200,1.799994
_7368_,VPWR,li1,275.7700,242.0800,1.799994
_7367_,VPWR,li1,137.3100,285.6000,1.799996
_7366_,VPWR,li1,245.4100,225.7600,1.799993
_7365_,VPWR,li1,275.7700,209.4400,1.799992
_7364_,VPWR,li1,273.0100,187.6800,1.799985
_7363_,VPWR,li1,242.1900,236.6400,1.799988
_7362_,VPWR,li1,219.6500,198.5600,1.799994
_7361_,VPWR,li1,262.8900,198.5600,1.799994
_7360_,VPWR,li1,264.7300,171.3600,1.799992
_7359_,VPWR,li1,273.0100,171.3600,1.799992
_7358_,VPWR,li1,262.8900,160.4800,1.799994
_7357_,VPWR,li1,190.6700,155.0400,1.799997
_7356_,VPWR,li1,264.2700,155.0400,1.799995
_7355_,VPWR,li1,273.4700,100.6400,1.799995
_7354_,VPWR,li1,269.7900,138.7200,1.799986
_7353_,VPWR,li1,273.0100,144.1600,1.799992
_7352_,VPWR,li1,253.2300,106.0800,1.799994
_7351_,VPWR,li1,262.8900,106.0800,1.799993
_7350_,VPWR,li1,259.6700,51.6800,1.799994
_7349_,VPWR,li1,234.3700,29.9200,1.799986
_7348_,VPWR,li1,256.4500,35.3600,1.799996
_7347_,VPWR,li1,246.7900,35.3600,1.799995
_7346_,VPWR,li1,274.8500,95.2000,1.799982
_7345_,VPWR,li1,210.9100,78.8800,1.799994
_7344_,VPWR,li1,237.1300,89.7600,1.799986
_7343_,VPWR,li1,170.8900,84.3200,1.799996
_7342_,VPWR,li1,301.5300,263.8400,1.799993
_7341_,VPWR,li1,287.2700,274.7200,1.799992
_7340_,VPWR,li1,280.3700,269.2800,1.799991
_7339_,VPWR,li1,238.9700,285.6000,1.799993
_7338_,VPWR,li1,301.0700,252.9600,1.799990
_7337_,VPWR,li1,152.0300,269.2800,1.799996
_7336_,VPWR,li1,295.5500,242.0800,1.799993
_7335_,VPWR,li1,146.9700,285.6000,1.799995
_7334_,VPWR,li1,276.2300,225.7600,1.799992
_7333_,VPWR,li1,296.4700,209.4400,1.799993
_7332_,VPWR,li1,282.6700,187.6800,1.799990
_7331_,VPWR,li1,299.2300,225.7600,1.799991
_7330_,VPWR,li1,279.9100,193.1200,1.799996
_7329_,VPWR,li1,273.0100,198.5600,1.799993
_7328_,VPWR,li1,282.6700,171.3600,1.799994
_7327_,VPWR,li1,279.4500,176.8000,1.799997
_7326_,VPWR,li1,273.9300,165.9200,1.799994
_7325_,VPWR,li1,195.7300,138.7200,1.799996
_7324_,VPWR,li1,275.7700,155.0400,1.799994
_7323_,VPWR,li1,285.4300,116.9600,1.799996
_7322_,VPWR,li1,280.8300,133.2800,1.799995
_7321_,VPWR,li1,282.6700,144.1600,1.799994
_7320_,VPWR,li1,242.1900,106.0800,1.799993
_7319_,VPWR,li1,274.8500,106.0800,1.799992
_7318_,VPWR,li1,265.6500,57.1200,1.799995
_7317_,VPWR,li1,249.5500,24.4800,1.799997
_7316_,VPWR,li1,264.7300,35.3600,1.799995
_7315_,VPWR,li1,250.0100,29.9200,1.799992
_7314_,VPWR,li1,272.5500,84.3200,1.799996
_7313_,VPWR,li1,249.5500,73.4400,1.799995
_7312_,VPWR,li1,236.2100,100.6400,1.799994
_7311_,VPWR,li1,176.4100,84.3200,1.799995
_7310_,VPWR,li1,295.0900,258.4000,1.799992
_7309_,VPWR,li1,300.6100,274.7200,1.799989
_7308_,VPWR,li1,294.1700,280.1600,1.799994
_7307_,VPWR,li1,297.8500,285.6000,1.799978
_7306_,VPWR,li1,301.5300,247.5200,1.799966
_7305_,VPWR,li1,293.7100,269.2800,1.799992
_7304_,VPWR,li1,302.9100,236.6400,1.799992
_7303_,VPWR,li1,288.1900,285.6000,1.799980
_7302_,VPWR,li1,293.2500,220.3200,1.799983
_7301_,VPWR,li1,291.4100,214.8800,1.799991
_7300_,VPWR,li1,289.1100,187.6800,1.799991
_7299_,VPWR,li1,298.7700,231.2000,1.799991
_7298_,VPWR,li1,293.7100,198.5600,1.799993
_7297_,VPWR,li1,287.2700,204.0000,1.799997
_7296_,VPWR,li1,288.6500,171.3600,1.799994
_7295_,VPWR,li1,288.1900,182.2400,1.799982
_7294_,VPWR,li1,286.8100,165.9200,1.799996
_7293_,VPWR,li1,270.2500,160.4800,1.799994
_7292_,VPWR,li1,286.8100,155.0400,1.799996
_7291_,VPWR,li1,288.6500,122.4000,1.799995
_7290_,VPWR,li1,287.2700,133.2800,1.799996
_7289_,VPWR,li1,287.2700,144.1600,1.799994
_7288_,VPWR,li1,275.7700,116.9600,1.799995
_7287_,VPWR,li1,284.5100,106.0800,1.799994
_7286_,VPWR,li1,273.0100,57.1200,1.799995
_7285_,VPWR,li1,241.7300,19.0400,1.799994
_7284_,VPWR,li1,260.1300,29.9200,1.799994
_7283_,VPWR,li1,266.1100,40.8000,1.799995
_7282_,VPWR,li1,262.8900,78.8800,1.799994
_7281_,VPWR,li1,241.7300,68.0000,1.799995
_7280_,VPWR,li1,232.5300,106.0800,1.799995
_7279_,VPWR,li1,193.8900,73.4400,1.799997
_7278_,VPWR,li1,237.1300,258.4000,1.799996
_7277_,VPWR,li1,250.0100,274.7200,1.799981
_7276_,VPWR,li1,211.3700,296.4800,1.799997
_7275_,VPWR,li1,243.5700,301.9200,1.799991
_7274_,VPWR,li1,168.1300,291.0400,1.799998
_7273_,VPWR,li1,137.7700,263.8400,1.799997
_7272_,VPWR,li1,237.1300,247.5200,1.799993
_7271_,VPWR,li1,144.6700,301.9200,1.799991
_7270_,VPWR,li1,267.9500,231.2000,1.799994
_7269_,VPWR,li1,221.4900,231.2000,1.799996
_7268_,VPWR,li1,204.4700,187.6800,1.799985
_7267_,VPWR,li1,208.6100,231.2000,1.799995
_7266_,VPWR,li1,208.6100,198.5600,1.799994
_7265_,VPWR,li1,210.9100,204.0000,1.799997
_7264_,VPWR,li1,195.7300,171.3600,1.799997
_7263_,VPWR,li1,182.8500,187.6800,1.799982
_7262_,VPWR,li1,205.8500,165.9200,1.799995
_7261_,VPWR,li1,195.2700,165.9200,1.799996
_7260_,VPWR,li1,202.1700,144.1600,1.799995
_7259_,VPWR,li1,199.4100,122.4000,1.799985
_7258_,VPWR,li1,209.0700,122.4000,1.799979
_7257_,VPWR,li1,180.0900,138.7200,1.799993
_7256_,VPWR,li1,184.6900,111.5200,1.799992
_7255_,VPWR,li1,195.7300,111.5200,1.799995
_7254_,VPWR,li1,228.8500,51.6800,1.799996
_7253_,VPWR,li1,210.9100,29.9200,1.799985
_7252_,VPWR,li1,208.6100,24.4800,1.799995
_7251_,VPWR,li1,217.3500,51.6800,1.799996
_7250_,VPWR,li1,260.1300,84.3200,1.799996
_7249_,VPWR,li1,226.0900,62.5600,1.799995
_7248_,VPWR,li1,200.7900,100.6400,1.799992
_7247_,VPWR,li1,192.0500,100.6400,1.799993
_7246_,VPWR,li1,232.5300,263.8400,1.799995
_7245_,VPWR,li1,282.6700,280.1600,1.799995
_7244_,VPWR,li1,227.9300,291.0400,1.799997
_7243_,VPWR,li1,260.5900,301.9200,1.799992
_7242_,VPWR,li1,173.1900,280.1600,1.799982
_7241_,VPWR,li1,161.2300,274.7200,1.799995
_7240_,VPWR,li1,285.8900,242.0800,1.799995
_7239_,VPWR,li1,163.5300,301.9200,1.799994
_7238_,VPWR,li1,286.3500,225.7600,1.799994
_7237_,VPWR,li1,214.1300,214.8800,1.799995
_7236_,VPWR,li1,216.8900,187.6800,1.799981
_7235_,VPWR,li1,286.8100,231.2000,1.799995
_7234_,VPWR,li1,227.4700,198.5600,1.799995
_7233_,VPWR,li1,250.0100,204.0000,1.799996
_7232_,VPWR,li1,253.2300,171.3600,1.799994
_7231_,VPWR,li1,260.1300,182.2400,1.799989
_7230_,VPWR,li1,217.8100,171.3600,1.799994
_7229_,VPWR,li1,211.3700,171.3600,1.799994
_7228_,VPWR,li1,224.2500,155.0400,1.799998
_7227_,VPWR,li1,275.7700,127.8400,1.799991
_7226_,VPWR,li1,262.8900,127.8400,1.799992
_7225_,VPWR,li1,187.4500,149.6000,1.799995
_7224_,VPWR,li1,262.8900,111.5200,1.799997
_7223_,VPWR,li1,224.2500,100.6400,1.799995
_7222_,VPWR,li1,272.0900,68.0000,1.799993
_7221_,VPWR,li1,214.1300,19.0400,1.799994
_7220_,VPWR,li1,204.0100,13.6000,1.799996
_7219_,VPWR,li1,237.1300,13.6000,1.799994
_7218_,VPWR,li1,262.8900,89.7600,1.799993
_7217_,VPWR,li1,276.6900,68.0000,1.799994
_7216_,VPWR,li1,215.9700,84.3200,1.799996
_7215_,VPWR,li1,81.1900,95.2000,1.799996
_7214_,VPWR,li1,242.1900,263.8400,1.799994
_7213_,VPWR,li1,273.0100,280.1600,1.799995
_7212_,VPWR,li1,227.4700,301.9200,1.799994
_7211_,VPWR,li1,119.8300,285.6000,1.799996
_7210_,VPWR,li1,121.2100,274.7200,1.799996
_7209_,VPWR,li1,157.0900,252.9600,1.799984
_7208_,VPWR,li1,248.1700,242.0800,1.799995
_7207_,VPWR,li1,158.9300,280.1600,1.799991
_7206_,VPWR,li1,204.4700,220.3200,1.799996
_7205_,VPWR,li1,192.9700,225.7600,1.799988
_7204_,VPWR,li1,179.6300,193.1200,1.799994
_7203_,VPWR,li1,213.2100,242.0800,1.799995
_7202_,VPWR,li1,188.8300,209.4400,1.799991
_7201_,VPWR,li1,195.7300,214.8800,1.799996
_7200_,VPWR,li1,182.8500,176.8000,1.799995
_7199_,VPWR,li1,198.9500,182.2400,1.799995
_7198_,VPWR,li1,170.8900,165.9200,1.799995
_7197_,VPWR,li1,171.8100,160.4800,1.799978
_7196_,VPWR,li1,168.1300,149.6000,1.799995
_7195_,VPWR,li1,185.6100,127.8400,1.799994
_7194_,VPWR,li1,214.1300,144.1600,1.799994
_7193_,VPWR,li1,205.3900,138.7200,1.799995
_7192_,VPWR,li1,170.4300,122.4000,1.799991
_7191_,VPWR,li1,172.2700,116.9600,1.799993
_7190_,VPWR,li1,260.1300,68.0000,1.799994
_7189_,VPWR,li1,131.3300,73.4400,1.799998
_7188_,VPWR,li1,121.2100,57.1200,1.799988
_7187_,VPWR,li1,213.6700,57.1200,1.799994
_7186_,VPWR,li1,254.1500,95.2000,1.799990
_7185_,VPWR,li1,184.6900,100.6400,1.799992
_7184_,VPWR,li1,172.7300,100.6400,1.799994
_7183_,VPWR,li1,153.4100,95.2000,1.799995
_7182_,VPWR,li1,253.2300,252.9600,1.799996
_7181_,VPWR,li1,250.0100,285.6000,1.799993
_7180_,VPWR,li1,211.3700,291.0400,1.799996
_7179_,VPWR,li1,250.0100,296.4800,1.799996
_7178_,VPWR,li1,187.9100,274.7200,1.799995
_7177_,VPWR,li1,158.9300,258.4000,1.799996
_7176_,VPWR,li1,248.6300,247.5200,1.799993
_7175_,VPWR,li1,158.4700,296.4800,1.799991
_7174_,VPWR,li1,269.3300,214.8800,1.799993
_7173_,VPWR,li1,250.0100,214.8800,1.799995
_7172_,VPWR,li1,254.6100,193.1200,1.799996
_7171_,VPWR,li1,234.3700,242.0800,1.799994
_7170_,VPWR,li1,241.2700,198.5600,1.799994
_7169_,VPWR,li1,259.6700,204.0000,1.799996
_7168_,VPWR,li1,229.7700,165.9200,1.799995
_7167_,VPWR,li1,236.6700,182.2400,1.799992
_7166_,VPWR,li1,237.1300,160.4800,1.799992
_7165_,VPWR,li1,215.0500,149.6000,1.799996
_7164_,VPWR,li1,249.5500,160.4800,1.799993
_7163_,VPWR,li1,252.3100,127.8400,1.799994
_7162_,VPWR,li1,228.8500,144.1600,1.799994
_7161_,VPWR,li1,252.3100,144.1600,1.799995
_7160_,VPWR,li1,235.7500,111.5200,1.799996
_7159_,VPWR,li1,218.7300,116.9600,1.799983
_7158_,VPWR,li1,250.0100,51.6800,1.799995
_7157_,VPWR,li1,232.5300,19.0400,1.799994
_7156_,VPWR,li1,197.1100,24.4800,1.799997
_7155_,VPWR,li1,230.6900,46.2400,1.799989
_7154_,VPWR,li1,244.0300,89.7600,1.799988
_7153_,VPWR,li1,217.8100,73.4400,1.799996
_7152_,VPWR,li1,215.9700,100.6400,1.799992
_7151_,VPWR,li1,186.0700,95.2000,1.799994
_7150_,VPWR,li1,260.1300,269.2800,1.799986
_7149_,VPWR,li1,267.9500,285.6000,1.799987
_7148_,VPWR,li1,216.8900,301.9200,1.799994
_7147_,VPWR,li1,253.2300,301.9200,1.799993
_7146_,VPWR,li1,185.6100,263.8400,1.799996
_7145_,VPWR,li1,146.9700,258.4000,1.799995
_7144_,VPWR,li1,267.9500,236.6400,1.799993
_7143_,VPWR,li1,156.1700,301.9200,1.799992
_7142_,VPWR,li1,267.4900,225.7600,1.799992
_7141_,VPWR,li1,214.1300,225.7600,1.799984
_7140_,VPWR,li1,246.3300,193.1200,1.799994
_7139_,VPWR,li1,231.6100,220.3200,1.799995
_7138_,VPWR,li1,229.3100,193.1200,1.799996
_7137_,VPWR,li1,223.7900,214.8800,1.799996
_7136_,VPWR,li1,236.2100,176.8000,1.799996
_7135_,VPWR,li1,223.7900,182.2400,1.799995
_7134_,VPWR,li1,221.4900,176.8000,1.799997
_7133_,VPWR,li1,215.0500,160.4800,1.799986
_7132_,VPWR,li1,253.2300,149.6000,1.799997
_7131_,VPWR,li1,250.0100,133.2800,1.799993
_7130_,VPWR,li1,221.4900,127.8400,1.799994
_7129_,VPWR,li1,247.2500,138.7200,1.799994
_7128_,VPWR,li1,247.2500,122.4000,1.799975
_7127_,VPWR,li1,208.6100,116.9600,1.799969
_7126_,VPWR,li1,253.2300,62.5600,1.799993
_7125_,VPWR,li1,215.5100,29.9200,1.799983
_7124_,VPWR,li1,193.4300,35.3600,1.799998
_7123_,VPWR,li1,226.5500,24.4800,1.799997
_7122_,VPWR,li1,252.3100,78.8800,1.799996
_7121_,VPWR,li1,216.8900,68.0000,1.799995
_7120_,VPWR,li1,210.4500,100.6400,1.799991
_7119_,VPWR,li1,199.8700,78.8800,1.799994
_7118_,VPWR,li1,288.6500,258.4000,1.799994
_7117_,VPWR,li1,275.3100,291.0400,1.799996
_7116_,VPWR,li1,211.3700,274.7200,1.799990
_7115_,VPWR,li1,267.9500,296.4800,1.799994
_7114_,VPWR,li1,267.9500,252.9600,1.799994
_7113_,VPWR,li1,175.4900,269.2800,1.799995
_7112_,VPWR,li1,270.2500,247.5200,1.799985
_7111_,VPWR,li1,169.9700,301.9200,1.799994
_7110_,VPWR,li1,280.8300,220.3200,1.799980
_7109_,VPWR,li1,283.1300,214.8800,1.799994
_7108_,VPWR,li1,260.5900,187.6800,1.799981
_7107_,VPWR,li1,298.7700,214.8800,1.799989
_7106_,VPWR,li1,286.8100,198.5600,1.799995
_7105_,VPWR,li1,274.8500,209.4400,1.799992
_7104_,VPWR,li1,243.5700,165.9200,1.799994
_7103_,VPWR,li1,250.9300,182.2400,1.799992
_7102_,VPWR,li1,217.8100,122.4000,1.799983
_7101_,VPWR,li1,227.9300,133.2800,1.799987
_7100_,VPWR,li1,243.1100,149.6000,1.799996
_7099_,VPWR,li1,280.3700,127.8400,1.799992
_7098_,VPWR,li1,234.3700,127.8400,1.799993
_7097_,VPWR,li1,262.8900,144.1600,1.799993
_7096_,VPWR,li1,288.1900,127.8400,1.799994
_7095_,VPWR,li1,286.3500,106.0800,1.799994
_7094_,VPWR,li1,260.1300,73.4400,1.799994
_7093_,VPWR,li1,222.8700,19.0400,1.799995
_7092_,VPWR,li1,222.4100,13.6000,1.799995
_7091_,VPWR,li1,232.0700,13.6000,1.799994
_7090_,VPWR,li1,281.2900,78.8800,1.799996
_7089_,VPWR,li1,278.9900,73.4400,1.799994
_7088_,VPWR,li1,227.0100,89.7600,1.799985
_7087_,VPWR,li1,265.1900,51.6800,1.799994
_7086_,VPWR,li1,123.9700,252.9600,1.799989
_7085_,VPWR,li1,131.3300,301.9200,1.799992
_7084_,VPWR,li1,116.6100,301.9200,1.799990
_7083_,VPWR,li1,97.2900,301.9200,1.799992
_7082_,VPWR,li1,105.5700,301.9200,1.799993
_7081_,VPWR,li1,122.1300,301.9200,1.799990
_7080_,VPWR,li1,129.4900,247.5200,1.799995
_7079_,VPWR,li1,108.3300,301.9200,1.799992
_7078_,VPWR,li1,111.5500,242.0800,1.799982
_7077_,VPWR,li1,121.2100,242.0800,1.799986
_7076_,VPWR,li1,127.1900,209.4400,1.799997
_7075_,VPWR,li1,129.4900,231.2000,1.799996
_7074_,VPWR,li1,137.3100,198.5600,1.799997
_7073_,VPWR,li1,125.8100,193.1200,1.799995
_7072_,VPWR,li1,121.2100,176.8000,1.799996
_7071_,VPWR,li1,121.2100,187.6800,1.799994
_7070_,VPWR,li1,118.4500,171.3600,1.799996
_7069_,VPWR,li1,125.3500,149.6000,1.799995
_7068_,VPWR,li1,118.4500,144.1600,1.799997
_7067_,VPWR,li1,186.0700,122.4000,1.799990
_7066_,VPWR,li1,118.4500,138.7200,1.799997
_7065_,VPWR,li1,118.4500,122.4000,1.799993
_7064_,VPWR,li1,121.6700,116.9600,1.799992
_7063_,VPWR,li1,124.4300,106.0800,1.799996
_7062_,VPWR,li1,184.6900,57.1200,1.799993
_7061_,VPWR,li1,193.8900,19.0400,1.799997
_7060_,VPWR,li1,98.6700,13.6000,1.799996
_7059_,VPWR,li1,100.5100,19.0400,1.799997
_7058_,VPWR,li1,178.2500,73.4400,1.799995
_7057_,VPWR,li1,181.9300,68.0000,1.799995
_7056_,VPWR,li1,128.1100,57.1200,1.799986
_7055_,VPWR,li1,190.6700,78.8800,1.799995
_7054_,VPWR,li1,204.4700,263.8400,1.799995
_7053_,VPWR,li1,195.7300,280.1600,1.799987
_7052_,VPWR,li1,182.8500,280.1600,1.799974
_7051_,VPWR,li1,221.4900,247.5200,1.799996
_7050_,VPWR,li1,197.5700,236.6400,1.799985
_7049_,VPWR,li1,183.3100,214.8800,1.799996
_7048_,VPWR,li1,179.1700,231.2000,1.799996
_7047_,VPWR,li1,152.4900,225.7600,1.799995
_7046_,VPWR,li1,172.7300,209.4400,1.799993
_7045_,VPWR,li1,162.6100,171.3600,1.799997
_7044_,VPWR,li1,178.2500,182.2400,1.799996
_7043_,VPWR,li1,172.7300,176.8000,1.799995
_7042_,VPWR,li1,162.6100,165.9200,1.799996
_7041_,VPWR,li1,164.4500,155.0400,1.799998
_7040_,VPWR,li1,161.6900,133.2800,1.799988
_7039_,VPWR,li1,154.3300,149.6000,1.799993
_7038_,VPWR,li1,158.4700,138.7200,1.799994
_7037_,VPWR,li1,258.7500,116.9600,1.799995
_7036_,VPWR,li1,159.3900,111.5200,1.799984
_7035_,VPWR,li1,169.9700,57.1200,1.799993
_7034_,VPWR,li1,203.5500,68.0000,1.799995
_7033_,VPWR,li1,195.7300,62.5600,1.799987
_7032_,VPWR,li1,255.0700,40.8000,1.799996
_7031_,VPWR,li1,265.1900,100.6400,1.799995
_7030_,VPWR,li1,269.7900,73.4400,1.799993
_7029_,VPWR,li1,196.6500,95.2000,1.799996
_7028_,VPWR,li1,153.4100,78.8800,1.799996
_7027_,VPWR,li1,234.3700,274.7200,1.799987
_7026_,VPWR,li1,237.1300,301.9200,1.799991
_7025_,VPWR,li1,208.6100,274.7200,1.799990
_7024_,VPWR,li1,222.4100,263.8400,1.799995
_7023_,VPWR,li1,228.8500,252.9600,1.799995
_7022_,VPWR,li1,134.0900,301.9200,1.799993
_7021_,VPWR,li1,193.8900,193.1200,1.799996
_7020_,VPWR,li1,227.4700,242.0800,1.799995
_7019_,VPWR,li1,144.2100,220.3200,1.799983
_7018_,VPWR,li1,235.2900,209.4400,1.799988
_7017_,VPWR,li1,212.7500,182.2400,1.799994
_7016_,VPWR,li1,206.7700,127.8400,1.799993
_7015_,VPWR,li1,203.0900,57.1200,1.799994
_7014_,VPWR,li1,197.1100,127.8400,1.799995
_7013_,VPWR,li1,223.7900,144.1600,1.799995
_7012_,VPWR,li1,170.4300,138.7200,1.799994
_7011_,VPWR,li1,236.2100,84.3200,1.799996
_7010_,VPWR,li1,72.4500,301.9200,1.799995
_7009_,VPWR,li1,64.1700,301.9200,1.799993
_7008_,VPWR,li1,276.6900,296.4800,1.799994
_7007_,VPWR,li1,262.8900,301.9200,1.799992
_7006_,VPWR,li1,288.6500,301.9200,1.799996
_7005_,VPWR,li1,290.4900,296.4800,1.799995
_7004_,VPWR,li1,288.6500,291.0400,1.799996
_7003_,VPWR,li1,290.4900,252.9600,1.799993
_7002_,VPWR,li1,281.2900,247.5200,1.799981
_7001_,VPWR,li1,278.9900,258.4000,1.799995
_7000_,VPWR,li1,209.9900,252.9600,1.799994
_6999_,VPWR,li1,202.6300,252.9600,1.799995
_6998_,VPWR,li1,151.5700,242.0800,1.799993
_6997_,VPWR,li1,150.1900,231.2000,1.799994
_6996_,VPWR,li1,164.9100,236.6400,1.799997
_6995_,VPWR,li1,149.7300,209.4400,1.799995
_6994_,VPWR,li1,151.5700,198.5600,1.799995
_6993_,VPWR,li1,169.9700,198.5600,1.799996
_6992_,VPWR,li1,169.9700,193.1200,1.799994
_6991_,VPWR,li1,149.7300,193.1200,1.799994
_6990_,VPWR,li1,138.6900,193.1200,1.799995
_6989_,VPWR,li1,136.8500,171.3600,1.799997
_6988_,VPWR,li1,132.7100,165.9200,1.799996
_6987_,VPWR,li1,129.9500,165.9200,1.799996
_6986_,VPWR,li1,128.1100,133.2800,1.799996
_6985_,VPWR,li1,127.6500,122.4000,1.799993
_6984_,VPWR,li1,137.3100,111.5200,1.799986
_6983_,VPWR,li1,157.5500,13.6000,1.799997
_6982_,VPWR,li1,146.9700,57.1200,1.799986
_6981_,VPWR,li1,121.2100,29.9200,1.799996
_6980_,VPWR,li1,132.7100,100.6400,1.799997
_6979_,VPWR,li1,144.2100,122.4000,1.799993
_6978_,VPWR,li1,40.2500,84.3200,1.799993
_6977_,VPWR,li1,43.9300,24.4800,1.799984
_6976_,VPWR,li1,23.2300,187.6800,1.799991
_6975_,VPWR,li1,47.1500,13.6000,1.799992
_6974_,VPWR,li1,24.1500,198.5600,1.799992
_6973_,VPWR,li1,15.4100,84.3200,1.799995
_6972_,VPWR,li1,57.2700,29.9200,1.799981
_6971_,VPWR,li1,15.4100,187.6800,1.799994
_6970_,VPWR,li1,62.7900,19.0400,1.799995
_6969_,VPWR,li1,19.0900,198.5600,1.799994
_6968_,VPWR,li1,15.4100,225.7600,1.799997
_6967_,VPWR,li1,24.1500,13.6000,1.799993
_6966_,VPWR,li1,27.3700,247.5200,1.799974
_6965_,VPWR,li1,49.9100,242.0800,1.799979
_6964_,VPWR,li1,40.2500,35.3600,1.799992
_6963_,VPWR,li1,16.3300,89.7600,1.799995
_6962_,VPWR,li1,15.4100,231.2000,1.799994
_6961_,VPWR,li1,31.9700,13.6000,1.799992
_6960_,VPWR,li1,15.4100,247.5200,1.799984
_6959_,VPWR,li1,36.5700,247.5200,1.799981
_6958_,VPWR,li1,37.4900,51.6800,1.799994
_6957_,VPWR,li1,29.2100,89.7600,1.799990
_6956_,VPWR,li1,20.9300,220.3200,1.799986
_6955_,VPWR,li1,22.7700,19.0400,1.799995
_6954_,VPWR,li1,27.3700,252.9600,1.799992
_6953_,VPWR,li1,43.9300,252.9600,1.799996
_6952_,VPWR,li1,35.6500,35.3600,1.799991
_6951_,VPWR,li1,34.7300,95.2000,1.799995
_6950_,VPWR,li1,15.4100,220.3200,1.799991
_6949_,VPWR,li1,40.2500,19.0400,1.799995
_6948_,VPWR,li1,16.3300,247.5200,1.799984
_6947_,VPWR,li1,37.0300,242.0800,1.799985
_6946_,VPWR,li1,43.4700,46.2400,1.799988
_6945_,VPWR,li1,16.3300,95.2000,1.799997
_6944_,VPWR,li1,53.1300,252.9600,1.799995
_6943_,VPWR,li1,48.5300,291.0400,1.799991
_6942_,VPWR,li1,40.2500,225.7600,1.799995
_6941_,VPWR,li1,30.1300,291.0400,1.799994
_6940_,VPWR,li1,58.1900,280.1600,1.799989
_6939_,VPWR,li1,29.6700,280.1600,1.799975
_6938_,VPWR,li1,35.1900,269.2800,1.799993
_6937_,VPWR,li1,54.5100,296.4800,1.799994
_6936_,VPWR,li1,51.7500,144.1600,1.799984
_6935_,VPWR,li1,51.7500,220.3200,1.799983
_6934_,VPWR,li1,62.3300,242.0800,1.799978
_6933_,VPWR,li1,49.4500,231.2000,1.799995
_6932_,VPWR,li1,54.5100,204.0000,1.799991
_6931_,VPWR,li1,69.2300,187.6800,1.799994
_6930_,VPWR,li1,63.7100,40.8000,1.799994
_6929_,VPWR,li1,48.9900,106.0800,1.799993
_6928_,VPWR,li1,60.4900,160.4800,1.799994
_6927_,VPWR,li1,65.5500,176.8000,1.799991
_6926_,VPWR,li1,42.0900,165.9200,1.799995
_6925_,VPWR,li1,67.8500,35.3600,1.799995
_6924_,VPWR,li1,60.4900,144.1600,1.799987
_6923_,VPWR,li1,45.3100,214.8800,1.799992
_6922_,VPWR,li1,54.5100,127.8400,1.799992
_6921_,VPWR,li1,57.7300,111.5200,1.799995
_6920_,VPWR,li1,48.5300,35.3600,1.799994
_6919_,VPWR,li1,58.6500,106.0800,1.799992
_6918_,VPWR,li1,53.1300,84.3200,1.799992
_6917_,VPWR,li1,44.8500,78.8800,1.799995
_6916_,VPWR,li1,57.2700,182.2400,1.799981
_6915_,VPWR,li1,71.5300,95.2000,1.799996
_6914_,VPWR,li1,42.5500,95.2000,1.799995
_6913_,VPWR,li1,70.6100,106.0800,1.799994
_6912_,VPWR,li1,16.7900,274.7200,1.799995
_6911_,VPWR,li1,15.4100,176.8000,1.799988
_6910_,VPWR,li1,31.9700,209.4400,1.799992
_6909_,VPWR,li1,15.8700,127.8400,1.799987
_6908_,VPWR,li1,17.7100,242.0800,1.799992
_6907_,VPWR,li1,19.0900,78.8800,1.799994
_6906_,VPWR,li1,49.9100,122.4000,1.799989
_6905_,VPWR,li1,43.9300,209.4400,1.799993
_6904_,VPWR,li1,15.4100,274.7200,1.799995
_6903_,VPWR,li1,15.4100,187.6800,1.799994
_6902_,VPWR,li1,33.8100,198.5600,1.799991
_6901_,VPWR,li1,22.7700,122.4000,1.799992
_6900_,VPWR,li1,15.4100,236.6400,1.799995
_6899_,VPWR,li1,32.8900,78.8800,1.799992
_6898_,VPWR,li1,39.7900,127.8400,1.799986
_6897_,VPWR,li1,37.0300,204.0000,1.799979
_6896_,VPWR,li1,54.5100,247.5200,1.799990
_6895_,VPWR,li1,44.8500,296.4800,1.799996
_6894_,VPWR,li1,41.6300,231.2000,1.799994
_6893_,VPWR,li1,36.5700,296.4800,1.799995
_6892_,VPWR,li1,48.0700,274.7200,1.799996
_6891_,VPWR,li1,40.2500,280.1600,1.799978
_6890_,VPWR,li1,40.2500,258.4000,1.799994
_6889_,VPWR,li1,56.3500,301.9200,1.799994
_6888_,VPWR,li1,44.8500,155.0400,1.799995
_6887_,VPWR,li1,48.9900,225.7600,1.799995
_6886_,VPWR,li1,55.8900,236.6400,1.799991
_6885_,VPWR,li1,43.9300,263.8400,1.799995
_6884_,VPWR,li1,54.5100,198.5600,1.799992
_6883_,VPWR,li1,54.5100,193.1200,1.799995
_6882_,VPWR,li1,55.4300,40.8000,1.799994
_6881_,VPWR,li1,41.1700,100.6400,1.799982
_6880_,VPWR,li1,61.8700,171.3600,1.799994
_6879_,VPWR,li1,48.9900,171.3600,1.799995
_6878_,VPWR,li1,40.2500,155.0400,1.799994
_6877_,VPWR,li1,65.5500,46.2400,1.799993
_6876_,VPWR,li1,46.6900,133.2800,1.799997
_6875_,VPWR,li1,48.9900,209.4400,1.799993
_6874_,VPWR,li1,56.8100,122.4000,1.799985
_6873_,VPWR,li1,42.0900,111.5200,1.799994
_6872_,VPWR,li1,48.5300,46.2400,1.799990
_6871_,VPWR,li1,57.7300,62.5600,1.799995
_6870_,VPWR,li1,46.2300,84.3200,1.799994
_6869_,VPWR,li1,39.7900,73.4400,1.799978
_6868_,VPWR,li1,54.5100,155.0400,1.799994
_6867_,VPWR,li1,60.4900,78.8800,1.799994
_6866_,VPWR,li1,53.1300,100.6400,1.799986
_6865_,VPWR,li1,57.7300,84.3200,1.799992
_6864_,VPWR,li1,19.0900,280.1600,1.799985
_6863_,VPWR,li1,27.3700,182.2400,1.799994
_6862_,VPWR,li1,28.2900,193.1200,1.799995
_6861_,VPWR,li1,28.7500,133.2800,1.799994
_6860_,VPWR,li1,27.3700,231.2000,1.799991
_6859_,VPWR,li1,40.7100,78.8800,1.799993
_6858_,VPWR,li1,46.6900,127.8400,1.799991
_6857_,VPWR,li1,46.6900,198.5600,1.799994
_6856_,VPWR,li1,27.3700,274.7200,1.799994
_6855_,VPWR,li1,17.7100,176.8000,1.799985
_6854_,VPWR,li1,40.7100,187.6800,1.799992
_6853_,VPWR,li1,15.4100,133.2800,1.799996
_6852_,VPWR,li1,18.1700,231.2000,1.799992
_6851_,VPWR,li1,24.6100,78.8800,1.799992
_6850_,VPWR,li1,44.8500,122.4000,1.799992
_6849_,VPWR,li1,41.6300,198.5600,1.799992
_6848_,VPWR,li1,27.3700,62.5600,1.799995
_6847_,VPWR,li1,17.2500,35.3600,1.799995
_6846_,VPWR,li1,29.6700,111.5200,1.799994
_6845_,VPWR,li1,55.4300,24.4800,1.799984
_6844_,VPWR,li1,16.3300,138.7200,1.799996
_6843_,VPWR,li1,15.4100,62.5600,1.799996
_6842_,VPWR,li1,15.4100,29.9200,1.799996
_6841_,VPWR,li1,15.8700,111.5200,1.799996
_6840_,VPWR,li1,41.1700,13.6000,1.799992
_6839_,VPWR,li1,15.4100,144.1600,1.799993
_6838_,VPWR,li1,22.3100,57.1200,1.799996
_6837_,VPWR,li1,27.8300,35.3600,1.799992
_6836_,VPWR,li1,16.3300,106.0800,1.799996
_6835_,VPWR,li1,53.1300,13.6000,1.799990
_6834_,VPWR,li1,40.2500,138.7200,1.799994
_6833_,VPWR,li1,15.8700,62.5600,1.799996
_6832_,VPWR,li1,24.1500,29.9200,1.799993
_6831_,VPWR,li1,19.0900,116.9600,1.799994
_6830_,VPWR,li1,44.8500,19.0400,1.799996
_6829_,VPWR,li1,32.4300,138.7200,1.799993
_6828_,VPWR,li1,28.7500,209.4400,1.799992
_6827_,VPWR,li1,23.6900,24.4800,1.799985
_6826_,VPWR,li1,30.5900,160.4800,1.799992
_6825_,VPWR,li1,28.7500,40.8000,1.799991
_6824_,VPWR,li1,30.5900,263.8400,1.799992
_6823_,VPWR,li1,15.4100,209.4400,1.799996
_6822_,VPWR,li1,31.5100,24.4800,1.799981
_6821_,VPWR,li1,15.4100,155.0400,1.799996
_6820_,VPWR,li1,15.4100,40.8000,1.799994
_6819_,VPWR,li1,15.8700,263.8400,1.799994
_6818_,VPWR,li1,27.8300,214.8800,1.799988
_6817_,VPWR,li1,19.0900,24.4800,1.799989
_6816_,VPWR,li1,18.1700,160.4800,1.799994
_6815_,VPWR,li1,27.3700,40.8000,1.799991
_6814_,VPWR,li1,15.4100,263.8400,1.799994
_6813_,VPWR,li1,18.1700,214.8800,1.799992
_6812_,VPWR,li1,36.1100,24.4800,1.799979
_6811_,VPWR,li1,22.7700,160.4800,1.799993
_6810_,VPWR,li1,17.2500,40.8000,1.799993
_6809_,VPWR,li1,23.2300,263.8400,1.799992
_6808_,VPWR,li1,57.7300,247.5200,1.799990
_6807_,VPWR,li1,44.3900,285.6000,1.799996
_6806_,VPWR,li1,44.8500,242.0800,1.799985
_6805_,VPWR,li1,26.9100,285.6000,1.799995
_6804_,VPWR,li1,48.5300,280.1600,1.799986
_6803_,VPWR,li1,28.7500,280.1600,1.799975
_6802_,VPWR,li1,31.0500,269.2800,1.799993
_6801_,VPWR,li1,62.3300,296.4800,1.799994
_6800_,VPWR,li1,44.3900,144.1600,1.799979
_6799_,VPWR,li1,57.7300,225.7600,1.799994
_6798_,VPWR,li1,62.7900,220.3200,1.799984
_6797_,VPWR,li1,44.8500,269.2800,1.799995
_6796_,VPWR,li1,57.7300,209.4400,1.799993
_6795_,VPWR,li1,61.4100,187.6800,1.799992
_6794_,VPWR,li1,63.2500,57.1200,1.799997
_6793_,VPWR,li1,38.4100,106.0800,1.799993
_6792_,VPWR,li1,70.6100,171.3600,1.799995
_6791_,VPWR,li1,55.4300,176.8000,1.799989
_6790_,VPWR,li1,36.5700,160.4800,1.799993
_6789_,VPWR,li1,60.0300,35.3600,1.799993
_6788_,VPWR,li1,53.5900,138.7200,1.799995
_6787_,VPWR,li1,41.6300,220.3200,1.799976
_6786_,VPWR,li1,57.7300,122.4000,1.799985
_6785_,VPWR,li1,47.1500,111.5200,1.799995
_6784_,VPWR,li1,44.8500,40.8000,1.799995
_6783_,VPWR,li1,54.9700,100.6400,1.799987
_6782_,VPWR,li1,53.1300,73.4400,1.799990
_6781_,VPWR,li1,40.7100,68.0000,1.799995
_6780_,VPWR,li1,49.4500,182.2400,1.799988
_6779_,VPWR,li1,64.1700,100.6400,1.799990
_6778_,VPWR,li1,58.6500,95.2000,1.799994
_6777_,VPWR,li1,66.0100,106.0800,1.799992
_6776_,VPWR,li1,33.8100,258.4000,1.799994
_6775_,VPWR,li1,28.2900,242.0800,1.799987
_6774_,VPWR,li1,28.7500,171.3600,1.799995
_6773_,VPWR,li1,69.2300,24.4800,1.799989
_6772_,VPWR,li1,44.8500,187.6800,1.799993
_6771_,VPWR,li1,17.2500,100.6400,1.799985
_6770_,VPWR,li1,15.4100,252.9600,1.799996
_6769_,VPWR,li1,31.9700,231.2000,1.799991
_6768_,VPWR,li1,15.4100,171.3600,1.799997
_6767_,VPWR,li1,71.9900,13.6000,1.799994
_6766_,VPWR,li1,44.8500,193.1200,1.799996
_6765_,VPWR,li1,15.4100,100.6400,1.799987
_6764_,VPWR,li1,25.5300,252.9600,1.799992
_6763_,VPWR,li1,26.4500,236.6400,1.799993
_6762_,VPWR,li1,21.8500,165.9200,1.799994
_6761_,VPWR,li1,63.2500,24.4800,1.799987
_6760_,VPWR,li1,53.1300,165.9200,1.799995
_6759_,VPWR,li1,31.5100,100.6400,1.799970
_6758_,VPWR,li1,17.2500,258.4000,1.799996
_6757_,VPWR,li1,40.2500,236.6400,1.799993
_6756_,VPWR,li1,16.7900,165.9200,1.799995
_6755_,VPWR,li1,74.7500,19.0400,1.799997
_6754_,VPWR,li1,47.6100,165.9200,1.799995
_6753_,VPWR,li1,27.3700,106.0800,1.799994
_6752_,VPWR,li1,28.7500,155.0400,1.799994
_6751_,VPWR,li1,17.2500,51.6800,1.799995
_6750_,VPWR,li1,17.2500,122.4000,1.799994
_6749_,VPWR,li1,32.8900,225.7600,1.799994
_6748_,VPWR,li1,16.7900,73.4400,1.799986
_6747_,VPWR,li1,28.2900,144.1600,1.799985
_6746_,VPWR,li1,26.4500,149.6000,1.799992
_6745_,VPWR,li1,22.3100,51.6800,1.799993
_6744_,VPWR,li1,27.3700,122.4000,1.799991
_6743_,VPWR,li1,31.9700,214.8800,1.799987
_6742_,VPWR,li1,15.4100,73.4400,1.799986
_6741_,VPWR,li1,15.4100,149.6000,1.799995
_6740_,VPWR,li1,36.5700,144.1600,1.799981
_6739_,VPWR,li1,30.1300,51.6800,1.799993
_6738_,VPWR,li1,27.8300,116.9600,1.799994
_6737_,VPWR,li1,28.7500,220.3200,1.799982
_6736_,VPWR,li1,31.5100,68.0000,1.799994
_6735_,VPWR,li1,24.1500,138.7200,1.799993
_6734_,VPWR,li1,29.6700,149.6000,1.799992
_6733_,VPWR,li1,15.4100,57.1200,1.799996
_6732_,VPWR,li1,15.4100,116.9600,1.799996
_6731_,VPWR,li1,37.9500,214.8800,1.799987
_6730_,VPWR,li1,23.6900,68.0000,1.799995
_6729_,VPWR,li1,17.2500,149.6000,1.799994
_6728_,VPWR,li1,16.3300,84.3200,1.799995
_6727_,VPWR,li1,44.8500,29.9200,1.799992
_6726_,VPWR,li1,31.0500,187.6800,1.799991
_6725_,VPWR,li1,54.9700,13.6000,1.799990
_6724_,VPWR,li1,16.3300,204.0000,1.799984
_6723_,VPWR,li1,27.3700,84.3200,1.799992
_6722_,VPWR,li1,55.4300,29.9200,1.799982
_6721_,VPWR,li1,15.4100,193.1200,1.799996
_6720_,VPWR,li1,68.3100,13.6000,1.799992
_6719_,VPWR,li1,15.4100,204.0000,1.799984
_6718_,VPWR,li1,58.1900,263.8400,1.799995
_6717_,VPWR,li1,52.2100,285.6000,1.799995
_6716_,VPWR,li1,57.7300,269.2800,1.799994
_6715_,VPWR,li1,39.3300,285.6000,1.799995
_6714_,VPWR,li1,49.9100,269.2800,1.799994
_6713_,VPWR,li1,40.2500,274.7200,1.799995
_6712_,VPWR,li1,42.5500,258.4000,1.799995
_6711_,VPWR,li1,63.2500,291.0400,1.799983
_6710_,VPWR,li1,54.9700,187.6800,1.799992
_6709_,VPWR,li1,55.8900,214.8800,1.799993
_6708_,VPWR,li1,63.2500,198.5600,1.799993
_6707_,VPWR,li1,62.7900,236.6400,1.799993
_6706_,VPWR,li1,71.0700,198.5600,1.799995
_6705_,VPWR,li1,70.6100,193.1200,1.799996
_6704_,VPWR,li1,250.9300,171.3600,1.799994
_6703_,VPWR,li1,255.5300,165.9200,1.799996
_6702_,VPWR,li1,70.6100,160.4800,1.799996
_6701_,VPWR,li1,71.9900,176.8000,1.799994
_6700_,VPWR,li1,63.2500,155.0400,1.799994
_6699_,VPWR,li1,240.8100,57.1200,1.799995
_6698_,VPWR,li1,57.7300,133.2800,1.799996
_6697_,VPWR,li1,68.7700,209.4400,1.799995
_6696_,VPWR,li1,62.3300,116.9600,1.799991
_6695_,VPWR,li1,167.6700,111.5200,1.799990
_6694_,VPWR,li1,246.3300,46.2400,1.799978
_6693_,VPWR,li1,66.4700,62.5600,1.799996
_6692_,VPWR,li1,54.0500,68.0000,1.799996
_6691_,VPWR,li1,237.1300,46.2400,1.799983
_6690_,VPWR,li1,58.1900,149.6000,1.799996
_6689_,VPWR,li1,69.6900,78.8800,1.799995
_6688_,VPWR,li1,45.7700,89.7600,1.799988
_6687_,VPWR,li1,71.5300,84.3200,1.799996
_6686_,VPWR,li1,128.1100,258.4000,1.799998
_6685_,VPWR,li1,135.0100,274.7200,1.799996
_6684_,VPWR,li1,129.9500,285.6000,1.799996
_6683_,VPWR,li1,127.1900,291.0400,1.799997
_6682_,VPWR,li1,134.5500,269.2800,1.799998
_6681_,VPWR,li1,135.0100,252.9600,1.799987
_6680_,VPWR,li1,142.8300,236.6400,1.799998
_6679_,VPWR,li1,133.6300,291.0400,1.799997
_6678_,VPWR,li1,132.2500,187.6800,1.799995
_6677_,VPWR,li1,134.5500,225.7600,1.799997
_6676_,VPWR,li1,144.2100,198.5600,1.799996
_6675_,VPWR,li1,136.8500,236.6400,1.799999
_6674_,VPWR,li1,134.5500,204.0000,1.799998
_6673_,VPWR,li1,142.3700,214.8800,1.799997
_6672_,VPWR,li1,144.6700,182.2400,1.799997
_6671_,VPWR,li1,127.1900,187.6800,1.799995
_6670_,VPWR,li1,137.7700,176.8000,1.799997
_6669_,VPWR,li1,162.6100,155.0400,1.799998
_6668_,VPWR,li1,148.3500,144.1600,1.799999
_6667_,VPWR,li1,157.5500,116.9600,1.799996
_6666_,VPWR,li1,137.3100,144.1600,1.799999
_6665_,VPWR,li1,146.9700,144.1600,1.799999
_6664_,VPWR,li1,164.9100,116.9600,1.799996
_6663_,VPWR,li1,157.5500,106.0800,1.799995
_6662_,VPWR,li1,163.9900,73.4400,1.799997
_6661_,VPWR,li1,152.9500,73.4400,1.799998
_6660_,VPWR,li1,168.5900,68.0000,1.799996
_6659_,VPWR,li1,167.2100,68.0000,1.799996
_6658_,VPWR,li1,125.3500,95.2000,1.799996
_6657_,VPWR,li1,163.9900,100.6400,1.799996
_6656_,VPWR,li1,170.8900,89.7600,1.799991
_6655_,VPWR,li1,151.1100,100.6400,1.799995
_6654_,VPWR,li1,274.8500,263.8400,1.799995
_6653_,VPWR,li1,274.8500,269.2800,1.799990
_6652_,VPWR,li1,225.6300,274.7200,1.799992
_6651_,VPWR,li1,225.1700,280.1600,1.799997
_6650_,VPWR,li1,217.3500,252.9600,1.799995
_6649_,VPWR,li1,144.6700,280.1600,1.799994
_6648_,VPWR,li1,277.1500,236.6400,1.799994
_6647_,VPWR,li1,141.4500,280.1600,1.799996
_6646_,VPWR,li1,244.4900,225.7600,1.799993
_6645_,VPWR,li1,277.1500,204.0000,1.799997
_6644_,VPWR,li1,272.5500,187.6800,1.799985
_6643_,VPWR,li1,241.2700,236.6400,1.799988
_6642_,VPWR,li1,221.4900,193.1200,1.799996
_6641_,VPWR,li1,265.1900,193.1200,1.799996
_6640_,VPWR,li1,266.1100,165.9200,1.799995
_6639_,VPWR,li1,273.9300,171.3600,1.799992
_6638_,VPWR,li1,264.2700,160.4800,1.799994
_6637_,VPWR,li1,191.5900,155.0400,1.799997
_6636_,VPWR,li1,265.1900,149.6000,1.799998
_6635_,VPWR,li1,274.8500,100.6400,1.799995
_6634_,VPWR,li1,270.2500,133.2800,1.799995
_6633_,VPWR,li1,270.7100,149.6000,1.799998
_6632_,VPWR,li1,254.1500,106.0800,1.799995
_6631_,VPWR,li1,266.1100,106.0800,1.799993
_6630_,VPWR,li1,259.6700,51.6800,1.799994
_6629_,VPWR,li1,234.8300,24.4800,1.799997
_6628_,VPWR,li1,256.4500,40.8000,1.799996
_6627_,VPWR,li1,245.4100,35.3600,1.799995
_6626_,VPWR,li1,273.4700,100.6400,1.799995
_6625_,VPWR,li1,211.8300,73.4400,1.799996
_6624_,VPWR,li1,238.5100,89.7600,1.799986
_6623_,VPWR,li1,171.8100,78.8800,1.799997
_6622_,VPWR,li1,301.9900,258.4000,1.799992
_6621_,VPWR,li1,288.6500,269.2800,1.799993
_6620_,VPWR,li1,281.7500,269.2800,1.799992
_6619_,VPWR,li1,239.8900,280.1600,1.799998
_6618_,VPWR,li1,301.5300,252.9600,1.799990
_6617_,VPWR,li1,151.1100,274.7200,1.799995
_6616_,VPWR,li1,292.7900,242.0800,1.799993
_6615_,VPWR,li1,152.9500,285.6000,1.799996
_6614_,VPWR,li1,275.3100,220.3200,1.799974
_6613_,VPWR,li1,295.5500,209.4400,1.799993
_6612_,VPWR,li1,283.1300,193.1200,1.799998
_6611_,VPWR,li1,299.6900,231.2000,1.799991
_6610_,VPWR,li1,281.7500,198.5600,1.799994
_6609_,VPWR,li1,272.5500,198.5600,1.799993
_6608_,VPWR,li1,282.2100,171.3600,1.799993
_6607_,VPWR,li1,275.7700,182.2400,1.799984
_6606_,VPWR,li1,271.6300,155.0400,1.799994
_6605_,VPWR,li1,198.4900,138.7200,1.799996
_6604_,VPWR,li1,276.2300,155.0400,1.799994
_6603_,VPWR,li1,285.4300,116.9600,1.799996
_6602_,VPWR,li1,281.7500,133.2800,1.799995
_6601_,VPWR,li1,279.9100,149.6000,1.799999
_6600_,VPWR,li1,241.2700,100.6400,1.799994
_6599_,VPWR,li1,275.7700,106.0800,1.799992
_6598_,VPWR,li1,265.6500,51.6800,1.799994
_6597_,VPWR,li1,252.3100,19.0400,1.799997
_6596_,VPWR,li1,265.1900,35.3600,1.799995
_6595_,VPWR,li1,253.2300,24.4800,1.799998
_6594_,VPWR,li1,273.4700,78.8800,1.799995
_6593_,VPWR,li1,249.5500,73.4400,1.799995
_6592_,VPWR,li1,236.6700,100.6400,1.799994
_6591_,VPWR,li1,176.8700,84.3200,1.799995
_6590_,VPWR,li1,295.5500,258.4000,1.799992
_6589_,VPWR,li1,299.2300,269.2800,1.799992
_6588_,VPWR,li1,295.0900,269.2800,1.799992
_6587_,VPWR,li1,296.0100,285.6000,1.799978
_6586_,VPWR,li1,301.9900,242.0800,1.799993
_6585_,VPWR,li1,294.6300,263.8400,1.799994
_6584_,VPWR,li1,302.9100,236.6400,1.799992
_6583_,VPWR,li1,288.6500,280.1600,1.799995
_6582_,VPWR,li1,292.7900,220.3200,1.799984
_6581_,VPWR,li1,291.8700,209.4400,1.799994
_6580_,VPWR,li1,288.6500,193.1200,1.799998
_6579_,VPWR,li1,297.3900,236.6400,1.799993
_6578_,VPWR,li1,294.6300,198.5600,1.799993
_6577_,VPWR,li1,290.9500,209.4400,1.799994
_6576_,VPWR,li1,289.5700,165.9200,1.799996
_6575_,VPWR,li1,288.1900,176.8000,1.799998
_6574_,VPWR,li1,287.2700,160.4800,1.799998
_6573_,VPWR,li1,270.2500,155.0400,1.799994
_6572_,VPWR,li1,287.7300,149.6000,1.799999
_6571_,VPWR,li1,289.5700,122.4000,1.799995
_6570_,VPWR,li1,289.1100,138.7200,1.799986
_6569_,VPWR,li1,288.1900,144.1600,1.799994
_6568_,VPWR,li1,278.5300,122.4000,1.799994
_6567_,VPWR,li1,287.7300,111.5200,1.799999
_6566_,VPWR,li1,273.4700,57.1200,1.799995
_6565_,VPWR,li1,243.1100,13.6000,1.799995
_6564_,VPWR,li1,258.7500,24.4800,1.799998
_6563_,VPWR,li1,266.5700,40.8000,1.799995
_6562_,VPWR,li1,265.6500,84.3200,1.799996
_6561_,VPWR,li1,243.1100,62.5600,1.799993
_6560_,VPWR,li1,234.8300,106.0800,1.799994
_6559_,VPWR,li1,201.7100,73.4400,1.799996
_6558_,VPWR,li1,237.5900,258.4000,1.799996
_6557_,VPWR,li1,250.0100,285.6000,1.799993
_6556_,VPWR,li1,211.3700,301.9200,1.799995
_6555_,VPWR,li1,243.1100,301.9200,1.799991
_6554_,VPWR,li1,168.1300,285.6000,1.799998
_6553_,VPWR,li1,137.7700,263.8400,1.799997
_6552_,VPWR,li1,237.5900,252.9600,1.799996
_6551_,VPWR,li1,145.5900,307.3600,1.800000
_6550_,VPWR,li1,269.3300,231.2000,1.799994
_6549_,VPWR,li1,222.4100,236.6400,1.799977
_6548_,VPWR,li1,204.9300,193.1200,1.799997
_6547_,VPWR,li1,208.6100,225.7600,1.799981
_6546_,VPWR,li1,209.0700,198.5600,1.799994
_6545_,VPWR,li1,209.5300,204.0000,1.799997
_6544_,VPWR,li1,193.4300,171.3600,1.799997
_6543_,VPWR,li1,183.7700,182.2400,1.799996
_6542_,VPWR,li1,205.8500,171.3600,1.799995
_6541_,VPWR,li1,195.7300,165.9200,1.799996
_6540_,VPWR,li1,202.6300,149.6000,1.799997
_6539_,VPWR,li1,200.7900,116.9600,1.799982
_6538_,VPWR,li1,218.7300,116.9600,1.799983
_6537_,VPWR,li1,180.0900,144.1600,1.799998
_6536_,VPWR,li1,185.1500,116.9600,1.799991
_6535_,VPWR,li1,196.1900,111.5200,1.799995
_6534_,VPWR,li1,230.2300,51.6800,1.799996
_6533_,VPWR,li1,209.0700,35.3600,1.799996
_6532_,VPWR,li1,207.6900,19.0400,1.799995
_6531_,VPWR,li1,215.5100,51.6800,1.799996
_6530_,VPWR,li1,262.8900,84.3200,1.799996
_6529_,VPWR,li1,226.5500,68.0000,1.799997
_6528_,VPWR,li1,201.2500,111.5200,1.799996
_6527_,VPWR,li1,191.5900,100.6400,1.799993
_6526_,VPWR,li1,232.9900,269.2800,1.799980
_6525_,VPWR,li1,281.7500,280.1600,1.799995
_6524_,VPWR,li1,228.3900,296.4800,1.799998
_6523_,VPWR,li1,259.6700,296.4800,1.799995
_6522_,VPWR,li1,173.1900,280.1600,1.799982
_6521_,VPWR,li1,162.1500,274.7200,1.799996
_6520_,VPWR,li1,285.8900,236.6400,1.799996
_6519_,VPWR,li1,169.0500,296.4800,1.799996
_6518_,VPWR,li1,287.2700,220.3200,1.799985
_6517_,VPWR,li1,230.2300,214.8800,1.799996
_6516_,VPWR,li1,215.5100,187.6800,1.799982
_6515_,VPWR,li1,287.2700,231.2000,1.799994
_6514_,VPWR,li1,230.2300,204.0000,1.799998
_6513_,VPWR,li1,251.3900,204.0000,1.799996
_6512_,VPWR,li1,254.1500,176.8000,1.799998
_6511_,VPWR,li1,262.4300,182.2400,1.799988
_6510_,VPWR,li1,218.2700,165.9200,1.799996
_6509_,VPWR,li1,214.5900,176.8000,1.799997
_6508_,VPWR,li1,225.1700,149.6000,1.799998
_6507_,VPWR,li1,278.5300,122.4000,1.799994
_6506_,VPWR,li1,265.6500,133.2800,1.799995
_6505_,VPWR,li1,189.2900,144.1600,1.799997
_6504_,VPWR,li1,267.0300,111.5200,1.799998
_6503_,VPWR,li1,224.7100,100.6400,1.799995
_6502_,VPWR,li1,275.3100,62.5600,1.799978
_6501_,VPWR,li1,214.5900,13.6000,1.799996
_6500_,VPWR,li1,209.0700,19.0400,1.799995
_6499_,VPWR,li1,237.5900,13.6000,1.799994
_6498_,VPWR,li1,263.3500,89.7600,1.799993
_6497_,VPWR,li1,275.3100,73.4400,1.799994
_6496_,VPWR,li1,215.5100,84.3200,1.799996
_6495_,VPWR,li1,135.4700,95.2000,1.799998
_6494_,VPWR,li1,250.9300,263.8400,1.799996
_6493_,VPWR,li1,272.0900,280.1600,1.799995
_6492_,VPWR,li1,227.9300,307.3600,1.800000
_6491_,VPWR,li1,121.2100,280.1600,1.799997
_6490_,VPWR,li1,121.2100,269.2800,1.799998
_6489_,VPWR,li1,155.2500,252.9600,1.799982
_6488_,VPWR,li1,250.0100,236.6400,1.799992
_6487_,VPWR,li1,161.2300,280.1600,1.799991
_6486_,VPWR,li1,204.9300,220.3200,1.799996
_6485_,VPWR,li1,192.5100,220.3200,1.799997
_6484_,VPWR,li1,182.8500,198.5600,1.799997
_6483_,VPWR,li1,213.6700,242.0800,1.799995
_6482_,VPWR,li1,189.2900,209.4400,1.799991
_6481_,VPWR,li1,194.8100,214.8800,1.799997
_6480_,VPWR,li1,183.7700,171.3600,1.799997
_6479_,VPWR,li1,200.3300,176.8000,1.799997
_6478_,VPWR,li1,171.3500,171.3600,1.799997
_6477_,VPWR,li1,180.5500,155.0400,1.799998
_6476_,VPWR,li1,168.5900,149.6000,1.799995
_6475_,VPWR,li1,191.5900,127.8400,1.799995
_6474_,VPWR,li1,214.1300,144.1600,1.799994
_6473_,VPWR,li1,204.4700,144.1600,1.799994
_6472_,VPWR,li1,171.3500,122.4000,1.799991
_6471_,VPWR,li1,173.1900,116.9600,1.799993
_6470_,VPWR,li1,260.5900,68.0000,1.799994
_6469_,VPWR,li1,129.0300,68.0000,1.799999
_6468_,VPWR,li1,122.5900,57.1200,1.799988
_6467_,VPWR,li1,214.1300,62.5600,1.799992
_6466_,VPWR,li1,254.1500,100.6400,1.799997
_6465_,VPWR,li1,183.7700,106.0800,1.799998
_6464_,VPWR,li1,176.4100,95.2000,1.799995
_6463_,VPWR,li1,153.8700,89.7600,1.799996
_6462_,VPWR,li1,254.1500,252.9600,1.799996
_6461_,VPWR,li1,251.3900,285.6000,1.799993
_6460_,VPWR,li1,211.8300,285.6000,1.799997
_6459_,VPWR,li1,252.3100,291.0400,1.799998
_6458_,VPWR,li1,188.3700,274.7200,1.799995
_6457_,VPWR,li1,159.3900,263.8400,1.799998
_6456_,VPWR,li1,249.0900,252.9600,1.799996
_6455_,VPWR,li1,158.0100,291.0400,1.799998
_6454_,VPWR,li1,270.7100,214.8800,1.799993
_6453_,VPWR,li1,252.7700,214.8800,1.799996
_6452_,VPWR,li1,255.9900,193.1200,1.799997
_6451_,VPWR,li1,234.3700,236.6400,1.799986
_6450_,VPWR,li1,243.1100,193.1200,1.799995
_6449_,VPWR,li1,258.7500,204.0000,1.799997
_6448_,VPWR,li1,230.2300,165.9200,1.799995
_6447_,VPWR,li1,237.1300,182.2400,1.799992
_6446_,VPWR,li1,237.1300,160.4800,1.799992
_6445_,VPWR,li1,215.5100,149.6000,1.799996
_6444_,VPWR,li1,250.4700,155.0400,1.799998
_6443_,VPWR,li1,255.9900,133.2800,1.799995
_6442_,VPWR,li1,230.2300,144.1600,1.799994
_6441_,VPWR,li1,255.9900,144.1600,1.799995
_6440_,VPWR,li1,236.6700,111.5200,1.799997
_6439_,VPWR,li1,222.8700,111.5200,1.799998
_6438_,VPWR,li1,250.9300,51.6800,1.799996
_6437_,VPWR,li1,232.5300,24.4800,1.799997
_6436_,VPWR,li1,198.4900,19.0400,1.799997
_6435_,VPWR,li1,232.0700,46.2400,1.799987
_6434_,VPWR,li1,244.4900,84.3200,1.799996
_6433_,VPWR,li1,215.5100,73.4400,1.799996
_6432_,VPWR,li1,215.5100,95.2000,1.799997
_6431_,VPWR,li1,186.0700,95.2000,1.799994
_6430_,VPWR,li1,256.4500,269.2800,1.799986
_6429_,VPWR,li1,268.8700,285.6000,1.799987
_6428_,VPWR,li1,215.5100,301.9200,1.799994
_6427_,VPWR,li1,254.1500,301.9200,1.799994
_6426_,VPWR,li1,186.0700,263.8400,1.799996
_6425_,VPWR,li1,147.4300,258.4000,1.799995
_6424_,VPWR,li1,268.8700,236.6400,1.799993
_6423_,VPWR,li1,156.6300,307.3600,1.800000
_6422_,VPWR,li1,268.8700,220.3200,1.799981
_6421_,VPWR,li1,214.5900,225.7600,1.799984
_6420_,VPWR,li1,246.7900,193.1200,1.799994
_6419_,VPWR,li1,234.3700,225.7600,1.799993
_6418_,VPWR,li1,230.2300,193.1200,1.799996
_6417_,VPWR,li1,221.0300,214.8800,1.799996
_6416_,VPWR,li1,235.7500,176.8000,1.799996
_6415_,VPWR,li1,226.5500,187.6800,1.799976
_6414_,VPWR,li1,227.0100,176.8000,1.799997
_6413_,VPWR,li1,215.5100,160.4800,1.799986
_6412_,VPWR,li1,255.9900,155.0400,1.799998
_6411_,VPWR,li1,254.1500,133.2800,1.799995
_6410_,VPWR,li1,221.0300,127.8400,1.799994
_6409_,VPWR,li1,246.7900,138.7200,1.799994
_6408_,VPWR,li1,247.7100,116.9600,1.799995
_6407_,VPWR,li1,217.3500,116.9600,1.799979
_6406_,VPWR,li1,255.9900,62.5600,1.799993
_6405_,VPWR,li1,216.4300,24.4800,1.799996
_6404_,VPWR,li1,195.7300,29.9200,1.799996
_6403_,VPWR,li1,228.3900,29.9200,1.799986
_6402_,VPWR,li1,253.6900,78.8800,1.799996
_6401_,VPWR,li1,215.9700,62.5600,1.799992
_6400_,VPWR,li1,209.9900,100.6400,1.799991
_6399_,VPWR,li1,200.7900,78.8800,1.799994
_6398_,VPWR,li1,287.2700,258.4000,1.799994
_6397_,VPWR,li1,276.2300,285.6000,1.799985
_6396_,VPWR,li1,213.6700,269.2800,1.799988
_6395_,VPWR,li1,268.8700,291.0400,1.799997
_6394_,VPWR,li1,267.0300,252.9600,1.799995
_6393_,VPWR,li1,176.4100,263.8400,1.799997
_6392_,VPWR,li1,271.1700,242.0800,1.799995
_6391_,VPWR,li1,169.5100,301.9200,1.799994
_6390_,VPWR,li1,285.4300,220.3200,1.799986
_6389_,VPWR,li1,282.2100,214.8800,1.799994
_6388_,VPWR,li1,260.1300,187.6800,1.799981
_6387_,VPWR,li1,298.3100,214.8800,1.799990
_6386_,VPWR,li1,291.4100,204.0000,1.799997
_6385_,VPWR,li1,275.3100,214.8800,1.799993
_6384_,VPWR,li1,243.1100,165.9200,1.799994
_6383_,VPWR,li1,255.9900,187.6800,1.799981
_6382_,VPWR,li1,217.3500,122.4000,1.799983
_6381_,VPWR,li1,228.3900,138.7200,1.799997
_6380_,VPWR,li1,244.0300,144.1600,1.799994
_6379_,VPWR,li1,281.7500,127.8400,1.799992
_6378_,VPWR,li1,234.8300,122.4000,1.799983
_6377_,VPWR,li1,261.9700,144.1600,1.799993
_6376_,VPWR,li1,294.6300,127.8400,1.799994
_6375_,VPWR,li1,289.1100,111.5200,1.799999
_6374_,VPWR,li1,259.2100,73.4400,1.799994
_6373_,VPWR,li1,227.4700,19.0400,1.799995
_6372_,VPWR,li1,227.0100,13.6000,1.799996
_6371_,VPWR,li1,230.2300,19.0400,1.799995
_6370_,VPWR,li1,282.2100,84.3200,1.799998
_6369_,VPWR,li1,276.2300,78.8800,1.799995
_6368_,VPWR,li1,227.4700,95.2000,1.799997
_6367_,VPWR,li1,263.3500,46.2400,1.799991
_6366_,VPWR,li1,127.1900,258.4000,1.799998
_6365_,VPWR,li1,131.7900,296.4800,1.799987
_6364_,VPWR,li1,116.6100,301.9200,1.799990
_6363_,VPWR,li1,95.9100,301.9200,1.799993
_6362_,VPWR,li1,102.8100,301.9200,1.799993
_6361_,VPWR,li1,120.7500,296.4800,1.799990
_6360_,VPWR,li1,129.9500,252.9600,1.799988
_6359_,VPWR,li1,111.0900,301.9200,1.799991
_6358_,VPWR,li1,118.4500,236.6400,1.799999
_6357_,VPWR,li1,122.5900,236.6400,1.799999
_6356_,VPWR,li1,127.6500,214.8800,1.799998
_6355_,VPWR,li1,130.4100,231.2000,1.799996
_6354_,VPWR,li1,138.2300,193.1200,1.799995
_6353_,VPWR,li1,125.3500,193.1200,1.799995
_6352_,VPWR,li1,125.8100,176.8000,1.799997
_6351_,VPWR,li1,120.7500,187.6800,1.799994
_6350_,VPWR,li1,119.3700,176.8000,1.799996
_6349_,VPWR,li1,125.3500,149.6000,1.799995
_6348_,VPWR,li1,115.6900,144.1600,1.799997
_6347_,VPWR,li1,187.9100,116.9600,1.799990
_6346_,VPWR,li1,123.0500,144.1600,1.799998
_6345_,VPWR,li1,117.9900,122.4000,1.799993
_6344_,VPWR,li1,124.4300,111.5200,1.799992
_6343_,VPWR,li1,125.3500,106.0800,1.799996
_6342_,VPWR,li1,181.4700,62.5600,1.799978
_6341_,VPWR,li1,193.4300,19.0400,1.799997
_6340_,VPWR,li1,99.5900,19.0400,1.799997
_6339_,VPWR,li1,105.1100,13.6000,1.799998
_6338_,VPWR,li1,176.8700,78.8800,1.799996
_6337_,VPWR,li1,183.7700,73.4400,1.799995
_6336_,VPWR,li1,128.5700,57.1200,1.799986
_6335_,VPWR,li1,191.5900,73.4400,1.799996
_6334_,VPWR,li1,205.3900,263.8400,1.799995
_6333_,VPWR,li1,193.8900,280.1600,1.799984
_6332_,VPWR,li1,180.5500,280.1600,1.799977
_6331_,VPWR,li1,221.4900,242.0800,1.799996
_6330_,VPWR,li1,198.0300,236.6400,1.799985
_6329_,VPWR,li1,182.8500,220.3200,1.799997
_6328_,VPWR,li1,179.1700,236.6400,1.799993
_6327_,VPWR,li1,152.9500,231.2000,1.799995
_6326_,VPWR,li1,175.4900,204.0000,1.799999
_6325_,VPWR,li1,163.0700,171.3600,1.799997
_6324_,VPWR,li1,178.7100,182.2400,1.799996
_6323_,VPWR,li1,173.1900,171.3600,1.799997
_6322_,VPWR,li1,157.0900,165.9200,1.799996
_6321_,VPWR,li1,165.8300,155.0400,1.799998
_6320_,VPWR,li1,165.8300,133.2800,1.799988
_6319_,VPWR,li1,152.4900,144.1600,1.799999
_6318_,VPWR,li1,158.9300,144.1600,1.799999
_6317_,VPWR,li1,264.7300,116.9600,1.799995
_6316_,VPWR,li1,161.6900,106.0800,1.799996
_6315_,VPWR,li1,169.0500,57.1200,1.799994
_6314_,VPWR,li1,205.3900,68.0000,1.799995
_6313_,VPWR,li1,194.3500,62.5600,1.799987
_6312_,VPWR,li1,255.9900,46.2400,1.799988
_6311_,VPWR,li1,265.6500,95.2000,1.799975
_6310_,VPWR,li1,268.8700,68.0000,1.799993
_6309_,VPWR,li1,196.1900,95.2000,1.799996
_6308_,VPWR,li1,153.4100,78.8800,1.799996
_6307_,VPWR,li1,234.3700,269.2800,1.799980
_6306_,VPWR,li1,237.1300,296.4800,1.799997
_6305_,VPWR,li1,211.8300,269.2800,1.799989
_6304_,VPWR,li1,220.5700,269.2800,1.799984
_6303_,VPWR,li1,228.3900,252.9600,1.799996
_6302_,VPWR,li1,136.3900,307.3600,1.800000
_6301_,VPWR,li1,195.2700,187.6800,1.799989
_6300_,VPWR,li1,228.3900,247.5200,1.799995
_6299_,VPWR,li1,142.8300,225.7600,1.799997
_6298_,VPWR,li1,241.2700,209.4400,1.799991
_6297_,VPWR,li1,213.6700,176.8000,1.799997
_6296_,VPWR,li1,204.9300,127.8400,1.799994
_6295_,VPWR,li1,205.3900,62.5600,1.799990
_6294_,VPWR,li1,200.7900,133.2800,1.799989
_6293_,VPWR,li1,223.3300,138.7200,1.799997
_6292_,VPWR,li1,172.7300,144.1600,1.799999
_6291_,VPWR,li1,237.1300,78.8800,1.799997
_6290_,VPWR,li1,72.9100,301.9200,1.799995
_6289_,VPWR,li1,63.2500,301.9200,1.799993
_6288_,VPWR,li1,277.6100,296.4800,1.799994
_6287_,VPWR,li1,268.8700,301.9200,1.799993
_6286_,VPWR,li1,290.0300,301.9200,1.799996
_6285_,VPWR,li1,290.4900,296.4800,1.799995
_6284_,VPWR,li1,290.9500,291.0400,1.799996
_6283_,VPWR,li1,289.1100,247.5200,1.799970
_6282_,VPWR,li1,282.2100,247.5200,1.799981
_6281_,VPWR,li1,279.9100,258.4000,1.799995
_6280_,VPWR,li1,210.9100,252.9600,1.799994
_6279_,VPWR,li1,205.3900,258.4000,1.799998
_6278_,VPWR,li1,152.9500,242.0800,1.799993
_6277_,VPWR,li1,151.5700,236.6400,1.799998
_6276_,VPWR,li1,165.8300,236.6400,1.799996
_6275_,VPWR,li1,150.1900,214.8800,1.799998
_6274_,VPWR,li1,151.1100,204.0000,1.799997
_6273_,VPWR,li1,169.0500,204.0000,1.799999
_6272_,VPWR,li1,168.5900,198.5600,1.799996
_6271_,VPWR,li1,150.1900,198.5600,1.799996
_6270_,VPWR,li1,136.8500,193.1200,1.799995
_6269_,VPWR,li1,136.3900,171.3600,1.799997
_6268_,VPWR,li1,135.4700,165.9200,1.799997
_6267_,VPWR,li1,130.4100,171.3600,1.799997
_6266_,VPWR,li1,128.5700,133.2800,1.799996
_6265_,VPWR,li1,127.6500,127.8400,1.799999
_6264_,VPWR,li1,138.2300,111.5200,1.799986
_6263_,VPWR,li1,158.4700,13.6000,1.799998
_6262_,VPWR,li1,150.1900,51.6800,1.800000
_6261_,VPWR,li1,114.3100,24.4800,1.799999
_6260_,VPWR,li1,135.0100,100.6400,1.799997
_6259_,VPWR,li1,145.1300,116.9600,1.799997
_5737_,VPWR,li1,59.1100,258.4000,1.799998
_5735_,VPWR,li1,54.9700,285.6000,1.799996
_5733_,VPWR,li1,60.9500,269.2800,1.799995
_5731_,VPWR,li1,41.6300,291.0400,1.799994
_5729_,VPWR,li1,53.5900,269.2800,1.799994
_5727_,VPWR,li1,42.0900,274.7200,1.799995
_5725_,VPWR,li1,44.8500,252.9600,1.799996
_5723_,VPWR,li1,64.1700,285.6000,1.799997
_5721_,VPWR,li1,56.3500,193.1200,1.799995
_5719_,VPWR,li1,57.2700,214.8800,1.799993
_5717_,VPWR,li1,64.1700,193.1200,1.799995
_5715_,VPWR,li1,64.1700,231.2000,1.799997
_5712_,VPWR,li1,71.5300,198.5600,1.799995
_5710_,VPWR,li1,72.4500,193.1200,1.799997
_5708_,VPWR,li1,249.5500,165.9200,1.799995
_5706_,VPWR,li1,252.7700,165.9200,1.799996
_5705_,VPWR,li1,71.7600,155.0400,1.799997
_5703_,VPWR,li1,71.9900,176.8000,1.799994
_5701_,VPWR,li1,64.1700,149.6000,1.799997
_5699_,VPWR,li1,239.8900,57.1200,1.799995
_5697_,VPWR,li1,60.0300,138.7200,1.799996
_5695_,VPWR,li1,69.6900,204.0000,1.799996
_5693_,VPWR,li1,64.1700,111.5200,1.799996
_5690_,VPWR,li1,168.1300,106.0800,1.799997
_5688_,VPWR,li1,243.1100,51.6800,1.799995
_5686_,VPWR,li1,67.3900,68.0000,1.799998
_5684_,VPWR,li1,55.4300,68.0000,1.799996
_5682_,VPWR,li1,237.5900,46.2400,1.799983
_5680_,VPWR,li1,59.1100,144.1600,1.799987
_5678_,VPWR,li1,69.6900,78.8800,1.799995
_5676_,VPWR,li1,51.2900,95.2000,1.799995
_5674_,VPWR,li1,71.0700,84.3200,1.799996
_5671_,VPWR,li1,134.7800,13.6000,1.799999
_5670_,VPWR,li1,134.5500,19.0400,1.800000
_5668_,VPWR,li1,134.5500,95.2000,1.799998
_5667_,VPWR,li1,135.9300,122.4000,1.799995
_5666_,VPWR,li1,131.7900,122.4000,1.799995
_5665_,VPWR,li1,65.3200,258.4000,1.799998
_5664_,VPWR,li1,65.3200,247.5200,1.799993
_5663_,VPWR,li1,69.4600,247.5200,1.799994
_5662_,VPWR,li1,70.6100,165.9200,1.799998
_5661_,VPWR,li1,67.1600,138.7200,1.799997
_5660_,VPWR,li1,65.7800,89.7600,1.799971
_5659_,VPWR,li1,68.7700,89.7600,1.799974
_5658_,VPWR,li1,67.1600,133.2800,1.799997
_5657_,VPWR,li1,64.8600,214.8800,1.799995
_5656_,VPWR,li1,65.3200,242.0800,1.799981
_5655_,VPWR,li1,77.2800,258.4000,1.799999
_5654_,VPWR,li1,19.5500,301.9200,1.799999
_5653_,VPWR,li1,15.8700,301.9200,1.800000
_5652_,VPWR,li1,13.5700,280.1600,1.799990
_5651_,VPWR,li1,12.6500,100.6400,1.799987
_5650_,VPWR,li1,13.5700,13.6000,1.799997
_5649_,VPWR,li1,208.1500,19.0400,1.799995
_5648_,VPWR,li1,204.9300,13.6000,1.799996
_5647_,VPWR,li1,127.6500,51.6800,1.800000
_5646_,VPWR,li1,120.2900,40.8000,1.800000
_5645_,VPWR,li1,142.1400,19.0400,1.800000
_5644_,VPWR,li1,141.6800,19.0400,1.800000
_5643_,VPWR,li1,82.5700,13.6000,1.799996
_5642_,VPWR,li1,84.4100,13.6000,1.799996
_5641_,VPWR,li1,192.5100,13.6000,1.799998
_5640_,VPWR,li1,142.3700,40.8000,1.800000
_5634_,VPWR,li1,235.9800,89.7600,1.799986
_5633_,VPWR,li1,167.6700,138.7200,1.799995
_5632_,VPWR,li1,169.5100,133.2800,1.799980
_5630_,VPWR,li1,212.0600,138.7200,1.799996
_5628_,VPWR,li1,192.9700,127.8400,1.799995
_5626_,VPWR,li1,201.4800,62.5600,1.799989
_5624_,VPWR,li1,202.1700,127.8400,1.799994
_5622_,VPWR,li1,209.0700,176.8000,1.799997
_5621_,VPWR,li1,208.6100,182.2400,1.799994
_5619_,VPWR,li1,228.3900,209.4400,1.799987
_5617_,VPWR,li1,137.5400,220.3200,1.799981
_5615_,VPWR,li1,224.2500,247.5200,1.799997
_5613_,VPWR,li1,193.4300,187.6800,1.799990
_5611_,VPWR,li1,140.7600,296.4800,1.799983
_5609_,VPWR,li1,225.1700,252.9600,1.799997
_5607_,VPWR,li1,216.2000,263.8400,1.799995
_5605_,VPWR,li1,202.1700,274.7200,1.799993
_5602_,VPWR,li1,233.6800,296.4800,1.799997
_5600_,VPWR,li1,231.8400,269.2800,1.799980
_5598_,VPWR,li1,150.1900,78.8800,1.799996
_5597_,VPWR,li1,192.0500,89.7600,1.799980
_5595_,VPWR,li1,262.8900,68.0000,1.799994
_5593_,VPWR,li1,260.1300,95.2000,1.799982
_5591_,VPWR,li1,251.3900,46.2400,1.799982
_5589_,VPWR,li1,192.5100,62.5600,1.799984
_5587_,VPWR,li1,200.1000,73.4400,1.799996
_5586_,VPWR,li1,163.0700,57.1200,1.799993
_5585_,VPWR,li1,154.3300,111.5200,1.799981
_5583_,VPWR,li1,257.3700,116.9600,1.799995
_5581_,VPWR,li1,156.6300,138.7200,1.799994
_5579_,VPWR,li1,154.3300,149.6000,1.799993
_5577_,VPWR,li1,154.7900,133.2800,1.799990
_5576_,VPWR,li1,158.0100,155.0400,1.799998
_5575_,VPWR,li1,159.3900,165.9200,1.799996
_5574_,VPWR,li1,170.4300,176.8000,1.799996
_5573_,VPWR,li1,174.5700,182.2400,1.799996
_5572_,VPWR,li1,159.8500,176.8000,1.799997
_5571_,VPWR,li1,166.2900,209.4400,1.799996
_5570_,VPWR,li1,153.8700,225.7600,1.799995
_5569_,VPWR,li1,175.7200,236.6400,1.799993
_5568_,VPWR,li1,181.9300,214.8800,1.799996
_5567_,VPWR,li1,194.8100,236.6400,1.799988
_5566_,VPWR,li1,214.5900,247.5200,1.799997
_5564_,VPWR,li1,185.3800,285.6000,1.799998
_5563_,VPWR,li1,196.8800,280.1600,1.799988
_5561_,VPWR,li1,201.7100,269.2800,1.799993
_5429_,VPWR,li1,196.1900,84.3200,1.799998
_5427_,VPWR,li1,209.5300,106.0800,1.799998
_5425_,VPWR,li1,214.1300,62.5600,1.799992
_5423_,VPWR,li1,249.5500,84.3200,1.799997
_5421_,VPWR,li1,225.6300,29.9200,1.799985
_5419_,VPWR,li1,192.9700,29.9200,1.799996
_5417_,VPWR,li1,214.1300,24.4800,1.799996
_5415_,VPWR,li1,248.6300,62.5600,1.799993
_5413_,VPWR,li1,208.1500,111.5200,1.799996
_5411_,VPWR,li1,244.9500,116.9600,1.799994
_5409_,VPWR,li1,244.0300,138.7200,1.799994
_5407_,VPWR,li1,217.8100,127.8400,1.799994
_5404_,VPWR,li1,245.8700,133.2800,1.799992
_5402_,VPWR,li1,246.3300,149.6000,1.799996
_5400_,VPWR,li1,213.2100,155.0400,1.799998
_5398_,VPWR,li1,221.9500,176.8000,1.799997
_5396_,VPWR,li1,223.7900,187.6800,1.799981
_5394_,VPWR,li1,232.5300,176.8000,1.799996
_5392_,VPWR,li1,218.7300,209.4400,1.799977
_5390_,VPWR,li1,227.0100,193.1200,1.799996
_5388_,VPWR,li1,231.6100,225.7600,1.799993
_5386_,VPWR,li1,244.4900,187.6800,1.799971
_5383_,VPWR,li1,214.1300,220.3200,1.799996
_5381_,VPWR,li1,265.1900,220.3200,1.799983
_5379_,VPWR,li1,154.3300,301.9200,1.799992
_5377_,VPWR,li1,264.7300,242.0800,1.799995
_5375_,VPWR,li1,147.4300,252.9600,1.799976
_5373_,VPWR,li1,184.2300,269.2800,1.799996
_5371_,VPWR,li1,250.0100,307.3600,1.800000
_5369_,VPWR,li1,218.7300,301.9200,1.799995
_5367_,VPWR,li1,265.1900,285.6000,1.799988
_5365_,VPWR,li1,251.1600,269.2800,1.799981
_5362_,VPWR,li1,120.0600,35.3600,1.800000
_5360_,VPWR,li1,185.1500,89.7600,1.799983
_5358_,VPWR,li1,211.8300,95.2000,1.799997
_5356_,VPWR,li1,218.7300,73.4400,1.799996
_5354_,VPWR,li1,239.8900,84.3200,1.799996
_5352_,VPWR,li1,227.0100,46.2400,1.799991
_5350_,VPWR,li1,196.6500,24.4800,1.799998
_5348_,VPWR,li1,227.0100,24.4800,1.799997
_5346_,VPWR,li1,248.1700,57.1200,1.799996
_5344_,VPWR,li1,214.1300,111.5200,1.799997
_5342_,VPWR,li1,233.4500,116.9600,1.799992
_5340_,VPWR,li1,245.4100,144.1600,1.799994
_5338_,VPWR,li1,227.0100,149.6000,1.799997
_5336_,VPWR,li1,245.4100,127.8400,1.799993
_5333_,VPWR,li1,247.7100,155.0400,1.799998
_5331_,VPWR,li1,211.8300,155.0400,1.799998
_5329_,VPWR,li1,233.9100,160.4800,1.799992
_5327_,VPWR,li1,232.5300,187.6800,1.799974
_5325_,VPWR,li1,230.2300,171.3600,1.799996
_5323_,VPWR,li1,252.7700,209.4400,1.799995
_5321_,VPWR,li1,236.6700,198.5600,1.799994
_5319_,VPWR,li1,231.1500,236.6400,1.799985
_5317_,VPWR,li1,252.3100,198.5600,1.799996
_5315_,VPWR,li1,243.1100,214.8800,1.799996
_5312_,VPWR,li1,265.1900,220.3200,1.799983
_5310_,VPWR,li1,157.5500,296.4800,1.799991
_5308_,VPWR,li1,248.1700,247.5200,1.799993
_5306_,VPWR,li1,157.5500,258.4000,1.799996
_5304_,VPWR,li1,186.0700,269.2800,1.799996
_5302_,VPWR,li1,248.6300,296.4800,1.799996
_5300_,VPWR,li1,210.4500,291.0400,1.799996
_5298_,VPWR,li1,248.1700,280.1600,1.799998
_5296_,VPWR,li1,250.2400,258.4000,1.799997
_5294_,VPWR,li1,156.6300,24.4800,1.800000
_5292_,VPWR,li1,154.3300,95.2000,1.799995
_5290_,VPWR,li1,172.2700,95.2000,1.799995
_5288_,VPWR,li1,183.3100,100.6400,1.799992
_5286_,VPWR,li1,250.9300,100.6400,1.799996
_5284_,VPWR,li1,213.2100,57.1200,1.799994
_5283_,VPWR,li1,116.8400,51.6800,1.800000
_5282_,VPWR,li1,124.4300,73.4400,1.799998
_5280_,VPWR,li1,250.4700,68.0000,1.799996
_5278_,VPWR,li1,172.2700,111.5200,1.799991
_5276_,VPWR,li1,169.9700,127.8400,1.799996
_5274_,VPWR,li1,201.2500,138.7200,1.799995
_5272_,VPWR,li1,218.7300,144.1600,1.799994
_5270_,VPWR,li1,184.6900,127.8400,1.799994
_5268_,VPWR,li1,168.5900,144.1600,1.799999
_5266_,VPWR,li1,170.4300,155.0400,1.799998
_5264_,VPWR,li1,170.4300,165.9200,1.799995
_5262_,VPWR,li1,197.5700,182.2400,1.799995
_5260_,VPWR,li1,181.0100,171.3600,1.799997
_5258_,VPWR,li1,191.5900,214.8800,1.799997
_5256_,VPWR,li1,188.3700,204.0000,1.799999
_5253_,VPWR,li1,212.2900,231.2000,1.799995
_5251_,VPWR,li1,175.4900,193.1200,1.799994
_5249_,VPWR,li1,197.1100,220.3200,1.799997
_5247_,VPWR,li1,201.2500,220.3200,1.799996
_5245_,VPWR,li1,156.6300,280.1600,1.799992
_5243_,VPWR,li1,247.2500,236.6400,1.799991
_5241_,VPWR,li1,156.6300,247.5200,1.799998
_5240_,VPWR,li1,117.3000,269.2800,1.799998
_5239_,VPWR,li1,116.6100,280.1600,1.799997
_5238_,VPWR,li1,129.4900,46.2400,1.800000
_5236_,VPWR,li1,225.6300,301.9200,1.799995
_5234_,VPWR,li1,264.7300,280.1600,1.799996
_5232_,VPWR,li1,239.8900,263.8400,1.799994
_5229_,VPWR,li1,142.1400,46.2400,1.800000
_5228_,VPWR,li1,133.1700,46.2400,1.800000
_5227_,VPWR,li1,76.5900,89.7600,1.799983
_5225_,VPWR,li1,212.5200,84.3200,1.799996
_5223_,VPWR,li1,272.3200,73.4400,1.799993
_5221_,VPWR,li1,260.3600,89.7600,1.799993
_5219_,VPWR,li1,234.6000,24.4800,1.799997
_5217_,VPWR,li1,197.8000,13.6000,1.799997
_5215_,VPWR,li1,210.6800,13.6000,1.799996
_5213_,VPWR,li1,266.3400,62.5600,1.799985
_5211_,VPWR,li1,218.0400,100.6400,1.799993
_5209_,VPWR,li1,264.9600,111.5200,1.799997
_5207_,VPWR,li1,184.4600,144.1600,1.799998
_5205_,VPWR,li1,261.7400,127.8400,1.799992
_5203_,VPWR,li1,269.5600,122.4000,1.799991
_5200_,VPWR,li1,222.1800,149.6000,1.799997
_5198_,VPWR,li1,208.3800,176.8000,1.799997
_5196_,VPWR,li1,214.3600,165.9200,1.799996
_5194_,VPWR,li1,253.4600,176.8000,1.799998
_5192_,VPWR,li1,247.4800,176.8000,1.799997
_5190_,VPWR,li1,246.1000,209.4400,1.799992
_5188_,VPWR,li1,223.5600,204.0000,1.799998
_5186_,VPWR,li1,280.6000,231.2000,1.799994
_5184_,VPWR,li1,212.9800,187.6800,1.799982
_5182_,VPWR,li1,207.9200,214.8800,1.799995
_5179_,VPWR,li1,279.2200,231.2000,1.799994
_5177_,VPWR,li1,162.3800,301.9200,1.799994
_5175_,VPWR,li1,279.6800,236.6400,1.799995
_5173_,VPWR,li1,163.3000,269.2800,1.799997
_5171_,VPWR,li1,171.1200,280.1600,1.799984
_5169_,VPWR,li1,257.1400,296.4800,1.799996
_5167_,VPWR,li1,224.4800,296.4800,1.799998
_5165_,VPWR,li1,275.5400,280.1600,1.799995
_5163_,VPWR,li1,231.3800,263.8400,1.799995
_5161_,VPWR,li1,194.3500,13.6000,1.799998
_5159_,VPWR,li1,190.2100,106.0800,1.799999
_5157_,VPWR,li1,199.4100,100.6400,1.799992
_5156_,VPWR,li1,143.2900,95.2000,1.799996
_5155_,VPWR,li1,144.6700,95.2000,1.799996
_5154_,VPWR,li1,161.6900,89.7600,1.799996
_5153_,VPWR,li1,161.6900,84.3200,1.799998
_5152_,VPWR,li1,157.5500,84.3200,1.799998
_5151_,VPWR,li1,118.9100,95.2000,1.799997
_5150_,VPWR,li1,111.5500,78.8800,1.799999
_5149_,VPWR,li1,115.9200,95.2000,1.799997
_5148_,VPWR,li1,108.5600,84.3200,1.799999
_5147_,VPWR,li1,100.5100,95.2000,1.799998
_5146_,VPWR,li1,106.4900,95.2000,1.799998
_5145_,VPWR,li1,115.6900,89.7600,1.799991
_5144_,VPWR,li1,117.9900,84.3200,1.799999
_5142_,VPWR,li1,223.7900,68.0000,1.799997
_5140_,VPWR,li1,223.3300,84.3200,1.799997
_5139_,VPWR,li1,139.1500,100.6400,1.799997
_5138_,VPWR,li1,120.2900,100.6400,1.799998
_5136_,VPWR,li1,221.0300,46.2400,1.799994
_5135_,VPWR,li1,129.7200,68.0000,1.799999
_5134_,VPWR,li1,130.4100,62.5600,1.799999
_5132_,VPWR,li1,211.3700,40.8000,1.799999
_5131_,VPWR,li1,145.3600,68.0000,1.799997
_5130_,VPWR,li1,144.9000,13.6000,1.799998
_5129_,VPWR,li1,146.9700,19.0400,1.799999
_5128_,VPWR,li1,143.2900,68.0000,1.799997
_5126_,VPWR,li1,211.8300,35.3600,1.799996
_5125_,VPWR,li1,146.9700,62.5600,1.799997
_5124_,VPWR,li1,145.1300,62.5600,1.799997
_5122_,VPWR,li1,225.1700,57.1200,1.799997
_5121_,VPWR,li1,135.9300,84.3200,1.799999
_5120_,VPWR,li1,131.3300,106.0800,1.799997
_5119_,VPWR,li1,131.3300,106.0800,1.799997
_5118_,VPWR,li1,163.5300,46.2400,1.800000
_5117_,VPWR,li1,131.7900,78.8800,1.799999
_5116_,VPWR,li1,70.1500,57.1200,1.799998
_5115_,VPWR,li1,75.2100,57.1200,1.799998
_5114_,VPWR,li1,79.8100,57.1200,1.799998
_5113_,VPWR,li1,74.7500,29.9200,1.799988
_5112_,VPWR,li1,76.5900,29.9200,1.799988
_5111_,VPWR,li1,71.0700,57.1200,1.799998
_5110_,VPWR,li1,70.6100,51.6800,1.799999
_5108_,VPWR,li1,193.4300,111.5200,1.799996
_5107_,VPWR,li1,135.2400,111.5200,1.799990
_5106_,VPWR,li1,136.8500,116.9600,1.799997
_5105_,VPWR,li1,135.0100,106.0800,1.799997
_5104_,VPWR,li1,130.4100,100.6400,1.799997
_5103_,VPWR,li1,93.8400,95.2000,1.799997
_5102_,VPWR,li1,93.6100,100.6400,1.799998
_5101_,VPWR,li1,83.9500,100.6400,1.799997
_5100_,VPWR,li1,90.3900,100.6400,1.799997
_5099_,VPWR,li1,90.3900,95.2000,1.799997
_5098_,VPWR,li1,130.4100,116.9600,1.799995
_5097_,VPWR,li1,128.1100,116.9600,1.799995
_5095_,VPWR,li1,184.2300,111.5200,1.799992
_5094_,VPWR,li1,129.9500,127.8400,1.799999
_5093_,VPWR,li1,132.7100,127.8400,1.799999
_5092_,VPWR,li1,137.0800,127.8400,1.799999
_5091_,VPWR,li1,137.7700,127.8400,1.799999
_5090_,VPWR,li1,103.7300,106.0800,1.799998
_5089_,VPWR,li1,106.2600,106.0800,1.799998
_5088_,VPWR,li1,85.1000,106.0800,1.799997
_5087_,VPWR,li1,90.1600,106.0800,1.799997
_5086_,VPWR,li1,89.2400,106.0800,1.799997
_5085_,VPWR,li1,98.4400,106.0800,1.799998
_5084_,VPWR,li1,94.7600,106.0800,1.799998
_5083_,VPWR,li1,103.7300,100.6400,1.799999
_5082_,VPWR,li1,126.7300,127.8400,1.799999
_5080_,VPWR,li1,183.3100,144.1600,1.799998
_5079_,VPWR,li1,136.8500,144.1600,1.799999
_5078_,VPWR,li1,134.5500,138.7200,1.799998
_5077_,VPWR,li1,127.6500,138.7200,1.799997
_5075_,VPWR,li1,67.1600,122.4000,1.799985
_5074_,VPWR,li1,71.5300,111.5200,1.799997
_5073_,VPWR,li1,77.9700,111.5200,1.799998
_5072_,VPWR,li1,105.8000,122.4000,1.799995
_5071_,VPWR,li1,108.3300,122.4000,1.799994
_5070_,VPWR,li1,71.9900,122.4000,1.799985
_5069_,VPWR,li1,134.5500,138.7200,1.799998
_5068_,VPWR,li1,137.0800,133.2800,1.799996
_5067_,VPWR,li1,138.2300,122.4000,1.799994
_5066_,VPWR,li1,130.4100,144.1600,1.799998
_5065_,VPWR,li1,127.6500,144.1600,1.799998
_5063_,VPWR,li1,209.0700,127.8400,1.799994
_5061_,VPWR,li1,136.3900,155.0400,1.799999
_5060_,VPWR,li1,134.3200,155.0400,1.800000
_5059_,VPWR,li1,124.4300,155.0400,1.800000
_5058_,VPWR,li1,85.5600,127.8400,1.799998
_5057_,VPWR,li1,89.0100,127.8400,1.799999
_5056_,VPWR,li1,80.5000,127.8400,1.799998
_5055_,VPWR,li1,75.6700,127.8400,1.799998
_5054_,VPWR,li1,72.9100,127.8400,1.799997
_5053_,VPWR,li1,72.9100,116.9600,1.799991
_5052_,VPWR,li1,80.7300,127.8400,1.799998
_5051_,VPWR,li1,82.5700,122.4000,1.799983
_5050_,VPWR,li1,92.6900,116.9600,1.799973
_5049_,VPWR,li1,98.9000,127.8400,1.799999
_5048_,VPWR,li1,99.5900,111.5200,1.799998
_5047_,VPWR,li1,85.5600,89.7600,1.799973
_5046_,VPWR,li1,86.7100,100.6400,1.799997
_5045_,VPWR,li1,139.1500,155.0400,1.799999
_5044_,VPWR,li1,131.7900,160.4800,1.799981
_5043_,VPWR,li1,129.0300,160.4800,1.799982
_5041_,VPWR,li1,197.5700,122.4000,1.799987
_5040_,VPWR,li1,145.1300,127.8400,1.799998
_5039_,VPWR,li1,146.5100,127.8400,1.799998
_5038_,VPWR,li1,145.1300,155.0400,1.799999
_5037_,VPWR,li1,140.9900,155.0400,1.799999
_5036_,VPWR,li1,142.3700,160.4800,1.799972
_5034_,VPWR,li1,106.0300,138.7200,1.799999
_5033_,VPWR,li1,103.0400,144.1600,1.799998
_5032_,VPWR,li1,89.4700,138.7200,1.799999
_5031_,VPWR,li1,104.1900,138.7200,1.799999
_5030_,VPWR,li1,142.3700,171.3600,1.799997
_5028_,VPWR,li1,199.4100,149.6000,1.799997
_5027_,VPWR,li1,149.9600,155.0400,1.799999
_5026_,VPWR,li1,144.2100,187.6800,1.799993
_5025_,VPWR,li1,141.4500,187.6800,1.799994
_5024_,VPWR,li1,147.6600,155.0400,1.799999
_5023_,VPWR,li1,66.0100,144.1600,1.799991
_5022_,VPWR,li1,68.5400,144.1600,1.799992
_5021_,VPWR,li1,72.4500,144.1600,1.799995
_5020_,VPWR,li1,82.5700,144.1600,1.799997
_5019_,VPWR,li1,85.5600,155.0400,1.799999
_5018_,VPWR,li1,78.4300,138.7200,1.799999
_5017_,VPWR,li1,75.2100,133.2800,1.799999
_5016_,VPWR,li1,89.4700,133.2800,1.799999
_5015_,VPWR,li1,152.7200,165.9200,1.799996
_5014_,VPWR,li1,150.6500,165.9200,1.799996
_5012_,VPWR,li1,195.2700,160.4800,1.799984
_5011_,VPWR,li1,147.4300,171.3600,1.799997
_5010_,VPWR,li1,146.5100,165.9200,1.799997
_5009_,VPWR,li1,153.4100,182.2400,1.799998
_5008_,VPWR,li1,150.6500,182.2400,1.799997
_5007_,VPWR,li1,111.0900,171.3600,1.799997
_5006_,VPWR,li1,109.4800,165.9200,1.799998
_5005_,VPWR,li1,108.7900,171.3600,1.799998
_5004_,VPWR,li1,107.8700,171.3600,1.799998
_5003_,VPWR,li1,103.2700,165.9200,1.799999
_5002_,VPWR,li1,94.0700,165.9200,1.799999
_5001_,VPWR,li1,146.9700,198.5600,1.799996
_5000_,VPWR,li1,143.7500,193.1200,1.799994
_4998_,VPWR,li1,205.8500,165.9200,1.799995
_4997_,VPWR,li1,166.9800,176.8000,1.799997
_4996_,VPWR,li1,132.4800,176.8000,1.799997
_4995_,VPWR,li1,78.6600,165.9200,1.799999
_4994_,VPWR,li1,83.2600,165.9200,1.799999
_4993_,VPWR,li1,78.8900,160.4800,1.799997
_4992_,VPWR,li1,78.8900,160.4800,1.799997
_4991_,VPWR,li1,104.1900,160.4800,1.799996
_4990_,VPWR,li1,102.3500,155.0400,1.799999
_4989_,VPWR,li1,88.0900,149.6000,1.799999
_4988_,VPWR,li1,110.1700,155.0400,1.800000
_4987_,VPWR,li1,79.3500,165.9200,1.799999
_4986_,VPWR,li1,88.5500,165.9200,1.799999
_4985_,VPWR,li1,96.3700,149.6000,1.799999
_4984_,VPWR,li1,92.6900,138.7200,1.799999
_4983_,VPWR,li1,162.8400,182.2400,1.799998
_4982_,VPWR,li1,160.0800,182.2400,1.799998
_4981_,VPWR,li1,161.6900,193.1200,1.799996
_4979_,VPWR,li1,182.3900,187.6800,1.799982
_4978_,VPWR,li1,169.0500,182.2400,1.799997
_4977_,VPWR,li1,161.6900,198.5600,1.799997
_4976_,VPWR,li1,160.7700,198.5600,1.799997
_4975_,VPWR,li1,172.7300,187.6800,1.799976
_4974_,VPWR,li1,168.5900,187.6800,1.799980
_4973_,VPWR,li1,76.5900,182.2400,1.799986
_4972_,VPWR,li1,71.5300,182.2400,1.799975
_4971_,VPWR,li1,82.3400,182.2400,1.799987
_4970_,VPWR,li1,85.1000,182.2400,1.799989
_4969_,VPWR,li1,84.1800,176.8000,1.799996
_4968_,VPWR,li1,85.7900,171.3600,1.799998
_4967_,VPWR,li1,78.4300,182.2400,1.799986
_4965_,VPWR,li1,198.4900,171.3600,1.799996
_4964_,VPWR,li1,154.1000,176.8000,1.799997
_4963_,VPWR,li1,153.4100,204.0000,1.799998
_4962_,VPWR,li1,155.7100,204.0000,1.799998
_4961_,VPWR,li1,149.7300,176.8000,1.799996
_4960_,VPWR,li1,157.7800,187.6800,1.799990
_4959_,VPWR,li1,161.2300,187.6800,1.799990
_4958_,VPWR,li1,163.5300,187.6800,1.799989
_4957_,VPWR,li1,159.8500,182.2400,1.799998
_4956_,VPWR,li1,102.1200,182.2400,1.799995
_4955_,VPWR,li1,103.0400,182.2400,1.799996
_4954_,VPWR,li1,97.5200,176.8000,1.799997
_4953_,VPWR,li1,93.3800,176.8000,1.799997
_4952_,VPWR,li1,88.0900,176.8000,1.799997
_4951_,VPWR,li1,92.2300,182.2400,1.799992
_4950_,VPWR,li1,92.2300,182.2400,1.799992
_4949_,VPWR,li1,81.1900,182.2400,1.799987
_4948_,VPWR,li1,104.6500,187.6800,1.799998
_4946_,VPWR,li1,210.9100,209.4400,1.799979
_4945_,VPWR,li1,145.8200,209.4400,1.799996
_4944_,VPWR,li1,143.5200,209.4400,1.799996
_4943_,VPWR,li1,168.1300,214.8800,1.799998
_4942_,VPWR,li1,164.6800,214.8800,1.799998
_4941_,VPWR,li1,81.6500,198.5600,1.799997
_4940_,VPWR,li1,81.6500,187.6800,1.799997
_4939_,VPWR,li1,110.6300,193.1200,1.799998
_4938_,VPWR,li1,114.7700,193.1200,1.799997
_4937_,VPWR,li1,80.7300,193.1200,1.799998
_4936_,VPWR,li1,96.3700,198.5600,1.799998
_4935_,VPWR,li1,155.2500,214.8800,1.799998
_4933_,VPWR,li1,206.3100,198.5600,1.799995
_4932_,VPWR,li1,160.3100,214.8800,1.799998
_4931_,VPWR,li1,161.2300,231.2000,1.799997
_4930_,VPWR,li1,158.9300,231.2000,1.799996
_4929_,VPWR,li1,160.7700,225.7600,1.799996
_4928_,VPWR,li1,164.2200,225.7600,1.799996
_4927_,VPWR,li1,129.7200,214.8800,1.799998
_4926_,VPWR,li1,107.8700,204.0000,1.799999
_4925_,VPWR,li1,106.9500,198.5600,1.799999
_4924_,VPWR,li1,78.8900,204.0000,1.799998
_4923_,VPWR,li1,80.2700,198.5600,1.799997
_4922_,VPWR,li1,78.4300,198.5600,1.799997
_4921_,VPWR,li1,88.3200,193.1200,1.799998
_4920_,VPWR,li1,106.9500,204.0000,1.799999
_4919_,VPWR,li1,105.3400,193.1200,1.799998
_4918_,VPWR,li1,102.3500,193.1200,1.799998
_4917_,VPWR,li1,95.2200,182.2400,1.799993
_4916_,VPWR,li1,94.9900,182.2400,1.799993
_4914_,VPWR,li1,205.8500,225.7600,1.799979
_4913_,VPWR,li1,143.2900,231.2000,1.799995
_4912_,VPWR,li1,154.3300,236.6400,1.799997
_4911_,VPWR,li1,156.6300,236.6400,1.799997
_4910_,VPWR,li1,145.5900,231.2000,1.799995
_4909_,VPWR,li1,170.6600,231.2000,1.799997
_4908_,VPWR,li1,168.1300,231.2000,1.799997
_4907_,VPWR,li1,77.5100,209.4400,1.799997
_4906_,VPWR,li1,85.5600,209.4400,1.799998
_4905_,VPWR,li1,89.9300,209.4400,1.799998
_4904_,VPWR,li1,86.2500,209.4400,1.799998
_4903_,VPWR,li1,96.6000,214.8800,1.799999
_4901_,VPWR,li1,201.2500,193.1200,1.799997
_4899_,VPWR,li1,145.3600,225.7600,1.799996
_4898_,VPWR,li1,145.8200,220.3200,1.799984
_4897_,VPWR,li1,180.3200,225.7600,1.799992
_4896_,VPWR,li1,180.0900,220.3200,1.799997
_4895_,VPWR,li1,179.6300,231.2000,1.799996
_4894_,VPWR,li1,167.9000,231.2000,1.799997
_4893_,VPWR,li1,167.6700,225.7600,1.799996
_4892_,VPWR,li1,107.8700,225.7600,1.799999
_4891_,VPWR,li1,108.7900,214.8800,1.799999
_4890_,VPWR,li1,105.1100,214.8800,1.799999
_4889_,VPWR,li1,97.2900,214.8800,1.799999
_4888_,VPWR,li1,92.6900,214.8800,1.799999
_4887_,VPWR,li1,114.3100,225.7600,1.799999
_4886_,VPWR,li1,107.1800,220.3200,1.799987
_4885_,VPWR,li1,81.1900,209.4400,1.799998
_4884_,VPWR,li1,71.5300,214.8800,1.799997
_4882_,VPWR,li1,158.2400,247.5200,1.799998
_4881_,VPWR,li1,155.7100,247.5200,1.799998
_4879_,VPWR,li1,220.1100,231.2000,1.799996
_4878_,VPWR,li1,189.0600,242.0800,1.799997
_4877_,VPWR,li1,133.4000,242.0800,1.799993
_4875_,VPWR,li1,69.0000,242.0800,1.799983
_4874_,VPWR,li1,72.6800,242.0800,1.799988
_4873_,VPWR,li1,77.7400,231.2000,1.799999
_4872_,VPWR,li1,71.7600,236.6400,1.799996
_4871_,VPWR,li1,72.2200,225.7600,1.799998
_4870_,VPWR,li1,195.7300,242.0800,1.799998
_4869_,VPWR,li1,195.7300,247.5200,1.799999
_4868_,VPWR,li1,188.3700,247.5200,1.799999
_4867_,VPWR,li1,184.6900,242.0800,1.799997
_4865_,VPWR,li1,260.1300,231.2000,1.799996
_4864_,VPWR,li1,201.2500,242.0800,1.799997
_4862_,VPWR,li1,208.1500,247.5200,1.799997
_4861_,VPWR,li1,206.3100,247.5200,1.799998
_4860_,VPWR,li1,198.9500,252.9600,1.799996
_4859_,VPWR,li1,196.1900,252.9600,1.799996
_4858_,VPWR,li1,193.2000,252.9600,1.799996
_4857_,VPWR,li1,129.9500,236.6400,1.799999
_4855_,VPWR,li1,82.5700,236.6400,1.799998
_4854_,VPWR,li1,94.7600,236.6400,1.799999
_4852_,VPWR,li1,79.5800,242.0800,1.799989
_4851_,VPWR,li1,87.6300,236.6400,1.799998
_4850_,VPWR,li1,91.3100,236.6400,1.799998
_4849_,VPWR,li1,68.3100,231.2000,1.799998
_4848_,VPWR,li1,72.6800,220.3200,1.799988
_4847_,VPWR,li1,87.6300,220.3200,1.799975
_4846_,VPWR,li1,81.1900,220.3200,1.799981
_4845_,VPWR,li1,72.4500,231.2000,1.799999
_4844_,VPWR,li1,80.9600,236.6400,1.799998
_4843_,VPWR,li1,80.2700,231.2000,1.799999
_4842_,VPWR,li1,71.5300,225.7600,1.799998
_4841_,VPWR,li1,81.1900,214.8800,1.799998
_4840_,VPWR,li1,96.8300,209.4400,1.799998
_4839_,VPWR,li1,94.9900,204.0000,1.799999
_4837_,VPWR,li1,146.9700,301.9200,1.799991
_4836_,VPWR,li1,151.1100,258.4000,1.799996
_4835_,VPWR,li1,130.8700,258.4000,1.799998
_4834_,VPWR,li1,182.8500,258.4000,1.799999
_4833_,VPWR,li1,185.6100,258.4000,1.799999
_4832_,VPWR,li1,123.0500,258.4000,1.799998
_4831_,VPWR,li1,83.2600,252.9600,1.799998
_4830_,VPWR,li1,90.8500,252.9600,1.799998
_4829_,VPWR,li1,93.6100,252.9600,1.799998
_4828_,VPWR,li1,83.7200,258.4000,1.799999
_4827_,VPWR,li1,79.3500,252.9600,1.799998
_4826_,VPWR,li1,275.7700,258.4000,1.799995
_4825_,VPWR,li1,273.0100,252.9600,1.799995
_4823_,VPWR,li1,239.4300,247.5200,1.799993
_4822_,VPWR,li1,145.8200,247.5200,1.799997
_4821_,VPWR,li1,145.3600,247.5200,1.799997
_4820_,VPWR,li1,146.5100,165.9200,1.799997
_4819_,VPWR,li1,181.2400,247.5200,1.799998
_4818_,VPWR,li1,181.4700,252.9600,1.799994
_4817_,VPWR,li1,102.5800,252.9600,1.799997
_4816_,VPWR,li1,101.2000,247.5200,1.799994
_4815_,VPWR,li1,103.9600,242.0800,1.799981
_4814_,VPWR,li1,111.0900,247.5200,1.799993
_4813_,VPWR,li1,105.1100,247.5200,1.799994
_4812_,VPWR,li1,78.8900,247.5200,1.799996
_4811_,VPWR,li1,102.5800,258.4000,1.799999
_4810_,VPWR,li1,96.6000,252.9600,1.799997
_4809_,VPWR,li1,276.2300,252.9600,1.799995
_4807_,VPWR,li1,141.9100,258.4000,1.799996
_4806_,VPWR,li1,140.9900,247.5200,1.799997
_4805_,VPWR,li1,173.8800,252.9600,1.799993
_4804_,VPWR,li1,172.7300,247.5200,1.799998
_4803_,VPWR,li1,168.8200,247.5200,1.799998
_4802_,VPWR,li1,179.6300,247.5200,1.799998
_4801_,VPWR,li1,285.4300,252.9600,1.799996
_4800_,VPWR,li1,284.0500,252.9600,1.799996
_4799_,VPWR,li1,135.9300,247.5200,1.799997
_4798_,VPWR,li1,110.4000,263.8400,1.799998
_4797_,VPWR,li1,110.4000,263.8400,1.799998
_4796_,VPWR,li1,111.3200,258.4000,1.799999
_4795_,VPWR,li1,107.4100,269.2800,1.799999
_4793_,VPWR,li1,175.0300,291.0400,1.799998
_4792_,VPWR,li1,179.8600,291.0400,1.799998
_4791_,VPWR,li1,153.6400,122.4000,1.799993
_4790_,VPWR,li1,104.6500,274.7200,1.799999
_4789_,VPWR,li1,99.1300,280.1600,1.799998
_4788_,VPWR,li1,95.9100,280.1600,1.799998
_4787_,VPWR,li1,100.5100,274.7200,1.799999
_4786_,VPWR,li1,102.3500,269.2800,1.799999
_4785_,VPWR,li1,101.4300,263.8400,1.799999
_4784_,VPWR,li1,95.4500,258.4000,1.799999
_4783_,VPWR,li1,94.5300,242.0800,1.799984
_4782_,VPWR,li1,109.4800,274.7200,1.799998
_4781_,VPWR,li1,108.7900,280.1600,1.799998
_4780_,VPWR,li1,111.0900,252.9600,1.799994
_4779_,VPWR,li1,89.0100,247.5200,1.799995
_4778_,VPWR,li1,89.7000,242.0800,1.799985
_4777_,VPWR,li1,179.4000,296.4800,1.799997
_4776_,VPWR,li1,176.4100,296.4800,1.799996
_4775_,VPWR,li1,280.8300,285.6000,1.799983
_4774_,VPWR,li1,289.1100,291.0400,1.799996
_4772_,VPWR,li1,239.8900,296.4800,1.799997
_4771_,VPWR,li1,193.2000,296.4800,1.799998
_4770_,VPWR,li1,122.3600,291.0400,1.799997
_4769_,VPWR,li1,88.5500,291.0400,1.799991
_4768_,VPWR,li1,90.8500,296.4800,1.799997
_4767_,VPWR,li1,97.2900,296.4800,1.799997
_4766_,VPWR,li1,96.3700,285.6000,1.799999
_4765_,VPWR,li1,95.2200,285.6000,1.799999
_4764_,VPWR,li1,77.5100,176.8000,1.799996
_4763_,VPWR,li1,89.9300,301.9200,1.799993
_4762_,VPWR,li1,92.6900,301.9200,1.799993
_4761_,VPWR,li1,85.5600,285.6000,1.799999
_4760_,VPWR,li1,188.8300,296.4800,1.799998
_4759_,VPWR,li1,183.3100,296.4800,1.799997
_4758_,VPWR,li1,176.4100,301.9200,1.799995
_4757_,VPWR,li1,181.9300,301.9200,1.799996
_4755_,VPWR,li1,284.5100,296.4800,1.799996
_4753_,VPWR,li1,211.8300,296.4800,1.799997
_4752_,VPWR,li1,204.4700,291.0400,1.799997
_4751_,VPWR,li1,188.3700,285.6000,1.799998
_4750_,VPWR,li1,189.5200,301.9200,1.799997
_4749_,VPWR,li1,186.5300,301.9200,1.799997
_4748_,VPWR,li1,90.8500,285.6000,1.799999
_4747_,VPWR,li1,77.7400,301.9200,1.799995
_4746_,VPWR,li1,70.6100,296.4800,1.799996
_4745_,VPWR,li1,73.3700,296.4800,1.799997
_4744_,VPWR,li1,67.3900,296.4800,1.799995
_4743_,VPWR,li1,80.2700,291.0400,1.799988
_4742_,VPWR,li1,78.2000,285.6000,1.799999
_4741_,VPWR,li1,82.1100,285.6000,1.799999
_4740_,VPWR,li1,83.0300,296.4800,1.799997
_4739_,VPWR,li1,81.8800,301.9200,1.799995
_4738_,VPWR,li1,282.6700,301.9200,1.799996
_4737_,VPWR,li1,282.2100,301.9200,1.799996
_4735_,VPWR,li1,248.6300,280.1600,1.799998
_4734_,VPWR,li1,205.6200,285.6000,1.799998
_4731_,VPWR,li1,273.7000,301.9200,1.799994
_4730_,VPWR,li1,271.1700,301.9200,1.799993
_4729_,VPWR,li1,202.1700,280.1600,1.799990
_4728_,VPWR,li1,200.3300,301.9200,1.799997
_4727_,VPWR,li1,197.5700,301.9200,1.799997
_4726_,VPWR,li1,131.1000,258.4000,1.799998
_4725_,VPWR,li1,76.8200,274.7200,1.799999
_4724_,VPWR,li1,80.2700,269.2800,1.799998
_4723_,VPWR,li1,85.5600,263.8400,1.799999
_4721_,VPWR,li1,87.6300,269.2800,1.799999
_4720_,VPWR,li1,71.5300,280.1600,1.799995
_4718_,VPWR,li1,244.7200,258.4000,1.799997
_4716_,VPWR,li1,200.7900,263.8400,1.799996
_4713_,VPWR,li1,273.0100,301.9200,1.799994
_4712_,VPWR,li1,276.2300,301.9200,1.799994
_4711_,VPWR,li1,279.2200,301.9200,1.799995
_4710_,VPWR,li1,282.4400,291.0400,1.799997
_4709_,VPWR,li1,282.9000,252.9600,1.799995
_4708_,VPWR,li1,275.5400,252.9600,1.799995
_4707_,VPWR,li1,204.7000,247.5200,1.799998
_4706_,VPWR,li1,159.1600,236.6400,1.799997
_4705_,VPWR,li1,158.7000,231.2000,1.799996
_4704_,VPWR,li1,158.2400,204.0000,1.799998
_4703_,VPWR,li1,157.7800,198.5600,1.799996
_4702_,VPWR,li1,146.7400,193.1200,1.799994
_4701_,VPWR,li1,144.4400,182.2400,1.799997
_4700_,VPWR,li1,128.3400,160.4800,1.799982
_4699_,VPWR,li1,124.6600,144.1600,1.799998
_4698_,VPWR,li1,127.8800,116.9600,1.799995
_4697_,VPWR,li1,127.8800,100.6400,1.799997
_4696_,VPWR,li1,117.5300,19.0400,1.799999
_4695_,VPWR,li1,205.6200,301.9200,1.799996
_4694_,VPWR,li1,208.6100,301.9200,1.799995
_4693_,VPWR,li1,198.9500,301.9200,1.799997
_4692_,VPWR,li1,189.0600,301.9200,1.799997
_4691_,VPWR,li1,178.7100,301.9200,1.799996
_4690_,VPWR,li1,179.4000,301.9200,1.799996
_4689_,VPWR,li1,180.7800,252.9600,1.799994
_4688_,VPWR,li1,184.2300,252.9600,1.799995
_4687_,VPWR,li1,187.2200,252.9600,1.799995
_4686_,VPWR,li1,193.2000,252.9600,1.799996
_4685_,VPWR,li1,171.8100,225.7600,1.799994
_4684_,VPWR,li1,175.0300,225.7600,1.799994
_4683_,VPWR,li1,175.4900,220.3200,1.799996
_4682_,VPWR,li1,172.0400,214.8800,1.799997
_4681_,VPWR,li1,157.3200,187.6800,1.799990
_4680_,VPWR,li1,153.4100,182.2400,1.799998
_4679_,VPWR,li1,150.1900,165.9200,1.799996
_4678_,VPWR,li1,140.0700,165.9200,1.799997
_4677_,VPWR,li1,143.0600,165.9200,1.799997
_4676_,VPWR,li1,138.0000,138.7200,1.799997
_4675_,VPWR,li1,173.8800,51.6800,1.800000
_4674_,VPWR,li1,140.9900,165.9200,1.799997
_4673_,VPWR,li1,150.6500,187.6800,1.799992
_4672_,VPWR,li1,148.8100,187.6800,1.799992
_4671_,VPWR,li1,151.3400,187.6800,1.799992
_4670_,VPWR,li1,175.0300,214.8800,1.799997
_4669_,VPWR,li1,166.5200,214.8800,1.799998
_4668_,VPWR,li1,170.6600,220.3200,1.799996
_4667_,VPWR,li1,156.6300,220.3200,1.799991
_4666_,VPWR,li1,156.6300,220.3200,1.799991
_4665_,VPWR,li1,175.9500,301.9200,1.799995
_4664_,VPWR,li1,65.5500,263.8400,1.799997
_4663_,VPWR,li1,67.3900,263.8400,1.799997
_4662_,VPWR,li1,71.7600,269.2800,1.799997
_4660_,VPWR,li1,77.7400,269.2800,1.799998
_4659_,VPWR,li1,74.0600,263.8400,1.799998
_4658_,VPWR,li1,78.8900,263.8400,1.799999
_4657_,VPWR,li1,81.6500,269.2800,1.799999
_4655_,VPWR,li1,82.5700,280.1600,1.799997
_4654_,VPWR,li1,91.5400,269.2800,1.799999
_4653_,VPWR,li1,97.9800,269.2800,1.799999
_4652_,VPWR,li1,102.8100,252.9600,1.799997
_4651_,VPWR,li1,105.8000,258.4000,1.800000
_4650_,VPWR,li1,102.3500,291.0400,1.799996
_4649_,VPWR,li1,120.5200,247.5200,1.799994
_4648_,VPWR,li1,100.5100,269.2800,1.799999
_4647_,VPWR,li1,92.0000,263.8400,1.799999
_4646_,VPWR,li1,97.7500,242.0800,1.799983
_4645_,VPWR,li1,98.4400,236.6400,1.799999
_4644_,VPWR,li1,101.2000,225.7600,1.799999
_4643_,VPWR,li1,115.2300,214.8800,1.799999
_4642_,VPWR,li1,117.5300,231.2000,1.799997
_4641_,VPWR,li1,98.4400,204.0000,1.799999
_4640_,VPWR,li1,101.8900,193.1200,1.799998
_4639_,VPWR,li1,103.2700,187.6800,1.799998
_4638_,VPWR,li1,102.1200,187.6800,1.799998
_4637_,VPWR,li1,111.3200,182.2400,1.799996
_4636_,VPWR,li1,103.7300,171.3600,1.799998
_4635_,VPWR,li1,94.3000,209.4400,1.799998
_4634_,VPWR,li1,94.0700,193.1200,1.799998
_4633_,VPWR,li1,97.2900,225.7600,1.799999
_4632_,VPWR,li1,90.8500,165.9200,1.799999
_4631_,VPWR,li1,94.5300,165.9200,1.799999
_4630_,VPWR,li1,69.6900,149.6000,1.799998
_4629_,VPWR,li1,151.1100,133.2800,1.799992
_4628_,VPWR,li1,147.4300,138.7200,1.799995
_4627_,VPWR,li1,76.5900,155.0400,1.799998
_4626_,VPWR,li1,117.7600,155.0400,1.800000
_4625_,VPWR,li1,95.4500,144.1600,1.799997
_4624_,VPWR,li1,90.1600,144.1600,1.799997
_4623_,VPWR,li1,94.7600,133.2800,1.799999
_4622_,VPWR,li1,98.4400,133.2800,1.799999
_4621_,VPWR,li1,105.8000,111.5200,1.799997
_4620_,VPWR,li1,91.7700,149.6000,1.799999
_4619_,VPWR,li1,83.2600,116.9600,1.799980
_4617_,VPWR,li1,88.0900,95.2000,1.799996
_4616_,VPWR,li1,90.3900,51.6800,1.800000
_4615_,VPWR,li1,82.5700,51.6800,1.800000
_4614_,VPWR,li1,85.3300,46.2400,1.799998
_4613_,VPWR,li1,86.4800,35.3600,1.799998
_4612_,VPWR,li1,82.1100,57.1200,1.799998
_4611_,VPWR,li1,81.6500,301.9200,1.799995
_4610_,VPWR,li1,83.4900,301.9200,1.799994
_4608_,VPWR,li1,66.4700,258.4000,1.799998
_4606_,VPWR,li1,144.6700,106.0800,1.799995
_4604_,VPWR,li1,154.3300,51.6800,1.800000
_4603_,VPWR,li1,187.4500,73.4400,1.799996
_4601_,VPWR,li1,205.8500,111.5200,1.799996
_4599_,VPWR,li1,232.5300,68.0000,1.799996
_4597_,VPWR,li1,232.9900,78.8800,1.799997
_4595_,VPWR,li1,262.6600,46.2400,1.799991
_4593_,VPWR,li1,255.7600,24.4800,1.799998
_4591_,VPWR,li1,238.7400,19.0400,1.799994
_4589_,VPWR,li1,269.5600,62.5600,1.799983
_4587_,VPWR,li1,279.2200,106.0800,1.799993
_4585_,VPWR,li1,269.5600,116.9600,1.799995
_4583_,VPWR,li1,284.2800,149.6000,1.799999
_4581_,VPWR,li1,290.7200,133.2800,1.799996
_4579_,VPWR,li1,283.8200,122.4000,1.799995
_4577_,VPWR,li1,281.9800,149.6000,1.799999
_4575_,VPWR,li1,269.5600,155.0400,1.799995
_4573_,VPWR,li1,283.8200,160.4800,1.799997
_4571_,VPWR,li1,282.9000,187.6800,1.799990
_4569_,VPWR,li1,286.1200,176.8000,1.799998
_4567_,VPWR,li1,281.0600,204.0000,1.799997
_4565_,VPWR,li1,287.5000,198.5600,1.799994
_4563_,VPWR,li1,294.4000,236.6400,1.799994
_4561_,VPWR,li1,286.1200,193.1200,1.799998
_4559_,VPWR,li1,285.2000,209.4400,1.799996
_4556_,VPWR,li1,289.3400,220.3200,1.799985
_4554_,VPWR,li1,286.5800,291.0400,1.799997
_4552_,VPWR,li1,296.7000,236.6400,1.799993
_4550_,VPWR,li1,287.5000,269.2800,1.799993
_4548_,VPWR,li1,298.5400,242.0800,1.799993
_4546_,VPWR,li1,295.3200,280.1600,1.799994
_4544_,VPWR,li1,287.9600,280.1600,1.799995
_4542_,VPWR,li1,294.4000,274.7200,1.799991
_4540_,VPWR,li1,287.0400,263.8400,1.799996
_4537_,VPWR,li1,175.7200,35.3600,1.799999
_4536_,VPWR,li1,175.9500,89.7600,1.799988
_4534_,VPWR,li1,234.8300,95.2000,1.799995
_4532_,VPWR,li1,246.7900,73.4400,1.799995
_4530_,VPWR,li1,270.2500,78.8800,1.799995
_4528_,VPWR,li1,245.8700,24.4800,1.799997
_4526_,VPWR,li1,263.3500,29.9200,1.799995
_4524_,VPWR,li1,245.8700,19.0400,1.799996
_4522_,VPWR,li1,264.7300,57.1200,1.799995
_4520_,VPWR,li1,273.9300,111.5200,1.799998
_4519_,VPWR,li1,239.8900,106.0800,1.799993
_4517_,VPWR,li1,277.6100,144.1600,1.799993
_4515_,VPWR,li1,278.5300,138.7200,1.799983
_4513_,VPWR,li1,278.5300,116.9600,1.799995
_4510_,VPWR,li1,276.6900,149.6000,1.799999
_4509_,VPWR,li1,192.9700,138.7200,1.799996
_4507_,VPWR,li1,274.3900,160.4800,1.799995
_4505_,VPWR,li1,278.0700,182.2400,1.799983
_4503_,VPWR,li1,278.5300,171.3600,1.799993
_4501_,VPWR,li1,271.1700,204.0000,1.799997
_4499_,VPWR,li1,279.9100,198.5600,1.799994
_4497_,VPWR,li1,296.9300,231.2000,1.799992
_4495_,VPWR,li1,278.5300,187.6800,1.799988
_4493_,VPWR,li1,296.0100,204.0000,1.799997
_4491_,VPWR,li1,274.3900,225.7600,1.799992
_4488_,VPWR,li1,151.1100,280.1600,1.799993
_4486_,VPWR,li1,291.4100,236.6400,1.799995
_4484_,VPWR,li1,154.3300,269.2800,1.799996
_4482_,VPWR,li1,298.7700,252.9600,1.799991
_4480_,VPWR,li1,235.2900,280.1600,1.799998
_4478_,VPWR,li1,278.9900,274.7200,1.799992
_4476_,VPWR,li1,284.0500,274.7200,1.799994
_4474_,VPWR,li1,298.3100,258.4000,1.799992
_4471_,VPWR,li1,169.0500,78.8800,1.799997
_4470_,VPWR,li1,140.9900,89.7600,1.799997
_4469_,VPWR,li1,144.2100,84.3200,1.799999
_4468_,VPWR,li1,150.1900,84.3200,1.799999
_4467_,VPWR,li1,144.2100,111.5200,1.799978
_4466_,VPWR,li1,71.5300,89.7600,1.799977
_4465_,VPWR,li1,73.8300,89.7600,1.799980
_4464_,VPWR,li1,89.9300,84.3200,1.799998
_4463_,VPWR,li1,96.1400,84.3200,1.799999
_4462_,VPWR,li1,88.5500,84.3200,1.799998
_4460_,VPWR,li1,101.4300,84.3200,1.799999
_4459_,VPWR,li1,72.6800,258.4000,1.799999
_4458_,VPWR,li1,74.7500,252.9600,1.799998
_4457_,VPWR,li1,72.9100,274.7200,1.799999
_4456_,VPWR,li1,91.7700,274.7200,1.799999
_4455_,VPWR,li1,72.6800,285.6000,1.799998
_4454_,VPWR,li1,82.3400,285.6000,1.799999
_4453_,VPWR,li1,94.5300,301.9200,1.799993
_4452_,VPWR,li1,94.0700,296.4800,1.799997
_4451_,VPWR,li1,94.9900,291.0400,1.799994
_4450_,VPWR,li1,97.0600,296.4800,1.799997
_4449_,VPWR,li1,108.3300,285.6000,1.799998
_4448_,VPWR,li1,110.6300,274.7200,1.799997
_4447_,VPWR,li1,112.0100,258.4000,1.799999
_4446_,VPWR,li1,113.3900,247.5200,1.799993
_4445_,VPWR,li1,109.2500,247.5200,1.799992
_4444_,VPWR,li1,114.7700,274.7200,1.799997
_4443_,VPWR,li1,85.5600,247.5200,1.799995
_4442_,VPWR,li1,91.3100,247.5200,1.799995
_4441_,VPWR,li1,100.9700,285.6000,1.799998
_4440_,VPWR,li1,99.1300,291.0400,1.799995
_4439_,VPWR,li1,105.1100,291.0400,1.799997
_4438_,VPWR,li1,141.9100,291.0400,1.799998
_4437_,VPWR,li1,141.4500,291.0400,1.799998
_4436_,VPWR,li1,168.1300,269.2800,1.799997
_4435_,VPWR,li1,165.1400,280.1600,1.799991
_4434_,VPWR,li1,169.0500,296.4800,1.799996
_4433_,VPWR,li1,165.6000,296.4800,1.799995
_4432_,VPWR,li1,108.1000,296.4800,1.799996
_4431_,VPWR,li1,149.5000,296.4800,1.799987
_4430_,VPWR,li1,160.7700,291.0400,1.799998
_4429_,VPWR,li1,158.9300,285.6000,1.799997
_4428_,VPWR,li1,149.9600,291.0400,1.799998
_4426_,VPWR,li1,115.2300,247.5200,1.799993
_4425_,VPWR,li1,118.6800,252.9600,1.799992
_4424_,VPWR,li1,118.4500,247.5200,1.799993
_4423_,VPWR,li1,122.3600,247.5200,1.799994
_4422_,VPWR,li1,243.3400,247.5200,1.799993
_4421_,VPWR,li1,257.3700,247.5200,1.799993
_4420_,VPWR,li1,260.8200,236.6400,1.799994
_4419_,VPWR,li1,263.3500,247.5200,1.799989
_4418_,VPWR,li1,229.3100,247.5200,1.799995
_4417_,VPWR,li1,260.5900,247.5200,1.799990
_4416_,VPWR,li1,256.4500,247.5200,1.799993
_4415_,VPWR,li1,257.3700,242.0800,1.799996
_4414_,VPWR,li1,253.9200,236.6400,1.799994
_4413_,VPWR,li1,98.2100,274.7200,1.799999
_4412_,VPWR,li1,102.3500,280.1600,1.799998
_4411_,VPWR,li1,108.1000,280.1600,1.799998
_4410_,VPWR,li1,110.6300,280.1600,1.799998
_4409_,VPWR,li1,119.3700,280.1600,1.799997
_4408_,VPWR,li1,212.9800,269.2800,1.799988
_4407_,VPWR,li1,193.8900,263.8400,1.799997
_4406_,VPWR,li1,180.0900,269.2800,1.799995
_4405_,VPWR,li1,172.0400,274.7200,1.799996
_4404_,VPWR,li1,260.3600,252.9600,1.799996
_4403_,VPWR,li1,110.6300,285.6000,1.799998
_4402_,VPWR,li1,109.4800,291.0400,1.799997
_4401_,VPWR,li1,174.1100,285.6000,1.799998
_4400_,VPWR,li1,192.9700,263.8400,1.799997
_4399_,VPWR,li1,212.5200,258.4000,1.799997
_4398_,VPWR,li1,266.3400,258.4000,1.799996
_4397_,VPWR,li1,114.7700,263.8400,1.799998
_4396_,VPWR,li1,114.3100,269.2800,1.799999
_4395_,VPWR,li1,116.8400,269.2800,1.799999
_4394_,VPWR,li1,175.9500,258.4000,1.799998
_4393_,VPWR,li1,174.5700,263.8400,1.799997
_4392_,VPWR,li1,169.0500,258.4000,1.799998
_4391_,VPWR,li1,167.2100,252.9600,1.799993
_4390_,VPWR,li1,162.8400,258.4000,1.799997
_4389_,VPWR,li1,116.8400,291.0400,1.799997
_4388_,VPWR,li1,143.5200,263.8400,1.799997
_4387_,VPWR,li1,161.2300,263.8400,1.799998
_4386_,VPWR,li1,157.0900,263.8400,1.799998
_4385_,VPWR,li1,149.0400,263.8400,1.799998
_4384_,VPWR,li1,83.2600,225.7600,1.799999
_4383_,VPWR,li1,89.2400,193.1200,1.799998
_4382_,VPWR,li1,92.2300,187.6800,1.799997
_4381_,VPWR,li1,110.1700,176.8000,1.799998
_4380_,VPWR,li1,109.7100,182.2400,1.799996
_4379_,VPWR,li1,112.0100,193.1200,1.799997
_4378_,VPWR,li1,89.7000,160.4800,1.799996
_4377_,VPWR,li1,95.9100,160.4800,1.799996
_4376_,VPWR,li1,120.5200,160.4800,1.799987
_4375_,VPWR,li1,102.5800,155.0400,1.799999
_4374_,VPWR,li1,104.1900,149.6000,1.799999
_4373_,VPWR,li1,80.7300,138.7200,1.799999
_4372_,VPWR,li1,77.0500,144.1600,1.799996
_4371_,VPWR,li1,108.7900,149.6000,1.799998
_4370_,VPWR,li1,88.3200,122.4000,1.799986
_4369_,VPWR,li1,93.6100,122.4000,1.799988
_4368_,VPWR,li1,95.9100,116.9600,1.799977
_4367_,VPWR,li1,110.4000,127.8400,1.799999
_4366_,VPWR,li1,103.7300,116.9600,1.799986
_4365_,VPWR,li1,116.8400,111.5200,1.799995
_4364_,VPWR,li1,114.3100,116.9600,1.799991
_4363_,VPWR,li1,80.2700,122.4000,1.799982
_4362_,VPWR,li1,118.2200,133.2800,1.799997
_4361_,VPWR,li1,89.7000,111.5200,1.799998
_4360_,VPWR,li1,98.6700,122.4000,1.799992
_4359_,VPWR,li1,110.1700,133.2800,1.799998
_4358_,VPWR,li1,106.2600,133.2800,1.799999
_4357_,VPWR,li1,179.6300,133.2800,1.799985
_4356_,VPWR,li1,175.4900,133.2800,1.799983
_4355_,VPWR,li1,170.8900,138.7200,1.799994
_4354_,VPWR,li1,161.9200,133.2800,1.799988
_4353_,VPWR,li1,186.7600,138.7200,1.799995
_4352_,VPWR,li1,235.7500,144.1600,1.799994
_4351_,VPWR,li1,239.6600,144.1600,1.799994
_4350_,VPWR,li1,111.5500,122.4000,1.799994
_4349_,VPWR,li1,184.2300,133.2800,1.799987
_4348_,VPWR,li1,254.1500,138.7200,1.799995
_4347_,VPWR,li1,259.9000,138.7200,1.799991
_4346_,VPWR,li1,260.8200,138.7200,1.799991
_4345_,VPWR,li1,112.0100,106.0800,1.799998
_4344_,VPWR,li1,115.4600,106.0800,1.799997
_4343_,VPWR,li1,115.4600,106.0800,1.799997
_4342_,VPWR,li1,120.2900,106.0800,1.799997
_4341_,VPWR,li1,198.9500,111.5200,1.799996
_4340_,VPWR,li1,224.0200,106.0800,1.799997
_4339_,VPWR,li1,224.0200,111.5200,1.799998
_4338_,VPWR,li1,252.7700,111.5200,1.799998
_4337_,VPWR,li1,193.8900,106.0800,1.799999
_4336_,VPWR,li1,214.3600,106.0800,1.799998
_4335_,VPWR,li1,224.0200,106.0800,1.799997
_4334_,VPWR,li1,214.8200,111.5200,1.799997
_4333_,VPWR,li1,208.6100,106.0800,1.799998
_4332_,VPWR,li1,176.8700,106.0800,1.799998
_4331_,VPWR,li1,172.9600,106.0800,1.799997
_4330_,VPWR,li1,88.5500,127.8400,1.799999
_4329_,VPWR,li1,117.7600,127.8400,1.799999
_4328_,VPWR,li1,117.5300,133.2800,1.799997
_4327_,VPWR,li1,192.0500,133.2800,1.799991
_4326_,VPWR,li1,208.8400,133.2800,1.799985
_4325_,VPWR,li1,212.9800,138.7200,1.799996
_4324_,VPWR,li1,159.6200,144.1600,1.799999
_4323_,VPWR,li1,218.0400,138.7200,1.799997
_4322_,VPWR,li1,234.8300,133.2800,1.799989
_4321_,VPWR,li1,229.5400,127.8400,1.799994
_4320_,VPWR,li1,117.0700,138.7200,1.799997
_4319_,VPWR,li1,209.7600,133.2800,1.799985
_4318_,VPWR,li1,238.9700,133.2800,1.799990
_4317_,VPWR,li1,260.1300,133.2800,1.799995
_4316_,VPWR,li1,215.2800,133.2800,1.799982
_4315_,VPWR,li1,106.4900,111.5200,1.799997
_4314_,VPWR,li1,110.8600,116.9600,1.799991
_4313_,VPWR,li1,109.7100,111.5200,1.799997
_4312_,VPWR,li1,193.8900,116.9600,1.799989
_4311_,VPWR,li1,227.7000,122.4000,1.799987
_4310_,VPWR,li1,226.7800,116.9600,1.799990
_4309_,VPWR,li1,235.9800,116.9600,1.799992
_4308_,VPWR,li1,174.8000,122.4000,1.799991
_4307_,VPWR,li1,247.0200,116.9600,1.799995
_4306_,VPWR,li1,231.3800,122.4000,1.799985
_4305_,VPWR,li1,117.5300,116.9600,1.799992
_4304_,VPWR,li1,179.6300,116.9600,1.799992
_4303_,VPWR,li1,249.0900,111.5200,1.799998
_4302_,VPWR,li1,247.4800,111.5200,1.799997
_4301_,VPWR,li1,244.4900,111.5200,1.799997
_4300_,VPWR,li1,241.9600,116.9600,1.799993
_4299_,VPWR,li1,91.7700,62.5600,1.799999
_4298_,VPWR,li1,91.0800,57.1200,1.799997
_4297_,VPWR,li1,80.2700,29.9200,1.799989
_4296_,VPWR,li1,78.8900,24.4800,1.799995
_4295_,VPWR,li1,82.1100,24.4800,1.799996
_4294_,VPWR,li1,81.1900,51.6800,1.800000
_4293_,VPWR,li1,90.8500,57.1200,1.799997
_4292_,VPWR,li1,86.0200,57.1200,1.799998
_4291_,VPWR,li1,81.6500,57.1200,1.799998
_4290_,VPWR,li1,158.7000,62.5600,1.799995
_4289_,VPWR,li1,155.2500,144.1600,1.799999
_4288_,VPWR,li1,175.4900,62.5600,1.799984
_4287_,VPWR,li1,224.4800,57.1200,1.799997
_4286_,VPWR,li1,176.4100,62.5600,1.799984
_4285_,VPWR,li1,171.1200,62.5600,1.799987
_4284_,VPWR,li1,247.4800,68.0000,1.799995
_4283_,VPWR,li1,231.3800,62.5600,1.799994
_4282_,VPWR,li1,184.9200,57.1200,1.799993
_4281_,VPWR,li1,233.2200,57.1200,1.799996
_4280_,VPWR,li1,248.6300,57.1200,1.799996
_4279_,VPWR,li1,258.5200,62.5600,1.799990
_4278_,VPWR,li1,234.8300,57.1200,1.799996
_4277_,VPWR,li1,85.3300,160.4800,1.799996
_4275_,VPWR,li1,86.2500,171.3600,1.799998
_4274_,VPWR,li1,120.0600,165.9200,1.799997
_4273_,VPWR,li1,116.6100,165.9200,1.799998
_4272_,VPWR,li1,177.7900,160.4800,1.799979
_4271_,VPWR,li1,221.7200,160.4800,1.799991
_4270_,VPWR,li1,230.6900,160.4800,1.799992
_4269_,VPWR,li1,180.0900,165.9200,1.799995
_4268_,VPWR,li1,174.3400,160.4800,1.799978
_4267_,VPWR,li1,226.3200,160.4800,1.799993
_4266_,VPWR,li1,221.2600,116.9600,1.799986
_4265_,VPWR,li1,120.7500,165.9200,1.799997
_4264_,VPWR,li1,212.7500,165.9200,1.799995
_4263_,VPWR,li1,222.6400,160.4800,1.799991
_4262_,VPWR,li1,222.1800,165.9200,1.799996
_4261_,VPWR,li1,241.2700,160.4800,1.799992
_4260_,VPWR,li1,209.7600,160.4800,1.799983
_4258_,VPWR,li1,110.1700,160.4800,1.799993
_4257_,VPWR,li1,115.6900,160.4800,1.799990
_4256_,VPWR,li1,117.0700,155.0400,1.800000
_4255_,VPWR,li1,184.2300,155.0400,1.799997
_4254_,VPWR,li1,185.6100,165.9200,1.799995
_4253_,VPWR,li1,184.6900,160.4800,1.799981
_4252_,VPWR,li1,179.8600,160.4800,1.799980
_4251_,VPWR,li1,208.1500,138.7200,1.799995
_4250_,VPWR,li1,224.4800,122.4000,1.799989
_4249_,VPWR,li1,118.9100,149.6000,1.799996
_4248_,VPWR,li1,200.7900,155.0400,1.799998
_4247_,VPWR,li1,196.6500,155.0400,1.799998
_4246_,VPWR,li1,206.0800,160.4800,1.799982
_4245_,VPWR,li1,197.5700,155.0400,1.799998
_4244_,VPWR,li1,193.2000,149.6000,1.799997
_4243_,VPWR,li1,86.2500,149.6000,1.799999
_4241_,VPWR,li1,102.8100,138.7200,1.799999
_4240_,VPWR,li1,148.5800,133.2800,1.799993
_4239_,VPWR,li1,148.8100,133.2800,1.799993
_4238_,VPWR,li1,181.7000,122.4000,1.799990
_4237_,VPWR,li1,185.6100,116.9600,1.799991
_4236_,VPWR,li1,251.1600,127.8400,1.799994
_4235_,VPWR,li1,254.8400,122.4000,1.799988
_4234_,VPWR,li1,260.3600,122.4000,1.799989
_4233_,VPWR,li1,267.2600,122.4000,1.799990
_4232_,VPWR,li1,176.8700,122.4000,1.799991
_4231_,VPWR,li1,174.5700,127.8400,1.799996
_4230_,VPWR,li1,241.2700,127.8400,1.799993
_4229_,VPWR,li1,239.6600,127.8400,1.799993
_4228_,VPWR,li1,178.7100,127.8400,1.799995
_4227_,VPWR,li1,228.1600,122.4000,1.799987
_4226_,VPWR,li1,78.8900,149.6000,1.799999
_4225_,VPWR,li1,109.2500,149.6000,1.799998
_4224_,VPWR,li1,107.6400,144.1600,1.799998
_4223_,VPWR,li1,177.1000,149.6000,1.799995
_4222_,VPWR,li1,180.5500,149.6000,1.799995
_4221_,VPWR,li1,175.4900,155.0400,1.799998
_4220_,VPWR,li1,172.0400,149.6000,1.799995
_4219_,VPWR,li1,234.3700,149.6000,1.799997
_4218_,VPWR,li1,238.2800,149.6000,1.799996
_4217_,VPWR,li1,180.3200,51.6800,1.799999
_4216_,VPWR,li1,115.6900,149.6000,1.799997
_4215_,VPWR,li1,206.5400,149.6000,1.799997
_4214_,VPWR,li1,232.0700,155.0400,1.799998
_4213_,VPWR,li1,241.7300,155.0400,1.799998
_4212_,VPWR,li1,258.5200,149.6000,1.799998
_4211_,VPWR,li1,87.8600,225.7600,1.799999
_4210_,VPWR,li1,108.3300,231.2000,1.799998
_4209_,VPWR,li1,82.3400,225.7600,1.799999
_4208_,VPWR,li1,114.7700,225.7600,1.799999
_4207_,VPWR,li1,114.5400,231.2000,1.799998
_4206_,VPWR,li1,89.0100,204.0000,1.799998
_4205_,VPWR,li1,123.7400,204.0000,1.799998
_4204_,VPWR,li1,90.3900,198.5600,1.799998
_4203_,VPWR,li1,118.2200,204.0000,1.799998
_4202_,VPWR,li1,117.0700,204.0000,1.799998
_4201_,VPWR,li1,94.9900,171.3600,1.799998
_4200_,VPWR,li1,94.0700,176.8000,1.799997
_4199_,VPWR,li1,112.0100,182.2400,1.799996
_4198_,VPWR,li1,193.4300,182.2400,1.799997
_4197_,VPWR,li1,189.7500,182.2400,1.799996
_4196_,VPWR,li1,187.9100,182.2400,1.799996
_4195_,VPWR,li1,227.2400,182.2400,1.799994
_4194_,VPWR,li1,205.8500,182.2400,1.799994
_4193_,VPWR,li1,246.5600,182.2400,1.799992
_4192_,VPWR,li1,115.0000,182.2400,1.799996
_4191_,VPWR,li1,116.6100,187.6800,1.799995
_4190_,VPWR,li1,205.8500,182.2400,1.799994
_4189_,VPWR,li1,242.6500,182.2400,1.799992
_4188_,VPWR,li1,264.0400,176.8000,1.799998
_4187_,VPWR,li1,269.1000,182.2400,1.799986
_4186_,VPWR,li1,103.7300,176.8000,1.799998
_4185_,VPWR,li1,156.4000,171.3600,1.799997
_4184_,VPWR,li1,238.9700,171.3600,1.799995
_4183_,VPWR,li1,234.8300,171.3600,1.799996
_4182_,VPWR,li1,237.8200,171.3600,1.799995
_4181_,VPWR,li1,184.0000,176.8000,1.799996
_4180_,VPWR,li1,224.4800,171.3600,1.799996
_4179_,VPWR,li1,127.4200,171.3600,1.799997
_4178_,VPWR,li1,205.3900,171.3600,1.799995
_4177_,VPWR,li1,243.8000,171.3600,1.799995
_4176_,VPWR,li1,244.2600,171.3600,1.799995
_4175_,VPWR,li1,260.8200,176.8000,1.799998
_4174_,VPWR,li1,259.9000,171.3600,1.799993
_4173_,VPWR,li1,127.1900,176.8000,1.799997
_4172_,VPWR,li1,100.5100,198.5600,1.799999
_4171_,VPWR,li1,115.2300,204.0000,1.799999
_4170_,VPWR,li1,115.9200,198.5600,1.799999
_4169_,VPWR,li1,180.5500,204.0000,1.799999
_4168_,VPWR,li1,180.0900,209.4400,1.799992
_4167_,VPWR,li1,201.2500,209.4400,1.799986
_4166_,VPWR,li1,201.0200,214.8800,1.799996
_4165_,VPWR,li1,224.7100,209.4400,1.799987
_4164_,VPWR,li1,257.1400,214.8800,1.799996
_4163_,VPWR,li1,120.7500,198.5600,1.799998
_4162_,VPWR,li1,219.1900,204.0000,1.799998
_4161_,VPWR,li1,220.1100,204.0000,1.799998
_4160_,VPWR,li1,263.3500,209.4400,1.799994
_4159_,VPWR,li1,263.8100,204.0000,1.799997
_4158_,VPWR,li1,122.5900,209.4400,1.799997
_4157_,VPWR,li1,121.6700,204.0000,1.799998
_4156_,VPWR,li1,123.9700,204.0000,1.799998
_4155_,VPWR,li1,162.6100,204.0000,1.799999
_4154_,VPWR,li1,158.9300,204.0000,1.799998
_4153_,VPWR,li1,237.1300,204.0000,1.799997
_4152_,VPWR,li1,235.9800,193.1200,1.799995
_4151_,VPWR,li1,196.6500,209.4400,1.799992
_4150_,VPWR,li1,198.2600,204.0000,1.799999
_4149_,VPWR,li1,123.9700,198.5600,1.799998
_4148_,VPWR,li1,131.1000,198.5600,1.799998
_4147_,VPWR,li1,218.7300,198.5600,1.799994
_4146_,VPWR,li1,227.2400,198.5600,1.799995
_4145_,VPWR,li1,245.1800,204.0000,1.799997
_4144_,VPWR,li1,241.5000,204.0000,1.799997
_4143_,VPWR,li1,92.2300,225.7600,1.799999
_4142_,VPWR,li1,124.6600,220.3200,1.799986
_4141_,VPWR,li1,127.6500,225.7600,1.799998
_4140_,VPWR,li1,114.7700,220.3200,1.799986
_4139_,VPWR,li1,117.5300,225.7600,1.799999
_4138_,VPWR,li1,186.9900,231.2000,1.799997
_4137_,VPWR,li1,186.0700,231.2000,1.799996
_4136_,VPWR,li1,250.0100,231.2000,1.799998
_4135_,VPWR,li1,245.1800,214.8800,1.799996
_4134_,VPWR,li1,222.4100,236.6400,1.799977
_4133_,VPWR,li1,227.2400,236.6400,1.799984
_4132_,VPWR,li1,122.3600,231.2000,1.799997
_4131_,VPWR,li1,231.3800,231.2000,1.799998
_4130_,VPWR,li1,254.1500,231.2000,1.799998
_4129_,VPWR,li1,250.0100,231.2000,1.799998
_4128_,VPWR,li1,235.0600,231.2000,1.799998
_4126_,VPWR,li1,114.3100,214.8800,1.799999
_4125_,VPWR,li1,117.5300,214.8800,1.799999
_4124_,VPWR,li1,116.1500,209.4400,1.799998
_4123_,VPWR,li1,188.8300,198.5600,1.799997
_4122_,VPWR,li1,189.2900,198.5600,1.799997
_4121_,VPWR,li1,235.2900,193.1200,1.799995
_4120_,VPWR,li1,239.2000,193.1200,1.799995
_4119_,VPWR,li1,198.9500,198.5600,1.799997
_4118_,VPWR,li1,196.8800,198.5600,1.799997
_4117_,VPWR,li1,120.9800,214.8800,1.799999
_4116_,VPWR,li1,123.9700,214.8800,1.799998
_4115_,VPWR,li1,209.5300,193.1200,1.799996
_4114_,VPWR,li1,250.9300,182.2400,1.799992
_4113_,VPWR,li1,262.2000,193.1200,1.799996
_4112_,VPWR,li1,269.5600,187.6800,1.799984
_4111_,VPWR,li1,96.8300,225.7600,1.799999
_4110_,VPWR,li1,123.9700,225.7600,1.799998
_4109_,VPWR,li1,124.2000,220.3200,1.799986
_4108_,VPWR,li1,186.0700,220.3200,1.799997
_4107_,VPWR,li1,234.3700,214.8800,1.799996
_4106_,VPWR,li1,233.2200,220.3200,1.799995
_4105_,VPWR,li1,197.1100,225.7600,1.799985
_4104_,VPWR,li1,193.2000,225.7600,1.799988
_4103_,VPWR,li1,234.6000,214.8800,1.799996
_4102_,VPWR,li1,124.4300,236.6400,1.799999
_4101_,VPWR,li1,221.9500,220.3200,1.799997
_4100_,VPWR,li1,221.9500,225.7600,1.799991
_4099_,VPWR,li1,261.0500,214.8800,1.799995
_4098_,VPWR,li1,265.6500,209.4400,1.799994
_4096_,VPWR,li1,102.3500,236.6400,1.799999
_4095_,VPWR,li1,106.9500,236.6400,1.799999
_4094_,VPWR,li1,104.6500,236.6400,1.799999
_4093_,VPWR,li1,190.2100,231.2000,1.799997
_4092_,VPWR,li1,238.0500,225.7600,1.799993
_4091_,VPWR,li1,252.3100,225.7600,1.799995
_4090_,VPWR,li1,250.7000,220.3200,1.799994
_4089_,VPWR,li1,208.3800,220.3200,1.799996
_4088_,VPWR,li1,258.5200,225.7600,1.799995
_4087_,VPWR,li1,113.6200,236.6400,1.799999
_4086_,VPWR,li1,241.7300,231.2000,1.799998
_4085_,VPWR,li1,257.8300,225.7600,1.799995
_4084_,VPWR,li1,257.1400,220.3200,1.799991
_4083_,VPWR,li1,255.3000,214.8800,1.799996
_4082_,VPWR,li1,71.5300,285.6000,1.799998
_4081_,VPWR,li1,94.9900,291.0400,1.799994
_4080_,VPWR,li1,195.7300,291.0400,1.799998
_4079_,VPWR,li1,201.0200,291.0400,1.799998
_4078_,VPWR,li1,201.4800,285.6000,1.799998
_4077_,VPWR,li1,260.1300,291.0400,1.799998
_4076_,VPWR,li1,256.2200,291.0400,1.799998
_4075_,VPWR,li1,195.5000,285.6000,1.799999
_4074_,VPWR,li1,107.1800,291.0400,1.799997
_4073_,VPWR,li1,241.5000,296.4800,1.799997
_4072_,VPWR,li1,248.6300,291.0400,1.799998
_4071_,VPWR,li1,231.6100,285.6000,1.799995
_4070_,VPWR,li1,241.9600,291.0400,1.799998
_4069_,VPWR,li1,71.5300,296.4800,1.799997
_4068_,VPWR,li1,67.3900,296.4800,1.799995
_4067_,VPWR,li1,73.1400,291.0400,1.799981
_4066_,VPWR,li1,187.4500,291.0400,1.799998
_4065_,VPWR,li1,186.5300,285.6000,1.799998
_4064_,VPWR,li1,208.6100,280.1600,1.799992
_4063_,VPWR,li1,215.2800,274.7200,1.799991
_4062_,VPWR,li1,234.8300,291.0400,1.799998
_4061_,VPWR,li1,232.3000,291.0400,1.799997
_4060_,VPWR,li1,114.5400,296.4800,1.799992
_4059_,VPWR,li1,219.4200,296.4800,1.799997
_4058_,VPWR,li1,220.1100,291.0400,1.799997
_4057_,VPWR,li1,215.0500,285.6000,1.799997
_4056_,VPWR,li1,223.1000,274.7200,1.799991
_4055_,VPWR,li1,89.4700,274.7200,1.799999
_4054_,VPWR,li1,89.0100,274.7200,1.799999
_4053_,VPWR,li1,91.3100,280.1600,1.799998
_4052_,VPWR,li1,197.5700,269.2800,1.799995
_4050_,VPWR,li1,197.5700,274.7200,1.799994
_4049_,VPWR,li1,260.5900,274.7200,1.799990
_4048_,VPWR,li1,258.5200,285.6000,1.799993
_4047_,VPWR,li1,241.2700,274.7200,1.799985
_4046_,VPWR,li1,237.8200,269.2800,1.799978
_4045_,VPWR,li1,125.1200,274.7200,1.799996
_4044_,VPWR,li1,243.8000,280.1600,1.799998
_4043_,VPWR,li1,257.3700,274.7200,1.799989
_4042_,VPWR,li1,265.1900,274.7200,1.799990
_4041_,VPWR,li1,257.6000,280.1600,1.799998
_4040_,VPWR,li1,68.7700,258.4000,1.799999
_4039_,VPWR,li1,69.0000,252.9600,1.799998
_4038_,VPWR,li1,66.4700,252.9600,1.799997
_4037_,VPWR,li1,192.0500,258.4000,1.799999
_4036_,VPWR,li1,258.2900,258.4000,1.799997
_4035_,VPWR,li1,251.3900,263.8400,1.799996
_4034_,VPWR,li1,248.4000,263.8400,1.799996
_4033_,VPWR,li1,211.1400,263.8400,1.799995
_4032_,VPWR,li1,244.2600,263.8400,1.799995
_4020_,VPWR,li1,119.1400,258.4000,1.799999
_4019_,VPWR,li1,238.9700,252.9600,1.799996
_4018_,VPWR,li1,259.9000,263.8400,1.799996
_4017_,VPWR,li1,259.9000,263.8400,1.799996
_4011_,VPWR,li1,265.6500,263.8400,1.799996
_3996_,VPWR,li1,239.4300,95.2000,1.799994
_3994_,VPWR,li1,208.1500,73.4400,1.799996
_3993_,VPWR,li1,143.2900,100.6400,1.799996
_3992_,VPWR,li1,147.8900,89.7600,1.799996
_3991_,VPWR,li1,80.2700,100.6400,1.799997
_3989_,VPWR,li1,273.0100,95.2000,1.799981
_3987_,VPWR,li1,245.4100,29.9200,1.799990
_3985_,VPWR,li1,252.7700,40.8000,1.799995
_3983_,VPWR,li1,234.3700,29.9200,1.799986
_3981_,VPWR,li1,258.2900,57.1200,1.799997
_3979_,VPWR,li1,263.3500,106.0800,1.799993
_3977_,VPWR,li1,249.0900,106.0800,1.799994
_3975_,VPWR,li1,269.7900,144.1600,1.799992
_3973_,VPWR,li1,270.2500,133.2800,1.799995
_3970_,VPWR,li1,271.1700,116.9600,1.799995
_3968_,VPWR,li1,261.9700,149.6000,1.799998
_3966_,VPWR,li1,188.3700,155.0400,1.799997
_3964_,VPWR,li1,261.5100,160.4800,1.799994
_3962_,VPWR,li1,270.2500,176.8000,1.799997
_3960_,VPWR,li1,263.3500,165.9200,1.799995
_3958_,VPWR,li1,262.4300,193.1200,1.799996
_3956_,VPWR,li1,218.7300,193.1200,1.799996
_3954_,VPWR,li1,239.8900,231.2000,1.799998
_3952_,VPWR,li1,270.2500,193.1200,1.799996
_3949_,VPWR,li1,273.0100,204.0000,1.799997
_3947_,VPWR,li1,244.4900,220.3200,1.799994
_3945_,VPWR,li1,145.1300,280.1600,1.799994
_3943_,VPWR,li1,273.4700,236.6400,1.799994
_3941_,VPWR,li1,144.2100,274.7200,1.799994
_3939_,VPWR,li1,221.4900,252.9600,1.799996
_3937_,VPWR,li1,222.4100,280.1600,1.799997
_3935_,VPWR,li1,223.3300,269.2800,1.799983
_3933_,VPWR,li1,272.0900,269.2800,1.799989
_3931_,VPWR,li1,270.7100,263.8400,1.799995
_3928_,VPWR,li1,146.9700,100.6400,1.799996
_3927_,VPWR,li1,77.5100,100.6400,1.799996
_3926_,VPWR,li1,67.3900,100.6400,1.799992
_3925_,VPWR,li1,64.4000,84.3200,1.799994
_3924_,VPWR,li1,168.5900,89.7600,1.799993
_3923_,VPWR,li1,129.9500,89.7600,1.799996
_3922_,VPWR,li1,54.5100,89.7600,1.799977
_3921_,VPWR,li1,51.5200,89.7600,1.799979
_3920_,VPWR,li1,161.2300,100.6400,1.799996
_3919_,VPWR,li1,78.4300,100.6400,1.799996
_3918_,VPWR,li1,65.5500,95.2000,1.799995
_3917_,VPWR,li1,63.9400,78.8800,1.799994
_3915_,VPWR,li1,122.1300,95.2000,1.799996
_3914_,VPWR,li1,46.9200,160.4800,1.799996
_3913_,VPWR,li1,45.3100,204.0000,1.799990
_3912_,VPWR,li1,41.4000,204.0000,1.799986
_3911_,VPWR,li1,57.2700,155.0400,1.799994
_3910_,VPWR,li1,54.7400,182.2400,1.799983
_3909_,VPWR,li1,162.1500,68.0000,1.799997
_3908_,VPWR,li1,47.1500,68.0000,1.799996
_3907_,VPWR,li1,46.6900,68.0000,1.799997
_3906_,VPWR,li1,43.2400,73.4400,1.799986
_3905_,VPWR,li1,163.3000,73.4400,1.799997
_3904_,VPWR,li1,66.9300,73.4400,1.799995
_3903_,VPWR,li1,59.1100,73.4400,1.799991
_3902_,VPWR,li1,51.5200,78.8800,1.799994
_3901_,VPWR,li1,153.1800,73.4400,1.799998
_3900_,VPWR,li1,64.6300,73.4400,1.799994
_3899_,VPWR,li1,64.1700,68.0000,1.799997
_3898_,VPWR,li1,59.8000,106.0800,1.799992
_3897_,VPWR,li1,160.5400,73.4400,1.799997
_3896_,VPWR,li1,37.7200,116.9600,1.799995
_3895_,VPWR,li1,38.4100,111.5200,1.799994
_3894_,VPWR,li1,34.0400,106.0800,1.799993
_3893_,VPWR,li1,29.2100,106.0800,1.799993
_3892_,VPWR,li1,21.1600,100.6400,1.799980
_3891_,VPWR,li1,32.4300,95.2000,1.799995
_3890_,VPWR,li1,23.0000,95.2000,1.799996
_3889_,VPWR,li1,38.4100,133.2800,1.799996
_3888_,VPWR,li1,21.1600,138.7200,1.799994
_3887_,VPWR,li1,51.2900,46.2400,1.799991
_3886_,VPWR,li1,48.7600,40.8000,1.799995
_3885_,VPWR,li1,34.0400,176.8000,1.799978
_3884_,VPWR,li1,27.3700,258.4000,1.799995
_3883_,VPWR,li1,21.1600,274.7200,1.799994
_3882_,VPWR,li1,25.5300,198.5600,1.799992
_3881_,VPWR,li1,21.1600,204.0000,1.799976
_3880_,VPWR,li1,34.9600,122.4000,1.799991
_3879_,VPWR,li1,26.9100,144.1600,1.799985
_3878_,VPWR,li1,13.3400,155.0400,1.799996
_3877_,VPWR,li1,46.6900,127.8400,1.799991
_3876_,VPWR,li1,43.2400,133.2800,1.799996
_3875_,VPWR,li1,149.7300,106.0800,1.799995
_3874_,VPWR,li1,133.1700,89.7600,1.799997
_3873_,VPWR,li1,52.9000,116.9600,1.799994
_3872_,VPWR,li1,51.7500,111.5200,1.799995
_3871_,VPWR,li1,43.2400,116.9600,1.799996
_3870_,VPWR,li1,53.5900,165.9200,1.799995
_3869_,VPWR,li1,47.8400,193.1200,1.799996
_3868_,VPWR,li1,162.6100,116.9600,1.799996
_3867_,VPWR,li1,63.2500,133.2800,1.799997
_3866_,VPWR,li1,61.1800,127.8400,1.799994
_3864_,VPWR,li1,144.6700,138.7200,1.799995
_3863_,VPWR,li1,51.2900,209.4400,1.799993
_3862_,VPWR,li1,51.0600,220.3200,1.799983
_3860_,VPWR,li1,134.0900,144.1600,1.799999
_3859_,VPWR,li1,54.5100,144.1600,1.799985
_3858_,VPWR,li1,51.0600,138.7200,1.799996
_3857_,VPWR,li1,154.7900,127.8400,1.799997
_3856_,VPWR,li1,56.8100,62.5600,1.799995
_3855_,VPWR,li1,38.4100,62.5600,1.799996
_3854_,VPWR,li1,33.1200,62.5600,1.799995
_3853_,VPWR,li1,28.2900,68.0000,1.799994
_3852_,VPWR,li1,24.8400,73.4400,1.799977
_3851_,VPWR,li1,29.6700,35.3600,1.799992
_3850_,VPWR,li1,20.2400,46.2400,1.799986
_3849_,VPWR,li1,38.4100,73.4400,1.799978
_3848_,VPWR,li1,27.1400,78.8800,1.799992
_3847_,VPWR,li1,39.3300,46.2400,1.799985
_3846_,VPWR,li1,35.4200,40.8000,1.799993
_3845_,VPWR,li1,57.7300,51.6800,1.799998
_3844_,VPWR,li1,54.2800,51.6800,1.799998
_3843_,VPWR,li1,66.0100,40.8000,1.799995
_3842_,VPWR,li1,63.9400,29.9200,1.799979
_3841_,VPWR,li1,51.2900,19.0400,1.799996
_3840_,VPWR,li1,39.1000,19.0400,1.799995
_3839_,VPWR,li1,57.9600,46.2400,1.799992
_3838_,VPWR,li1,63.2500,29.9200,1.799980
_3837_,VPWR,li1,69.0000,19.0400,1.799996
_3836_,VPWR,li1,59.5700,19.0400,1.799995
_3835_,VPWR,li1,52.9000,19.0400,1.799995
_3833_,VPWR,li1,145.5900,144.1600,1.799999
_3832_,VPWR,li1,44.3900,176.8000,1.799990
_3831_,VPWR,li1,41.4000,176.8000,1.799986
_3830_,VPWR,li1,24.1500,231.2000,1.799992
_3829_,VPWR,li1,16.5600,236.6400,1.799995
_3828_,VPWR,li1,41.1700,160.4800,1.799995
_3827_,VPWR,li1,42.3200,160.4800,1.799995
_3826_,VPWR,li1,38.4100,209.4400,1.799993
_3825_,VPWR,li1,33.1200,231.2000,1.799991
_3824_,VPWR,li1,45.3100,247.5200,1.799991
_3823_,VPWR,li1,40.0200,247.5200,1.799985
_3822_,VPWR,li1,155.2500,155.0400,1.799999
_3821_,VPWR,li1,59.8000,171.3600,1.799994
_3820_,VPWR,li1,63.9400,176.8000,1.799991
_3819_,VPWR,li1,55.6600,171.3600,1.799995
_3818_,VPWR,li1,133.1700,182.2400,1.799997
_3817_,VPWR,li1,77.5100,171.3600,1.799997
_3816_,VPWR,li1,65.5500,165.9200,1.799997
_3815_,VPWR,li1,63.9400,160.4800,1.799995
_3814_,VPWR,li1,123.2800,182.2400,1.799995
_3813_,VPWR,li1,38.4100,171.3600,1.799996
_3812_,VPWR,li1,33.8100,165.9200,1.799995
_3811_,VPWR,li1,34.5000,111.5200,1.799994
_3810_,VPWR,li1,27.3700,111.5200,1.799994
_3809_,VPWR,li1,22.0800,106.0800,1.799995
_3808_,VPWR,li1,44.3900,106.0800,1.799995
_3807_,VPWR,li1,44.1600,100.6400,1.799987
_3806_,VPWR,li1,33.3500,252.9600,1.799994
_3805_,VPWR,li1,17.4800,252.9600,1.799995
_3804_,VPWR,li1,28.7500,160.4800,1.799992
_3803_,VPWR,li1,21.1600,155.0400,1.799995
_3802_,VPWR,li1,33.8100,171.3600,1.799996
_3801_,VPWR,li1,31.7400,127.8400,1.799981
_3800_,VPWR,li1,25.5300,133.2800,1.799994
_3799_,VPWR,li1,21.1600,133.2800,1.799995
_3798_,VPWR,li1,27.3700,127.8400,1.799978
_3797_,VPWR,li1,13.3400,122.4000,1.799995
_3796_,VPWR,li1,28.7500,187.6800,1.799991
_3795_,VPWR,li1,19.7800,193.1200,1.799996
_3794_,VPWR,li1,25.9900,171.3600,1.799996
_3793_,VPWR,li1,21.1600,171.3600,1.799996
_3792_,VPWR,li1,144.2100,176.8000,1.799996
_3791_,VPWR,li1,51.2900,182.2400,1.799986
_3790_,VPWR,li1,53.1300,57.1200,1.799998
_3789_,VPWR,li1,36.5700,57.1200,1.799997
_3788_,VPWR,li1,31.7400,51.6800,1.799993
_3787_,VPWR,li1,26.9100,51.6800,1.799993
_3786_,VPWR,li1,16.5600,46.2400,1.799991
_3785_,VPWR,li1,25.5300,35.3600,1.799992
_3784_,VPWR,li1,21.1600,35.3600,1.799994
_3783_,VPWR,li1,34.7300,29.9200,1.799992
_3782_,VPWR,li1,26.2200,24.4800,1.799983
_3781_,VPWR,li1,33.8100,19.0400,1.799995
_3780_,VPWR,li1,27.1400,19.0400,1.799995
_3779_,VPWR,li1,57.2700,57.1200,1.799997
_3778_,VPWR,li1,58.4200,46.2400,1.799992
_3777_,VPWR,li1,53.5900,35.3600,1.799993
_3776_,VPWR,li1,47.8400,29.9200,1.799988
_3775_,VPWR,li1,40.0200,182.2400,1.799993
_3774_,VPWR,li1,36.1100,236.6400,1.799993
_3773_,VPWR,li1,32.2000,242.0800,1.799986
_3772_,VPWR,li1,38.4100,193.1200,1.799996
_3771_,VPWR,li1,34.0400,198.5600,1.799991
_3770_,VPWR,li1,135.9300,209.4400,1.799997
_3769_,VPWR,li1,61.1800,193.1200,1.799995
_3768_,VPWR,li1,64.4000,187.6800,1.799992
_3767_,VPWR,li1,57.5000,198.5600,1.799992
_3766_,VPWR,li1,131.7900,204.0000,1.799998
_3765_,VPWR,li1,64.1700,204.0000,1.799995
_3764_,VPWR,li1,60.2600,204.0000,1.799993
_3763_,VPWR,li1,136.8500,231.2000,1.799995
_3762_,VPWR,li1,55.2000,231.2000,1.799996
_3760_,VPWR,li1,53.8200,236.6400,1.799992
_3759_,VPWR,li1,49.6800,263.8400,1.799996
_3757_,VPWR,li1,142.8300,204.0000,1.799996
_3756_,VPWR,li1,64.1700,220.3200,1.799985
_3755_,VPWR,li1,60.2600,247.5200,1.799991
_3754_,VPWR,li1,133.1700,220.3200,1.799985
_3753_,VPWR,li1,64.1700,225.7600,1.799996
_3752_,VPWR,li1,59.1100,225.7600,1.799995
_3751_,VPWR,li1,53.8200,231.2000,1.799996
_3750_,VPWR,li1,129.7200,187.6800,1.799995
_3749_,VPWR,li1,38.6400,182.2400,1.799993
_3748_,VPWR,li1,38.8700,149.6000,1.799995
_3747_,VPWR,li1,34.5000,89.7600,1.799990
_3746_,VPWR,li1,47.3800,57.1200,1.799998
_3745_,VPWR,li1,33.3500,84.3200,1.799993
_3744_,VPWR,li1,25.3000,89.7600,1.799992
_3743_,VPWR,li1,26.9100,62.5600,1.799995
_3742_,VPWR,li1,21.1600,62.5600,1.799995
_3741_,VPWR,li1,45.7700,57.1200,1.799998
_3740_,VPWR,li1,50.3700,149.6000,1.799996
_3739_,VPWR,li1,46.9200,149.6000,1.799997
_3738_,VPWR,li1,36.5700,149.6000,1.799994
_3737_,VPWR,li1,34.5000,155.0400,1.799994
_3735_,VPWR,li1,43.0100,57.1200,1.799998
_3734_,VPWR,li1,34.0400,182.2400,1.799993
_3733_,VPWR,li1,45.0800,51.6800,1.799997
_3732_,VPWR,li1,27.8300,258.4000,1.799995
_3731_,VPWR,li1,20.7000,269.2800,1.799996
_3730_,VPWR,li1,22.3100,214.8800,1.799990
_3729_,VPWR,li1,21.1600,225.7600,1.799996
_3728_,VPWR,li1,45.7700,62.5600,1.799997
_3727_,VPWR,li1,47.1500,62.5600,1.799997
_3726_,VPWR,li1,33.1200,182.2400,1.799993
_3725_,VPWR,li1,34.5000,57.1200,1.799997
_3724_,VPWR,li1,25.9900,209.4400,1.799993
_3723_,VPWR,li1,21.1600,209.4400,1.799994
_3721_,VPWR,li1,23.6900,176.8000,1.799980
_3720_,VPWR,li1,16.1000,182.2400,1.799997
_3714_,VPWR,li1,38.6400,62.5600,1.799996
_3713_,VPWR,li1,39.7900,57.1200,1.799998
_3712_,VPWR,li1,43.9300,62.5600,1.799997
_3711_,VPWR,li1,62.7900,57.1200,1.799997
_3710_,VPWR,li1,131.3300,291.0400,1.799997
_3709_,VPWR,li1,64.6300,280.1600,1.799992
_3708_,VPWR,li1,57.2700,291.0400,1.799986
_3707_,VPWR,li1,56.5800,291.0400,1.799988
_3705_,VPWR,li1,141.9100,242.0800,1.799992
_3704_,VPWR,li1,42.5500,263.8400,1.799995
_3703_,VPWR,li1,34.0400,263.8400,1.799993
_3702_,VPWR,li1,137.3100,252.9600,1.799980
_3701_,VPWR,li1,64.6300,280.1600,1.799992
_3700_,VPWR,li1,33.8100,274.7200,1.799994
_3699_,VPWR,li1,45.0800,285.6000,1.799996
_3698_,VPWR,li1,131.5600,269.2800,1.799998
_3697_,VPWR,li1,63.7100,274.7200,1.799998
_3696_,VPWR,li1,56.8100,274.7200,1.799997
_3695_,VPWR,li1,56.1200,274.7200,1.799997
_3693_,VPWR,li1,123.5100,291.0400,1.799997
_3692_,VPWR,li1,40.2500,291.0400,1.799994
_3691_,VPWR,li1,30.8200,296.4800,1.799996
_3684_,VPWR,li1,128.3400,285.6000,1.799996
_3683_,VPWR,li1,52.9000,258.4000,1.799997
_3682_,VPWR,li1,50.3700,258.4000,1.799997
_3681_,VPWR,li1,46.6900,236.6400,1.799993
_3680_,VPWR,li1,40.0200,225.7600,1.799995
_3679_,VPWR,li1,39.7900,231.2000,1.799993
_3677_,VPWR,li1,38.4100,231.2000,1.799993
_3676_,VPWR,li1,58.1900,269.2800,1.799994
_3674_,VPWR,li1,49.9100,236.6400,1.799992
_3673_,VPWR,li1,22.0800,269.2800,1.799996
_3672_,VPWR,li1,53.3600,62.5600,1.799996
_3671_,VPWR,li1,131.7900,274.7200,1.799996
_3670_,VPWR,li1,64.6300,274.7200,1.799998
_3669_,VPWR,li1,58.1900,285.6000,1.799996
_3668_,VPWR,li1,46.9200,296.4800,1.799995
_3665_,VPWR,li1,38.4100,122.4000,1.799992
_3661_,VPWR,li1,25.0700,95.2000,1.799996
_3656_,VPWR,li1,21.8500,89.7600,1.799993
_3651_,VPWR,li1,37.9500,122.4000,1.799992
_3650_,VPWR,li1,35.1900,127.8400,1.799982
_3645_,VPWR,li1,123.0500,263.8400,1.799997
_3644_,VPWR,li1,64.6300,252.9600,1.799997
_3642_,VPWR,li1,58.8800,252.9600,1.799996
_3640_,VPWR,li1,76.8200,73.4400,1.799998
_3639_,VPWR,li1,72.4500,68.0000,1.799999
_3638_,VPWR,li1,81.8800,68.0000,1.799999
_3637_,VPWR,li1,72.6800,73.4400,1.799997
_3636_,VPWR,li1,90.3900,73.4400,1.799998
_3635_,VPWR,li1,82.1100,73.4400,1.799998
_3634_,VPWR,li1,100.5100,73.4400,1.799999
_3633_,VPWR,li1,104.8800,73.4400,1.799999
_3632_,VPWR,li1,111.0900,73.4400,1.799999
_3631_,VPWR,li1,98.6700,78.8800,1.799999
_3630_,VPWR,li1,93.8400,78.8800,1.799999
_3629_,VPWR,li1,65.0900,182.2400,1.799978
_3627_,VPWR,li1,56.1200,51.6800,1.799998
_3626_,VPWR,li1,112.9300,51.6800,1.800000
_3625_,VPWR,li1,108.3300,51.6800,1.800000
_3624_,VPWR,li1,108.1000,51.6800,1.800000
_3622_,VPWR,li1,82.1100,78.8800,1.799998
_3621_,VPWR,li1,79.8100,78.8800,1.799998
_3620_,VPWR,li1,103.2700,57.1200,1.799997
_3619_,VPWR,li1,101.4300,51.6800,1.800000
_3618_,VPWR,li1,113.1600,62.5600,1.799999
_3617_,VPWR,li1,111.5500,40.8000,1.800000
_3616_,VPWR,li1,114.7700,40.8000,1.800000
_3615_,VPWR,li1,104.6500,40.8000,1.800000
_3614_,VPWR,li1,73.1400,46.2400,1.799997
_3613_,VPWR,li1,72.9100,40.8000,1.799997
_3612_,VPWR,li1,80.5000,40.8000,1.799998
_3611_,VPWR,li1,83.9500,35.3600,1.799998
_3610_,VPWR,li1,86.7100,73.4400,1.799998
_3609_,VPWR,li1,85.7900,84.3200,1.799998
_3607_,VPWR,li1,86.2500,24.4800,1.799996
_3606_,VPWR,li1,76.5900,40.8000,1.799998
_3605_,VPWR,li1,78.8900,78.8800,1.799998
_3604_,VPWR,li1,80.2700,84.3200,1.799997
_3603_,VPWR,li1,74.7500,35.3600,1.799997
_3602_,VPWR,li1,85.3300,40.8000,1.799998
_3601_,VPWR,li1,98.6700,35.3600,1.799999
_3600_,VPWR,li1,101.4300,35.3600,1.799999
_3599_,VPWR,li1,96.3700,24.4800,1.799998
_3598_,VPWR,li1,86.7100,24.4800,1.799996
_3597_,VPWR,li1,91.7700,24.4800,1.799997
_3596_,VPWR,li1,89.2400,24.4800,1.799997
_3595_,VPWR,li1,74.0600,46.2400,1.799997
_3594_,VPWR,li1,77.0500,46.2400,1.799997
_3593_,VPWR,li1,92.2300,51.6800,1.800000
_3592_,VPWR,li1,93.6100,24.4800,1.799998
_3591_,VPWR,li1,105.3400,24.4800,1.799999
_3590_,VPWR,li1,109.9400,35.3600,1.800000
_3589_,VPWR,li1,110.6300,35.3600,1.800000
_3587_,VPWR,li1,99.1300,24.4800,1.799998
_3586_,VPWR,li1,110.4000,24.4800,1.799999
_3585_,VPWR,li1,104.4200,24.4800,1.799999
_3584_,VPWR,li1,181.4700,35.3600,1.799999
_3583_,VPWR,li1,198.4900,35.3600,1.799997
_3582_,VPWR,li1,195.9600,40.8000,1.800000
_3581_,VPWR,li1,198.2600,51.6800,1.799999
_3580_,VPWR,li1,195.9600,68.0000,1.799996
_3579_,VPWR,li1,198.7200,51.6800,1.799999
_3578_,VPWR,li1,222.1800,35.3600,1.799995
_3577_,VPWR,li1,106.4900,19.0400,1.799998
_3576_,VPWR,li1,207.9200,51.6800,1.799997
_3575_,VPWR,li1,201.7100,29.9200,1.799991
_3574_,VPWR,li1,235.5200,35.3600,1.799995
_3573_,VPWR,li1,249.7800,35.3600,1.799995
_3572_,VPWR,li1,82.1100,24.4800,1.799996
_3571_,VPWR,li1,181.4700,35.3600,1.799999
_3570_,VPWR,li1,189.5200,40.8000,1.800000
_3569_,VPWR,li1,215.7400,35.3600,1.799996
_3568_,VPWR,li1,218.5000,35.3600,1.799995
_3567_,VPWR,li1,210.4500,68.0000,1.799995
_3566_,VPWR,li1,157.3200,73.4400,1.799998
_3565_,VPWR,li1,179.8600,46.2400,1.799999
_3564_,VPWR,li1,174.8000,46.2400,1.799999
_3562_,VPWR,li1,174.5700,13.6000,1.799998
_3561_,VPWR,li1,170.6600,13.6000,1.799998
_3560_,VPWR,li1,174.5700,19.0400,1.799999
_3559_,VPWR,li1,188.6000,24.4800,1.799998
_3558_,VPWR,li1,189.2900,24.4800,1.799998
_3557_,VPWR,li1,219.1900,24.4800,1.799997
_3556_,VPWR,li1,240.5800,29.9200,1.799988
_3555_,VPWR,li1,240.1200,24.4800,1.799997
_3554_,VPWR,li1,238.2800,35.3600,1.799995
_3553_,VPWR,li1,187.2200,40.8000,1.800000
_3552_,VPWR,li1,96.8300,51.6800,1.800000
_3551_,VPWR,li1,100.9700,46.2400,1.799999
_3550_,VPWR,li1,92.2300,46.2400,1.799998
_3548_,VPWR,li1,86.0200,78.8800,1.799998
_3547_,VPWR,li1,94.0700,46.2400,1.799999
_3546_,VPWR,li1,93.8400,68.0000,1.799999
_3545_,VPWR,li1,119.8300,73.4400,1.799998
_3544_,VPWR,li1,95.9100,62.5600,1.799999
_3543_,VPWR,li1,105.1100,84.3200,1.799999
_3541_,VPWR,li1,103.2700,89.7600,1.799983
_3540_,VPWR,li1,120.7500,84.3200,1.799999
_3539_,VPWR,li1,98.2100,62.5600,1.799999
_3538_,VPWR,li1,175.0300,51.6800,1.800000
_3537_,VPWR,li1,94.9900,35.3600,1.799999
_3536_,VPWR,li1,87.6300,40.8000,1.799999
_3535_,VPWR,li1,86.0200,68.0000,1.799999
_3534_,VPWR,li1,153.8700,62.5600,1.799996
_3532_,VPWR,li1,135.0100,68.0000,1.799999
_3528_,VPWR,li1,136.8500,62.5600,1.799998
_3527_,VPWR,li1,94.5300,40.8000,1.799999
_3526_,VPWR,li1,80.2700,84.3200,1.799997
_3525_,VPWR,li1,109.9400,13.6000,1.799998
_3523_,VPWR,li1,106.4900,62.5600,1.799999
_3522_,VPWR,li1,115.4600,62.5600,1.799999
_3521_,VPWR,li1,110.1700,19.0400,1.799999
_3520_,VPWR,li1,149.7300,29.9200,1.799999
_3519_,VPWR,li1,151.1100,24.4800,1.800000
_3517_,VPWR,li1,166.9800,13.6000,1.799999
_3516_,VPWR,li1,165.6000,24.4800,1.799999
_3515_,VPWR,li1,153.8700,68.0000,1.799996
_3510_,VPWR,li1,155.7100,46.2400,1.800000
_3509_,VPWR,li1,144.2100,51.6800,1.800000
_3508_,VPWR,li1,101.8900,62.5600,1.799999
_3507_,VPWR,li1,104.6500,62.5600,1.799999
_3506_,VPWR,li1,119.3700,62.5600,1.799999
_3505_,VPWR,li1,111.5500,68.0000,1.799999
_3504_,VPWR,li1,115.2300,73.4400,1.799999
_3503_,VPWR,li1,121.4400,68.0000,1.799999
_3502_,VPWR,li1,123.9700,78.8800,1.799999
_3501_,VPWR,li1,115.2300,84.3200,1.799999
_3500_,VPWR,li1,112.4700,89.7600,1.799990
_3499_,VPWR,li1,156.1700,89.7600,1.799996
_3498_,VPWR,li1,163.0700,51.6800,1.800000
_3497_,VPWR,li1,193.6600,84.3200,1.799998
_3496_,VPWR,li1,195.7300,89.7600,1.799978
_3495_,VPWR,li1,159.8500,84.3200,1.799998
_3494_,VPWR,li1,158.2400,95.2000,1.799995
_3493_,VPWR,li1,206.5400,57.1200,1.799994
_3492_,VPWR,li1,184.0000,78.8800,1.799996
_3491_,VPWR,li1,186.5300,84.3200,1.799997
_3490_,VPWR,li1,185.3800,84.3200,1.799997
_3489_,VPWR,li1,180.0900,84.3200,1.799996
_3488_,VPWR,li1,189.0600,84.3200,1.799997
_3487_,VPWR,li1,187.2200,46.2400,1.799999
_3486_,VPWR,li1,124.4300,84.3200,1.799999
_3485_,VPWR,li1,124.4300,84.3200,1.799999
_3484_,VPWR,li1,166.9800,84.3200,1.799997
_3483_,VPWR,li1,164.4500,51.6800,1.800000
_3482_,VPWR,li1,207.0000,84.3200,1.799997
_3481_,VPWR,li1,207.0000,89.7600,1.799959
_3480_,VPWR,li1,218.5000,89.7600,1.799975
_3479_,VPWR,li1,209.5300,95.2000,1.799997
_3478_,VPWR,li1,205.8500,95.2000,1.799997
_3477_,VPWR,li1,178.0200,89.7600,1.799987
_3476_,VPWR,li1,124.4300,78.8800,1.799999
_3475_,VPWR,li1,200.5600,89.7600,1.799966
_3474_,VPWR,li1,220.5700,95.2000,1.799997
_3473_,VPWR,li1,243.5700,95.2000,1.799993
_3472_,VPWR,li1,213.4400,89.7600,1.799968
_3471_,VPWR,li1,120.7500,68.0000,1.799999
_3470_,VPWR,li1,172.7300,40.8000,1.800000
_3469_,VPWR,li1,167.6700,46.2400,1.800000
_3468_,VPWR,li1,227.9300,73.4400,1.799997
_3467_,VPWR,li1,223.7900,73.4400,1.799997
_3466_,VPWR,li1,232.5300,73.4400,1.799997
_3465_,VPWR,li1,178.0200,100.6400,1.799993
_3463_,VPWR,li1,184.6900,68.0000,1.799995
_3462_,VPWR,li1,233.2200,68.0000,1.799996
_3461_,VPWR,li1,238.9700,73.4400,1.799996
_3460_,VPWR,li1,241.7300,73.4400,1.799996
_3459_,VPWR,li1,232.7600,73.4400,1.799997
_3458_,VPWR,li1,117.0700,62.5600,1.799999
_3457_,VPWR,li1,193.2000,57.1200,1.799996
_3456_,VPWR,li1,224.4800,84.3200,1.799997
_3455_,VPWR,li1,227.4700,95.2000,1.799997
_3454_,VPWR,li1,258.2900,100.6400,1.799996
_3453_,VPWR,li1,247.4800,95.2000,1.799992
_3449_,VPWR,li1,194.5800,46.2400,1.799999
_3448_,VPWR,li1,225.1700,78.8800,1.799998
_3447_,VPWR,li1,230.0000,84.3200,1.799997
_3442_,VPWR,li1,155.2500,57.1200,1.799989
_3441_,VPWR,li1,180.3200,73.4400,1.799995
_3440_,VPWR,li1,207.4600,84.3200,1.799997
_3439_,VPWR,li1,249.5500,84.3200,1.799997
_3438_,VPWR,li1,253.2300,89.7600,1.799993
_3434_,VPWR,li1,252.0800,89.7600,1.799992
_3429_,VPWR,li1,182.3900,24.4800,1.799998
_3427_,VPWR,li1,101.4300,40.8000,1.799999
_3426_,VPWR,li1,107.4100,35.3600,1.800000
_3425_,VPWR,li1,106.2600,29.9200,1.799997
_3424_,VPWR,li1,169.2800,35.3600,1.799999
_3423_,VPWR,li1,168.1300,46.2400,1.800000
_3421_,VPWR,li1,173.6500,40.8000,1.800000
_3420_,VPWR,li1,160.3100,57.1200,1.799992
_3419_,VPWR,li1,225.8600,40.8000,1.799998
_3418_,VPWR,li1,221.7200,40.8000,1.799999
_3417_,VPWR,li1,205.1600,35.3600,1.799997
_3415_,VPWR,li1,212.7500,40.8000,1.799999
_3414_,VPWR,li1,204.0100,51.6800,1.799998
_3413_,VPWR,li1,223.1000,46.2400,1.799994
_3412_,VPWR,li1,218.5000,62.5600,1.799993
_3410_,VPWR,li1,244.2600,40.8000,1.799994
_3409_,VPWR,li1,200.1000,46.2400,1.799998
_3407_,VPWR,li1,205.1600,40.8000,1.799999
_3406_,VPWR,li1,204.9300,46.2400,1.799997
_3405_,VPWR,li1,149.5000,46.2400,1.800000
_3403_,VPWR,li1,149.2700,116.9600,1.799997
_3402_,VPWR,li1,170.4300,35.3600,1.799999
_3401_,VPWR,li1,155.4800,35.3600,1.800000
_3400_,VPWR,li1,206.7700,29.9200,1.799988
_3399_,VPWR,li1,169.9700,29.9200,1.799998
_3398_,VPWR,li1,238.5100,122.4000,1.799981
_3395_,VPWR,li1,106.9500,13.6000,1.799998
_3394_,VPWR,li1,185.6100,24.4800,1.799998
_3392_,VPWR,li1,180.0900,24.4800,1.799999
_3391_,VPWR,li1,227.4700,51.6800,1.799996
_3390_,VPWR,li1,232.3000,40.8000,1.799997
_3389_,VPWR,li1,238.2800,40.8000,1.799995
_3388_,VPWR,li1,184.6900,24.4800,1.799998
_3387_,VPWR,li1,177.1000,24.4800,1.799999
_3386_,VPWR,li1,174.1100,24.4800,1.799999
_3385_,VPWR,li1,169.5100,19.0400,1.799999
_3384_,VPWR,li1,247.9400,40.8000,1.799994
_3383_,VPWR,li1,161.2300,35.3600,1.800000
_3380_,VPWR,li1,140.5300,62.5600,1.799998
_3379_,VPWR,li1,231.8400,35.3600,1.799996
_3378_,VPWR,li1,120.2900,46.2400,1.800000
_3377_,VPWR,li1,187.4500,13.6000,1.799998
_3376_,VPWR,li1,183.3100,13.6000,1.799998
_3375_,VPWR,li1,181.9300,13.6000,1.799998
_3373_,VPWR,li1,173.6500,24.4800,1.799999
_3371_,VPWR,li1,166.0600,29.9200,1.799999
_3370_,VPWR,li1,167.2100,19.0400,1.799999
_3369_,VPWR,li1,169.0500,24.4800,1.799999
_3368_,VPWR,li1,153.1800,29.9200,1.799999
_3366_,VPWR,li1,182.1600,19.0400,1.799998
_3365_,VPWR,li1,181.9300,40.8000,1.800000
_3364_,VPWR,li1,159.8500,19.0400,1.799999
_3363_,VPWR,li1,158.4700,24.4800,1.800000
_3362_,VPWR,li1,160.7700,19.0400,1.799999
_3361_,VPWR,li1,178.4800,13.6000,1.799998
_3360_,VPWR,li1,167.2100,29.9200,1.799999
_3359_,VPWR,li1,169.9700,13.6000,1.799998
_3358_,VPWR,li1,187.6800,51.6800,1.799999
_3357_,VPWR,li1,175.0300,29.9200,1.799998
_3356_,VPWR,li1,160.0800,29.9200,1.799999
_3355_,VPWR,li1,150.1900,24.4800,1.800000
_3354_,VPWR,li1,145.8200,29.9200,1.799999
_3353_,VPWR,li1,134.5500,89.7600,1.799997
_3352_,VPWR,li1,160.3100,51.6800,1.800000
_3351_,VPWR,li1,151.1100,13.6000,1.799998
_3350_,VPWR,li1,150.6500,19.0400,1.799999
_3349_,VPWR,li1,153.8700,29.9200,1.799999
_3348_,VPWR,li1,141.4500,13.6000,1.799999
_3347_,VPWR,li1,146.5100,51.6800,1.800000
_3346_,VPWR,li1,142.3700,57.1200,1.799984
_3345_,VPWR,li1,141.4500,73.4400,1.799998
_3344_,VPWR,li1,150.6500,35.3600,1.800000
_3342_,VPWR,li1,158.0100,51.6800,1.800000
_3341_,VPWR,li1,142.3700,89.7600,1.799997
_3340_,VPWR,li1,144.9000,40.8000,1.800000
_3339_,VPWR,li1,133.8600,51.6800,1.800000
_3335_,VPWR,li1,132.9400,46.2400,1.800000
_3334_,VPWR,li1,136.3900,57.1200,1.799983
_3332_,VPWR,li1,141.4500,84.3200,1.799999
_3331_,VPWR,li1,139.1500,68.0000,1.799998
_3330_,VPWR,li1,140.0700,57.1200,1.799984
_3329_,VPWR,li1,145.5900,46.2400,1.800000
_3328_,VPWR,li1,143.2900,24.4800,1.800000
_3327_,VPWR,li1,139.6100,29.9200,1.799999
_3326_,VPWR,li1,132.7100,40.8000,1.800000
_3325_,VPWR,li1,133.1700,35.3600,1.800000
_3324_,VPWR,li1,129.2600,29.9200,1.799998
_3323_,VPWR,li1,142.8300,35.3600,1.800000
_3321_,VPWR,li1,142.3700,29.9200,1.799999
_3320_,VPWR,li1,155.7100,57.1200,1.799990
_3319_,VPWR,li1,123.5100,46.2400,1.800000
_3318_,VPWR,li1,145.1300,73.4400,1.799998
_3316_,VPWR,li1,145.1300,73.4400,1.799998
_3314_,VPWR,li1,146.5100,111.5200,1.799975
_3313_,VPWR,li1,137.3100,78.8800,1.799998
_3312_,VPWR,li1,125.8100,35.3600,1.800000
_3311_,VPWR,li1,117.5300,13.6000,1.799998
_3310_,VPWR,li1,149.9600,35.3600,1.800000
_3309_,VPWR,li1,160.3100,40.8000,1.800000
_3308_,VPWR,li1,135.0100,19.0400,1.800000
_3306_,VPWR,li1,119.3700,24.4800,1.799999
_3305_,VPWR,li1,163.0700,19.0400,1.799999
_3304_,VPWR,li1,127.6500,13.6000,1.799999
_3303_,VPWR,li1,123.2800,24.4800,1.799999
_3302_,VPWR,li1,126.2700,19.0400,1.799999
_3301_,VPWR,li1,131.7900,24.4800,1.800000
_3300_,VPWR,li1,134.0900,84.3200,1.800000
_3299_,VPWR,li1,135.0100,29.9200,1.799999
